date,open,high,low,close,adj_close,volume
2005-01-03,25.57,25.67,25.35,25.43,11.051656,4997300
2005-01-04,25.6,25.610001,25.01,25.15,10.929971,5681300
2005-01-05,25.0,25.02,24.74,24.790001,10.894814,5606300
2005-01-06,24.77,24.870001,24.700001,24.75,10.877232,4703100
2005-01-07,24.75,24.889999,24.58,24.74,10.872835,6235100
2005-01-10,24.610001,25.049999,24.52,24.98,10.97831,5643100
2005-01-11,24.77,24.860001,24.440001,24.6,10.811308,4803600
2005-01-12,24.530001,24.700001,24.450001,24.66,10.837681,5220600
2005-01-13,24.52,24.6,24.379999,24.4,10.723414,3854100
2005-01-14,24.299999,24.450001,24.25,24.43,10.736597,3997500
2005-01-18,24.299999,24.559999,24.139999,24.43,10.736597,7414200
2005-01-19,24.549999,24.67,24.459999,24.52,10.776151,6193400
2005-01-20,24.32,24.48,24.09,24.440001,10.740992,9309900
2005-01-21,24.389999,24.610001,24.139999,24.17,10.622335,7082600
2005-01-24,24.219999,24.33,23.9,23.940001,10.521251,4772500
2005-01-25,23.940001,24.02,23.790001,23.99,10.543229,7200800
2005-01-26,24.040001,24.26,23.98,24.1,10.591561,5312500
2005-01-27,24.5,24.5,23.860001,24.09,10.587172,5505600
2005-01-28,23.950001,24.08,23.27,23.459999,10.310299,11046200
2005-01-31,23.469999,23.719999,23.25,23.440001,10.30151,7712300
2005-02-01,23.5,23.76,23.32,23.66,10.398191,5706600
2005-02-02,23.85,24.200001,23.700001,24.0,10.547623,6164300
2005-02-03,23.85,23.940001,23.75,23.84,10.477302,3239400
2005-02-04,23.84,24.15,23.719999,24.120001,10.600362,4191300
2005-02-07,24.049999,24.25,23.98,24.15,10.613541,4754600
2005-02-08,24.200001,24.200001,23.860001,24.0,10.547623,5551100
2005-02-09,24.059999,24.09,23.65,23.68,10.406985,4456600
2005-02-10,23.690001,23.799999,23.6,23.77,10.446536,4056000
2005-02-11,23.84,24.18,23.690001,24.1,10.591561,5111800
2005-02-14,24.17,24.18,23.860001,24.129999,10.604749,3662800
2005-02-15,24.08,24.09,23.82,23.93,10.516855,4373500
2005-02-16,24.08,24.280001,23.91,24.01,10.552015,4810000
2005-02-17,24.049999,24.139999,23.92,23.92,10.512461,4064400
2005-02-18,23.93,24.450001,23.9,24.360001,10.705835,7326300
2005-02-22,24.450001,25.07,24.32,24.360001,10.705835,9041600
2005-02-23,24.719999,24.92,24.530001,24.870001,10.929971,6371800
2005-02-24,24.879999,24.879999,24.52,24.74,10.872835,3639200
2005-02-25,24.74,25.07,24.620001,24.93,10.956336,3895400
2005-02-28,24.940001,25.190001,24.799999,25.030001,11.000289,7359100
2005-03-01,24.959999,26.0,24.9,25.290001,11.114552,7287100
2005-03-02,25.200001,25.42,25.08,25.16,11.057419,5027500
2005-03-03,25.16,25.27,24.77,25.059999,11.013472,5168700
2005-03-04,25.110001,25.219999,24.950001,25.0,10.987103,3443800
2005-03-07,24.92,25.23,24.889999,24.99,10.982708,4401100
2005-03-08,24.9,25.0,24.75,25.0,10.987103,6122600
2005-03-09,24.809999,24.92,24.57,24.719999,10.864045,6610600
2005-03-10,24.719999,25.040001,24.709999,24.870001,10.929971,4260200
2005-03-11,24.969999,25.27,24.74,24.75,10.877232,3731000
2005-03-14,24.690001,24.799999,24.5,24.75,10.877232,4104400
2005-03-15,24.75,24.780001,24.459999,24.469999,10.754175,4844900
2005-03-16,24.299999,24.459999,24.17,24.25,10.657491,5057900
2005-03-17,24.25,24.280001,24.030001,24.16,10.617933,4613700
2005-03-18,24.059999,24.450001,23.959999,24.43,10.736597,8277700
2005-03-21,24.440001,24.440001,24.110001,24.219999,10.644306,3471100
2005-03-22,25.0,25.1,24.68,24.709999,10.859655,9033800
2005-03-23,24.780001,25.42,24.77,25.32,11.127737,8928600
2005-03-24,25.32,25.48,24.959999,25.02,10.995892,5876000
2005-03-28,25.02,25.35,25.02,25.049999,11.009074,4274300
2005-03-29,25.049999,25.33,24.969999,25.07,11.017871,6236700
2005-03-30,25.25,25.540001,25.08,25.540001,11.351206,8501000
2005-03-31,25.52,25.6,25.16,25.459999,11.315647,6316800
2005-04-01,25.5,25.58,24.82,24.940001,11.084534,6347100
2005-04-04,25.049999,25.4,24.959999,25.299999,11.244537,5292500
2005-04-05,25.4,25.58,25.25,25.49,11.328979,4767400
2005-04-06,25.49,25.57,25.219999,25.280001,11.235648,4403600
2005-04-07,25.280001,25.610001,25.200001,25.610001,11.382317,4097600
2005-04-08,25.58,25.67,25.219999,25.27,11.231201,4347400
2005-04-11,25.17,25.27,25.09,25.09,11.151206,3622100
2005-04-12,24.959999,25.35,24.9,25.32,11.253423,4170100
2005-04-13,25.200001,25.99,25.16,25.780001,11.457871,9807000
2005-04-14,25.73,26.209999,25.59,25.82,11.475647,11495600
2005-04-15,26.549999,26.559999,25.9,25.950001,11.533428,13931600
2005-04-18,25.959999,26.07,25.440001,25.68,11.413424,6720900
2005-04-19,25.639999,25.93,25.4,25.629999,11.391205,4944700
2005-04-20,25.559999,25.879999,25.48,25.549999,11.355646,5979300
2005-04-21,25.75,25.9,25.700001,25.75,11.444537,4223000
2005-04-22,25.6,25.950001,25.52,25.709999,11.426761,3752000
2005-04-25,25.799999,25.959999,25.74,25.860001,11.493428,3588900
2005-04-26,25.700001,25.83,25.610001,25.690001,11.417871,4795000
2005-04-27,25.75,25.889999,25.65,25.76,11.448985,3845500
2005-04-28,25.25,25.799999,25.24,25.700001,11.422318,6366300
2005-04-29,25.690001,26.08,25.5,26.0,11.555649,6365400
2005-05-02,26.18,26.25,25.940001,26.08,11.591209,3988500
2005-05-03,26.15,26.48,26.01,26.450001,11.755644,5572200
2005-05-04,26.450001,26.6,26.209999,26.48,11.768985,4882400
2005-05-05,26.41,26.41,25.93,26.120001,11.60898,4251800
2005-05-06,26.219999,26.450001,25.91,25.98,11.546761,3100200
2005-05-09,25.75,25.940001,25.610001,25.940001,11.528984,3830800
2005-05-10,25.700001,25.700001,25.299999,25.57,11.364534,5965000
2005-05-11,25.49,25.700001,25.370001,25.43,11.302316,7001200
2005-05-12,25.49,25.639999,25.209999,25.389999,11.284535,5782400
2005-05-13,25.4,25.4,25.030001,25.299999,11.244537,5253700
2005-05-16,25.34,25.530001,25.309999,25.459999,11.315647,3401300
2005-05-17,25.299999,25.540001,25.18,25.52,11.342313,3135500
2005-05-18,25.6,25.65,25.32,25.389999,11.284535,4478900
2005-05-19,25.379999,25.459999,25.27,25.450001,11.311203,3249700
2005-05-20,25.5,25.91,25.360001,25.73,11.435651,6298500
2005-05-23,25.719999,25.959999,25.6,25.889999,11.506761,4253400
2005-05-24,25.9,26.01,25.719999,25.860001,11.493428,3610600
2005-05-25,25.73,25.85,25.51,25.6,11.37787,3693400
2005-05-26,25.6,25.690001,25.42,25.6,11.37787,3715000
2005-05-27,25.4,25.57,25.379999,25.530001,11.346757,2388200
2005-05-31,25.4,25.5,25.25,25.360001,11.271207,3879000
2005-06-01,25.360001,25.700001,25.25,25.48,11.324537,3479000
2005-06-02,25.4,25.51,25.34,25.5,11.333426,3431600
2005-06-03,25.35,25.42,25.01,25.219999,11.208975,4183900
2005-06-06,25.17,25.440001,25.139999,25.42,11.29787,3262000
2005-06-07,25.370001,25.51,25.190001,25.219999,11.208975,3805400
2005-06-08,25.309999,25.360001,24.959999,25.049999,11.133423,5365200
2005-06-09,25.040001,25.129999,24.870001,25.07,11.142314,4806500
2005-06-10,25.1,25.200001,24.709999,24.99,11.106756,3159400
2005-06-13,25.219999,25.540001,25.139999,25.32,11.253423,5594500
2005-06-14,25.309999,25.58,25.27,25.459999,11.315647,3238700
2005-06-15,25.459999,25.530001,25.120001,25.200001,11.200092,3786700
2005-06-16,25.200001,25.309999,25.049999,25.26,11.226756,3920900
2005-06-17,25.530001,25.530001,25.18,25.43,11.302316,6814500
2005-06-20,25.290001,25.690001,25.26,25.6,11.37787,4881200
2005-06-21,25.6,25.790001,25.559999,25.709999,11.426761,3658900
2005-06-22,25.790001,25.799999,25.42,25.629999,11.391205,5422200
2005-06-23,25.6,25.790001,25.48,25.48,11.324537,4579000
2005-06-24,25.48,25.52,25.23,25.24,11.217869,4568500
2005-06-27,25.209999,25.24,24.889999,24.9,11.066757,4524800
2005-06-28,25.09,25.43,24.98,25.280001,11.235648,5905700
2005-06-29,25.25,25.42,25.17,25.209999,11.33003,5392900
2005-06-30,25.1,25.209999,24.91,24.98,11.226654,6283200
2005-07-01,25.280001,25.360001,24.99,25.200001,11.32553,4038900
2005-07-05,25.24,25.280001,25.040001,25.27,11.356987,5126900
2005-07-06,25.200001,25.25,24.879999,24.879999,11.181718,3806600
2005-07-07,24.57,24.75,24.48,24.6,11.055878,5234300
2005-07-08,24.59,24.950001,24.5,24.91,11.195195,4006900
2005-07-11,24.93,24.940001,24.700001,24.940001,11.208681,3874700
2005-07-12,24.799999,24.99,24.68,24.9,11.190704,4064600
2005-07-13,24.99,25.0,24.809999,24.9,11.190704,3523100
2005-07-14,24.91,25.32,24.9,25.07,11.267105,3961700
2005-07-15,25.07,25.35,25.030001,25.24,11.343507,5528300
2005-07-18,25.129999,25.309999,25.1,25.129999,11.294072,3115400
2005-07-19,25.190001,25.299999,25.059999,25.1,11.280589,2889900
2005-07-20,25.01,25.389999,25.0,25.26,11.352498,3354100
2005-07-21,25.16,25.24,24.98,24.98,11.226654,3526900
2005-07-22,24.959999,25.049999,24.799999,24.950001,11.213176,2950400
2005-07-25,24.9,24.98,24.74,24.790001,11.141265,3660100
2005-07-26,24.879999,25.0,24.75,24.76,11.12779,4111600
2005-07-27,24.76,25.110001,24.75,25.1,11.280589,4512600
2005-07-28,25.25,25.469999,25.15,25.17,11.312047,7732100
2005-07-29,25.23,25.25,24.969999,24.98,11.226654,5771300
2005-08-01,25.129999,25.15,24.9,25.040001,11.253626,6237500
2005-08-02,25.209999,25.23,24.959999,25.0,11.235648,4878700
2005-08-03,24.950001,25.129999,24.9,25.1,11.280589,3637300
2005-08-04,25.1,25.120001,24.950001,25.030001,11.24913,3046300
2005-08-05,24.92,25.040001,24.82,24.85,11.168237,3209700
2005-08-08,24.950001,24.959999,24.74,24.790001,11.141265,2265100
2005-08-09,24.84,25.110001,24.76,25.110001,11.285084,5267800
2005-08-10,25.08,25.200001,24.99,25.08,11.271597,5063300
2005-08-11,25.059999,25.219999,24.940001,25.110001,11.285084,3098900
2005-08-12,24.98,25.08,24.85,25.0,11.235648,3169300
2005-08-15,24.950001,25.0,24.82,24.860001,11.172728,3120500
2005-08-16,24.82,24.879999,24.709999,24.809999,11.150256,5595700
2005-08-17,24.809999,25.01,24.74,24.93,11.204185,4224500
2005-08-18,24.82,24.99,24.809999,24.879999,11.181718,4120600
2005-08-19,24.940001,24.98,24.67,24.68,11.091831,5266200
2005-08-22,24.66,24.809999,24.49,24.74,11.118795,6040900
2005-08-23,24.75,24.75,24.35,24.42,10.974979,5313400
2005-08-24,24.42,24.549999,24.190001,24.26,10.903071,5393800
2005-08-25,24.25,24.309999,24.049999,24.120001,10.840151,3755800
2005-08-26,24.219999,24.219999,23.959999,23.969999,10.772732,4413500
2005-08-29,23.870001,24.219999,23.799999,24.15,10.853634,5746900
2005-08-30,24.120001,24.23,23.93,24.059999,10.813187,3988500
2005-08-31,24.129999,24.49,23.93,24.469999,10.997453,6280200
2005-09-01,24.469999,24.620001,24.290001,24.41,10.970488,4385500
2005-09-02,24.549999,24.639999,24.290001,24.459999,10.992957,3916100
2005-09-06,24.6,25.01,24.6,24.950001,11.213176,6723400
2005-09-07,25.1,25.200001,25.01,25.17,11.312047,6327900
2005-09-08,24.950001,25.09,24.76,24.879999,11.181718,7023000
2005-09-09,24.879999,25.49,24.780001,25.110001,11.285084,6902300
2005-09-12,25.129999,25.15,24.709999,24.73,11.114303,9558300
2005-09-13,24.9,24.9,24.700001,24.860001,11.172728,6883100
2005-09-14,24.889999,24.98,24.6,24.74,11.118795,4101800
2005-09-15,24.75,24.809999,24.57,24.6,11.055878,4355200
2005-09-16,24.719999,25.02,24.709999,25.01,11.240141,9275500
2005-09-19,24.9,25.0,24.559999,24.700001,11.100818,5918100
2005-09-20,24.559999,24.65,24.5,24.549999,11.033401,4614200
2005-09-21,24.42,24.530001,24.280001,24.309999,10.925547,6101200
2005-09-22,24.209999,24.469999,24.129999,24.17,10.862624,4820800
2005-09-23,24.059999,24.280001,24.01,24.200001,10.876104,3845700
2005-09-26,24.200001,24.360001,24.049999,24.129999,10.844644,4869600
2005-09-27,24.02,24.25,24.01,24.15,10.853634,5449700
2005-09-28,24.200001,24.299999,24.0,24.07,10.817683,5675800
2005-09-29,23.99,24.08,23.9,24.040001,10.804197,6588800
2005-09-30,23.98,24.15,23.92,24.059999,10.813187,4536300
2005-10-03,23.969999,24.200001,23.84,23.950001,10.76375,5874400
2005-10-04,23.98,24.08,23.799999,23.860001,10.723306,6745200
2005-10-05,23.629999,23.68,23.110001,23.17,10.536844,9240200
2005-10-06,23.190001,23.4,22.92,23.18,10.541396,8747300
2005-10-07,23.33,23.33,22.85,23.0,10.459538,14588700
2005-10-10,23.0,23.02,22.57,22.799999,10.368587,5801800
2005-10-11,22.9,22.92,22.450001,22.559999,10.259441,7040800
2005-10-12,22.65,23.1,22.26,22.52,10.24125,9589300
2005-10-13,22.379999,22.75,22.25,22.450001,10.209418,4542100
2005-10-14,22.42,22.6,22.059999,22.309999,10.145758,4911000
2005-10-17,22.43,22.52,22.26,22.48,10.22306,6834600
2005-10-18,22.48,22.549999,22.200001,22.219999,10.104823,5640700
2005-10-19,22.190001,22.27,21.83,22.049999,10.027516,8446600
2005-10-20,21.92,21.969999,21.58,21.67,9.854707,12065700
2005-10-21,21.700001,21.889999,21.360001,21.450001,9.754658,8553900
2005-10-24,21.549999,21.700001,21.450001,21.639999,9.841059,5861400
2005-10-25,21.549999,21.93,21.549999,21.65,9.845611,9598800
2005-10-26,21.68,21.780001,21.6,21.709999,9.872892,9558800
2005-10-27,21.75,21.780001,21.65,21.67,9.854707,7932400
2005-10-28,20.799999,21.139999,20.700001,21.139999,9.613676,16844000
2005-10-31,21.02,21.440001,21.01,21.17,9.627323,9587300
2005-11-01,21.17,21.25,20.98,21.030001,9.563656,7122600
2005-11-02,21.0,21.1,20.9,21.030001,9.563656,10146400
2005-11-03,21.129999,21.280001,20.940001,21.18,9.631876,7055600
2005-11-04,21.23,21.370001,21.17,21.32,9.695541,6513700
2005-11-07,21.35,21.42,20.98,21.299999,9.686442,8218000
2005-11-08,21.25,21.559999,21.24,21.43,9.745563,5935500
2005-11-09,21.389999,21.66,21.32,21.620001,9.831964,7240700
2005-11-10,21.549999,21.860001,21.549999,21.75,9.89109,7975000
2005-11-11,21.370001,22.139999,21.15,22.09,10.045703,11086700
2005-11-14,21.959999,22.0,21.67,21.74,9.886538,8494900
2005-11-15,21.65,21.75,21.52,21.75,9.89109,6099000
2005-11-16,21.82,21.9,21.48,21.85,9.936563,9946400
2005-11-17,21.85,22.139999,21.77,21.969999,9.991131,9571600
2005-11-18,22.15,22.379999,22.040001,22.299999,10.141207,8460800
2005-11-21,22.25,22.309999,22.02,22.290001,10.13666,6521800
2005-11-22,22.1,22.360001,22.02,22.34,10.159392,6250600
2005-11-23,22.26,22.459999,22.16,22.4,10.186682,5755500
2005-11-25,22.41,22.450001,22.16,22.26,10.123014,3014100
2005-11-28,22.25,22.25,22.030001,22.110001,10.054801,11444600
2005-11-29,22.1,22.17,21.82,21.9,9.959305,7843400
2005-11-30,21.92,21.940001,21.59,21.59,9.818324,7068400
2005-12-01,21.74,21.799999,21.540001,21.629999,9.836517,8652500
2005-12-02,21.530001,21.93,21.440001,21.879999,9.950204,8270400
2005-12-05,21.790001,21.870001,21.700001,21.799999,9.913825,5714100
2005-12-06,21.780001,21.879999,21.610001,21.629999,9.836517,7365600
2005-12-07,21.549999,21.75,21.450001,21.540001,9.795585,7781300
2005-12-08,21.6,21.74,21.5,21.66,9.850156,6267800
2005-12-09,21.66,21.77,21.35,21.42,9.741016,7026900
2005-12-12,21.41,21.549999,21.129999,21.33,9.700088,6613900
2005-12-13,21.200001,21.610001,21.200001,21.549999,9.800133,7895900
2005-12-14,21.629999,21.959999,21.58,21.940001,9.977491,11634600
2005-12-15,21.85,22.030001,21.809999,21.860001,9.94111,8335000
2005-12-16,21.92,22.120001,21.799999,22.02,10.013874,10300400
2005-12-19,22.629999,23.0,22.469999,22.49,10.227608,13666500
2005-12-20,22.540001,22.540001,22.139999,22.440001,10.204875,8348400
2005-12-21,22.52,22.690001,22.41,22.629999,10.29128,6981300
2005-12-22,22.450001,22.889999,22.43,22.870001,10.400422,7371000
2005-12-23,22.870001,22.98,22.780001,22.940001,10.432253,5509400
2005-12-27,23.68,23.77,22.950001,23.09,10.500469,12422300
2005-12-28,23.09,23.17,22.889999,22.9,10.414062,7852300
2005-12-29,22.9,23.27,22.9,23.129999,10.518661,7686600
2005-12-30,23.01,23.129999,22.9,22.98,10.450443,7753700
2006-01-03,23.25,23.27,22.92,23.24,10.568679,10139200
2006-01-04,22.85,23.02,22.530001,22.629999,10.416782,13466300
2006-01-05,22.559999,22.82,22.540001,22.629999,10.416782,8628900
2006-01-06,22.629999,22.809999,22.610001,22.780001,10.485828,7369800
2006-01-09,22.799999,22.85,22.530001,22.84,10.513448,7045900
2006-01-10,22.67,22.74,22.48,22.610001,10.407575,7172200
2006-01-11,22.6,22.629999,22.41,22.51,10.36154,9717500
2006-01-12,22.51,22.58,22.370001,22.459999,10.338525,6198400
2006-01-13,22.459999,22.5,22.200001,22.42,10.320114,11695300
2006-01-17,22.299999,22.5,22.209999,22.299999,10.264879,8303800
2006-01-18,22.15,22.25,22.049999,22.18,10.209642,7643200
2006-01-19,22.200001,22.629999,22.08,22.559999,10.384558,9989300
2006-01-20,22.58,22.639999,22.26,22.33,10.278686,12284300
2006-01-23,22.25,22.35,22.02,22.1,10.172819,9454100
2006-01-24,22.01,22.16,21.209999,21.33,9.81838,26170200
2006-01-25,21.5,21.98,21.24,21.969999,10.112976,21488700
2006-01-26,22.049999,23.030001,22.0,22.620001,10.41218,26956300
2006-01-27,22.549999,23.059999,22.440001,22.99,10.58249,11715700
2006-01-30,22.98,22.99,22.59,22.83,10.508842,7404400
2006-01-31,22.940001,22.940001,22.610001,22.790001,10.490427,7402500
2006-02-01,22.790001,23.18,22.709999,23.02,10.596303,10009800
2006-02-02,23.02,23.02,22.32,22.559999,10.384558,10274500
2006-02-03,22.5,22.77,22.219999,22.26,10.246467,15843700
2006-02-06,22.469999,22.57,22.299999,22.370001,10.297104,10052700
2006-02-07,22.299999,22.700001,22.27,22.459999,10.338525,7636600
2006-02-08,22.35,22.790001,22.35,22.74,10.467415,6965600
2006-02-09,22.700001,22.809999,22.530001,22.59,10.398367,6710600
2006-02-10,22.48,22.559999,22.219999,22.4,10.310909,6934300
2006-02-13,22.299999,22.91,22.18,22.91,10.545668,9585100
2006-02-14,22.75,22.940001,22.620001,22.91,10.545668,8127300
2006-02-15,22.799999,23.280001,22.799999,23.1,10.633128,10015800
2006-02-16,22.950001,23.1,22.75,22.99,10.58249,6960400
2006-02-17,22.870001,23.129999,22.75,23.08,10.623917,6068200
2006-02-21,23.08,23.379999,22.799999,22.879999,10.531854,8633600
2006-02-22,22.98,23.41,22.85,23.360001,10.752809,7655400
2006-02-23,23.200001,23.440001,23.15,23.200001,10.679157,6627600
2006-02-24,23.17,23.290001,22.9,22.969999,10.573279,5517400
2006-02-27,23.01,23.4,23.01,23.209999,10.683761,5496600
2006-02-28,23.049999,23.27,23.0,23.1,10.633128,9112500
2006-03-01,23.0,23.139999,22.73,22.77,10.481225,7791600
2006-03-02,22.799999,22.889999,22.68,22.75,10.472018,5165400
2006-03-03,22.57,23.01,22.57,22.9,10.541062,8396800
2006-03-06,22.93,23.01,22.74,22.809999,10.499636,4829600
2006-03-07,22.809999,22.92,22.530001,22.59,10.398367,6859200
2006-03-08,22.639999,22.85,22.559999,22.83,10.508842,4432400
2006-03-09,22.83,22.879999,22.57,22.700001,10.448999,6886800
2006-03-10,22.9,23.02,22.780001,22.91,10.545668,5371800
2006-03-13,22.91,22.959999,22.74,22.940001,10.559476,6930800
2006-03-14,22.82,22.93,22.75,22.91,10.545668,8171200
2006-03-15,22.83,22.91,22.75,22.77,10.481225,6903400
2006-03-16,22.85,22.879999,22.73,22.82,10.504238,6223300
2006-03-17,22.98,23.040001,22.77,22.92,10.550271,7665500
2006-03-20,23.0,23.15,22.93,23.01,10.591699,4750100
2006-03-21,23.0,23.059999,22.76,22.83,10.508842,4658700
2006-03-22,25.77,25.950001,25.0,25.24,11.618188,49669800
2006-03-23,25.299999,25.65,25.139999,25.5,11.737867,13195500
2006-03-24,25.450001,25.709999,25.32,25.52,11.747069,11391900
2006-03-27,25.389999,25.389999,25.030001,25.110001,11.558342,10650800
2006-03-28,25.07,25.26,24.84,24.889999,11.457074,7502300
2006-03-29,24.879999,25.219999,24.879999,24.940001,11.480091,5967300
2006-03-30,24.870001,25.09,24.690001,24.950001,11.484696,6485600
2006-03-31,24.9,25.030001,24.559999,24.610001,11.32819,8032500
2006-04-03,24.75,24.969999,24.6,24.709999,11.37422,8060500
2006-04-04,24.719999,24.85,24.530001,24.75,11.392636,7644200
2006-04-05,24.5,24.65,24.440001,24.540001,11.425229,5668200
2006-04-06,24.5,24.85,24.4,24.809999,11.55093,8311400
2006-04-07,24.6,24.889999,24.43,24.51,11.411256,7674200
2006-04-10,24.469999,24.5,24.110001,24.27,11.299518,6736400
2006-04-11,24.280001,24.370001,23.9,24.16,11.248303,6289500
2006-04-12,24.17,24.219999,24.0,24.059999,11.201748,5026600
2006-04-13,24.120001,24.190001,23.93,24.040001,11.192432,3982500
2006-04-17,24.129999,24.48,24.07,24.450001,11.383322,6651400
2006-04-18,24.469999,24.9,24.469999,24.83,11.56024,7573300
2006-04-19,24.83,25.0,24.450001,24.73,11.513682,6498800
2006-04-20,24.83,25.0,24.5,24.690001,11.495064,5448200
2006-04-21,24.9,25.0,24.700001,24.799999,11.546272,5841600
2006-04-24,24.700001,24.889999,24.4,24.59,11.448501,7738100
2006-04-25,24.6,24.92,24.57,24.690001,11.495064,6762300
2006-04-26,24.84,25.059999,24.780001,24.969999,11.625426,7055600
2006-04-27,24.950001,25.389999,24.879999,25.27,11.765096,7075000
2006-04-28,25.299999,25.549999,25.120001,25.379999,11.81631,8680700
2006-05-01,25.530001,25.549999,24.9,25.0,11.639391,6955000
2006-05-02,25.129999,25.129999,24.790001,24.99,11.634729,5672500
2006-05-03,24.9,25.1,24.799999,24.889999,11.588178,4711500
2006-05-04,24.940001,25.1,24.91,25.030001,11.653358,4296500
2006-05-05,25.190001,25.41,25.02,25.280001,11.76975,4937700
2006-05-08,25.299999,25.32,25.040001,25.110001,11.690604,6313200
2006-05-09,25.09,25.139999,24.950001,25.059999,11.667325,4204600
2006-05-10,25.02,25.1,24.9,24.950001,11.616111,4483600
2006-05-11,24.860001,25.030001,24.540001,24.620001,11.462467,6656200
2006-05-12,24.57,24.75,24.25,24.290001,11.308828,5839300
2006-05-15,24.24,24.75,24.23,24.459999,11.38798,4810700
2006-05-16,24.379999,24.969999,24.379999,24.57,11.439191,5802900
2006-05-17,24.4,24.709999,24.049999,24.129999,11.23434,5648900
2006-05-18,24.01,24.549999,23.209999,24.15,11.243655,5582600
2006-05-19,24.27,24.27,23.860001,24.17,11.25296,5637300
2006-05-22,24.02,24.469999,23.85,23.860001,11.108634,5554500
2006-05-23,23.82,24.200001,23.76,23.99,11.169157,5293900
2006-05-24,24.01,24.299999,23.93,23.969999,11.159845,6785900
2006-05-25,24.07,24.68,24.040001,24.610001,11.457812,5438700
2006-05-26,24.639999,25.0,24.620001,24.950001,11.616111,4917000
2006-05-30,25.0,25.08,24.52,24.559999,11.434535,7528600
2006-05-31,24.52,24.700001,24.35,24.549999,11.429881,7384400
2006-06-01,24.559999,25.25,24.51,25.15,11.709225,6569700
2006-06-02,25.1,25.4,24.950001,25.27,11.765096,6129400
2006-06-05,25.120001,25.41,25.09,25.16,11.713877,7308400
2006-06-06,25.1,25.27,24.83,25.0,11.639391,5364600
2006-06-07,25.01,25.17,24.879999,24.9,11.592831,3971500
2006-06-08,24.75,25.32,24.709999,25.25,11.755782,9371500
2006-06-09,25.200001,25.27,24.91,24.950001,11.616111,4892000
2006-06-12,25.040001,25.1,24.48,24.48,11.397293,5750900
2006-06-13,24.530001,25.15,24.48,24.82,11.555589,9263500
2006-06-14,24.77,24.9,24.540001,24.75,11.522996,7804900
2006-06-15,24.799999,25.290001,24.799999,25.27,11.765096,8131400
2006-06-16,25.110001,25.290001,25.08,25.18,11.723195,6911700
2006-06-19,25.33,25.51,25.15,25.42,11.83493,6140600
2006-06-20,25.4,25.65,25.299999,25.559999,11.90011,8057700
2006-06-21,25.559999,25.969999,25.530001,25.719999,11.974602,7205200
2006-06-22,25.690001,25.75,25.26,25.629999,11.932701,7485600
2006-06-23,25.530001,25.76,25.379999,25.51,11.87683,5751300
2006-06-26,25.51,25.84,25.219999,25.719999,11.974602,7566600
2006-06-27,25.73,25.76,25.219999,25.290001,11.774407,7418300
2006-06-28,25.35,25.620001,25.200001,25.25,11.755782,4779400
2006-06-29,25.65,25.790001,25.41,25.700001,11.965291,9393900
2006-06-30,25.75,25.92,25.610001,25.860001,12.039783,6563900
2006-07-03,25.860001,25.879999,25.700001,25.74,11.983919,2943900
2006-07-05,25.280001,25.59,25.15,25.219999,11.870951,6704900
2006-07-06,25.219999,25.450001,25.219999,25.389999,11.950965,7293300
2006-07-07,25.290001,25.620001,25.290001,25.33,11.92273,5259200
2006-07-10,25.33,25.459999,25.27,25.379999,11.946259,3790300
2006-07-11,25.389999,25.58,25.120001,25.48,11.99333,4796900
2006-07-12,25.559999,25.559999,25.030001,25.08,11.80505,5298900
2006-07-13,25.129999,25.25,24.639999,24.780001,11.663841,6491100
2006-07-14,24.700001,24.879999,24.42,24.559999,11.560288,4083300
2006-07-17,24.559999,24.85,24.5,24.66,11.607359,2896200
2006-07-18,24.6,24.799999,24.34,24.629999,11.593237,3961300
2006-07-19,24.799999,25.780001,24.76,25.549999,12.026277,8316400
2006-07-20,25.6,25.889999,25.43,25.639999,12.068644,6852900
2006-07-21,25.719999,25.790001,25.309999,25.51,12.007451,5693400
2006-07-24,25.700001,26.09,25.549999,25.959999,12.219262,8427100
2006-07-25,25.950001,26.139999,25.76,25.889999,12.186316,6813500
2006-07-26,25.9,26.110001,25.84,25.99,12.233382,9135700
2006-07-27,25.1,25.200001,23.719999,24.040001,11.315523,29396100
2006-07-28,24.040001,24.799999,23.82,24.469999,11.517929,15710600
2006-07-31,23.950001,24.57,23.879999,23.969999,11.282579,16576200
2006-08-01,23.98,23.98,23.440001,23.799999,11.202557,9145000
2006-08-02,23.85,23.870001,23.559999,23.690001,11.150781,7329700
2006-08-03,23.690001,23.85,23.559999,23.790001,11.19785,5055300
2006-08-04,23.0,23.0,21.75,22.75,10.708328,36909800
2006-08-07,22.610001,23.01,22.540001,22.77,10.717742,18562800
2006-08-08,20.950001,21.68,20.85,21.209999,9.983455,64426900
2006-08-09,21.290001,21.48,21.1,21.120001,9.941099,36349900
2006-08-10,21.0,21.110001,20.83,20.83,9.804591,23247300
2006-08-11,20.83,20.85,20.08,20.24,9.526885,38312300
2006-08-14,20.35,20.6,20.27,20.41,9.606901,18583000
2006-08-15,20.66,20.85,20.549999,20.790001,9.785763,16914000
2006-08-16,20.91,21.15,20.85,21.08,9.922266,15154100
2006-08-17,21.25,21.559999,21.02,21.48,10.110545,18742200
2006-08-18,21.49,21.75,21.24,21.639999,10.185857,14223300
2006-08-21,21.75,21.85,21.48,21.549999,10.143495,11614400
2006-08-22,21.6,21.950001,21.59,21.84,10.280002,9617700
2006-08-23,21.84,21.92,21.530001,21.629999,10.181151,9950200
2006-08-24,21.629999,21.780001,21.59,21.639999,10.185857,7253400
2006-08-25,21.6,21.77,21.59,21.68,10.204691,7171500
2006-08-28,21.74,21.950001,21.700001,21.719999,10.223515,5823000
2006-08-29,21.780001,21.950001,21.700001,21.93,10.322363,6186700
2006-08-30,21.889999,22.110001,21.870001,21.98,10.345895,5628200
2006-08-31,21.99,22.0,21.74,21.75,10.237634,7160500
2006-09-01,22.889999,23.059999,22.6,22.950001,10.802468,31628400
2006-09-05,22.440001,22.85,22.25,22.780001,10.722452,15346400
2006-09-06,22.51,22.74,22.51,22.629999,10.651847,7921700
2006-09-07,22.639999,22.879999,22.6,22.709999,10.689503,14326200
2006-09-08,22.940001,23.209999,22.700001,23.18,10.910731,8221600
2006-09-11,22.99,23.549999,22.860001,23.389999,11.009571,11801300
2006-09-12,24.450001,24.469999,23.629999,24.32,11.447322,27474800
2006-09-13,24.49,24.879999,24.49,24.809999,11.677961,16599800
2006-09-14,24.85,24.91,24.540001,24.68,11.616772,10254800
2006-09-15,25.040001,25.1,24.870001,24.92,11.729738,14802600
2006-09-18,25.040001,25.110001,24.700001,24.879999,11.710911,9247600
2006-09-19,24.879999,24.879999,24.549999,24.709999,11.630892,8487500
2006-09-20,24.950001,24.950001,24.719999,24.889999,11.715622,8407000
2006-09-21,24.889999,24.98,24.59,24.709999,11.630892,6548100
2006-09-22,24.709999,25.059999,24.4,25.059999,11.795638,9128700
2006-09-25,25.1,25.24,24.790001,25.07,11.800343,7535800
2006-09-26,24.91,25.1,24.799999,25.1,11.814465,9520200
2006-09-27,25.0,25.09,24.76,25.0,11.767391,8482000
2006-09-28,25.0,25.1,24.690001,24.85,11.696789,8972200
2006-09-29,24.790001,25.02,24.66,24.92,11.729738,5632500
2006-10-02,25.030001,25.030001,24.68,24.68,11.616772,4901700
2006-10-03,24.75,24.93,24.65,24.82,11.682671,7716600
2006-10-04,24.48,24.76,24.469999,24.620001,11.720757,7271800
2006-10-05,24.450001,24.700001,24.43,24.52,11.673149,12570700
2006-10-06,24.370001,24.57,24.299999,24.42,11.625539,7158600
2006-10-09,24.41,24.42,24.16,24.379999,11.6065,5972800
2006-10-10,24.48,24.57,24.16,24.49,11.658865,5313700
2006-10-11,24.5,24.6,24.25,24.299999,11.568416,4318000
2006-10-12,24.4,24.68,24.08,24.6,11.711235,8263500
2006-10-13,24.629999,24.74,24.440001,24.549999,11.687428,4933300
2006-10-16,24.540001,24.690001,24.41,24.52,11.673149,3768400
2006-10-17,24.4,24.59,24.389999,24.459999,11.644582,4662400
2006-10-18,24.629999,24.809999,24.57,24.73,11.773125,5555700
2006-10-19,24.77,24.77,24.5,24.65,11.735042,4444600
2006-10-20,24.639999,24.690001,24.18,24.49,11.658865,8083400
2006-10-23,24.33,24.6,24.200001,24.57,11.696953,6330900
2006-10-24,24.57,24.77,24.280001,24.75,11.782642,8168100
2006-10-25,24.84,24.940001,24.459999,24.66,11.7398,8929800
2006-10-26,24.780001,24.92,23.93,24.530001,11.677909,11825900
2006-10-27,24.52,24.719999,24.200001,24.690001,11.754086,9578400
2006-10-30,24.639999,24.690001,24.299999,24.33,11.582702,7126700
2006-10-31,24.41,24.809999,24.25,24.75,11.782642,9795000
2006-11-01,24.889999,24.950001,24.559999,24.620001,11.720757,7804900
2006-11-02,24.639999,24.85,24.370001,24.469999,11.649343,7917000
2006-11-03,24.57,24.6,24.32,24.530001,11.677909,6242500
2006-11-06,24.49,24.809999,24.49,24.73,11.773125,6834100
2006-11-07,24.799999,25.16,24.629999,25.08,11.939746,8094300
2006-11-08,24.870001,25.0,24.639999,24.809999,11.811208,6705700
2006-11-09,24.799999,24.91,24.360001,24.58,11.70171,7887100
2006-11-10,24.549999,24.639999,24.290001,24.42,11.625539,7915100
2006-11-13,24.32,24.68,24.309999,24.41,11.620782,6212200
2006-11-14,24.35,24.5,23.950001,24.440001,11.635066,8683100
2006-11-15,24.27,24.51,24.15,24.5,11.663628,8302600
2006-11-16,24.469999,24.709999,24.389999,24.66,11.7398,5955400
2006-11-17,24.549999,24.83,24.52,24.799999,11.806446,6817200
2006-11-20,24.709999,24.85,24.41,24.549999,11.687428,8506800
2006-11-21,24.49,24.709999,24.389999,24.5,11.663628,7034800
2006-11-22,24.68,24.799999,24.440001,24.73,11.773125,6609100
2006-11-24,24.559999,24.67,24.469999,24.469999,11.649343,2464400
2006-11-27,24.469999,24.719999,24.41,24.59,11.706471,6912200
2006-11-28,24.6,24.73,24.530001,24.629999,11.725516,4854200
2006-11-29,24.700001,24.85,24.610001,24.790001,11.801688,4530400
2006-11-30,24.76,24.99,24.65,24.83,11.82073,4563900
2006-12-01,24.870001,24.870001,24.6,24.84,11.825491,4577700
2006-12-04,24.91,25.33,24.84,25.24,12.015914,8395000
2006-12-05,25.24,25.450001,24.91,25.290001,12.039725,7200400
2006-12-06,25.290001,25.440001,25.0,25.389999,12.087328,6369400
2006-12-07,25.450001,25.530001,25.129999,25.25,12.020674,6064300
2006-12-08,25.26,25.540001,25.07,25.35,12.06829,6039400
2006-12-11,25.360001,25.549999,25.299999,25.42,12.101615,4864100
2006-12-12,25.42,25.51,25.25,25.459999,12.120654,8208600
2006-12-13,25.440001,25.559999,25.309999,25.51,12.144456,7389300
2006-12-14,25.58,25.99,25.48,25.59,12.182539,7254400
2006-12-15,25.59,25.67,25.48,25.610001,12.19206,8785200
2006-12-18,25.5,25.68,25.48,25.530001,12.153978,5260300
2006-12-19,25.549999,25.76,25.379999,25.65,12.211102,6281300
2006-12-20,25.620001,25.889999,25.57,25.77,12.268229,5762400
2006-12-21,25.67,26.09,25.58,26.049999,12.401535,7448800
2006-12-22,26.049999,26.110001,25.75,26.0,12.377723,5131700
2006-12-26,25.98,26.139999,25.940001,26.059999,12.406292,3536000
2006-12-27,26.15,26.370001,26.09,26.290001,12.515787,5720000
2006-12-28,26.299999,26.41,26.209999,26.309999,12.525307,4909500
2006-12-29,26.25,26.360001,26.17,26.32,12.530067,7995300
2007-01-03,26.209999,26.620001,26.200001,26.379999,12.693677,10475700
2007-01-04,26.450001,27.030001,26.280001,26.690001,12.842841,14768600
2007-01-05,26.690001,26.73,26.049999,26.18,12.597429,8008000
2007-01-08,26.1,26.17,25.73,26.1,12.558941,7905200
2007-01-09,26.23,26.299999,26.01,26.209999,12.611868,7512500
2007-01-10,26.219999,26.26,25.83,26.200001,12.607054,5725800
2007-01-11,26.200001,26.57,25.98,26.540001,12.770663,8267600
2007-01-12,26.35,26.629999,26.1,26.25,12.631124,7610200
2007-01-16,26.25,26.57,26.120001,26.57,12.785096,7935300
2007-01-17,26.620001,26.9,26.450001,26.870001,12.929451,8494900
2007-01-18,27.0,27.01,26.42,26.67,12.833213,10848200
2007-01-19,26.790001,27.0,26.610001,26.629999,12.813965,6868100
2007-01-22,26.74,26.82,26.299999,26.48,12.741796,6429100
2007-01-23,26.540001,26.85,26.41,26.67,12.833213,5426000
2007-01-24,26.620001,26.99,26.49,26.99,12.98719,6132500
2007-01-25,26.85,26.85,26.26,26.280001,12.645559,8048700
2007-01-26,26.209999,26.34,25.950001,26.209999,12.611868,7875700
2007-01-29,27.690001,28.26,27.280001,27.43,13.198918,35127400
2007-01-30,27.5,28.07,27.5,28.030001,13.487631,16439700
2007-01-31,29.200001,29.389999,28.67,28.790001,13.853332,23928700
2007-02-01,28.9,29.33,28.74,28.799999,13.858147,20395000
2007-02-02,28.799999,29.0,28.35,28.639999,13.781155,10047400
2007-02-05,28.530001,28.790001,28.43,28.73,13.824453,8442900
2007-02-06,28.73,28.790001,28.51,28.75,13.834083,5852900
2007-02-07,28.700001,29.0,28.629999,28.860001,13.887012,10288000
2007-02-08,28.66,28.85,28.65,28.700001,13.810023,8456600
2007-02-09,28.799999,28.82,28.52,28.52,13.723409,6869200
2007-02-12,27.17,27.74,26.85,27.59,13.275909,18885500
2007-02-13,27.200001,27.6,27.18,27.59,13.275909,8130800
2007-02-14,27.59,27.98,27.57,27.719999,13.338462,4989400
2007-02-15,27.68,27.879999,27.469999,27.77,13.362517,5945200
2007-02-16,27.65,28.209999,27.120001,27.639999,13.299967,5404100
2007-02-20,27.58,27.76,27.35,27.42,13.1941,6675100
2007-02-21,27.24,27.49,27.01,27.110001,13.044941,6486300
2007-02-22,27.049999,27.129999,26.969999,27.09,13.035319,7332900
2007-02-23,27.08,27.15,26.940001,27.049999,13.016068,7586200
2007-02-26,27.07,27.33,26.950001,27.190001,13.083432,5234700
2007-02-27,26.940001,27.200001,25.889999,26.360001,12.684044,11040400
2007-02-28,26.32,26.49,25.98,26.379999,12.693677,11185400
2007-03-01,26.25,26.93,26.0,26.639999,12.81878,11603600
2007-03-02,26.629999,26.700001,26.139999,26.42,12.712916,7660100
2007-03-05,26.120001,26.709999,26.030001,26.35,12.679236,7258900
2007-03-06,26.49,27.01,26.4,27.01,12.996818,9456000
2007-03-07,26.93,27.26,26.709999,27.120001,13.04975,12805400
2007-03-08,27.219999,27.32,27.049999,27.16,13.069002,6877700
2007-03-09,27.4,27.41,26.9,26.92,12.953513,6013700
2007-03-12,26.92,27.389999,26.809999,27.360001,13.16523,8308000
2007-03-13,27.4,27.459999,26.77,26.799999,12.895772,9374800
2007-03-14,26.9,27.049999,26.51,27.02,13.001636,10967200
2007-03-15,26.940001,27.139999,26.809999,27.120001,13.04975,11287900
2007-03-16,27.120001,27.129999,26.41,26.82,12.905396,15345900
2007-03-19,27.0,27.110001,26.73,26.940001,12.963139,6752800
2007-03-20,26.940001,27.459999,26.82,27.15,13.064179,8330000
2007-03-21,27.049999,27.76,26.82,27.709999,13.333651,7754600
2007-03-22,26.950001,27.99,26.719999,27.790001,13.372149,8088000
2007-03-23,27.809999,27.889999,27.32,27.6,13.280723,6830300
2007-03-26,27.440001,27.68,27.25,27.620001,13.290341,6169500
2007-03-27,27.799999,28.0,27.52,27.799999,13.37695,12306600
2007-03-28,27.65,27.889999,27.49,27.620001,13.290341,7590400
2007-03-29,27.620001,28.1,27.620001,27.91,13.429884,12482600
2007-03-30,27.91,28.01,27.5,27.76,13.357708,6999300
2007-04-02,27.780001,27.92,27.620001,27.879999,13.415448,8365300
2007-04-03,27.780001,27.9,27.360001,27.540001,13.386287,10302400
2007-04-04,27.6,27.879999,27.549999,27.780001,13.502941,5134300
2007-04-05,27.780001,27.9,27.620001,27.82,13.522385,4415400
2007-04-09,27.82,28.030001,27.620001,27.66,13.444614,7785600
2007-04-10,27.5,27.85,27.459999,27.790001,13.507809,7040400
2007-04-11,27.790001,27.9,27.379999,27.52,13.376569,7813000
2007-04-12,27.67,27.67,27.35,27.549999,13.391147,8250700
2007-04-13,27.67,28.450001,27.58,28.32,13.765415,11719700
2007-04-16,28.25,28.639999,28.25,28.459999,13.833469,12666700
2007-04-17,28.02,28.75,28.02,28.290001,13.750834,12517400
2007-04-18,28.139999,28.41,27.940001,28.26,13.736257,7580600
2007-04-19,27.799999,28.639999,27.0,28.42,13.814024,9034700
2007-04-20,28.42,28.790001,28.34,28.67,13.935537,9090900
2007-04-23,28.690001,28.76,28.41,28.51,13.857767,7520800
2007-04-24,28.559999,28.82,28.360001,28.780001,13.989002,9172000
2007-04-25,28.85,29.780001,28.59,29.700001,14.436193,16178600
2007-04-26,30.309999,30.309999,28.379999,29.23,14.207747,17205600
2007-04-27,29.16,29.27,29.0,29.17,14.178579,7379100
2007-04-30,29.5,29.620001,28.85,28.860001,14.027894,13422200
2007-05-01,29.49,29.49,28.65,28.68,13.940399,12052600
2007-05-02,28.799999,28.98,28.6,28.700001,13.950124,16447300
2007-05-03,28.690001,29.59,28.690001,29.34,14.261206,14715100
2007-05-04,29.389999,30.049999,29.35,30.02,14.591733,16667600
2007-05-07,30.0,30.26,29.9,30.110001,14.63548,11322200
2007-05-08,30.0,30.25,29.92,30.209999,14.684086,9576100
2007-05-09,30.200001,30.35,30.049999,30.25,14.703523,8073800
2007-05-10,30.139999,30.190001,29.85,29.879999,14.523686,7616600
2007-05-11,29.809999,30.25,29.57,30.24,14.698662,7105200
2007-05-14,30.190001,30.5,29.98,30.09,14.625767,7455000
2007-05-15,30.25,30.4,30.08,30.23,14.69381,6376700
2007-05-16,30.26,30.43,29.99,30.08,14.6209,8775200
2007-05-17,30.07,30.25,29.950001,30.209999,14.684086,6328000
2007-05-18,30.219999,30.48,30.040001,30.450001,14.800736,10017900
2007-05-21,30.18,30.4,30.059999,30.309999,14.732697,7053800
2007-05-22,30.139999,30.32,29.790001,30.219999,14.68895,7812700
2007-05-23,30.059999,30.23,29.84,30.0,14.582005,6584500
2007-05-24,30.049999,30.200001,29.98,30.030001,14.596597,9163900
2007-05-25,30.08,30.23,29.98,30.049999,14.606318,8800300
2007-05-29,29.860001,30.18,29.5,30.1,14.630621,10197900
2007-05-30,29.83,30.120001,29.790001,30.120001,14.640342,6793500
2007-05-31,29.33,30.440001,29.33,30.309999,14.732697,9614200
2007-06-01,30.25,30.5,30.0,30.48,14.815319,15206300
2007-06-04,30.49,30.540001,30.25,30.440001,14.795879,8478800
2007-06-05,30.26,30.549999,30.02,30.42,14.786165,12240300
2007-06-06,30.43,30.469999,30.040001,30.17,14.664643,9065000
2007-06-07,30.040001,30.17,29.1,29.17,14.178579,16400800
2007-06-08,29.139999,29.389999,28.92,29.27,14.227184,11698900
2007-06-11,29.32,29.379999,28.99,29.18,14.183436,11226200
2007-06-12,29.190001,29.190001,28.59,28.690001,13.945263,12941700
2007-06-13,29.219999,29.77,29.139999,29.74,14.455633,12929400
2007-06-14,29.209999,30.059999,29.209999,29.83,14.499376,8046300
2007-06-15,30.110001,30.879999,30.049999,30.76,14.951421,21569900
2007-06-18,30.809999,30.83,30.309999,30.309999,14.732697,8301200
2007-06-19,31.950001,32.07,31.190001,31.58,15.349998,32479500
2007-06-20,31.57,31.860001,31.190001,31.23,15.179877,13916400
2007-06-21,31.450001,32.060001,31.35,32.02,15.563864,16107700
2007-06-22,31.879999,31.950001,31.25,31.4,15.262503,14227200
2007-06-25,31.98,32.060001,31.42,31.559999,15.340274,11582300
2007-06-26,31.780001,32.18,31.41,31.690001,15.403466,10737800
2007-06-27,31.700001,32.18,31.440001,32.049999,15.578448,8804900
2007-06-28,32.150002,32.25,31.610001,31.629999,15.374302,9137000
2007-06-29,31.9,31.9,31.26,31.559999,15.340274,12019800
2007-07-02,31.809999,31.84,31.440001,31.84,15.476375,15487000
2007-07-03,31.66,31.82,31.6,31.77,15.57936,3655000
2007-07-05,31.809999,32.119999,31.530001,31.91,15.648012,6650800
2007-07-06,31.799999,31.82,31.469999,31.549999,15.471469,7164000
2007-07-09,31.700001,31.700001,31.25,31.35,15.373389,18812300
2007-07-10,31.41,31.41,30.889999,30.93,15.16743,10515100
2007-07-11,30.879999,31.65,30.879999,31.620001,15.505795,11920600
2007-07-12,31.709999,32.209999,31.4,32.02,15.701944,14945100
2007-07-13,32.0,32.240002,31.9,32.060001,15.721561,6529700
2007-07-16,31.530001,32.220001,31.530001,32.099998,15.741177,6213500
2007-07-17,32.02,32.290001,31.85,32.139999,15.760796,6427500
2007-07-18,32.16,32.349998,31.75,32.049999,15.716662,9710900
2007-07-19,32.07,32.189999,31.85,32.029999,15.706844,7846500
2007-07-20,32.009998,32.09,31.48,31.540001,15.466563,13414800
2007-07-23,31.780001,32.200001,31.67,32.130001,15.755894,12280100
2007-07-24,31.889999,32.080002,31.370001,31.4,15.397912,12329100
2007-07-25,31.5,31.780001,30.799999,31.59,15.491082,10996700
2007-07-26,31.42,31.42,29.73,29.85,14.637828,17656800
2007-07-27,29.75,30.25,28.639999,28.639999,14.04447,16329900
2007-07-30,29.0,29.15,28.16,28.700001,14.073892,14315300
2007-07-31,29.0,29.120001,28.35,28.41,13.931674,12500200
2007-08-01,28.01,28.780001,28.01,28.67,14.059172,12170600
2007-08-02,28.700001,28.85,28.219999,28.620001,14.034659,12335800
2007-08-03,28.299999,28.65,27.98,28.0,13.730624,17583600
2007-08-06,28.1,28.620001,27.48,28.52,13.98562,18577400
2007-08-07,28.280001,29.09,28.280001,28.92,14.181776,16377000
2007-08-08,28.98,29.99,28.879999,29.93,14.677059,15548300
2007-08-09,29.23,29.809999,28.0,28.18,13.818893,22675600
2007-08-10,27.52,28.99,27.51,28.82,14.132732,16790200
2007-08-13,28.85,29.32,28.68,28.959999,14.201384,9847000
2007-08-14,29.08,29.1,28.48,28.5,13.975815,10694600
2007-08-15,28.5,28.700001,27.84,27.889999,13.676685,12297900
2007-08-16,27.59,28.200001,26.870001,27.370001,13.421686,16993500
2007-08-17,27.73,27.9,26.379999,27.66,13.563891,20240200
2007-08-20,27.75,28.32,27.65,28.120001,13.789467,10993400
2007-08-21,28.18,28.629999,27.870001,28.139999,13.799272,8557600
2007-08-22,28.48,28.99,28.139999,28.75,14.098412,7151200
2007-08-23,29.120001,29.15,28.68,29.0,14.221,8565400
2007-08-24,29.049999,29.59,28.99,29.549999,14.490717,9021000
2007-08-27,29.540001,29.950001,29.360001,29.4,14.41715,7483100
2007-08-28,29.280001,29.48,28.690001,28.75,14.098412,7442000
2007-08-29,28.83,29.049999,28.42,29.01,14.225905,6708800
2007-08-30,28.85,29.110001,28.700001,28.799999,14.122929,4908000
2007-08-31,29.129999,29.459999,28.73,29.15,14.294562,8138600
2007-09-04,28.700001,29.33,28.610001,29.190001,14.314177,7158600
2007-09-05,28.889999,29.139999,28.549999,28.85,14.147442,9548800
2007-09-06,28.549999,28.940001,28.299999,28.67,14.059172,8321800
2007-09-07,28.33,28.5,27.780001,27.809999,13.63745,10483900
2007-09-10,27.799999,28.120001,27.42,28.0,13.730624,7609800
2007-09-11,28.59,28.75,27.959999,28.23,13.843407,11224000
2007-09-12,28.01,28.389999,28.01,28.34,13.897353,8758200
2007-09-13,28.450001,28.969999,28.43,28.799999,14.122929,9985000
2007-09-14,28.709999,28.709999,28.280001,28.379999,13.916965,8855100
2007-09-17,28.33,28.5,28.01,28.08,13.769855,6847300
2007-09-18,28.17,28.98,27.969999,28.91,14.176867,12685500
2007-09-19,28.879999,29.27,28.32,28.91,14.176867,16514500
2007-09-20,28.98,29.030001,28.41,28.540001,13.995424,10659300
2007-09-21,28.549999,29.059999,28.540001,29.0,14.221,10460300
2007-09-24,29.09,29.15,28.65,28.790001,14.118026,13333800
2007-09-25,28.790001,28.940001,28.370001,28.540001,13.995424,12408200
2007-09-26,28.620001,29.049999,28.5,28.889999,14.167063,7786700
2007-09-27,28.85,29.129999,28.59,29.01,14.225905,7139500
2007-09-28,28.879999,29.120001,28.75,28.82,14.132732,8938600
2007-10-01,29.01,29.379999,28.549999,29.030001,14.235711,15734000
2007-10-02,29.1,29.32,28.98,29.110001,14.274944,14729800
2007-10-03,28.950001,29.92,28.790001,29.74,14.725521,13502600
2007-10-04,29.65,30.35,29.65,29.74,14.725521,7971000
2007-10-05,29.85,30.200001,29.719999,30.09,14.89883,8589100
2007-10-08,29.91,30.1,29.91,29.969999,14.839407,5133300
2007-10-09,29.969999,30.18,29.639999,29.85,14.779991,7697000
2007-10-10,29.93,30.030001,29.52,29.629999,14.671056,6428700
2007-10-11,29.91,29.969999,29.389999,29.5,14.606688,8462300
2007-10-12,29.629999,29.84,29.49,29.77,14.740376,5022200
2007-10-15,29.809999,29.879999,29.530001,29.73,14.720571,7792100
2007-10-16,29.82,29.85,29.129999,29.24,14.477954,8979900
2007-10-17,29.709999,29.879999,29.459999,29.83,14.770085,15571700
2007-10-18,29.530001,29.82,29.4,29.58,14.646303,7481500
2007-10-19,29.559999,29.889999,29.110001,29.32,14.517558,14045300
2007-10-22,28.98,29.09,28.5,28.91,14.314553,9699800
2007-10-23,28.959999,29.17,28.27,28.540001,14.131348,15192600
2007-10-24,28.360001,28.48,27.9,28.42,14.071935,15785200
2007-10-25,28.85,29.59,28.639999,29.360001,14.537369,21075000
2007-10-26,29.690001,30.030001,29.51,29.75,14.730478,13480000
2007-10-29,29.76,30.049999,29.65,29.73,14.720571,11885700
2007-10-30,29.67,30.219999,29.549999,30.02,14.864164,11138600
2007-10-31,30.049999,30.23,29.860001,29.99,14.849316,11220300
2007-11-01,29.9,30.23,29.139999,29.16,14.438347,15012800
2007-11-02,29.4,29.42,28.49,28.879999,14.299703,17182100
2007-11-05,28.129999,29.389999,28.129999,29.129999,14.423487,12860100
2007-11-06,29.110001,29.49,28.870001,29.23,14.473008,11767900
2007-11-07,28.82,29.35,28.67,28.73,14.225427,10017900
2007-11-08,28.75,28.93,28.379999,28.73,14.225427,11157000
2007-11-09,28.35,28.790001,28.26,28.290001,14.007565,9841900
2007-11-12,28.09,28.49,27.969999,28.040001,13.883783,13154700
2007-11-13,28.219999,28.389999,27.639999,27.959999,13.844173,13785800
2007-11-14,28.07,28.440001,27.959999,28.110001,13.918451,9323700
2007-11-15,28.0,28.379999,27.620001,27.75,13.740191,9206900
2007-11-16,27.950001,28.190001,27.49,27.790001,13.760001,10124800
2007-11-19,27.559999,28.450001,27.559999,28.030001,13.878828,16681100
2007-11-20,28.129999,28.48,27.889999,28.110001,13.918451,16530600
2007-11-21,28.02,28.049999,27.34,27.459999,13.5966,14718000
2007-11-23,27.799999,28.23,27.75,28.08,13.90359,7379200
2007-11-26,28.030001,28.24,27.57,27.6,13.665923,11976700
2007-11-27,27.799999,28.200001,27.620001,28.120001,13.923394,14542000
2007-11-28,28.389999,29.219999,28.139999,29.129999,14.423487,18744500
2007-11-29,29.09,29.540001,28.76,29.4,14.557173,13452400
2007-11-30,29.690001,29.76,29.389999,29.629999,14.671056,13244600
2007-12-03,29.540001,29.639999,29.26,29.52,14.616591,6671800
2007-12-04,29.290001,29.4,29.0,29.059999,14.388829,12128700
2007-12-05,29.27,29.5,28.42,29.26,14.487862,17250500
2007-12-06,29.200001,29.25,28.559999,29.08,14.398733,11104500
2007-12-07,29.08,29.4,28.870001,29.23,14.473008,7428000
2007-12-10,29.370001,29.4,29.120001,29.309999,14.512603,5203200
2007-12-11,29.35,29.35,28.68,28.700001,14.210578,13408100
2007-12-12,29.01,29.299999,28.610001,28.889999,14.304653,16240200
2007-12-13,28.809999,28.92,28.469999,28.809999,14.26504,9758000
2007-12-14,28.6,28.74,27.99,28.08,13.90359,10459100
2007-12-17,27.9,28.25,27.75,27.809999,13.7699,12450100
2007-12-18,28.07,28.299999,27.629999,28.17,13.94815,13869000
2007-12-19,28.120001,28.26,27.809999,27.959999,13.844173,16940600
2007-12-20,28.110001,28.110001,27.68,27.889999,13.809512,11654400
2007-12-21,27.889999,28.17,27.889999,27.98,13.854075,17060600
2007-12-24,28.120001,28.23,27.85,28.02,13.873876,2918900
2007-12-26,27.950001,27.969999,27.67,27.959999,13.844173,5251300
2007-12-27,27.99,28.02,27.34,27.389999,13.561942,9716200
2007-12-28,27.41,27.610001,27.040001,27.17,13.453015,9940800
2007-12-31,27.030001,27.24,26.52,26.52,13.131167,11545200
2008-01-02,26.5,26.5,25.809999,26.129999,13.091083,19336800
2008-01-03,26.16,26.299999,26.040001,26.110001,13.081059,14894100
2008-01-04,25.940001,26.07,25.690001,25.75,12.900706,17167900
2008-01-07,25.860001,26.26,25.780001,26.040001,13.045992,17425900
2008-01-08,26.440001,26.969999,26.370001,26.639999,13.346595,22036800
2008-01-09,27.33,27.370001,26.92,27.08,13.567036,25932200
2008-01-10,26.93,27.200001,26.799999,26.93,13.491889,17401500
2008-01-11,26.709999,27.01,26.43,26.48,13.266438,15932900
2008-01-14,26.74,27.030001,26.469999,26.99,13.521942,19815000
2008-01-15,26.799999,27.209999,26.07,26.1,13.076058,22598700
2008-01-16,26.01,26.469999,25.700001,25.82,12.935778,21315300
2008-01-17,25.950001,25.950001,24.790001,24.860001,12.454823,21189600
2008-01-18,24.82,25.049999,24.360001,24.48,12.264441,27540900
2008-01-22,22.610001,23.66,22.610001,22.889999,11.467848,46592300
2008-01-23,22.59,22.92,22.25,22.59,11.317554,29652700
2008-01-24,22.809999,23.379999,22.67,23.35,11.698317,34283000
2008-01-25,23.41,23.73,22.49,22.969999,11.507933,33258900
2008-01-28,23.1,23.690001,23.1,23.59,11.818552,17261500
2008-01-29,23.76,23.91,23.58,23.610001,11.828571,10072000
2008-01-30,23.690001,23.719999,23.0,23.26,11.653225,12927100
2008-01-31,22.99,23.5,21.75,23.02,11.532978,28145700
2008-02-01,23.15,24.190001,23.15,23.959999,12.003918,25097200
2008-02-04,23.959999,24.129999,23.9,24.030001,12.03899,10848000
2008-02-05,23.959999,24.07,23.25,23.43,11.738395,20098500
2008-02-06,23.639999,24.02,23.5,23.82,11.933777,16537400
2008-02-07,23.74,23.9,23.25,23.34,11.693303,16646800
2008-02-08,23.23,23.959999,22.9,23.07,11.558034,10162100
2008-02-11,23.07,23.85,22.77,22.950001,11.497913,10543100
2008-02-12,23.049999,23.34,22.950001,23.190001,11.618155,10318500
2008-02-13,23.32,23.940001,23.299999,23.860001,11.953822,11287600
2008-02-14,23.889999,23.9,23.15,23.209999,11.628172,8052600
2008-02-15,23.110001,23.450001,23.01,23.299999,11.673259,8260200
2008-02-19,23.59,23.59,23.09,23.16,11.603119,8136700
2008-02-20,23.01,23.129999,22.82,23.059999,11.553023,11022000
2008-02-21,23.18,23.280001,22.610001,22.76,11.402721,11594100
2008-02-22,22.809999,23.0,21.98,22.530001,11.287494,18976600
2008-02-25,22.450001,23.209999,22.450001,23.190001,11.618155,12484200
2008-02-26,23.030001,23.49,22.969999,23.370001,11.70833,11784700
2008-02-27,23.219999,23.440001,23.1,23.200001,11.623162,8253800
2008-02-28,23.08,23.139999,22.809999,22.91,11.477874,13598100
2008-02-29,22.98,22.98,22.559999,22.610001,11.327572,16328100
2008-03-03,22.65,22.65,22.209999,22.389999,11.217352,14027900
2008-03-04,22.23,22.24,22.0,22.139999,11.092102,18336400
2008-03-05,22.280001,22.52,21.940001,22.190001,11.117155,19798700
2008-03-06,22.129999,22.139999,21.75,21.77,10.906734,15520800
2008-03-07,21.700001,22.049999,21.43,21.879999,10.961843,16734600
2008-03-10,21.860001,21.91,21.26,21.33,10.686293,12049600
2008-03-11,21.77,21.77,21.530001,21.73,10.886693,17865000
2008-03-12,21.74,21.77,21.299999,21.360001,10.701324,16039000
2008-03-13,21.139999,21.700001,20.9,21.41,10.72637,11773700
2008-03-14,21.610001,21.610001,20.5,20.639999,10.340605,20513400
2008-03-17,20.049999,21.0,20.049999,20.459999,10.250427,19190800
2008-03-18,20.809999,21.360001,20.629999,21.35,10.696315,16251600
2008-03-19,21.41,22.25,21.35,21.459999,10.751425,13355400
2008-03-20,21.6,21.719999,21.190001,21.459999,10.751425,12431700
2008-03-24,21.5,21.6,21.209999,21.27,10.656237,9910600
2008-03-25,21.27,21.66,21.27,21.6,10.821565,11125700
2008-03-26,21.6,21.620001,21.01,21.200001,10.621164,13325800
2008-03-27,21.290001,21.6,21.25,21.299999,10.671266,8318200
2008-03-28,21.42,21.74,21.4,21.48,10.761443,10059700
2008-03-31,21.51,21.68,21.040001,21.299999,10.671266,13150300
2008-04-01,21.530001,22.18,21.43,22.18,11.112147,16415700
2008-04-02,21.99,22.0,21.629999,21.66,11.005438,14974200
2008-04-03,21.57,21.959999,21.57,21.889999,11.122307,10267300
2008-04-04,21.9,22.360001,21.870001,22.190001,11.274735,7980200
2008-04-07,22.389999,22.389999,21.969999,22.0,11.178193,13952700
2008-04-08,22.110001,22.23,21.77,21.84,11.096899,14508700
2008-04-09,21.9,21.9,21.4,21.51,10.929227,9699100
2008-04-10,21.559999,22.32,21.559999,22.09,11.223926,16040800
2008-04-11,21.860001,22.030001,21.65,21.700001,11.025768,8096400
2008-04-14,21.700001,21.879999,21.440001,21.549999,10.949553,10005200
2008-04-15,21.73,21.73,21.26,21.450001,10.898741,9427900
2008-04-16,21.6,22.02,21.540001,21.98,11.16804,14612200
2008-04-17,21.870001,22.02,21.280001,21.59,10.969874,9746500
2008-04-18,21.809999,22.129999,21.709999,22.1,11.229003,9985000
2008-04-21,22.049999,22.219999,21.65,21.84,11.096899,9990900
2008-04-22,21.790001,21.790001,21.23,21.32,10.832685,10586100
2008-04-23,21.49,21.549999,21.15,21.43,10.888579,17267300
2008-04-24,21.58,22.440001,21.58,22.209999,11.284892,15144800
2008-04-25,22.389999,22.549999,21.879999,22.15,11.254411,11458300
2008-04-28,22.15,22.389999,22.01,22.16,11.259494,13460100
2008-04-29,22.18,22.290001,21.799999,21.92,11.137548,8018000
2008-04-30,21.92,22.450001,21.82,21.969999,11.162951,14592000
2008-05-01,21.98,23.200001,21.969999,22.940001,11.655813,16879900
2008-05-02,23.139999,23.379999,23.0,23.35,11.864136,10087900
2008-05-05,23.48,23.48,23.049999,23.25,11.81332,8687700
2008-05-06,23.6,23.6,22.9,23.18,11.777761,13127000
2008-05-07,23.23,23.25,22.700001,22.76,11.564352,13579900
2008-05-08,22.799999,22.92,22.690001,22.790001,11.579592,9266400
2008-05-09,22.15,22.17,21.629999,21.709999,11.030847,28888100
2008-05-12,21.9,22.0,21.549999,21.629999,10.990199,20599200
2008-05-13,21.700001,21.82,21.450001,21.6,10.974955,19699200
2008-05-14,21.66,21.75,21.540001,21.6,10.974955,15651200
2008-05-15,21.82,22.01,21.6,21.969999,11.162951,17381100
2008-05-16,22.030001,22.059999,21.73,21.940001,11.147711,14130600
2008-05-19,21.99,22.370001,21.940001,22.08,11.218843,12100900
2008-05-20,22.02,22.389999,22.0,22.08,11.218843,12097900
2008-05-21,22.08,22.4,21.790001,21.809999,11.08166,11129800
2008-05-22,21.959999,22.08,21.67,21.950001,11.152792,8072400
2008-05-23,21.969999,21.969999,21.65,21.690001,11.020684,7747100
2008-05-27,21.700001,22.040001,21.700001,22.01,11.183274,8515200
2008-05-28,22.02,22.190001,21.780001,22.09,11.223926,10999900
2008-05-29,22.0,22.5,21.98,22.48,11.422085,8184800
2008-05-30,22.5,23.0,22.5,22.790001,11.579592,14451300
2008-06-02,22.75,22.75,21.950001,21.98,11.16804,13454800
2008-06-03,22.01,22.23,21.780001,21.860001,11.107061,11143400
2008-06-04,21.610001,21.85,21.33,21.559999,10.954634,13610600
2008-06-05,21.59,21.75,21.35,21.67,11.010524,11110000
2008-06-06,21.530001,21.530001,20.860001,20.879999,10.609122,12444000
2008-06-09,21.16,21.190001,20.469999,20.629999,10.4821,12510800
2008-06-10,20.450001,20.49,19.969999,20.110001,10.217889,16515600
2008-06-11,20.120001,20.24,19.799999,19.93,10.12643,13400700
2008-06-12,20.059999,20.23,19.559999,19.67,9.994323,13184200
2008-06-13,19.84,20.129999,19.790001,20.120001,10.222967,17132700
2008-06-16,20.23,20.290001,19.860001,20.059999,10.192483,19078900
2008-06-17,20.23,20.33,19.959999,20.030001,10.177239,13370600
2008-06-18,19.940001,20.25,19.709999,19.780001,10.050216,11554200
2008-06-19,19.889999,20.120001,19.549999,19.92,10.121348,12467800
2008-06-20,19.809999,19.9,19.43,19.57,9.943518,14695000
2008-06-23,19.690001,19.799999,19.6,19.700001,10.009567,10286700
2008-06-24,19.719999,20.25,19.459999,20.23,10.278862,14668800
2008-06-25,20.35,20.6,20.17,20.32,10.324592,12584100
2008-06-26,20.200001,20.299999,19.66,19.67,9.994323,14684000
2008-06-27,20.059999,20.6,20.0,20.299999,10.314428,24843100
2008-06-30,20.48,20.84,20.15,20.530001,10.43129,16069900
2008-07-01,20.34,21.049999,20.299999,20.83,10.583718,17765300
2008-07-02,20.700001,20.959999,20.549999,20.59,10.619821,14500200
2008-07-03,20.700001,20.93,20.58,20.780001,10.717827,6409800
2008-07-07,20.83,20.959999,20.290001,20.6,10.624981,13094700
2008-07-08,20.459999,21.67,20.309999,21.65,11.166547,21533300
2008-07-09,21.91,22.17,21.530001,21.549999,11.114966,15149300
2008-07-10,21.6,21.860001,20.969999,21.5,11.08918,21486100
2008-07-11,21.26,21.370001,20.709999,21.120001,10.893186,17035000
2008-07-14,21.33,21.51,21.040001,21.1,10.882869,9288700
2008-07-15,20.9,22.040001,20.799999,21.66,11.171702,21037300
2008-07-16,21.700001,22.57,21.51,22.379999,11.543066,21877100
2008-07-17,22.450001,22.93,22.0,22.540001,11.62559,15615100
2008-07-18,22.51,22.540001,22.040001,22.23,11.465694,12653900
2008-07-21,22.360001,22.370001,21.709999,21.83,11.259386,14481700
2008-07-22,21.719999,22.02,21.459999,21.68,11.18202,13413300
2008-07-23,21.77,22.209999,21.610001,21.889999,11.290332,16159800
2008-07-24,22.07,22.639999,21.77,22.120001,11.40896,19234900
2008-07-25,22.23,22.440001,22.01,22.139999,11.419275,9642300
2008-07-28,22.049999,22.299999,21.83,21.91,11.300646,8969600
2008-07-29,21.940001,22.110001,21.02,21.530001,11.104651,20582900
2008-07-30,21.59,21.799999,21.18,21.51,11.094337,9952900
2008-07-31,21.49,21.65,21.0,21.120001,10.893186,18360000
2008-08-01,21.16,21.370001,21.07,21.110001,10.888029,14478500
2008-08-04,21.129999,21.610001,21.129999,21.389999,11.032445,10846000
2008-08-05,21.5,21.93,21.4,21.82,11.254227,11883200
2008-08-06,21.959999,22.110001,21.59,21.889999,11.290332,12332700
2008-08-07,21.780001,22.139999,21.5,21.67,11.176867,10342000
2008-08-08,21.719999,22.389999,21.360001,22.309999,11.506957,10742900
2008-08-11,22.32,22.58,22.1,22.440001,11.57401,7082100
2008-08-12,22.469999,22.530001,22.09,22.200001,11.450222,6493800
2008-08-13,22.09,22.209999,21.83,21.98,11.33675,4811900
2008-08-14,21.799999,22.219999,21.719999,21.879999,11.285175,10735100
2008-08-15,22.0,22.129999,21.879999,21.98,11.33675,11380800
2008-08-18,22.07,22.1,21.629999,21.75,11.218122,6920000
2008-08-19,21.6,21.85,21.389999,21.48,11.078865,8509000
2008-08-20,21.49,21.83,21.34,21.52,11.099493,11556400
2008-08-21,21.43,22.07,21.309999,21.9,11.295492,11816300
2008-08-22,22.049999,22.469999,21.9,22.34,11.522433,7198600
2008-08-25,22.01,22.49,21.940001,21.98,11.33675,7406500
2008-08-26,21.9,22.07,21.77,21.98,11.33675,7450700
2008-08-27,21.540001,21.860001,21.01,21.52,11.099493,19212200
2008-08-28,21.5,21.709999,21.33,21.639999,11.161385,11946600
2008-08-29,21.6,21.709999,21.33,21.34,11.006656,8695900
2008-09-02,21.370001,21.99,21.370001,21.530001,11.104651,9775100
2008-09-03,21.440001,21.6,21.26,21.540001,11.109815,8211800
2008-09-04,21.379999,21.639999,21.200001,21.5,11.08918,12135400
2008-09-05,21.41,21.530001,21.129999,21.49,11.08402,10325400
2008-09-08,21.959999,22.49,21.74,22.32,11.512116,19280500
2008-09-09,22.120001,22.629999,22.040001,22.040001,11.367698,14595000
2008-09-10,22.200001,22.530001,21.5,21.67,11.176867,16830000
2008-09-11,21.530001,21.9,21.370001,21.83,11.259386,11865900
2008-09-12,21.780001,22.299999,21.67,22.24,11.470852,11242600
2008-09-15,21.74,22.02,21.469999,21.549999,11.114966,13483500
2008-09-16,21.15,21.610001,20.879999,21.459999,11.068548,14744800
2008-09-17,20.959999,21.440001,20.360001,20.639999,10.645613,28305000
2008-09-18,20.870001,21.0,20.07,20.91,10.784872,21151100
2008-09-19,21.27,21.5,19.700001,21.0,10.831297,19552300
2008-09-22,20.83,21.18,20.58,20.620001,10.635298,9265000
2008-09-23,20.629999,20.82,20.16,20.26,10.449614,15370300
2008-09-24,20.209999,20.67,20.139999,20.610001,10.630138,9296900
2008-09-25,20.73,21.18,20.57,20.67,10.661089,14981200
2008-09-26,20.43,20.940001,20.43,20.82,10.738452,10509200
2008-09-29,20.549999,21.01,19.82,19.85,10.238152,19919300
2008-09-30,20.059999,20.91,19.92,20.85,10.753928,17006700
2008-10-01,20.610001,20.950001,20.190001,20.790001,10.884814,12366500
2008-10-02,20.77,21.18,20.299999,20.4,10.680629,11957300
2008-10-03,20.629999,20.940001,20.309999,20.43,10.696333,14864200
2008-10-06,19.98,20.450001,18.799999,19.32,10.115183,24296000
2008-10-07,20.110001,20.110001,18.84,18.84,9.863872,19097800
2008-10-08,18.52,19.77,18.5,18.940001,9.916227,29643400
2008-10-09,19.370001,19.469999,17.379999,17.98,9.41361,22930400
2008-10-10,17.139999,18.469999,16.0,17.559999,9.193714,30426600
2008-10-13,18.23,19.1,18.1,19.0,9.947644,21276000
2008-10-14,19.91,19.99,18.219999,18.700001,9.790574,16877600
2008-10-15,18.6,18.6,17.200001,17.33,9.073298,18176500
2008-10-16,17.4,17.5,16.58,17.26,9.036646,26457900
2008-10-17,17.290001,18.360001,16.950001,17.540001,9.183245,30286800
2008-10-20,18.15,18.620001,17.9,18.4,9.633508,27064600
2008-10-21,18.33,18.9,18.25,18.459999,9.66492,21341500
2008-10-22,18.23,18.450001,17.32,17.530001,9.178013,19645100
2008-10-23,18.0,18.360001,17.51,18.049999,9.45026,24459800
2008-10-24,17.42,18.200001,17.1,17.639999,9.2356,15910800
2008-10-27,17.49,18.870001,17.15,18.559999,9.717278,26371500
2008-10-28,18.799999,20.379999,18.459999,20.290001,10.623038,22060100
2008-10-29,20.23,20.75,19.74,19.82,10.376963,17999200
2008-10-30,20.27,20.809999,19.91,20.51,10.738221,17768600
2008-10-31,20.68,21.25,20.49,20.549999,10.759162,18831800
2008-11-03,20.700001,21.0,20.49,20.549999,10.759162,12701400
2008-11-04,20.950001,21.629999,20.73,21.59,11.303666,19218800
2008-11-05,21.27,21.77,20.59,20.75,10.863873,13204800
2008-11-06,20.52,20.959999,19.559999,19.74,10.335076,18505300
2008-11-07,20.0,20.73,20.0,20.549999,10.759162,12903400
2008-11-10,20.870001,21.280001,20.16,20.379999,10.670156,13119500
2008-11-11,19.959999,20.33,19.82,20.040001,10.492144,13207500
2008-11-12,19.73,20.0,19.450001,19.549999,10.235601,14080800
2008-11-13,19.299999,20.110001,19.190001,19.99,10.465963,28191000
2008-11-14,20.0,20.32,18.059999,19.58,10.251307,17207300
2008-11-17,19.379999,20.5,19.18,19.700001,10.314134,18179300
2008-11-18,19.620001,20.620001,19.440001,20.49,10.72775,20109000
2008-11-19,20.389999,21.25,20.17,20.27,10.612565,24082200
2008-11-20,20.17,20.780001,18.98,19.280001,10.094238,22829600
2008-11-21,18.92,19.299999,18.07,19.110001,10.005234,23751500
2008-11-24,19.450001,20.5,19.16,20.1,10.523561,25074600
2008-11-25,20.4,20.9,20.209999,20.57,10.769633,18044300
2008-11-26,20.25,20.67,19.91,20.57,10.769633,11912100
2008-11-28,20.440001,20.77,20.15,20.700001,10.837694,7974500
2008-12-01,20.43,20.68,19.290001,19.360001,10.136126,15176100
2008-12-02,19.59,20.35,19.41,20.280001,10.617798,15851100
2008-12-03,19.870001,21.82,19.870001,21.700001,11.361253,26571900
2008-12-04,21.450001,21.530001,20.530001,20.700001,10.837694,17946400
2008-12-05,20.73,21.700001,20.209999,21.23,11.115182,21842900
2008-12-08,21.639999,22.290001,21.610001,21.99,11.513087,22065200
2008-12-09,22.34,22.34,20.25,20.4,10.680629,24887500
2008-12-10,21.1,21.549999,20.91,21.309999,11.157067,23340900
2008-12-11,21.190001,22.200001,21.190001,21.450001,11.230363,22572800
2008-12-12,20.93,22.58,20.93,22.51,11.785341,23706000
2008-12-15,22.870001,22.950001,22.190001,22.5,11.780104,25582800
2008-12-16,22.23,22.870001,22.08,22.5,11.780104,29206500
2008-12-17,22.450001,22.75,22.190001,22.48,11.769635,20182400
2008-12-18,22.6,23.459999,22.530001,22.860001,11.968582,27295900
2008-12-19,23.82,23.82,22.77,22.809999,11.942406,25186700
2008-12-22,23.0,23.25,22.440001,22.93,12.005232,16971900
2008-12-23,23.17,23.75,23.139999,23.23,12.162305,14142200
2008-12-24,23.299999,23.35,22.93,23.209999,12.151834,5684300
2008-12-26,23.370001,23.4,23.0,23.1,12.094244,5398900
2008-12-29,23.389999,23.389999,22.629999,22.940001,12.010475,10883000
2008-12-30,22.67,22.889999,22.389999,22.870001,12.137847,15394300
2008-12-31,22.950001,23.41,22.639999,23.25,12.339525,16345500
2009-01-02,23.25,23.98,23.08,23.879999,12.673888,9881600
2009-01-05,23.84,23.93,23.120001,23.23,12.328913,16995000
2009-01-06,23.370001,23.75,22.17,22.35,11.861864,21021100
2009-01-07,22.25,22.620001,22.1,22.18,11.771639,15707800
2009-01-08,22.129999,22.6,22.049999,22.51,11.946783,14311800
2009-01-09,22.67,22.889999,22.280001,22.35,11.861864,16701200
2009-01-12,22.51,22.51,22.059999,22.15,11.755717,13191500
2009-01-13,22.26,22.469999,21.809999,22.01,11.681412,13311200
2009-01-14,21.959999,22.27,21.83,22.209999,11.78756,17137600
2009-01-15,22.18,22.190001,21.58,22.09,11.72387,17025700
2009-01-16,22.59,22.65,21.709999,22.07,11.713258,15254600
2009-01-20,21.99,22.43,21.65,21.74,11.538113,17178000
2009-01-21,21.959999,22.549999,21.85,22.469999,11.92555,21277200
2009-01-22,22.190001,22.57,21.809999,22.35,11.861864,13827400
2009-01-23,22.25,22.639999,21.870001,22.389999,11.883097,21536200
2009-01-26,22.83,22.870001,22.049999,22.25,11.808795,18464200
2009-01-27,22.92,23.610001,22.719999,23.129999,12.275837,26665500
2009-01-28,23.6,23.719999,22.209999,22.370001,11.872482,22345400
2009-01-29,22.5,22.5,21.610001,21.82,11.580573,14763100
2009-01-30,21.780001,21.950001,21.25,21.41,11.362973,14637600
2009-02-02,21.5,22.790001,21.33,21.99,11.6708,24792200
2009-02-03,22.549999,23.24,22.049999,22.9,12.153769,21300800
2009-02-04,23.110001,23.4,22.610001,22.73,12.063541,14399400
2009-02-05,22.610001,22.84,22.459999,22.76,12.079461,19131900
2009-02-06,23.4,23.780001,22.67,23.07,12.243992,12528200
2009-02-09,23.09,23.219999,22.620001,23.08,12.249299,8518100
2009-02-10,22.950001,23.139999,22.190001,22.27,11.81941,14250500
2009-02-11,22.440001,22.709999,22.219999,22.629999,12.010469,13303100
2009-02-12,22.530001,22.549999,21.780001,22.52,11.95209,13258800
2009-02-13,22.17,22.700001,21.57,21.75,11.543425,15016300
2009-02-17,21.450001,21.540001,21.139999,21.25,11.278056,16138100
2009-02-18,21.34,21.4,20.690001,20.92,11.102917,14453300
2009-02-19,21.1,21.129999,20.440001,20.51,10.88532,14164000
2009-02-20,20.24,20.610001,20.110001,20.370001,10.811019,13830800
2009-02-23,19.889999,20.57,19.809999,19.879999,10.550955,12388400
2009-02-24,20.01,20.440001,19.91,20.360001,10.805707,13901700
2009-02-25,20.4,20.860001,20.01,20.469999,10.864089,16409000
2009-02-26,20.700001,20.84,19.389999,19.4,10.296202,20908500
2009-02-27,18.799999,19.040001,18.379999,18.41,9.770778,26811200
2009-03-02,18.08,18.4,17.719999,17.74,9.415192,20137000
2009-03-03,17.809999,18.08,17.23,17.51,9.293125,19333700
2009-03-04,17.870001,18.74,17.5,18.49,9.813238,23196800
2009-03-05,18.18,18.18,17.530001,17.690001,9.388654,16744800
2009-03-06,17.809999,18.52,17.74,18.35,9.738935,20209600
2009-03-09,18.77,19.200001,18.41,19.01,10.089218,26390100
2009-03-10,19.42,20.24,19.26,20.23,10.736714,28033400
2009-03-11,20.4,20.620001,19.42,19.48,10.338662,19552600
2009-03-12,19.48,20.870001,19.33,20.780001,11.028617,22967200
2009-03-13,21.0,21.0,20.469999,20.950001,11.118836,16454800
2009-03-16,21.15,21.469999,20.51,20.52,10.890627,14740700
2009-03-17,20.51,21.059999,20.34,21.059999,11.177219,11449900
2009-03-18,21.129999,21.639999,20.73,21.18,11.240909,15477500
2009-03-19,21.34,21.41,20.51,20.83,11.055148,12369400
2009-03-20,20.84,20.969999,20.27,20.49,10.874703,17758600
2009-03-23,20.799999,21.24,20.57,21.219999,11.262136,14158200
2009-03-24,21.049999,21.1,20.73,20.82,11.049845,19573800
2009-03-25,21.02,21.450001,20.75,21.059999,11.177219,13139100
2009-03-26,21.129999,21.309999,20.76,21.09,11.193144,13880400
2009-03-27,21.09,21.17,20.59,20.66,10.964927,15934500
2009-03-30,20.34,21.459999,20.34,21.02,11.155994,21172200
2009-03-31,21.610001,22.18,21.01,21.92,11.63365,24487600
2009-04-01,21.48,22.049999,21.110001,21.969999,11.827455,25371200
2009-04-02,22.32,22.32,21.23,21.33,11.482908,20906500
2009-04-03,20.610001,22.09,19.93,20.17,10.858434,21715600
2009-04-06,20.559999,20.91,20.25,20.51,11.041471,15615600
2009-04-07,20.27,20.49,20.16,20.290001,10.923033,11655500
2009-04-08,20.08,20.549999,19.9,20.41,10.987634,11139200
2009-04-09,20.77,20.77,19.99,20.18,10.863819,13085700
2009-04-13,20.07,20.360001,20.049999,20.139999,10.842282,9137800
2009-04-14,20.1,20.25,19.67,19.84,10.680779,13623600
2009-04-15,19.799999,20.360001,19.76,20.32,10.939185,11255500
2009-04-16,20.440001,20.48,19.950001,20.35,10.955334,13300600
2009-04-17,20.620001,20.870001,20.35,20.67,11.127605,12649400
2009-04-20,20.299999,20.65,20.08,20.15,10.847663,12116800
2009-04-21,20.120001,20.42,19.780001,20.0,10.766911,11755400
2009-04-22,19.92,20.01,19.59,19.809999,10.664627,11212100
2009-04-23,19.870001,20.209999,19.75,20.17,10.858434,12344300
2009-04-24,20.190001,20.299999,19.99,20.1,10.820747,14420600
2009-04-27,20.610001,20.75,20.389999,20.540001,11.057626,13348100
2009-04-28,20.440001,20.51,19.6,19.65,10.578496,20197200
2009-04-29,19.700001,19.73,18.83,19.15,10.309318,22667600
2009-04-30,19.280001,19.34,18.969999,19.200001,10.336232,18876500
2009-05-01,19.459999,19.459999,19.049999,19.290001,10.384689,8973200
2009-05-04,19.530001,19.719999,19.379999,19.530001,10.513889,10757000
2009-05-05,19.5,19.860001,19.5,19.68,10.594644,10055400
2009-05-06,19.75,19.870001,19.33,19.809999,10.664627,14445400
2009-05-07,19.91,20.02,19.74,19.92,10.723846,13909700
2009-05-08,20.1,20.43,19.9,20.4,10.982253,12510400
2009-05-11,20.07,20.4,20.07,20.290001,10.923033,9454100
2009-05-12,20.4,20.559999,20.219999,20.48,11.02532,17048600
2009-05-13,20.530001,20.91,20.0,20.35,10.955334,19422200
2009-05-14,20.370001,20.530001,20.24,20.459999,11.014553,14695300
2009-05-15,20.459999,20.459999,19.879999,20.01,10.772297,15355600
2009-05-18,20.07,20.5,20.07,20.459999,11.014553,10246600
2009-05-19,20.4,20.6,20.26,20.360001,10.960714,9813700
2009-05-20,20.540001,20.75,20.42,20.540001,11.057626,8925200
2009-05-21,20.459999,20.709999,20.190001,20.389999,10.976864,9853600
2009-05-22,20.42,20.6,20.02,20.02,10.77768,8892200
2009-05-26,20.08,20.139999,19.889999,19.9,10.713081,16433000
2009-05-27,20.0,20.110001,19.49,19.52,10.508503,14779300
2009-05-28,19.700001,19.799999,19.5,19.57,10.535426,12116900
2009-05-29,19.66,19.950001,19.459999,19.92,10.723846,13155100
2009-06-01,20.1,20.16,19.85,20.110001,10.826131,10511300
2009-06-02,20.190001,20.549999,20.040001,20.4,10.982253,14593100
2009-06-03,20.280001,20.290001,19.85,19.99,10.761527,15359500
2009-06-04,20.02,20.1,19.85,19.98,10.756148,12930700
2009-06-05,20.18,20.25,19.76,19.93,10.729224,10006200
2009-06-08,19.85,19.93,19.549999,19.76,10.637711,8829400
2009-06-09,19.709999,19.889999,19.34,19.450001,10.470825,17492600
2009-06-10,19.57,19.610001,19.120001,19.41,10.449289,12971300
2009-06-11,19.469999,20.040001,19.43,20.0,10.766911,17675200
2009-06-12,19.9,20.0,19.67,19.809999,10.664627,10685100
2009-06-15,19.73,19.83,19.35,19.42,10.454673,11998800
2009-06-16,19.5,19.58,19.280001,19.379999,10.433138,9132200
2009-06-17,19.5,20.290001,19.42,19.92,10.723846,20073000
2009-06-18,19.98,20.59,19.93,20.440001,11.003789,12744800
2009-06-19,20.67,20.77,20.440001,20.58,11.079154,14445800
2009-06-22,20.51,20.549999,20.25,20.299999,10.928418,14828100
2009-06-23,20.309999,20.33,19.969999,20.15,10.847663,14263700
2009-06-24,20.219999,20.27,20.0,20.190001,10.869202,8955500
2009-06-25,20.219999,21.120001,20.030001,20.889999,11.246042,13630100
2009-06-26,20.879999,21.0,20.58,20.959999,11.283723,17348100
2009-06-29,20.959999,21.0,20.34,20.57,11.073771,14454700
2009-06-30,20.59,20.700001,20.18,20.309999,10.933799,16636300
2009-07-01,20.139999,20.299999,19.93,20.24,11.065006,13028600
2009-07-02,20.08,20.24,19.629999,19.77,10.808061,10750500
2009-07-06,19.73,19.780001,19.440001,19.700001,10.769797,10636700
2009-07-07,19.700001,19.950001,19.559999,19.68,10.758861,10345400
2009-07-08,19.809999,19.84,19.450001,19.68,10.758861,11094300
2009-07-09,19.75,19.76,19.35,19.5,10.660458,8672200
2009-07-10,19.440001,19.549999,19.25,19.370001,10.589386,10132100
2009-07-13,19.450001,19.52,19.190001,19.48,10.649521,17145100
2009-07-14,19.52,19.58,19.360001,19.469999,10.644054,10937700
2009-07-15,19.540001,19.93,19.360001,19.860001,10.857265,13538700
2009-07-16,19.870001,20.200001,19.799999,20.129999,11.004872,13185400
2009-07-17,20.110001,20.110001,19.92,20.0,10.933799,11946800
2009-07-20,20.07,20.07,19.67,19.879999,10.868198,15657000
2009-07-21,20.08,20.17,19.85,20.110001,10.993935,21160700
2009-07-22,20.120001,20.5,20.0,20.290001,11.092342,20726000
2009-07-23,20.620001,20.969999,20.27,20.860001,11.403956,23204200
2009-07-24,20.799999,21.450001,20.780001,21.4,11.699167,12705500
2009-07-27,21.450001,21.5,21.02,21.379999,11.688233,12992300
2009-07-28,21.27,21.5,20.98,21.18,11.57889,11360400
2009-07-29,21.07,21.629999,21.07,21.59,11.803041,13095000
2009-07-30,21.84,21.969999,21.549999,21.559999,11.786639,11853800
2009-07-31,21.58,21.84,21.27,21.74,11.88504,17007400
2009-08-03,22.07,22.08,21.709999,21.83,11.934244,14304900
2009-08-04,21.889999,22.01,21.709999,21.92,11.983447,10632800
2009-08-05,21.969999,22.139999,21.610001,21.75,11.890508,10449100
2009-08-06,21.76,21.870001,21.610001,21.73,11.879578,9713900
2009-08-07,21.91,22.18,21.799999,21.9,11.972508,9277000
2009-08-10,21.889999,21.99,21.75,21.879999,11.961575,10513100
2009-08-11,21.9,22.09,21.790001,21.969999,12.010782,12939300
2009-08-12,21.950001,22.049999,21.84,21.889999,11.967045,8836200
2009-08-13,21.940001,21.940001,21.57,21.860001,11.950644,9989600
2009-08-14,21.85,21.950001,21.540001,21.809999,11.923305,6857700
2009-08-17,21.629999,21.76,21.49,21.67,11.846775,11379700
2009-08-18,21.73,21.77,21.5,21.77,11.901443,9571200
2009-08-19,21.6,22.280001,21.6,22.190001,12.131048,12452600
2009-08-20,22.24,22.370001,22.129999,22.25,12.163855,7342300
2009-08-21,22.370001,22.74,22.35,22.57,12.338794,13200300
2009-08-24,22.690001,22.690001,22.440001,22.58,12.344262,6780400
2009-08-25,22.5,23.17,22.49,22.950001,12.546534,13958400
2009-08-26,22.940001,23.280001,22.83,22.91,12.524671,12508200
2009-08-27,22.809999,22.879999,22.639999,22.780001,12.453596,8045500
2009-08-28,22.469999,22.5,21.969999,22.120001,12.092789,15757200
2009-08-31,21.950001,22.16,21.67,22.129999,12.098248,13331100
2009-09-01,22.030001,22.190001,21.57,21.690001,11.857707,13243800
2009-09-02,21.709999,21.85,21.58,21.73,11.879578,7858900
2009-09-03,21.85,21.85,21.540001,21.77,11.901443,7927000
2009-09-04,21.83,22.02,21.74,22.0,12.027181,5994400
2009-09-08,22.030001,22.16,21.85,22.030001,12.043575,9222200
2009-09-09,21.959999,22.42,21.950001,22.280001,12.180251,7943700
2009-09-10,22.33,22.370001,22.120001,22.26,12.169322,8629600
2009-09-11,22.35,22.49,22.25,22.299999,12.191187,7363000
2009-09-14,22.309999,22.450001,22.24,22.389999,12.240386,6710500
2009-09-15,22.379999,22.42,22.139999,22.25,12.163855,7965900
2009-09-16,22.34,22.629999,22.27,22.459999,12.278655,11189900
2009-09-17,22.450001,22.52,22.200001,22.34,12.213053,9074300
2009-09-18,22.49,22.610001,22.33,22.52,12.31146,13457000
2009-09-21,22.49,22.719999,22.32,22.57,12.338794,8003000
2009-09-22,22.700001,22.700001,22.27,22.27,12.174789,10175700
2009-09-23,22.370001,22.620001,22.219999,22.24,12.158383,10572900
2009-09-24,22.32,22.5,22.290001,22.43,12.262257,10088900
2009-09-25,22.48,22.6,22.379999,22.42,12.256785,10990400
2009-09-28,22.530001,22.98,22.450001,22.690001,12.404396,8156600
2009-09-29,22.77,23.07,22.65,22.879999,12.508269,14931500
2009-09-30,22.74,22.809999,22.35,22.52,12.480559,15780500
2009-10-01,22.51,22.530001,22.1,22.1,12.247797,14573700
2009-10-02,22.049999,22.35,22.0,22.26,12.336468,9726800
2009-10-05,22.370001,22.370001,22.15,22.200001,12.30322,7542100
2009-10-06,22.35,22.52,22.280001,22.459999,12.447308,9207900
2009-10-07,22.450001,22.450001,22.18,22.32,12.369718,7500500
2009-10-08,22.48,22.58,22.299999,22.34,12.380803,6876000
2009-10-09,22.27,22.469999,22.209999,22.469999,12.452848,9760900
2009-10-12,22.85,22.85,22.639999,22.700001,12.580313,6455000
2009-10-13,22.67,22.77,22.530001,22.6,12.524894,9726500
2009-10-14,22.67,22.99,22.620001,22.940001,12.71332,8534600
2009-10-15,22.860001,23.219999,22.85,23.209999,12.862959,12518800
2009-10-16,23.02,23.139999,22.83,22.879999,12.680071,12736100
2009-10-19,22.969999,23.120001,22.809999,22.969999,12.729946,11489800
2009-10-20,23.15,23.280001,23.0,23.040001,12.768738,12161400
2009-10-21,23.040001,23.1,22.530001,22.690001,12.574768,12885600
2009-10-22,22.629999,22.67,22.120001,22.459999,12.447308,14156400
2009-10-23,22.559999,22.58,22.1,22.24,12.32538,10625600
2009-10-26,22.26,22.629999,21.870001,21.92,12.148037,12440900
2009-10-27,21.969999,22.309999,21.93,22.120001,12.25888,10863100
2009-10-28,22.030001,22.440001,22.01,22.16,12.281045,10178900
2009-10-29,22.25,22.26,22.02,22.200001,12.30322,10121200
2009-10-30,22.1,22.27,21.76,21.799999,12.081535,12066900
2009-11-02,21.870001,22.07,21.67,21.77,12.06491,11523800
2009-11-03,21.92,21.92,21.690001,21.860001,12.114788,9044000
2009-11-04,21.99,22.51,21.85,22.18,12.292133,15167100
2009-11-05,22.27,22.75,22.27,22.5,12.469474,11297500
2009-11-06,22.559999,22.68,22.4,22.639999,12.547062,7366000
2009-11-09,22.77,23.110001,22.690001,23.049999,12.774282,9130900
2009-11-10,23.0,23.41,22.940001,23.34,12.935,11001200
2009-11-11,23.41,23.5,23.200001,23.25,12.885122,7657100
2009-11-12,23.219999,23.389999,23.08,23.120001,12.813083,7152300
2009-11-13,23.120001,23.469999,23.09,23.18,12.84633,9670000
2009-11-16,23.940001,24.629999,23.799999,24.299999,13.467036,39180700
2009-11-17,24.4,24.4,23.99,24.23,13.428238,24807900
2009-11-18,24.18,24.549999,24.049999,24.52,13.588959,20779900
2009-11-19,24.450001,24.49,23.85,24.030001,13.317397,21408200
2009-11-20,23.92,24.5,23.889999,24.459999,13.555702,24662100
2009-11-23,24.559999,25.1,24.5,25.049999,13.882681,31014500
2009-11-24,24.950001,25.18,24.68,25.16,13.943644,32272300
2009-11-25,25.24,25.75,25.110001,25.65,14.215201,32040600
2009-11-27,24.709999,25.530001,24.709999,25.379999,14.065569,9785100
2009-11-30,25.27,25.620001,25.08,25.309999,14.026778,30240600
2009-12-01,25.389999,25.58,24.639999,24.65,13.661007,48222300
2009-12-02,24.809999,24.879999,24.549999,24.77,13.727509,22001700
2009-12-03,24.83,25.370001,24.719999,25.16,13.943644,37033900
2009-12-04,25.25,25.530001,25.07,25.139999,13.932562,41621300
2009-12-07,25.440001,25.950001,25.27,25.280001,14.010145,56461300
2009-12-08,25.24,25.299999,24.9,24.9,13.799554,27675800
2009-12-09,24.93,25.15,24.809999,25.110001,13.915935,24218400
2009-12-10,25.219999,25.74,25.16,25.540001,14.154242,43117600
2009-12-11,25.469999,25.969999,25.459999,25.799999,14.298326,33777100
2009-12-14,25.879999,26.17,25.65,25.959999,14.387003,57493600
2009-12-15,25.76,25.93,25.450001,25.74,14.265079,53881600
2009-12-16,25.9,25.98,25.639999,25.809999,14.303874,47420000
2009-12-17,25.809999,25.940001,25.620001,25.77,14.281706,50581500
2009-12-18,26.049999,26.08,25.32,25.780001,14.28725,123619400
2009-12-21,25.889999,26.620001,25.790001,25.870001,14.337125,78030100
2009-12-22,25.860001,26.200001,25.51,25.59,14.181947,49863800
2009-12-23,25.360001,25.790001,25.35,25.700001,14.24291,53644500
2009-12-24,25.780001,25.870001,25.4,25.76,14.276165,15230400
2009-12-28,25.76,26.139999,25.719999,25.950001,14.381456,38927300
2009-12-29,26.0,26.110001,25.85,25.85,14.326044,24745600
2009-12-30,25.49,25.67,25.440001,25.610001,14.370933,9487200
2009-12-31,25.49,25.719999,25.23,25.25,14.16892,11122300
2010-01-04,25.41,25.700001,25.299999,25.629999,14.38215,14376100
2010-01-05,25.51,25.549999,25.01,25.23,14.157699,16973600
2010-01-06,25.17,25.290001,25.07,25.219999,14.152089,15528900
2010-01-07,25.18,25.41,25.1,25.24,14.163304,15761700
2010-01-08,25.299999,25.34,24.719999,24.82,13.927622,18730800
2010-01-11,24.940001,25.110001,24.860001,25.08,14.073525,14106100
2010-01-12,25.01,25.200001,24.709999,24.809999,13.922021,11940500
2010-01-13,24.790001,25.08,24.700001,24.99,14.023023,14428100
2010-01-14,25.02,25.110001,24.879999,25.049999,14.056693,11354600
2010-01-15,25.049999,25.18,24.9,25.07,14.067908,13449500
2010-01-19,25.110001,26.0,25.07,25.65,14.393376,19370400
2010-01-20,25.450001,25.879999,25.190001,25.459999,14.286763,16368400
2010-01-21,25.42,25.639999,24.889999,24.950001,14.00057,16776800
2010-01-22,24.98,25.049999,24.5,24.6,13.804176,15945500
2010-01-25,24.74,24.809999,24.299999,24.33,13.652671,11292200
2010-01-26,24.27,24.370001,23.5,24.299999,13.635834,13539300
2010-01-27,24.280001,24.41,24.08,24.299999,13.635834,12404200
2010-01-28,24.629999,24.82,24.1,24.1,13.523603,18705200
2010-01-29,24.139999,24.620001,23.959999,24.360001,13.669499,20525500
2010-02-01,24.77,24.77,24.23,24.379999,13.680717,15287600
2010-02-02,24.370001,24.799999,24.139999,24.780001,13.905179,9867000
2010-02-03,24.67,24.719999,24.32,24.5,13.748059,8116200
2010-02-04,24.309999,24.51,23.9,23.99,13.46188,16693900
2010-02-05,23.940001,24.08,23.49,23.969999,13.45065,15208300
2010-02-08,23.91,24.299999,23.76,23.959999,13.445037,12496000
2010-02-09,24.1,24.41,23.9,24.25,13.607773,9906600
2010-02-10,24.27,24.27,23.76,23.92,13.422595,10597500
2010-02-11,23.85,23.98,23.57,23.889999,13.405763,11005400
2010-02-12,23.76,24.0,23.549999,23.91,13.416985,9663100
2010-02-16,24.030001,24.280001,23.860001,24.209999,13.58533,10274500
2010-02-17,24.33,24.639999,24.290001,24.51,13.753672,9011200
2010-02-18,24.51,24.879999,24.42,24.84,13.938848,11287500
2010-02-19,24.780001,25.01,24.66,24.950001,14.00057,10744300
2010-02-22,24.950001,24.98,24.440001,24.68,13.84907,8655000
2010-02-23,24.6,24.799999,24.370001,24.440001,13.714392,8651000
2010-02-24,24.540001,24.74,24.379999,24.709999,13.865897,8538400
2010-02-25,24.52,24.549999,24.200001,24.48,13.736838,10154800
2010-02-26,24.48,24.620001,24.450001,24.51,13.753672,7107200
2010-03-01,24.59,24.629999,24.299999,24.389999,13.686338,10867500
2010-03-02,24.59,24.780001,24.450001,24.719999,13.871511,10434600
2010-03-03,24.74,24.780001,24.25,24.33,13.652671,14351900
2010-03-04,24.379999,24.49,24.34,24.469999,13.731223,14242300
2010-03-05,24.93,25.33,24.77,25.280001,14.185753,19878200
2010-03-08,25.23,25.35,25.15,25.309999,14.202592,12382000
2010-03-09,25.15,25.27,25.01,25.200001,14.140863,11099800
2010-03-10,25.09,25.67,25.08,25.65,14.393376,16804200
2010-03-11,25.6,26.01,25.469999,25.959999,14.567331,15854200
2010-03-12,25.879999,25.969999,25.780001,25.889999,14.528052,11789900
2010-03-15,25.75,25.950001,25.67,25.950001,14.56172,9240300
2010-03-16,25.889999,26.02,25.74,25.99,14.584161,8604800
2010-03-17,25.969999,26.07,25.780001,25.98,14.57856,14715000
2010-03-18,25.91,26.120001,25.85,26.07,14.629057,9515200
2010-03-19,26.01,26.25,25.860001,26.01,14.595392,14936700
2010-03-22,25.93,26.6,25.9,26.48,14.859129,15305100
2010-03-23,26.51,26.809999,26.33,26.790001,15.033089,11539200
2010-03-24,26.700001,26.780001,26.629999,26.690001,14.97697,16057600
2010-03-25,26.870001,26.93,26.700001,26.780001,15.027474,13528300
2010-03-26,26.809999,26.860001,26.66,26.690001,14.97697,12398200
2010-03-29,26.780001,27.07,26.700001,27.0,15.150926,12627600
2010-03-30,26.76,26.93,26.52,26.76,15.196348,15433900
2010-03-31,26.65,26.809999,26.290001,26.700001,15.162283,12553700
2010-04-01,26.77,27.01,26.77,26.950001,15.304248,11471400
2010-04-05,26.940001,26.950001,26.559999,26.77,15.202029,12281000
2010-04-06,26.719999,26.77,26.33,26.379999,14.980558,10694700
2010-04-07,26.34,26.690001,26.27,26.549999,15.077099,10212200
2010-04-08,26.540001,26.540001,26.16,26.17,14.861305,13065700
2010-04-09,26.200001,26.360001,26.1,26.25,14.906738,11263700
2010-04-12,26.25,26.4,26.15,26.290001,14.929454,10925000
2010-04-13,26.24,26.299999,25.969999,25.98,14.753412,12611800
2010-04-14,25.91,25.959999,25.59,25.700001,14.594404,13460800
2010-04-15,25.639999,25.639999,25.299999,25.34,14.38997,18520400
2010-04-16,25.27,25.559999,25.200001,25.48,14.469478,16415400
2010-04-19,25.219999,25.82,24.969999,25.809999,14.656876,23618200
2010-04-20,25.860001,25.9,25.34,25.43,14.44108,13355900
2010-04-21,25.41,25.43,24.969999,25.1,14.253688,15927600
2010-04-22,25.01,25.049999,24.280001,24.440001,13.878882,21751600
2010-04-23,24.469999,24.84,24.120001,24.74,14.049243,13667400
2010-04-26,24.799999,24.84,24.48,24.5,13.912955,10639000
2010-04-27,24.450001,24.57,24.129999,24.209999,13.748273,13627700
2010-04-28,24.299999,24.59,24.07,24.34,13.822096,14144200
2010-04-29,25.280001,25.93,25.0,25.370001,14.407005,20658400
2010-04-30,25.42,25.58,25.18,25.309999,14.372935,14368200
2010-05-03,25.309999,25.4,25.1,25.129999,14.270713,10414100
2010-05-04,25.1,25.700001,25.02,25.27,14.350224,16761100
2010-05-05,25.1,25.370001,24.92,25.059999,14.230963,14107900
2010-05-06,24.940001,25.030001,22.799999,24.280001,13.788017,19603200
2010-05-07,24.280001,24.959999,24.07,24.34,13.822096,23348600
2010-05-10,24.34,24.75,23.93,24.139999,13.708513,25474800
2010-05-11,24.030001,24.709999,24.02,24.370001,13.839132,15508300
2010-05-12,24.459999,24.5,24.190001,24.440001,13.878882,10136600
2010-05-13,24.4,24.440001,23.969999,24.0,13.62902,13392800
2010-05-14,24.0,24.0,23.379999,23.559999,13.379153,14148800
2010-05-17,23.75,24.0,23.360001,23.700001,13.458655,13588000
2010-05-18,23.9,23.92,23.5,23.549999,13.373475,9613700
2010-05-19,23.459999,23.85,23.309999,23.709999,13.464337,16424000
2010-05-20,23.4,23.709999,23.049999,23.09,13.11225,18724700
2010-05-21,22.9,23.049999,22.5,22.959999,13.038424,17799800
2010-05-24,22.93,23.18,22.74,22.99,13.055459,13271000
2010-05-25,22.6,22.889999,22.24,22.860001,12.981644,13904100
2010-05-26,23.030001,23.07,22.639999,22.719999,12.90213,14181800
2010-05-27,23.07,23.35,23.01,23.34,13.254216,10743000
2010-05-28,23.379999,23.450001,23.110001,23.209999,13.180396,9876100
2010-06-01,23.110001,23.469999,22.9,23.02,13.072498,10663800
2010-06-02,23.059999,23.24,22.860001,23.0,13.061137,17113700
2010-06-03,23.18,23.18,22.73,22.879999,12.992999,21818300
2010-06-04,22.709999,22.85,22.309999,22.440001,12.743133,26551500
2010-06-07,23.85,24.360001,23.530001,23.860001,13.549516,42053800
2010-06-08,23.93,24.35,23.74,24.299999,13.799374,35451700
2010-06-09,24.34,24.4,24.09,24.139999,13.708513,21197900
2010-06-10,24.34,24.68,24.25,24.639999,13.992459,16660300
2010-06-11,25.540001,25.76,24.950001,25.08,14.242321,19790100
2010-06-14,25.08,25.5,25.059999,25.290001,14.361578,16878900
2010-06-15,25.389999,25.67,25.23,25.629999,14.554653,12513000
2010-06-16,25.299999,25.879999,25.299999,25.879999,14.696623,15463200
2010-06-17,25.719999,25.91,25.65,25.860001,14.685268,16802500
2010-06-18,25.799999,25.870001,25.459999,25.780001,14.639837,16430100
2010-06-21,25.889999,25.950001,25.299999,25.440001,14.446757,11063500
2010-06-22,25.41,25.780001,25.379999,25.440001,14.446757,10918100
2010-06-23,25.43,25.49,25.139999,25.24,14.333179,12683400
2010-06-24,25.120001,25.49,25.01,25.35,14.39565,14840000
2010-06-25,25.450001,25.83,25.23,25.57,14.520581,26249200
2010-06-28,25.639999,25.68,25.299999,25.57,14.520581,12950800
2010-06-29,25.4,25.610001,25.139999,25.290001,14.361578,22258500
2010-06-30,24.98,25.219999,24.73,24.940001,14.344324,18910400
2010-07-01,24.84,24.940001,24.219999,24.76,14.240794,19140500
2010-07-02,24.870001,25.040001,24.5,24.690001,14.200534,9900000
2010-07-06,24.93,25.4,24.76,25.24,14.51687,16934800
2010-07-07,25.24,25.879999,25.129999,25.799999,14.83895,17386500
2010-07-08,25.950001,25.950001,25.389999,25.58,14.712423,16704100
2010-07-09,25.57,25.65,25.290001,25.6,14.723921,11509100
2010-07-12,25.6,25.6,25.110001,25.26,14.528371,12715600
2010-07-13,25.360001,25.6,25.200001,25.309999,14.557134,14046200
2010-07-14,25.219999,25.26,24.9,25.09,14.430597,14552200
2010-07-15,25.1,25.530001,25.030001,25.5,14.666409,14703100
2010-07-16,25.440001,25.469999,25.1,25.17,14.476609,13136300
2010-07-19,25.27,25.27,24.780001,24.84,14.286803,11804800
2010-07-20,24.65,25.09,24.459999,25.02,14.390336,10655500
2010-07-21,24.92,25.110001,24.59,24.75,14.235041,9830000
2010-07-22,24.959999,25.219999,24.75,24.93,14.338565,10385300
2010-07-23,24.940001,24.950001,24.26,24.65,14.177531,13043700
2010-07-26,24.57,25.030001,24.57,24.969999,14.361577,8817400
2010-07-27,25.09,25.35,24.84,25.32,14.562879,14152600
2010-07-28,25.25,25.360001,25.02,25.120001,14.447851,8072400
2010-07-29,25.370001,25.5,24.85,25.08,14.424842,9463800
2010-07-30,24.98,25.129999,24.780001,24.92,14.332824,11435700
2010-08-02,25.33,25.610001,25.290001,25.530001,14.683663,9770900
2010-08-03,25.65,25.85,25.58,25.68,14.769938,6842900
2010-08-04,25.700001,26.129999,25.610001,26.030001,14.971233,10233700
2010-08-05,25.83,26.379999,25.799999,26.379999,15.172541,12264600
2010-08-06,26.290001,26.450001,26.049999,26.370001,15.166794,8774900
2010-08-09,26.370001,26.540001,26.299999,26.51,15.247315,6825300
2010-08-10,26.32,26.780001,26.299999,26.66,15.33358,7009500
2010-08-11,26.32,26.5,26.15,26.25,15.097774,8808100
2010-08-12,26.01,26.389999,26.0,26.33,15.143784,7350500
2010-08-13,26.24,26.459999,26.1,26.32,15.138041,5760100
2010-08-16,26.24,26.34,26.040001,26.280001,15.115029,10377700
2010-08-17,26.4,26.790001,26.26,26.59,15.293325,12325700
2010-08-18,26.530001,26.57,26.23,26.280001,15.115029,12235800
2010-08-19,26.200001,26.290001,25.809999,26.059999,14.988491,8218000
2010-08-20,26.309999,26.540001,26.08,26.440001,15.207054,18140100
2010-08-23,26.48,26.76,26.379999,26.48,15.230054,12146600
2010-08-24,26.26,26.370001,25.950001,26.02,14.965487,11625900
2010-08-25,25.9,26.15,25.74,26.08,14.999994,16809000
2010-08-26,26.110001,26.18,25.75,25.85,14.867717,7931300
2010-08-27,25.969999,26.27,25.66,26.120001,15.023009,6402300
2010-08-30,26.040001,26.18,25.84,25.85,14.867717,7939800
2010-08-31,26.110001,26.34,25.969999,26.08,14.999994,13407900
2010-09-01,26.24,26.549999,26.110001,26.41,15.189802,9320700
2010-09-02,26.35,26.49,26.26,26.43,15.201301,6857700
2010-09-03,26.459999,26.620001,26.379999,26.58,15.287571,6645900
2010-09-07,26.450001,26.76,26.370001,26.610001,15.304828,10039200
2010-09-08,26.67,26.969999,26.639999,26.75,15.385349,8851400
2010-09-09,26.91,26.99,26.700001,26.870001,15.454368,6105100
2010-09-10,26.9,27.1,26.719999,27.049999,15.557898,8500700
2010-09-13,27.139999,27.200001,26.93,27.16,15.621163,8986500
2010-09-14,27.15,27.200001,26.780001,26.959999,15.506128,10983700
2010-09-15,26.92,27.08,26.799999,27.01,15.53489,8570200
2010-09-16,27.01,27.15,26.85,26.950001,15.500381,8016800
2010-09-17,27.02,27.440001,27.0,27.309999,15.70744,14912300
2010-09-20,27.42,27.870001,27.41,27.809999,15.995006,11922000
2010-09-21,27.870001,28.0,27.709999,27.790001,15.983508,37450000
2010-09-22,27.66,27.9,27.57,27.82,16.000765,33146500
2010-09-23,27.620001,28.0,27.540001,27.68,15.920242,31214800
2010-09-24,27.75,27.93,27.57,27.620001,15.88574,12524400
2010-09-27,27.65,27.77,27.59,27.6,15.874229,9206500
2010-09-28,27.68,27.99,27.6,27.93,16.064032,9893900
2010-09-29,27.57,27.709999,27.209999,27.370001,15.924393,10193600
2010-09-30,27.440001,27.530001,27.030001,27.110001,15.773117,11184700
2010-10-01,27.110001,27.32,26.950001,27.280001,15.872034,8900900
2010-10-04,26.950001,27.139999,26.690001,26.73,15.552032,9480200
2010-10-05,26.889999,27.200001,26.889999,27.139999,15.790572,10965500
2010-10-06,27.1,27.280001,27.09,27.190001,15.819671,8154200
2010-10-07,27.34,27.4,27.219999,27.299999,15.883668,5764500
2010-10-08,27.299999,27.379999,27.1,27.16,15.80221,6549200
2010-10-11,27.139999,27.559999,27.139999,27.360001,15.918579,5796400
2010-10-12,27.280001,27.48,27.1,27.23,15.842939,7958100
2010-10-13,27.280001,27.42,27.23,27.34,15.90694,8904700
2010-10-14,27.41,27.65,27.35,27.51,16.005848,8218100
2010-10-15,27.620001,27.719999,27.18,27.200001,15.825487,19509900
2010-10-18,27.290001,27.33,26.950001,27.33,15.901124,9713400
2010-10-19,27.030001,27.139999,26.620001,26.84,15.616035,10937500
2010-10-20,26.82,27.129999,26.799999,26.889999,15.645124,7246000
2010-10-21,27.0,27.17,26.91,27.110001,15.773117,7702100
2010-10-22,27.1,27.15,26.93,26.959999,15.685848,4840700
2010-10-25,27.01,27.23,26.99,27.16,15.80221,8223200
2010-10-26,27.01,27.08,26.690001,26.860001,15.627659,9419900
2010-10-27,26.719999,26.99,26.700001,26.870001,15.633485,10060800
2010-10-28,26.969999,27.030001,26.73,26.99,15.703299,8278400
2010-10-29,26.969999,27.02,26.709999,26.9,15.650928,7974500
2010-11-01,27.059999,27.32,26.92,27.07,15.749845,8920500
2010-11-02,27.110001,27.24,26.790001,26.9,15.650928,9398100
2010-11-03,26.889999,26.950001,26.440001,26.65,15.505485,13109300
2010-11-04,26.83,26.889999,26.559999,26.83,15.610209,10087900
2010-11-05,26.879999,26.9,26.52,26.690001,15.528755,9215800
2010-11-08,26.540001,26.629999,26.290001,26.469999,15.400752,7168800
2010-11-09,26.49,26.49,26.17,26.25,15.272757,8123500
2010-11-10,26.190001,26.41,26.120001,26.309999,15.307661,10309800
2010-11-11,26.23,26.309999,26.139999,26.27,15.284392,6124200
2010-11-12,26.200001,26.35,26.0,26.02,15.138939,10708700
2010-11-15,25.969999,26.67,25.93,26.32,15.313486,14207000
2010-11-16,26.15,26.24,25.85,26.040001,15.150569,9874800
2010-11-17,26.17,26.219999,25.799999,25.959999,15.104028,8289900
2010-11-18,26.139999,26.389999,26.110001,26.32,15.313486,8428500
2010-11-19,26.0,26.120001,25.85,25.950001,15.098211,15588700
2010-11-22,25.870001,26.0,25.700001,25.9,15.069119,9397000
2010-11-23,25.690001,25.700001,25.43,25.559999,14.871303,9131100
2010-11-24,25.74,25.83,25.57,25.65,14.923666,6082600
2010-11-26,25.549999,25.65,25.549999,25.549999,14.86548,2151000
2010-11-29,25.42,25.49,25.1,25.42,14.789851,8334700
2010-11-30,25.120001,25.4,25.1,25.24,14.685119,11282100
2010-12-01,25.67,25.67,25.42,25.559999,14.871303,8769900
2010-12-02,25.629999,25.870001,25.52,25.84,15.034209,8097300
2010-12-03,25.73,25.93,25.610001,25.91,15.07494,8939000
2010-12-06,25.84,25.99,25.799999,25.889999,15.063295,14891200
2010-12-07,25.969999,26.01,25.75,25.83,15.028392,8403600
2010-12-08,25.889999,25.93,25.67,25.9,15.069119,6926100
2010-12-09,25.950001,25.969999,25.75,25.9,15.069119,5406100
2010-12-10,25.950001,26.1,25.91,26.040001,15.150569,7854900
2010-12-13,26.040001,26.4,26.0,26.26,15.278577,9690600
2010-12-14,26.27,26.549999,26.25,26.549999,15.447298,9158900
2010-12-15,26.58,26.879999,26.51,26.65,15.505485,9669200
2010-12-16,26.65,26.799999,26.6,26.719999,15.546209,6503800
2010-12-17,26.67,26.719999,26.43,26.49,15.412392,11898000
2010-12-20,26.52,26.610001,26.49,26.51,15.424027,7340100
2010-12-21,26.6,26.68,26.280001,26.360001,15.336759,14976000
2010-12-22,26.4,26.51,26.280001,26.34,15.325118,9677000
2010-12-23,26.34,26.5,26.27,26.32,15.313486,6983000
2010-12-27,26.27,26.610001,26.219999,26.5,15.418213,6275300
2010-12-28,26.629999,26.68,26.469999,26.59,15.470572,8532200
2010-12-29,26.620001,26.73,26.549999,26.549999,15.447298,5491400
2010-12-30,26.51,26.6,26.42,26.450001,15.389123,4736900
2010-12-31,26.48,26.629999,26.4,26.48,15.406568,6224000
2011-01-03,26.65,26.719999,26.559999,26.58,15.464756,12585200
2011-01-04,26.67,26.68,26.450001,26.5,15.418213,14221300
2011-01-05,26.219999,26.27,25.879999,26.059999,15.353407,14248200
2011-01-06,26.01,26.15,25.780001,25.84,15.22379,12172800
2011-01-07,25.91,25.959999,25.709999,25.799999,15.200224,11285500
2011-01-10,25.700001,25.82,25.66,25.74,15.164875,10536000
2011-01-11,25.75,25.76,25.450001,25.610001,15.088283,10954400
2011-01-12,25.700001,25.950001,25.629999,25.950001,15.288599,10465100
2011-01-13,25.889999,25.950001,25.780001,25.9,15.25914,7744300
2011-01-14,25.85,25.92,25.73,25.84,15.22379,6583400
2011-01-18,25.889999,25.889999,25.66,25.76,15.176656,8633500
2011-01-19,25.700001,25.85,25.559999,25.610001,15.088283,6901100
2011-01-20,25.620001,25.91,25.559999,25.83,15.217897,8704400
2011-01-21,25.92,26.09,25.860001,26.059999,15.353407,18221000
2011-01-24,26.01,26.129999,25.969999,26.0,15.318055,8805900
2011-01-25,25.969999,26.049999,25.85,26.030001,15.335733,7221300
2011-01-26,26.129999,26.17,25.92,25.93,15.276811,6985200
2011-01-27,25.959999,26.6,25.92,26.35,15.52426,13665600
2011-01-28,26.41,26.440001,25.790001,25.790001,15.194334,10454400
2011-01-31,25.879999,25.9,25.16,25.18,14.834948,15264000
2011-02-01,25.35,25.440001,25.209999,25.27,14.887971,10499900
2011-02-02,25.4,25.41,25.25,25.280001,14.893865,9808200
2011-02-03,25.15,25.67,25.1,25.5,15.023479,10670100
2011-02-04,25.459999,25.76,25.32,25.700001,15.141305,7095800
2011-02-07,25.860001,26.049999,25.790001,25.83,15.217897,11574000
2011-02-08,25.91,25.969999,25.709999,25.75,15.170766,8413200
2011-02-09,25.75,25.84,25.620001,25.719999,15.153087,8426200
2011-02-10,25.73,25.75,25.5,25.540001,15.04705,9340900
2011-02-11,25.5,25.5,25.209999,25.219999,14.858516,10407700
2011-02-14,25.26,25.6,25.23,25.559999,15.058827,9594800
2011-02-15,25.360001,25.610001,25.33,25.610001,15.088283,6863900
2011-02-16,25.6,25.74,25.52,25.620001,15.094178,6361200
2011-02-17,25.59,25.790001,25.5,25.77,15.18255,5630100
2011-02-18,25.68,25.719999,25.32,25.49,15.01759,15697900
2011-02-22,25.33,25.51,25.129999,25.379999,14.952781,8956200
2011-02-23,25.309999,25.450001,25.200001,25.219999,14.858516,9301400
2011-02-24,25.17,25.469999,25.17,25.4,14.964561,9569400
2011-02-25,25.41,25.52,25.27,25.49,15.01759,7071100
2011-02-28,25.59,25.82,25.559999,25.809999,15.206119,10480400
2011-03-01,25.66,25.84,25.559999,25.58,15.070609,9894600
2011-03-02,25.629999,25.639999,25.25,25.389999,14.958664,8976300
2011-03-03,25.559999,26.219999,25.49,26.139999,15.400535,31795200
2011-03-04,26.16,26.43,26.07,26.43,15.571395,31690800
2011-03-07,26.42,26.5,26.200001,26.309999,15.50069,33765100
2011-03-08,26.379999,26.530001,26.23,26.450001,15.583176,13386200
2011-03-09,26.35,26.450001,26.25,26.35,15.52426,8473000
2011-03-10,26.24,26.389999,26.129999,26.26,15.471234,9851900
2011-03-11,26.18,26.43,26.129999,26.41,15.559615,9145900
2011-03-14,26.139999,26.370001,26.02,26.200001,15.435889,10857200
2011-03-15,25.780001,25.879999,25.549999,25.57,15.064718,22968200
2011-03-16,25.540001,25.540001,24.969999,24.969999,14.711226,13479200
2011-03-17,25.23,25.530001,25.15,25.43,14.982236,14734400
2011-03-18,25.639999,25.83,25.5,25.73,15.158978,13586500
2011-03-21,25.9,26.18,25.83,26.0,15.318055,10641400
2011-03-22,26.75,26.9,26.27,26.290001,15.488912,19915300
2011-03-23,26.15,26.290001,25.860001,26.16,15.41232,14532100
2011-03-24,26.16,26.52,26.08,26.43,15.571395,10153000
2011-03-25,26.51,27.959999,26.290001,27.290001,16.078068,41333500
2011-03-28,27.35,27.379999,26.940001,26.98,15.895428,18382900
2011-03-29,27.02,27.09,26.799999,26.84,15.812948,18686100
2011-03-30,26.639999,26.82,26.389999,26.469999,15.789085,19094600
2011-03-31,26.459999,26.68,26.17,26.43,15.765222,16903600
2011-04-01,26.51,26.66,26.4,26.459999,15.783114,10022000
2011-04-04,26.48,27.0,26.48,26.719999,15.938202,10411000
2011-04-05,26.67,26.92,26.58,26.870001,16.027683,11368500
2011-04-06,26.93,27.290001,26.889999,27.190001,16.218557,15439700
2011-04-07,27.18,27.25,26.959999,27.08,16.152946,13092700
2011-04-08,27.059999,27.549999,27.040001,27.51,16.409435,16202100
2011-04-11,27.32,27.66,27.309999,27.4,16.343822,11106400
2011-04-12,27.23,27.620001,27.23,27.440001,16.367678,10329900
2011-04-13,27.48,27.5,27.209999,27.33,16.302071,9581900
2011-04-14,27.23,27.719999,27.209999,27.610001,16.469088,12733800
2011-04-15,27.690001,27.969999,27.66,27.879999,16.630142,12633800
2011-04-18,27.67,27.68,27.379999,27.58,16.451189,12049600
2011-04-19,27.68,27.82,27.360001,27.450001,16.37365,9688400
2011-04-20,27.65,27.82,27.559999,27.700001,16.522772,10381100
2011-04-21,27.65,27.950001,27.620001,27.82,16.594349,8848600
2011-04-25,27.68,27.860001,27.610001,27.74,16.546629,5922700
2011-04-26,27.82,28.17,27.82,28.120001,16.773287,11200000
2011-04-27,28.110001,28.440001,28.110001,28.280001,16.868732,11753600
2011-04-28,28.43,28.5,28.15,28.290001,16.874701,11379700
2011-04-29,28.34,28.389999,27.9,28.1,16.761366,8462200
2011-05-02,28.24,28.57,28.23,28.450001,16.970131,10287100
2011-05-03,28.5,28.950001,28.459999,28.83,17.196806,23057200
2011-05-04,28.65,28.790001,28.41,28.709999,17.125217,11826400
2011-05-05,28.639999,28.73,28.35,28.49,16.993992,8936500
2011-05-06,28.629999,28.799999,28.540001,28.639999,17.083469,8432800
2011-05-09,28.66,28.799999,28.41,28.719999,17.131184,7200900
2011-05-10,28.74,28.82,28.459999,28.809999,17.184874,8036400
2011-05-11,28.540001,28.879999,28.530001,28.76,17.155045,10330800
2011-05-12,28.700001,28.959999,28.51,28.91,17.244522,9947200
2011-05-13,28.82,28.99,28.690001,28.809999,17.184874,9654900
2011-05-16,28.82,28.969999,28.74,28.790001,17.172941,6786000
2011-05-17,28.67,28.700001,28.290001,28.65,17.08943,11503400
2011-05-18,28.610001,28.860001,28.450001,28.860001,17.214699,9400200
2011-05-19,28.9,28.9,28.43,28.6,17.059616,8891100
2011-05-20,28.48,28.540001,28.120001,28.370001,16.922422,10219600
2011-05-23,28.120001,28.25,28.0,28.200001,16.821011,8238400
2011-05-24,28.23,28.4,28.1,28.25,16.850843,5825900
2011-05-25,28.08,28.32,28.02,28.280001,16.868732,7316000
2011-05-26,28.17,28.459999,28.110001,28.41,16.946281,7890600
2011-05-27,28.459999,28.5,28.32,28.469999,16.982063,4619300
2011-05-31,28.620001,28.76,28.48,28.76,17.155045,7733300
2011-06-01,28.709999,28.76,28.24,28.27,16.862762,10176700
2011-06-02,28.25,28.25,28.01,28.09,16.755404,8089900
2011-06-03,27.889999,28.040001,27.85,27.98,16.689789,10005600
2011-06-06,27.790001,28.049999,27.450001,27.969999,16.683811,13975400
2011-06-07,27.98,28.27,27.969999,27.99,16.695751,7886800
2011-06-08,27.959999,28.049999,27.84,27.92,16.654003,9539900
2011-06-09,28.01,28.049999,27.82,27.860001,16.618206,11632100
2011-06-10,27.799999,27.83,27.43,27.450001,16.37365,11480400
2011-06-13,27.43,27.68,27.42,27.6,16.463123,10384000
2011-06-14,27.719999,27.82,27.67,27.690001,16.516804,10281100
2011-06-15,27.549999,27.709999,27.32,27.42,16.355751,8429900
2011-06-16,27.18,27.620001,27.18,27.469999,16.385586,9352200
2011-06-17,27.639999,27.809999,27.440001,27.52,16.415401,11448500
2011-06-20,27.52,27.84,27.48,27.809999,16.588385,7182500
2011-06-21,27.959999,28.110001,27.84,27.98,16.689789,15506100
2011-06-22,27.91,28.120001,27.73,27.74,16.546629,8188000
2011-06-23,29.5,29.540001,28.83,29.33,17.495049,35227700
2011-06-24,29.26,29.32,28.9,28.93,17.256449,19131600
2011-06-27,29.030001,29.120001,28.33,28.469999,16.982063,19192000
2011-06-28,28.58,28.66,28.5,28.6,17.059616,10666500
2011-06-29,28.280001,28.639999,28.27,28.540001,17.222544,11223000
2011-06-30,28.65,29.0,28.639999,28.959999,17.475994,11196800
2011-07-01,28.950001,29.15,28.950001,29.15,17.590651,8148400
2011-07-05,29.030001,29.209999,28.99,29.16,17.596684,9084500
2011-07-06,29.129999,29.280001,29.08,29.219999,17.632889,9019400
2011-07-07,29.370001,29.41,29.15,29.370001,17.72341,11489700
2011-07-08,29.26,29.34,28.950001,29.120001,17.572546,9336500
2011-07-11,28.9,29.02,28.780001,28.889999,17.433754,7277900
2011-07-12,28.799999,29.110001,28.74,29.01,17.506168,9384500
2011-07-13,29.1,29.360001,28.92,29.030001,17.518232,8709900
2011-07-14,29.01,29.290001,28.83,29.1,17.560474,8561100
2011-07-15,29.1,29.16,28.76,28.969999,17.482018,11333200
2011-07-18,28.780001,28.879999,28.5,28.66,17.294945,9832700
2011-07-19,28.719999,28.940001,28.65,28.809999,17.385469,11106000
2011-07-20,28.82,29.110001,28.700001,28.889999,17.433754,9708200
2011-07-21,29.049999,29.73,29.030001,29.559999,17.838066,12832600
2011-07-22,29.59,29.620001,29.35,29.49,17.795824,7262300
2011-07-25,29.219999,29.51,29.16,29.209999,17.626854,8145600
2011-07-26,29.18,29.23,28.969999,29.040001,17.524265,8764000
2011-07-27,28.950001,29.07,28.58,28.610001,17.264784,12779800
2011-07-28,28.709999,29.35,28.709999,29.049999,17.530298,15345900
2011-07-29,28.84,28.950001,28.549999,28.66,17.294945,11105600
2011-08-01,29.059999,29.09,28.25,28.549999,17.228575,14078300
2011-08-02,28.790001,28.98,28.030001,28.040001,16.920813,15846800
2011-08-03,28.07,28.309999,27.75,28.290001,17.071682,16006200
2011-08-04,27.99,28.0,27.16,27.18,16.40184,16561400
2011-08-05,27.389999,27.799999,26.620001,27.43,16.552717,19459800
2011-08-08,26.690001,27.18,26.360001,26.379999,15.919084,32386200
2011-08-09,26.66,27.139999,25.690001,27.1,16.353565,24397100
2011-08-10,26.870001,27.17,26.360001,26.459999,15.967356,23107800
2011-08-11,26.76,28.049999,26.719999,27.799999,16.77599,21417100
2011-08-12,28.02,28.17,27.67,27.969999,16.878572,13780300
2011-08-15,28.16,28.200001,27.780001,28.17,16.999262,10888000
2011-08-16,28.200001,28.610001,27.870001,28.389999,17.132021,11373700
2011-08-17,28.49,28.719999,28.33,28.51,17.204443,8723300
2011-08-18,28.030001,28.200001,27.6,27.85,16.806162,16375100
2011-08-19,27.65,28.24,27.620001,27.879999,16.824255,16406900
2011-08-22,28.299999,28.639999,27.940001,28.049999,16.926844,13334600
2011-08-23,28.190001,28.780001,28.16,28.76,17.355301,12255500
2011-08-24,28.67,28.950001,28.559999,28.91,17.445812,12907900
2011-08-25,28.889999,28.889999,28.309999,28.48,17.186337,10479800
2011-08-26,28.389999,28.889999,27.879999,28.719999,17.331161,10864900
2011-08-29,29.299999,29.42,29.1,29.290001,17.675131,12814300
2011-08-30,29.129999,29.299999,28.77,29.120001,17.572546,16093500
2011-08-31,29.309999,29.92,29.27,29.75,17.952719,16926200
2011-09-01,29.75,30.0,29.6,29.690001,17.916515,12358400
2011-09-02,29.4,29.639999,28.969999,29.01,17.506168,14927800
2011-09-06,28.52,29.35,28.370001,29.24,17.644957,17942400
2011-09-07,29.559999,29.969999,29.389999,29.91,18.049271,13060900
2011-09-08,29.59,30.139999,29.549999,29.84,18.007025,12042200
2011-09-09,29.52,29.75,28.959999,29.16,17.596684,13905800
2011-09-12,28.84,29.450001,28.700001,29.440001,17.765652,12953400
2011-09-13,29.4,29.620001,29.219999,29.549999,17.832027,9014800
2011-09-14,29.77,29.93,29.309999,29.629999,17.880302,11541700
2011-09-15,29.85,29.959999,29.65,29.959999,18.079441,7738700
2011-09-16,30.030001,30.530001,29.969999,30.530001,18.423416,15753300
2011-09-19,30.530001,30.93,30.48,30.719999,18.538063,18162800
2011-09-20,30.92,31.639999,30.67,31.49,19.002729,18573800
2011-09-21,31.530001,31.780001,30.950001,30.950001,18.676868,14027200
2011-09-22,30.309999,30.879999,30.18,30.620001,18.477724,23164000
2011-09-23,30.360001,31.16,29.66,30.889999,18.640652,19651900
2011-09-26,31.15,31.24,30.75,30.940001,18.67083,21086600
2011-09-27,31.48,31.5,31.129999,31.24,18.851866,14637800
2011-09-28,31.15,31.4,30.790001,30.84,18.610485,13671900
2011-09-29,31.129999,31.41,30.73,31.120001,18.779448,16176300
2011-09-30,30.91,31.91,30.780001,31.379999,18.936348,16123600
2011-10-03,31.299999,31.93,31.16,31.49,19.002729,25810600
2011-10-04,31.07,32.09,30.950001,32.09,19.364807,26900000
2011-10-05,31.99,32.75,31.809999,32.73,19.751009,23871700
2011-10-06,32.32,32.549999,32.119999,32.450001,19.781485,23455700
2011-10-07,32.470001,32.599998,32.279999,32.380001,19.738813,18925800
2011-10-10,32.810001,32.889999,32.650002,32.830002,20.013136,12895400
2011-10-11,32.619999,33.080002,32.59,32.959999,20.092377,13077000
2011-10-12,32.939999,33.200001,32.77,32.82,20.00704,12440600
2011-10-13,32.610001,32.93,32.610001,32.759998,19.97047,9967300
2011-10-14,32.939999,33.0,32.18,32.439999,19.775385,16447400
2011-10-17,32.16,32.549999,32.110001,32.439999,19.775385,10158000
2011-10-18,32.360001,32.779999,32.110001,32.560001,19.848543,11930900
2011-10-19,32.580002,32.77,32.200001,32.349998,19.720524,10773100
2011-10-20,32.400002,32.669998,32.259998,32.439999,19.775385,11623900
2011-10-21,32.73,32.790001,32.380001,32.560001,19.848543,11330100
2011-10-24,32.509998,32.639999,32.360001,32.529999,19.830259,10371700
2011-10-25,32.509998,32.580002,32.080002,32.110001,19.574221,11565100
2011-10-26,32.119999,32.540001,31.91,32.509998,19.818056,11713200
2011-10-27,33.18,33.27,32.400002,32.990002,20.110672,18977200
2011-10-28,32.389999,32.709999,31.75,32.09,19.562029,20610400
2011-10-31,31.889999,32.080002,31.57,31.59,19.257233,10719800
2011-11-01,31.07,31.75,31.01,31.309999,19.086552,16254900
2011-11-02,31.59,31.65,30.889999,31.17,19.001202,12778900
2011-11-03,31.379999,31.799999,31.299999,31.74,19.348675,13186300
2011-11-04,31.41,31.58,31.09,31.34,19.104836,12622400
2011-11-07,31.200001,31.459999,31.1,31.389999,19.135311,7955600
2011-11-08,31.42,31.75,31.32,31.73,19.342577,10893700
2011-11-09,31.35,31.4,30.84,30.969999,18.879272,10477200
2011-11-10,31.16,31.41,30.99,31.32,19.09264,8795300
2011-11-11,31.65,31.950001,31.629999,31.790001,19.379148,7582600
2011-11-14,31.59,31.73,31.41,31.51,19.208467,8602200
2011-11-15,31.389999,31.559999,31.200001,31.209999,19.025585,9973500
2011-11-16,31.02,31.24,30.809999,30.84,18.800034,9872000
2011-11-17,30.83,30.889999,30.32,30.629999,18.672022,10120700
2011-11-18,30.790001,30.98,30.629999,30.809999,18.781744,8811100
2011-11-21,30.49,30.629999,30.209999,30.42,18.544008,8470000
2011-11-22,30.469999,30.66,30.299999,30.51,18.598866,9179800
2011-11-23,30.35,30.440001,30.15,30.15,18.379416,6794000
2011-11-25,30.16,30.370001,30.1,30.16,18.385504,3386800
2011-11-28,30.799999,31.15,30.610001,31.110001,18.964634,10720300
2011-11-29,31.23,31.65,31.16,31.5,19.202362,9862500
2011-11-30,32.220001,32.73,32.169998,32.720001,19.946081,14641500
2011-12-01,32.279999,33.099998,32.27,32.900002,20.055801,13312000
2011-12-02,33.040001,33.209999,32.75,32.77,19.976561,14539100
2011-12-05,32.880001,33.189999,32.68,32.830002,20.013136,15191100
2011-12-06,32.869999,33.349998,32.82,33.119999,20.189917,11189300
2011-12-07,33.080002,33.720001,33.07,33.529999,20.439852,12936900
2011-12-08,33.240002,33.66,33.240002,33.310001,20.305748,10612200
2011-12-09,33.459999,33.66,33.290001,33.540001,20.44595,7843600
2011-12-12,33.369999,33.59,33.029999,33.18,20.226498,8855100
2011-12-13,33.310001,33.68,33.27,33.529999,20.439852,10679400
2011-12-14,33.450001,33.849998,33.349998,33.740002,20.567871,11432600
2011-12-15,33.98,34.400002,33.939999,34.27,20.890966,11561800
2011-12-16,34.41,34.5,34.080002,34.220001,20.860476,15431900
2011-12-19,34.299999,34.68,34.18,34.27,20.890966,8268100
2011-12-20,34.540001,35.209999,34.459999,35.029999,21.354256,17004600
2011-12-21,34.900002,35.290001,34.880001,35.290001,21.512751,8166400
2011-12-22,35.200001,35.349998,35.0,35.09,21.390821,9068700
2011-12-23,35.139999,35.23,34.98,35.110001,21.403019,8912000
2011-12-27,35.09,35.310001,35.02,35.23,21.47617,7208100
2011-12-28,35.25,35.290001,35.0,35.060001,21.372547,4715700
2011-12-29,35.029999,35.299999,34.950001,35.27,21.500566,6467900
2011-12-30,35.299999,35.439999,35.220001,35.240002,21.482267,5149500
2012-01-03,35.330002,35.439999,34.799999,35.009998,21.342062,17234600
2012-01-04,34.57,34.639999,34.16,34.34,21.13892,11616200
2012-01-05,34.0,34.25,33.759998,34.16,21.028111,13196700
2012-01-06,34.209999,34.380001,34.130001,34.220001,21.065052,7916000
2012-01-09,34.099998,34.169998,33.650002,33.91,20.874222,15949000
2012-01-10,34.290001,34.709999,34.150002,34.619999,21.311281,12398000
2012-01-11,34.43,34.5,33.970001,34.099998,20.991179,11328600
2012-01-12,34.209999,34.220001,33.889999,34.119999,21.003489,8761100
2012-01-13,33.889999,33.919998,33.720001,33.799999,20.806505,6990300
2012-01-17,33.900002,34.189999,33.669998,33.720001,20.757265,10894300
2012-01-18,33.73,33.919998,33.639999,33.73,20.763418,9061100
2012-01-19,33.599998,33.610001,32.57,32.709999,20.13553,26196700
2012-01-20,32.59,32.82,32.529999,32.650002,20.098595,16611700
2012-01-23,32.669998,32.75,32.459999,32.470001,19.987797,15377000
2012-01-24,32.389999,32.560001,32.220001,32.25,19.852365,11439100
2012-01-25,32.41,32.740002,32.279999,32.700001,20.129368,17253400
2012-01-26,32.810001,32.970001,32.23,32.48,19.99395,18843500
2012-01-27,32.5,32.540001,32.009998,32.290001,19.876986,12028200
2012-01-30,32.060001,32.32,32.009998,32.25,19.852365,8272900
2012-01-31,32.290001,32.470001,31.889999,32.240002,19.846207,11707700
2012-02-01,32.529999,32.599998,32.310001,32.43,19.963167,11873300
2012-02-02,32.560001,32.560001,32.169998,32.310001,19.889305,7294500
2012-02-03,32.43,32.560001,32.18,32.259998,19.858524,8353500
2012-02-06,32.23,32.380001,32.09,32.130001,19.778494,6610800
2012-02-07,32.040001,32.209999,32.02,32.150002,19.79081,8809400
2012-02-08,32.049999,32.16,31.93,32.080002,19.747717,7321900
2012-02-09,32.060001,32.130001,31.799999,31.99,19.692314,6452400
2012-02-10,31.75,31.940001,31.65,31.9,19.636911,8086900
2012-02-13,31.950001,32.029999,31.309999,31.99,19.692314,8311400
2012-02-14,31.91,32.029999,31.66,31.85,19.606134,8160100
2012-02-15,31.84,31.99,31.690001,31.870001,19.618448,8450500
2012-02-16,31.889999,32.130001,31.809999,32.040001,19.723093,8739200
2012-02-17,32.650002,33.259998,32.5,33.119999,20.387913,20494900
2012-02-21,33.16,33.189999,32.25,32.32,19.895456,12504200
2012-02-22,32.290001,32.470001,32.169998,32.23,19.840052,11632300
2012-02-23,32.240002,32.41,32.189999,32.349998,19.913918,7311300
2012-02-24,32.380001,32.689999,32.349998,32.599998,20.067814,7222800
2012-02-27,32.459999,32.740002,32.369999,32.650002,20.098595,5618900
2012-02-28,32.610001,32.639999,32.400002,32.450001,19.975481,9342000
2012-02-29,32.52,32.540001,32.169998,32.169998,19.803122,10314200
2012-03-01,32.049999,32.689999,32.049999,32.639999,20.09244,12020500
2012-03-02,32.560001,32.720001,32.459999,32.59,20.061663,6648200
2012-03-05,32.459999,32.950001,32.419998,32.919998,20.264801,6881900
2012-03-06,32.68,32.82,32.27,32.330002,19.901604,9301800
2012-03-07,32.32,32.529999,32.09,32.48,19.99395,6594700
2012-03-08,32.740002,32.880001,32.630001,32.779999,20.178621,5477800
2012-03-09,32.810001,32.950001,32.75,32.91,20.25864,5708600
2012-03-12,32.82,33.080002,32.82,33.049999,20.344828,6172300
2012-03-13,33.169998,33.450001,33.060001,33.419998,20.572598,8169300
2012-03-14,33.41,33.630001,33.389999,33.549999,20.652611,7453600
2012-03-15,33.450001,33.57,33.110001,33.23,20.455631,9569600
2012-03-16,33.209999,33.41,33.110001,33.18,20.424849,9244600
2012-03-19,33.099998,33.209999,33.049999,33.150002,20.406389,5832500
2012-03-20,33.169998,33.220001,33.0,33.080002,20.363304,4432500
2012-03-21,33.080002,33.16,32.849998,33.119999,20.387913,9736600
2012-03-22,33.029999,33.130001,32.84,32.900002,20.252487,24128300
2012-03-23,32.970001,33.029999,32.75,32.959999,20.289417,25022400
2012-03-26,33.139999,33.59,33.099998,33.59,20.677237,24620100
2012-03-27,33.630001,33.759998,33.509998,33.669998,20.726484,6417600
2012-03-28,33.57,33.849998,33.48,33.669998,20.726484,9889400
2012-03-29,33.720001,33.75,33.25,33.560001,20.658773,6498900
2012-03-30,33.68,33.919998,33.580002,33.75,20.77573,7843700
2012-04-02,33.650002,33.93,33.630001,33.889999,20.861908,8389100
2012-04-03,33.459999,33.900002,33.459999,33.869999,21.06089,11729500
2012-04-04,33.580002,33.830002,33.580002,33.700001,20.955193,6448000
2012-04-05,33.549999,33.709999,33.450001,33.68,20.942743,6001100
2012-04-09,33.349998,33.470001,33.040001,33.040001,20.544788,9053000
2012-04-10,33.0,33.09,32.470001,32.470001,20.190353,11257400
2012-04-11,32.639999,32.779999,32.52,32.59,20.264967,9800400
2012-04-12,32.650002,32.650002,32.389999,32.549999,20.240089,8478400
2012-04-13,32.459999,32.57,32.279999,32.540001,20.233877,12085200
2012-04-16,32.619999,33.0,32.59,32.93,20.476387,10409500
2012-04-17,33.049999,33.419998,32.900002,33.389999,20.762421,9785900
2012-04-18,33.330002,33.700001,33.220001,33.57,20.874346,10013100
2012-04-19,34.720001,35.0,33.799999,33.93,21.098196,23492000
2012-04-20,34.029999,34.27,33.869999,34.23,21.284742,13795000
2012-04-23,33.950001,34.16,33.830002,33.939999,21.10442,6890800
2012-04-24,33.84,34.110001,33.830002,33.970001,21.123075,7603700
2012-04-25,34.119999,34.310001,34.099998,34.290001,21.322056,7869300
2012-04-26,34.349998,34.349998,33.490002,33.759998,20.992489,13859400
2012-04-27,33.630001,33.790001,33.279999,33.32,20.718893,12520000
2012-04-30,33.23,33.43,33.169998,33.369999,20.749977,7749700
2012-05-01,33.549999,33.740002,33.389999,33.52,20.843252,8310800
2012-05-02,33.389999,33.700001,33.389999,33.490002,20.824606,6721700
2012-05-03,33.349998,33.68,33.279999,33.5,20.830818,6468800
2012-05-04,33.400002,33.759998,33.330002,33.369999,20.749977,7789800
2012-05-07,33.220001,33.630001,33.200001,33.459999,20.805937,7452200
2012-05-08,33.27,33.330002,32.959999,33.209999,20.650494,10327600
2012-05-09,33.0,33.130001,32.779999,32.810001,20.401777,8625900
2012-05-10,33.049999,33.310001,32.970001,33.189999,20.63806,8881900
2012-05-11,33.23,33.290001,33.07,33.110001,20.588306,6472900
2012-05-14,32.959999,33.189999,32.759998,32.91,20.463947,6922000
2012-05-15,32.790001,33.099998,32.779999,32.98,20.507469,10180500
2012-05-16,33.25,33.290001,32.900002,33.02,20.532354,9703900
2012-05-17,33.150002,33.360001,32.75,32.75,20.364458,13313800
2012-05-18,32.830002,32.990002,32.599998,32.720001,20.345806,11234600
2012-05-21,32.75,32.889999,32.52,32.709999,20.339586,7925300
2012-05-22,32.68,33.02,32.650002,32.830002,20.414204,8732400
2012-05-23,32.759998,32.860001,32.360001,32.52,20.221447,7728600
2012-05-24,32.509998,33.02,32.509998,32.990002,20.513693,7344200
2012-05-25,32.93,33.299999,32.919998,33.09,20.575878,5297600
2012-05-29,33.080002,33.470001,33.049999,33.34,20.731325,7514300
2012-05-30,33.200001,33.650002,33.16,33.48,20.818386,10142900
2012-05-31,33.41,33.669998,33.18,33.34,20.731325,10362900
2012-06-01,32.869999,33.34,32.830002,33.330002,20.725117,12350700
2012-06-04,34.02,34.07,33.279999,33.66,20.930309,15818500
2012-06-05,33.560001,33.91,33.52,33.900002,21.079552,9935500
2012-06-06,34.07,34.110001,33.849998,34.040001,21.166605,12122200
2012-06-07,34.169998,34.310001,34.099998,34.25,21.297186,15363600
2012-06-08,34.16,34.380001,34.09,34.369999,21.371803,7562300
2012-06-11,34.529999,34.580002,34.169998,34.18,21.253658,6575800
2012-06-12,34.299999,34.380001,33.970001,34.25,21.297186,8889600
2012-06-13,34.150002,34.450001,34.119999,34.209999,21.272316,6615800
2012-06-14,34.290001,34.830002,34.259998,34.549999,21.483725,11720900
2012-06-15,34.650002,34.709999,34.200001,34.23,21.284742,15927900
2012-06-18,34.150002,34.639999,34.119999,34.580002,21.502386,8443700
2012-06-19,34.759998,34.900002,34.700001,34.830002,21.657837,8165000
2012-06-20,34.759998,34.849998,34.450001,34.740002,21.601875,8677200
2012-06-21,34.849998,34.98,34.709999,34.790001,21.632971,8540100
2012-06-22,34.889999,35.380001,34.810001,35.360001,21.987392,29308900
2012-06-25,33.889999,34.419998,33.869999,34.130001,21.222567,21542000
2012-06-26,34.099998,34.689999,34.099998,34.52,21.465078,8645800
2012-06-27,34.860001,35.169998,34.720001,35.09,21.81951,7208800
2012-06-28,34.990002,35.119999,34.669998,35.080002,21.813295,12169400
2012-06-29,35.299999,35.950001,35.299999,35.950001,22.354267,11189900
2012-07-02,35.740002,36.34,35.709999,36.049999,22.416447,15679900
2012-07-03,35.509998,35.52,34.77,34.91,21.914253,12136700
2012-07-05,34.869999,34.990002,34.700001,34.77,21.82638,7854400
2012-07-06,34.59,34.849998,34.369999,34.610001,21.725943,7690000
2012-07-09,34.490002,35.029999,34.470001,35.02,21.983307,7392500
2012-07-10,35.099998,35.119999,34.639999,34.720001,21.794994,10639600
2012-07-11,34.799999,34.869999,34.43,34.59,21.713379,9025400
2012-07-12,34.540001,35.060001,34.459999,34.91,21.914253,9741900
2012-07-13,35.0,35.5,34.959999,35.369999,22.203018,8481600
2012-07-16,35.41,35.59,35.18,35.43,22.240683,7381600
2012-07-17,35.490002,36.060001,35.43,35.98,22.585934,9475300
2012-07-18,35.900002,36.150002,35.830002,36.09,22.654993,8134100
2012-07-19,36.099998,36.150002,35.919998,36.150002,22.692652,7310200
2012-07-20,36.060001,36.060001,35.389999,35.419998,22.234406,10395500
2012-07-23,35.110001,35.18,34.900002,34.970001,21.951929,7246100
2012-07-24,35.0,35.0,34.540001,34.73,21.801268,6375000
2012-07-25,34.810001,35.150002,34.48,34.950001,21.939373,6643800
2012-07-26,35.419998,35.950001,35.16,35.799999,22.47294,9307000
2012-07-27,35.990002,36.18,35.939999,36.049999,22.629877,15218900
2012-07-30,35.950001,35.990002,35.57,35.630001,22.366234,7356100
2012-07-31,35.689999,35.799999,35.52,35.599998,22.347401,7621200
2012-08-01,35.73,36.0,35.540001,35.599998,22.347401,7036200
2012-08-02,33.080002,33.470001,32.41,32.549999,20.432806,43520300
2012-08-03,32.959999,33.099998,32.560001,32.639999,20.489305,18310300
2012-08-06,32.779999,32.82,32.529999,32.59,20.457918,11520900
2012-08-07,32.689999,32.779999,32.52,32.540001,20.426527,8109000
2012-08-08,32.540001,32.540001,32.0,32.099998,20.150324,13485200
2012-08-09,32.130001,32.23,31.719999,31.77,19.943169,15341900
2012-08-10,31.780001,31.940001,31.67,31.73,19.91806,17032900
2012-08-13,31.67,31.709999,31.48,31.57,19.817621,12806000
2012-08-14,31.6,31.75,31.5,31.73,19.91806,12160500
2012-08-15,31.67,31.99,31.67,31.879999,20.012222,9877100
2012-08-16,31.860001,32.07,31.75,31.92,20.037329,9925000
2012-08-17,32.02,32.07,31.469999,31.57,19.817621,13685400
2012-08-20,31.51,31.719999,31.370001,31.700001,19.899229,12007400
2012-08-21,31.690001,31.84,31.51,31.620001,19.849014,9224900
2012-08-22,31.549999,31.809999,31.540001,31.809999,19.968283,8895800
2012-08-23,31.92,32.41,31.879999,32.150002,20.181707,15440400
2012-08-24,32.279999,32.740002,32.200001,32.57,20.445366,11764600
2012-08-27,32.619999,32.98,32.470001,32.889999,20.646235,11115100
2012-08-28,32.779999,33.150002,32.720001,32.959999,20.690172,10661300
2012-08-29,32.900002,33.119999,32.759998,32.900002,20.652517,8310400
2012-08-30,32.779999,32.970001,32.740002,32.869999,20.633677,6069900
2012-08-31,33.040001,33.259998,32.849998,33.009998,20.721563,7334600
2012-09-04,33.040001,33.23,32.900002,33.139999,20.803171,6710300
2012-09-05,33.200001,33.310001,32.84,33.080002,20.765503,8719100
2012-09-06,33.330002,33.5,33.09,33.5,21.029156,7600700
2012-09-07,33.48,33.580002,33.119999,33.299999,20.903612,7820400
2012-09-10,33.200001,33.32,33.130001,33.139999,20.803171,7961100
2012-09-11,33.560001,33.75,33.450001,33.560001,21.066822,10657900
2012-09-12,33.580002,33.689999,33.5,33.599998,21.091923,6952900
2012-09-13,33.549999,33.849998,33.380001,33.709999,21.160986,10064300
2012-09-14,33.68,33.75,33.139999,33.240002,20.865946,11750300
2012-09-17,33.299999,33.380001,32.93,33.07,20.759226,17065300
2012-09-18,33.0,33.18,32.860001,32.900002,20.652517,14646500
2012-09-19,33.02,33.099998,32.849998,32.900002,20.652517,11071100
2012-09-20,32.849998,33.099998,32.82,33.080002,20.765503,10385700
2012-09-21,33.169998,33.709999,33.080002,33.610001,21.098202,11939900
2012-09-24,33.599998,33.959999,33.52,33.869999,21.261421,9157300
2012-09-25,34.049999,34.240002,33.91,33.970001,21.324188,11356100
2012-09-26,34.02,34.049999,33.610001,33.66,21.129593,8614600
2012-09-27,33.880001,33.990002,33.77,33.849998,21.248867,6777000
2012-09-28,33.779999,33.869999,33.639999,33.75,21.1861,20973000
2012-10-01,33.790001,34.130001,33.779999,33.91,21.286524,20400900
2012-10-02,33.990002,34.150002,33.75,33.950001,21.31163,9158900
2012-10-03,33.59,35.59,33.389999,33.560001,21.279938,7483600
2012-10-04,33.52,33.950001,33.509998,33.689999,21.36236,7255700
2012-10-05,33.790001,33.84,33.549999,33.639999,21.330656,6661000
2012-10-08,33.529999,33.68,33.369999,33.560001,21.279938,5185600
2012-10-09,33.490002,33.66,33.23,33.23,21.070688,7655000
2012-10-10,33.23,33.389999,33.02,33.259998,21.08971,10613600
2012-10-11,33.32,33.389999,32.919998,32.950001,20.893137,10372200
2012-10-12,33.049999,33.299999,32.970001,33.09,20.981915,6380100
2012-10-15,33.049999,34.549999,33.0,33.93,21.514544,22299900
2012-10-16,34.049999,34.360001,34.009998,34.130001,21.641363,9745800
2012-10-17,34.27,34.439999,34.189999,34.380001,21.799879,5984100
2012-10-18,34.299999,34.369999,34.200001,34.290001,21.742813,6131700
2012-10-19,34.25,34.279999,33.740002,33.810001,21.438456,8548500
2012-10-22,33.650002,34.040001,33.57,34.040001,21.584291,9672100
2012-10-23,33.709999,33.75,33.099998,33.240002,21.077023,10124300
2012-10-24,32.849998,33.209999,32.700001,33.049999,20.956549,12524100
2012-10-25,33.220001,33.73,33.139999,33.73,21.387722,16764500
2012-10-26,33.810001,33.830002,33.439999,33.619999,21.317978,9164400
2012-10-31,33.599998,33.689999,33.029999,33.25,21.083361,7950500
2012-11-01,33.470001,33.860001,33.439999,33.48,21.229206,11474400
2012-11-02,33.66,33.75,33.169998,33.18,21.038982,14852500
2012-11-05,33.099998,33.209999,32.970001,33.09,20.981915,7639500
2012-11-06,33.200001,33.450001,33.040001,33.27,21.096046,7544000
2012-11-07,33.049999,33.110001,32.330002,32.619999,20.683889,9236800
2012-11-08,32.540001,32.610001,32.119999,32.119999,20.366844,7168200
2012-11-09,32.029999,32.439999,31.99,32.23,20.4366,6998300
2012-11-12,32.189999,32.25,31.92,31.940001,20.252712,8011000
2012-11-13,31.809999,32.200001,31.75,31.870001,20.208324,6693800
2012-11-14,31.85,31.9,31.379999,31.48,19.961031,11417900
2012-11-15,31.379999,31.379999,30.639999,30.809999,19.536194,23036600
2012-11-16,30.780001,31.83,30.75,31.709999,20.106871,18815600
2012-11-19,31.91,32.049999,31.780001,32.029999,20.309772,8238100
2012-11-20,32.049999,32.189999,31.860001,32.150002,20.385872,6498200
2012-11-21,32.25,32.43,32.040001,32.41,20.550728,5576100
2012-11-23,32.5,32.669998,32.450001,32.619999,20.683889,3453800
2012-11-26,32.509998,32.73,32.389999,32.73,20.753637,6785100
2012-11-27,32.700001,32.82,32.57,32.610001,20.677547,6876300
2012-11-28,32.48,32.779999,32.099998,32.73,20.753637,6113900
2012-11-29,32.860001,33.040001,32.759998,32.82,20.810705,6014800
2012-11-30,32.779999,32.799999,32.540001,32.630001,20.690228,8580300
2012-12-03,32.709999,32.880001,32.400002,32.669998,20.71559,9350600
2012-12-04,32.740002,32.830002,32.43,32.700001,20.734613,7260400
2012-12-05,32.709999,32.950001,32.59,32.790001,20.791685,8381800
2012-12-06,32.759998,32.880001,32.540001,32.720001,20.747292,5547500
2012-12-07,32.5,32.720001,32.369999,32.560001,20.645844,7278700
2012-12-10,32.5,32.860001,32.459999,32.810001,20.804367,6905400
2012-12-11,32.889999,33.240002,32.790001,33.07,20.969231,7486400
2012-12-12,33.380001,33.549999,33.080002,33.209999,21.058002,11161900
2012-12-13,33.130001,33.200001,32.700001,32.790001,20.791685,9106600
2012-12-14,32.59,32.889999,32.560001,32.73,20.753637,7628000
2012-12-17,32.720001,32.959999,32.650002,32.799999,20.798023,10174200
2012-12-18,32.82,33.099998,32.669998,33.02,20.937531,16619000
2012-12-19,32.990002,33.040001,32.529999,32.57,20.652191,8865200
2012-12-20,32.529999,32.630001,32.34,32.57,20.652191,7304400
2012-12-21,32.389999,32.639999,32.18,32.560001,20.645844,13793800
2012-12-24,32.419998,32.549999,32.32,32.459999,20.582439,2805800
2012-12-26,32.48,32.5,32.200001,32.349998,20.51268,4105500
2012-12-27,32.279999,32.349998,31.85,32.139999,20.37953,6857400
2012-12-28,31.93,32.25,31.870001,31.9,20.227345,6481700
2012-12-31,32.34,32.73,32.169998,32.59,20.664865,12461800
2013-01-02,32.84,32.84,32.5,32.709999,20.966122,12153200
2013-01-03,32.73,33.279999,32.619999,33.240002,21.30584,10281400
2013-01-04,33.330002,33.43,33.09,33.349998,21.376341,8631900
2013-01-07,33.27,33.540001,33.209999,33.400002,21.408388,6047800
2013-01-08,33.360001,33.66,33.349998,33.490002,21.466078,9651300
2013-01-09,33.5,33.689999,33.389999,33.68,21.587866,11742200
2013-01-10,33.75,34.110001,33.689999,34.09,21.850662,7943400
2013-01-11,34.009998,34.23,33.950001,34.130001,21.876305,7067300
2013-01-14,34.130001,34.299999,34.110001,34.220001,21.933989,5599300
2013-01-15,34.029999,34.369999,34.02,34.299999,21.985268,8170000
2013-01-16,34.200001,34.400002,34.18,34.330002,22.004496,6278700
2013-01-17,34.419998,34.459999,34.18,34.27,21.966038,6719900
2013-01-18,34.209999,34.48,34.099998,34.459999,22.087818,7424500
2013-01-22,34.369999,34.860001,34.32,34.849998,22.337799,9315000
2013-01-23,34.75,34.91,34.610001,34.900002,22.369848,12752600
2013-01-24,34.939999,35.970001,34.900002,35.810001,22.953127,21433100
2013-01-25,35.860001,36.709999,35.849998,36.689999,23.517183,20038100
2013-01-28,36.18,36.560001,36.040001,36.41,23.337708,13034300
2013-01-29,36.23,36.66,36.209999,36.540001,23.42104,9501400
2013-01-30,36.52,36.669998,36.349998,36.619999,23.472313,10978900
2013-01-31,36.490002,36.650002,35.77,36.139999,23.164648,14268300
2013-02-01,36.419998,36.970001,36.34,36.91,23.658203,11810800
2013-02-04,36.490002,36.799999,36.380001,36.52,23.408224,8562200
2013-02-05,36.669998,37.09,36.5,36.509998,23.401802,10766000
2013-02-06,36.41,36.740002,36.389999,36.549999,23.42745,15233200
2013-02-07,36.580002,36.77,36.279999,36.490002,23.38899,8029900
2013-02-08,36.5,37.029999,36.490002,37.029999,23.735117,8462400
2013-02-11,36.849998,37.080002,36.799999,36.93,23.671013,5318800
2013-02-12,36.91,36.959999,36.52,36.52,23.408224,6692100
2013-02-13,36.490002,36.529999,36.029999,36.119999,23.151833,11953600
2013-02-14,36.060001,36.700001,36.040001,36.580002,23.446678,7408500
2013-02-15,36.689999,36.830002,36.48,36.580002,23.446678,7038900
2013-02-19,36.580002,36.98,36.580002,36.939999,23.677429,5517200
2013-02-20,36.849998,36.990002,36.669998,36.689999,23.517183,5774300
2013-02-21,36.610001,36.779999,36.509998,36.689999,23.517183,7056600
2013-02-22,36.709999,36.970001,36.709999,36.900002,23.651789,5027800
2013-02-25,36.98,37.09,36.34,36.34,23.292839,7779200
2013-02-26,36.540001,36.779999,36.32,36.389999,23.324896,6688600
2013-02-27,36.419998,37.220001,36.310001,37.099998,23.779976,7366000
2013-02-28,37.07,37.150002,36.75,36.970001,23.696655,9315100
2013-03-01,36.889999,37.25,36.790001,37.150002,23.812035,9749800
2013-03-04,36.43,36.950001,36.43,36.939999,23.677429,7199800
2013-03-05,37.0,37.599998,37.0,37.57,24.081228,7663900
2013-03-06,37.610001,37.849998,37.490002,37.759998,24.20303,7226200
2013-03-07,37.779999,37.810001,37.509998,37.529999,24.055595,7642000
2013-03-08,37.549999,37.650002,37.299999,37.400002,23.972277,10532000
2013-03-11,37.290001,37.66,37.259998,37.52,24.049191,6714900
2013-03-12,37.529999,38.220001,37.529999,38.220001,24.497871,10267000
2013-03-13,38.16,38.57,37.959999,38.490002,24.670931,9563400
2013-03-14,38.5,38.610001,38.130001,38.48,24.664522,12365700
2013-03-15,38.470001,38.98,38.259998,38.959999,24.972185,13210500
2013-03-18,38.439999,39.130001,38.41,38.880001,24.920898,9021500
2013-03-19,38.939999,39.41,38.849998,39.34,25.215757,9687100
2013-03-20,39.490002,39.959999,39.380001,39.869999,25.555468,12545500
2013-03-21,39.810001,39.900002,39.68,39.709999,25.452915,8730500
2013-03-22,39.939999,40.48,39.799999,40.389999,25.888777,25838700
2013-03-25,40.459999,40.459999,39.990002,40.259998,25.805443,26233800
2013-03-26,40.299999,40.740002,40.150002,40.68,26.074652,6779100
2013-03-27,40.490002,40.84,40.360001,40.779999,26.138748,5791800
2013-03-28,40.950001,41.25,40.810001,41.189999,26.401543,10885800
2013-04-01,41.119999,41.360001,40.93,41.139999,26.369499,6612500
2013-04-02,41.18,41.790001,41.169998,41.68,26.715633,9125800
2013-04-03,41.220001,41.369999,40.950001,41.07,26.547554,12053600
2013-04-04,40.959999,41.209999,40.66,40.779999,26.360104,8596200
2013-04-05,40.220001,40.759998,40.049999,40.610001,26.250214,6491800
2013-04-08,40.52,40.740002,40.139999,40.73,26.327776,7201600
2013-04-09,40.700001,41.0,40.669998,40.830002,26.39242,8696000
2013-04-10,40.84,41.220001,40.68,41.189999,26.62513,7595900
2013-04-11,41.27,41.459999,41.060001,41.299999,26.696234,6937200
2013-04-12,41.029999,41.5,41.02,41.419998,26.7738,7196300
2013-04-15,41.360001,41.5,40.700001,40.75,26.340708,9015000
2013-04-16,41.080002,41.099998,40.560001,41.060001,26.541103,9873700
2013-04-17,40.880001,41.110001,40.529999,40.810001,26.379494,8612600
2013-04-18,40.720001,40.830002,40.310001,40.549999,26.211433,8538800
2013-04-19,40.709999,41.259998,40.52,41.150002,26.599281,8233800
2013-04-22,41.169998,42.0,40.950001,41.93,27.10347,10883200
2013-04-23,42.220001,42.869999,42.0,42.299999,27.34263,8816400
2013-04-24,42.259998,42.279999,41.389999,41.450001,26.793192,6817200
2013-04-25,40.82,40.91,40.029999,40.220001,25.998121,13873200
2013-04-26,40.130001,40.41,39.720001,40.279999,26.036907,10983900
2013-04-29,40.130001,40.279999,39.810001,39.91,25.797737,6717600
2013-04-30,39.830002,39.830002,39.18,39.720001,25.674923,11857100
2013-05-01,39.470001,39.830002,39.18,39.720001,25.674923,9958300
2013-05-02,39.889999,40.029999,39.669998,40.009998,25.862375,8235800
2013-05-03,40.349998,40.380001,40.060001,40.200001,25.985195,6184200
2013-05-06,40.119999,40.16,39.849998,40.02,25.868847,5827200
2013-05-07,40.18,40.200001,39.650002,40.02,25.868847,8143400
2013-05-08,40.060001,40.189999,39.560001,39.68,25.649065,7678900
2013-05-09,39.709999,40.0,39.32,39.93,25.810671,7654600
2013-05-10,40.060001,40.490002,39.939999,40.490002,26.172644,7725500
2013-05-13,40.400002,40.959999,40.259998,40.939999,26.463533,7298700
2013-05-14,41.0,42.32,40.950001,42.209999,27.284445,16783000
2013-05-15,42.220001,45.59,42.16,44.34,28.661283,33357300
2013-05-16,43.689999,44.540001,42.630001,42.77,27.646435,26059700
2013-05-17,42.990002,43.43,42.700001,43.299999,27.989017,11128100
2013-05-20,43.360001,44.139999,43.349998,43.759998,28.286362,9532500
2013-05-21,43.82,44.439999,43.450001,44.060001,28.480288,10156700
2013-05-22,44.84,47.48,44.84,46.400002,29.992865,25345900
2013-05-23,46.18,47.220001,45.869999,47.0,30.380699,11956400
2013-05-24,46.560001,47.549999,45.810001,47.400002,30.639259,12605100
2013-05-28,47.630001,48.830002,47.450001,47.68,30.82025,15042500
2013-05-29,47.150002,47.290001,46.209999,46.709999,30.193247,9825100
2013-05-30,46.98,47.830002,46.830002,47.02,30.393635,9857700
2013-05-31,46.82,47.439999,46.0,46.009998,29.740759,12289600
2013-06-03,47.099998,49.57,46.75,47.59,30.762062,27384300
2013-06-04,47.029999,48.18,46.400002,46.830002,30.270807,21511100
2013-06-05,46.73,47.080002,45.77,46.169998,29.844191,13964000
2013-06-06,46.380001,47.290001,45.919998,47.0,30.380699,12443300
2013-06-07,47.09,47.5,46.849998,47.5,30.703892,11199700
2013-06-10,47.599998,47.82,47.110001,47.310001,30.581087,7340400
2013-06-11,47.0,47.720001,46.75,47.290001,30.568153,9303200
2013-06-12,47.59,47.93,46.560001,46.57,30.102751,8841600
2013-06-13,46.27,47.25,46.25,47.169998,30.490591,8511600
2013-06-14,47.25,47.490002,46.77,46.799999,30.251425,7540700
2013-06-17,46.970001,47.080002,46.130001,46.439999,30.018707,9537100
2013-06-18,46.599998,47.0,46.459999,46.849998,30.283735,7155500
2013-06-19,46.599998,47.029999,46.029999,46.049999,29.766617,7826000
2013-06-20,45.810001,45.869999,44.32,44.580002,28.816416,12529600
2013-06-21,45.009998,46.07,44.830002,45.73,29.559772,15314100
2013-06-24,45.32,45.959999,44.889999,45.470001,29.391722,8740100
2013-06-25,45.77,45.77,45.07,45.18,29.204262,6949000
2013-06-26,45.560001,46.720001,45.23,46.470001,30.038111,9040900
2013-06-27,46.57,46.849998,46.169998,46.299999,29.928228,5895700
2013-06-28,46.009998,46.529999,44.68,44.689999,28.887516,16318900
2013-07-01,45.060001,45.540001,44.630001,44.82,28.971544,10018400
2013-07-02,44.419998,44.900002,43.869999,43.990002,28.658834,10519200
2013-07-03,43.950001,43.950001,42.959999,43.32,28.222347,7264400
2013-07-05,43.740002,44.25,43.41,44.18,28.782623,5466800
2013-07-08,44.060001,44.419998,43.900002,43.970001,28.645819,6756500
2013-07-09,44.279999,44.689999,44.139999,44.540001,29.017159,6101000
2013-07-10,44.459999,45.049999,44.459999,44.860001,29.225634,5258900
2013-07-11,45.5,46.139999,45.380001,46.029999,29.987879,8572800
2013-07-12,45.66,46.009998,45.25,45.810001,29.844534,8591000
2013-07-15,45.66,45.68,45.040001,45.16,29.42108,5919500
2013-07-16,45.189999,45.52,44.889999,44.990002,29.310331,4515600
2013-07-17,45.18,45.439999,44.509998,44.509998,28.99761,8247000
2013-07-18,44.619999,44.639999,43.849998,43.950001,28.63279,8158300
2013-07-19,43.990002,44.34,43.529999,44.189999,28.789139,9116500
2013-07-22,44.259998,45.0,44.139999,45.0,29.316839,7308500
2013-07-23,45.02,45.32,44.709999,45.189999,29.440626,6990000
2013-07-24,45.209999,45.389999,44.509998,44.59,29.049713,5237400
2013-07-25,43.830002,45.450001,43.5,43.93,28.619751,13016300
2013-07-26,43.82,44.27,43.150002,44.220001,28.80868,8223600
2013-07-29,44.099998,44.32,43.700001,43.759998,28.508989,8874900
2013-07-30,44.02,44.049999,43.040001,43.330002,28.228859,9836800
2013-07-31,43.380001,43.650002,43.189999,43.240002,28.170235,7961700
2013-08-01,43.700001,44.23,43.459999,43.990002,28.658834,7702600
2013-08-02,44.07,44.279999,43.759998,43.84,28.561119,6180300
2013-08-05,43.709999,43.990002,43.400002,43.619999,28.417788,5975500
2013-08-06,43.740002,44.389999,43.450001,44.139999,28.756563,6843400
2013-08-07,43.959999,44.07,43.689999,43.740002,28.495966,4702800
2013-08-08,44.02,44.189999,43.389999,44.0,28.665358,5931500
2013-08-09,43.790001,44.099998,43.490002,43.689999,28.463396,4189100
2013-08-12,43.389999,43.450001,43.009998,43.110001,28.085535,6177700
2013-08-13,43.029999,43.369999,42.759998,43.330002,28.228859,6495100
2013-08-14,43.18,43.689999,42.91,42.93,27.968267,5096100
2013-08-15,42.560001,42.619999,41.709999,41.98,27.349352,7261000
2013-08-16,41.849998,42.139999,41.259998,41.68,27.153912,8485000
2013-08-19,41.490002,42.23,41.459999,41.950001,27.329817,6968500
2013-08-20,41.950001,42.259998,41.57,41.57,27.082249,6069800
2013-08-21,41.5,41.720001,41.220001,41.32,26.919376,6793000
2013-08-22,41.369999,41.810001,41.110001,41.66,27.140875,4615900
2013-08-23,41.759998,42.34,41.669998,42.240002,27.518738,6674000
2013-08-26,42.240002,42.529999,42.080002,42.419998,27.636011,7087500
2013-08-27,42.009998,42.060001,41.5,41.669998,27.147398,5998700
2013-08-28,41.689999,42.169998,41.369999,42.029999,27.381924,6096800
2013-08-29,41.93,42.200001,41.709999,41.790001,27.22558,4466300
2013-08-30,41.799999,41.82,41.41,41.689999,27.160427,5961000
2013-09-03,42.009998,42.119999,41.549999,41.720001,27.179964,5043700
2013-09-04,41.75,42.0,41.560001,41.990002,27.355869,6946500
2013-09-05,41.919998,41.919998,41.32,41.720001,27.179964,6381400
2013-09-06,41.82,42.200001,41.619999,41.889999,27.290726,7240100
2013-09-09,41.950001,42.330002,41.950001,42.299999,27.557831,7220300
2013-09-10,42.48,42.619999,42.240002,42.52,27.701155,4672300
2013-09-11,42.610001,43.290001,42.470001,43.259998,28.183252,6526000
2013-09-12,43.209999,43.759998,43.119999,43.68,28.456875,6565000
2013-09-13,43.700001,43.700001,43.279999,43.560001,28.378696,4606200
2013-09-16,44.48,45.419998,44.369999,45.139999,29.408045,10187400
2013-09-17,45.09,45.470001,45.080002,45.400002,29.577438,5845700
2013-09-18,45.48,46.639999,45.41,46.52,30.307108,10418300
2013-09-19,46.509998,47.580002,46.380001,47.529999,30.965088,10868400
2013-09-20,47.560001,47.59,46.669998,46.779999,30.476486,9965900
2013-09-23,46.610001,46.619999,45.98,46.549999,30.326641,5768700
2013-09-24,46.360001,47.119999,46.259998,46.82,30.502548,7263800
2013-09-25,46.75,46.889999,46.41,46.610001,30.365723,6791600
2013-09-26,46.610001,47.09,46.52,46.93,30.574198,4145300
2013-09-27,46.59,46.720001,45.900002,46.200001,30.098618,8511700
2013-09-30,45.709999,46.540001,45.700001,46.279999,30.15074,11380800
2013-10-01,46.450001,47.259998,46.419998,47.240002,30.776159,7915400
2013-10-02,46.849998,47.240002,46.400002,46.93,30.80242,6041600
2013-10-03,46.779999,46.93,46.139999,46.560001,30.559572,5362100
2013-10-04,46.68,47.549999,46.330002,47.52,31.189674,6265200
2013-10-07,47.209999,47.470001,47.009998,47.02,30.861496,4908600
2013-10-08,46.93,47.040001,46.57,46.599998,30.585819,6375000
2013-10-09,46.689999,46.799999,46.16,46.41,30.461119,5338800
2013-10-10,46.849998,47.900002,46.790001,47.84,31.399696,6864800
2013-10-11,47.880001,47.880001,47.360001,47.68,31.294678,5153800
2013-10-14,47.369999,47.939999,47.18,47.669998,31.288111,6007000
2013-10-15,47.52,47.939999,47.360001,47.389999,31.104347,4995000
2013-10-16,47.849998,48.880001,47.700001,48.799999,32.029789,7092400
2013-10-17,48.580002,49.779999,48.509998,49.669998,32.60083,7330100
2013-10-18,49.91,49.91,49.169998,49.720001,32.633648,6559100
2013-10-21,49.669998,49.669998,48.75,49.27,32.338284,4534200
2013-10-22,49.25,49.919998,49.209999,49.73,32.64019,7794900
2013-10-23,49.82,49.84,48.68,48.959999,32.1348,5408600
2013-10-24,49.380001,49.700001,49.169998,49.369999,32.403904,5637100
2013-10-25,49.23,49.349998,48.529999,48.77,32.010098,5949800
2013-10-28,50.360001,52.360001,50.310001,52.02,34.143234,28012700
2013-10-29,52.009998,53.68,51.900002,53.32,34.996494,13573200
2013-10-30,53.59,53.59,52.630001,53.130001,34.871773,6748100
2013-10-31,53.09,53.139999,52.5,52.52,34.471405,6515800
2013-11-01,52.630001,53.200001,52.360001,52.48,34.445171,7328600
2013-11-04,52.709999,53.139999,52.669998,53.040001,34.812717,9217200
2013-11-05,53.09,53.099998,52.130001,52.52,34.471405,7995900
2013-11-06,52.869999,52.889999,51.91,52.040001,34.156353,5466000
2013-11-07,52.110001,52.240002,51.009998,51.299999,33.670673,6434000
2013-11-08,51.32,52.419998,51.259998,52.349998,34.359825,7655100
2013-11-11,52.380001,53.240002,52.349998,52.580002,34.510796,5688200
2013-11-12,52.400002,52.849998,52.02,52.540001,34.484539,5878800
2013-11-13,52.09,52.299999,51.599998,51.860001,34.038216,12097500
2013-11-14,52.200001,53.139999,52.119999,52.740002,34.615799,10478500
2013-11-15,52.759998,53.0,52.139999,52.419998,34.405781,9196800
2013-11-18,52.619999,52.68,51.759998,51.860001,34.038216,5572100
2013-11-19,51.900002,52.099998,51.400002,51.98,34.116978,5163200
2013-11-20,51.790001,52.09,51.310001,51.790001,33.992271,6255500
2013-11-21,52.0,52.360001,51.77,52.349998,34.359825,5911300
2013-11-22,52.459999,53.540001,52.189999,53.41,35.055557,8474900
2013-11-25,53.389999,53.610001,52.720001,52.849998,34.688007,5835100
2013-11-26,52.77,52.869999,51.349998,51.880001,34.051342,10806500
2013-11-27,52.169998,52.349998,51.470001,51.669998,33.913517,5428400
2013-11-29,51.950001,52.080002,51.34,51.380001,33.723175,3020700
2013-12-02,51.290001,52.0,51.220001,51.48,33.788815,5884800
2013-12-03,51.369999,51.599998,50.810001,50.959999,33.447498,4927500
2013-12-04,50.650002,51.540001,50.52,51.080002,33.526276,8181600
2013-12-05,50.959999,51.599998,50.639999,50.799999,33.342487,5443400
2013-12-06,51.200001,51.310001,50.220001,50.68,33.263733,8421100
2013-12-09,50.59,52.0,50.509998,51.209999,33.611584,7682100
2013-12-10,50.990002,51.330002,50.790001,51.23,33.62471,6119800
2013-12-11,51.110001,51.110001,50.389999,50.650002,33.244034,6774300
2013-12-12,50.540001,50.790001,50.110001,50.549999,33.178394,6328200
2013-12-13,50.709999,50.869999,50.110001,50.73,33.296543,5361700
2013-12-16,50.790001,51.16,50.310001,50.880001,33.395,5551700
2013-12-17,51.0,51.32,50.389999,51.099998,33.539391,6394600
2013-12-18,51.290001,52.700001,50.73,52.59,34.517345,8873700
2013-12-19,53.470001,54.490002,52.919998,53.84,35.337795,11879000
2013-12-20,54.0,54.380001,53.139999,53.369999,35.029305,11075300
2013-12-23,53.419998,53.59,53.02,53.330002,35.003048,4997600
2013-12-24,53.09,53.290001,52.619999,53.200001,34.917725,2533900
2013-12-26,53.18,53.619999,52.98,53.599998,35.18026,2644600
2013-12-27,53.66,53.799999,53.080002,53.150002,34.884903,3658500
2013-12-30,53.029999,53.48,52.560001,53.419998,35.062119,4418200
2013-12-31,53.049999,53.389999,52.59,53.150002,35.121586,3994800
2014-01-02,52.52,53.16,52.139999,52.27,34.540081,5647500
2014-01-03,52.41,53.18,52.369999,52.849998,34.923367,4485000
2014-01-06,53.07,53.099998,52.43,52.639999,34.784588,7741700
2014-01-07,52.599998,53.459999,52.5,52.560001,34.73172,8960800
2014-01-08,52.48,53.439999,52.299999,53.419998,35.300007,6431400
2014-01-09,53.689999,55.09,53.639999,55.029999,36.363903,10347500
2014-01-10,55.82,56.279999,55.419998,56.18,37.12381,14480200
2014-01-13,55.959999,56.830002,55.310001,55.419998,36.621605,12153100
2014-01-14,55.490002,55.98,54.830002,55.68,36.793423,9995100
2014-01-15,55.700001,55.720001,54.299999,54.5,36.013676,10135400
2014-01-16,54.25,55.07,54.139999,54.799999,36.211918,9356000
2014-01-17,54.919998,55.07,54.259998,54.360001,35.921162,8914500
2014-01-21,54.43,55.18,54.220001,54.59,36.073147,7880000
2014-01-22,54.740002,55.18,54.59,54.810001,36.218517,6548700
2014-01-23,54.310001,54.310001,52.709999,53.950001,35.650238,14121100
2014-01-24,54.599998,55.470001,50.310001,50.939999,33.661221,29291200
2014-01-27,51.080002,51.09,49.450001,49.720001,32.855057,19683300
2014-01-28,49.919998,51.5,49.91,51.07,33.747131,13141200
2014-01-29,50.720001,51.23,49.849998,50.220001,33.185436,11328500
2014-01-30,50.610001,51.060001,50.169998,50.490002,33.363861,7528200
2014-01-31,50.040001,50.470001,49.759998,49.970001,33.020241,7725400
2014-02-03,50.130001,50.290001,48.540001,48.639999,32.14138,10149600
2014-02-04,48.779999,49.380001,48.509998,48.939999,32.339619,7643300
2014-02-05,48.580002,49.0,47.52,48.540001,32.075298,12439600
2014-02-06,48.810001,49.18,48.599998,48.98,32.366047,8135800
2014-02-07,48.98,50.369999,48.959999,50.330002,33.258133,8543300
2014-02-10,50.900002,52.169998,50.619999,52.119999,34.440968,11130500
2014-02-11,51.66,52.98,51.380001,52.619999,34.771374,10454000
2014-02-12,52.619999,53.330002,52.540001,52.849998,34.923367,8098300
2014-02-13,52.599998,53.5,52.509998,53.490002,35.346272,6062500
2014-02-14,53.41,54.470001,53.400002,54.369999,35.927761,8203900
2014-02-18,54.240002,54.959999,54.209999,54.630001,36.099571,7657600
2014-02-19,54.23,54.619999,53.419998,53.459999,35.326443,8397400
2014-02-20,53.639999,53.900002,53.439999,53.849998,35.58416,12437500
2014-02-21,53.41,54.57,53.380001,54.139999,35.775787,7107300
2014-02-24,54.240002,54.77,54.23,54.310001,35.888123,6620900
2014-02-25,54.330002,54.529999,53.630001,53.68,35.471821,7250300
2014-02-26,53.639999,54.040001,53.450001,53.57,35.399136,5892400
2014-02-27,53.560001,54.099998,53.5,53.950001,35.650238,6487400
2014-02-28,53.91,54.919998,53.400002,53.77,35.531292,7802600
2014-03-03,53.169998,53.68,52.91,53.490002,35.346272,5198500
2014-03-04,53.98,56.740002,53.98,56.419998,37.282413,11911600
2014-03-05,56.220001,57.060001,55.52,56.610001,37.407955,8941300
2014-03-06,56.43,57.490002,55.540001,55.560001,36.71413,8018000
2014-03-07,55.73,55.91,54.869999,55.830002,36.89254,5138400
2014-03-10,55.880001,56.16,55.209999,56.139999,37.097389,4327400
2014-03-11,55.990002,56.310001,55.73,55.830002,36.89254,4736000
2014-03-12,55.290001,55.349998,54.869999,55.240002,36.502666,7807300
2014-03-13,55.32,55.52,54.130001,54.18,35.802216,8184300
2014-03-14,54.16,54.439999,53.880001,54.0,35.683262,8054500
2014-03-17,54.48,54.900002,54.18,54.720001,36.159061,7305600
2014-03-18,54.68,54.93,54.279999,54.73,36.165649,5307000
2014-03-19,54.900002,55.470001,54.57,54.740002,36.172279,6698000
2014-03-20,54.580002,54.580002,53.5,53.779999,35.537903,10382300
2014-03-21,54.310001,54.970001,52.060001,52.060001,34.401321,17004800
2014-03-24,52.209999,52.240002,50.16,51.040001,33.727306,19823900
2014-03-25,51.439999,51.57,50.580002,51.040001,33.727306,8380700
2014-03-26,51.27,52.93,51.240002,52.66,34.797798,16144700
2014-03-27,52.560001,52.57,51.509998,52.330002,34.579742,8062300
2014-03-28,52.709999,53.02,51.470001,51.82,34.242733,6318800
2014-03-31,52.150002,52.299999,51.700001,51.950001,34.328629,6768900
2014-04-01,52.23,52.389999,51.23,51.869999,34.275761,7330100
2014-04-02,51.57,51.91,51.41,51.59,34.329014,7908100
2014-04-03,51.549999,51.799999,50.700001,50.869999,33.849892,7853200
2014-04-04,51.279999,51.709999,49.889999,49.889999,33.197781,8435800
2014-04-07,49.77,50.889999,49.77,50.279999,33.457294,7978700
2014-04-08,50.77,50.77,49.009998,49.060001,32.645481,11008400
2014-04-09,49.299999,50.619999,49.060001,50.57,33.650272,9238200
2014-04-10,50.150002,50.560001,49.009998,49.290001,32.798527,9566600
2014-04-11,49.080002,49.48,48.75,48.830002,32.492447,8079200
2014-04-14,49.290001,49.290001,47.419998,47.959999,31.913528,10249400
2014-04-15,48.290001,48.48,47.48,48.169998,32.053265,13265000
2014-04-16,48.419998,49.209999,48.41,49.110001,32.678757,7649900
2014-04-17,49.040001,49.68,48.950001,49.459999,32.911652,6670700
2014-04-21,49.66,50.599998,49.580002,50.509998,33.610336,5414400
2014-04-22,50.470001,51.490002,50.32,50.990002,33.929749,7609300
2014-04-23,51.16,51.16,50.689999,50.950001,33.903137,6516400
2014-04-24,51.029999,51.029999,50.310001,50.709999,33.743412,5500000
2014-04-25,50.580002,50.880001,50.310001,50.5,33.603703,5581600
2014-04-28,50.889999,51.220001,49.400002,50.360001,33.510532,7700900
2014-04-29,48.560001,49.849998,48.259998,49.32,32.818497,12541100
2014-04-30,49.439999,50.419998,49.32,50.09,33.330868,10277000
2014-05-01,49.950001,49.950001,48.860001,49.52,32.95158,8886400
2014-05-02,49.5,49.849998,49.279999,49.799999,33.137901,8288300
2014-05-05,49.549999,50.07,49.169998,50.029999,33.290947,5823000
2014-05-06,49.98,51.240002,49.720001,50.93,33.889816,10593200
2014-05-07,50.799999,51.009998,50.040001,50.77,33.783344,9113900
2014-05-08,50.57,51.060001,50.25,50.740002,33.76339,7816600
2014-05-09,50.900002,51.389999,50.299999,51.18,34.056183,6987200
2014-05-12,51.52,52.310001,51.349998,52.009998,34.608482,8001200
2014-05-13,52.009998,52.490002,51.860001,52.189999,34.728252,4637000
2014-05-14,52.240002,52.389999,51.75,52.119999,34.681667,6290400
2014-05-15,49.509998,49.889999,48.099998,48.93,32.558979,28559000
2014-05-16,49.060001,49.18,48.580002,48.779999,32.459175,11150900
2014-05-19,48.619999,49.450001,48.540001,49.34,32.831806,7059300
2014-05-20,49.130001,49.330002,48.470001,48.759998,32.445858,7332800
2014-05-21,48.919998,49.150002,48.68,48.709999,32.41259,5162400
2014-05-22,48.580002,49.240002,48.43,48.799999,32.472481,8124200
2014-05-23,48.82,49.09,48.57,48.790001,32.46582,4333600
2014-05-27,48.889999,49.139999,48.669998,48.889999,32.532356,5876300
2014-05-28,48.889999,49.0,48.48,48.630001,32.359356,4861200
2014-05-29,49.25,49.68,48.759998,49.52,32.95158,6091600
2014-05-30,49.560001,49.990002,49.349998,49.740002,33.097973,8671900
2014-06-02,49.900002,50.0,48.369999,49.09,32.665447,11301200
2014-06-03,48.959999,49.240002,48.700001,48.98,32.592243,5808800
2014-06-04,48.689999,48.779999,47.060001,47.52,31.620741,23023400
2014-06-05,47.529999,47.689999,46.299999,47.209999,31.414457,16331100
2014-06-06,47.400002,47.490002,46.889999,47.25,31.441074,7642700
2014-06-09,47.310001,47.349998,46.509998,46.59,31.001915,11932200
2014-06-10,46.540001,47.130001,46.5,46.91,31.214834,8838900
2014-06-11,46.810001,47.52,46.669998,46.959999,31.248106,9220700
2014-06-12,46.799999,47.450001,46.709999,46.880001,31.194862,7207600
2014-06-13,46.880001,47.369999,46.759998,47.09,31.33461,6284900
2014-06-16,47.169998,47.560001,46.84,47.27,31.454393,8530400
2014-06-17,47.23,47.639999,47.110001,47.459999,31.580812,7927600
2014-06-18,47.540001,48.139999,47.400002,48.060001,31.980066,9095200
2014-06-19,48.16,48.439999,47.639999,47.84,31.833672,7364300
2014-06-20,47.669998,48.009998,47.490002,47.790001,31.800407,15352400
2014-06-23,47.98,48.060001,47.540001,48.0,31.940145,6583200
2014-06-24,47.740002,48.439999,47.639999,48.299999,32.139767,10706000
2014-06-25,49.27,49.990002,49.110001,49.73,33.09132,16412200
2014-06-26,49.790001,49.91,49.220001,49.549999,32.97155,7884000
2014-06-27,49.549999,49.799999,48.91,49.049999,32.638824,13492100
2014-06-30,49.169998,49.299999,48.360001,48.509998,32.27951,9552700
2014-07-01,48.509998,48.52,47.950001,48.119999,32.259392,8835900
2014-07-02,47.669998,48.369999,47.639999,48.240002,32.339848,7519100
2014-07-03,48.400002,48.619999,48.119999,48.439999,32.473927,3204100
2014-07-07,48.48,48.580002,47.84,48.009998,32.185646,4919600
2014-07-08,47.77,47.889999,47.34,47.860001,32.085098,6872400
2014-07-09,47.860001,47.93,47.549999,47.919998,32.125324,5017900
2014-07-10,47.639999,48.810001,47.549999,48.509998,32.520851,7811800
2014-07-11,48.400002,48.700001,48.27,48.619999,32.594582,3759300
2014-07-14,48.759998,49.220001,48.459999,49.080002,32.902985,6139200
2014-07-15,49.060001,49.34,48.540001,48.709999,32.654926,8278900
2014-07-16,48.860001,49.09,48.41,48.799999,32.715256,6084000
2014-07-17,48.459999,48.889999,48.23,48.419998,32.46051,5834300
2014-07-18,48.5,49.189999,48.279999,49.119999,32.929787,7450100
2014-07-21,48.860001,49.220001,48.790001,48.919998,32.795719,7528300
2014-07-22,49.110001,49.57,49.07,49.119999,32.929787,5015900
2014-07-23,49.16,49.490002,49.0,49.32,33.063866,6281200
2014-07-24,48.959999,49.889999,48.560001,49.459999,33.157711,8752200
2014-07-25,49.34,49.48,49.02,49.389999,33.110786,5872200
2014-07-28,49.389999,49.91,49.080002,49.799999,33.385658,6378300
2014-07-29,49.919998,51.34,49.830002,51.009998,34.196831,12662200
2014-07-30,51.209999,51.299999,50.68,51.119999,34.270573,9151700
2014-07-31,50.619999,51.139999,50.490002,50.619999,33.935387,8216200
2014-08-01,50.790001,50.970001,49.709999,49.810001,33.392353,7957300
2014-08-04,49.82,50.209999,49.68,49.98,33.506332,6006600
2014-08-05,49.73,49.93,49.139999,49.360001,33.090683,5605700
2014-08-06,49.220001,49.900002,49.060001,49.48,33.171131,5035400
2014-08-07,49.560001,49.689999,48.509998,48.650002,32.6147,6767300
2014-08-08,48.77,49.220001,48.52,49.189999,32.976723,4408700
2014-08-11,49.52,49.73,49.0,49.09,32.909683,3613100
2014-08-12,49.009998,49.389999,48.830002,48.98,32.835926,4565900
2014-08-13,49.349998,49.66,49.080002,49.169998,32.96331,6010300
2014-08-14,49.299999,49.93,49.259998,49.82,33.399063,5862200
2014-08-15,49.98,50.18,49.240002,49.68,33.305214,5315100
2014-08-18,49.939999,50.130001,49.77,49.990002,33.513046,4617000
2014-08-19,50.16,50.299999,49.830002,50.299999,33.720848,4382900
2014-08-20,50.07,50.290001,49.880001,50.040001,33.546555,3570000
2014-08-21,49.950001,50.240002,49.790001,49.990002,33.513046,3701800
2014-08-22,49.939999,50.25,49.919998,50.18,33.640415,4724800
2014-08-25,50.25,50.900002,50.09,50.73,34.009121,4197300
2014-08-26,50.75,50.939999,50.57,50.77,34.035923,2970900
2014-08-27,50.950001,50.950001,50.099998,50.25,33.687332,4865000
2014-08-28,50.16,50.650002,50.16,50.540001,33.881744,3436300
2014-08-29,50.669998,50.68,50.299999,50.650002,33.955486,4020600
2014-09-02,50.619999,50.790001,50.119999,50.580002,33.908573,4375400
2014-09-03,50.68,50.759998,50.290001,50.529999,33.875042,4769800
2014-09-04,50.669998,50.68,50.299999,50.549999,33.888458,4933200
2014-09-05,50.599998,51.139999,50.34,51.119999,34.270573,5720300
2014-09-08,51.009998,51.25,50.93,51.189999,34.317509,3469000
2014-09-09,51.25,51.25,50.380001,50.48,33.841534,4995700
2014-09-10,50.580002,51.299999,50.41,51.080002,34.243752,6256900
2014-09-11,51.0,51.27,50.419998,50.68,33.975601,4095100
2014-09-12,50.639999,50.889999,50.130001,50.259998,33.694035,4004300
2014-09-15,50.189999,50.369999,49.75,49.950001,33.486221,3911700
2014-09-16,49.98,51.169998,49.700001,51.150002,34.290688,7004500
2014-09-17,51.09,51.139999,50.580002,50.880001,34.109673,5208400
2014-09-18,51.049999,51.43,50.919998,51.119999,34.270573,4909500
2014-09-19,51.439999,51.77,51.380001,51.509998,34.532021,7082700
2014-09-22,51.5,51.799999,51.450001,51.669998,34.639297,4684800
2014-09-23,51.279999,51.639999,50.830002,51.290001,34.384544,4113300
2014-09-24,51.349998,52.110001,51.330002,51.959999,34.833694,7454000
2014-09-25,51.919998,51.990002,51.470001,51.619999,34.60577,6014100
2014-09-26,51.779999,51.849998,50.639999,51.099998,34.257164,5708800
2014-09-29,50.799999,52.169998,50.700001,51.709999,34.666119,6319400
2014-09-30,51.700001,51.959999,51.139999,51.18,34.310814,6067000
2014-10-01,51.009998,51.009998,50.25,50.529999,34.115017,6088900
2014-10-02,50.529999,50.900002,50.009998,50.209999,33.898964,5891400
2014-10-03,50.509998,50.990002,50.400002,50.849998,34.331055,5499300
2014-10-06,51.07,51.220001,50.540001,51.110001,34.506596,5303400
2014-10-07,50.66,50.790001,49.75,49.77,33.601906,6974800
2014-10-08,49.939999,50.25,49.119999,50.209999,33.898964,6968100
2014-10-09,50.189999,50.650002,49.470001,49.5,33.419621,6586600
2014-10-10,49.77,51.009998,49.77,50.279999,33.946213,8427700
2014-10-13,50.240002,50.419998,48.970001,49.09,33.142803,5052500
2014-10-14,49.349998,49.68,48.610001,48.919998,33.028034,4967600
2014-10-15,48.360001,49.130001,47.549999,48.959999,33.055042,7472400
2014-10-16,48.869999,49.650002,48.560001,49.220001,33.230572,7188200
2014-10-17,49.57,50.779999,49.41,50.419998,34.040749,9481500
2014-10-20,50.380001,50.630001,50.060001,50.560001,34.135262,5871000
2014-10-21,51.009998,52.110001,50.759998,51.950001,35.073715,6774300
2014-10-22,52.009998,52.310001,51.669998,51.84,34.999447,6227200
2014-10-23,52.0,52.889999,52.0,52.5,35.445042,7481400
2014-10-24,52.560001,54.360001,52.48,53.630001,36.207954,9029200
2014-10-27,53.669998,54.0,53.09,53.529999,36.140434,7450700
2014-10-28,53.779999,54.700001,53.759998,54.200001,36.592793,10166800
2014-10-29,54.150002,54.189999,53.619999,54.16,36.565784,6607000
2014-10-30,55.720001,59.029999,55.610001,58.98,39.819988,28343500
2014-10-31,58.52,58.880001,57.32,58.189999,39.286606,18998900
2014-11-03,58.310001,58.77,57.349998,57.799999,39.023312,11951400
2014-11-04,57.720001,58.389999,57.59,57.84,39.050316,6774400
2014-11-05,57.970001,58.34,57.380001,57.82,39.036812,4629100
2014-11-06,57.650002,58.810001,57.52,58.459999,39.468899,9610800
2014-11-07,58.259998,58.400002,58.009998,58.32,39.374378,4590200
2014-11-10,58.16,58.830002,57.720001,58.810001,39.7052,4957200
2014-11-11,58.68,59.169998,58.509998,58.720001,39.64444,4120500
2014-11-12,58.68,58.790001,58.279999,58.610001,39.570175,3837800
2014-11-13,58.220001,58.32,57.43,57.799999,39.023312,7531200
2014-11-14,57.540001,58.02,57.349998,57.950001,39.12458,5014900
2014-11-17,57.73,58.57,57.720001,58.43,39.448647,4704100
2014-11-18,58.299999,58.98,58.16,58.700001,39.630936,6699600
2014-11-19,58.580002,58.830002,58.220001,58.810001,39.7052,6554500
2014-11-20,58.419998,58.77,58.290001,58.610001,39.570175,5233700
2014-11-21,59.470001,59.5,58.66,58.799999,39.698441,5924500
2014-11-24,58.919998,59.0,58.5,58.869999,39.745693,3260700
2014-11-25,58.82,58.860001,58.09,58.52,39.509418,5774800
2014-11-26,58.689999,58.900002,58.360001,58.860001,39.738956,3746700
2014-11-28,58.790001,59.720001,58.790001,59.049999,39.867241,3236100
2014-12-01,59.209999,60.43,58.849998,59.049999,39.867241,7134600
2014-12-02,59.18,59.509998,58.880001,59.240002,39.99551,4503300
2014-12-03,59.259998,59.759998,58.919998,59.029999,39.853733,4643500
2014-12-04,59.060001,59.43,58.599998,58.889999,39.75922,4422200
2014-12-05,58.959999,60.869999,58.790001,60.650002,40.947468,11459900
2014-12-08,60.799999,61.200001,60.549999,60.669998,40.960964,6698200
2014-12-09,59.889999,60.009998,59.119999,59.970001,40.488361,4781600
2014-12-10,60.18,60.259998,59.189999,59.279999,40.022511,4220600
2014-12-11,59.360001,60.52,59.360001,59.68,40.292583,5559100
2014-12-12,59.5,59.950001,58.740002,58.75,39.664692,6515800
2014-12-15,58.849998,59.07,57.610001,58.549999,39.529655,6944500
2014-12-16,58.299999,58.950001,57.669998,57.689999,38.949039,7603900
2014-12-17,57.869999,59.380001,57.599998,59.189999,39.961754,7137000
2014-12-18,59.959999,60.790001,59.57,60.790001,41.041977,6976000
2014-12-19,60.84,61.639999,60.599998,61.299999,41.386311,10975100
2014-12-22,60.919998,61.400002,60.5,61.060001,41.224277,5572600
2014-12-23,61.77,61.77,58.700001,59.16,39.941502,8482300
2014-12-24,59.169998,59.5,59.119999,59.150002,39.934753,2302300
2014-12-26,59.369999,60.0,59.330002,59.580002,40.225063,2862700
2014-12-29,59.360001,59.900002,59.360001,59.810001,40.380344,3589300
2014-12-30,59.41,59.720001,59.189999,59.389999,40.346371,3458900
2014-12-31,59.299999,60.139999,58.959999,59.029999,40.101818,4352300
2015-01-02,59.43,59.93,59.299999,59.509998,40.427898,4887700
2015-01-05,59.360001,59.400002,58.040001,58.580002,39.796108,5928800
2015-01-06,58.869999,59.5,58.110001,58.48,39.728172,6039900
2015-01-07,59.150002,59.540001,58.82,59.240002,40.244476,6278400
2015-01-08,59.830002,61.07,59.830002,60.720001,41.249908,8405100
2015-01-09,60.869999,60.919998,60.09,60.32,40.978168,3904900
2015-01-12,64.230003,64.440002,61.98,62.18,42.241756,14173800
2015-01-13,62.560001,63.540001,62.310001,63.119999,42.880341,12833600
2015-01-14,62.040001,63.150002,61.740002,62.950001,42.764851,5500300
2015-01-15,63.0,63.299999,61.48,61.630001,41.868118,9095600
2015-01-16,61.389999,62.400002,61.25,62.310001,42.330059,6846800
2015-01-20,62.549999,63.099998,62.009998,62.450001,42.425175,7137800
2015-01-21,62.189999,62.52,61.77,61.950001,42.08551,4942200
2015-01-22,62.189999,62.490002,61.369999,62.09,42.180614,9247500
2015-01-23,62.150002,62.490002,61.759998,62.07,42.167027,3741300
2015-01-26,61.830002,62.650002,61.669998,62.459999,42.431969,4908400
2015-01-27,61.860001,62.990002,61.0,61.990002,42.112679,7767500
2015-01-28,62.419998,62.849998,61.169998,61.330002,41.664303,6294900
2015-01-29,61.200001,61.310001,60.27,61.139999,41.535229,6394600
2015-01-30,60.77,61.34,60.169998,60.27,40.944206,8227100
2015-02-02,60.709999,60.740002,59.240002,60.23,40.917027,6929000
2015-02-03,60.599998,60.77,59.189999,59.860001,40.665668,7309100
2015-02-04,59.509998,59.75,58.759998,59.240002,40.244476,7261900
2015-02-05,59.41,60.330002,59.279999,60.23,40.917027,3895200
2015-02-06,59.98,60.279999,59.439999,59.669998,40.536575,4356600
2015-02-09,59.32,59.75,58.650002,58.849998,39.97953,3965600
2015-02-10,59.169998,59.91,59.130001,59.830002,40.645298,5403300
2015-02-11,59.619999,59.959999,58.849998,59.310001,40.292034,4103800
2015-02-12,59.650002,59.759998,59.23,59.48,40.407524,4557700
2015-02-13,59.709999,60.049999,59.459999,60.040001,40.78796,5163200
2015-02-17,60.080002,60.450001,59.779999,60.099998,40.828716,4479400
2015-02-18,60.060001,60.060001,58.84,60.009998,40.767574,6787700
2015-02-19,59.650002,59.990002,58.970001,59.549999,40.455078,4252400
2015-02-20,59.32,60.560001,59.279999,60.52,41.114048,6660500
2015-02-23,60.48,61.490002,60.34,61.290001,41.637142,5763200
2015-02-24,61.150002,61.5,60.639999,61.450001,41.745831,4622700
2015-02-25,61.369999,61.48,60.700001,61.220001,41.589581,4937400
2015-02-26,61.189999,61.610001,60.75,61.459999,41.752621,3981500
2015-02-27,61.240002,61.549999,60.869999,60.919998,41.385777,3990300
2015-03-02,61.119999,62.459999,61.040001,62.299999,42.323269,6553300
2015-03-03,62.25,62.25,61.34,61.919998,42.065117,4236200
2015-03-04,61.75,65.919998,61.18,65.669998,44.612671,17454500
2015-03-05,65.989998,67.18,65.690002,66.050003,44.870831,12553700
2015-03-06,66.209999,66.209999,64.870003,65.120003,44.239025,6529100
2015-03-09,65.25,66.550003,65.07,66.360001,45.081429,7412200
2015-03-10,65.779999,66.5,64.949997,65.529999,44.517563,6378000
2015-03-11,66.110001,66.300003,65.43,65.599998,44.565117,4816000
2015-03-12,65.790001,67.379997,65.730003,66.650002,45.278439,7556600
2015-03-13,66.43,67.459999,66.370003,66.870003,45.427887,5223600
2015-03-16,67.110001,68.199997,67.080002,68.029999,46.215935,6416200
2015-03-17,67.610001,67.839996,67.260002,67.620003,45.937386,5292700
2015-03-18,67.269997,68.690002,66.779999,68.470001,46.514839,6642000
2015-03-19,68.370003,68.68,68.089996,68.32,46.412945,4078400
2015-03-20,69.0,69.199997,67.739998,67.760002,46.032516,10018100
2015-03-23,67.720001,68.120003,67.290001,67.580002,45.910229,4523300
2015-03-24,66.82,67.260002,65.540001,65.690002,44.626255,10532600
2015-03-25,65.699997,66.400002,64.650002,64.699997,43.953705,7001000
2015-03-26,64.559998,65.519997,64.150002,65.0,44.157497,5799700
2015-03-27,65.190002,66.110001,65.0,65.260002,44.334148,4964400
2015-03-30,65.57,66.120003,65.290001,65.760002,44.673817,4159200
2015-03-31,65.480003,65.739998,64.5,64.5,43.817837,7823600
2015-04-01,64.199997,64.199997,62.880001,63.560001,43.428375,8836600
2015-04-02,63.720001,63.939999,63.060001,63.23,43.202892,5025700
2015-04-06,62.740002,63.560001,62.66,63.0,43.045746,5185800
2015-04-07,63.400002,63.900002,62.98,63.0,43.045746,4318000
2015-04-08,63.080002,63.849998,62.889999,63.52,43.401043,4179500
2015-04-09,63.529999,64.099998,62.959999,63.459999,43.360046,4107600
2015-04-10,63.349998,64.889999,63.189999,64.639999,44.166298,4958400
2015-04-13,64.230003,65.5,63.939999,63.950001,43.694851,6215000
2015-04-14,64.18,64.410004,63.560001,64.029999,43.749508,4484200
2015-04-15,64.389999,64.830002,63.43,63.43,43.339542,7056300
2015-04-16,63.299999,63.84,62.93,63.68,43.510368,4107400
2015-04-17,66.080002,66.260002,64.82,65.349998,44.651424,14386000
2015-04-20,65.730003,66.25,65.239998,65.860001,44.999886,9362400
2015-04-21,67.110001,67.529999,66.089996,66.809998,45.648983,6746500
2015-04-22,66.809998,66.970001,66.349998,66.599998,45.505501,5351700
2015-04-23,66.290001,66.400002,65.690002,66.0,45.095539,4442000
2015-04-24,65.82,66.120003,65.199997,65.800003,44.958893,5393500
2015-04-27,66.050003,66.160004,64.730003,65.160004,44.521606,7510100
2015-04-28,64.709999,64.860001,63.400002,64.540001,44.097969,8777400
2015-04-29,64.389999,64.980003,63.580002,64.290001,43.927166,4987100
2015-04-30,64.260002,64.660004,63.419998,63.73,43.544529,6815200
2015-05-01,64.279999,64.739998,64.150002,64.660004,44.17997,4421800
2015-05-04,64.75,65.529999,64.720001,65.32,44.630928,4645200
2015-05-05,64.699997,65.339996,64.699997,65.029999,44.432777,6069700
2015-05-06,65.150002,65.150002,64.43,64.669998,44.186798,6448600
2015-05-07,64.57,65.25,64.510002,65.050003,44.446434,4339800
2015-05-08,65.599998,66.959999,65.599998,66.93,45.73098,5464300
2015-05-11,66.989998,68.43,66.949997,68.110001,46.537243,7212700
2015-05-12,67.550003,67.68,67.080002,67.5,46.120438,5027600
2015-05-13,67.540001,68.010002,67.029999,67.400002,46.05212,4583800
2015-05-14,66.900002,67.879997,66.370003,67.449997,46.086266,6516400
2015-05-15,67.610001,68.129997,67.07,67.639999,46.216095,6700600
2015-05-18,67.639999,68.129997,67.589996,68.0,46.462063,4286900
2015-05-19,68.040001,68.489998,67.910004,68.269997,46.646553,3937700
2015-05-20,68.410004,69.860001,68.290001,69.080002,47.200001,7379800
2015-05-21,68.940002,69.010002,68.459999,68.889999,47.070183,3987100
2015-05-22,68.730003,68.730003,68.199997,68.300003,46.667057,4419000
2015-05-26,68.019997,68.239998,67.220001,67.5,46.120438,5696300
2015-05-27,67.650002,68.660004,67.440002,68.400002,46.735386,6611400
2015-05-28,68.279999,69.230003,68.190002,69.150002,47.247826,4633700
2015-05-29,69.160004,69.440002,63.16,64.599998,44.138962,28412600
2015-06-01,66.629997,67.309998,66.010002,66.480003,45.423523,17656700
2015-06-02,66.550003,66.550003,65.269997,65.800003,44.958893,9919000
2015-06-03,65.650002,66.230003,65.419998,65.699997,44.89056,5683400
2015-06-04,65.349998,66.769997,65.18,65.769997,44.938385,10707800
2015-06-05,65.559998,66.260002,65.029999,66.199997,45.232208,7697600
2015-06-08,65.849998,66.040001,65.150002,65.32,44.630928,6939700
2015-06-09,65.260002,65.419998,64.900002,65.080002,44.466938,7134300
2015-06-10,65.32,65.889999,65.050003,65.529999,44.77441,8057000
2015-06-11,65.779999,66.0,65.540001,65.849998,44.993042,6107100
2015-06-12,65.690002,65.949997,64.889999,65.279999,44.603607,6326700
2015-06-15,64.900002,66.18,64.260002,65.419998,44.699257,6076400
2015-06-16,65.470001,65.989998,65.120003,65.970001,45.075039,3350000
2015-06-17,65.720001,66.5,65.519997,66.300003,45.300529,6432800
2015-06-18,66.32,67.220001,66.32,66.620003,45.519176,5485700
2015-06-19,66.489998,67.440002,66.489998,66.800003,45.642166,8432600
2015-06-22,67.309998,67.730003,66.93,67.059998,45.819801,4327000
2015-06-23,67.239998,68.139999,67.160004,67.330002,46.004292,5639600
2015-06-24,67.290001,67.379997,66.709999,66.809998,45.648983,4104600
2015-06-25,67.0,67.589996,66.739998,66.839996,45.669483,5097500
2015-06-26,67.040001,67.68,66.940002,67.540001,46.147766,17278000
2015-06-29,67.239998,67.489998,65.900002,65.970001,45.075039,4710500
2015-06-30,66.629997,66.709999,65.940002,66.540001,45.4645,6236100
2015-07-01,66.449997,67.709999,66.360001,67.669998,46.495132,7486100
2015-07-02,67.870003,68.080002,67.339996,67.480003,46.364582,5204300
2015-07-06,67.169998,68.190002,67.010002,67.5,46.378338,5896900
2015-07-07,67.889999,68.389999,67.089996,68.230003,46.87991,4782000
2015-07-08,67.879997,68.279999,67.459999,67.739998,46.543236,6179200
2015-07-09,68.449997,68.660004,67.889999,67.889999,46.646301,4953800
2015-07-10,68.660004,69.489998,68.400002,69.269997,47.594471,6123600
2015-07-13,69.650002,69.849998,69.260002,69.660004,47.862434,4573000
2015-07-14,69.660004,70.279999,69.449997,70.059998,48.13728,3546200
2015-07-15,69.949997,70.419998,69.089996,69.279999,47.601349,5218000
2015-07-16,69.68,69.949997,69.360001,69.379997,47.670067,4139700
2015-07-17,69.260002,69.349998,68.889999,69.290001,47.608208,3522800
2015-07-20,70.440002,70.540001,69.720001,69.970001,48.075439,4758200
2015-07-21,70.110001,70.199997,68.860001,68.870003,47.319653,6107100
2015-07-22,68.790001,69.550003,68.470001,69.370003,47.663185,7786100
2015-07-23,69.660004,69.660004,67.739998,68.239998,46.886787,8947000
2015-07-24,68.07,68.07,65.980003,65.980003,45.333969,6866800
2015-07-27,65.699997,65.699997,64.290001,64.300003,44.179672,9237500
2015-07-28,64.449997,64.720001,64.110001,64.660004,44.427013,9173100
2015-07-29,64.989998,65.120003,64.309998,64.889999,44.585037,4920500
2015-07-30,64.550003,64.830002,63.82,64.459999,44.2896,4168200
2015-07-31,64.800003,66.779999,64.639999,65.639999,45.100342,7955200
2015-08-03,65.949997,66.129997,64.690002,65.339996,44.894222,4611600
2015-08-04,65.470001,65.550003,64.650002,64.839996,44.550678,3890100
2015-08-05,65.110001,65.480003,65.050003,65.059998,44.701855,3902900
2015-08-06,65.129997,65.269997,63.34,63.540001,43.657475,4732600
2015-08-07,63.5,63.59,62.16,63.41,43.568153,7424000
2015-08-10,63.970001,64.349998,63.84,63.889999,43.897945,5681500
2015-08-11,63.41,63.779999,62.369999,62.66,43.052837,5409100
2015-08-12,62.310001,62.599998,61.27,62.389999,42.867325,6739200
2015-08-13,62.400002,62.689999,61.799999,62.419998,42.887939,3686900
2015-08-14,62.450001,63.279999,62.41,63.080002,43.341404,6060600
2015-08-17,62.709999,63.610001,62.57,63.470001,43.609379,3993800
2015-08-18,63.5,64.620003,63.459999,64.279999,44.165916,7992200
2015-08-19,63.27,64.970001,63.220001,64.120003,44.055981,5245800
2015-08-20,63.490002,63.790001,62.709999,62.709999,43.087189,5334000
2015-08-21,62.259998,62.830002,61.009998,61.07,41.960365,7516400
2015-08-24,57.990002,60.939999,51.82,58.650002,40.297611,15215000
2015-08-25,60.189999,60.540001,57.880001,57.880001,39.76857,8146200
2015-08-26,59.310001,60.119999,57.75,60.029999,41.245789,10246500
2015-08-27,60.509998,60.880001,59.48,60.82,41.788589,7446900
2015-08-28,60.220001,61.049999,59.77,60.610001,41.644314,5326300
2015-08-31,60.639999,60.990002,59.279999,59.470001,40.861031,5680000
2015-09-01,58.549999,59.290001,57.939999,58.200001,39.988434,8879100
2015-09-02,58.950001,59.720001,58.549999,59.610001,40.957222,7219300
2015-09-03,60.419998,60.970001,58.610001,58.75,40.366333,8231100
2015-09-04,58.080002,58.48,56.900002,57.299999,39.370049,9288700
2015-09-08,58.380001,59.080002,56.32,58.990002,40.531227,11438200
2015-09-09,59.459999,59.52,57.860001,58.029999,39.87162,7931500
2015-09-10,58.220001,59.150002,58.040001,58.75,40.366333,7520500
2015-09-11,58.5,59.279999,58.490002,59.220001,40.689243,9624000
2015-09-14,59.400002,59.82,58.82,59.169998,40.654907,4960600
2015-09-15,59.279999,60.200001,58.84,60.09,41.287025,7190000
2015-09-16,60.240002,61.77,60.099998,61.610001,42.331402,9551000
2015-09-17,61.41,63.119999,61.279999,62.189999,42.729908,7396400
2015-09-18,62.18,64.68,62.040001,64.339996,44.207134,18650300
2015-09-21,64.419998,64.68,62.200001,62.720001,43.094055,10273300
2015-09-22,61.959999,62.900002,61.349998,62.09,42.661186,7557900
2015-09-23,62.349998,62.709999,61.470001,61.740002,42.420715,4766700
2015-09-24,61.27,62.02,60.450001,61.799999,42.461929,6380600
2015-09-25,62.330002,62.48,59.630001,60.240002,41.390087,9427800
2015-09-28,59.799999,59.93,57.029999,57.459999,39.47998,11017400
2015-09-29,57.93,59.919998,57.419998,58.950001,40.503738,10515100
2015-09-30,59.439999,59.610001,58.610001,59.200001,40.932446,11274700
2015-10-01,59.259998,60.52,58.970001,60.049999,41.520134,11280900
2015-10-02,59.080002,63.18,58.959999,62.23,43.027451,13527800
2015-10-05,62.66,63.220001,61.330002,61.970001,42.847675,8039900
2015-10-06,61.77,62.130001,58.389999,59.880001,41.402596,10075500
2015-10-07,59.970001,61.380001,59.060001,60.549999,41.865849,8230700
2015-10-08,60.200001,60.869999,59.599998,60.509998,41.838192,6268600
2015-10-09,59.880001,61.529999,59.82,61.439999,42.48122,9492100
2015-10-12,60.98,62.900002,60.650002,62.709999,43.359333,5888300
2015-10-13,62.560001,63.330002,62.130001,62.34,43.103504,7260600
2015-10-14,62.400002,63.25,61.91,62.080002,42.923729,4457300
2015-10-15,62.049999,63.720001,61.66,63.619999,43.988533,4641700
2015-10-16,64.040001,64.709999,63.759998,64.489998,44.590069,5919400
2015-10-19,64.489998,65.489998,64.25,65.080002,44.998013,6023500
2015-10-20,64.93,64.989998,63.080002,63.889999,44.175217,5965100
2015-10-21,64.239998,64.269997,61.5,62.509998,43.22105,8094400
2015-10-22,62.869999,63.400002,61.689999,63.18,43.684307,7908000
2015-10-23,63.580002,65.550003,63.48,65.160004,45.053337,8081600
2015-10-26,64.739998,65.769997,64.349998,64.550003,44.631573,6679500
2015-10-27,65.5,66.980003,64.949997,66.800003,46.187263,9075700
2015-10-28,66.809998,68.169998,66.120003,67.589996,46.733482,6446700
2015-10-29,67.5,68.480003,66.980003,67.309998,46.539894,4570400
2015-10-30,67.339996,67.599998,65.949997,65.949997,45.599545,6458000
2015-11-02,66.559998,66.900002,65.57,65.75,45.461269,7508200
2015-11-03,65.769997,66.269997,65.099998,66.080002,45.689438,5509100
2015-11-04,65.940002,66.139999,65.010002,65.620003,45.371399,5241700
2015-11-05,65.790001,66.0,65.199997,65.550003,45.322983,3918400
2015-11-06,65.480003,65.580002,64.139999,65.449997,45.253845,5504000
2015-11-09,65.080002,65.440002,64.540001,64.989998,44.935772,3987400
2015-11-10,65.029999,65.589996,64.699997,65.050003,44.977268,4024000
2015-11-11,65.389999,65.389999,64.190002,64.239998,44.417206,3980100
2015-11-12,64.089996,64.690002,63.689999,63.720001,44.057667,4037300
2015-11-13,63.740002,64.529999,63.57,64.150002,44.354992,6239100
2015-11-16,64.150002,65.129997,63.709999,65.019997,44.956528,4660300
2015-11-17,64.93,66.610001,64.669998,65.730003,45.447433,4959600
2015-11-18,66.0,67.709999,65.959999,67.610001,46.747322,6169900
2015-11-19,67.419998,67.879997,66.739998,66.940002,46.284061,4010200
2015-11-20,67.370003,69.0,67.160004,67.82,46.892517,6052200
2015-11-23,67.82,68.459999,67.410004,67.989998,47.010071,5605500
2015-11-24,67.629997,67.949997,67.239998,67.82,46.892517,6022000
2015-11-25,67.82,68.449997,67.589996,68.080002,47.072292,3706900
2015-11-27,68.080002,68.440002,67.809998,67.849998,46.913261,1385100
2015-11-30,67.849998,67.989998,66.849998,67.010002,46.332466,6167700
2015-12-01,67.540001,68.370003,66.93,68.260002,47.196743,5529900
2015-12-02,68.620003,69.709999,67.660004,67.779999,46.864861,5924500
2015-12-03,67.589996,68.040001,66.139999,66.449997,45.945259,6804400
2015-12-04,66.879997,69.309998,66.849998,69.110001,47.784451,6775200
2015-12-07,69.0,69.449997,68.480003,68.839996,47.597771,4865500
2015-12-08,68.379997,69.849998,68.349998,69.400002,47.984966,5215200
2015-12-09,69.099998,69.389999,68.269997,68.559998,47.404171,4814900
2015-12-10,68.559998,69.419998,68.169998,68.940002,47.666916,3783300
2015-12-11,68.940002,68.940002,67.470001,67.620003,46.754238,4187000
2015-12-14,67.889999,68.690002,67.339996,68.639999,47.45948,5966900
2015-12-15,69.300003,70.480003,69.300003,70.220001,48.551941,8250200
2015-12-16,70.349998,70.839996,69.07,70.709999,48.890739,6232300
2015-12-17,70.790001,70.870003,69.209999,69.279999,47.902,7068700
2015-12-18,68.809998,69.18,67.629997,67.639999,46.76807,9868500
2015-12-21,68.230003,68.650002,67.309998,68.040001,47.044632,4124000
2015-12-22,68.300003,68.440002,67.360001,68.309998,47.231316,3320700
2015-12-23,68.550003,69.099998,68.239998,68.989998,47.701492,4048900
2015-12-24,68.779999,69.25,68.440002,68.970001,47.68766,1668200
2015-12-28,68.760002,69.18,68.629997,69.169998,47.825947,3004000
2015-12-29,69.489998,70.139999,69.349998,69.739998,48.220055,4038300
2015-12-30,69.5,70.029999,69.349998,69.519997,48.331303,3445200
2015-12-31,69.120003,69.730003,68.790001,68.790001,47.823788,4007000
2016-01-04,67.449997,67.910004,66.379997,67.029999,46.600212,7113700
2016-01-05,67.5,68.900002,67.419998,68.349998,47.517891,7836700
2016-01-06,67.470001,68.269997,66.849998,67.150002,46.68364,6691400
2016-01-07,65.849998,66.690002,64.949997,65.290001,45.390537,8436600
2016-01-08,65.599998,65.790001,63.5,63.630001,44.236481,9076400
2016-01-11,63.709999,63.990002,61.98,62.98,43.784592,10337800
2016-01-12,63.25,63.790001,62.119999,63.439999,44.104393,7796200
2016-01-13,63.599998,64.480003,61.189999,61.279999,42.602726,9706400
2016-01-14,61.32,63.91,60.889999,63.509998,44.153046,9343600
2016-01-15,61.689999,62.919998,61.07,62.779999,43.645546,11230600
2016-01-19,63.610001,64.43,62.560001,63.209999,43.9445,8463200
2016-01-20,62.240002,64.580002,61.799999,63.549999,44.180862,8702900
2016-01-21,63.939999,63.970001,62.5,63.130001,43.888863,5665200
2016-01-22,64.459999,64.800003,63.650002,64.400002,44.771797,6644000
2016-01-25,64.230003,64.419998,62.639999,62.919998,43.742867,7957100
2016-01-26,63.029999,63.049999,61.919998,62.689999,43.582977,5531500
2016-01-27,62.939999,62.950001,61.16,61.709999,42.901672,7537400
2016-01-28,64.169998,64.25,60.0,61.16,42.519295,17001400
2016-01-29,61.650002,62.639999,61.16,62.16,43.214516,10139300
2016-02-01,61.869999,62.360001,60.049999,60.82,42.282928,10195800
2016-02-02,60.029999,60.299999,58.459999,58.869999,40.927265,9915400
2016-02-03,59.200001,60.18,57.939999,60.119999,41.79628,11153900
2016-02-04,59.619999,60.75,59.189999,59.700001,41.50428,7987200
2016-02-05,59.75,60.060001,58.990002,59.630001,41.455612,7129500
2016-02-08,59.040001,61.169998,58.77,60.720001,42.213409,10656000
2016-02-09,60.27,61.98,60.029999,61.02,42.421978,6391900
2016-02-10,61.25,62.419998,60.919998,61.080002,42.463688,5933600
2016-02-11,59.880001,60.25,58.939999,59.52,41.379154,6632300
2016-02-12,60.200001,60.41,59.16,60.200001,41.851891,5979600
2016-02-16,62.720001,62.720001,61.349998,62.18,43.228413,7808000
2016-02-17,62.889999,64.019997,61.959999,63.919998,44.438099,6971400
2016-02-18,63.950001,64.019997,62.91,63.32,44.020958,6338700
2016-02-19,62.919998,64.540001,62.91,63.799999,44.354664,5873200
2016-02-22,63.900002,64.419998,63.330002,63.700001,44.285145,5821700
2016-02-23,63.279999,63.349998,62.02,62.07,43.151955,6293900
2016-02-24,61.84,62.360001,60.830002,62.23,43.263184,4825800
2016-02-25,62.630001,63.060001,62.299999,63.029999,43.819355,4499900
2016-02-26,63.349998,63.580002,62.240002,62.25,43.277092,5345100
2016-02-29,62.259998,62.73,61.919998,61.93,43.054619,7416300
2016-03-01,62.310001,64.239998,61.919998,64.220001,44.646656,5203800
2016-03-02,64.18,65.089996,63.709999,64.900002,45.119404,6150500
2016-03-03,64.489998,65.239998,63.639999,65.0,45.188927,8198200
2016-03-04,65.0,65.290001,64.169998,64.709999,44.987305,7112000
2016-03-07,64.5,66.629997,64.449997,66.489998,46.2248,6979800
2016-03-08,66.110001,66.360001,65.730003,66.260002,46.064899,6494600
2016-03-09,66.660004,66.68,64.949997,65.540001,45.56435,5431200
2016-03-10,66.169998,66.260002,64.480003,64.940002,45.147213,5992100
2016-03-11,65.18,65.589996,64.540001,64.959999,45.161102,7107600
2016-03-14,64.68,64.699997,64.010002,64.120003,44.577133,5721800
2016-03-15,63.970001,64.279999,63.32,63.68,44.271244,5400300
2016-03-16,63.380001,64.32,62.209999,62.639999,43.548218,8666400
2016-03-17,62.52,62.610001,60.98,61.470001,42.734825,9640100
2016-03-18,61.540001,62.830002,61.0,62.830002,43.680309,17343800
2016-03-21,62.529999,62.880001,62.130001,62.700001,43.589939,4002100
2016-03-22,62.580002,63.25,62.380001,62.799999,43.659443,5756300
2016-03-23,63.080002,63.080002,62.259998,62.34,43.339657,3651500
2016-03-24,62.18,62.560001,61.73,62.52,43.464802,5342100
2016-03-28,62.580002,63.150002,62.220001,62.77,43.638611,4699300
2016-03-29,62.450001,64.449997,62.330002,64.190002,44.625793,6146300
2016-03-30,63.959999,64.160004,63.200001,63.439999,44.367039,4489200
2016-03-31,63.599998,64.040001,63.299999,63.880001,44.674755,5811600
2016-04-01,63.66,65.190002,63.5,64.910004,45.395092,5804400
2016-04-04,65.010002,66.330002,64.769997,65.970001,46.136417,5726500
2016-04-05,65.830002,66.800003,65.599998,65.760002,45.98954,4340100
2016-04-06,65.760002,67.139999,65.760002,66.540001,46.535046,5743900
2016-04-07,66.050003,66.629997,65.599998,66.279999,46.353214,6309200
2016-04-08,66.830002,66.93,65.639999,66.07,46.206345,4404500
2016-04-11,66.199997,66.489998,65.769997,65.980003,46.143414,3545800
2016-04-12,65.959999,67.290001,65.860001,66.839996,46.744835,4394100
2016-04-13,67.0,67.660004,66.419998,67.57,47.255375,5643600
2016-04-14,67.660004,68.309998,67.519997,67.870003,47.465179,3456900
2016-04-15,67.940002,68.300003,67.57,68.050003,47.591068,3247400
2016-04-18,68.080002,68.949997,67.589996,68.860001,48.157543,3346300
2016-04-19,68.849998,69.739998,68.190002,68.910004,48.19252,4019900
2016-04-20,69.18,69.550003,68.410004,69.230003,48.416298,6918800
2016-04-21,69.019997,70.239998,68.879997,70.160004,49.066711,5420500
2016-04-22,70.25,71.07,70.25,70.68,49.430363,5804000
2016-04-25,70.610001,70.830002,70.040001,70.629997,49.395409,4231400
2016-04-26,70.639999,71.07,70.129997,70.860001,49.556252,4608400
2016-04-27,70.860001,71.0,68.610001,70.230003,49.115662,7572200
2016-04-28,71.779999,73.059998,69.5,72.260002,50.535355,13740700
2016-04-29,72.059998,72.690002,71.370003,72.18,50.479412,9503400
2016-05-02,72.190002,72.339996,71.489998,71.959999,50.325542,7739100
2016-05-03,71.949997,72.029999,70.75,71.129997,49.745087,5758700
2016-05-04,70.419998,70.949997,70.139999,70.779999,49.500294,6835200
2016-05-05,70.559998,71.190002,70.040001,71.150002,49.759064,6368300
2016-05-06,71.0,71.5,69.879997,71.220001,49.808014,4770100
2016-05-09,71.339996,71.980003,71.290001,71.339996,49.891941,5283500
2016-05-10,71.75,71.75,70.849998,71.529999,50.024811,5758800
2016-05-11,71.32,71.519997,70.599998,70.809998,49.521286,5356500
2016-05-12,71.040001,71.389999,70.589996,71.279999,49.849987,4922600
2016-05-13,71.269997,71.900002,71.0,71.18,49.780045,3935200
2016-05-16,71.419998,73.010002,71.019997,72.830002,50.933971,5030700
2016-05-17,72.230003,72.970001,70.900002,71.209999,49.801025,10779600
2016-05-18,70.910004,71.800003,70.639999,71.089996,49.717098,5071000
2016-05-19,70.629997,71.0,69.559998,70.330002,49.185589,5425000
2016-05-20,70.550003,71.160004,70.32,70.769997,49.493301,5164000
2016-05-23,70.93,71.0,69.610001,70.400002,49.23455,5905300
2016-05-24,70.940002,71.440002,70.830002,71.230003,49.814999,3878800
2016-05-25,71.300003,71.57,70.540001,70.690002,49.437355,5810100
2016-05-26,70.540001,70.980003,70.290001,70.730003,49.465324,3995000
2016-05-27,70.940002,71.540001,70.709999,71.309998,49.87096,3630900
2016-05-31,71.360001,71.879997,70.940002,71.699997,50.143703,7162500
2016-06-01,71.709999,72.110001,71.400002,71.870003,50.262592,3726000
2016-06-02,71.919998,73.0,71.790001,73.0,51.052868,4610800
2016-06-03,72.760002,73.370003,72.330002,72.889999,50.975952,5039500
2016-06-06,73.419998,75.120003,73.410004,74.290001,51.955048,9599500
2016-06-07,74.239998,74.650002,73.690002,73.910004,51.689281,5037500
2016-06-08,73.959999,73.989998,73.279999,73.410004,51.339592,5702700
2016-06-09,73.370003,73.709999,72.639999,72.730003,50.864052,5693700
2016-06-10,72.5,72.980003,72.18,72.650002,50.808094,5007100
2016-06-13,72.669998,73.169998,72.0,72.220001,50.507374,4726800
2016-06-14,72.220001,73.150002,72.160004,73.099998,51.12281,4691900
2016-06-15,73.25,73.760002,72.489998,72.57,50.752148,5390100
2016-06-16,72.349998,72.519997,70.769997,71.730003,50.16468,10778200
2016-06-17,72.0,72.0,70.129997,70.669998,49.423367,15007700
2016-06-20,71.330002,71.75,70.959999,70.959999,49.626167,5165800
2016-06-21,71.160004,71.5,70.360001,71.25,49.829002,6450900
2016-06-22,71.25,73.440002,71.220001,72.309998,50.57032,8093800
2016-06-23,72.860001,72.910004,72.150002,72.639999,50.801086,5624500
2016-06-24,70.75,71.849998,70.529999,70.610001,49.381409,7414100
2016-06-27,70.389999,71.129997,70.089996,70.32,49.178604,7473500
2016-06-28,70.949997,72.080002,70.669998,72.010002,50.360512,7066400
2016-06-29,72.120003,73.169998,71.959999,73.0,51.323708,6539800
2016-06-30,73.099998,73.75,72.709999,73.550003,51.710392,5763900
2016-07-01,73.660004,74.160004,73.330002,73.779999,51.872105,3123100
2016-07-05,73.75,74.190002,73.290001,73.779999,51.872105,4255900
2016-07-06,74.010002,74.059998,72.870003,73.860001,51.928345,6517600
2016-07-07,73.849998,74.150002,73.629997,74.080002,52.083027,4056700
2016-07-08,74.290001,75.720001,74.0,75.279999,52.926682,5428100
2016-07-11,75.300003,75.839996,75.029999,75.389999,53.004017,5278000
2016-07-12,75.480003,76.550003,75.480003,76.199997,53.573505,5934800
2016-07-13,76.690002,76.889999,76.099998,76.580002,53.840687,4651000
2016-07-14,76.790001,76.919998,76.290001,76.769997,53.974247,4352600
2016-07-15,77.110001,77.120003,75.080002,76.0,53.432899,7523600
2016-07-18,76.269997,76.360001,75.620003,75.959999,53.404781,3793900
2016-07-19,75.900002,76.190002,75.43,75.470001,53.060261,3693200
2016-07-20,75.709999,76.040001,75.540001,75.720001,53.236042,3949500
2016-07-21,75.610001,76.080002,75.150002,75.5,53.081371,3376600
2016-07-22,75.5,75.980003,75.0,75.68,53.20792,5276200
2016-07-25,75.699997,75.75,75.07,75.559998,53.123547,3989000
2016-07-26,75.779999,75.870003,74.889999,75.059998,52.772011,3826400
2016-07-27,75.199997,76.800003,75.010002,76.470001,53.763348,5542600
2016-07-28,75.410004,76.480003,74.5,74.660004,52.490788,7412600
2016-07-29,74.57,75.160004,74.220001,74.809998,52.596252,4861100
2016-08-01,75.129997,76.300003,74.889999,76.190002,53.56649,5081900
2016-08-02,76.019997,76.07,74.709999,75.050003,52.765003,4479000
2016-08-03,74.93,75.059998,74.25,74.800003,52.589218,4349600
2016-08-04,74.959999,75.620003,74.57,75.32,52.954811,3474900
2016-08-05,62.0,64.769997,61.560001,63.279999,44.489914,86212600
2016-08-08,63.5,63.650002,60.0,60.299999,42.394783,60132800
2016-08-09,60.650002,62.25,60.57,61.610001,43.3158,25005600
2016-08-10,61.77,61.830002,60.5,60.580002,42.591637,14455100
2016-08-11,60.700001,61.130001,60.25,60.970001,42.865841,14576300
2016-08-12,61.23,61.299999,60.610001,60.630001,42.626808,9376500
2016-08-15,60.740002,60.860001,60.009998,60.029999,42.204952,12142900
2016-08-16,60.02,60.389999,59.299999,59.41,41.769062,13273700
2016-08-17,59.5,59.52,58.07,58.299999,40.988655,21007400
2016-08-18,58.27,59.48,58.259998,58.68,41.255836,14693300
2016-08-19,58.740002,59.349998,58.529999,59.290001,41.684692,12134900
2016-08-22,59.650002,59.68,59.009998,59.259998,41.663609,11133600
2016-08-23,59.509998,60.040001,59.299999,59.860001,42.08543,10583000
2016-08-24,59.799999,60.0,58.400002,58.59,41.192551,13198700
2016-08-25,58.59,59.41,58.360001,58.759998,41.312069,9116500
2016-08-26,58.759998,59.400002,58.540001,58.77,41.319088,7845200
2016-08-29,58.889999,59.139999,58.459999,58.759998,41.312069,6573300
2016-08-30,58.970001,58.970001,57.16,57.240002,40.243401,16800500
2016-08-31,57.369999,57.509998,56.919998,57.389999,40.348866,12533900
2016-09-01,57.599998,57.619999,56.490002,56.759998,39.905933,12873900
2016-09-02,56.93,56.93,55.110001,56.349998,39.61768,34001000
2016-09-06,56.689999,57.130001,56.119999,56.959999,40.046551,11710600
2016-09-07,57.02,57.450001,56.419998,56.57,39.772346,11719300
2016-09-08,56.630001,57.25,56.279999,56.810001,39.941093,11571500
2016-09-09,56.599998,57.009998,55.66,55.66,39.132561,12349600
2016-09-12,55.299999,56.439999,55.02,56.32,39.596588,9958900
2016-09-13,56.080002,56.130001,55.09,55.599998,39.090382,9473400
2016-09-14,55.849998,56.09,55.110001,55.23,38.83025,9007200
2016-09-15,55.349998,56.34,55.27,55.970001,39.350517,9835200
2016-09-16,56.220001,56.41,55.529999,55.599998,39.090382,12082900
2016-09-19,55.950001,55.970001,55.02,55.080002,38.724792,10517400
2016-09-20,55.349998,56.279999,55.16,55.560001,39.062256,9940200
2016-09-21,55.860001,56.119999,55.259998,55.93,39.322384,11651400
2016-09-22,56.029999,56.650002,55.869999,56.419998,39.666889,10611000
2016-09-23,56.299999,56.950001,56.259998,56.48,39.709084,8569100
2016-09-26,56.259998,56.310001,55.400002,55.48,39.006016,8599800
2016-09-27,55.68,55.889999,55.5,55.740002,39.188808,8619900
2016-09-28,55.810001,55.810001,54.93,55.09,38.731827,13768400
2016-09-29,55.259998,55.27,53.759998,53.869999,37.874081,17228500
2016-09-30,53.93,54.369999,53.900002,53.919998,37.909225,13326700
2016-10-03,53.939999,54.700001,53.560001,54.66,38.429504,9697200
2016-10-04,54.900002,55.82,54.799999,55.209999,38.816189,14042700
2016-10-05,54.900002,55.200001,54.490002,54.790001,38.787876,10964100
2016-10-06,54.57,55.360001,54.48,55.049999,38.971931,10955300
2016-10-07,55.220001,55.900002,55.060001,55.43,39.240963,12714400
2016-10-10,50.790001,51.299999,49.540001,49.810001,35.262348,65259700
2016-10-11,49.669998,50.23,49.5,49.549999,35.078278,24532500
2016-10-12,49.82,50.970001,49.740002,50.009998,35.403938,18137500
2016-10-13,49.630001,50.490002,49.119999,50.240002,35.566757,15096000
2016-10-14,50.349998,50.650002,49.759998,49.77,35.234035,13848400
2016-10-17,49.689999,49.790001,49.099998,49.34,34.929611,11578000
2016-10-18,49.48,50.349998,49.34,50.049999,35.432243,8773300
2016-10-19,49.950001,50.18,49.799999,49.869999,35.304821,7636200
2016-10-20,49.810001,50.48,49.759998,50.360001,35.651707,9310200
2016-10-21,50.110001,50.450001,49.880001,50.02,35.411003,8558700
2016-10-24,50.110001,50.169998,49.040001,49.23,34.851742,12107600
2016-10-25,49.220001,50.130001,49.029999,49.549999,35.078278,10212800
2016-10-26,49.580002,49.759998,49.07,49.290001,34.894211,8331100
2016-10-27,52.419998,53.169998,50.66,51.959999,36.784412,31896700
2016-10-28,52.110001,52.220001,50.66,51.0,36.104786,13798700
2016-10-31,51.049999,51.619999,50.650002,50.91,36.041069,11326200
2016-11-01,50.93,51.360001,50.380001,50.799999,35.9632,8740800
2016-11-02,50.93,50.98,50.529999,50.57,35.800369,8197300
2016-11-03,50.509998,50.880001,50.099998,50.209999,35.545521,14924800
2016-11-04,50.5,51.450001,50.459999,51.009998,36.111858,12818000
2016-11-07,51.700001,53.099998,51.59,52.619999,37.251644,12825300
2016-11-08,52.290001,53.34,52.02,53.16,37.633934,10094000
2016-11-09,55.25,57.299999,54.900002,56.299999,39.856865,28681000
2016-11-10,57.0,57.549999,56.220001,56.66,40.111713,17744300
2016-11-11,56.310001,56.73,55.880001,56.369999,39.906422,12438300
2016-11-14,56.66,56.849998,56.02,56.560001,40.04092,7234900
2016-11-15,56.73,56.790001,55.759998,56.689999,40.132954,9312800
2016-11-16,56.700001,56.720001,55.93,56.200001,39.786072,8935500
2016-11-17,56.75,57.099998,56.060001,56.68,40.125881,6820500
2016-11-18,56.580002,56.84,56.25,56.759998,40.182499,7387400
2016-11-21,56.709999,56.849998,56.400002,56.73,40.161266,11312300
2016-11-22,56.66,56.900002,56.259998,56.549999,40.033844,10350000
2016-11-23,56.049999,56.779999,55.779999,56.75,40.17543,10151000
2016-11-25,56.849998,57.139999,56.709999,56.98,40.338261,6228600
2016-11-28,56.919998,56.959999,56.25,56.509998,40.00552,8724200
2016-11-29,56.619999,56.889999,56.139999,56.360001,39.899326,9818900
2016-11-30,56.290001,56.689999,56.0,56.439999,39.955963,16418900
2016-12-01,55.939999,56.27,55.439999,55.799999,39.50288,12719600
2016-12-02,55.689999,56.110001,55.299999,55.959999,39.616161,9281500
2016-12-05,55.860001,55.959999,55.23,55.549999,39.325905,9904400
2016-12-06,55.709999,56.040001,55.560001,56.029999,39.66571,5924400
2016-12-07,55.549999,55.68,54.360001,55.240002,39.106445,12210800
2016-12-08,54.93,55.419998,54.779999,55.23,39.099361,8191200
2016-12-09,55.16,57.18,55.099998,57.040001,40.38073,11782800
2016-12-12,56.830002,56.970001,56.400002,56.549999,40.033844,8829300
2016-12-13,57.0,57.34,56.700001,57.169998,40.472755,6902800
2016-12-14,57.299999,58.52,57.27,58.5,41.414314,12603900
2016-12-15,58.509998,59.799999,58.279999,58.650002,41.520508,13210800
2016-12-16,58.919998,59.049999,58.200001,58.619999,41.499271,12218200
2016-12-19,59.040001,59.849998,59.02,59.419998,42.065605,8399100
2016-12-20,59.299999,59.529999,58.939999,59.119999,41.853233,3918800
2016-12-21,59.23,59.580002,58.68,58.689999,41.54882,4471200
2016-12-22,58.740002,58.98,58.52,58.759998,41.598377,4812000
2016-12-23,58.849998,59.93,58.77,59.610001,42.200127,5412800
2016-12-27,59.610001,59.75,59.290001,59.330002,42.001904,4251900
2016-12-28,59.290001,59.439999,58.540001,58.610001,41.492195,4249100
2016-12-29,58.810001,59.189999,58.630001,58.900002,41.697502,3642700
2016-12-30,58.860001,58.959999,58.209999,58.439999,41.371838,7008900
2017-01-03,58.779999,59.68,58.580002,59.450001,42.086849,10061700
2017-01-04,59.459999,59.75,59.029999,59.139999,42.143867,6703400
2017-01-05,59.389999,60.419998,59.310001,60.130001,42.84935,8422300
2017-01-06,60.040001,60.330002,58.849998,59.950001,42.721077,10104600
2017-01-09,59.75,59.919998,59.650002,59.73,42.564293,5263000
2017-01-10,59.779999,60.450001,59.720001,59.98,42.742455,6103700
2017-01-11,58.119999,58.869999,56.529999,56.799999,40.476353,20497900
2017-01-12,56.5,56.779999,56.02,56.549999,40.298203,9977900
2017-01-13,56.560001,56.73,56.049999,56.220001,40.063042,7660200
2017-01-17,55.889999,56.580002,55.209999,56.279999,40.105804,10416300
2017-01-18,56.509998,56.549999,55.889999,56.07,39.956154,6639200
2017-01-19,56.099998,56.310001,55.34,55.490002,39.542839,7122300
2017-01-20,55.490002,55.490002,48.919998,49.23,35.081886,77021200
2017-01-23,49.529999,50.310001,49.150002,50.0,35.630589,23886100
2017-01-24,50.049999,50.139999,48.93,48.959999,34.889477,17172800
2017-01-25,49.34,49.57,48.799999,49.549999,35.309917,15978500
2017-01-26,48.59,49.509998,46.009998,46.82,33.364479,44800800
2017-01-27,47.259998,48.619999,47.119999,47.740002,34.020088,22918700
2017-01-30,48.220001,49.099998,47.959999,48.689999,34.697071,15738200
2017-01-31,48.400002,49.419998,48.209999,49.16,35.031998,15094000
2017-02-01,49.130001,49.32,48.32,49.290001,35.124641,16021900
2017-02-02,49.349998,50.889999,49.27,50.5,35.986904,18610200
2017-02-03,50.599998,50.91,50.360001,50.779999,36.186432,10934000
2017-02-06,50.650002,51.09,50.560001,51.040001,36.371712,8263400
2017-02-07,51.490002,52.32,51.259998,51.66,36.81353,15747800
2017-02-08,51.290001,52.119999,51.119999,52.0,37.055817,12236500
2017-02-09,52.0,52.25,51.459999,51.509998,36.706642,5813100
2017-02-10,51.610001,51.970001,51.52,51.650002,36.806404,5845600
2017-02-13,51.830002,52.09,51.619999,52.029999,37.077202,6769700
2017-02-14,52.310001,54.27,52.09,53.709999,38.274384,19785200
2017-02-15,53.700001,55.34,53.599998,55.029999,39.215031,11860800
2017-02-16,55.080002,55.16,53.919998,54.279999,38.680573,9917100
2017-02-17,54.299999,54.720001,54.080002,54.59,38.901474,9706100
2017-02-21,54.41,57.209999,53.41,54.779999,39.036873,26919300
2017-02-22,55.490002,56.450001,55.290001,55.349998,39.443073,21293700
2017-02-23,55.630001,56.09,55.02,55.77,39.742367,14410400
2017-02-24,55.919998,56.470001,55.880001,56.439999,40.219807,11382500
2017-02-27,56.5,57.0,56.240002,56.560001,40.305325,11285300
2017-02-28,56.540001,56.93,56.209999,56.709999,40.412228,9046000
2017-03-01,57.0,57.240002,56.52,57.18,40.747147,13349300
2017-03-02,56.889999,57.490002,56.59,56.860001,40.519104,12103700
2017-03-03,56.740002,57.34,56.630001,57.259998,40.804153,9645800
2017-03-06,57.02,57.23,56.23,56.970001,40.597492,7917200
2017-03-07,56.27,56.630001,55.779999,56.330002,40.141434,16970300
2017-03-08,56.330002,57.5,56.220001,57.119999,40.704388,13556400
2017-03-09,57.369999,58.049999,57.200001,57.990002,41.324364,7535200
2017-03-10,58.029999,58.540001,57.810001,58.32,41.559521,8547300
2017-03-13,58.299999,58.299999,56.860001,56.93,40.568993,11689400
2017-03-14,56.950001,57.599998,56.580002,56.689999,40.397964,11746400
2017-03-15,56.669998,57.93,56.669998,57.650002,41.082085,10337700
2017-03-16,57.330002,57.580002,57.119999,57.310001,40.839794,9903900
2017-03-17,57.23,57.25,56.110001,56.290001,40.112919,15881900
2017-03-20,56.330002,56.709999,56.240002,56.41,40.198425,8481400
2017-03-21,56.5,56.66,55.380001,55.709999,39.699604,9394500
2017-03-22,55.700001,56.419998,55.169998,56.360001,40.162811,9808300
2017-03-23,56.080002,56.529999,55.68,55.77,39.742367,7624700
2017-03-24,55.869999,56.25,55.68,55.889999,39.827869,6170600
2017-03-27,55.599998,56.349998,55.529999,56.040001,39.934769,11139700
2017-03-28,56.040001,56.369999,55.93,56.200001,40.048786,8525900
2017-03-29,56.169998,56.549999,55.93,55.950001,39.870628,6136200
2017-03-30,55.959999,56.0,55.25,55.360001,39.450195,8147500
2017-03-31,55.299999,55.669998,54.16,54.380001,38.751827,12390400
2017-04-03,54.529999,55.16,53.869999,54.209999,38.630692,16315800
2017-04-04,54.209999,54.349998,53.950001,54.139999,38.580811,8996700
2017-04-05,53.990002,54.130001,53.0,53.080002,38.099888,10095800
2017-04-06,53.049999,53.529999,52.509998,53.290001,38.250626,7404700
2017-04-07,53.27,53.66,52.880001,53.419998,38.343937,7969300
2017-04-10,53.349998,53.709999,53.200001,53.349998,38.293694,7409100
2017-04-11,53.290001,53.439999,52.939999,52.98,38.028114,6996500
2017-04-12,52.82,53.139999,52.75,52.990002,38.035297,7193000
2017-04-13,53.049999,53.189999,52.779999,52.830002,37.920448,7169400
2017-04-17,52.75,53.220001,52.529999,52.950001,38.006592,6471400
2017-04-18,52.68,53.150002,52.59,52.93,37.992233,8036700
2017-04-19,53.0,53.66,52.880001,53.200001,38.186031,8140600
2017-04-20,53.41,53.560001,53.189999,53.439999,38.358292,6092500
2017-04-21,53.400002,53.709999,53.150002,53.48,38.387001,5224400
2017-04-24,53.849998,54.0,53.509998,53.549999,38.437252,9783300
2017-04-25,53.650002,54.32,53.650002,53.939999,38.717186,9321100
2017-04-26,54.049999,54.650002,53.709999,53.77,38.595161,9453900
2017-04-27,55.360001,56.130001,54.619999,55.669998,39.958946,15317800
2017-04-28,55.700001,56.330002,55.369999,56.049999,40.231701,8248700
2017-05-01,56.34,56.830002,55.91,56.310001,40.418327,7420300
2017-05-02,56.34,56.790001,55.549999,55.950001,40.159927,17278100
2017-05-03,55.490002,55.580002,54.720001,55.060001,39.521107,10651100
2017-05-04,55.07,55.549999,54.950001,55.189999,39.614407,6205100
2017-05-05,55.25,55.330002,54.959999,55.150002,39.585705,5938300
2017-05-08,54.990002,55.18,54.540001,54.939999,39.434967,4730500
2017-05-09,54.880001,55.48,54.75,55.32,39.707718,7134600
2017-05-10,55.18,55.310001,54.880001,55.139999,39.578526,6361400
2017-05-11,55.139999,55.66,54.889999,55.139999,39.578526,6810200
2017-05-12,55.200001,55.380001,54.799999,55.029999,39.499561,5177000
2017-05-15,55.029999,55.23,54.830002,55.099998,39.549805,4935000
2017-05-16,55.0,55.279999,54.200001,54.389999,39.040184,9259500
2017-05-17,54.389999,54.619999,53.700001,54.41,39.054546,7724300
2017-05-18,54.200001,54.490002,53.32,53.779999,38.602341,12419900
2017-05-19,53.82,54.279999,53.82,54.02,38.774601,8640900
2017-05-22,54.02,54.34,53.880001,54.099998,38.832039,4462800
2017-05-23,54.16,54.43,54.139999,54.209999,38.910984,7187100
2017-05-24,54.450001,54.450001,53.470001,53.82,38.631046,6460700
2017-05-25,53.889999,54.580002,53.689999,54.389999,39.040184,8493100
2017-05-26,54.369999,54.82,53.900002,53.970001,38.738716,4968200
2017-05-30,53.93,54.240002,53.759998,53.93,38.710007,7137500
2017-05-31,54.139999,54.349998,53.860001,53.950001,38.72435,8140700
2017-06-01,54.0,54.529999,53.880001,54.529999,39.140678,6561600
2017-06-02,54.709999,55.169998,54.509998,54.970001,39.456493,7470900
2017-06-05,53.759998,54.360001,52.209999,52.360001,37.583096,18743100
2017-06-06,52.299999,52.400002,51.630001,51.66,37.080643,11724700
2017-06-07,51.860001,52.580002,51.560001,52.57,37.733826,10562700
2017-06-08,52.57,53.360001,52.549999,52.849998,37.934792,8687200
2017-06-09,52.77,54.18,52.650002,53.75,38.580811,7553100
2017-06-12,53.75,54.360001,53.490002,54.360001,39.018658,8766700
2017-06-13,54.189999,54.32,53.900002,54.189999,38.896633,4776800
2017-06-14,54.240002,54.810001,54.130001,54.52,39.133495,5622400
2017-06-15,54.490002,54.73,54.02,54.279999,38.961239,5679700
2017-06-16,54.52,54.599998,53.610001,54.459999,39.090427,12535400
2017-06-19,54.459999,55.369999,54.32,55.220001,39.635944,6210600
2017-06-20,55.27,56.41,55.099998,55.66,39.951767,7461100
2017-06-21,55.75,56.580002,55.599998,56.07,40.246071,8783600
2017-06-22,56.27,57.900002,56.150002,57.330002,41.150467,8289600
2017-06-23,57.27,57.360001,56.240002,56.639999,40.655201,20794800
2017-06-26,56.720001,57.27,56.349998,56.919998,40.856186,5595900
2017-06-27,56.799999,56.860001,55.849998,55.900002,40.124043,5477500
2017-06-28,56.150002,56.380001,55.77,55.869999,40.102501,5126300
2017-06-29,55.91,56.130001,55.490002,55.82,40.066605,5037800
2017-06-30,55.990002,56.07,55.68,55.720001,39.994839,4679700
2017-07-03,56.27,56.880001,56.18,56.27,40.389622,6257600
2017-07-05,56.27,56.389999,55.549999,56.349998,40.729336,5887400
2017-07-06,56.099998,56.209999,55.200001,55.279999,39.955944,5546100
2017-07-07,55.509998,56.0,55.080002,55.91,40.411304,5487500
2017-07-10,56.099998,56.32,55.82,55.93,40.425758,4050800
2017-07-11,55.810001,56.099998,55.099998,55.330002,39.992085,4630300
2017-07-12,55.639999,56.240002,54.849998,55.040001,39.782467,9081000
2017-07-13,55.060001,55.18,54.220001,54.669998,39.515034,8130900
2017-07-14,54.810001,55.450001,54.5,55.150002,39.86198,6042900
2017-07-17,55.279999,55.529999,54.580002,54.790001,39.601768,3719200
2017-07-18,54.77,54.82,54.419998,54.740002,39.565636,3701400
2017-07-19,54.77,55.200001,54.610001,55.07,39.804142,3321700
2017-07-20,55.279999,55.720001,55.18,55.439999,40.071587,3862400
2017-07-21,55.41,55.77,55.380001,55.650002,40.223381,5009100
2017-07-24,55.650002,55.939999,55.150002,55.599998,40.187233,6700900
2017-07-25,55.860001,56.18,55.77,55.950001,40.440212,7312900
2017-07-26,55.950001,56.150002,55.5,55.98,40.461906,8049300
2017-07-27,53.330002,54.439999,52.060001,54.240002,39.204239,21645100
2017-07-28,54.240002,55.59,53.939999,55.27,39.948715,9099600
2017-07-31,55.59,57.200001,55.5,56.900002,41.126862,10824300
2017-08-01,57.150002,57.169998,55.669998,56.110001,40.555866,11075300
2017-08-02,56.290001,56.450001,55.099998,55.23,39.919807,6294200
2017-08-03,55.099998,55.880001,55.080002,55.5,40.114952,5484400
2017-08-04,55.560001,56.220001,55.52,55.950001,40.440212,4161500
2017-08-07,56.0,56.349998,55.57,56.299999,40.693192,5126000
2017-08-08,56.349998,57.57,56.299999,56.91,41.134087,7887200
2017-08-09,56.790001,57.560001,56.509998,57.400002,41.488274,7675600
2017-08-10,57.25,57.25,56.549999,56.59,40.90279,5134600
2017-08-11,56.610001,57.009998,56.41,56.73,41.003986,4060500
2017-08-14,56.959999,57.759998,56.700001,57.619999,41.647266,5654300
2017-08-15,57.66,57.990002,57.5,57.869999,41.827969,5843300
2017-08-16,57.330002,57.689999,56.939999,57.5,41.560539,7881300
2017-08-17,57.48,57.529999,56.73,56.77,41.032909,4393700
2017-08-18,56.68,56.939999,56.41,56.419998,40.779919,4809900
2017-08-21,56.419998,56.919998,56.25,56.639999,40.938938,4879400
2017-08-22,56.790001,57.799999,56.650002,57.669998,41.683411,4441000
2017-08-23,57.630001,58.169998,57.43,57.869999,41.827969,4017400
2017-08-24,57.98,58.34,57.799999,58.169998,42.044804,4471000
2017-08-25,58.290001,58.669998,58.18,58.369999,42.189377,4070300
2017-08-28,58.639999,58.889999,58.450001,58.580002,42.341148,3292300
2017-08-29,58.349998,59.02,58.18,58.860001,42.543545,3983700
2017-08-30,58.869999,59.700001,58.82,59.380001,42.919384,5327800
2017-08-31,59.630001,60.75,59.610001,60.48,43.71447,9716900
2017-09-01,60.360001,60.650002,59.720001,59.900002,43.295238,6283700
2017-09-05,59.540001,60.220001,59.389999,59.810001,43.23019,4310400
2017-09-06,60.0,60.290001,59.77,59.869999,43.273552,5389300
2017-09-07,60.5,63.470001,60.490002,62.84,45.420254,17301900
2017-09-08,62.740002,63.18,62.23,62.619999,45.261238,6579300
2017-09-11,62.619999,63.139999,62.139999,62.720001,45.333511,6086500
2017-09-12,62.439999,63.09,62.419998,63.02,45.550343,4780700
2017-09-13,62.880001,63.080002,62.23,62.48,45.160042,4357000
2017-09-14,62.380001,63.110001,62.32,62.689999,45.311832,5347100
2017-09-15,62.900002,63.380001,62.310001,62.48,45.160042,10407600
2017-09-18,62.490002,63.209999,62.27,62.700001,45.319061,6975900
2017-09-19,62.700001,63.130001,62.59,62.93,45.485298,4844300
2017-09-20,62.919998,63.720001,62.720001,63.490002,45.89006,5561300
2017-09-21,63.349998,63.740002,63.029999,63.330002,45.774418,5250100
2017-09-22,63.330002,63.549999,63.040001,63.360001,45.796104,3667700
2017-09-25,63.330002,63.689999,63.060001,63.189999,45.673233,5959000
2017-09-26,63.119999,63.599998,62.810001,62.93,45.485298,3497900
2017-09-27,62.779999,63.150002,62.57,62.950001,45.499752,4674200
2017-09-28,62.790001,63.459999,62.59,63.009998,45.543118,5842500
2017-09-29,63.16,63.75,63.060001,63.740002,46.070774,5404300
2017-10-02,63.799999,64.779999,63.639999,64.559998,46.663456,5991700
2017-10-03,64.410004,64.790001,64.169998,64.290001,46.4683,5056200
2017-10-04,64.470001,64.790001,64.379997,64.739998,46.79356,4583800
2017-10-05,64.220001,64.339996,63.73,63.799999,46.393608,6091800
2017-10-06,63.889999,65.029999,63.830002,64.809998,47.128052,6161400
2017-10-09,64.760002,64.860001,64.080002,64.150002,46.648121,3267700
2017-10-10,64.239998,65.260002,64.160004,65.129997,47.360748,5008500
2017-10-11,65.129997,65.5,64.93,65.110001,47.346214,3875600
2017-10-12,65.150002,65.730003,64.900002,65.349998,47.520721,5339700
2017-10-13,65.510002,66.099998,65.139999,65.290001,47.4771,6209100
2017-10-16,64.540001,65.040001,63.310001,63.650002,46.284546,6692600
2017-10-17,63.630001,64.370003,63.41,64.18,46.66993,5030800
2017-10-18,64.25,64.699997,63.549999,63.700001,46.320885,5594900
2017-10-19,63.82,64.690002,63.68,64.669998,47.026253,4918800
2017-10-20,64.790001,64.989998,64.209999,64.419998,46.84446,5227400
2017-10-23,64.620003,64.690002,63.689999,63.75,46.357258,5990200
2017-10-24,63.75,64.050003,63.360001,63.650002,46.284546,6197600
2017-10-25,63.459999,64.559998,63.41,64.0,46.539047,6202900
2017-10-26,62.509998,63.25,60.400002,60.950001,44.321167,13116300
2017-10-27,60.98,61.689999,59.790001,59.939999,43.586716,9539900
2017-10-30,61.09,61.529999,60.279999,60.84,44.241184,8443700
2017-10-31,60.939999,61.900002,60.68,61.66,44.837471,8234200
2017-11-01,61.860001,62.349998,61.490002,62.16,45.201035,4713300
2017-11-02,62.150002,62.869999,61.73,62.23,45.251934,4058200
2017-11-03,62.080002,62.25,61.799999,62.220001,45.244682,3327100
2017-11-06,62.240002,62.27,61.279999,61.68,44.852005,4222600
2017-11-07,61.580002,62.43,61.450001,61.91,45.019264,4047200
2017-11-08,61.630001,62.82,61.630001,62.580002,45.506462,4535400
2017-11-09,62.209999,62.349998,61.759998,61.990002,45.077431,3671400
2017-11-10,61.75,61.75,60.34,60.860001,44.255722,5592100
2017-11-13,60.700001,61.209999,60.5,60.990002,44.35025,4222600
2017-11-14,60.959999,61.650002,60.669998,61.25,44.539314,3986900
2017-11-15,61.259998,61.279999,60.529999,61.07,44.408428,3349200
2017-11-16,61.25,61.970001,61.009998,61.869999,44.990166,4286200
2017-11-17,61.560001,61.900002,60.990002,61.32,44.590229,4147900
2017-11-20,61.169998,61.220001,60.150002,60.799999,44.212097,4902700
2017-11-21,61.200001,61.740002,60.98,61.240002,44.532051,3968000
2017-11-22,61.279999,61.77,61.0,61.139999,44.459332,3192200
2017-11-24,61.150002,61.610001,61.029999,61.43,44.670208,1985700
2017-11-27,61.529999,61.84,61.34,61.610001,44.801113,3032600
2017-11-28,61.720001,62.959999,61.610001,62.52,45.46283,8515700
2017-11-29,62.43,63.389999,61.900002,62.900002,45.739159,5064200
2017-11-30,63.09,63.799999,62.529999,63.189999,45.950043,8050700
2017-12-01,63.16,63.619999,62.439999,63.240002,45.986385,4186200
2017-12-04,63.169998,63.869999,62.439999,62.470001,45.426476,4893900
2017-12-05,62.66,63.0,61.630001,62.02,45.099243,4828800
2017-12-06,62.09,62.290001,60.830002,60.970001,44.335709,4758700
2017-12-07,60.959999,61.889999,60.959999,61.84,44.968357,5140500
2017-12-08,61.82,62.720001,61.68,62.419998,45.390118,5310000
2017-12-11,62.220001,63.41,62.09,63.02,45.826427,4502900
2017-12-12,63.189999,63.650002,63.189999,63.279999,46.015476,4832400
2017-12-13,63.139999,63.970001,63.0,63.470001,46.153656,4352400
2017-12-14,63.48,63.52,61.720001,62.130001,45.179237,5507900
2017-12-15,62.57,62.84,61.970001,62.41,45.382843,8856800
2017-12-18,62.580002,62.75,62.18,62.400002,45.375572,5608900
2017-12-19,62.639999,62.759998,61.52,61.560001,44.76474,5546000
2017-12-20,61.57,61.75,60.59,61.200001,44.502964,6980300
2017-12-21,61.450001,61.799999,61.029999,61.5,44.721107,6195600
2017-12-22,61.48,61.709999,60.599998,60.959999,44.328438,5477200
2017-12-26,60.98,61.549999,60.959999,61.259998,44.546593,3673500
2017-12-27,61.349998,62.02,61.299999,61.68,44.852005,3722300
2017-12-28,61.599998,61.849998,61.369999,61.77,44.917454,2500500
2017-12-29,61.970001,62.259998,61.259998,61.279999,44.561131,3953500
2018-01-02,61.400002,61.509998,60.84,61.310001,44.582954,6472700
2018-01-03,61.209999,61.509998,60.700001,61.360001,44.619312,7433500
2018-01-04,61.0,61.82,60.779999,61.75,45.197544,6403200
2018-01-05,61.869999,62.18,61.48,61.889999,45.300011,6113400
2018-01-08,61.779999,62.200001,61.209999,61.91,45.314667,4663700
2018-01-09,61.869999,62.099998,61.549999,61.849998,45.270748,5156800
2018-01-10,61.52,62.07,61.18,62.009998,45.387852,5096300
2018-01-11,61.990002,62.52,61.799999,62.470001,45.724545,6591100
2018-01-12,62.75,63.220001,62.52,62.810001,45.973415,5489200
2018-01-16,61.75,61.860001,59.419998,59.919998,43.858086,14471700
2018-01-17,60.330002,62.0,60.279999,61.849998,45.270748,10608500
2018-01-18,61.810001,61.900002,61.099998,61.830002,45.256115,7904200
2018-01-19,62.099998,62.419998,61.560001,62.279999,45.585468,7490300
2018-01-22,62.290001,63.43,62.02,63.279999,46.317421,6748100
2018-01-23,62.990002,63.68,62.799999,63.43,46.427208,6459900
2018-01-24,63.709999,64.0,63.139999,63.759998,46.668766,6430000
2018-01-25,64.0,64.260002,63.200001,63.52,46.493088,6183200
2018-01-26,63.93,64.730003,63.630001,64.25,47.027412,6727300
2018-01-29,64.120003,64.959999,64.080002,64.43,47.159142,6763300
2018-01-30,63.93,64.610001,63.310001,63.959999,46.815144,5848000
2018-01-31,63.959999,64.029999,61.939999,62.599998,45.819702,8886900
2018-02-01,62.18,62.98,61.950001,62.799999,45.966091,7133000
2018-02-02,62.889999,64.290001,62.849998,63.48,46.463814,11719200
2018-02-05,65.43,65.889999,60.93,60.959999,44.619308,23181900
2018-02-06,59.830002,61.209999,58.439999,60.900002,44.575394,18286300
2018-02-07,60.639999,62.77,60.299999,62.630001,45.841648,12176600
2018-02-08,62.549999,64.769997,62.529999,62.689999,45.885571,14961700
2018-02-09,63.299999,63.32,60.57,62.700001,45.892891,11158000
2018-02-12,62.950001,63.59,62.299999,63.16,46.229584,7502900
2018-02-13,62.799999,64.110001,62.689999,63.869999,46.749268,7519100
2018-02-14,63.59,65.940002,63.27,65.349998,47.83255,10290600
2018-02-15,67.309998,69.440002,67.18,68.980003,50.489502,15684900
2018-02-16,68.860001,70.050003,68.519997,68.959999,50.474869,10547400
2018-02-20,68.489998,68.830002,67.040001,67.349998,49.296425,8703700
2018-02-21,67.339996,67.75,66.510002,66.529999,48.696228,7046200
2018-02-22,67.0,67.0,65.860001,65.940002,48.2644,6528400
2018-02-23,66.169998,68.029999,66.169998,67.949997,49.7356,5240800
2018-02-26,67.989998,68.860001,67.879997,68.629997,50.23333,4229400
2018-02-27,68.540001,68.879997,67.82,67.839996,49.655083,4398500
2018-02-28,67.849998,67.940002,66.169998,66.199997,48.4547,8363900
2018-03-01,66.099998,66.519997,64.830002,65.690002,48.081409,7801300
2018-03-02,65.449997,66.5,65.129997,66.169998,48.432732,5391400
2018-03-05,65.830002,67.139999,65.599998,66.82,48.908497,6339600
2018-03-06,67.220001,67.400002,65.190002,65.470001,47.920383,6543400
2018-03-07,64.900002,66.260002,64.699997,66.099998,48.381496,5927600
2018-03-08,66.199997,66.959999,66.080002,66.75,48.857277,3728400
2018-03-09,66.949997,68.050003,66.669998,67.919998,49.713646,6260900
2018-03-12,67.900002,68.18,67.18,67.449997,49.369625,5031700
2018-03-13,67.809998,68.220001,66.269997,66.68,48.806026,5905800
2018-03-14,67.080002,67.260002,66.269997,66.629997,48.769428,4859300
2018-03-15,66.760002,66.93,66.209999,66.25,48.491291,3422200
2018-03-16,66.18,67.440002,66.18,66.599998,48.747478,9506100
2018-03-19,66.620003,66.980003,65.18,66.07,48.359539,5553700
2018-03-20,66.379997,67.160004,65.720001,66.43,48.623035,6307400
2018-03-21,66.540001,66.989998,66.089996,66.099998,48.381496,4331800
2018-03-22,65.580002,65.889999,63.91,63.950001,46.807827,6778700
2018-03-23,64.050003,64.050003,61.939999,62.060001,45.42445,8481500
2018-03-26,62.779999,63.57,61.73,63.400002,46.405266,6676500
2018-03-27,63.639999,63.669998,61.799999,62.41,45.680626,6221400
2018-03-28,62.580002,63.360001,62.419998,62.57,45.797749,5521200
2018-03-29,62.869999,63.75,62.380001,63.25,46.295464,5732300
2018-04-02,62.93,63.23,60.73,62.0,45.380535,6319700
2018-04-03,62.32,62.860001,61.529999,62.77,45.94413,6070400
2018-04-04,61.869999,63.23,61.549999,62.98,46.097824,5259800
2018-04-05,62.990002,63.189999,62.16,62.310001,45.898952,3856700
2018-04-06,62.07,62.130001,59.98,60.880001,44.845581,6462000
2018-04-09,60.91,61.040001,58.34,60.48,44.550938,10349100
2018-04-10,61.360001,61.48,60.529999,61.209999,45.088665,6014700
2018-04-11,60.599998,60.77,59.939999,60.18,44.329937,7817800
2018-04-12,59.299999,59.310001,57.849998,58.84,43.342865,14987200
2018-04-13,59.150002,59.279999,57.91,58.650002,43.202908,11551300
2018-04-16,58.41,58.669998,52.700001,54.080002,39.836529,34837300
2018-04-17,54.200001,54.23,52.200001,52.380001,38.584297,27808200
2018-04-18,52.349998,52.849998,52.040001,52.299999,38.525356,14688400
2018-04-19,52.349998,52.540001,51.509998,51.610001,38.017086,17146100
2018-04-20,51.619999,51.849998,51.02,51.169998,37.692978,11669100
2018-04-23,51.25,51.529999,50.66,50.900002,37.494091,10409600
2018-04-24,51.02,51.98,50.720001,51.580002,37.994995,12137800
2018-04-25,51.48,51.869999,50.560001,51.759998,38.127579,14309600
2018-04-26,51.529999,52.759998,50.560001,52.040001,38.333839,14220700
2018-04-27,52.330002,52.869999,52.009998,52.27,38.503254,7201800
2018-04-30,52.669998,52.68,51.830002,52.130001,38.400143,11437500
2018-05-01,51.98,52.740002,51.619999,52.689999,38.812641,9821900
2018-05-02,52.360001,52.400002,51.279999,51.5,37.936062,8252000
2018-05-03,51.599998,51.849998,50.759998,51.450001,37.899231,8177500
2018-05-04,51.16,51.5,50.669998,51.330002,37.810837,6149500
2018-05-07,51.32,51.68,51.040001,51.32,37.803474,6800600
2018-05-08,51.200001,51.200001,49.959999,50.529999,37.221531,12207200
2018-05-09,50.509998,51.209999,50.349998,51.09,37.634045,11587300
2018-05-10,51.330002,51.709999,51.0,51.150002,37.678242,9126100
2018-05-11,51.380001,52.110001,51.049999,51.860001,38.201244,8987700
2018-05-14,51.939999,52.599998,51.700001,52.02,38.319107,8716900
2018-05-15,51.950001,52.34,51.709999,52.299999,38.525356,8133100
2018-05-16,52.450001,52.619999,52.119999,52.209999,38.459061,5417400
2018-05-17,52.049999,53.400002,51.959999,52.740002,38.849468,8097400
2018-05-18,52.880001,53.150002,52.43,52.709999,38.827366,6440100
2018-05-21,52.07,52.759998,51.919998,52.240002,38.481159,5440800
2018-05-22,52.279999,52.82,52.200001,52.34,38.554821,3782800
2018-05-23,52.34,52.630001,52.110001,52.5,38.672684,5962200
2018-05-24,52.540001,52.75,52.119999,52.689999,38.812641,4930400
2018-05-25,52.810001,53.0,52.540001,52.77,38.871571,3735500
2018-05-29,52.369999,52.619999,51.77,52.27,38.503254,7711400
2018-05-30,52.48,53.450001,52.48,53.02,39.055721,6455700
2018-05-31,53.139999,53.18,52.459999,52.619999,38.761066,8862300
2018-06-01,52.91,53.400002,52.700001,53.130001,39.136757,6115800
2018-06-04,52.330002,52.400002,49.970001,51.450001,37.899231,15081900
2018-06-05,51.400002,52.18,51.27,51.919998,38.245426,8081600
2018-06-06,52.009998,52.970001,51.68,52.919998,38.982067,7211800
2018-06-07,52.950001,53.09,52.400002,52.619999,38.761066,5723800
2018-06-08,52.619999,53.220001,52.59,53.16,39.158859,4687500
2018-06-11,53.299999,53.5,52.860001,53.119999,39.129387,4927200
2018-06-12,53.139999,53.360001,52.98,53.130001,39.136757,8287300
2018-06-13,53.349998,54.299999,53.240002,53.459999,39.379833,7313300
2018-06-14,53.48,53.860001,53.110001,53.630001,39.505066,4789100
2018-06-15,54.139999,54.810001,53.860001,54.799999,40.366909,14496700
2018-06-18,54.279999,54.490002,53.509998,53.650002,39.519794,8520800
2018-06-19,53.400002,53.73,53.040001,53.639999,39.512432,5470700
2018-06-20,53.599998,54.310001,53.560001,54.25,39.961765,6142000
2018-06-21,54.18,54.389999,53.5,53.939999,39.733425,5844200
2018-06-22,54.650002,55.34,54.240002,55.139999,40.617371,10218500
2018-06-25,55.0,55.330002,54.25,54.669998,40.271149,7436700
2018-06-26,54.599998,55.240002,54.580002,54.91,40.447937,8749700
2018-06-27,54.650002,54.810001,54.299999,54.470001,40.123825,9406600
2018-06-28,54.490002,55.639999,54.48,55.299999,40.735218,10414600
2018-06-29,55.290001,55.849998,55.150002,55.34,40.764698,7726700
2018-07-02,55.169998,55.240002,54.48,55.189999,40.654194,5499300
2018-07-03,55.25,56.02,55.09,55.650002,40.993038,3933200
2018-07-05,55.43,56.91,54.869999,55.950001,41.512421,5349900
2018-07-06,56.220001,56.68,56.110001,56.560001,41.965004,5157500
2018-07-09,56.639999,56.75,56.299999,56.450001,41.883392,4119300
2018-07-10,56.77,56.77,56.0,56.18,41.683056,3717700
2018-07-11,56.0,56.110001,55.529999,55.75,41.364017,3898000
2018-07-12,56.549999,56.849998,56.189999,56.810001,42.15049,4081500
2018-07-13,56.619999,57.07,56.529999,56.860001,42.187603,3685100
2018-07-16,56.880001,56.93,56.209999,56.43,41.868565,3777400
2018-07-17,56.630001,56.810001,56.41,56.630001,42.016941,3900600
2018-07-18,56.580002,56.91,56.290001,56.880001,42.202427,3730300
2018-07-19,56.84,56.93,56.080002,56.540001,41.950165,3796900
2018-07-20,56.599998,56.880001,56.419998,56.709999,42.076294,4768400
2018-07-23,56.009998,56.169998,55.450001,55.880001,41.460476,7593900
2018-07-24,56.080002,58.27,56.040001,58.259998,43.22633,9670400
2018-07-25,58.080002,59.209999,57.950001,59.040001,43.805058,8873700
2018-07-26,60.110001,60.990002,56.080002,57.919998,42.974072,14646200
2018-07-27,58.560001,58.759998,56.830002,56.919998,42.232109,6387000
2018-07-30,56.919998,59.02,56.82,58.93,43.723434,8096600
2018-07-31,59.139999,59.419998,58.41,58.75,43.589878,6561000
2018-08-01,58.860001,60.189999,58.77,59.619999,44.235394,7722700
2018-08-02,59.5,59.73,58.639999,59.27,43.975697,5852200
2018-08-03,59.150002,59.349998,58.889999,59.16,43.894085,4666500
2018-08-06,59.029999,59.630001,58.720001,59.389999,44.064747,5524800
2018-08-07,59.380001,59.490002,58.830002,58.98,43.760532,5123200
2018-08-08,59.34,60.439999,58.860001,60.169998,44.643463,7005800
2018-08-09,59.77,60.139999,59.349998,59.529999,44.168613,3998500
2018-08-10,59.619999,59.830002,58.98,59.310001,44.005386,3535500
2018-08-13,59.200001,59.799999,59.119999,59.419998,44.087006,4797800
2018-08-14,59.299999,60.139999,59.299999,59.959999,44.487652,5212600
2018-08-15,59.869999,60.419998,59.389999,60.259998,44.710239,5214600
2018-08-16,60.279999,61.349998,59.93,61.110001,45.340893,7285500
2018-08-17,61.299999,61.59,60.799999,60.889999,45.17767,8868300
2018-08-20,61.110001,61.110001,60.32,60.32,44.754753,6186900
2018-08-21,60.41,60.66,60.060001,60.080002,44.576694,5098600
2018-08-22,60.119999,60.740002,59.869999,60.57,44.94025,5556200
2018-08-23,60.540001,60.73,59.919998,60.09,44.584103,3416500
2018-08-24,60.099998,60.25,59.639999,59.970001,44.495079,4575700
2018-08-27,60.23,60.630001,59.959999,60.009998,44.524754,4334400
2018-08-28,59.93,60.279999,59.68,60.169998,44.643463,3061900
2018-08-29,60.099998,61.25,60.060001,61.119999,45.34832,4619600
2018-08-30,61.049999,61.23,60.48,60.689999,45.029282,3930200
2018-08-31,60.470001,60.700001,60.209999,60.549999,44.925407,3352400
2018-09-04,60.5,60.689999,59.880001,60.48,44.87347,4746800
2018-09-05,60.599998,61.310001,60.41,61.200001,45.407688,6296600
2018-09-06,61.029999,61.380001,60.869999,60.939999,45.214775,4979500
2018-09-07,60.720001,61.41,60.639999,61.310001,45.489292,3519900
2018-09-10,61.5,61.77,60.799999,60.860001,45.155407,3963900
2018-09-11,60.849998,61.009998,60.439999,60.490002,44.880898,3585800
2018-09-12,60.529999,60.639999,59.880001,60.330002,44.762173,7025600
2018-09-13,60.700001,60.959999,59.52,60.790001,45.103481,6119300
2018-09-14,60.669998,60.720001,60.290001,60.689999,45.029282,3893800
2018-09-17,60.849998,61.5,60.66,61.299999,45.481873,4430900
2018-09-18,61.18,61.66,61.130001,61.48,45.615437,3703600
2018-09-19,61.540001,62.240002,60.59,60.799999,45.110889,4449400
2018-09-20,60.830002,61.950001,60.82,61.75,45.815754,4518200
2018-09-21,61.869999,62.619999,61.75,62.25,46.186745,9010600
2018-09-24,61.990002,62.290001,61.279999,61.59,45.697044,3938300
2018-09-25,61.82,62.52,61.740002,61.82,45.867702,5904200
2018-09-26,61.880001,62.380001,61.419998,61.619999,45.719303,5842000
2018-09-27,61.66,62.09,61.470001,61.950001,45.964153,4708200
2018-09-28,61.950001,62.110001,61.689999,62.080002,46.060593,3691000
2018-10-01,62.369999,62.650002,62.040001,62.099998,46.075436,4344000
2018-10-02,62.23,62.82,61.919998,62.799999,46.594803,5330100
2018-10-03,62.990002,63.209999,62.32,62.650002,46.483517,4742500
2018-10-04,62.23,62.599998,61.900002,62.360001,46.565655,4369000
2018-10-05,62.48,62.889999,62.119999,62.41,46.602982,3798200
2018-10-08,62.459999,63.150002,62.209999,62.900002,46.968887,7767500
2018-10-09,62.709999,63.689999,62.470001,63.23,47.21529,6618700
2018-10-10,62.93,63.349998,60.75,60.77,45.378372,10428300
2018-10-11,60.77,60.77,57.02,57.5,42.936573,12540100
2018-10-12,57.810001,57.959999,56.66,57.509998,42.944042,10713200
2018-10-15,57.700001,58.200001,57.349998,57.610001,43.018707,6356600
2018-10-16,57.93,58.09,57.119999,57.830002,43.182995,6445300
2018-10-17,57.93,59.279999,57.66,58.900002,43.981998,6546200
2018-10-18,57.5,57.529999,55.700001,55.98,41.801556,13606400
2018-10-19,55.849998,55.849998,54.290001,54.299999,40.547073,14981800
2018-10-22,51.25,51.900002,50.509998,50.880001,37.993267,24632300
2018-10-23,50.52,51.029999,49.830002,50.650002,37.821529,15370000
2018-10-24,50.700001,51.169998,48.669998,48.830002,36.462486,13583300
2018-10-25,48.830002,50.369999,46.939999,49.209999,36.746246,16207100
2018-10-26,49.209999,51.060001,48.790001,50.43,37.657246,13671900
2018-10-29,51.18,51.209999,49.200001,49.73,37.134541,10028800
2018-10-30,49.720001,50.189999,49.080002,50.02,37.351093,11263800
2018-10-31,50.400002,51.16,50.110001,50.540001,37.739384,9516500
2018-11-01,50.68,52.240002,50.639999,52.130001,38.926685,8305600
2018-11-02,52.459999,52.490002,50.380001,50.689999,37.851395,9236500
2018-11-05,51.310001,52.130001,51.220001,52.029999,38.851997,6803500
2018-11-06,51.970001,52.119999,50.5,51.349998,38.344238,10196700
2018-11-07,51.880001,53.110001,51.880001,52.990002,39.568855,9499800
2018-11-08,53.009998,53.669998,52.619999,52.810001,39.434448,6982900
2018-11-09,52.799999,53.619999,52.599998,53.389999,39.86755,8107400
2018-11-12,53.360001,53.529999,52.700001,52.849998,39.464317,6259800
2018-11-13,53.02,53.32,52.299999,52.59,39.270164,4586600
2018-11-14,52.889999,52.939999,52.279999,52.59,39.270164,6382400
2018-11-15,52.150002,53.349998,51.709999,53.27,39.777935,7628100
2018-11-16,53.59,54.810001,53.43,54.07,40.375324,10125900
2018-11-19,53.959999,54.130001,52.990002,53.48,39.934757,11082700
2018-11-20,53.009998,53.810001,52.900002,53.52,39.964611,12617900
2018-11-21,53.799999,53.880001,52.950001,53.200001,39.725666,6934600
2018-11-23,52.98,53.439999,52.68,52.93,39.524055,2328100
2018-11-26,53.389999,53.470001,52.349998,52.73,39.374702,6750500
2018-11-27,50.689999,51.25,49.860001,51.150002,38.194893,16857900
2018-11-28,51.450001,52.330002,51.259998,52.0,38.829594,7995000
2018-11-29,51.990002,52.369999,51.380001,51.82,38.695194,7466300
2018-11-30,51.799999,53.48,51.75,53.459999,39.919811,13932100
2018-12-03,53.580002,53.990002,52.950001,53.279999,39.785408,9599900
2018-12-04,53.419998,53.830002,51.950001,52.029999,38.851997,9190000
2018-12-06,52.16,53.25,51.66,53.25,39.763016,11399100
2018-12-07,53.23,53.799999,52.75,53.080002,39.636063,10462900
2018-12-10,53.25,53.290001,51.369999,52.580002,39.262714,8036900
2018-12-11,53.07,53.169998,51.919998,52.43,39.1507,8788900
2018-12-12,53.0,54.25,52.959999,53.439999,39.904873,7447200
2018-12-13,53.509998,53.939999,53.310001,53.639999,40.05423,8455600
2018-12-14,53.209999,53.259998,51.93,52.119999,38.919197,10708000
2018-12-17,51.93,52.439999,50.759998,50.919998,38.023144,12517400
2018-12-18,51.360001,52.049999,51.060001,51.560001,38.501038,8410200
2018-12-19,51.849998,52.0,49.860001,50.389999,37.627377,7811000
2018-12-20,50.25,50.59,49.75,50.060001,37.38097,10182000
2018-12-21,50.220001,51.380001,49.630001,49.82,37.201744,14465400
2018-12-24,49.459999,49.689999,48.75,48.759998,36.410217,5580800
2018-12-26,48.810001,50.099998,47.889999,50.029999,37.358562,8389800
2018-12-27,49.639999,50.41,48.720001,50.41,37.642315,7919100
2018-12-28,50.610001,51.700001,50.5,50.939999,38.038067,7686400
2018-12-31,51.07,52.009998,51.029999,51.98,38.814663,7369800
2019-01-02,51.34,52.84,51.34,52.43,39.1507,8441300
2019-01-03,46.919998,47.619999,44.299999,45.119999,33.957687,80351600
2019-01-04,45.880001,47.549999,45.860001,46.889999,35.28981,47515800
2019-01-07,47.040001,48.740002,46.360001,48.41,36.433781,26805000
2019-01-08,48.779999,48.880001,47.0,47.990002,36.11768,16415900
2019-01-09,48.0,48.0,46.740002,47.18,35.508076,19719600
2019-01-10,47.080002,48.009998,46.419998,47.720001,35.914478,24947800
2019-01-11,47.5,48.02,47.099998,47.990002,36.11768,12470900
2019-01-14,48.299999,48.369999,47.580002,47.970001,36.102634,18295900
2019-01-15,48.290001,49.830002,48.0,49.720001,37.419701,23116600
2019-01-16,49.650002,50.259998,49.099998,49.130001,36.975655,14961200
2019-01-17,49.16,49.889999,48.470001,49.599998,37.329376,21202400
2019-01-18,49.779999,50.330002,48.939999,50.119999,37.720749,20409900
2019-01-22,49.779999,49.799999,49.029999,49.720001,37.419701,17123000
2019-01-23,50.029999,50.400002,49.599998,49.959999,37.600315,15683500
2019-01-24,48.75,50.5,48.299999,49.02,36.892864,20224500
2019-01-25,49.57,50.099998,48.459999,48.93,36.825138,19652100
2019-01-28,48.669998,48.830002,48.139999,48.32,36.366035,9723500
2019-01-29,48.299999,48.650002,47.880001,48.32,36.366035,10883100
2019-01-30,48.779999,49.209999,48.18,48.860001,36.772453,10567500
2019-01-31,49.09,49.549999,48.66,49.369999,37.156281,12945500
2019-02-01,49.009998,50.040001,48.580002,49.889999,37.547634,18512100
2019-02-04,50.82,50.900002,49.580002,50.849998,38.270138,26142100
2019-02-05,51.02,51.07,50.09,50.150002,37.74332,15028000
2019-02-06,50.040001,51.220001,50.0,51.139999,38.488403,13101200
2019-02-07,50.75,50.77,49.779999,50.049999,37.668056,10644200
2019-02-08,49.709999,50.25,49.580002,50.220001,37.796001,9618800
2019-02-11,50.220001,50.32,49.580002,50.099998,37.705688,14105600
2019-02-12,50.380001,50.450001,49.509998,49.709999,37.412159,13815500
2019-02-13,49.849998,51.189999,49.709999,50.98,38.367985,14606500
2019-02-14,51.060001,51.360001,50.509998,50.830002,38.255093,17855300
2019-02-15,51.419998,51.869999,50.919998,51.669998,38.887287,15449600
2019-02-19,51.68,52.02,51.259998,51.360001,38.653969,9732700
2019-02-20,51.349998,51.889999,50.75,51.299999,38.608803,21470600
2019-02-21,51.080002,52.799999,50.09,50.130001,37.72826,25947000
2019-02-22,50.439999,51.040001,50.130001,50.98,38.367985,14910200
2019-02-25,51.150002,51.150002,50.57,50.650002,38.119625,10551500
2019-02-26,50.599998,50.860001,50.09,50.16,37.750835,12319500
2019-02-27,50.0,51.139999,49.950001,50.959999,38.352932,17453600
2019-02-28,51.860001,52.619999,51.080002,51.66,38.879749,80889800
2019-03-01,51.669998,53.279999,51.509998,53.220001,40.053829,34760700
2019-03-04,53.200001,53.27,52.509998,53.049999,39.925873,20534600
2019-03-05,53.139999,54.380001,52.919998,53.799999,40.490341,23848200
2019-03-06,53.810001,54.0,52.650002,52.889999,39.805466,23652800
2019-03-07,52.700001,52.82,51.220001,51.509998,38.766861,19096800
2019-03-08,51.09,51.41,50.360001,51.389999,38.676548,18674900
2019-03-11,51.389999,51.549999,50.540001,50.900002,38.307766,13960600
2019-03-12,50.91,51.09,50.349998,50.380001,37.91642,12772700
2019-03-13,50.52,51.029999,50.310001,50.970001,38.360455,12357700
2019-03-14,51.0,51.240002,48.790001,49.889999,37.547634,31496100
2019-03-15,49.880001,50.09,48.84,49.959999,37.600315,27370700
2019-03-18,50.0,50.110001,49.630001,49.860001,37.525063,11628200
2019-03-19,50.009998,50.110001,49.470001,49.599998,37.329376,11656500
2019-03-20,49.700001,49.700001,48.549999,49.189999,37.020813,17438200
2019-03-21,49.130001,49.23,48.73,48.919998,36.817608,13308400
2019-03-22,48.779999,49.060001,48.150002,48.16,36.245628,14120000
2019-03-25,48.150002,48.200001,47.389999,47.490002,35.741371,12968600
2019-03-26,47.860001,48.439999,47.790001,48.34,36.381088,16679700
2019-03-27,48.259998,49.099998,47.959999,47.98,36.110165,19695800
2019-03-28,48.279999,48.509998,47.779999,47.84,36.004784,16788400
2019-03-29,46.740002,48.299999,46.52,47.709999,35.90694,49293100
2019-04-01,48.049999,48.099998,46.75,47.09,35.440331,21242500
2019-04-02,47.119999,47.439999,46.689999,46.700001,35.146816,15098100
2019-04-03,47.080002,47.470001,46.34,46.880001,35.282284,21744000
2019-04-04,46.639999,46.740002,46.169998,46.669998,35.434135,17925900
2019-04-05,46.880001,47.099998,46.509998,46.639999,35.411373,16044300
2019-04-08,46.700001,46.889999,46.529999,46.790001,35.525246,15953300
2019-04-09,46.599998,46.669998,45.880001,45.98,34.910255,16073400
2019-04-10,45.98,46.32,45.709999,45.889999,34.841911,13083700
2019-04-11,46.110001,46.330002,45.43,46.09,34.993778,19846100
2019-04-12,46.41,46.419998,45.400002,45.57,34.598957,25363500
2019-04-15,45.830002,46.709999,45.650002,46.5,35.305065,20263700
2019-04-16,46.84,46.889999,45.98,46.02,34.940628,21336600
2019-04-17,46.169998,46.200001,45.43,45.799999,34.773582,20085500
2019-04-18,46.049999,46.130001,45.029999,45.52,34.561001,23633800
2019-04-22,45.34,45.650002,44.900002,45.240002,34.348408,15747900
2019-04-23,45.34,45.540001,44.950001,45.32,34.409157,14386000
2019-04-24,45.509998,45.549999,44.610001,44.619999,33.877682,15062000
2019-04-25,45.049999,45.75,44.540001,45.639999,34.652107,17288000
2019-04-26,46.080002,46.150002,45.259998,45.889999,34.841911,13671800
2019-04-29,45.779999,46.779999,45.77,46.32,35.168415,15735800
2019-04-30,46.48,46.580002,46.0,46.43,35.251915,14162500
2019-05-01,46.32,49.810001,45.849998,46.580002,35.365807,18282300
2019-05-02,46.779999,47.07,46.509998,46.880001,35.593575,12676400
2019-05-03,47.369999,48.799999,47.27,48.619999,36.914669,24355100
2019-05-06,47.790001,48.200001,47.59,48.099998,36.519867,14481200
2019-05-07,47.75,47.919998,46.93,47.220001,35.851719,13189700
2019-05-08,47.09,47.68,46.810001,47.450001,36.026356,13207600
2019-05-09,47.169998,47.380001,46.759998,47.23,35.85931,13886300
2019-05-10,46.900002,47.32,46.23,47.009998,35.692284,12019900
2019-05-13,46.349998,46.59,45.830002,45.900002,34.849518,15454000
2019-05-14,46.09,46.439999,45.880001,45.91,34.857101,12971100
2019-05-15,45.619999,46.75,45.529999,46.630001,35.403763,10143300
2019-05-16,46.700001,47.84,46.66,47.119999,35.775799,15378100
2019-05-17,46.689999,47.23,46.59,46.849998,35.570797,10144900
2019-05-20,46.380001,46.580002,46.099998,46.310001,35.160809,11081000
2019-05-21,46.549999,47.459999,46.48,47.43,36.011166,12018800
2019-05-22,47.459999,47.82,47.07,47.740002,36.246532,9222200
2019-05-23,47.509998,47.639999,46.889999,47.299999,35.912472,10834500
2019-05-24,47.400002,47.540001,46.779999,46.810001,35.540436,9468900
2019-05-28,47.060001,47.23,45.860001,45.860001,34.819149,16422900
2019-05-29,45.610001,45.650002,44.860001,45.380001,34.45472,15910700
2019-05-30,45.360001,45.970001,45.360001,45.880001,34.834328,8594900
2019-05-31,45.560001,45.759998,45.07,45.369999,34.447109,12845500
2019-06-03,45.259998,46.5,45.07,46.119999,35.016548,13277000
2019-06-04,46.48,46.84,46.43,46.630001,35.403763,10883100
2019-06-05,46.869999,47.02,46.549999,46.630001,35.403763,10052400
2019-06-06,46.82,46.869999,46.119999,46.150002,35.039326,12206200
2019-06-07,46.52,46.950001,46.48,46.75,35.494873,6801600
2019-06-10,46.73,46.970001,45.91,46.009998,34.933037,10445300
2019-06-11,46.200001,47.02,46.040001,46.869999,35.585991,11030300
2019-06-12,46.990002,47.66,46.900002,47.630001,36.163017,10651400
2019-06-13,47.529999,47.740002,46.970001,47.330002,35.935238,9328000
2019-06-14,47.330002,48.029999,47.200001,47.560001,36.109871,10186000
2019-06-17,47.790001,48.470001,47.650002,48.209999,36.603386,9514200
2019-06-18,48.279999,48.68,47.709999,47.790001,36.284489,11523700
2019-06-19,48.080002,48.669998,47.709999,48.610001,36.907074,8720800
2019-06-20,49.0,49.549999,48.639999,48.889999,37.119667,9441600
2019-06-21,48.82,49.389999,48.189999,49.34,37.461327,14979300
2019-06-24,47.220001,47.439999,45.57,45.68,34.682476,36621800
2019-06-25,45.810001,46.560001,45.650002,45.77,34.750801,24456700
2019-06-26,45.860001,45.98,44.540001,44.919998,34.105453,21924200
2019-06-27,44.950001,45.57,44.950001,45.099998,34.242115,10918600
2019-06-28,45.380001,45.400002,44.919998,45.349998,34.431923,15627000
2019-07-01,45.709999,46.290001,45.419998,46.18,35.062103,14049600
2019-07-02,46.459999,46.68,46.18,46.68,35.441727,10957000
2019-07-03,46.490002,46.599998,46.23,46.560001,35.663857,6121500
2019-07-05,46.529999,46.669998,45.869999,45.889999,35.150658,9635600
2019-07-08,45.720001,45.830002,45.299999,45.77,35.058727,11884000
2019-07-09,45.849998,46.369999,45.700001,46.040001,35.26556,9456700
2019-07-10,46.040001,46.139999,45.75,45.959999,35.204281,8807200
2019-07-11,45.880001,45.889999,44.169998,44.529999,34.108936,23338400
2019-07-12,44.57,44.650002,43.810001,44.27,33.909782,14254900
2019-07-15,44.279999,44.57,44.049999,44.189999,33.848503,8885400
2019-07-16,44.150002,44.509998,44.080002,44.450001,34.047649,11590900
2019-07-17,44.470001,44.549999,44.060001,44.130001,33.802536,10815700
2019-07-18,44.189999,44.200001,43.529999,44.049999,33.741264,13177600
2019-07-19,44.110001,44.189999,43.259998,43.330002,33.189762,12023100
2019-07-22,43.400002,43.509998,42.720001,42.77,32.760807,12390600
2019-07-23,42.810001,43.07,42.48,43.049999,32.975281,17663400
2019-07-24,42.959999,43.310001,42.68,43.23,33.113152,14490600
2019-07-25,42.900002,45.639999,42.82,45.400002,34.775341,33799300
2019-07-26,45.98,46.110001,44.259998,45.369999,34.75235,20318100
2019-07-29,45.0,45.509998,44.91,45.389999,34.76767,14301000
2019-07-30,45.049999,45.330002,44.48,44.560001,34.131916,13906500
2019-07-31,44.369999,45.049999,44.0,44.41,34.01701,12863100
2019-08-01,44.549999,45.5,44.41,45.200001,34.622131,16077500
2019-08-02,45.25,46.029999,45.110001,45.990002,35.227261,17929000
2019-08-05,45.259998,45.900002,44.900002,45.380001,34.760014,17156700
2019-08-06,45.68,45.700001,45.0,45.689999,34.997459,12146800
2019-08-07,45.259998,46.459999,45.080002,46.240002,35.418743,16780700
2019-08-08,46.43,47.369999,46.259998,47.290001,36.223034,13955700
2019-08-09,47.290001,47.84,47.099998,47.32,36.24601,12213600
2019-08-12,47.0,47.209999,46.209999,46.509998,35.625561,9441500
2019-08-13,46.439999,46.959999,46.150002,46.490002,35.610252,8496200
2019-08-14,46.889999,46.970001,45.540001,45.639999,34.959152,14371700
2019-08-15,45.830002,46.07,45.32,45.75,35.043415,8513700
2019-08-16,45.970001,47.060001,45.779999,46.98,35.98558,9630200
2019-08-19,47.080002,47.84,47.02,47.459999,36.35323,7788700
2019-08-20,47.470001,47.799999,47.240002,47.630001,36.483456,9176300
2019-08-21,48.0,48.009998,47.439999,47.77,36.590694,6729200
2019-08-22,47.950001,48.23,47.470001,47.860001,36.65963,6378500
2019-08-23,47.77,48.200001,46.290001,46.580002,35.679184,16319900
2019-08-26,48.419998,49.080002,47.720001,48.110001,36.851128,20731500
2019-08-27,48.330002,48.470001,47.740002,47.93,36.713245,14748000
2019-08-28,47.700001,48.68,47.400002,48.66,37.272408,8521100
2019-08-29,48.950001,49.139999,47.77,48.27,36.973682,10342000
2019-08-30,48.400002,48.59,47.799999,48.07,36.820488,8126000
2019-09-03,47.889999,48.16,47.259998,48.040001,36.797504,7708200
2019-09-04,48.43,48.43,47.529999,48.119999,36.85878,8140000
2019-09-05,48.299999,48.580002,47.93,48.509998,37.157516,7320900
2019-09-06,48.419998,48.799999,48.169998,48.27,36.973682,8241800
2019-09-09,48.400002,48.450001,47.490002,48.09,36.835812,7470800
2019-09-10,47.75,48.759998,47.52,48.560001,37.19582,9807000
2019-09-11,48.759998,49.549999,48.610001,49.240002,37.716686,8153800
2019-09-12,49.459999,50.049999,49.209999,49.610001,38.000084,9047000
2019-09-13,49.950001,50.349998,49.290001,49.43,37.862221,7343500
2019-09-16,49.490002,49.740002,49.209999,49.470001,37.892849,6481800
2019-09-17,49.490002,50.099998,49.349998,49.740002,38.099655,10059800
2019-09-18,49.740002,49.98,49.419998,49.860001,38.191589,8326700
2019-09-19,49.889999,50.529999,49.66,50.07,38.352444,8016200
2019-09-20,50.07,50.860001,49.990002,50.57,38.735432,13449700
2019-09-23,50.709999,51.060001,50.470001,50.52,38.69714,9178700
2019-09-24,50.790001,50.91,49.759998,50.009998,38.306484,9342200
2019-09-25,50.009998,50.23,49.689999,49.84,38.176266,7078700
2019-09-26,50.009998,50.169998,49.380001,49.970001,38.275841,8194600
2019-09-27,50.009998,50.57,49.98,50.220001,38.467346,11466100
2019-09-30,50.52,51.43,50.32,50.709999,38.842663,15950500
2019-10-01,51.09,51.439999,50.349998,50.650002,38.796703,9932400
2019-10-02,50.299999,50.369999,48.709999,49.209999,37.693699,12596200
2019-10-03,48.84,49.549999,48.549999,49.549999,38.273006,9227000
2019-10-04,49.630001,50.82,49.52,50.75,39.199894,10081500
2019-10-07,50.650002,51.490002,50.560001,50.880001,39.300312,9367100
2019-10-08,50.580002,51.189999,49.959999,50.360001,38.898659,11120600
2019-10-09,50.619999,51.09,50.32,50.830002,39.261688,7815700
2019-10-10,50.759998,50.990002,50.400002,50.779999,39.22308,11166700
2019-10-11,51.34,51.98,51.220001,51.610001,39.864178,11271800
2019-10-14,51.509998,51.669998,51.279999,51.560001,39.825546,5653200
2019-10-15,51.639999,52.139999,51.470001,51.830002,40.034111,7414300
2019-10-16,51.950001,52.07,51.290001,51.509998,39.786942,8619300
2019-10-17,52.099998,52.75,51.91,52.419998,40.489838,8926000
2019-10-18,52.450001,53.169998,52.380001,53.029999,40.960995,10859800
2019-10-21,53.150002,53.369999,52.560001,53.200001,41.092316,13098200
2019-10-22,55.990002,57.369999,54.369999,54.419998,42.034645,26890200
2019-10-23,54.41,54.82,53.869999,54.77,42.304996,13025500
2019-10-24,54.849998,54.970001,53.860001,54.369999,41.996037,14594500
2019-10-25,54.5,55.25,54.400002,54.98,42.467201,12353100
2019-10-28,54.860001,55.93,54.709999,55.59,42.938374,13931300
2019-10-29,55.619999,56.119999,55.330002,55.77,43.077404,9118900
2019-10-30,56.240002,56.919998,55.84,56.869999,43.927059,14159000
2019-10-31,56.459999,58.220001,56.310001,57.369999,44.313271,25041900
2019-11-01,57.990002,58.459999,57.09,57.16,44.151062,17122200
2019-11-04,57.099998,57.240002,56.529999,56.639999,43.749405,12960100
2019-11-05,56.689999,56.869999,55.970001,56.389999,43.556313,10503300
2019-11-06,56.610001,57.139999,56.139999,56.959999,43.996586,13475600
2019-11-07,57.029999,57.619999,56.900002,57.580002,44.475475,11892700
2019-11-08,57.610001,58.060001,57.290001,58.02,44.815338,11580000
2019-11-11,57.869999,58.299999,57.450001,58.150002,44.915749,9096700
2019-11-12,58.25,59.0,58.119999,58.389999,45.101135,9700600
2019-11-13,58.240002,59.18,57.900002,58.790001,45.410103,12857500
2019-11-14,58.610001,58.849998,57.919998,58.509998,45.193813,10931900
2019-11-15,58.540001,58.790001,58.400002,58.59,45.255608,9723800
2019-11-18,58.189999,58.529999,57.290001,57.650002,44.529549,28506700
2019-11-19,57.84,57.849998,56.259998,56.48,43.625824,39248100
2019-11-20,56.16,56.5,55.299999,56.41,43.571754,185413200
2019-11-21,57.130001,57.459999,56.459999,56.849998,43.91161,22932700
2019-11-22,56.650002,57.119999,55.919998,56.450001,43.602654,21515600
2019-11-25,56.919998,57.099998,55.939999,56.169998,43.386364,23231400
2019-11-26,56.330002,56.900002,56.080002,56.73,43.818928,21781800
2019-11-27,56.939999,57.849998,56.900002,57.599998,44.490925,25908300
2019-11-29,57.23,57.369999,56.849998,56.939999,43.981133,11292400
2019-12-02,57.34,58.099998,57.279999,57.41,44.34417,24715100
2019-12-03,57.0,57.810001,56.68,57.75,44.606785,16233300
2019-12-04,57.830002,58.98,57.549999,58.900002,45.49506,22257200
2019-12-05,58.860001,59.669998,58.799999,59.48,45.943058,17149700
2019-12-06,59.880001,60.860001,59.82,59.950001,46.306095,17765400
2019-12-09,60.59,61.580002,60.400002,61.279999,47.333397,16110700
2019-12-10,61.029999,62.369999,60.93,62.09,47.959053,19224800
2019-12-11,62.869999,62.98,61.959999,62.41,48.206223,18262900
2019-12-12,62.419998,64.220001,62.419998,63.939999,49.388012,17353600
2019-12-13,64.040001,64.75,63.790001,63.82,49.295326,14526400
2019-12-16,63.099998,64.269997,63.009998,63.5,49.048157,23018200
2019-12-17,63.799999,64.550003,63.540001,64.110001,49.519329,16207100
2019-12-18,63.869999,64.279999,62.970001,63.150002,48.777817,14824300
2019-12-19,63.18,63.459999,62.740002,62.849998,48.546089,12928200
2019-12-20,63.580002,63.59,62.919998,63.509998,49.055874,24137000
2019-12-23,63.549999,63.799999,63.080002,63.209999,48.82415,12914900
2019-12-24,63.02,63.43,63.009998,63.16,48.785542,2890400
2019-12-26,63.23,64.040001,63.18,63.959999,49.403461,8187700
2019-12-27,64.169998,64.300003,63.830002,64.139999,49.542496,7684400
2019-12-30,64.089996,64.459999,63.639999,63.73,49.225815,7862300
2019-12-31,63.59,64.209999,63.509998,64.190002,49.58112,9378400
2020-01-02,63.849998,64.0,63.139999,63.34,49.269981,13163700
2020-01-03,62.610001,63.330002,62.549999,62.779999,48.834362,12984600
2020-01-06,62.900002,63.240002,62.669998,62.98,48.989937,11311400
2020-01-07,62.84,64.18,62.77,63.93,49.728912,15551700
2020-01-08,64.050003,64.610001,63.860001,63.860001,49.674461,18527000
2020-01-09,64.139999,65.779999,64.120003,65.449997,50.911259,16169300
2020-01-10,65.449997,65.970001,65.040001,65.230003,50.740131,11698000
2020-01-13,65.43,66.989998,65.370003,66.150002,51.455776,19243300
2020-01-14,65.809998,66.529999,65.57,66.440002,51.681355,30560500
2020-01-15,66.43,67.089996,66.43,66.580002,51.790249,10937400
2020-01-16,66.629997,66.970001,66.510002,66.779999,51.945831,8435800
2020-01-17,66.75,67.209999,66.699997,66.720001,51.899155,14375000
2020-01-21,66.699997,67.620003,66.529999,67.43,52.451443,12519400
2020-01-22,67.910004,68.339996,67.220001,67.43,52.451443,15186700
2020-01-23,67.129997,67.25,66.029999,66.870003,52.015839,13183300
2020-01-24,66.389999,66.739998,63.610001,64.160004,49.907829,22453000
2020-01-27,63.259998,64.629997,63.09,63.700001,49.549992,20951100
2020-01-28,64.129997,65.360001,63.900002,64.809998,50.413429,12761900
2020-01-29,65.019997,65.089996,64.129997,64.139999,49.892265,10763200
2020-01-30,63.799999,64.309998,63.389999,63.810001,49.635578,10783700
2020-01-31,63.630001,63.689999,62.509998,62.950001,48.966602,12898000
2020-02-03,63.099998,64.239998,63.049999,63.580002,49.456665,15986500
2020-02-04,64.07,64.940002,64.050003,64.290001,50.008945,11740200
2020-02-05,64.919998,65.849998,64.849998,65.589996,51.020164,14991600
2020-02-06,67.0,67.800003,66.389999,67.099998,52.194752,16488500
2020-02-07,66.68,67.010002,65.839996,66.25,51.533558,13093400
2020-02-10,65.879997,67.120003,65.800003,66.910004,52.046963,13218500
2020-02-11,67.349998,67.550003,66.970001,66.989998,52.109177,7261400
2020-02-12,67.089996,67.5,66.57,67.0,52.116966,11213700
2020-02-13,66.720001,66.949997,66.040001,66.080002,51.401329,9149500
2020-02-14,66.25,66.830002,65.980003,66.379997,51.634682,7530700
2020-02-18,66.510002,66.970001,65.440002,66.07,51.393551,13831900
2020-02-19,66.0,66.050003,65.360001,65.709999,51.113514,9905400
2020-02-20,65.629997,65.980003,64.889999,65.169998,50.693466,11360500
2020-02-21,64.870003,65.870003,64.800003,65.629997,51.051277,10134800
2020-02-24,64.080002,65.059998,63.689999,63.970001,49.760025,12105000
2020-02-25,63.889999,63.91,61.599998,62.139999,48.336536,15706000
2020-02-26,61.75,63.389999,61.610001,62.040001,48.258743,11264600
2020-02-27,61.0,61.580002,59.560001,59.580002,46.345207,20624800
2020-02-28,57.759998,59.209999,56.369999,59.060001,45.940708,28292500
2020-03-02,59.57,60.779999,58.68,60.34,46.936375,19500300
2020-03-03,60.860001,61.849998,58.34,59.200001,46.04961,18250100
2020-03-04,60.200001,61.68,59.689999,61.48,47.823139,18228300
2020-03-05,60.700001,61.240002,59.84,60.5,47.060837,15119400
2020-03-06,58.880001,60.419998,58.759998,60.310001,46.913048,14833900
2020-03-09,56.009998,59.139999,56.0,57.66,44.851704,22385900
2020-03-10,58.82,58.950001,55.91,57.93,45.061729,24831000
2020-03-11,56.779999,57.959999,55.810001,56.509998,43.95715,19768800
2020-03-12,52.330002,54.900002,50.619999,52.75,41.032391,22963000
2020-03-13,54.889999,55.5,51.779999,54.990002,42.774803,23503600
2020-03-16,50.130001,53.759998,48.009998,51.110001,39.75668,20582800
2020-03-17,51.830002,54.099998,51.200001,54.09,42.074718,17519600
2020-03-18,51.630001,52.389999,48.02,50.240002,39.079948,27384200
2020-03-19,50.110001,50.720001,48.130001,48.790001,37.952045,20058300
2020-03-20,49.049999,50.639999,47.25,48.400002,37.648666,20370800
2020-03-23,47.189999,48.400002,45.759998,46.400002,36.092949,21237000
2020-03-24,48.18,49.5,47.389999,49.240002,38.302082,16484800
2020-03-25,49.029999,51.950001,48.169998,49.349998,38.387638,20921300
2020-03-26,50.459999,53.32,50.310001,52.25,40.643444,21600200
2020-03-27,51.110001,53.779999,50.869999,52.790001,41.063507,14498400
2020-03-30,53.200001,55.080002,53.200001,54.389999,42.308075,18013500
2020-03-31,54.299999,56.240002,54.240002,55.740002,43.358204,28455600
2020-04-01,53.619999,55.700001,53.52,54.82,42.642563,13441300
2020-04-02,54.84,55.32,53.580002,55.209999,43.301384,12929400
2020-04-03,54.990002,56.470001,54.900002,55.529999,43.552361,14654200
2020-04-06,57.07,58.07,56.580002,57.869999,45.387623,22589700
2020-04-07,58.529999,58.59,56.68,56.900002,44.626862,19224400
2020-04-08,57.049999,59.130001,56.360001,58.25,45.685661,15268700
2020-04-09,58.799999,59.580002,58.369999,58.91,46.203297,13256000
2020-04-13,58.5,59.400002,58.060001,58.919998,46.211136,13921600
2020-04-14,59.830002,60.73,59.630001,60.040001,47.089558,14259000
2020-04-15,59.299999,59.889999,58.900002,59.459999,46.634666,14402100
2020-04-16,59.799999,60.349998,59.5,59.560001,46.713093,12984900
2020-04-17,60.380001,60.77,59.880001,60.599998,47.528767,16697800
2020-04-20,60.75,62.84,60.599998,61.68,48.37582,17446000
2020-04-21,60.860001,61.32,60.259998,60.59,47.520924,22203000
2020-04-22,61.259998,61.91,60.880001,60.93,47.787601,12081000
2020-04-23,61.32,61.990002,60.84,60.950001,47.803288,11897400
2020-04-24,61.669998,62.549999,61.259998,62.25,48.822876,10460800
2020-04-27,62.639999,63.02,62.41,62.560001,49.066006,13994600
2020-04-28,62.93,63.18,61.77,62.139999,48.736591,10858900
2020-04-29,62.369999,62.619999,61.529999,61.630001,48.336601,11035100
2020-04-30,60.849998,61.110001,60.360001,60.810001,47.693481,17554500
2020-05-01,60.849998,60.869999,59.68,60.259998,47.262104,15582800
2020-05-04,60.740002,60.919998,59.73,60.169998,47.191521,16989600
2020-05-05,60.599998,61.799999,60.43,61.360001,48.124836,13340800
2020-05-06,61.650002,62.23,60.939999,61.130001,47.944447,14589000
2020-05-07,62.52,62.599998,60.619999,61.040001,47.873863,17531500
2020-05-08,61.830002,62.18,60.950001,61.049999,47.881714,16960100
2020-05-11,60.869999,62.810001,60.77,62.66,49.14444,14146800
2020-05-12,63.169998,64.269997,62.880001,63.349998,49.685604,18928100
2020-05-13,63.169998,63.93,62.580002,63.27,49.622864,17287900
2020-05-14,62.5,64.129997,62.130001,63.77,50.015018,18221700
2020-05-15,64.199997,65.339996,63.810001,64.089996,50.265987,35224400
2020-05-18,64.919998,65.209999,63.48,63.599998,49.881683,15170500
2020-05-19,63.43,63.82,62.490002,62.709999,49.183651,11052100
2020-05-20,63.0,63.25,60.830002,61.68,48.37582,16658200
2020-05-21,61.619999,61.869999,60.439999,61.139999,47.95229,16016000
2020-05-22,61.009998,61.66,60.59,60.790001,47.677792,9228600
2020-05-26,61.509998,61.509998,60.18,60.32,47.309166,18447800
2020-05-27,60.0,60.52,59.110001,60.400002,47.37191,19071700
2020-05-28,60.959999,60.98,59.68,59.810001,46.909172,14977400
2020-05-29,60.299999,60.470001,59.380001,59.720001,46.838593,27224800
2020-06-01,59.459999,61.439999,59.43,60.290001,47.285637,11507900
2020-06-02,60.290001,60.68,59.27,60.650002,47.567993,15460100
2020-06-03,60.700001,60.889999,59.689999,60.209999,47.2229,13497600
2020-06-04,59.82,61.09,59.82,60.889999,47.756222,13476900
2020-06-05,61.18,61.77,60.529999,61.330002,48.101315,11862600
2020-06-08,60.599998,61.43,60.400002,61.43,48.179745,12549100
2020-06-09,61.75,62.169998,60.93,60.93,47.787601,12159500
2020-06-10,61.240002,61.419998,59.900002,60.16,47.183678,13343700
2020-06-11,59.900002,60.279999,56.400002,56.709999,44.477825,17371900
2020-06-12,57.59,57.650002,55.59,56.169998,44.054314,14864200
2020-06-15,55.639999,55.779999,54.07,55.099998,43.215103,21617800
2020-06-16,55.93,57.290001,55.5,57.060001,44.752331,16973300
2020-06-17,57.209999,57.360001,56.709999,56.950001,44.666065,13638200
2020-06-18,56.57,56.619999,55.580002,55.970001,43.897453,14113300
2020-06-19,56.700001,56.830002,54.73,56.41,44.24255,54134700
2020-06-22,56.240002,57.689999,55.919998,57.560001,45.144497,18716200
2020-06-23,57.939999,59.099998,57.82,58.380001,45.787617,15557200
2020-06-24,58.110001,58.209999,57.110001,57.759998,45.30135,11177200
2020-06-25,58.009998,58.470001,57.700001,58.18,45.630753,15267200
2020-06-26,57.959999,58.02,56.669998,57.540001,45.128807,26132400
2020-06-29,57.990002,58.139999,57.310001,57.799999,45.332726,9831400
2020-06-30,57.860001,59.200001,57.5,58.799999,46.117039,12139700
2020-07-01,59.189999,59.73,58.880001,59.43,46.611141,11738300
2020-07-02,59.299999,59.639999,58.75,59.139999,46.737576,11366100
2020-07-06,59.599998,60.580002,58.869999,60.189999,47.567371,8810800
2020-07-07,59.759998,60.610001,59.52,60.290001,47.646416,12766700
2020-07-08,60.32,60.68,59.279999,59.560001,47.069511,10507000
2020-07-09,59.66,60.139999,57.830002,58.110001,45.923595,12780000
2020-07-10,58.0,58.09,57.16,57.43,45.386196,8770000
2020-07-13,57.57,58.490002,57.5,57.75,45.639088,10149000
2020-07-14,57.830002,58.099998,57.290001,57.889999,45.749725,12153900
2020-07-15,58.650002,59.610001,58.32,59.27,46.840324,9459400
2020-07-16,59.23,59.380001,58.73,59.32,46.879829,6949700
2020-07-17,59.700001,60.619999,59.400002,60.389999,47.725437,9078200
2020-07-20,60.290001,60.639999,59.220001,59.459999,46.990475,6759900
2020-07-21,59.59,60.240002,59.32,59.799999,47.259171,7802300
2020-07-22,59.889999,60.330002,59.34,59.849998,47.298687,8961000
2020-07-23,60.119999,60.459999,59.57,59.869999,47.314495,8913200
2020-07-24,59.669998,59.759998,57.549999,57.849998,45.718117,12531900
2020-07-27,57.549999,58.619999,57.349998,58.049999,45.876167,12372000
2020-07-28,58.549999,59.82,58.240002,59.43,46.966766,9816300
2020-07-29,59.16,59.400002,58.59,59.150002,46.745506,7357900
2020-07-30,58.799999,59.150002,58.34,58.869999,46.524197,7175200
2020-07-31,58.880001,59.09,57.77,58.66,46.35825,10443000
2020-08-03,59.110001,59.639999,58.950001,59.099998,46.705971,10337900
2020-08-04,58.830002,59.509998,58.529999,59.470001,46.998379,6527600
2020-08-05,59.950001,60.380001,59.41,59.689999,47.172241,10662800
2020-08-06,62.0,62.970001,60.419998,61.330002,48.468323,18961900
2020-08-07,61.560001,61.650002,60.419998,61.02,48.22332,9969100
2020-08-10,60.959999,61.990002,60.77,61.82,48.855553,9820900
2020-08-11,62.970001,64.25,62.689999,63.130001,49.890831,20736000
2020-08-12,63.580002,64.269997,63.450001,63.639999,50.293873,8616200
2020-08-13,63.02,63.580002,62.900002,63.240002,49.977764,7748700
2020-08-14,63.189999,63.549999,62.75,63.16,49.914532,5606900
2020-08-17,63.41,64.080002,63.169998,63.619999,50.278072,5972400
2020-08-18,63.490002,63.68,62.900002,63.029999,49.811794,5745600
2020-08-19,63.07,63.82,62.950001,63.09,49.859215,6092700
2020-08-20,62.779999,62.860001,61.93,62.220001,49.171669,6326300
2020-08-21,62.220001,62.349998,61.740002,62.189999,49.147957,8031400
2020-08-24,62.34,62.459999,61.700001,62.41,49.321819,8721000
2020-08-25,62.75,63.369999,62.5,62.709999,49.558907,6620600
2020-08-26,62.5,62.59,61.580002,62.279999,49.21909,6195800
2020-08-27,62.5,62.959999,62.240002,62.509998,49.400845,6389500
2020-08-28,62.5,62.59,61.849998,62.369999,49.290215,6380400
2020-08-31,62.380001,62.799999,61.950001,62.200001,49.155865,14189800
2020-09-01,62.200001,62.259998,60.689999,60.970001,48.183807,12154000
2020-09-02,60.790001,61.82,60.459999,61.599998,48.68169,13287300
2020-09-03,61.619999,62.02,59.529999,60.049999,47.456749,16483900
2020-09-04,60.18,60.529999,59.25,59.950001,47.377716,16405800
2020-09-08,59.869999,60.0,58.139999,58.529999,46.255508,11735900
2020-09-09,58.93,59.599998,58.759998,59.080002,46.690174,7173700
2020-09-10,58.990002,59.299999,58.18,58.290001,46.065838,11995300
2020-09-11,58.459999,59.27,58.43,58.990002,46.619038,8573500
2020-09-14,59.189999,60.09,59.07,59.700001,47.180141,6242400
2020-09-15,59.970001,60.110001,59.389999,59.529999,47.045799,8259100
2020-09-16,59.669998,59.970001,59.240002,59.450001,46.982571,6159800
2020-09-17,59.0,59.43,58.259998,59.400002,46.943062,6624800
2020-09-18,59.09,59.720001,58.830002,59.27,46.840324,13944500
2020-09-21,58.919998,58.959999,56.900002,57.77,45.654884,16199700
2020-09-22,57.77,58.849998,57.630001,58.759998,46.437279,12466800
2020-09-23,59.049999,59.5,58.619999,58.990002,46.619038,11436600
2020-09-24,58.48,58.82,57.700001,58.25,46.034237,10358800
2020-09-25,58.259998,59.84,58.16,59.490002,47.014179,9835900
2020-09-28,59.369999,60.209999,58.959999,59.709999,47.188042,9616600
2020-09-29,59.84,60.939999,59.68,59.900002,47.338196,8084100
2020-09-30,60.139999,60.639999,59.790001,60.290001,47.646416,10322300
2020-10-01,60.380001,60.57,59.630001,59.82,47.630497,8747600
2020-10-02,59.389999,60.009998,58.68,58.720001,46.754642,12574300
2020-10-05,58.549999,59.279999,57.950001,59.200001,47.136829,10992300
2020-10-06,59.34,59.459999,57.610001,57.740002,45.974339,13113300
2020-10-07,58.150002,60.98,57.959999,60.419998,48.108227,14632600
2020-10-08,60.849998,62.09,60.459999,61.619999,49.063698,11787300
2020-10-09,61.799999,62.299999,61.610001,61.82,49.22295,9408400
2020-10-12,61.98,62.25,61.48,61.830002,49.230907,11531800
2020-10-13,61.560001,62.009998,60.98,61.130001,48.67355,8374300
2020-10-14,61.110001,61.630001,60.720001,61.0,48.570045,8822600
2020-10-15,60.59,60.900002,60.310001,60.419998,48.108227,13104700
2020-10-16,60.669998,61.740002,60.650002,61.240002,48.761139,9385400
2020-10-19,61.799999,62.419998,60.509998,60.77,48.386909,10999100
2020-10-20,61.09,61.27,60.529999,60.639999,48.283405,6635100
2020-10-21,60.389999,60.75,59.950001,60.029999,47.797703,8004800
2020-10-22,59.98,61.009998,59.950001,60.759998,48.378944,7034900
2020-10-23,60.830002,61.220001,60.07,60.130001,47.877316,7336800
2020-10-26,59.82,60.139999,59.040001,59.669998,47.511055,7484100
2020-10-27,59.259998,59.84,58.560001,58.740002,46.770557,10008000
2020-10-28,58.0,58.540001,57.400002,57.759998,45.99025,11931200
2020-10-29,57.810001,58.43,56.75,57.919998,46.117653,8838600
2020-10-30,57.709999,58.48,57.59,58.450001,46.539654,11155300
2020-11-02,59.189999,59.639999,58.84,59.490002,47.367737,10318500
2020-11-03,61.009998,62.240002,60.209999,61.240002,48.761139,14236000
2020-11-04,63.959999,66.230003,63.75,65.43,52.09734,24699700
2020-11-05,64.989998,65.379997,63.540001,63.75,50.759674,17676100
2020-11-06,63.610001,64.919998,63.380001,63.799999,50.79948,9680100
2020-11-09,65.120003,66.080002,63.990002,64.080002,51.02243,15533300
2020-11-10,64.209999,64.800003,63.709999,64.519997,51.372772,11210000
2020-11-11,65.07,65.120003,63.029999,63.419998,50.496914,8269700
2020-11-12,63.139999,63.139999,62.200001,62.75,49.963436,7602900
2020-11-13,62.790001,64.040001,62.77,63.619999,50.656166,9433500
2020-11-16,64.120003,64.93,63.849998,64.5,51.356853,7199600
2020-11-17,64.470001,64.699997,63.880001,64.32,51.213535,8610200
2020-11-18,64.669998,64.699997,62.0,62.009998,49.374237,12455300
2020-11-19,62.200001,62.400002,61.150002,62.09,49.437931,9025500
2020-11-20,61.849998,62.330002,61.400002,61.610001,49.055752,8299700
2020-11-23,61.740002,62.009998,61.080002,61.919998,49.302578,9591100
2020-11-24,61.950001,63.509998,61.880001,63.220001,50.337673,13510100
2020-11-25,63.419998,63.5,62.200001,62.84,50.035107,9520600
2020-11-27,63.279999,63.689999,62.880001,63.049999,50.202312,4178800
2020-11-30,63.049999,63.27,61.990002,62.400002,49.684769,14996600
2020-12-01,63.150002,63.740002,62.34,62.41,49.692722,9870500
2020-12-02,62.41,62.830002,61.900002,62.18,49.509598,8077200
2020-12-03,62.0,62.290001,61.580002,61.779999,49.19109,10944900
2020-12-04,61.790001,62.310001,61.650002,62.310001,49.613106,8159000
2020-12-07,62.189999,62.59,60.970001,61.200001,48.72929,8974000
2020-12-08,61.169998,61.779999,60.849998,61.119999,48.665588,10830600
2020-12-09,61.5,61.560001,60.330002,60.919998,48.506344,10244500
2020-12-10,60.91,61.040001,59.959999,60.200001,47.933052,9428600
2020-12-11,60.330002,61.470001,60.200001,60.720001,48.347099,10021600
2020-12-14,61.009998,61.099998,59.919998,59.970001,47.749931,11400400
2020-12-15,61.259998,62.639999,60.849998,62.57,49.820118,14940600
2020-12-16,62.5,63.279999,62.290001,62.34,49.63699,9498000
2020-12-17,62.57,62.82,61.990002,62.540001,49.796234,10642400
2020-12-18,62.650002,63.450001,62.439999,63.119999,50.258041,21177800
2020-12-21,62.0,62.119999,61.34,62.009998,49.374237,13055700
2020-12-22,61.77,61.970001,61.130001,61.43,48.91243,8113400
2020-12-23,61.369999,61.630001,61.0,61.0,48.570045,6235000
2020-12-24,61.119999,61.360001,60.939999,61.150002,48.68948,3099700
2020-12-28,61.419998,61.740002,60.810001,61.119999,48.665588,6855700
2020-12-29,61.700001,61.939999,61.34,61.419998,48.904457,6653400
2020-12-30,61.619999,62.16,61.48,61.919998,49.302578,6624100
2020-12-31,61.439999,62.110001,60.970001,62.029999,49.784122,8649300
2021-01-04,61.740002,62.150002,60.5,61.380001,49.26244,12429600
2021-01-05,61.110001,61.709999,60.470001,61.549999,49.398884,11584600
2021-01-06,60.549999,62.049999,60.52,61.700001,49.519272,12426200
2021-01-07,61.34,62.630001,61.0,62.360001,50.048969,10931900
2021-01-08,62.189999,63.18,62.150002,62.490002,50.153313,10010500
2021-01-11,63.400002,65.25,63.240002,64.970001,52.143715,18185700
2021-01-12,65.360001,66.300003,64.910004,65.43,52.512897,15757500
2021-01-13,65.5,65.959999,64.639999,64.730003,51.951092,10292400
2021-01-14,64.910004,66.370003,64.779999,66.019997,52.98642,12479800
2021-01-15,66.019997,66.860001,65.540001,66.540001,53.403763,11296500
2021-01-19,66.849998,67.160004,66.330002,66.739998,53.564274,10847800
2021-01-20,66.57,66.82,66.0,66.25,53.171021,9609600
2021-01-21,65.650002,66.199997,63.98,64.18,51.509666,14064300
2021-01-22,63.889999,65.029999,63.759998,64.559998,51.814655,9071900
2021-01-25,64.639999,65.139999,63.959999,64.830002,52.031345,9171000
2021-01-26,64.5,65.650002,64.379997,64.440002,51.718342,11284100
2021-01-27,63.889999,63.889999,61.900002,62.02,49.776096,13847700
2021-01-28,62.830002,63.380001,62.200001,62.290001,49.992786,17514700
2021-01-29,62.299999,62.799999,61.029999,61.43,49.302574,16092000
2021-02-01,61.91,62.869999,61.66,62.209999,49.928577,11240900
2021-02-02,63.0,64.639999,62.889999,62.939999,50.514469,16059700
2021-02-03,62.869999,63.209999,62.009998,62.029999,49.784122,15115000
2021-02-04,62.0,62.889999,61.240002,61.560001,49.406906,15997000
2021-02-05,61.060001,61.77,60.509998,60.919998,48.893257,16249200
2021-02-08,61.349998,61.369999,59.669998,60.23,48.339478,18864300
2021-02-09,60.23,60.34,59.68,59.759998,47.962257,14226100
2021-02-10,60.099998,60.529999,59.610001,60.0,48.154884,13071000
2021-02-11,60.0,60.220001,59.700001,59.990002,48.146866,8256800
2021-02-12,59.860001,60.279999,59.650002,59.990002,48.146866,9493600
2021-02-16,60.099998,60.369999,59.369999,59.400002,47.673336,12386400
2021-02-17,59.490002,60.93,59.419998,60.59,48.628399,11673500
2021-02-18,60.310001,61.720001,60.299999,61.02,48.973511,14076600
2021-02-19,61.139999,61.5,60.52,60.599998,48.636429,16997100
2021-02-22,60.419998,61.240002,59.709999,60.990002,48.949436,9916600
2021-02-23,61.200001,61.380001,60.029999,60.720001,48.732735,13742000
2021-02-24,60.900002,62.919998,60.869999,62.59,50.233562,16517900
2021-02-25,62.43,63.169998,61.810001,62.099998,49.840298,17077100
2021-02-26,62.029999,62.700001,61.259998,61.330002,49.222313,13229500
2021-03-01,61.900002,62.07,61.52,61.630001,49.463089,7321400
2021-03-02,61.950001,62.18,61.209999,61.27,49.17416,9584900
2021-03-03,61.049999,61.349998,59.970001,60.75,48.756817,13599900
2021-03-04,60.540001,60.959999,58.630001,59.34,47.625175,17309800
2021-03-05,59.509998,60.59,59.330002,60.43,48.499989,14980100
2021-03-08,60.599998,61.720001,60.130001,60.450001,48.516045,10617300
2021-03-09,60.790001,61.860001,60.560001,60.57,48.61235,12662500
2021-03-10,61.139999,61.279999,60.459999,60.93,48.901276,10240200
2021-03-11,61.0,61.189999,60.349998,60.349998,48.435783,10099500
2021-03-12,60.43,60.939999,60.200001,60.639999,48.66853,8030000
2021-03-15,60.66,61.439999,60.290001,61.389999,49.270462,10949800
2021-03-16,61.34,62.139999,61.34,61.900002,49.679783,10163000
2021-03-17,62.09,62.540001,61.450001,62.18,49.90451,9548100
2021-03-18,61.98,63.240002,61.860001,62.330002,50.024899,12145600
2021-03-19,62.07,62.75,61.369999,62.700001,50.32185,32082200
2021-03-22,62.200001,63.52,62.110001,63.380001,50.867611,16103400
2021-03-23,63.380001,63.529999,62.59,62.619999,50.257637,11014500
2021-03-24,62.459999,62.889999,62.27,62.299999,50.00082,9626300
2021-03-25,63.0,63.0,61.98,62.790001,50.394085,11157300
2021-03-26,62.950001,63.98,62.830002,63.939999,51.317047,12537800
2021-03-29,63.860001,64.419998,63.66,64.07,51.421387,9703200
2021-03-30,64.0,64.080002,63.169998,63.310001,50.811428,12232700
2021-03-31,62.900002,63.77,62.779999,63.130001,51.062172,12679000
2021-04-01,63.18,63.34,62.540001,62.93,50.900394,9725600
2021-04-05,62.900002,63.599998,62.880001,63.16,51.086426,8868100
2021-04-06,63.209999,63.299999,61.889999,61.98,50.131996,14002200
2021-04-07,62.009998,62.540001,61.93,62.060001,50.196709,11799700
2021-04-08,62.200001,62.419998,61.759998,61.91,50.075382,7846900
2021-04-09,61.799999,62.639999,61.68,62.610001,50.641571,7868000
2021-04-12,62.529999,62.779999,62.27,62.689999,50.706268,11163000
2021-04-13,62.91,63.740002,62.75,63.580002,51.426147,9451100
2021-04-14,63.75,63.959999,63.580002,63.810001,51.612179,7639900
2021-04-15,64.0,64.730003,63.919998,64.440002,52.12175,9834000
2021-04-16,64.93,65.639999,64.739998,65.459999,52.946766,14589500
2021-04-19,65.419998,65.93,65.209999,65.599998,53.060005,11851000
2021-04-20,65.449997,66.529999,65.419998,66.080002,53.448254,9685400
2021-04-21,66.519997,66.889999,66.080002,66.32,53.642368,9532100
2021-04-22,66.150002,66.559998,65.82,66.32,53.642368,12914200
2021-04-23,66.300003,66.93,65.860001,66.010002,53.391628,14715700
2021-04-26,65.959999,66.0,65.080002,65.889999,53.294567,11768800
2021-04-27,66.0,66.279999,65.599998,65.959999,53.351185,7472400
2021-04-28,66.099998,66.389999,65.75,66.029999,53.407803,7645600
2021-04-29,65.0,65.260002,62.41,62.889999,50.868046,21473300
2021-04-30,62.0,62.77,61.509998,62.419998,50.487885,17026200
2021-05-03,62.700001,63.59,62.650002,63.48,51.345257,10740400
2021-05-04,63.380001,64.209999,63.34,63.950001,51.725414,10563200
2021-05-05,63.900002,64.849998,63.860001,64.68,52.315872,12772600
2021-05-06,64.599998,64.720001,64.050003,64.459999,52.13792,11097800
2021-05-07,64.699997,65.389999,64.190002,64.440002,52.12175,7847000
2021-05-10,64.639999,65.290001,64.589996,64.699997,52.332043,10312300
2021-05-11,64.43,64.900002,64.050003,64.260002,51.976162,9508800
2021-05-12,64.43,65.230003,64.25,64.529999,52.194546,10640900
2021-05-13,64.440002,65.339996,64.440002,65.040001,52.607059,8611400
2021-05-14,65.199997,65.290001,64.610001,64.879997,52.477642,7555500
2021-05-17,64.839996,65.839996,64.839996,65.459999,52.946766,9173400
2021-05-18,65.419998,65.800003,65.129997,65.599998,53.060005,6668200
2021-05-19,65.32,65.580002,64.589996,65.550003,53.019566,7623000
2021-05-20,65.32,67.230003,65.260002,67.0,54.19239,13165000
2021-05-21,67.239998,67.919998,66.970001,67.050003,54.23283,9442100
2021-05-24,67.269997,67.959999,67.209999,67.290001,54.426945,8441800
2021-05-25,67.339996,67.559998,66.669998,66.760002,53.998264,9349700
2021-05-26,66.720001,66.800003,65.989998,66.129997,53.488693,8503900
2021-05-27,66.300003,66.650002,65.580002,65.709999,53.148979,12255400
2021-05-28,65.660004,66.209999,65.599998,65.720001,53.157066,6356800
2021-06-01,66.400002,66.400002,65.029999,65.099998,52.655582,8796600
2021-06-02,65.239998,65.419998,64.540001,64.690002,52.323963,7517300
2021-06-03,64.470001,65.080002,64.290001,64.800003,52.412933,7819400
2021-06-04,64.980003,65.230003,64.860001,64.940002,52.526176,8046000
2021-06-07,65.029999,65.410004,64.730003,64.769997,52.38866,7974100
2021-06-08,64.809998,64.889999,63.220001,63.700001,51.523209,14421200
2021-06-09,64.019997,65.550003,63.919998,65.400002,52.898243,13693600
2021-06-10,65.550003,67.699997,65.419998,67.389999,54.507828,15019300
2021-06-11,67.889999,67.940002,66.779999,67.339996,54.467377,9541600
2021-06-14,67.32,67.449997,66.650002,67.290001,54.426945,5426600
2021-06-15,67.5,67.57,66.919998,67.419998,54.532089,6247700
2021-06-16,67.419998,67.860001,66.839996,66.919998,54.127682,10795500
2021-06-17,67.029999,67.169998,66.230003,66.769997,54.006355,8841500
2021-06-18,66.400002,66.730003,65.779999,66.470001,53.763695,15038300
2021-06-21,66.610001,67.160004,66.480003,66.830002,54.054878,10195400
2021-06-22,66.75,66.790001,65.709999,65.940002,53.335018,9458700
2021-06-23,66.150002,66.220001,65.239998,65.260002,52.785,7473100
2021-06-24,65.459999,66.209999,65.410004,65.849998,53.262215,6742200
2021-06-25,65.93,67.089996,65.709999,66.739998,53.982079,22602400
2021-06-28,66.720001,66.989998,66.120003,66.400002,53.707081,8769900
2021-06-29,66.400002,66.610001,66.089996,66.269997,53.601933,5328300
2021-06-30,66.309998,67.160004,66.190002,66.82,54.046799,10119900
2021-07-01,66.419998,66.739998,66.25,66.559998,54.234207,8425600
2021-07-02,66.760002,66.980003,66.330002,66.949997,54.551979,6884400
2021-07-06,66.68,66.809998,66.050003,66.650002,54.307529,9573200
2021-07-07,66.769997,67.190002,66.220001,67.139999,54.706791,7936400
2021-07-08,66.650002,66.800003,66.07,66.690002,54.340134,11434800
2021-07-09,66.699997,67.57,66.699997,67.160004,54.723095,8895300
2021-07-12,67.059998,67.860001,67.0,67.5,55.00013,7978900
2021-07-13,67.220001,67.610001,67.010002,67.440002,54.951229,5535600
2021-07-14,67.529999,67.989998,67.199997,67.879997,55.309761,7132800
2021-07-15,67.650002,67.940002,67.120003,67.43,54.943092,7473000
2021-07-16,67.440002,67.580002,66.82,67.300003,54.837173,6381400
2021-07-19,66.800003,67.260002,65.779999,66.360001,54.071232,11138100
2021-07-20,66.5,67.669998,66.440002,66.720001,54.364574,8710000
2021-07-21,67.110001,67.239998,66.559998,67.160004,54.723095,5796400
2021-07-22,67.139999,68.0,66.93,67.959999,55.37495,11068400
2021-07-23,68.0,68.529999,67.800003,68.339996,55.684574,7092300
2021-07-26,68.220001,68.339996,67.489998,67.690002,55.154945,8306000
2021-07-27,67.260002,67.720001,67.050003,67.489998,54.991978,11190400
2021-07-28,67.599998,68.989998,67.010002,68.730003,56.002354,11625900
2021-07-29,69.0,69.269997,68.050003,68.150002,55.529774,8963700
2021-07-30,68.150002,68.519997,67.489998,67.870003,55.301609,10008000
2021-08-02,68.199997,68.699997,67.959999,68.019997,55.423836,6562100
2021-08-03,68.300003,69.330002,68.0,69.309998,56.474937,8780200
2021-08-04,68.93,69.339996,68.449997,68.489998,55.806793,5857300
2021-08-05,68.669998,68.760002,67.970001,68.419998,55.749756,5484300
2021-08-06,68.389999,68.400002,67.760002,68.120003,55.505314,6632900
2021-08-09,68.199997,68.330002,67.220001,67.379997,54.902355,8154100
2021-08-10,67.440002,67.57,66.769997,67.379997,54.902355,7415300
2021-08-11,67.529999,67.730003,66.75,66.870003,54.486809,5768900
2021-08-12,66.769997,67.220001,66.599998,66.949997,54.551979,5722900
2021-08-13,67.010002,67.830002,66.980003,67.510002,55.008282,4901100
2021-08-16,67.510002,68.699997,67.5,68.68,55.961624,6753600
2021-08-17,68.68,69.160004,68.209999,68.959999,56.189758,7560300
2021-08-18,68.989998,69.07,67.860001,67.93,55.350498,6863800
2021-08-19,67.650002,69.110001,67.559998,68.510002,55.823101,11707400
2021-08-20,68.709999,69.349998,68.300003,69.199997,56.385319,9053400
2021-08-23,69.260002,69.75,68.879997,68.940002,56.173462,7988800
2021-08-24,68.839996,68.849998,68.190002,68.519997,55.831245,5125100
2021-08-25,68.260002,68.309998,67.300003,67.599998,55.081604,7639700
2021-08-26,67.43,67.760002,66.949997,66.989998,54.584572,4697700
2021-08-27,67.080002,67.220001,66.580002,66.599998,54.266788,6863400
2021-08-30,66.709999,67.480003,66.510002,67.209999,54.763828,4257400
2021-08-31,67.050003,67.650002,66.769997,66.860001,54.478642,8502700
2021-09-01,67.290001,67.290001,65.440002,65.809998,53.623089,10320400
2021-09-02,65.970001,66.120003,65.5,66.120003,53.875683,7064400
2021-09-03,65.970001,65.970001,65.290001,65.610001,53.460121,7770800
2021-09-07,65.440002,65.559998,64.650002,65.190002,53.117905,8789000
2021-09-08,64.610001,65.139999,64.019997,64.919998,52.897903,12231600
2021-09-09,64.440002,64.760002,63.450001,63.580002,51.806057,11246000
2021-09-10,63.720001,63.869999,62.959999,63.130001,51.439381,10017200
2021-09-13,63.470001,63.509998,62.560001,62.84,51.203079,9031500
2021-09-14,63.060001,63.09,61.970001,62.110001,50.608261,8009700
2021-09-15,61.98,62.470001,61.810001,62.0,50.518639,7981400
2021-09-16,61.860001,62.049999,60.66,61.23,49.891228,13621900
2021-09-17,60.509998,61.419998,60.360001,61.310001,49.956409,20447900
2021-09-20,60.639999,61.380001,60.16,60.5,49.296413,15426800
2021-09-21,60.540001,61.130001,60.310001,60.330002,49.15789,10157700
2021-09-22,60.5,60.66,60.049999,60.150002,49.01123,9661300
2021-09-23,60.400002,61.34,60.220001,60.630001,49.402332,9393700
2021-09-24,60.5,61.099998,60.169998,60.23,49.076408,9541700
2021-09-27,60.110001,60.720001,59.790001,59.84,48.758636,8231800
2021-09-28,59.880001,60.23,59.380001,59.84,48.758636,10812500
2021-09-29,59.900002,60.939999,59.900002,60.619999,49.394192,9043300
2021-09-30,60.18,60.57,59.150002,59.169998,48.605595,11995500
2021-10-01,59.369999,59.759998,58.650002,59.509998,48.884888,11188000
2021-10-04,59.400002,60.029999,58.849998,58.93,48.408443,12532800
2021-10-05,58.860001,59.68,58.830002,59.150002,48.589176,11406200
2021-10-06,59.110001,59.23,58.599998,59.189999,48.622028,9283400
2021-10-07,58.75,59.349998,58.369999,59.009998,48.474155,13798200
2021-10-08,58.869999,58.990002,56.810001,57.259998,47.03661,27249600
2021-10-11,57.32,57.77,57.009998,57.419998,47.168041,10741400
2021-10-12,57.52,58.84,56.82,57.060001,46.872318,11736300
2021-10-13,57.060001,57.389999,56.66,57.07,46.880531,9876200
2021-10-14,57.07,58.169998,57.009998,57.700001,47.398056,9027700
2021-10-15,58.110001,58.689999,57.91,58.360001,47.940212,9445300
2021-10-18,58.009998,58.150002,56.919998,56.939999,46.773743,13320600
2021-10-19,57.18,57.639999,57.02,57.59,47.307693,9390200
2021-10-20,57.91,58.599998,57.900002,58.07,47.701992,9010300
2021-10-21,58.09,58.099998,57.369999,57.810001,47.488407,7159000
2021-10-22,57.810001,59.0,57.43,57.599998,47.315899,6884500
2021-10-25,57.720001,58.16,57.52,57.810001,47.488407,9716100
2021-10-26,57.900002,58.349998,57.619999,58.240002,47.84164,9984600
2021-10-27,58.349998,58.419998,56.110001,56.490002,46.404087,18773700
2021-10-28,56.529999,57.75,56.349998,57.130001,46.929821,16380800
2021-10-29,57.25,58.57,57.139999,58.400002,47.973076,17067000
2021-11-01,58.299999,59.220001,58.290001,58.68,48.203075,13216600
2021-11-02,58.779999,59.630001,58.290001,58.630001,48.161999,13462700
2021-11-03,58.549999,59.470001,58.41,59.360001,48.761677,12305800
2021-11-04,59.439999,59.689999,58.610001,59.25,48.67131,9831000
2021-11-05,59.080002,59.860001,58.77,59.450001,48.835606,10625200
2021-11-08,59.799999,60.200001,59.060001,59.41,48.802746,10294200
2021-11-09,59.41,59.650002,59.200001,59.459999,48.843815,9128800
2021-11-10,59.299999,59.950001,59.299999,59.389999,48.786308,11005200
2021-11-11,59.400002,59.689999,59.139999,59.189999,48.622028,8148700
2021-11-12,58.82,59.700001,58.759998,59.43,48.819172,9278300
2021-11-15,59.799999,60.060001,59.490002,59.619999,48.975246,10543300
2021-11-16,59.5,59.939999,58.849998,59.099998,48.548092,9320300
2021-11-17,59.0,59.75,58.349998,59.439999,48.827381,12324500
2021-11-18,59.450001,59.700001,58.740002,59.040001,48.498806,9815900
2021-11-19,59.130001,59.419998,57.799999,57.830002,47.504848,13880200
2021-11-22,57.810001,58.32,57.02,57.040001,46.855892,14185500
2021-11-23,57.290001,57.959999,57.200001,57.450001,47.192696,14464200
2021-11-24,57.419998,57.720001,56.560001,56.810001,46.66695,17685200
2021-11-26,56.310001,56.73,55.82,56.529999,46.436939,15832300
2021-11-29,55.84,56.299999,54.599998,54.639999,44.884399,22025000
2021-11-30,54.16,54.349998,53.220001,53.630001,44.054733,25407200
2021-12-01,53.939999,55.959999,53.91,54.950001,45.13905,20198400
2021-12-02,54.990002,55.880001,54.669998,55.41,45.516918,17193700
2021-12-03,55.759998,56.689999,55.759998,56.32,46.264435,18445600
2021-12-06,56.52,57.540001,56.450001,56.830002,46.68338,18988000
2021-12-07,57.049999,57.759998,56.939999,57.130001,46.929821,13037800
2021-12-08,57.389999,57.880001,57.150002,57.599998,47.315899,11391700
2021-12-09,57.240002,57.799999,56.91,57.540001,47.266628,13622700
2021-12-10,57.610001,57.799999,56.110001,56.360001,46.297302,14467200
2021-12-13,57.259998,59.369999,57.110001,59.049999,48.507015,18908400
2021-12-14,58.799999,60.43,58.599998,59.509998,48.884888,21215300
2021-12-15,59.619999,60.880001,59.599998,60.610001,49.78849,18498200
2021-12-16,61.0,62.669998,60.790001,62.169998,51.069965,17947200
2021-12-17,62.299999,62.57,61.360001,61.560001,50.568871,24453700
2021-12-20,61.439999,62.040001,60.880001,61.720001,50.70031,10894300
2021-12-21,62.0,62.240002,61.25,61.450001,50.478516,8669700
2021-12-22,61.360001,62.279999,60.93,62.099998,51.012459,15119700
2021-12-23,62.41,62.560001,61.849998,62.049999,50.971386,8077000
2021-12-27,62.09,62.349998,61.77,62.290001,51.168526,9542600
2021-12-28,62.32,62.639999,62.110001,62.349998,51.217831,6002200
2021-12-29,62.189999,62.490002,62.029999,62.290001,51.168526,4875400
2021-12-30,62.5,63.169998,62.360001,62.52,51.357479,6248000
2021-12-31,62.610001,62.990002,62.349998,62.349998,51.217831,6446200
2022-01-03,62.07,62.240002,61.34,61.880001,50.831741,12359400
2022-01-04,61.5,62.310001,61.07,62.130001,51.037102,11415200
2022-01-05,62.439999,63.27,62.119999,62.16,51.061749,11074100
2022-01-06,61.720001,61.790001,60.860001,61.48,50.945736,8048900
2022-01-07,61.490002,63.009998,61.209999,62.830002,52.064426,16670000
2022-01-10,62.799999,65.32,62.759998,65.099998,53.94548,27534100
2022-01-11,64.709999,65.849998,64.309998,65.480003,54.260353,12999500
2022-01-12,64.860001,65.360001,64.379997,64.82,53.71344,10148200
2022-01-13,64.650002,64.959999,63.860001,64.599998,53.531143,8201800
2022-01-14,64.279999,64.989998,64.25,64.93,53.8046,10302000
2022-01-18,64.68,65.029999,63.810001,64.889999,53.771446,13301400
2022-01-19,64.860001,65.330002,64.419998,64.720001,53.630585,12569200
2022-01-20,64.519997,65.349998,64.129997,64.580002,53.514572,8523100
2022-01-21,64.739998,64.919998,63.290001,63.540001,52.652756,13273200
2022-01-24,63.18,63.419998,61.189999,62.610001,51.882118,17667200
2022-01-25,62.240002,62.810001,61.450001,62.459999,51.757824,16752800
2022-01-26,62.16,63.41,61.860001,62.240002,51.575516,13664200
2022-01-27,62.509998,64.519997,62.349998,63.860001,52.917942,16567900
2022-01-28,63.68,64.919998,63.240002,64.910004,53.788029,10848400
2022-01-31,64.580002,65.0,64.389999,64.889999,53.771446,12036600
2022-02-01,65.010002,65.260002,64.68,65.190002,54.02005,12055500
2022-02-02,64.849998,64.980003,64.029999,64.800003,53.696873,12312300
2022-02-03,64.800003,65.080002,63.599998,64.07,53.091957,13946700
2022-02-04,63.150002,65.449997,62.900002,64.989998,53.854328,13193700
2022-02-07,65.379997,66.449997,65.0,66.190002,54.848701,17538000
2022-02-08,66.25,66.290001,65.599998,65.889999,54.600113,13613900
2022-02-09,65.739998,67.269997,65.620003,67.139999,55.635929,17159900
2022-02-10,66.870003,67.099998,66.169998,66.510002,55.113876,21184400
2022-02-11,66.419998,67.360001,66.389999,66.879997,55.420467,15613400
2022-02-14,66.870003,67.019997,65.82,66.809998,55.362469,14939400
2022-02-15,66.730003,68.059998,66.730003,67.769997,56.157978,24972100
2022-02-16,67.769997,68.389999,67.449997,67.599998,56.017105,14253300
2022-02-17,67.5,67.779999,66.790001,67.389999,55.843094,13456500
2022-02-18,67.379997,67.919998,67.18,67.550003,55.975681,12278900
2022-02-22,67.669998,68.269997,67.050003,67.449997,55.892799,15771200
2022-02-23,67.900002,68.290001,67.459999,67.93,56.290573,15957700
2022-02-24,66.489998,67.169998,66.190002,67.099998,55.602783,18055400
2022-02-25,67.690002,69.32,67.629997,68.800003,57.011501,15719800
2022-02-28,67.690002,68.699997,67.290001,68.669998,56.903774,22480200
2022-03-01,68.120003,69.010002,68.019997,68.629997,56.870628,12418300
2022-03-02,68.760002,69.25,68.510002,68.849998,57.052925,13004700
2022-03-03,68.849998,69.650002,68.610001,69.110001,57.268375,15730900
2022-03-04,68.260002,69.540001,68.239998,69.360001,57.475548,13076200
2022-03-07,69.209999,69.230003,68.169998,68.769997,56.986641,15714900
2022-03-08,67.93,68.410004,67.330002,67.739998,56.133118,19223500
2022-03-09,68.379997,68.620003,67.959999,68.129997,56.456287,12430800
2022-03-10,67.769997,68.730003,67.709999,68.419998,56.696602,12817400
2022-03-11,68.089996,69.489998,67.940002,68.870003,57.069496,14023800
2022-03-14,68.93,69.940002,68.75,69.239998,57.37611,17475600
2022-03-15,69.669998,70.190002,69.279999,69.75,57.798725,15977200
2022-03-16,69.93,70.150002,69.019997,69.660004,57.724144,15734300
2022-03-17,69.690002,70.709999,69.279999,70.519997,58.436768,17191500
2022-03-18,70.389999,71.019997,69.919998,71.019997,58.851097,33020100
2022-03-21,71.480003,72.059998,70.599998,71.050003,58.875957,18289000
2022-03-22,71.209999,71.400002,70.269997,70.82,58.685383,14242400
2022-03-23,70.989998,71.510002,70.639999,71.379997,59.149422,13438700
2022-03-24,71.620003,72.599998,71.489998,72.410004,60.002945,12981700
2022-03-25,72.5,73.459999,72.449997,73.279999,60.723866,12153100
2022-03-28,73.199997,73.739998,72.709999,73.110001,60.583004,10629100
2022-03-29,72.959999,73.339996,72.660004,73.230003,60.682442,14833300
2022-03-30,73.519997,74.07,73.220001,73.720001,61.08849,12146600
2022-03-31,73.459999,73.610001,72.980003,73.029999,60.963264,17143100
2022-04-01,73.190002,73.93,73.0,73.82,61.622746,12528600
2022-04-04,74.0,74.889999,73.540001,73.790001,61.597679,13542100
2022-04-05,73.760002,74.989998,73.559998,74.43,62.131927,12224900
2022-04-06,74.18,75.480003,73.970001,75.339996,62.891582,15420100
2022-04-07,75.379997,77.279999,75.300003,77.260002,64.494339,20655600
2022-04-08,76.82,78.059998,76.760002,77.769997,64.920067,22333100
2022-04-11,77.699997,78.129997,76.470001,76.5,63.859917,15560700
2022-04-12,76.220001,77.019997,75.57,76.550003,63.901646,12596400
2022-04-13,76.730003,77.139999,76.449997,76.870003,64.168785,9961000
2022-04-14,77.040001,78.120003,76.790001,77.510002,64.703026,16730400
2022-04-18,77.150002,77.230003,76.360001,76.75,64.068604,13841900
2022-04-19,76.879997,76.889999,75.980003,76.400002,63.77644,12875700
2022-04-20,76.209999,77.690002,76.040001,77.279999,64.511032,9721100
2022-04-21,77.279999,78.169998,76.610001,77.559998,64.744766,11110200
2022-04-22,76.910004,77.290001,75.68,75.75,63.233829,15110700
2022-04-25,75.739998,76.239998,74.709999,76.050003,63.484276,14944800
2022-04-26,75.980003,76.940002,75.559998,75.589996,63.100285,11525600
2022-04-27,75.800003,76.300003,75.089996,75.809998,63.283916,12603600
2022-04-28,76.769997,77.75,76.220001,77.199997,64.44426,21438800
2022-04-29,73.779999,76.010002,73.349998,75.269997,62.833153,26446500
2022-05-02,75.370003,75.970001,74.330002,75.080002,62.674538,20533700
2022-05-03,75.779999,75.989998,74.209999,75.050003,62.649509,14951500
2022-05-04,75.010002,76.639999,74.800003,76.309998,63.701302,17112500
2022-05-05,76.389999,77.029999,75.529999,76.25,63.651226,14788100
2022-05-06,76.120003,76.849998,75.760002,76.669998,64.001831,15177800
2022-05-09,75.690002,77.25,74.860001,76.269997,63.667927,19130700
2022-05-10,76.82,77.0,75.629997,76.290001,63.684612,15343400
2022-05-11,76.260002,77.330002,76.07,76.150002,63.567738,13678100
2022-05-12,76.080002,76.339996,74.860001,76.300003,63.692955,16224500
2022-05-13,76.440002,76.589996,75.519997,75.800003,63.275581,13773100
2022-05-16,76.290001,77.25,76.080002,76.910004,64.202171,13441100
2022-05-17,76.940002,78.43,76.800003,78.220001,65.295715,14509400
2022-05-18,78.269997,78.470001,76.839996,77.019997,64.294006,15026200
2022-05-19,76.089996,76.790001,75.690002,75.959999,63.409138,14858600
2022-05-20,76.5,77.150002,75.339996,76.190002,63.601135,17329700
2022-05-23,76.510002,77.480003,76.459999,76.699997,64.026863,13539200
2022-05-24,76.699997,77.720001,76.410004,77.129997,64.385818,13242500
2022-05-25,77.129997,77.870003,76.660004,77.239998,64.477623,12508400
2022-05-26,78.110001,78.610001,77.32,77.589996,64.769821,12028800
2022-05-27,77.309998,77.449997,75.470001,76.139999,63.559399,16315700
2022-05-31,75.080002,75.980003,73.669998,75.449997,62.983402,28617100
2022-06-01,75.339996,75.510002,74.339996,74.959999,62.574356,12280200
2022-06-02,75.5,75.599998,73.620003,75.07,62.666195,12805100
2022-06-03,74.349998,75.32,74.300003,75.169998,62.749668,12188400
2022-06-06,75.449997,75.629997,74.690002,75.25,62.81646,11551100
2022-06-07,75.269997,76.720001,75.18,76.589996,63.935043,13994500
2022-06-08,76.519997,76.82,75.919998,76.18,63.592789,7617300
2022-06-09,76.089996,76.980003,75.82,75.980003,63.425831,11760600
2022-06-10,75.400002,75.720001,74.879997,75.089996,62.682869,10964700
2022-06-13,73.860001,74.330002,73.300003,73.580002,61.422379,13636300
2022-06-14,73.540001,73.790001,72.389999,72.870003,60.8297,14104200
2022-06-15,73.160004,73.599998,72.459999,73.019997,60.954914,14264600
2022-06-16,72.470001,72.809998,71.709999,72.620003,60.621017,14035300
2022-06-17,72.709999,74.370003,72.669998,73.769997,61.580982,34761500
2022-06-21,75.0,77.029999,74.519997,76.470001,63.834869,15534300
2022-06-22,76.470001,77.419998,76.199997,76.550003,63.901646,11129800
2022-06-23,76.559998,77.760002,76.559998,77.690002,64.853287,12241200
2022-06-24,78.620003,79.0,78.120003,78.959999,65.913445,12372300
2022-06-27,79.230003,80.589996,79.099998,79.980003,66.764915,10586900
2022-06-28,79.839996,80.400002,78.489998,78.699997,65.696411,8869700
2022-06-29,78.699997,79.169998,77.989998,78.279999,65.345795,8723600
2022-06-30,77.029999,77.650002,76.290001,77.0,64.723785,14219700
2022-07-01,76.980003,76.980003,75.769997,76.839996,64.589294,10882700
2022-07-05,76.370003,76.639999,74.629997,75.959999,63.849594,12588500
2022-07-06,76.25,77.099998,75.970001,76.220001,64.068161,8618900
2022-07-07,75.879997,76.230003,75.010002,75.139999,63.160332,14455400
2022-07-08,74.779999,76.040001,74.669998,75.379997,63.362057,6589800
2022-07-11,75.5,75.989998,75.25,75.559998,63.513359,6990200
2022-07-12,75.43,75.959999,74.860001,75.010002,63.051048,9285700
2022-07-13,74.639999,75.220001,74.410004,74.529999,62.647583,8562100
2022-07-14,73.639999,74.129997,73.239998,74.010002,62.21048,9675600
2022-07-15,74.82,75.669998,74.290001,75.650002,63.589031,10933900
2022-07-18,75.800003,75.800003,73.489998,73.739998,61.983524,8996000
2022-07-19,74.120003,74.290001,72.919998,73.139999,61.479202,11398900
2022-07-20,73.279999,73.699997,72.379997,72.82,61.210205,12149900
2022-07-21,72.709999,73.330002,72.470001,73.040001,61.395123,7238800
2022-07-22,73.25,73.610001,72.480003,72.949997,61.319481,6514300
2022-07-25,72.790001,73.260002,72.480003,72.839996,61.227024,6259000
2022-07-26,73.470001,74.230003,72.959999,73.629997,61.891071,8957300
2022-07-27,72.389999,74.980003,72.260002,74.809998,62.882946,9760100
2022-07-28,74.93,75.160004,73.220001,74.699997,62.790482,9262700
2022-07-29,74.449997,74.650002,73.169998,73.779999,62.017159,13459500
2022-08-01,73.760002,74.260002,73.300003,73.620003,61.882671,6782900
2022-08-02,74.18,74.730003,73.239998,73.279999,61.596867,7039700
2022-08-03,73.300003,73.510002,72.599998,72.989998,61.353111,8672100
2022-08-04,72.790001,72.949997,71.970001,72.120003,60.621815,8601800
2022-08-05,71.980003,72.360001,71.709999,72.120003,60.621815,8972700
2022-08-08,72.07,73.830002,71.900002,73.800003,62.033962,9842100
2022-08-09,74.099998,75.519997,74.059998,74.959999,63.009014,8978600
2022-08-10,75.199997,75.32,73.949997,74.860001,62.92498,8319100
2022-08-11,74.389999,75.519997,74.279999,74.459999,62.588741,6143000
2022-08-12,74.580002,75.720001,74.57,75.57,63.521767,6163900
2022-08-15,75.449997,75.5,73.790001,74.529999,62.647583,11125600
2022-08-16,74.360001,75.099998,73.849998,74.129997,62.311356,9026800
2022-08-17,73.910004,74.980003,73.809998,74.559998,62.672806,5347200
2022-08-18,74.769997,74.970001,73.620003,74.150002,62.328171,5303300
2022-08-19,74.160004,75.709999,74.160004,75.330002,63.320034,7938300
2022-08-22,75.330002,75.860001,74.349998,74.550003,62.664383,5813600
2022-08-23,74.309998,74.489998,72.599998,72.769997,61.168167,9200200
2022-08-24,73.010002,73.129997,72.360001,72.419998,60.873993,6142700
2022-08-25,72.660004,72.660004,71.029999,71.5,60.100666,11036900
2022-08-26,71.919998,72.040001,71.129997,71.190002,59.840088,7373200
2022-08-29,69.900002,69.910004,66.400002,66.75,56.10796,18479000
2022-08-30,66.75,67.25,65.949997,67.199997,56.486206,10260400
2022-08-31,67.330002,67.629997,66.830002,67.410004,56.662735,13940100
2022-09-01,67.389999,69.099998,67.209999,69.089996,58.074886,9633300
2022-09-02,69.370003,69.779999,68.339996,68.610001,57.671421,8657700
2022-09-06,68.940002,69.07,68.120003,68.650002,57.705044,8428900
2022-09-07,68.669998,69.480003,68.139999,68.760002,57.797501,7183000
2022-09-08,68.949997,69.580002,68.18,69.379997,58.318661,9147900
2022-09-09,69.279999,70.550003,69.220001,70.160004,58.974308,6557400
2022-09-12,75.610001,75.989998,72.25,72.360001,60.823547,23830100
2022-09-13,71.559998,72.099998,70.769997,71.040001,59.713997,9884700
2022-09-14,70.540001,71.230003,70.029999,70.470001,59.234871,15528900
2022-09-15,70.639999,72.139999,70.559998,71.779999,60.336018,9499400
2022-09-16,71.75,72.25,70.900002,71.519997,60.117466,16364800
2022-09-19,71.050003,71.540001,69.529999,70.190002,58.999519,9922000
2022-09-20,69.800003,70.059998,69.239998,69.730003,58.612858,7454700
2022-09-21,69.739998,70.370003,69.440002,69.459999,58.385902,11857000
2022-09-22,69.199997,71.879997,69.199997,71.290001,59.924145,10009800
2022-09-23,71.029999,71.370003,70.129997,70.709999,59.436604,8190100
2022-09-26,70.139999,70.849998,69.690002,70.150002,58.965889,10244000
2022-09-27,70.739998,71.5,70.190002,70.360001,59.142406,12013200
2022-09-28,71.07,72.080002,71.019997,72.059998,60.571384,12412700
2022-09-29,72.139999,72.610001,71.160004,71.709999,60.277164,9587800
2022-09-30,71.779999,72.110001,70.980003,71.089996,59.756027,11347100
2022-10-03,71.360001,71.510002,69.389999,70.529999,59.285305,12068200
2022-10-04,70.629997,71.910004,70.099998,71.209999,59.856888,10510700
2022-10-05,70.940002,71.800003,70.669998,71.449997,60.058617,6787400
2022-10-06,70.790001,70.830002,69.900002,70.239998,59.491165,7545500
2022-10-07,70.339996,70.459999,69.260002,69.699997,59.033787,7934600
2022-10-10,69.18,69.410004,68.330002,68.480003,58.000492,8879400
2022-10-11,68.559998,70.360001,68.349998,69.650002,58.991447,8941400
2022-10-12,69.690002,70.489998,69.25,69.279999,58.678066,6683900
2022-10-13,68.559998,71.029999,68.510002,70.769997,59.940056,9592400
2022-10-14,70.919998,71.739998,70.480003,70.620003,59.813007,9992400
2022-10-17,70.75,71.610001,70.650002,71.379997,60.456696,6618100
2022-10-18,72.089996,72.470001,71.510002,71.739998,60.761616,7938100
2022-10-19,71.529999,71.730003,70.709999,71.139999,60.253429,6481800
2022-10-20,71.050003,71.199997,70.029999,70.349998,59.584328,9193100
2022-10-21,70.349998,72.519997,69.940002,72.209999,61.159691,8217400
2022-10-24,72.660004,73.559998,72.550003,72.989998,61.820324,7382500
2022-10-25,72.639999,73.209999,72.25,72.769997,61.633984,7874700
2022-10-26,73.089996,75.209999,72.480003,74.449997,63.056904,10417400
2022-10-27,74.279999,75.279999,73.870003,74.599998,63.183945,9298600
2022-10-28,75.25,76.989998,75.080002,76.830002,65.072693,10301400
2022-10-31,76.589996,78.660004,76.360001,77.470001,65.614754,12380800
2022-11-01,77.0,77.790001,76.629997,77.699997,65.80957,8870700
2022-11-02,77.660004,78.910004,77.230003,77.449997,65.597801,8570700
2022-11-03,77.25,78.690002,77.160004,78.480003,66.470192,9062500
2022-11-04,78.809998,79.279999,77.910004,78.779999,66.724297,8188000
2022-11-07,78.709999,79.68,78.419998,79.190002,67.071533,7683400
2022-11-08,79.190002,80.440002,78.860001,79.980003,67.740662,8514600
2022-11-09,79.589996,81.169998,79.589996,79.779999,67.571259,9586300
2022-11-10,80.75,80.760002,78.629997,79.379997,67.232452,9884500
2022-11-11,78.099998,78.459999,74.550003,75.959999,64.335831,18317600
2022-11-14,76.589996,77.839996,76.160004,76.389999,64.700035,14169500
2022-11-15,76.410004,76.769997,75.269997,76.279999,64.606865,11212300
2022-11-16,76.559998,77.75,76.019997,76.150002,64.496765,10132600
2022-11-17,75.639999,77.57,75.639999,77.160004,65.352196,7457700
2022-11-18,77.529999,78.139999,76.980003,77.449997,65.597801,9229700
2022-11-21,77.650002,79.07,77.620003,78.959999,66.87674,8972400
2022-11-22,79.010002,79.559998,78.779999,78.860001,66.792038,7075000
2022-11-23,78.599998,79.220001,78.529999,79.139999,67.029182,5700200
2022-11-25,79.309998,79.779999,79.139999,79.239998,67.113892,4735000
2022-11-28,79.279999,79.699997,78.82,79.139999,67.029182,6270000
2022-11-29,78.809998,79.110001,78.300003,79.029999,66.936028,6439700
2022-11-30,79.75,80.300003,78.639999,80.279999,67.994743,19261800
2022-12-01,80.480003,81.440002,80.050003,80.879997,68.502907,10308500
2022-12-02,80.370003,81.160004,80.370003,81.129997,68.714645,6366700
2022-12-05,80.93,81.419998,80.400002,80.699997,68.350456,6791300
2022-12-06,80.699997,81.239998,79.470001,79.919998,67.689827,7728800
2022-12-07,78.760002,80.230003,78.650002,79.93,67.698311,7799000
2022-12-08,79.980003,80.080002,79.470001,79.879997,67.65596,6810100
2022-12-09,80.129997,80.669998,78.730003,78.830002,66.76664,8857100
2022-12-12,78.940002,79.139999,78.290001,78.889999,66.817459,7055200
2022-12-13,79.360001,79.360001,77.269997,77.349998,65.513107,15614400
2022-12-14,77.809998,77.900002,76.769997,77.139999,65.335251,9197900
2022-12-15,76.919998,77.209999,74.709999,75.0,63.522739,10646000
2022-12-16,74.480003,74.940002,73.370003,73.489998,62.243813,27045600
2022-12-19,73.660004,74.230003,72.650002,73.160004,61.964329,8157500
2022-12-20,73.32,73.660004,72.440002,72.650002,61.532352,9231600
2022-12-21,72.75,73.550003,72.309998,73.330002,62.108292,8469700
2022-12-22,73.089996,73.860001,72.839996,73.830002,62.53178,7600600
2022-12-23,73.75,73.889999,72.510002,72.889999,61.735626,7029800
2022-12-27,73.18,73.290001,72.120003,72.610001,61.498486,5971700
2022-12-28,72.870003,72.959999,71.919998,71.989998,60.973351,5192000
2022-12-29,72.300003,72.639999,71.860001,72.099998,61.066528,4288300
2022-12-30,72.129997,72.279999,70.870003,71.949997,60.939484,7029200
2023-01-03,71.760002,72.970001,71.68,72.260002,61.202045,7792300
2023-01-04,72.25,73.260002,71.730003,72.620003,61.506958,9948700
2023-01-05,71.739998,72.379997,71.529999,71.919998,61.395977,8112000
2023-01-06,72.349998,73.400002,72.099998,73.0,62.317936,7311100
2023-01-09,73.120003,73.160004,70.75,71.010002,60.619148,13005100
2023-01-10,71.279999,71.699997,70.790001,71.650002,61.165478,6673400
2023-01-11,71.510002,71.980003,71.019997,71.940002,61.413052,7268700
2023-01-12,71.68,71.940002,71.059998,71.599998,61.122799,6779600
2023-01-13,71.629997,72.519997,71.43,72.510002,61.899643,9117300
2023-01-17,73.110001,73.489998,72.010002,72.309998,61.72892,8964900
2023-01-18,72.339996,72.669998,72.080002,72.139999,61.583786,8371100
2023-01-19,72.349998,73.870003,72.160004,73.75,62.958202,9387500
2023-01-20,73.900002,74.150002,73.349998,74.150002,63.29966,10518200
2023-01-23,74.089996,74.199997,72.849998,73.260002,62.539886,7426500
2023-01-24,73.0,75.0,72.120003,72.339996,61.75452,7300200
2023-01-25,72.559998,73.239998,72.010002,73.169998,62.463055,6638200
2023-01-26,73.110001,73.199997,71.980003,72.989998,62.309406,6528300
2023-01-27,72.989998,73.449997,72.339996,72.449997,61.848431,5426600
2023-01-30,72.589996,72.910004,71.879997,72.029999,61.489887,8900400
2023-01-31,72.110001,72.660004,71.650002,72.650002,62.01915,9375200
2023-02-01,72.940002,72.940002,70.809998,71.230003,60.80695,10727700
2023-02-02,70.32,72.879997,69.800003,72.769997,62.121578,13015300
2023-02-03,73.209999,74.470001,72.610001,74.449997,63.555767,10211900
2023-02-06,74.449997,75.18,74.230003,74.529999,63.624043,7112700
2023-02-07,74.550003,74.690002,73.980003,74.519997,63.615513,8726300
2023-02-08,74.309998,74.419998,72.940002,73.650002,62.872829,10149800
2023-02-09,73.489998,73.839996,71.43,71.489998,61.028904,12828800
2023-02-10,71.709999,72.360001,71.239998,72.199997,61.634995,8621500
2023-02-13,72.220001,73.440002,71.980003,73.169998,62.463055,8628000
2023-02-14,73.309998,73.470001,72.199997,72.25,61.677696,5606100
2023-02-15,72.300003,72.470001,71.339996,71.470001,61.011818,5890500
2023-02-16,70.800003,71.220001,70.18,70.849998,60.482563,5593700
2023-02-17,70.620003,71.739998,70.519997,71.110001,60.704498,11131800
2023-02-21,71.269997,71.669998,70.82,71.220001,60.798412,6189600
2023-02-22,71.300003,71.709999,70.580002,71.309998,60.875237,5718900
2023-02-23,71.379997,71.980003,70.889999,71.400002,60.952076,5459800
2023-02-24,71.110001,71.220001,69.82,70.18,59.910583,6403400
2023-02-27,70.290001,70.410004,69.730003,69.989998,59.748383,4990700
2023-02-28,69.800003,69.940002,68.82,68.959999,58.869106,8697900
2023-03-01,68.699997,69.790001,68.610001,69.360001,59.210575,5883400
2023-03-02,69.230003,69.720001,68.989998,69.190002,59.065449,6068900
2023-03-03,69.360001,69.419998,68.809998,69.300003,59.159348,6540100
2023-03-06,69.370003,69.660004,68.730003,68.900002,58.817886,7000100
2023-03-07,69.18,69.209999,67.440002,68.0,58.04958,8135800
2023-03-08,67.910004,68.050003,66.940002,67.290001,57.443485,5962900
2023-03-09,67.599998,67.720001,66.330002,66.510002,56.777618,7553600
2023-03-10,66.32,67.410004,65.43,65.709999,56.094688,10282400
2023-03-13,65.410004,67.089996,65.279999,66.0,56.342251,9598000
2023-03-14,66.300003,66.559998,65.760002,66.470001,56.743473,9408400
2023-03-15,66.120003,67.720001,66.059998,67.480003,57.605686,10701900
2023-03-16,67.029999,67.610001,65.860001,67.099998,57.281281,10541100
2023-03-17,67.330002,67.330002,66.209999,66.529999,56.794693,21616900
2023-03-20,66.730003,67.379997,66.239998,67.239998,57.400795,9731700
2023-03-21,67.480003,67.809998,66.870003,67.510002,57.63129,8039600
2023-03-22,67.489998,68.0,67.220001,67.239998,57.400795,6657600
2023-03-23,67.589996,67.900002,66.639999,66.980003,57.178844,6723600
2023-03-24,67.199997,67.779999,66.690002,67.68,57.776413,6274900
2023-03-27,68.089996,68.82,68.010002,68.07,58.109344,6711300
2023-03-28,68.080002,68.589996,67.959999,68.199997,58.220318,4715100
2023-03-29,68.220001,68.459999,67.860001,68.18,58.203247,5369900
2023-03-30,68.379997,68.529999,67.989998,68.199997,58.220318,4400100
2023-03-31,68.660004,69.379997,68.370003,69.309998,59.167892,8953200
2023-04-03,69.029999,70.010002,68.669998,69.690002,59.492298,7333900
2023-04-04,69.779999,69.779999,68.629997,68.910004,58.826424,8626700
2023-04-05,69.459999,70.209999,69.040001,69.82,59.603264,7739000
2023-04-06,69.690002,71.07,69.599998,70.739998,60.885715,9669500
2023-04-10,70.760002,70.839996,69.989998,70.279999,60.489784,5646400
2023-04-11,70.470001,70.5,69.970001,70.029999,60.274605,4762500
2023-04-12,70.050003,70.669998,69.800003,70.209999,60.429523,5364300
2023-04-13,70.440002,70.82,69.93,70.690002,60.842678,5981600
2023-04-14,70.599998,70.790001,69.949997,70.449997,60.636105,6260300
2023-04-17,70.599998,70.779999,70.220001,70.599998,60.765209,4435100
2023-04-18,70.550003,70.75,69.879997,70.230003,60.446762,5722900
2023-04-19,70.269997,70.419998,69.550003,69.860001,60.128288,8179200
2023-04-20,69.699997,69.809998,68.849998,69.529999,59.844265,5977700
2023-04-21,70.080002,70.550003,69.949997,70.489998,60.670521,6543600
2023-04-24,70.339996,70.620003,70.059998,70.540001,60.713577,5384500
2023-04-25,70.68,70.940002,70.099998,70.239998,60.455353,5337300
2023-04-26,69.599998,69.739998,67.639999,68.019997,58.544609,10206200
2023-04-27,68.019997,68.019997,66.5,67.610001,58.19173,10521800
2023-04-28,67.139999,67.220001,66.019997,66.769997,57.468731,10695000
2023-05-01,67.279999,68.739998,67.260002,68.400002,58.871685,10034000
2023-05-02,68.25,68.989998,67.400002,68.099998,58.613457,7793400
2023-05-03,68.330002,68.739998,66.32,66.639999,57.356846,12717700
2023-05-04,66.449997,67.239998,66.400002,66.82,57.511787,8801900
2023-05-05,67.139999,68.440002,67.120003,68.139999,58.6479,8562000
2023-05-08,68.080002,68.769997,67.860001,68.410004,58.880287,6142300
2023-05-09,68.0,68.370003,67.830002,68.0,58.527393,6408500
2023-05-10,68.169998,68.940002,67.559998,68.489998,58.949142,8841700
2023-05-11,68.57,69.099998,67.959999,69.080002,59.456951,8416100
2023-05-12,68.610001,68.779999,67.610001,68.059998,58.579037,11964000
2023-05-15,68.199997,68.459999,67.769997,68.169998,58.67371,5908000
2023-05-16,68.059998,68.139999,66.93,67.019997,57.683907,7870500
2023-05-17,67.059998,67.349998,66.07,66.529999,57.262173,9338400
2023-05-18,66.309998,66.349998,65.18,65.699997,56.547791,10080500
2023-05-19,65.769997,66.349998,65.660004,65.839996,56.668289,9196200
2023-05-22,65.839996,66.300003,65.139999,65.809998,56.642467,7356000
2023-05-23,66.080002,67.160004,65.860001,66.529999,57.262173,10162500
2023-05-24,66.599998,66.690002,65.25,65.470001,56.349834,7285400
2023-05-25,64.940002,65.150002,63.98,64.559998,55.566597,7811800
2023-05-26,64.510002,64.970001,63.700001,63.82,54.929684,8459000
2023-05-30,63.369999,64.089996,63.07,63.709999,54.835011,8443200
2023-05-31,63.689999,64.599998,63.150002,64.440002,55.463318,14934100
2023-06-01,64.459999,64.730003,63.779999,64.68,55.66988,8697200
2023-06-02,64.919998,65.790001,64.489998,65.660004,56.513363,6768800
2023-06-05,65.900002,66.459999,65.690002,65.980003,56.788788,6914400
2023-06-06,66.269997,66.379997,65.120003,65.480003,56.358437,5618600
2023-06-07,65.160004,65.330002,64.75,65.160004,56.083015,6643800
2023-06-08,65.339996,65.610001,65.07,65.309998,56.21212,4995400
2023-06-09,65.370003,65.459999,64.599998,64.800003,55.773159,7068500
2023-06-12,64.790001,64.980003,64.199997,64.760002,55.738735,7141900
2023-06-13,64.190002,64.800003,63.959999,64.760002,55.738735,7968100
2023-06-14,64.959999,65.0,64.050003,64.160004,55.222324,6379300
2023-06-15,64.239998,64.940002,63.869999,64.669998,55.66127,8525200
2023-06-16,64.879997,66.239998,64.610001,66.160004,56.943726,19394400
2023-06-20,65.830002,66.370003,65.25,66.029999,56.831818,10798800
2023-06-21,65.910004,66.379997,65.440002,65.5,56.375648,8493800
2023-06-22,65.75,65.849998,65.120003,65.300003,56.203518,5784000
2023-06-23,65.379997,65.419998,64.889999,65.040001,55.979729,11133300
2023-06-26,65.040001,65.099998,64.010002,64.790001,55.764553,7916000
2023-06-27,64.75,65.050003,64.220001,64.75,55.730137,6531700
2023-06-28,64.699997,64.699997,62.880001,64.089996,55.162067,9466000
2023-06-29,63.77,64.440002,63.630001,64.0,55.08461,7023100
2023-06-30,64.279999,64.410004,63.939999,63.950001,55.041576,8397600
2023-07-03,63.939999,64.910004,63.439999,64.43,55.454708,4832500
2023-07-05,64.309998,65.0,63.919998,64.730003,55.712914,8803300
2023-07-06,63.66,63.91,63.299999,63.439999,55.087711,6638700
2023-07-07,63.240002,63.450001,62.630001,62.650002,54.401722,8665600
2023-07-10,62.630001,62.959999,62.299999,62.48,54.254093,7493100
2023-07-11,62.32,62.919998,62.119999,62.790001,54.523293,9340100
2023-07-12,62.880001,63.27,62.119999,62.279999,54.080437,7340300
2023-07-13,62.400002,62.75,62.209999,62.279999,54.080437,9029500
2023-07-14,62.02,62.34,61.57,61.939999,53.785194,9234500
2023-07-17,61.990002,62.02,61.41,61.849998,53.707039,7486400
2023-07-18,61.939999,62.759998,61.799999,62.0,53.837299,6451100
2023-07-19,62.119999,62.860001,62.0,62.060001,53.8894,8695100
2023-07-20,62.450001,64.040001,62.369999,63.77,55.374264,9257500
2023-07-21,63.889999,64.790001,63.759998,64.68,56.164455,9898100
2023-07-24,64.699997,65.379997,64.699997,64.730003,56.207874,6886700
2023-07-25,64.5,64.650002,63.75,63.77,55.374264,6966700
2023-07-26,63.139999,63.889999,62.93,63.41,55.061665,11032200
2023-07-27,61.0,62.529999,60.380001,60.73,52.734493,22625400
2023-07-28,60.799999,61.5,60.049999,61.41,53.32497,11593100
2023-07-31,61.349998,62.32,61.110001,62.189999,54.002277,11700600
2023-08-01,62.32,62.57,61.18,61.529999,53.429173,9227600
2023-08-02,61.169998,62.330002,61.02,61.75,53.620209,11937800
2023-08-03,61.459999,61.470001,60.450001,61.23,53.168671,6878800
2023-08-04,61.080002,61.450001,60.369999,60.490002,52.526104,7624800
2023-08-07,60.509998,60.759998,60.099998,60.470001,52.508728,9774000
2023-08-08,60.689999,60.82,59.709999,60.16,52.23954,12497800
2023-08-09,59.799999,60.950001,59.75,60.619999,52.638981,7705300
2023-08-10,61.09,61.950001,60.950001,61.290001,53.220772,23791600
2023-08-11,61.529999,61.73,61.07,61.23,53.168671,16836200
2023-08-14,61.349998,61.889999,61.209999,61.619999,53.507317,19536700
2023-08-15,61.529999,62.150002,61.200001,61.75,53.620209,14442300
2023-08-16,61.34,61.619999,60.889999,60.93,52.908169,9611100
2023-08-17,61.02,62.720001,61.0,62.150002,53.967541,17886200
2023-08-18,62.220001,62.580002,61.869999,62.060001,53.8894,8200700
2023-08-21,62.130001,62.490002,61.900002,61.91,53.759148,9898000
2023-08-22,61.810001,62.130001,61.599998,61.860001,53.715721,8716700
2023-08-23,62.259998,62.400002,61.41,61.560001,53.455227,7859500
2023-08-24,61.360001,62.009998,61.23,61.279999,53.21209,8277500
2023-08-25,61.419998,62.299999,61.25,62.080002,53.906761,7953400
2023-08-28,62.060001,62.41,61.380001,61.639999,53.524689,6848900
2023-08-29,61.98,63.41,61.98,62.849998,54.575386,11979000
2023-08-30,62.93,63.029999,62.200001,62.380001,54.167259,9052800
2023-08-31,62.450001,62.529999,61.650002,61.650002,53.533375,11464700
2023-09-01,61.830002,62.400002,61.830002,62.02,53.854664,6838800
2023-09-05,61.889999,62.0,60.59,60.639999,52.656345,10887700
2023-09-06,60.299999,60.400002,59.450001,59.669998,51.814056,12247200
2023-09-07,59.869999,60.5,59.860001,59.970001,52.074566,9697600
2023-09-08,60.16,60.889999,60.009998,60.82,52.812653,9526700
2023-09-11,60.75,61.43,60.68,60.810001,52.80397,14363500
2023-09-12,61.009998,61.02,59.84,60.240002,52.30901,9949000
2023-09-13,60.25,60.580002,59.650002,59.650002,51.796688,19392200
2023-09-14,60.139999,60.549999,59.279999,59.490002,51.657761,18147800
2023-09-15,59.439999,59.830002,58.860001,59.029999,51.258316,22379200
2023-09-18,59.040001,59.150002,58.330002,58.580002,50.867569,16914900
2023-09-19,58.560001,58.919998,58.34,58.630001,50.91098,10455600
2023-09-20,58.799999,59.310001,58.709999,58.779999,51.041225,8699600
2023-09-21,58.560001,59.459999,58.529999,59.080002,51.301731,9597300
2023-09-22,59.330002,59.459999,58.77,58.900002,51.145435,8190700
2023-09-25,58.84,59.279999,58.549999,59.16,51.371197,7006000
2023-09-26,58.869999,59.25,58.52,58.540001,50.832829,9380600
2023-09-27,58.580002,58.75,57.610001,57.889999,50.268406,11365900
2023-09-28,58.009998,58.419998,57.810001,58.139999,50.485489,8265100
2023-09-29,58.18,58.459999,57.869999,58.040001,50.398655,10902500
2023-10-02,58.009998,58.060001,57.150002,57.849998,50.233669,8865300
2023-10-03,57.66,58.049999,57.119999,57.220001,49.686611,10991900
2023-10-04,57.099998,57.34,56.310001,56.73,49.26112,11684400
2023-10-05,56.040001,56.610001,55.830002,56.419998,49.489185,8015400
2023-10-06,56.25,56.880001,56.169998,56.66,49.699707,8901000
2023-10-09,56.099998,57.130001,55.700001,56.610001,49.655846,8481500
2023-10-10,56.709999,56.77,56.23,56.389999,49.462872,13217400
2023-10-11,56.48,56.889999,56.34,56.650002,49.690937,8470700
2023-10-12,56.630001,56.669998,55.799999,56.259998,49.348839,10728800
2023-10-13,56.369999,56.669998,55.900002,56.470001,49.533043,12824800
2023-10-16,56.790001,57.490002,56.689999,57.169998,50.147049,12328400
2023-10-17,57.150002,57.650002,56.98,57.369999,50.322483,13223400
2023-10-18,57.400002,57.59,56.77,56.849998,49.866356,11816100
2023-10-19,56.639999,56.959999,55.720001,56.48,49.541809,13169000
2023-10-20,56.240002,57.09,56.240002,56.459999,49.524273,11638300
2023-10-23,56.349998,56.720001,55.98,56.0,49.120777,10028300
2023-10-24,56.139999,56.68,55.880001,56.119999,49.226036,9442800
2023-10-25,56.02,56.77,55.959999,56.610001,49.655846,11766100
2023-10-26,53.959999,55.290001,52.919998,52.970001,46.462997,25054000
2023-10-27,52.049999,52.220001,49.490002,51.02,44.752541,17895400
2023-10-30,51.73,51.900002,50.259998,51.25,44.954288,29683000
2023-10-31,51.380001,51.66,50.669998,51.529999,45.199894,14670400
2023-11-01,51.860001,51.91,51.169998,51.279999,44.980606,11280800
2023-11-02,50.82,51.369999,50.689999,51.130001,44.849033,13436100
2023-11-03,51.389999,53.139999,51.389999,52.82,46.331425,14479300
2023-11-06,53.139999,53.549999,52.639999,52.790001,46.305111,17627100
2023-11-07,52.810001,53.049999,52.130001,52.290001,45.866535,20836100
2023-11-08,52.52,52.580002,51.84,52.419998,45.980553,11252800
2023-11-09,52.549999,52.57,50.369999,50.41,44.217472,12175400
2023-11-10,50.610001,50.700001,49.580002,50.610001,44.392906,12697600
2023-11-13,50.450001,50.669998,50.060001,50.150002,43.98941,12047100
2023-11-14,50.450001,51.18,50.259998,50.52,44.313957,12025300
2023-11-15,50.27,51.630001,50.150002,51.57,45.234974,13407600
2023-11-16,51.459999,51.740002,50.25,50.84,44.59465,14458500
2023-11-17,51.189999,51.220001,50.599998,50.84,44.59465,10229500
2023-11-20,48.779999,50.169998,48.419998,48.900002,42.892975,27943500
2023-11-21,48.830002,49.040001,48.450001,48.48,42.524563,14669600
2023-11-22,48.75,49.5,48.560001,49.419998,43.349083,14734800
2023-11-24,49.75,49.91,49.470001,49.759998,43.64732,5085700
2023-11-27,49.610001,49.720001,48.82,49.02,42.998222,17681600
2023-11-28,49.049999,49.32,48.82,48.919998,42.910511,11372800
2023-11-29,49.060001,49.349998,48.669998,48.720001,42.735081,12653100
2023-11-30,48.779999,49.400002,48.25,49.380001,43.314007,17044300
2023-12-01,49.400002,50.18,48.93,50.099998,43.94556,12806400
2023-12-04,49.959999,50.759998,49.77,49.98,43.840298,14238600
2023-12-05,49.799999,50.400002,49.560001,50.23,44.059586,12659500
2023-12-06,50.32,50.43,49.779999,49.880001,43.752579,13839800
2023-12-07,50.299999,51.0,49.990002,50.16,43.99818,14710600
2023-12-08,50.259998,50.540001,50.09,50.310001,44.129757,10123100
2023-12-11,50.52,51.139999,50.27,51.09,44.813938,18432900
2023-12-12,50.799999,50.939999,49.799999,50.509998,44.305191,14215500
2023-12-13,50.07,51.860001,49.939999,51.860001,45.489353,15557000
2023-12-14,52.459999,52.540001,51.0,51.470001,45.147263,20212600
2023-12-15,51.16,51.450001,50.689999,50.889999,44.638508,44147600
2023-12-18,51.150002,51.490002,50.93,51.34,45.033234,14361100
2023-12-19,51.610001,52.18,51.459999,52.110001,45.708645,14293000
2023-12-20,52.029999,52.240002,50.93,50.959999,44.699913,14179800
2023-12-21,51.34,51.740002,50.849998,51.259998,44.963051,14232900
2023-12-22,50.860001,53.48,50.860001,52.290001,45.866535,19998100
2023-12-26,52.41,52.77,51.049999,51.450001,45.129719,12237700
2023-12-27,51.41,51.5,50.740002,51.209999,44.919197,13219000
2023-12-28,51.049999,51.450001,51.0,51.220001,44.927971,10652900
2023-12-29,51.130001,51.490002,50.990002,51.310001,45.006927,11305800
2024-01-02,51.450001,53.450001,51.400002,52.759998,46.278786,17757500
2024-01-03,52.700001,52.900002,51.470001,52.299999,45.875294,15662600
2024-01-04,51.91,52.189999,51.459999,52.040001,46.176994,16930500
2024-01-05,51.91,52.57,51.650002,52.23,46.345589,12272200
2024-01-08,51.889999,51.900002,51.290001,51.790001,45.955162,18745900
2024-01-09,52.049999,52.099998,51.23,51.279999,45.502625,13385100
2024-01-10,51.200001,51.25,50.419998,50.66,44.952473,18095300
2024-01-11,50.650002,50.740002,50.009998,50.220001,44.562042,16567900
2024-01-12,50.389999,50.709999,50.07,50.310001,44.641903,11461700
2024-01-16,50.299999,50.59,49.82,50.0,44.366833,13824700
2024-01-17,49.549999,50.07,48.950001,49.98,44.349079,16425400
2024-01-18,49.619999,50.169998,48.630001,50.09,44.44669,18463800
2024-01-19,50.110001,50.209999,49.43,50.110001,44.464439,23285800
2024-01-22,50.259998,50.32,49.5,49.57,43.985279,13818600
2024-01-23,49.68,50.419998,49.490002,50.119999,44.473309,12555700
2024-01-24,50.200001,50.619999,50.07,50.240002,44.579788,11838300
2024-01-25,50.259998,50.34,49.439999,49.610001,44.020767,17639600
2024-01-26,49.959999,50.200001,49.650002,49.700001,44.100628,10855500
2024-01-29,49.619999,49.880001,49.450001,49.869999,44.251472,11746600
2024-01-30,50.049999,50.18,49.25,49.389999,43.825554,11605600
2024-01-31,49.709999,50.02,48.84,48.869999,43.36414,18997600
2024-02-01,48.849998,48.849998,48.130001,48.669998,43.186672,20416300
2024-02-02,49.27,50.009998,48.080002,48.709999,43.22216,27991600
2024-02-05,48.52,48.560001,47.68,47.98,42.574409,15535600
2024-02-06,47.950001,49.98,47.580002,49.259998,43.710201,22693800
2024-02-07,49.189999,49.360001,48.02,48.639999,43.160057,17973100
2024-02-08,48.439999,48.77,48.110001,48.709999,43.22216,13577900
2024-02-09,48.700001,49.830002,48.490002,49.810001,44.198242,15413400
2024-02-12,49.82,50.049999,49.209999,49.75,44.144997,14973600
2024-02-13,49.66,49.900002,48.310001,48.709999,43.22216,15828100
2024-02-14,48.82,49.040001,48.450001,48.889999,43.381889,10866900
2024-02-15,49.009998,50.279999,48.830002,49.439999,43.869919,13425800
2024-02-16,49.310001,49.869999,48.93,49.860001,44.242599,13176500
2024-02-20,49.889999,50.450001,49.669998,49.860001,44.242599,13778800
2024-02-21,49.93,50.93,49.540001,50.91,45.174309,12283500
2024-02-22,50.580002,51.41,50.330002,51.330002,45.546986,12862900
2024-02-23,51.400002,51.919998,50.73,51.66,45.839806,11052500
2024-02-26,51.560001,51.68,50.470001,50.52,44.828247,9690400
2024-02-27,50.57,50.720001,50.150002,50.509998,44.81937,8145100
2024-02-28,50.509998,50.970001,50.369999,50.919998,45.183174,7974500
2024-02-29,50.959999,51.169998,50.279999,50.75,45.032326,14655700
2024-03-01,50.939999,51.080002,50.439999,50.889999,45.156555,10892300
2024-03-04,51.279999,52.200001,50.720001,50.919998,45.183174,19033400
2024-03-05,51.009998,52.110001,50.990002,51.82,45.981781,15110700
2024-03-06,52.34,53.810001,52.25,53.380001,47.366024,21692300
2024-03-07,53.57,53.75,52.98,53.279999,47.27729,17233100
2024-03-08,53.48,54.259998,53.330002,53.790001,47.729836,17479600
2024-03-11,53.900002,54.560001,53.740002,54.360001,48.235622,15646400
2024-03-12,54.330002,54.599998,53.82,54.400002,48.271114,14269100
2024-03-13,54.330002,55.040001,52.599998,52.650002,46.718273,26855200
2024-03-14,52.57,52.68,51.810001,52.490002,46.576302,14430200
2024-03-15,52.32,53.200001,51.950001,52.34,46.443199,123585300
2024-03-18,52.580002,52.700001,51.529999,51.59,45.777695,19738700
2024-03-19,51.759998,51.93,51.389999,51.799999,45.964039,14593200
2024-03-20,51.630001,52.16,51.27,51.880001,46.035023,10436300
2024-03-21,51.91,52.650002,51.560001,51.59,45.777695,12625100
2024-03-22,51.650002,52.450001,51.52,51.93,46.079391,11727500
2024-03-25,52.080002,52.740002,51.91,52.25,46.363335,12348100
2024-03-26,52.389999,52.650002,52.040001,52.549999,46.629536,9952000
2024-03-27,53.0,53.689999,52.849998,53.25,47.250671,13077600
2024-03-28,53.389999,54.48,53.389999,54.23,48.120262,14348200
2024-04-01,54.169998,54.23,52.959999,52.990002,47.01997,9520400
2024-04-02,53.099998,53.349998,52.529999,52.740002,46.798134,10234300
2024-04-03,52.75,52.869999,52.099998,52.18,46.301228,10434600
2024-04-04,51.939999,52.09,51.200001,51.400002,46.139641,10993700
2024-04-05,51.189999,51.450001,50.77,51.32,46.067837,9095500
2024-04-08,51.279999,51.299999,50.860001,51.099998,45.870342,12258500
2024-04-09,51.130001,51.68,51.07,51.599998,46.319168,9487300
2024-04-10,51.040001,51.290001,50.279999,50.290001,45.143242,11492800
2024-04-11,50.459999,50.580002,49.110001,49.119999,44.092983,11781000
2024-04-12,49.040001,49.09,48.259998,48.279999,43.338951,12459200
2024-04-15,48.360001,49.099998,48.119999,48.509998,43.545406,11943600
2024-04-16,48.450001,48.599998,48.240002,48.259998,43.320988,11931300
2024-04-17,48.439999,48.549999,47.700001,47.84,42.943977,11763100
2024-04-18,47.93,48.41,47.619999,48.299999,43.356903,10917600
2024-04-19,48.209999,49.049999,48.119999,48.93,43.922432,10303900
2024-04-22,49.0,49.560001,48.869999,49.139999,44.110935,7929500
2024-04-23,49.16,49.470001,48.959999,48.990002,43.976284,9153300
2024-04-24,49.0,49.049999,48.549999,48.860001,43.859592,16057100
2024-04-25,47.389999,47.5,44.369999,44.700001,40.125332,45069000
2024-04-26,44.68,45.369999,44.34,44.849998,40.259975,21281900
2024-04-29,45.09,45.380001,44.529999,44.639999,40.071468,16416300
2024-04-30,44.400002,44.759998,43.93,43.939999,39.443111,17716000
2024-05-01,43.970001,44.470001,43.73,44.209999,39.685474,13246100
2024-05-02,44.360001,44.419998,43.330002,43.700001,39.227669,15962600
2024-05-03,43.900002,44.330002,43.689999,43.990002,39.487991,12104500
2024-05-06,44.16,44.619999,43.779999,43.900002,39.4072,9127700
2024-05-07,43.98,44.259998,43.84,44.040001,39.532879,11026900
2024-05-08,44.0,44.220001,43.560001,43.669998,39.200741,11928300
2024-05-09,43.560001,44.810001,43.5,44.740002,40.161243,10776300
2024-05-10,44.75,44.970001,44.299999,44.939999,40.340771,8699600
2024-05-13,44.880001,45.32,44.830002,45.060001,40.44849,12642400
2024-05-14,45.380001,45.720001,44.529999,44.709999,40.134312,14536500
2024-05-15,45.0,45.169998,44.48,44.549999,39.990685,14179400
2024-05-16,44.470001,44.529999,43.68,44.110001,39.595711,15765700
2024-05-17,44.299999,44.299999,43.73,44.029999,39.523899,15788000
2024-05-20,44.0,44.049999,43.310001,43.360001,38.922474,10376900
2024-05-21,43.139999,43.43,42.25,42.27,37.944027,17576800
2024-05-22,42.220001,42.990002,41.91,42.34,38.006859,16786000
2024-05-23,41.919998,42.27,41.459999,41.540001,37.288731,12438000
2024-05-24,41.41,41.68,41.07,41.240002,37.019432,17425600
2024-05-28,41.220001,41.330002,40.380001,40.490002,36.346191,14674500
2024-05-29,40.279999,40.700001,39.939999,40.25,36.130753,16492500
2024-05-30,40.139999,40.599998,39.91,40.25,36.130753,16111400
2024-05-31,40.25,41.16,40.130001,41.09,36.884789,29396300
2024-06-03,41.16,42.389999,41.130001,41.77,37.49519,13678700
2024-06-04,41.75,42.080002,41.389999,41.75,37.477242,12230000
2024-06-05,41.68,41.68,40.919998,41.240002,37.019432,12401200
2024-06-06,40.860001,41.290001,40.700001,40.880001,36.69627,10282800
2024-06-07,40.849998,41.580002,40.77,41.48,37.234867,13665500
2024-06-10,41.400002,42.720001,41.360001,42.57,38.213318,13459200
2024-06-11,42.529999,43.049999,41.880001,43.02,38.617256,12637100
2024-06-12,43.09,43.189999,42.220001,42.41,38.069695,9433200
2024-06-13,42.459999,42.639999,41.07,41.48,37.234867,17023700
2024-06-14,41.41,41.860001,40.75,41.200001,36.983532,14271100
2024-06-17,41.07,41.34,40.439999,40.970001,36.777069,18782500
2024-06-18,41.02,41.240002,40.09,40.810001,36.633442,18747200
2024-06-20,40.549999,41.189999,39.630001,41.040001,36.839901,18639600
2024-06-21,41.259998,41.950001,41.07,41.93,37.638817,35828400
2024-06-24,42.0,42.349998,41.810001,42.23,37.908115,14845100
2024-06-25,42.02,42.369999,41.580002,42.189999,37.872204,16082600
2024-06-26,42.110001,43.040001,41.709999,42.5,38.150486,19824600
2024-06-27,42.43,42.5,41.48,41.509998,37.261795,17435000
2024-06-28,41.709999,42.48,41.41,41.529999,37.279755,20542700
2024-07-01,41.650002,42.27,41.139999,41.299999,37.073288,18268400
2024-07-02,41.259998,41.349998,40.41,40.450001,36.310284,18280200
2024-07-03,40.419998,40.66,40.029999,40.060001,35.960194,9131500
2024-07-05,39.740002,39.75,39.349998,39.66,36.142456,12824400
2024-07-08,39.639999,40.110001,39.5,39.990002,36.443188,13372700
2024-07-09,39.810001,40.900002,39.709999,40.860001,37.236027,16368900
2024-07-10,40.869999,41.169998,40.439999,41.119999,37.472965,9672700
2024-07-11,41.25,41.66,40.689999,40.75,37.135784,17883000
2024-07-12,41.07,41.139999,40.349998,40.459999,36.871506,16677500
2024-07-15,40.630001,40.650002,39.919998,40.150002,36.589008,17858100
2024-07-16,40.150002,41.27,40.09,41.200001,37.545876,13739600
2024-07-17,41.200001,43.52,41.200001,43.150002,39.322926,18639200
2024-07-18,42.439999,44.240002,42.369999,42.389999,38.630329,19434500
2024-07-19,42.630001,42.830002,41.610001,42.639999,38.858158,12839900
2024-07-22,42.43,42.98,42.369999,42.669998,38.885487,10115500
2024-07-23,42.439999,43.080002,41.900002,42.98,39.167995,17688600
2024-07-24,43.25,44.779999,43.25,44.66,40.698994,20392800
2024-07-25,44.790001,45.970001,44.490002,45.27,41.254894,22050100
2024-07-26,48.27,50.610001,47.73,50.450001,45.975468,36636400
2024-07-29,49.919998,51.189999,48.970001,48.98,44.635845,22280200
2024-07-30,49.060001,49.310001,47.849998,49.049999,44.699638,19296500
2024-07-31,48.75,49.110001,47.369999,47.560001,43.341785,17727600
2024-08-01,47.799999,48.509998,47.220001,48.169998,43.897678,12064400
2024-08-02,49.119999,49.540001,48.310001,48.77,44.444469,15601500
2024-08-05,47.880001,48.740002,47.209999,47.59,43.369129,17895000
2024-08-06,47.889999,48.07,47.119999,47.310001,43.113964,15663000
2024-08-07,47.43,48.490002,46.400002,46.5,42.375805,16891900
2024-08-08,46.57,47.150002,46.220001,46.849998,42.694763,15216900
2024-08-09,46.84,47.68,46.5,46.720001,42.57629,14083500
2024-08-12,46.77,47.470001,46.48,47.060001,42.886135,11942000
2024-08-13,47.48,49.16,47.48,49.060001,44.708748,19858200
2024-08-14,49.060001,49.290001,48.110001,48.41,44.116398,10667200
2024-08-15,49.299999,49.529999,48.470001,49.110001,44.754311,13140600
2024-08-16,49.110001,50.049999,49.009998,49.360001,44.982136,14161800
2024-08-19,49.380001,49.990002,49.200001,49.299999,44.92746,9067400
2024-08-20,49.27,49.610001,48.93,48.98,44.635845,8780200
2024-08-21,48.779999,49.169998,48.16,48.439999,44.143742,7780500
2024-08-22,48.57,48.610001,46.889999,47.619999,43.396465,9946800
2024-08-23,47.669998,48.240002,47.380001,48.110001,43.843002,8328400
2024-08-26,48.169998,48.490002,47.98,48.240002,43.961479,4949600
2024-08-27,48.360001,48.790001,47.810001,48.119999,43.852116,6918500
2024-08-28,48.119999,49.919998,48.029999,49.060001,44.708748,8399700
2024-08-29,49.27,49.77,48.759998,49.720001,45.310215,7536000
2024-08-30,49.720001,50.240002,49.68,49.950001,45.519814,9594800
2024-09-03,49.709999,50.740002,49.650002,50.52,46.039257,10942500
2024-09-04,50.720001,50.75,49.549999,49.959999,45.528919,7036200
2024-09-05,50.080002,50.240002,49.23,49.799999,45.383118,9947800
2024-09-06,49.790001,50.029999,48.529999,48.700001,44.38068,11146400
2024-09-09,48.720001,49.130001,47.549999,48.5,44.198418,9433300
2024-09-10,48.5,49.32,47.970001,49.279999,44.909233,8624500
2024-09-11,49.110001,49.189999,48.25,48.59,44.280437,8425400
2024-09-12,48.380001,48.57,47.759998,48.240002,43.961479,5575300
2024-09-13,48.25,49.150002,48.200001,49.130001,44.772545,9412800
2024-09-16,49.5,50.25,49.259998,49.990002,45.556271,11823400
2024-09-17,50.09,50.41,48.849998,49.490002,45.100613,7549200
2024-09-18,49.41,50.18,48.779999,49.740002,45.328442,7771500
2024-09-19,49.889999,50.040001,48.950001,49.02,44.672295,8841400
2024-09-20,49.290001,49.529999,49.0,49.41,45.027706,27106500
2024-09-23,49.560001,50.23,49.48,50.009998,45.57449,12226500
2024-09-24,50.009998,51.09,49.810001,50.939999,46.422009,16463200
2024-09-25,51.25,51.369999,49.110001,49.950001,45.519814,15321900
2024-09-26,49.82,50.549999,49.720001,50.119999,45.674736,8622900
2024-09-27,51.540001,52.16,50.709999,50.91,46.394665,23035300
2024-09-30,51.509998,51.939999,51.040001,51.740002,47.151054,14085200
2024-10-01,51.950001,52.970001,51.610001,52.900002,48.208164,17436200
2024-10-02,52.830002,54.540001,52.41,53.759998,48.991886,22198300
2024-10-03,53.849998,54.290001,53.41,54.200001,49.392868,15398400
2024-10-04,53.400002,54.009998,53.299999,53.959999,49.724613,12826500
2024-10-07,54.0,54.419998,53.41,53.439999,49.24543,11150600
2024-10-08,53.5,53.830002,52.459999,52.48,48.360783,9900300
2024-10-09,52.25,53.150002,51.509998,52.799999,48.655663,10408200
2024-10-10,53.029999,53.419998,52.330002,52.400002,48.287064,6799500
2024-10-11,52.580002,52.66,52.0,52.200001,48.102764,6041700
2024-10-14,52.139999,52.709999,51.939999,52.669998,48.535862,6890800
2024-10-15,51.310001,53.389999,51.310001,52.759998,48.618797,10579100
2024-10-16,52.630001,53.580002,52.509998,53.369999,49.180923,7624300
2024-10-17,53.189999,53.580002,52.830002,53.18,49.005833,7948500
2024-10-18,53.259998,53.330002,52.34,53.220001,49.042698,7184500
2024-10-21,53.279999,53.299999,52.099998,52.119999,48.029034,5353100
2024-10-22,52.029999,53.060001,52.029999,52.759998,48.618797,7122800
2024-10-23,52.799999,53.110001,52.540001,53.060001,48.895256,5833000
2024-10-24,52.900002,53.400002,52.419998,52.919998,48.766239,7103100
2024-10-25,52.68,52.900002,51.82,51.919998,47.844738,7127400
2024-10-28,51.950001,52.759998,51.810001,52.639999,48.508221,8528500
2024-10-29,52.34,52.740002,52.139999,52.5,48.379211,8371500
2024-10-30,52.5,53.150002,52.290001,52.66,48.526653,9654100
2024-10-31,53.799999,56.200001,53.560001,55.77,51.392544,18744000
2024-11-01,55.880001,55.900002,54.200001,54.32,50.056362,12894800
2024-11-04,54.330002,55.77,54.32,55.450001,51.097664,10808200
2024-11-05,55.139999,56.279999,54.720001,55.950001,51.558418,9278000
2024-11-06,56.34,56.799999,55.139999,55.279999,50.941006,11776000
2024-11-07,55.189999,55.52,54.490002,54.709999,50.415737,12042200
2024-11-08,54.700001,54.790001,53.970001,54.139999,49.890484,9218600
2024-11-11,60.720001,61.080002,59.529999,59.82,55.124657,27898400
2024-11-12,59.82,60.619999,58.810001,59.02,54.387444,15141300
2024-11-13,59.209999,59.490002,57.84,58.41,53.825325,11215000
2024-11-14,58.91,59.73,58.259998,58.5,53.908264,11494200
2024-11-15,58.16,58.360001,55.82,56.220001,51.807224,21259200
2024-11-18,56.18,56.84,55.84,56.799999,52.341698,10679100
2024-11-19,56.5,58.650002,56.099998,58.23,53.659458,13129900
2024-11-20,58.610001,58.830002,57.669998,57.880001,53.336933,11239700
2024-11-21,58.16,58.48,57.470001,58.23,53.659458,7441000
2024-11-22,58.349998,58.919998,57.619999,58.869999,54.249222,7412500
2024-11-25,59.98,60.68,58.630001,58.779999,54.166283,14119700
2024-11-26,58.84,59.080002,58.060001,58.740002,54.129425,7432800
2024-11-27,58.82,59.509998,58.779999,59.27,54.617832,7064900
2024-11-29,59.330002,59.540001,58.959999,59.220001,54.571747,4581600
2024-12-02,59.400002,60.07,58.919998,59.939999,55.235233,9032100
2024-12-03,59.880001,60.09,58.630001,58.689999,54.083344,8763400
2024-12-04,58.57,58.790001,57.59,58.369999,53.788467,9533700
2024-12-05,58.299999,59.23,58.23,58.84,54.221573,8116500
2024-12-06,58.84,59.529999,58.689999,59.380001,54.719196,7276800
2024-12-09,59.25,59.759998,58.700001,58.709999,54.101776,8653500
2024-12-10,58.779999,58.849998,57.810001,58.119999,53.55809,6896500
2024-12-11,58.0,58.049999,56.619999,56.650002,52.203476,10578700
2024-12-12,57.029999,57.32,55.939999,56.279999,51.862511,12121400
2024-12-13,56.380001,56.380001,55.040001,55.779999,51.40176,9406100
2024-12-16,56.77,56.970001,55.68,55.869999,51.484688,16470500
2024-12-17,56.09,57.77,56.049999,57.650002,53.124981,14984500
2024-12-18,57.349998,58.549999,56.77,56.84,52.378563,14111900
2024-12-19,56.849998,57.189999,56.110001,56.299999,51.880939,11487900
2024-12-20,56.220001,57.330002,56.080002,57.330002,52.830097,48212100
2024-12-23,57.25,57.66,56.799999,57.580002,53.060474,9431500
2024-12-24,57.41,57.77,57.009998,57.759998,53.226341,3668200
2024-12-26,57.66,58.07,57.509998,58.0,53.447506,4688800
2024-12-27,57.650002,58.380001,57.52,57.68,53.152622,6607700
2024-12-30,57.529999,57.599998,56.049999,56.060001,51.659779,6593700
2024-12-31,56.07,56.959999,55.93,56.560001,52.120537,7345200
2025-01-02,56.93,57.380001,56.52,56.790001,52.332478,9092000
2025-01-03,56.34,56.799999,56.310001,56.57,52.705154,9533500
2025-01-06,56.310001,57.029999,55.939999,56.68,52.80764,9459600
2025-01-07,56.68,57.669998,56.52,57.139999,53.236217,10814600
2025-01-08,56.98,57.049999,56.049999,56.810001,52.928761,11995900
2025-01-10,56.360001,56.52,55.630001,55.830002,52.015717,9681300
2025-01-13,55.68,55.790001,54.810001,55.360001,51.577824,7120700
2025-01-14,55.5,55.98,55.459999,55.740002,51.931862,7409900
2025-01-15,56.130001,56.740002,55.66,55.91,52.090252,8458400
2025-01-16,55.84,56.419998,55.080002,56.380001,52.528137,9061000
2025-01-17,56.0,56.619999,55.549999,56.290001,52.444286,10911600
2025-01-21,56.630001,57.68,56.549999,57.040001,53.143047,9113200
2025-01-22,56.490002,57.389999,55.950001,57.09,53.189632,8439800
2025-01-23,57.139999,59.25,57.02,59.139999,55.099571,14504300
2025-01-24,59.110001,60.0,59.099998,59.669998,55.593361,12677500
2025-01-27,60.610001,61.099998,59.869999,60.599998,56.459827,10882600
2025-01-28,60.279999,60.59,58.740002,58.759998,54.745537,9232600
2025-01-29,59.080002,59.740002,58.810001,59.049999,55.015724,6780900
2025-01-30,59.290001,59.349998,58.580002,59.139999,55.099571,8128600
2025-01-31,59.18,60.23,58.669998,58.950001,54.922562,11342000
2025-02-03,58.790001,60.310001,58.549999,59.950001,55.854233,13978200
2025-02-04,58.869999,59.849998,58.73,59.119999,55.08094,11718500
2025-02-05,59.639999,60.360001,59.23,59.709999,55.630627,12600800
2025-02-06,57.369999,59.380001,56.91,57.419998,53.497089,25072300
2025-02-07,57.459999,57.709999,56.189999,56.849998,52.966026,14340200
2025-02-10,56.799999,56.869999,54.599998,55.529999,51.736206,16656800
2025-02-11,55.400002,56.310001,55.099998,55.939999,52.118195,8724200
2025-02-12,55.669998,56.540001,55.450001,56.150002,52.313854,8502900
2025-02-13,56.25,56.259998,55.630001,55.970001,52.146149,8917200
2025-02-14,56.029999,56.029999,53.66,53.900002,50.217567,13227200
2025-02-18,53.720001,54.59,53.540001,54.43,50.711361,10918500
2025-02-19,54.41,54.98,54.119999,54.98,51.223789,10770900
2025-02-20,55.02,55.82,54.799999,55.790001,51.978447,8953500
2025-02-21,55.43,56.060001,54.849998,55.830002,52.015717,11105500
2025-02-24,55.970001,58.0,55.950001,57.880001,53.925655,13215800
2025-02-25,58.299999,59.939999,58.169998,58.209999,54.233109,15344100
2025-02-26,58.16,58.419998,57.220001,57.380001,53.459816,7273100
2025-02-27,57.34,58.82,56.959999,58.799999,54.782806,9812100
2025-02-28,58.970001,59.740002,57.919998,59.619999,55.54678,20219700
2025-03-03,59.75,59.919998,59.009998,59.869999,55.779697,11214100
2025-03-04,59.959999,60.689999,59.290001,59.439999,55.379074,16502200
2025-03-05,59.43,60.259998,59.380001,59.82,55.73312,9707000
2025-03-06,59.939999,60.700001,59.029999,60.18,56.068523,10682400
2025-03-07,60.450001,63.110001,60.27,61.09,56.916344,18538200
2025-03-10,60.950001,63.16,60.720001,63.110001,58.798347,20295700
2025-03-11,62.799999,63.330002,61.23,61.509998,57.307655,14637900
2025-03-12,60.720001,60.82,59.52,59.810001,55.723801,10812400
2025-03-13,59.990002,60.759998,59.790001,60.279999,56.161686,8990400
2025-03-14,59.84,59.990002,58.720001,59.009998,54.978455,11905700
2025-03-17,59.16,60.130001,58.360001,59.990002,55.891502,9666800
2025-03-18,59.880001,60.259998,59.540001,59.900002,55.807655,9967900
2025-03-19,59.860001,60.549999,59.459999,60.080002,55.975357,8304200
2025-03-20,59.860001,61.07,59.779999,60.419998,56.292126,12197400
2025-03-21,60.23,61.34,59.84,61.07,56.897717,25865100
2025-03-24,60.790001,61.25,59.970001,61.049999,56.879082,11976800
2025-03-25,61.209999,61.490002,59.18,59.189999,55.14616,10969100
2025-03-26,59.32,59.689999,58.529999,59.209999,55.164787,11579500
2025-03-27,59.18,59.560001,58.77,58.900002,54.875973,8751200
2025-03-28,59.400002,60.110001,58.23,60.02,55.919453,10791600
2025-03-31,59.799999,61.639999,59.369999,60.990002,56.823185,11615900
2025-04-01,60.77,61.099998,59.240002,59.549999,55.481564,9623800
2025-04-02,59.810001,60.240002,59.16,59.599998,55.528152,8310000
2025-04-03,60.599998,60.799999,57.66,57.82,53.869755,13246900
2025-04-04,56.82,57.169998,54.720001,55.299999,52.080376,14657900
2025-04-07,53.900002,55.299999,52.689999,55.189999,51.976776,16820500
2025-04-08,55.169998,55.77,52.16,53.07,49.980209,16335100
2025-04-09,51.200001,54.049999,49.919998,53.740002,50.611202,24323900
2025-04-10,53.330002,53.419998,48.82,50.459999,47.522171,23973300
2025-04-11,50.470001,51.009998,49.290001,50.709999,47.757614,13411300
2025-04-14,51.529999,51.599998,50.549999,51.34,48.350933,14310300
2025-04-15,51.220001,51.5,49.669998,50.0,47.088951,15684400
2025-04-16,50.099998,50.400002,48.84,49.360001,46.48621,14991000
2025-04-17,49.18,50.09,49.060001,49.23,46.363777,14244100
2025-04-21,49.349998,49.669998,48.16,48.939999,46.09066,10338700
2025-04-22,49.310001,50.060001,48.880001,49.82,46.91943,13376000
2025-04-23,47.630001,49.330002,47.540001,48.529999,45.704525,24036600
2025-04-24,47.939999,48.84,46.93,48.689999,45.855217,20579300
2025-04-25,48.869999,48.950001,46.959999,47.900002,45.11121,16298800
2025-04-28,48.310001,48.860001,47.919998,48.459999,45.638607,18574700
2025-04-29,48.330002,49.48,48.150002,49.220001,46.354359,19932800
2025-04-30,50.189999,50.349998,49.150002,50.200001,47.277306,15951600
2025-05-01,49.57,50.18,48.689999,49.610001,46.721653,17163100
2025-05-02,50.110001,50.650002,49.68,50.57,47.625763,14167200
2025-05-05,50.470001,50.599998,49.34,50.060001,47.145458,12394600
2025-05-06,49.740002,49.799999,47.400002,47.57,44.800423,18517500
2025-05-07,47.779999,48.189999,47.279999,47.619999,44.847515,15921800
2025-05-08,47.0,47.400002,46.52,46.880001,44.150593,23404000
2025-05-09,46.900002,47.119999,46.32,46.450001,43.745636,14915400
2025-05-12,46.200001,48.419998,45.5,48.18,45.374908,25598900
2025-05-13,47.299999,47.630001,46.509998,46.59,43.877483,16888200
2025-05-14,46.709999,46.860001,44.0,44.119999,41.551285,21973700
2025-05-15,44.700001,45.849998,44.419998,45.810001,43.142895,27844400
2025-05-16,45.990002,46.799999,45.799999,46.75,44.028168,12116100
2025-05-19,46.599998,47.27,46.389999,47.220001,44.470806,10079100
2025-05-20,47.490002,48.259998,47.470001,47.869999,45.082958,12595000
2025-05-21,47.700001,47.880001,46.93,47.0,44.263607,11963200
2025-05-22,46.900002,47.27,46.470001,47.029999,44.291862,11036200
2025-05-23,46.93,47.16,46.490002,46.849998,44.122341,8401400
2025-05-27,47.23,47.360001,46.790001,46.889999,44.160015,12954500
2025-05-28,46.900002,47.200001,46.099998,46.970001,44.235359,12427700
2025-05-29,47.0,47.849998,46.889999,47.849998,45.064117,10490600
2025-05-30,47.869999,48.349998,47.299999,48.279999,45.469086,20759300
2025-06-02,48.5,48.869999,47.82,48.790001,45.949394,13505600
2025-06-03,48.490002,48.93,47.650002,48.09,45.29015,12432700
2025-06-04,48.169998,48.849998,47.950001,47.950001,45.158302,11203100
2025-06-05,48.049999,48.599998,47.73,47.84,45.054707,12786000
2025-06-06,48.099998,48.68,48.09,48.41,45.591518,9319900
2025-06-09,48.560001,49.369999,48.549999,49.0,46.147171,9863500
2025-06-10,49.209999,50.630001,49.119999,49.970001,47.060699,11365600
2025-06-11,50.049999,50.759998,49.860001,50.16,47.239635,11024600
2025-06-12,50.16,50.740002,49.950001,50.689999,47.738773,9620400
2025-06-13,50.240002,50.459999,49.650002,49.75,46.853504,9499400
2025-06-16,49.330002,49.439999,48.25,48.66,45.826962,14974400
2025-06-17,48.400002,48.560001,47.16,47.23,44.480221,12453800
2025-06-18,47.310001,47.369999,46.389999,46.84,44.112926,15864200
2025-06-20,46.919998,47.400002,46.720001,46.860001,44.131763,47287200
2025-06-23,46.889999,47.18,46.32,46.919998,44.188267,9508300
2025-06-24,47.080002,47.400002,46.709999,47.029999,44.291862,14585000
2025-06-25,47.0,47.0,46.470001,46.68,43.962242,9013100
2025-06-26,46.900002,47.07,46.470001,46.650002,43.933987,7325600
2025-06-27,46.830002,46.950001,46.18,46.349998,43.651451,21865000
2025-06-30,46.41,46.73,46.169998,46.290001,43.594952,17511800
2025-07-01,46.259998,48.259998,46.169998,47.509998,44.743916,21112400
2025-07-02,47.59,48.220001,47.360001,47.630001,44.85693,12299100
2025-07-03,47.209999,47.27,46.700001,46.919998,44.771049,7024100
2025-07-07,46.860001,46.919998,46.330002,46.490002,44.360748,10687100
2025-07-08,46.650002,47.82,46.48,47.040001,44.885559,9837200
2025-07-09,47.200001,47.779999,47.099998,47.66,45.477161,11949000
2025-07-10,47.450001,48.610001,46.98,48.52,46.297775,14727300
2025-07-11,47.75,47.799999,46.720001,46.860001,44.713802,13716400
2025-07-14,46.880001,47.970001,46.880001,47.34,45.171818,10867500
2025-07-15,47.150002,47.490002,46.18,46.43,44.303497,14878700
2025-07-16,46.77,47.419998,46.650002,47.169998,45.009602,13250500
2025-07-17,46.810001,48.360001,46.810001,48.060001,45.858841,16472000
2025-07-18,48.139999,48.240002,47.259998,47.360001,45.190903,10717000
2025-07-21,47.389999,47.389999,46.57,46.689999,44.55159,9999300
2025-07-22,46.91,48.139999,46.849998,48.02,45.820675,9605500
2025-07-23,48.860001,49.119999,48.360001,48.98,46.736706,10834300
2025-07-24,49.02,49.279999,48.709999,48.939999,46.698536,6860600
2025-07-25,49.080002,49.240002,47.290001,48.43,46.211899,11922000
2025-07-28,48.439999,48.459999,47.34,47.509998,45.33403,7445600
2025-07-29,47.169998,47.18,46.369999,46.860001,44.713802,11423400
2025-07-30,47.0,47.259998,45.810001,45.98,43.874104,14148800
2025-07-31,44.169998,45.509998,42.959999,43.310001,41.326397,44531300
2025-08-01,43.610001,44.459999,43.57,44.23,42.204254,18629500
2025-08-04,44.07,45.509998,43.880001,45.400002,43.320671,14662800
2025-08-05,45.619999,45.900002,45.049999,45.849998,43.750057,11936900
2025-08-06,45.709999,45.91,44.740002,44.82,42.767235,11324200
2025-08-07,44.98,45.950001,44.75,45.360001,43.282505,11841800
2025-08-08,45.419998,46.09,45.290001,45.950001,43.845486,9988000
2025-08-11,46.040001,46.369999,45.700001,45.93,43.826397,8664200
2025-08-12,46.09,46.799999,45.990002,46.549999,44.417999,10290800
2025-08-13,46.740002,47.869999,46.349998,47.849998,45.658455,10114400
2025-08-14,47.43,47.98,47.009998,47.810001,45.620293,9410200
2025-08-15,48.299999,48.630001,47.93,48.439999,46.221436,11208000
2025-08-18,48.389999,48.709999,48.080002,48.189999,45.982887,7866300
2025-08-19,48.400002,48.849998,48.169998,48.34,46.126019,9083800
2025-08-20,48.5,49.580002,48.240002,48.259998,46.049675,9803200
2025-08-21,48.259998,48.919998,48.07,48.43,46.211899,8782200
2025-08-22,48.84,49.110001,47.720001,47.919998,45.72525,11609100
2025-08-25,47.970001,48.150002,46.939999,47.139999,44.980976,10859700
2025-08-26,47.200001,47.400002,46.990002,47.209999,45.047771,12198300
2025-08-27,47.299999,47.84,47.189999,47.630001,45.448536,8562300
2025-08-28,47.630001,47.650002,46.650002,46.880001,44.732887,7872000
2025-08-29,46.990002,47.360001,46.82,47.18,45.019146,10687000
2025-09-02,47.299999,47.860001,47.040001,47.41,45.238609,9510300
2025-09-03,47.32,48.509998,47.299999,47.5,45.324493,8379900
2025-09-04,47.599998,47.689999,46.310001,46.689999,44.55159,10633100
2025-09-05,46.720001,47.169998,46.5,47.139999,44.980976,8227300
2025-09-08,46.650002,46.810001,45.849998,46.720001,44.580212,10005600
2025-09-09,46.740002,47.52,46.73,47.23,45.066856,7891000
2025-09-10,47.0,47.439999,46.779999,47.150002,44.990517,8513400
2025-09-11,47.380001,48.189999,47.220001,47.540001,45.362663,9875800
2025-09-12,47.419998,47.900002,46.189999,46.200001,44.084034,11896400
2025-09-15,46.32,46.73,46.0,46.349998,44.227154,9669100
2025-09-16,46.049999,46.84,46.040001,46.34,44.217617,9050600
2025-09-17,46.240002,46.799999,46.009998,46.150002,44.03632,14352600
2025-09-18,46.099998,46.32,45.52,45.599998,43.511505,18963900
2025-09-19,45.68,45.93,45.0,45.02,42.958076,28356200
2025-09-22,45.029999,45.540001,44.959999,44.98,42.919907,11546000
2025-09-23,44.919998,45.59,44.709999,44.91,42.853111,16358100
2025-09-24,44.75,44.860001,44.049999,44.16,42.137459,19374200
2025-09-25,44.18,44.459999,43.189999,43.41,41.42181,21345600
2025-09-26,43.959999,44.139999,43.25,44.119999,42.099293,14999600
2025-09-29,44.0,44.68,43.790001,44.150002,42.127922,20722400
2025-09-30,44.18,45.529999,44.119999,45.099998,43.034409,35920400
2025-10-01,46.0,48.580002,45.639999,47.43,45.257694,36615400
2025-10-02,47.09,47.41,45.66,45.73,43.635555,27612200
2025-10-03,45.200001,46.18,44.66,45.450001,43.964443,17894000
2025-10-06,45.349998,45.91,44.869999,45.139999,43.664577,19162500
2025-10-07,45.029999,45.169998,44.25,44.66,43.200264,13018100
2025-10-08,44.740002,44.900002,44.459999,44.540001,43.084187,10822900
2025-10-09,44.82,45.189999,44.529999,44.68,43.219612,13379400
2025-10-10,44.779999,44.779999,43.77,43.959999,42.523144,14024900
2025-10-13,43.68,44.23,43.290001,43.540001,42.116875,15509100
2025-10-14,43.43,43.900002,43.27,43.799999,42.368378,16805600
2025-10-15,43.779999,44.240002,43.400002,43.610001,42.184586,11941500
2025-10-16,43.73,43.93,43.220001,43.389999,41.971771,12922100
2025-10-17,43.279999,43.66,43.110001,43.630001,42.20393,13966200
2025-10-20,43.66,43.98,43.509998,43.59,42.165237,11511500
2025-10-21,43.599998,44.580002,43.34,44.540001,43.084187,16468500
2025-10-22,44.59,45.23,44.330002,44.389999,42.939091,14316500
2025-10-23,44.349998,44.349998,43.52,43.830002,42.397396,15379100
2025-10-24,43.93,43.939999,43.580002,43.830002,42.397396,10105900
2025-10-27,43.82,43.82,43.209999,43.389999,41.971771,21380700
2025-10-28,43.389999,43.389999,42.75,42.82,41.420403,17960600
2025-10-29,42.82,43.150002,42.52,42.599998,41.207596,16147100
2025-10-30,43.27,45.82,43.200001,45.619999,44.128887,41931600
2025-10-31,45.470001,46.5,45.200001,46.07,44.564175,21482900
2025-11-03,46.200001,46.66,45.509998,46.02,44.515812,20374700
2025-11-04,45.490002,46.599998,45.380001,45.59,44.099869,16316800
2025-11-05,45.549999,46.630001,45.43,46.470001,44.951103,11730700
2025-11-06,46.41,47.0,45.959999,46.630001,45.105873,11591200
2025-11-07,46.720001,46.990002,46.32,46.689999,45.163914,9007500
2025-11-10,46.669998,47.400002,46.669998,47.259998,45.715282,10739300
2025-11-11,47.48,48.740002,47.450001,48.720001,47.127563,14446000
2025-11-12,49.0,49.73,48.720001,49.080002,47.475796,12717200
2025-11-13,49.02,49.990002,48.48,48.630001,47.040508,14502600
2025-11-14,48.27,48.369999,46.119999,46.650002,45.125221,19779300
2025-11-17,46.52,47.73,46.52,46.810001,45.279995,12851600
2025-11-18,46.810001,47.639999,46.759998,47.060001,45.52182,14588800
2025-11-19,47.0,47.0,45.740002,45.790001,44.293331,14825000
2025-11-20,45.900002,46.200001,45.27,45.939999,44.438427,12137600
2025-11-21,46.169998,46.990002,45.52,46.25,44.738297,14183500
2025-11-24,48.189999,48.630001,47.580002,47.759998,46.19894,27383800
2025-11-25,48.209999,49.400002,48.099998,49.049999,47.446774,15000000
2025-11-26,49.02,49.5,48.799999,49.25,47.64024,11373500
2025-11-28,49.23,49.369999,49.009998,49.200001,47.591877,6187100
2025-12-01,49.23,49.860001,48.759998,49.18,47.572529,11772900
2025-12-02,48.950001,49.18,48.220001,48.25,46.67292,14475700
2025-12-03,49.939999,51.34,49.43,50.959999,49.294346,27120100
2025-12-04,50.799999,52.080002,50.23,51.950001,50.251987,20473100
2025-12-05,51.990002,52.509998,51.689999,52.150002,50.44545,15667700
2025-12-08,52.200001,52.41,51.66,51.669998,49.981136,15278700
2025-12-09,51.790001,52.009998,50.419998,50.650002,48.994476,12715400
2025-12-10,50.790001,51.610001,50.330002,51.209999,49.536171,12132400
2025-12-11,51.110001,51.48,50.439999,51.200001,49.526501,9684200
2025-12-12,52.27,52.990002,52.009998,52.41,50.696953,19046700
2025-12-15,53.5,54.799999,53.009998,54.290001,52.515503,21936600
2025-12-16,54.25,54.720001,53.400002,54.23,52.457462,18038400
2025-12-17,54.07,54.490002,53.5,53.549999,51.79969,14990500
2025-12-18,53.32,53.799999,53.09,53.330002,51.58688,17296500
2025-12-19,53.41,54.860001,53.290001,54.189999,52.41877,40404100
2025-12-22,54.139999,54.82,54.040001,54.66,52.873409,25146300
2025-12-23,54.66,54.779999,54.009998,54.279999,52.505829,16579400
2025-12-24,54.41,54.75,54.200001,54.709999,52.921776,10038100
2025-12-26,54.759998,55.040001,54.380001,54.639999,52.854065,9573000
2025-12-29,54.639999,54.73,54.0,54.110001,52.341385,9162800
2025-12-30,54.200001,54.349998,53.919998,54.209999,52.438118,7914000
2025-12-31,54.209999,54.349998,53.91,53.939999,52.176941,7866800
2026-01-02,53.209999,53.869999,52.939999,53.459999,52.323753,8865800
2026-01-05,53.0,53.360001,52.060001,53.060001,51.932259,14090600
2026-01-06,53.200001,54.82,53.150002,54.419998,53.263348,16769400
2026-01-07,55.240002,56.740002,55.23,56.720001,55.514469,18041600
2026-01-08,56.580002,56.970001,55.810001,55.900002,54.711899,12073500
2026-01-09,55.720001,56.330002,55.619999,55.860001,54.672749,9478900
2026-01-12,56.110001,56.59,55.509998,55.77,54.584656,13249600
2026-01-13,55.939999,56.560001,55.549999,55.919998,54.731468,10924200
2026-01-14,56.110001,57.040001,55.73,57.02,55.80809,13352600
2026-01-15,56.73,57.0,55.34,56.619999,55.416592,11845600
2026-01-16,56.459999,56.560001,55.099998,55.259998,54.085499,13702900
2026-01-20,54.52,54.91,53.880001,54.220001,53.067604,15350000
2026-01-21,54.099998,54.619999,53.549999,54.5,53.341652,15834800
2026-01-22,54.610001,55.529999,54.360001,54.939999,53.772297,12277500
2026-01-23,54.98,55.18,54.23,54.650002,53.488464,9701700
2026-01-26,54.549999,55.209999,54.48,54.599998,53.439526,8565600
2026-01-27,54.560001,56.119999,54.560001,55.560001,54.379124,11347000
2026-01-28,55.009998,55.470001,54.259998,54.619999,53.459099,7901700
2026-01-29,54.639999,55.169998,54.209999,54.279999,53.126328,16530100
2026-01-30,54.529999,55.07,54.330002,55.049999,53.879963,16199300
2026-02-02,55.060001,55.900002,54.959999,55.889999,54.702106,9424900
2026-02-03,55.549999,56.529999,55.490002,55.990002,54.799984,11081300
2026-02-04,56.57,57.970001,56.43,57.619999,56.395336,21793800
2026-02-05,58.91,60.560001,58.0,59.52,58.254955,23929600
2026-02-06,60.0,62.049999,59.77,61.990002,60.672459,17117600
2026-02-09,61.369999,61.630001,60.360001,60.77,59.478386,14013500
2026-02-10,60.939999,61.450001,59.950001,60.860001,59.566479,12082800
2026-02-11,60.599998,61.080002,59.66,59.93,58.656242,11867000
2026-02-12,60.0,60.93,59.25,59.860001,58.58773,14021500
2026-02-13,60.110001,60.950001,60.02,60.740002,59.449028,10819600
2026-02-17,60.849998,61.299999,59.48,60.349998,59.067314,12874400
2026-02-18,60.23,60.41,59.389999,59.73,58.460491,9436800
2026-02-19,59.849998,60.360001,59.23,60.299999,59.018375,13325200
2026-02-20,60.619999,60.93,59.650002,60.66,59.370728,9598800
2026-02-23,60.970001,61.439999,60.639999,61.25,59.948185,11029100
2026-02-24,61.110001,61.91,61.009998,61.599998,60.290745,13237900
2026-02-25,61.5,62.119999,60.91,61.299999,59.997124,16234100
2026-02-26,61.529999,61.599998,60.650002,61.099998,59.801373,10672100
2026-02-27,61.18,62.68,61.18,62.369999,61.04438,20742600
2026-03-02,62.369999,62.889999,61.98,62.34,61.015018,17627500
2026-03-03,61.57,61.950001,60.43,61.220001,59.918827,12425300
2026-03-04,61.700001,62.59,61.470001,62.330002,61.005234,12345000
2026-03-05,61.799999,62.0,60.259998,60.740002,59.449028,14758400
2026-03-06,60.43,60.43,59.450001,60.290001,59.008591,11401900
2026-03-09,59.919998,60.639999,59.25,60.630001,59.341366,10964600
2026-03-10,60.599998,60.959999,59.98,60.130001,58.851994,9693800
2026-03-11,60.0,60.029999,59.27,59.98,58.705177,9041100
2026-03-12,59.169998,59.380001,58.32,58.950001,57.697071,10235100
2026-03-13,59.669998,60.07,58.75,59.080002,57.82431,9395600
2026-03-16,59.490002,59.799999,58.869999,59.709999,58.440914,8436800
2026-03-17,60.130001,60.810001,59.59,59.709999,58.440914,14258000
2026-03-18,59.349998,59.669998,58.810001,59.369999,58.108143,12539000
2026-03-19,59.209999,59.639999,58.09,58.110001,56.874924,12850600
2026-03-20,58.259998,58.549999,56.91,57.48,56.258312,65847800
2026-03-23,58.220001,58.25,57.0,57.0,55.788517,10129900
2026-03-24,56.799999,57.689999,56.450001,57.389999,56.170227,11997700
2026-03-25,57.790001,59.389999,57.790001,58.939999,57.687279,9052200
2026-03-26,58.77,59.509998,58.639999,59.43,58.166866,6474500
2026-03-27,59.610001,59.689999,58.369999,58.540001,57.295788,7909300
2026-03-30,59.650002,60.060001,59.080002,59.73,58.460491,17705200
2026-03-31,60.200001,61.130001,59.919998,60.650002,59.360943,12797200
2026-04-01,61.209999,62.23,60.869999,61.73,60.417984,9881900
2026-04-02,60.23,60.580002,59.099998,59.599998,58.934727,14752800
2026-04-06,59.119999,59.630001,58.77,59.330002,58.667744,7954300
2026-04-07,59.119999,59.23,57.650002,57.669998,57.026268,9003100
2026-04-08,58.009998,59.23,57.669998,59.200001,58.539192,11587600
2026-04-09,58.700001,59.689999,58.540001,59.470001,58.806179,6572100
2026-04-10,59.790001,59.799999,58.459999,58.619999,57.965668,8060100
2026-04-13,58.110001,58.900002,57.549999,58.060001,57.411919,10529200
2026-04-14,57.900002,58.619999,57.560001,58.080002,57.431698,7612900
2026-04-15,58.0,58.16,57.220001,57.889999,57.243816,8701600
2026-04-16,57.669998,58.98,57.66,58.959999,58.301872,8220700
2026-04-17,59.200001,60.48,58.540001,60.169998,59.498363,11535900
2026-04-20,60.0,60.119999,58.91,59.130001,58.469975,7677800
2026-04-21,59.150002,59.73,57.790001,59.389999,58.72707,9002400
2026-04-22,59.400002,59.700001,58.68,58.799999,58.143658,7499800
2026-04-23,58.84,59.25,58.639999,59.02,58.361202,6512700
2026-04-24,58.860001,59.209999,58.349998,58.709999,58.054661,6822800
2026-04-27,58.209999,59.130001,57.709999,57.779999,57.135044,10700300
2026-04-28,58.580002,58.73,57.91,58.259998,57.609684,6270800
2026-04-29,57.650002,58.380001,57.279999,57.59,56.947163,9462800
2026-04-30,57.689999,60.779999,57.389999,60.59,59.913677,24880100
2026-05-01,60.02,60.09,58.029999,58.220001,57.570133,18368500
2026-05-04,57.650002,58.0,56.93,57.380001,56.73951,9447400
2026-05-05,57.0,57.48,56.73,56.950001,56.314308,11316700
2026-05-06,57.23,57.400002,56.360001,56.59,55.958328,10439400
2026-05-07,56.439999,56.900002,55.57,56.25,55.62212,10419800
2026-05-08,56.330002,56.540001,55.779999,56.16,55.533127,10033000
2026-05-11,56.18,56.490002,55.41,55.669998,55.048595,8390900
2026-05-12,56.009998,57.02,55.450001,56.450001,55.819889,9274000
2026-05-13,55.900002,56.830002,55.849998,56.389999,55.760559,7997500
2026-05-14,56.689999,57.049999,56.099998,56.77,56.136318,7687000
2026-05-15,56.639999,57.110001,56.139999,57.0,56.36375,10824000
2026-05-18,57.450001,58.5,57.080002,57.310001,56.670292,11659300
2026-05-19,57.32,58.639999,57.080002,58.310001,57.65913,7998900
2026-05-20,58.669998,59.209999,58.110001,58.540001,57.886562,8547200
2026-05-21,58.23,59.610001,57.830002,59.549999,58.885284,8451100
2026-05-22,59.970001,60.25,59.25,59.459999,58.796291,6489200
2026-05-26,59.619999,59.779999,58.029999,58.029999,57.382252,8159500
2026-05-27,58.029999,58.799999,57.130001,57.52,56.877945,9347600
2026-05-28,57.599998,57.689999,56.259998,56.91,56.274754,12074800
2026-05-29,57.0,57.330002,56.540001,57.18,56.54174,27566000
2026-06-01,57.400002,57.450001,54.709999,54.950001,54.336632,20579800
2026-06-02,54.779999,55.59,54.200001,54.459999,53.8521,13739900
2026-06-03,54.560001,55.09,54.310001,54.720001,54.1092,11540700
2026-06-04,55.75,56.779999,55.549999,56.599998,55.968212,12659100
2026-06-05,57.029999,57.82,56.790001,57.27,56.630737,9575900
2026-06-08,57.16,57.419998,55.529999,55.57,54.949711,12344700
2026-06-09,56.029999,56.529999,55.259998,56.48,55.849552,11952700
2026-06-10,56.639999,56.700001,55.599998,55.599998,54.979374,8146800
2026-06-11,55.939999,57.41,55.740002,56.900002,56.264866,8900700
2026-06-12,57.450001,57.599998,56.77,57.130001,56.492298,7840600
2026-06-15,56.950001,57.240002,56.009998,56.240002,55.612236,13561200
2026-06-16,56.41,56.619999,55.450001,55.919998,55.295803,11945700
2026-06-17,55.799999,56.209999,55.009998,55.279999,54.662949,8968600
2026-06-18,55.200001,55.330002,53.439999,54.0,53.397236,31700400
2026-06-22,54.200001,54.73,54.0,54.700001,54.089424,15961400
2026-06-23,55.389999,55.939999,54.959999,55.529999,54.910156,13251000
2026-06-24,56.0,56.59,54.779999,55.0,54.386074,18905800
2026-06-25,55.369999,56.189999,55.02,55.389999,54.771721,15973800
2026-06-26,55.400002,57.740002,55.400002,57.52,56.877945,24000900
2026-06-29,57.610001,58.580002,57.169998,58.560001,57.906338,11770900
2026-06-30,58.689999,58.880001,57.27,57.619999,56.97683,11346300
2026-07-01,57.619999,57.700001,56.299999,56.439999,55.810001,11201800
2026-07-02,56.650002,58.139999,56.41,58.130001,58.130001,10001900
2026-07-06,57.740002,58.110001,56.490002,56.700001,56.700001,9313000
2026-07-07,57.790001,58.490002,57.450001,57.970001,57.970001,10048400
2026-07-08,57.889999,58.189999,57.34,57.540001,57.540001,8004500
2026-07-09,57.439999,58.0,57.139999,57.939999,57.939999,7628500
2026-07-10,57.790001,57.939999,56.939999,57.580002,57.580002,11203500
2026-07-13,57.900002,59.439999,57.540001,59.34,59.34,12089300
2026-07-14,59.0,59.139999,56.779999,56.950001,56.950001,14056000
2026-07-15,57.049999,59.189999,57.040001,58.720001,58.720001,12485300
2026-07-16,58.790001,60.560001,58.57,60.509998,60.509998,10166800
2026-07-17,60.869999,62.290001,60.470001,60.740002,60.740002,12261500
2026-07-20,60.759998,61.349998,60.029999,60.16,60.16,10183900
2026-07-21,60.080002,61.02,59.799999,60.93,60.93,7744400
2026-07-22,61.400002,61.700001,60.560001,60.759998,60.759998,6796800
2026-07-23,60.740002,62.049999,60.450001,61.509998,61.509998,7621800
2026-07-24,61.939999,62.82,61.599998,62.09,62.09,12071700
2026-07-27,62.400002,63.439999,62.220001,62.560001,62.560001,10317000
2026-07-28,63.650002,64.970001,63.200001,63.599998,63.599998,15141700
2026-07-29,63.869999,63.91,63.099998,63.099998,63.099998,10606600
2026-07-30,62.689999,65.559998,62.23,64.860001,64.860001,18031400
2026-07-31,65.0,65.660004,63.529999,65.309998,65.309998,14580300
2026-08-03,66.120003,68.099998,64.139999,65.470001,65.470001,32970900
2026-08-04,64.889999,66.309998,63.869999,65.889999,65.889999,23292800
2026-08-05,64.809998,65.410004,63.259998,63.630001,63.630001,14117100
2026-08-06,64.900002,64.940002,63.200001,64.150002,64.150002,9553600
2026-08-07,64.239998,64.730003,63.790001,64.720001,64.720001,7212900
2026-08-10,64.330002,65.25,64.120003,64.839996,64.839996,9753300
2026-08-11,64.559998,65.019997,63.540001,63.610001,63.610001,9366700
2026-08-12,63.490002,64.0,63.0,63.700001,63.700001,7509600
2026-08-13,64.050003,65.019997,63.91,64.650002,64.650002,10526100
2026-08-14,64.129997,64.330002,63.349998,63.830002,63.830002,7529800
2026-08-17,63.599998,64.739998,63.360001,64.629997,64.629997,7288800
2026-08-18,65.300003,66.379997,65.0,66.050003,66.050003,9413800
2026-08-19,66.800003,68.639999,66.610001,67.610001,67.610001,13889200
2026-08-20,67.230003,67.540001,65.449997,65.470001,65.470001,9489600
2026-08-21,65.790001,67.550003,65.129997,67.010002,67.010002,6841300
2026-08-24,67.410004,67.410004,66.449997,67.279999,67.279999,6812100
2026-08-25,66.419998,68.050003,66.419998,67.919998,67.919998,7911500
2026-08-26,67.739998,68.0,67.32,67.57,67.57,7511200
2026-08-27,66.589996,67.470001,66.199997,66.949997,66.949997,4667100
2026-08-28,66.769997,66.839996,66.190002,66.580002,66.580002,5542900
