date,open,high,low,close,adj_close,volume
2005-01-03,490.0,490.0,482.0,482.700012,294.847565,1474660
2005-01-04,482.799988,487.700012,477.0,478.600006,292.343262,1584770
2005-01-05,480.5,487.799988,480.200012,484.600006,296.008331,1893350
2005-01-06,488.0,492.399994,487.399994,489.299988,298.879089,1804990
2005-01-07,491.0,491.100006,486.0,486.5,297.168854,1280370
2005-01-10,485.100006,487.399994,480.200012,483.399994,295.275299,1699870
2005-01-11,483.299988,484.799988,480.200012,482.200012,294.542206,1295270
2005-01-12,481.0,481.899994,477.100006,480.700012,293.626068,1612300
2005-01-13,480.0,482.799988,474.5,476.0,290.755005,1543380
2005-01-14,477.5,478.5,474.600006,475.100006,290.205261,1141110
2005-01-18,474.0,483.200012,472.5,481.700012,294.236847,1511480
2005-01-19,481.0,484.399994,480.100006,480.399994,293.44281,1276380
2005-01-20,475.0,480.5,474.5,477.700012,291.793457,1731840
2005-01-21,485.0,485.0,478.5,479.299988,292.770905,1937040
2005-01-24,482.799988,487.700012,481.600006,483.600006,295.397369,1598150
2005-01-25,485.5,487.5,483.600006,485.100006,296.31366,1269150
2005-01-26,485.200012,486.799988,481.299988,484.799988,296.13031,1487690
2005-01-27,484.899994,487.700012,481.0,485.600006,296.61908,1236940
2005-01-28,485.0,486.100006,482.100006,483.799988,295.51947,1682050
2005-01-31,490.0,493.0,489.200012,490.5,299.612122,1914920
2005-02-01,493.0,496.0,491.200012,494.799988,302.238586,1874180
2005-02-02,495.299988,497.5,492.5,496.799988,303.460419,1608430
2005-02-03,492.399994,493.5,487.5,491.5,302.905609,1509990
2005-02-04,491.5,497.899994,491.399994,497.799988,306.788269,1404570
2005-02-07,497.600006,499.899994,495.399994,497.299988,306.480011,946390
2005-02-08,498.0,498.899994,494.200012,494.799988,304.939301,1098460
2005-02-09,494.799988,496.399994,490.600006,491.799988,303.090576,1060350
2005-02-10,495.0,495.0,489.5,489.799988,301.858032,1373160
2005-02-11,490.0,495.899994,488.5,494.0,304.446442,999570
2005-02-14,494.100006,494.600006,491.0,492.5,303.521912,960370
2005-02-15,493.799988,495.299988,492.299988,494.0,304.446442,950090
2005-02-16,491.200012,493.5,490.5,491.799988,303.090576,822810
2005-02-17,491.899994,492.600006,487.200012,488.0,300.748627,1412470
2005-02-18,485.5,487.700012,483.600006,485.700012,299.331207,1649340
2005-02-22,483.0,486.5,479.0,479.5,295.510254,1741190
2005-02-23,483.299988,485.0,479.700012,483.799988,298.160217,1658700
2005-02-24,484.299988,485.600006,481.700012,483.0,297.667267,1278590
2005-02-25,480.5,484.100006,479.600006,482.799988,297.543945,1583600
2005-02-28,482.5,482.600006,476.0,477.200012,294.092743,2069780
2005-03-01,479.299988,481.799988,476.799988,478.799988,295.078735,1242590
2005-03-02,476.5,484.100006,476.200012,481.299988,296.619537,1137510
2005-03-03,483.799988,483.899994,477.399994,479.700012,295.633484,1172930
2005-03-04,481.799988,486.799988,480.200012,484.0,298.283569,1255040
2005-03-07,485.399994,486.5,483.399994,484.700012,298.714996,789950
2005-03-08,484.700012,486.799988,482.100006,484.700012,298.714996,1192540
2005-03-09,481.5,483.399994,477.0,478.799988,295.078735,1305980
2005-03-10,478.899994,483.200012,478.700012,481.5,296.742828,1196920
2005-03-11,481.5,482.5,474.700012,477.899994,294.524139,1198730
2005-03-14,477.899994,482.5,477.5,482.200012,297.174194,994270
2005-03-15,484.0,484.5,477.799988,478.0,294.585724,1065750
2005-03-16,475.0,476.899994,473.0,473.700012,291.93576,1142100
2005-03-17,474.100006,475.0,470.0,472.399994,291.134552,958600
2005-03-18,471.200012,472.600006,460.5,468.5,288.730988,3735780
2005-03-21,464.700012,464.700012,455.5,457.600006,282.01355,2447300
2005-03-22,459.0,460.100006,443.899994,444.399994,273.878357,4488250
2005-03-23,443.0,448.5,440.5,444.5,273.940155,3678710
2005-03-24,446.5,451.0,445.200012,445.200012,274.371582,1817030
2005-03-28,448.5,451.700012,447.700012,447.700012,275.912231,1225670
2005-03-29,446.600006,449.100006,442.600006,443.5,273.323822,1714690
2005-03-30,444.5,450.0,443.899994,449.200012,276.836731,1335160
2005-03-31,450.0,452.0,447.899994,449.399994,276.960052,1426130
2005-04-01,455.0,457.0,444.0,446.200012,274.987793,1722130
2005-04-04,446.299988,447.600006,438.0,445.899994,274.802917,1935820
2005-04-05,448.200012,450.5,445.299988,449.399994,276.960052,1263880
2005-04-06,452.0,453.299988,445.700012,451.5,278.254211,1159850
2005-04-07,453.0,457.5,452.0,454.600006,280.164612,1283620
2005-04-08,457.100006,457.799988,453.5,454.0,279.794922,964340
2005-04-11,456.700012,459.0,455.0,456.100006,281.089111,1131870
2005-04-12,456.100006,466.100006,453.399994,464.5,286.265869,1501380
2005-04-13,465.0,465.899994,456.899994,458.100006,282.321625,1383860
2005-04-14,459.0,459.700012,451.799988,454.0,279.794922,1577040
2005-04-15,460.5,463.700012,456.5,457.5,281.951935,2694460
2005-04-18,460.0,464.100006,459.799988,462.100006,284.786835,1854920
2005-04-19,465.5,468.100006,463.5,463.5,285.649628,1482910
2005-04-20,462.0,466.200012,458.899994,461.299988,284.293793,1910910
2005-04-21,463.5,464.5,456.600006,462.700012,285.156555,1755630
2005-04-22,461.5,467.0,457.600006,463.200012,285.464691,1253660
2005-04-25,464.5,470.0,464.0,467.799988,288.299683,1221530
2005-04-26,468.0,471.399994,465.899994,466.200012,287.313568,1263250
2005-04-27,465.0,471.5,464.100006,470.5,289.963593,1217560
2005-04-28,465.100006,467.399994,461.299988,461.899994,287.35083,1583070
2005-04-29,462.399994,469.799988,457.5,469.600006,292.141022,1710480
2005-05-02,469.600006,472.200012,461.5,465.299988,289.466064,1518330
2005-05-03,466.799988,468.700012,463.200012,468.0,291.14563,1445900
2005-05-04,468.0,471.899994,465.5,469.700012,292.203308,1371310
2005-05-05,470.0,471.899994,464.5,468.799988,291.64328,987170
2005-05-06,468.899994,469.5,465.200012,465.899994,289.839172,1130950
2005-05-09,465.700012,469.600006,465.600006,468.5,291.456665,851870
2005-05-10,465.0,466.0,461.799988,463.799988,288.532684,1230780
2005-05-11,464.5,468.899994,462.700012,467.0,290.523468,1041960
2005-05-12,469.0,470.0,462.100006,464.100006,288.719391,992430
2005-05-13,467.0,467.0,457.600006,459.100006,285.608887,1345470
2005-05-16,459.799988,468.899994,459.799988,468.0,291.14563,1269910
2005-05-17,465.700012,472.399994,465.600006,471.600006,293.385193,1350890
2005-05-18,473.799988,481.399994,473.0,477.399994,296.993317,1525350
2005-05-19,479.200012,480.0,475.799988,478.399994,297.615601,896290
2005-05-20,478.5,478.600006,473.600006,478.0,297.366547,1096930
2005-05-23,475.5,479.700012,475.5,476.0,296.122498,1093490
2005-05-24,474.0,477.899994,474.0,477.100006,296.806824,917060
2005-05-25,475.399994,476.5,472.600006,474.5,295.189301,985120
2005-05-26,474.5,477.399994,472.700012,473.799988,294.753784,1233420
2005-05-27,473.0,474.399994,470.5,472.799988,294.131622,1139760
2005-05-31,472.899994,474.0,470.200012,471.100006,293.074127,1007370
2005-06-01,471.200012,481.0,471.100006,477.200012,296.86908,1472430
2005-06-02,476.5,477.799988,474.5,477.100006,296.806824,802100
2005-06-03,477.100006,478.5,474.5,475.600006,295.873688,964160
2005-06-06,475.600006,477.0,473.100006,476.899994,296.682343,601590
2005-06-07,477.399994,481.0,476.299988,476.600006,296.495819,1146510
2005-06-08,478.0,479.799988,477.0,477.5,297.055695,797620
2005-06-09,477.700012,479.0,474.0,476.799988,296.620148,717610
2005-06-10,478.0,479.799988,473.700012,476.399994,296.371338,857030
2005-06-13,475.0,478.399994,474.200012,476.0,296.122498,835020
2005-06-14,475.200012,476.700012,473.799988,474.100006,294.940552,795980
2005-06-15,476.0,476.5,471.200012,474.0,294.878235,1153990
2005-06-16,475.799988,476.600006,470.700012,475.399994,295.74942,1024960
2005-06-17,477.0,477.0,473.399994,474.600006,295.251526,2035640
2005-06-20,472.5,475.0,471.5,473.700012,294.691528,1124660
2005-06-21,472.299988,474.0,472.0,473.200012,294.380585,962600
2005-06-22,474.5,475.399994,471.5,474.399994,295.127075,1039120
2005-06-23,472.600006,474.0,467.899994,468.799988,291.64328,1235570
2005-06-24,469.100006,472.100006,468.200012,469.5,292.078827,1208010
2005-06-27,467.600006,471.299988,466.5,467.700012,290.959106,1167620
2005-06-28,470.100006,471.700012,469.200012,470.200012,292.514313,867980
2005-06-29,471.5,471.700012,466.799988,467.799988,291.021149,1071150
2005-06-30,468.0,469.600006,462.0,462.299988,287.59964,1650360
2005-07-01,465.0,466.399994,460.700012,461.600006,287.164154,864630
2005-07-05,461.0,465.799988,460.100006,464.600006,289.030518,928810
2005-07-06,466.5,468.100006,462.5,463.0,288.035034,1462170
2005-07-07,460.0,462.899994,457.899994,462.700012,287.848419,1581470
2005-07-08,462.700012,467.200012,461.700012,465.100006,289.341553,1238750
2005-07-11,465.100006,466.200012,460.5,461.100006,286.85318,1454440
2005-07-12,462.0,462.299988,458.899994,460.0,286.168762,1433620
2005-07-13,461.0,461.799988,455.899994,457.399994,284.5513,1842950
2005-07-14,458.700012,466.0,457.399994,465.0,289.279175,1755850
2005-07-15,463.0,464.5,460.399994,464.200012,288.781647,1358390
2005-07-18,457.0,458.0,449.0,450.0,279.947693,3424230
2005-07-19,451.0,451.399994,442.600006,444.0,276.215118,3819170
2005-07-20,446.5,446.600006,441.299988,442.100006,275.033081,2751580
2005-07-21,443.0,444.200012,441.0,441.5,274.659851,1982860
2005-07-22,443.0,444.5,441.899994,444.200012,276.339539,2187790
2005-07-25,445.5,447.5,444.200012,445.299988,277.023773,1517400
2005-07-26,445.5,447.899994,445.100006,446.0,277.459351,1373300
2005-07-27,445.0,447.0,441.600006,443.899994,276.152954,1840920
2005-07-28,442.5,442.5,438.100006,438.600006,275.587402,2403110
2005-07-29,437.899994,439.0,435.0,435.0,273.325409,1901000
2005-08-01,436.0,439.100006,435.399994,437.0,274.582123,1752410
2005-08-02,439.5,441.0,437.899994,440.700012,276.906952,1641310
2005-08-03,439.5,440.600006,437.5,440.5,276.781036,1616920
2005-08-04,439.200012,439.700012,437.0,439.200012,275.964355,1619360
2005-08-05,437.5,439.299988,435.0,436.299988,274.142181,1464510
2005-08-08,435.5,437.299988,432.899994,433.0,272.068634,1441260
2005-08-09,433.100006,437.399994,433.100006,436.0,273.953674,1303060
2005-08-10,436.0,440.5,432.100006,433.0,272.068634,1784210
2005-08-11,433.0,436.100006,430.200012,435.100006,273.388214,1598650
2005-08-12,433.5,437.700012,432.799988,436.200012,274.079407,1125150
2005-08-15,436.5,441.5,435.200012,437.899994,275.147583,1483350
2005-08-16,437.899994,444.299988,437.899994,441.399994,277.34671,1777760
2005-08-17,441.0,444.100006,439.200012,441.0,277.095367,1072160
2005-08-18,441.100006,444.299988,439.0,442.100006,277.78653,1330620
2005-08-19,443.799988,444.0,440.799988,441.600006,277.472443,981250
2005-08-22,442.799988,444.0,439.299988,442.0,277.723602,955110
2005-08-23,442.100006,442.100006,433.799988,435.600006,273.702271,1807200
2005-08-24,429.5,436.5,429.5,430.5,270.497925,2080560
2005-08-25,431.700012,435.0,430.600006,432.700012,271.880127,1436200
2005-08-26,436.399994,436.5,430.799988,431.0,270.812042,1710970
2005-08-29,430.0,437.100006,429.100006,435.399994,273.57666,1598930
2005-08-30,434.0,434.200012,430.399994,432.600006,271.817413,1645590
2005-08-31,432.600006,437.799988,430.200012,437.700012,275.02182,1544270
2005-09-01,436.0,440.399994,433.799988,437.100006,274.644897,1643560
2005-09-02,439.299988,441.299988,438.299988,438.799988,275.712982,1082310
2005-09-06,440.0,444.299988,440.0,443.0,278.352051,1613060
2005-09-07,443.0,444.600006,440.799988,444.600006,279.35733,1209780
2005-09-08,441.0,445.700012,441.0,444.399994,279.23172,1256090
2005-09-09,444.0,449.0,443.600006,446.100006,280.299835,1307670
2005-09-12,452.100006,452.5,449.5,450.100006,282.813202,1715430
2005-09-13,448.200012,452.200012,447.5,451.0,283.378693,1714100
2005-09-14,451.0,452.299988,449.299988,449.799988,282.624817,1255300
2005-09-15,450.0,451.200012,449.0,450.299988,282.938934,1064670
2005-09-16,451.200012,454.5,450.5,454.5,285.577881,2423410
2005-09-19,452.799988,454.200012,451.799988,453.600006,285.01236,1209560
2005-09-20,453.100006,458.700012,450.399994,451.5,283.692902,1773440
2005-09-21,450.0,453.299988,448.200012,448.200012,281.619476,1382440
2005-09-22,448.299988,454.799988,446.0,451.799988,283.881378,1224380
2005-09-23,451.5,455.0,450.5,452.399994,284.258301,1070500
2005-09-26,454.0,454.899994,450.299988,450.899994,283.315857,1128120
2005-09-27,452.5,455.0,449.200012,450.899994,283.315857,1075120
2005-09-28,453.0,454.399994,449.200012,451.799988,283.881378,1254250
2005-09-29,451.0,457.899994,450.5,456.399994,286.771698,1399840
2005-09-30,458.100006,458.100006,453.200012,455.200012,286.017731,1206010
2005-10-03,457.399994,458.200012,453.700012,455.100006,285.954926,1185770
2005-10-04,455.799988,460.399994,452.200012,453.399994,284.886688,1587600
2005-10-05,453.899994,458.0,452.200012,452.700012,284.446869,1491020
2005-10-06,453.5,456.899994,450.799988,454.299988,285.452209,1293630
2005-10-07,457.5,457.5,452.5,454.100006,285.326599,1096390
2005-10-10,453.600006,456.299988,451.700012,452.299988,284.195557,1074370
2005-10-11,451.5,454.200012,446.700012,448.0,281.493713,1670390
2005-10-12,444.5,450.700012,444.399994,446.0,280.236938,1642360
2005-10-13,443.0,448.0,442.899994,447.200012,280.991089,1396330
2005-10-14,450.0,450.5,446.0,450.399994,283.001526,1313960
2005-10-17,453.5,455.799988,445.399994,448.100006,281.556549,1463610
2005-10-18,447.0,449.299988,444.600006,444.600006,279.35733,1226780
2005-10-19,445.299988,449.299988,440.0,448.899994,282.059174,2541010
2005-10-20,447.5,450.700012,441.0,443.399994,278.603363,1658620
2005-10-21,443.399994,445.700012,441.700012,443.100006,278.414917,1759570
2005-10-24,445.700012,451.399994,444.700012,450.5,283.064545,1406920
2005-10-25,451.700012,452.200012,447.200012,451.700012,283.818604,1253310
2005-10-26,450.5,459.5,450.399994,456.5,286.834473,1753740
2005-10-27,455.5,459.5,453.899994,454.100006,285.326599,1316450
2005-10-28,455.5,459.799988,454.200012,459.0,288.405457,1509170
2005-10-31,460.0,462.5,457.799988,457.799988,287.651306,2357360
2005-11-01,459.5,459.600006,453.200012,454.0,285.263672,1992670
2005-11-02,454.0,456.399994,453.299988,455.5,286.206116,2091680
2005-11-03,454.799988,455.399994,452.100006,454.5,288.363403,1607390
2005-11-04,456.799988,458.799988,453.399994,456.0,289.315125,1334290
2005-11-07,458.0,464.600006,457.5,464.299988,294.581116,2281860
2005-11-08,462.5,467.0,461.899994,466.0,295.659607,1652840
2005-11-09,466.5,469.5,465.0,468.200012,297.055481,1311630
2005-11-10,468.200012,477.899994,467.899994,477.299988,302.829193,2351960
2005-11-11,477.700012,480.700012,475.899994,480.0,304.542236,1325430
2005-11-14,479.600006,483.200012,477.0,482.399994,306.06488,1339400
2005-11-15,480.5,481.899994,475.0,476.600006,302.384949,1495640
2005-11-16,478.700012,479.0,471.600006,476.899994,302.575378,1513050
2005-11-17,474.399994,479.899994,473.299988,479.399994,304.161438,1504930
2005-11-18,480.0,484.700012,480.0,484.100006,307.143433,1589980
2005-11-21,483.100006,485.799988,481.5,485.100006,307.777832,1501610
2005-11-22,485.0,490.200012,480.299988,489.200012,310.379181,1482740
2005-11-23,487.899994,494.899994,487.5,493.399994,313.044067,1294610
2005-11-25,493.200012,497.600006,493.200012,495.200012,314.185944,830370
2005-11-28,494.899994,496.0,491.299988,493.0,312.790192,1522890
2005-11-29,492.899994,493.899994,487.0,490.899994,311.457794,1543070
2005-11-30,491.799988,492.5,485.299988,485.5,308.031708,1758220
2005-12-01,489.600006,492.399994,486.700012,488.5,309.93512,1849850
2005-12-02,487.600006,489.299988,485.899994,487.700012,309.427582,1254390
2005-12-05,485.700012,490.600006,484.700012,488.5,309.93512,1410530
2005-12-06,489.5,493.600006,488.0,488.899994,310.188904,1430000
2005-12-07,487.600006,489.0,483.0,487.0,308.983337,1372440
2005-12-08,486.5,489.899994,482.5,485.0,307.7146,1086600
2005-12-09,485.0,492.5,483.299988,489.100006,310.315826,1220030
2005-12-12,490.0,491.0,484.299988,486.799988,308.856506,1022760
2005-12-13,485.399994,497.0,485.399994,494.399994,313.678558,2066900
2005-12-14,495.0,496.899994,490.399994,496.399994,314.947479,1767620
2005-12-15,496.200012,496.899994,490.600006,491.0,311.52121,1459710
2005-12-16,493.799988,495.100006,492.5,493.700012,313.234314,2795250
2005-12-19,492.5,496.799988,490.100006,491.700012,311.965546,1180830
2005-12-20,490.600006,495.200012,490.600006,492.100006,312.219177,874230
2005-12-21,494.600006,497.299988,491.200012,492.700012,312.599854,1475210
2005-12-22,492.5,493.899994,491.0,491.899994,312.092377,1029650
2005-12-23,492.399994,493.0,489.5,492.399994,312.409485,625380
2005-12-27,494.200012,494.399994,486.299988,486.5,308.666168,1012480
2005-12-28,487.700012,489.0,484.299988,484.700012,307.5242,922010
2005-12-29,485.799988,489.799988,483.700012,485.799988,308.221924,922280
2005-12-30,483.5,487.100006,482.200012,485.299988,307.904877,1058900
2006-01-03,490.0,493.799988,481.100006,492.899994,312.726746,1537600
2006-01-04,488.600006,491.0,483.5,483.799988,306.953247,1870960
2006-01-05,484.399994,487.799988,484.0,486.200012,308.4758,1143160
2006-01-06,488.799988,489.0,482.0,486.200012,308.4758,1370210
2006-01-09,486.0,487.399994,483.0,483.899994,307.016541,1680740
2006-01-10,483.0,485.5,480.799988,485.399994,307.968353,1365890
2006-01-11,495.799988,495.799988,485.799988,489.799988,310.759827,1684340
2006-01-12,491.0,491.0,488.799988,490.299988,311.077148,1230010
2006-01-13,491.0,491.899994,487.299988,489.200012,310.379181,940880
2006-01-17,485.100006,487.0,482.700012,484.299988,307.270447,1237740
2006-01-18,484.299988,486.700012,481.100006,483.600006,306.826294,1215070
2006-01-19,485.600006,485.799988,477.0,479.399994,304.161438,1696500
2006-01-20,472.100006,474.0,456.299988,456.899994,289.886078,4777680
2006-01-23,460.0,463.799988,457.0,460.0,291.852814,2024410
2006-01-24,462.899994,463.600006,459.899994,460.100006,291.916412,2083740
2006-01-25,461.399994,463.700012,460.100006,462.299988,293.312103,1591940
2006-01-26,465.5,475.5,464.5,470.100006,298.260986,1988560
2006-01-27,470.100006,473.700012,466.0,468.700012,297.372803,1412760
2006-01-30,468.700012,469.899994,466.600006,468.200012,297.055481,1057630
2006-01-31,468.299988,470.5,465.5,465.799988,295.532715,1887080
2006-02-01,465.899994,467.200012,461.100006,463.299988,293.946533,1845250
2006-02-02,459.0,461.0,451.0,451.799988,289.714447,2325420
2006-02-03,450.700012,456.100006,448.100006,450.600006,288.944824,1663510
2006-02-06,452.600006,453.200012,450.899994,451.700012,289.650482,1147420
2006-02-07,450.899994,453.799988,450.0,450.5,288.880798,1207470
2006-02-08,453.299988,455.299988,450.700012,453.600006,290.868652,1051350
2006-02-09,455.0,461.0,454.299988,457.899994,293.626099,1357740
2006-02-10,457.0,460.700012,452.5,459.600006,294.716125,1272030
2006-02-13,460.600006,462.299988,454.100006,456.799988,292.920715,1158300
2006-02-14,457.799988,462.5,457.100006,461.200012,295.74231,1518040
2006-02-15,460.399994,464.700012,457.600006,462.5,296.575745,1700050
2006-02-16,463.0,464.399994,460.399994,464.399994,297.79422,1325990
2006-02-17,465.0,465.700012,461.299988,462.399994,296.511566,1313850
2006-02-21,462.0,463.700012,459.700012,461.700012,296.062683,1395640
2006-02-22,463.799988,469.799988,462.399994,468.799988,300.61554,1515530
2006-02-23,468.799988,471.200012,466.0,468.0,300.1026,1257540
2006-02-24,467.299988,470.899994,467.299988,468.5,300.423279,1254600
2006-02-27,470.0,471.299988,467.100006,467.799988,299.974274,1011450
2006-02-28,465.799988,469.399994,463.100006,463.700012,297.345276,1656790
2006-03-01,463.899994,466.5,462.100006,465.299988,298.371277,1006530
2006-03-02,462.700012,464.0,458.799988,460.5,295.293304,1280670
2006-03-03,460.0,463.399994,458.0,459.200012,294.459747,1398560
2006-03-06,459.200012,464.799988,458.299988,460.899994,295.549744,1214820
2006-03-07,458.5,464.399994,458.0,464.0,297.537689,1560380
2006-03-08,463.5,468.100006,463.100006,466.799988,299.333069,1138820
2006-03-09,466.799988,469.799988,464.600006,464.899994,298.114716,1335380
2006-03-10,466.0,471.899994,465.799988,469.899994,301.321014,1356280
2006-03-13,469.899994,471.899994,466.299988,468.399994,300.359222,1044280
2006-03-14,469.399994,472.700012,468.899994,471.799988,302.539368,1310920
2006-03-15,471.299988,472.0,468.799988,470.100006,301.449188,1151760
2006-03-16,471.700012,476.5,471.299988,473.200012,303.437103,1753160
2006-03-17,475.200012,475.200012,472.5,474.100006,304.01413,2092900
2006-03-20,474.5,477.100006,473.0,474.0,303.950043,1051010
2006-03-21,473.0,474.799988,471.100006,472.200012,302.795959,1606880
2006-03-22,469.0,478.0,469.0,476.700012,305.681396,1377320
2006-03-23,475.799988,479.799988,474.700012,477.700012,306.322754,1379500
2006-03-24,477.5,480.0,475.5,478.100006,306.579163,868420
2006-03-27,476.299988,478.200012,474.899994,476.399994,305.488953,1227550
2006-03-28,475.200012,480.100006,474.399994,476.0,305.232635,1753870
2006-03-29,476.100006,479.100006,474.0,476.299988,305.425018,1423120
2006-03-30,475.200012,476.799988,472.700012,472.799988,303.180511,1443260
2006-03-31,473.5,475.600006,472.100006,472.299988,302.859985,1293990
2006-04-03,474.100006,478.600006,473.0,474.100006,304.01413,1145520
2006-04-04,474.299988,483.799988,474.100006,482.100006,309.144165,1611820
2006-04-05,483.0,484.700012,481.299988,482.600006,309.464783,1276340
2006-04-06,480.600006,481.700012,476.600006,478.5,306.835632,1183440
2006-04-07,480.399994,483.399994,474.600006,476.600006,305.617279,1255520
2006-04-10,479.0,482.5,477.0,479.299988,307.348633,1273400
2006-04-11,477.0,480.899994,473.700012,474.700012,304.398865,1020660
2006-04-12,475.0,478.299988,474.799988,476.0,305.232635,787020
2006-04-13,474.100006,481.799988,474.100006,480.5,308.118347,1197840
2006-04-17,484.100006,485.600006,482.0,483.5,310.041962,1656020
2006-04-18,484.399994,486.0,479.0,484.799988,310.875488,1803670
2006-04-19,484.799988,487.100006,480.5,482.299988,309.272339,1445480
2006-04-20,483.0,487.200012,482.600006,483.0,309.721222,1866460
2006-04-21,484.899994,484.899994,477.899994,480.100006,307.861633,1579130
2006-04-24,479.799988,481.100006,478.0,480.0,307.797577,1347680
2006-04-25,480.0,480.200012,474.200012,474.600006,304.334778,1849030
2006-04-26,474.600006,478.299988,474.600006,477.5,306.194397,1219180
2006-04-27,472.0,484.399994,471.5,481.5,311.960754,2464800
2006-04-28,484.0,499.5,484.0,499.5,323.622772,4037230
2006-05-01,500.0,500.600006,492.5,494.600006,320.447998,2076680
2006-05-02,496.5,498.700012,492.600006,496.0,321.355133,1493670
2006-05-03,497.799988,499.399994,494.200012,498.5,322.974731,1180060
2006-05-04,498.5,498.799988,492.600006,493.799988,319.929749,1721280
2006-05-05,497.799988,503.700012,496.899994,503.700012,326.343994,1894860
2006-05-08,504.100006,507.200012,500.600006,501.600006,324.983368,1384770
2006-05-09,502.5,505.600006,500.0,503.5,326.214294,1253480
2006-05-10,501.0,505.700012,500.0,503.0,325.89035,1590980
2006-05-11,505.299988,505.299988,491.899994,494.799988,320.577667,1480300
2006-05-12,494.5,498.0,489.5,489.899994,317.402924,1861800
2006-05-15,489.799988,497.200012,489.5,495.100006,320.772156,1329120
2006-05-16,496.399994,497.0,490.600006,495.399994,320.9664,938750
2006-05-17,492.100006,492.5,485.200012,488.299988,316.366394,2216110
2006-05-18,488.200012,492.399994,487.0,487.299988,315.718414,1645100
2006-05-19,489.399994,490.799988,486.899994,488.0,316.171997,2179010
2006-05-22,485.5,491.399994,485.200012,488.399994,316.431122,1804030
2006-05-23,489.799988,492.299988,485.200012,485.299988,314.42276,1597440
2006-05-24,485.299988,488.799988,484.299988,486.600006,315.264984,2015200
2006-05-25,489.600006,491.200012,487.5,490.700012,317.921265,1279430
2006-05-26,492.899994,497.700012,491.700012,495.700012,321.160797,1347710
2006-05-30,496.0,496.0,489.0,490.200012,317.597473,1208930
2006-05-31,492.5,495.399994,487.700012,493.0,319.411499,1666450
2006-06-01,493.799988,499.299988,492.700012,498.299988,322.845276,1446490
2006-06-02,500.299988,502.299988,496.700012,501.399994,324.85379,1427680
2006-06-05,500.100006,504.100006,495.5,496.200012,321.484711,1362090
2006-06-06,496.700012,499.0,491.899994,497.600006,322.391693,1586960
2006-06-07,498.0,504.100006,497.100006,499.5,323.622772,1665630
2006-06-08,499.0,502.0,491.700012,499.5,323.622772,2274910
2006-06-09,499.5,501.0,497.0,497.700012,322.456665,1303290
2006-06-12,499.0,499.5,493.200012,493.299988,319.605743,1354460
2006-06-13,492.5,493.899994,480.799988,482.100006,312.349335,2537680
2006-06-14,482.600006,486.0,474.700012,478.0,309.693024,2341840
2006-06-15,480.0,489.399994,479.600006,486.799988,315.394501,2025830
2006-06-16,487.0,488.5,481.700012,483.600006,313.321228,1889680
2006-06-19,484.5,487.700012,476.700012,478.200012,309.822632,1287240
2006-06-20,478.200012,485.100006,477.5,480.100006,311.053497,1345810
2006-06-21,481.0,487.5,480.5,483.700012,313.386078,1596060
2006-06-22,490.0,490.0,480.5,481.700012,312.09024,1046700
2006-06-23,479.0,481.799988,476.5,477.399994,309.304291,1164290
2006-06-26,477.399994,483.799988,476.0,483.0,312.932526,981130
2006-06-27,483.0,485.600006,477.600006,477.600006,309.433899,1242380
2006-06-28,478.100006,480.200012,475.299988,478.5,310.016968,979520
2006-06-29,481.5,492.899994,479.0,488.600006,316.56076,2034810
2006-06-30,489.5,489.5,482.399994,482.5,312.608643,1989760
2006-07-03,486.0,490.5,485.0,489.700012,317.273499,632860
2006-07-05,489.5,492.5,486.700012,490.100006,317.532501,1235750
2006-07-06,490.700012,495.399994,490.700012,492.700012,319.217041,942690
2006-07-07,492.700012,495.899994,490.100006,490.799988,317.986115,807950
2006-07-10,493.299988,496.399994,491.0,493.399994,319.670624,838870
2006-07-11,493.399994,496.799988,488.600006,496.0,321.355133,816870
2006-07-12,495.200012,497.299988,487.100006,488.299988,316.366394,1374150
2006-07-13,488.0,488.0,478.299988,478.700012,310.146515,1632990
2006-07-14,478.5,480.100006,474.100006,475.799988,308.267761,1539690
2006-07-17,469.100006,469.5,463.299988,464.0,300.622528,3265410
2006-07-18,464.200012,469.0,462.200012,465.5,301.59436,1655100
2006-07-19,468.5,475.100006,468.299988,472.5,306.129791,2614340
2006-07-20,472.5,474.5,470.5,471.100006,305.222504,1596560
2006-07-21,473.799988,474.600006,466.399994,469.299988,304.056427,2451420
2006-07-24,471.0,476.299988,470.0,474.600006,307.490204,1549850
2006-07-25,477.0,479.0,472.200012,474.5,307.425476,1474990
2006-07-26,474.5,478.899994,471.399994,475.299988,307.943665,1390680
2006-07-27,479.299988,479.299988,472.799988,473.100006,306.518585,1072170
2006-07-28,476.0,488.299988,476.0,483.299988,313.12674,2333850
2006-07-31,483.299988,485.5,481.799988,483.100006,312.997345,1776930
2006-08-01,483.100006,485.700012,481.100006,485.100006,314.29306,1388420
2006-08-02,487.0,488.299988,482.799988,487.200012,315.653687,1332120
2006-08-03,482.399994,486.0,482.0,484.700012,317.224365,1195330
2006-08-04,488.399994,490.299988,480.700012,485.0,317.420776,1485460
2006-08-07,483.399994,485.600006,481.100006,482.299988,315.653687,918740
2006-08-08,484.799988,487.0,481.600006,483.100006,316.177246,1280420
2006-08-09,486.899994,488.700012,476.899994,478.299988,313.035858,1084320
2006-08-10,478.299988,480.5,473.5,479.700012,313.951874,1203180
2006-08-11,479.200012,479.200012,472.200012,476.399994,311.792206,782310
2006-08-14,479.5,482.399994,474.700012,477.200012,312.315796,1100160
2006-08-15,482.100006,486.700012,482.0,484.100006,316.831604,1256050
2006-08-16,485.899994,487.100006,484.299988,485.299988,317.617096,1129060
2006-08-17,485.0,485.899994,483.799988,485.700012,317.878815,1032270
2006-08-18,486.200012,486.299988,484.200012,486.0,318.075256,1180050
2006-08-21,485.5,486.299988,483.799988,484.899994,317.355377,820000
2006-08-22,486.600006,487.200012,484.100006,484.200012,316.897186,1323140
2006-08-23,484.899994,486.0,482.299988,485.799988,317.944305,1039910
2006-08-24,486.799988,487.700012,485.0,487.200012,318.860565,1335960
2006-08-25,487.299988,488.0,485.0,486.399994,318.337067,797180
2006-08-28,485.100006,493.5,485.100006,491.200012,321.478394,1287800
2006-08-29,492.0,493.5,487.700012,492.600006,322.394684,1499430
2006-08-30,492.600006,497.0,492.399994,495.200012,324.096405,1364190
2006-08-31,495.200012,497.100006,492.600006,493.5,322.983887,1011950
2006-09-01,497.0,497.100006,492.100006,493.700012,323.114594,744150
2006-09-05,493.100006,496.799988,491.200012,494.200012,323.442017,775640
2006-09-06,492.100006,492.700012,489.100006,491.299988,321.543945,1041370
2006-09-07,496.5,496.5,484.200012,485.5,317.748016,1420360
2006-09-08,485.100006,487.899994,484.799988,487.200012,318.860565,919950
2006-09-11,486.899994,491.600006,486.100006,489.200012,320.169495,1044540
2006-09-12,490.0,492.0,487.600006,489.899994,320.627686,1098170
2006-09-13,490.0,495.0,488.700012,493.0,322.656525,1390750
2006-09-14,493.100006,494.200012,490.5,492.899994,322.591095,1329330
2006-09-15,494.799988,495.799988,491.799988,491.899994,321.936707,1784870
2006-09-18,492.5,497.200012,491.100006,495.899994,324.554535,1246150
2006-09-19,495.899994,497.100006,493.0,497.0,325.274506,918360
2006-09-20,498.299988,501.5,496.299988,499.0,326.583374,1631750
2006-09-21,498.899994,501.100006,495.0,497.5,325.601685,1401900
2006-09-22,496.5,496.5,492.700012,495.0,323.965485,1114150
2006-09-25,497.5,501.700012,495.100006,500.799988,327.761353,1625760
2006-09-26,500.799988,503.399994,498.5,502.299988,328.743286,1592360
2006-09-27,500.5,503.5,498.399994,499.700012,327.041534,1588050
2006-09-28,499.899994,501.700012,497.5,499.299988,326.779755,1202520
2006-09-29,500.0,500.700012,495.799988,496.700012,325.078186,1690870
2006-10-02,496.799988,498.5,492.799988,494.899994,323.899994,1167880
2006-10-03,495.899994,503.899994,495.5,500.899994,327.826935,1508440
2006-10-04,500.5,510.600006,500.0,510.299988,333.978943,2093430
2006-10-05,511.200012,511.799988,506.600006,509.899994,333.717163,1486980
2006-10-06,509.899994,510.700012,506.0,510.5,334.109863,1502320
2006-10-09,510.0,511.700012,508.5,510.799988,334.306305,992900
2006-10-10,512.0,513.299988,508.100006,508.200012,332.604492,2359550
2006-10-11,503.5,505.5,501.299988,503.799988,329.724854,1980600
2006-10-12,505.0,505.899994,499.5,501.799988,328.415863,1920870
2006-10-13,503.899994,504.0,497.200012,503.799988,329.724854,1969870
2006-10-16,503.0,503.299988,498.700012,501.5,328.219604,1305680
2006-10-17,499.600006,502.799988,496.299988,500.5,327.565186,1303900
2006-10-18,501.899994,507.100006,497.0,501.899994,328.481476,1865610
2006-10-19,497.5,499.299988,495.100006,498.700012,326.387146,1814460
2006-10-20,498.700012,499.899994,495.0,499.100006,326.648834,2669420
2006-10-23,498.0,507.399994,497.899994,506.200012,331.295532,2073440
2006-10-24,505.0,506.5,502.399994,504.700012,330.313904,1548670
2006-10-25,504.0,509.299988,504.0,508.700012,332.931854,1416910
2006-10-26,508.700012,509.5,505.700012,508.299988,332.669983,1927800
2006-10-27,506.5,507.5,503.0,503.600006,329.593994,1686820
2006-10-30,502.5,504.399994,500.5,501.200012,328.023193,1284730
2006-10-31,501.200012,504.600006,501.100006,501.600006,328.285065,1813900
2006-11-01,505.5,507.100006,499.200012,500.899994,327.826935,2084280
2006-11-02,498.0,498.799988,494.700012,497.399994,328.752258,1761520
2006-11-03,497.5,499.899994,494.799988,495.899994,327.760864,1057540
2006-11-06,496.0,502.899994,494.399994,502.200012,331.924835,1529100
2006-11-07,502.5,507.5,501.899994,504.799988,333.643097,1362750
2006-11-08,504.0,507.200012,502.700012,505.700012,334.238098,1075080
2006-11-09,505.700012,506.200012,503.100006,506.100006,334.502258,1024100
2006-11-10,507.5,509.0,504.0,506.299988,334.634644,1165050
2006-11-13,505.0,509.5,505.0,506.899994,335.031128,809470
2006-11-14,508.5,508.5,500.399994,507.5,335.427734,1807300
2006-11-15,505.5,507.0,502.0,504.700012,333.577057,1514390
2006-11-16,505.0,507.5,504.200012,506.600006,334.832886,1295170
2006-11-17,506.399994,508.799988,504.799988,508.0,335.75824,3011080
2006-11-20,507.5,508.899994,504.5,507.299988,335.295563,1342730
2006-11-21,508.399994,508.5,504.5,506.100006,334.502258,1011050
2006-11-22,507.0,509.5,505.799988,507.700012,335.559875,1168650
2006-11-24,505.0,506.700012,503.100006,503.100006,332.519623,1013510
2006-11-27,503.0,505.399994,496.700012,498.899994,329.743591,2175140
2006-11-28,496.5,498.5,494.299988,495.600006,327.562531,1455710
2006-11-29,497.5,499.700012,494.799988,498.600006,329.545471,1326250
2006-11-30,497.299988,498.899994,494.5,495.899994,327.760864,1706140
2006-12-01,495.899994,496.299988,488.299988,493.799988,326.372833,1774090
2006-12-04,496.5,501.799988,493.700012,500.0,330.470673,2077410
2006-12-05,498.899994,505.700012,497.600006,505.100006,333.8414,1577910
2006-12-06,505.0,508.100006,503.799988,507.799988,335.626007,1231670
2006-12-07,506.700012,507.700012,504.200012,507.100006,335.163452,1984580
2006-12-08,504.799988,527.0,503.5,518.5,342.69809,5445830
2006-12-11,518.5,528.799988,518.5,528.799988,349.505859,2675560
2006-12-12,521.900024,523.700012,517.5,522.5,345.341827,2604950
2006-12-13,526.299988,526.5,521.200012,523.200012,345.804565,1408170
2006-12-14,524.0,532.0,523.0,531.099976,351.02594,2096150
2006-12-15,533.5,540.799988,532.0,540.700012,357.371063,3213990
2006-12-18,543.799988,556.099976,542.5,554.400024,366.425842,4547520
2006-12-19,551.299988,552.299988,545.400024,552.299988,365.037842,2640580
2006-12-20,551.200012,552.900024,547.799988,551.599976,364.575226,1805360
2006-12-21,551.700012,554.400024,546.5,547.599976,361.931519,1615380
2006-12-22,549.5,551.0,544.599976,545.5,360.543457,964770
2006-12-26,546.799988,551.900024,545.200012,551.200012,364.310822,880630
2006-12-27,551.200012,566.700012,551.200012,564.099976,372.837006,2235020
2006-12-28,566.0,570.0,555.5,558.799988,369.334106,1530610
2006-12-29,558.5,560.900024,555.5,557.0,368.14444,1103800
2007-01-03,556.599976,562.799988,547.200012,552.5,365.170074,2282100
2007-01-04,552.5,561.5,547.200012,550.599976,363.914307,1658680
2007-01-05,550.0,550.5,544.599976,547.700012,361.997528,1317880
2007-01-08,546.0,551.5,543.0,550.5,363.848206,1236940
2007-01-09,550.099976,551.5,541.900024,545.700012,360.675751,1963000
2007-01-10,542.700012,544.900024,539.5,541.299988,357.767517,1744860
2007-01-11,542.700012,543.900024,538.0,541.700012,358.032013,1447750
2007-01-12,540.200012,545.5,540.0,543.799988,359.41983,1842960
2007-01-16,546.299988,548.099976,543.400024,547.700012,361.997528,1255190
2007-01-17,550.0,550.799988,542.799988,543.900024,359.485901,1404510
2007-01-18,545.0,547.099976,540.700012,543.900024,359.485901,1761490
2007-01-19,540.0,545.099976,535.0,545.0,360.213043,2395580
2007-01-22,551.700012,555.299988,546.599976,546.799988,361.402771,2808250
2007-01-23,546.5,548.0,543.0,544.900024,360.146973,1626530
2007-01-24,545.0,548.400024,542.700012,548.299988,362.394226,1506360
2007-01-25,547.0,548.799988,538.400024,539.299988,356.445709,1902680
2007-01-26,539.299988,546.700012,535.200012,546.700012,361.336578,2110090
2007-01-29,544.5,546.0,539.5,540.599976,357.304779,2220680
2007-01-30,539.0,543.200012,538.0,542.700012,358.692871,1692090
2007-01-31,540.299988,552.900024,540.200012,551.299988,364.376953,1815610
2007-02-01,551.299988,551.599976,543.0,547.299988,365.311432,1875510
2007-02-02,547.299988,549.400024,543.200012,546.599976,364.844147,1258560
2007-02-05,545.5,551.900024,544.099976,547.5,365.445038,1658800
2007-02-06,547.5,555.0,547.200012,549.5,366.779816,1553620
2007-02-07,549.400024,551.900024,548.299988,549.5,366.779816,1199300
2007-02-08,547.200012,547.799988,541.5,544.400024,363.375641,1399410
2007-02-09,544.0,544.900024,532.900024,534.0,356.434082,1922970
2007-02-12,534.900024,539.099976,532.0,534.299988,356.634247,1530850
2007-02-13,535.299988,538.5,535.0,537.099976,358.503113,1305190
2007-02-14,538.599976,544.400024,537.400024,541.799988,361.64035,1416250
2007-02-15,542.0,545.200012,540.400024,542.099976,361.840637,1370810
2007-02-16,540.799988,541.5,537.799988,541.0,361.106354,1725490
2007-02-20,541.700012,546.5,540.900024,541.900024,361.707123,1610550
2007-02-21,540.099976,541.5,535.900024,537.5,358.770233,1491600
2007-02-22,539.5,540.900024,534.200012,535.900024,357.702118,1909300
2007-02-23,536.700012,540.299988,531.5,537.700012,358.903687,1773710
2007-02-26,539.0,541.900024,521.799988,526.799988,351.627991,3559730
2007-02-27,521.200012,527.700012,500.5,506.0,337.744598,3161560
2007-02-28,510.0,510.200012,495.600006,503.700012,336.20929,4673630
2007-03-01,497.5,514.5,496.0,510.799988,340.948517,3672380
2007-03-02,509.200012,512.099976,498.5,499.700012,333.539429,2617310
2007-03-05,496.0,505.5,491.799988,492.5,328.73349,2491590
2007-03-06,498.5,508.399994,495.5,505.799988,337.611145,2686810
2007-03-07,506.0,511.0,501.700012,502.200012,335.208221,2080560
2007-03-08,506.200012,512.400024,503.100006,505.0,337.077087,1783090
2007-03-09,509.100006,509.5,500.0,503.299988,335.942261,1570120
2007-03-12,501.100006,506.5,501.0,503.600006,336.14267,1098860
2007-03-13,500.100006,500.899994,487.5,487.5,325.396118,2928670
2007-03-14,488.0,493.200012,480.5,490.799988,327.598877,3044130
2007-03-15,491.0,501.700012,490.600006,501.299988,334.607452,2929270
2007-03-16,500.100006,503.799988,491.899994,495.299988,330.60257,3081450
2007-03-19,498.100006,501.0,497.0,500.600006,334.140167,1681370
2007-03-20,500.600006,509.399994,499.200012,506.399994,338.011475,1644510
2007-03-21,504.899994,525.0,504.399994,520.299988,347.28949,2927020
2007-03-22,519.0,522.0,516.900024,518.400024,346.021301,2074200
2007-03-23,518.0,520.599976,514.299988,517.200012,345.220337,1514320
2007-03-26,520.0,520.099976,510.600006,515.400024,344.018951,2086930
2007-03-27,512.099976,516.5,510.0,510.600006,340.81485,1711160
2007-03-28,511.799988,516.5,508.100006,509.600006,340.147461,2323610
2007-03-29,513.0,515.900024,510.299988,514.0,343.084412,1781610
2007-03-30,515.0,519.400024,509.200012,513.400024,342.684082,1991310
2007-04-02,513.099976,515.0,504.100006,510.5,340.748138,1881330
2007-04-03,511.700012,516.599976,511.600006,514.099976,343.151123,2045210
2007-04-04,514.900024,515.200012,511.399994,513.599976,342.817413,1533010
2007-04-05,512.099976,517.599976,510.5,515.700012,344.219086,1033960
2007-04-09,518.0,518.200012,513.599976,515.799988,344.285858,1152640
2007-04-10,516.0,525.099976,513.5,524.0,349.759247,2153560
2007-04-11,524.099976,524.799988,513.400024,518.0,345.754211,2427960
2007-04-12,518.0,518.099976,513.200012,516.5,344.753082,2271040
2007-04-13,518.0,518.0,513.5,516.0,344.419281,1690130
2007-04-16,522.599976,535.900024,522.5,529.299988,353.296661,3277250
2007-04-17,530.0,530.5,523.599976,525.299988,350.626801,2253690
2007-04-18,527.200012,533.0,526.5,529.900024,353.697357,2618800
2007-04-19,527.099976,534.700012,526.5,530.900024,354.364899,2243980
2007-04-20,537.400024,537.5,529.099976,534.200012,356.567505,2658760
2007-04-23,533.299988,536.400024,529.0,531.099976,354.49826,1514820
2007-04-24,532.5,533.0,523.700012,528.099976,352.495819,1895740
2007-04-25,529.900024,539.400024,527.799988,538.0,359.103851,2675340
2007-04-26,537.900024,538.5,532.700012,535.599976,357.501892,2474200
2007-04-27,534.5,535.5,531.5,533.700012,356.233582,1315900
2007-04-30,536.400024,547.099976,534.799988,536.200012,357.902405,3049570
2007-05-01,538.0,543.200012,537.400024,542.0,361.773804,2098920
2007-05-02,544.5,544.5,540.700012,543.0,362.441315,1934650
2007-05-03,539.5,541.0,535.5,539.5,363.722168,1622800
2007-05-04,541.0,545.599976,539.5,540.900024,364.666107,1770210
2007-05-07,539.700012,544.0,537.200012,538.799988,363.250366,1602980
2007-05-08,537.5,540.0,534.799988,537.200012,362.17157,1539270
2007-05-09,536.299988,541.5,534.299988,541.200012,364.868378,2077140
2007-05-10,537.700012,540.5,531.799988,532.0,358.665802,2086540
2007-05-11,532.099976,537.599976,529.0,531.099976,358.059082,7673280
2007-05-14,531.799988,533.0,525.799988,528.599976,356.373566,2398490
2007-05-15,530.299988,532.400024,527.400024,527.900024,355.901764,2467700
2007-05-16,538.0,550.400024,535.0,549.099976,370.194427,6452370
2007-05-17,548.900024,551.900024,539.5,548.0,369.452728,2236920
2007-05-18,550.0,555.5,547.400024,550.0,370.800995,2102100
2007-05-21,551.799988,552.0,547.400024,548.400024,369.722443,2331700
2007-05-22,548.799988,553.299988,545.200012,550.799988,371.340424,2128000
2007-05-23,551.200012,555.299988,548.5,550.099976,370.868652,1896970
2007-05-24,552.400024,555.200012,547.400024,549.299988,370.329132,2243110
2007-05-25,549.599976,551.599976,544.799988,551.200012,371.610046,1353860
2007-05-29,554.200012,554.200012,546.200012,549.099976,370.194427,1592070
2007-05-30,547.700012,552.400024,545.5,552.0,372.149567,1420020
2007-05-31,551.099976,552.0,543.099976,544.900024,367.362762,1954240
2007-06-01,546.700012,547.5,542.799988,545.099976,367.497589,1736430
2007-06-04,544.400024,544.400024,539.5,541.5,365.070648,1571990
2007-06-05,541.0,541.400024,536.700012,539.0,363.385162,1443580
2007-06-06,536.099976,539.0,531.0,533.299988,359.542297,1939660
2007-06-07,532.5,537.5,524.700012,525.200012,354.081421,2253720
2007-06-08,525.200012,533.700012,523.0,533.299988,359.542297,2264220
2007-06-11,532.0,537.700012,528.099976,534.700012,360.486084,1458110
2007-06-12,533.0,537.400024,526.0,526.0,354.62088,2056340
2007-06-13,528.099976,537.299988,527.5,536.799988,361.902008,2318400
2007-06-14,536.099976,542.200012,535.700012,536.700012,361.834503,1718320
2007-06-15,540.200012,543.200012,537.200012,539.799988,363.924561,2697020
2007-06-18,543.299988,544.900024,539.5,539.599976,363.789673,1204740
2007-06-19,539.599976,543.900024,539.5,542.599976,365.812164,1825670
2007-06-20,542.900024,544.299988,534.099976,534.400024,360.283997,1818900
2007-06-21,534.299988,536.700012,527.099976,536.599976,361.767151,1662830
2007-06-22,533.599976,536.0,523.0,524.099976,353.339783,3361160
2007-06-25,526.599976,529.0,515.400024,516.900024,348.485687,2561080
2007-06-26,519.299988,522.099976,511.200012,511.5,344.845093,2896420
2007-06-27,509.600006,519.0,504.799988,518.099976,349.294647,3066380
2007-06-28,520.200012,523.700012,512.299988,518.099976,349.294647,2368240
2007-06-29,521.0,522.5,507.600006,512.900024,345.788879,2657870
2007-07-02,513.0,517.5,510.100006,516.400024,348.14856,1806070
2007-07-03,519.200012,522.299988,515.799988,518.599976,349.631866,1005180
2007-07-05,518.599976,520.0,513.700012,515.0,347.204712,1353840
2007-07-06,517.700012,518.0,514.099976,517.0,348.553192,1259670
2007-07-09,515.299988,518.599976,515.0,516.0,347.878815,1789550
2007-07-10,512.700012,513.599976,507.700012,510.0,343.833801,3372870
2007-07-11,509.700012,515.200012,508.0,514.099976,346.5979,2518900
2007-07-12,515.5,529.099976,514.099976,528.400024,356.238831,3078750
2007-07-13,525.5,528.799988,522.799988,525.200012,354.081421,2035310
2007-07-16,526.700012,529.700012,520.799988,521.900024,351.856598,1909230
2007-07-17,523.0,529.299988,521.299988,524.599976,353.67691,2332180
2007-07-18,519.299988,524.0,506.899994,516.0,347.878815,3645300
2007-07-19,516.0,521.299988,508.299988,511.299988,344.710266,2898500
2007-07-20,514.400024,521.799988,501.5,507.299988,342.013519,4763010
2007-07-23,509.100006,513.099976,507.399994,508.600006,342.889984,2389950
2007-07-24,503.399994,504.799988,489.600006,493.100006,332.440094,4597590
2007-07-25,496.899994,500.5,484.799988,492.100006,331.76593,4441470
2007-07-26,484.899994,486.799988,465.0,478.100006,322.327271,7731630
2007-07-27,477.100006,481.899994,467.100006,469.700012,316.664215,5591740
2007-07-30,473.200012,476.5,467.0,471.899994,318.147461,4024890
2007-07-31,475.700012,482.600006,465.0,465.700012,313.967438,4678890
2007-08-01,464.0,471.399994,456.299988,468.5,315.855133,6073780
2007-08-02,467.5,472.799988,464.899994,472.399994,322.198151,4127120
2007-08-03,471.600006,475.899994,456.899994,457.200012,311.831024,4812400
2007-08-06,459.0,485.0,450.200012,483.5,329.768951,6282300
2007-08-07,479.299988,494.0,474.200012,485.899994,331.405792,5700090
2007-08-08,487.600006,498.799988,481.700012,494.899994,337.544159,5397220
2007-08-09,478.100006,487.100006,469.0,469.0,319.879272,6659720
2007-08-10,457.899994,475.0,457.5,470.0,320.56131,5158780
2007-08-13,477.399994,479.100006,464.399994,465.399994,317.42392,3450030
2007-08-14,466.5,468.299988,455.200012,456.600006,311.421814,3882690
2007-08-15,455.799988,465.0,452.0,456.100006,311.080811,4611530
2007-08-16,450.700012,483.299988,446.600006,475.5,324.312622,10234250
2007-08-17,499.0,499.0,473.899994,488.100006,332.906342,8496920
2007-08-20,490.0,491.799988,477.0,483.899994,330.041687,3861920
2007-08-21,481.5,488.299988,478.0,480.600006,327.790955,3366340
2007-08-22,485.0,487.700012,475.0,484.299988,330.314453,4091020
2007-08-23,488.0,490.0,479.5,483.5,329.768951,2579860
2007-08-24,483.600006,486.200012,478.600006,485.0,330.791931,2356250
2007-08-27,483.299988,483.799988,477.0,477.899994,325.949463,2031540
2007-08-28,472.5,472.600006,461.0,461.399994,314.695648,3899740
2007-08-29,464.0,470.0,458.5,469.5,320.220184,2945400
2007-08-30,466.5,467.399994,460.0,462.299988,315.309418,3006840
2007-08-31,470.799988,471.700012,464.100006,468.799988,319.742706,2721150
2007-09-04,469.600006,475.600006,465.0,472.100006,321.993683,2628660
2007-09-05,466.799988,466.799988,458.700012,460.0,313.740784,3525000
2007-09-06,461.600006,463.899994,455.299988,456.600006,311.421814,2703920
2007-09-07,452.200012,460.5,450.700012,454.799988,310.194244,4056690
2007-09-10,457.0,458.299988,448.299988,453.0,308.966522,3173620
2007-09-11,455.399994,463.399994,454.5,460.100006,313.80899,3169350
2007-09-12,458.899994,462.0,455.0,457.600006,312.103882,2887520
2007-09-13,459.899994,465.700012,459.100006,463.600006,316.196136,2883470
2007-09-14,459.5,466.899994,459.200012,466.399994,318.105927,2864670
2007-09-17,465.0,465.200012,456.5,460.299988,313.945374,2345880
2007-09-18,464.799988,485.200012,460.5,483.700012,329.905365,4932530
2007-09-19,486.700012,490.0,477.299988,482.700012,329.223175,4179450
2007-09-20,483.600006,484.700012,470.200012,472.0,321.925385,3358440
2007-09-21,475.799988,477.0,469.299988,475.100006,324.039734,3810970
2007-09-24,475.0,475.5,464.100006,465.899994,317.764893,3798890
2007-09-25,463.299988,465.600006,459.600006,463.100006,315.855072,3223150
2007-09-26,463.600006,470.200012,460.100006,465.5,317.492004,3472180
2007-09-27,468.399994,468.899994,464.200012,468.799988,319.742706,2713730
2007-09-28,468.600006,471.799988,465.0,466.700012,318.310486,2098300
2007-10-01,458.899994,482.299988,458.600006,477.200012,325.472076,5676440
2007-10-02,478.299988,480.0,472.799988,478.600006,326.426971,3301630
2007-10-03,477.5,482.5,476.5,478.899994,326.631378,3408980
2007-10-04,480.399994,484.5,474.0,476.299988,324.858124,3565810
2007-10-05,478.5,487.700012,478.100006,483.0,329.427917,3702930
2007-10-08,482.700012,482.799988,475.799988,478.0,326.017548,1854830
2007-10-09,479.5,479.5,468.0,476.200012,324.789978,4072870
2007-10-10,473.0,473.799988,467.700012,471.399994,321.516113,2914380
2007-10-11,473.100006,489.5,471.299988,483.200012,329.564362,6485410
2007-10-12,478.399994,488.299988,473.399994,478.700012,326.494934,4383000
2007-10-15,470.700012,484.5,456.899994,462.399994,315.377747,7719530
2007-10-16,459.0,462.399994,446.799988,447.899994,305.488007,6428680
2007-10-17,451.299988,453.0,438.5,446.600006,304.60144,11455420
2007-10-18,440.899994,444.200012,437.5,438.299988,298.94043,5730040
2007-10-19,437.0,440.5,422.899994,423.600006,288.914337,6995610
2007-10-22,421.0,432.399994,420.700012,426.100006,290.619446,5893160
2007-10-23,429.0,429.5,421.299988,424.399994,289.460052,4364810
2007-10-24,422.100006,428.100006,411.5,418.200012,285.231323,7104000
2007-10-25,417.5,422.700012,404.399994,412.299988,281.207214,6090200
2007-10-26,422.799988,427.799988,415.100006,426.299988,290.755829,5475830
2007-10-29,428.399994,431.100006,425.0,426.899994,291.16507,3418350
2007-10-30,425.0,428.200012,418.100006,421.100006,287.20929,3893960
2007-10-31,422.5,424.700012,414.0,419.0,285.776947,7346310
2007-11-01,386.200012,409.0,381.299988,385.100006,266.0849,17147470
2007-11-02,387.299988,389.0,365.200012,377.299988,260.695374,13870850
2007-11-05,360.0,369.899994,350.0,359.0,248.051025,23018950
2007-11-06,360.399994,363.399994,345.200012,350.799988,242.385269,15170590
2007-11-07,346.0,353.600006,333.799988,334.100006,230.846497,12075250
2007-11-08,338.0,340.0,310.5,329.0,227.32254,19427110
2007-11-09,321.0,344.700012,316.0,331.0,228.704529,15395400
2007-11-12,335.899994,350.600006,333.0,335.700012,231.951981,11060630
2007-11-13,345.700012,360.0,342.100006,359.0,248.051025,10571110
2007-11-14,374.100006,375.0,359.399994,360.399994,249.018539,11644730
2007-11-15,357.5,358.0,342.100006,345.799988,238.930603,8268660
2007-11-16,348.0,348.799988,334.5,340.0,234.923065,7969580
2007-11-19,328.5,331.700012,319.0,320.0,221.10408,9815050
2007-11-20,319.0,327.5,308.0,314.0,216.958374,12758130
2007-11-21,309.299988,315.5,305.0,307.299988,212.328964,9203560
2007-11-23,313.0,317.0,310.100006,317.0,219.031235,3847530
2007-11-26,316.0,317.700012,297.5,307.0,212.121674,11085750
2007-11-27,308.100006,309.5,296.0,303.200012,209.496109,19314170
2007-11-28,310.200012,328.700012,310.200012,322.899994,223.107758,13887420
2007-11-29,323.0,324.600006,318.0,322.899994,223.107758,7092070
2007-11-30,340.5,343.0,330.0,333.0,230.086472,9452690
2007-12-03,333.0,333.5,327.100006,330.600006,228.428146,5565540
2007-12-04,325.600006,330.700012,320.0,325.5,224.904358,6470550
2007-12-05,328.200012,337.5,327.200012,336.899994,232.780945,6632750
2007-12-06,335.5,344.200012,335.5,343.5,237.341385,5486960
2007-12-07,344.799988,346.200012,335.5,343.100006,237.064987,5342370
2007-12-10,344.399994,352.299988,343.5,347.700012,240.243378,5731210
2007-12-11,348.899994,352.899994,331.299988,332.299988,229.602707,8569740
2007-12-12,339.299988,341.0,306.0,314.700012,217.442017,17796660
2007-12-13,311.0,313.200012,302.700012,310.100006,214.263657,9543220
2007-12-14,306.399994,320.5,302.700012,307.0,212.121674,10543370
2007-12-17,301.799988,313.200012,301.100006,307.700012,212.605408,8684030
2007-12-18,312.200012,313.799988,299.200012,303.799988,209.910645,8157850
2007-12-19,305.200012,311.100006,300.600006,302.100006,208.736053,7530330
2007-12-20,304.5,304.5,293.399994,298.899994,206.524994,9249920
2007-12-21,303.100006,305.200012,299.899994,302.399994,208.943329,8559110
2007-12-24,303.100006,311.399994,303.0,309.799988,214.056305,3172470
2007-12-26,308.0,309.5,302.600006,304.5,210.394333,4065330
2007-12-27,297.200012,300.600006,294.799988,295.600006,204.244827,6152790
2007-12-28,297.799988,298.399994,290.299988,292.899994,202.379318,5748350
2007-12-31,291.399994,296.899994,288.0,294.399994,203.415726,6542020
2008-01-02,297.299988,298.899994,288.5,289.200012,199.822784,6214650
2008-01-03,292.200012,293.899994,288.899994,289.299988,199.891876,5965790
2008-01-04,286.100006,290.299988,280.399994,282.399994,195.124283,7545430
2008-01-07,283.399994,287.600006,279.299988,282.600006,195.262497,6891880
2008-01-08,284.600006,287.0,270.100006,271.399994,187.523865,9998940
2008-01-09,271.5,276.0,265.0,274.899994,189.942169,10781020
2008-01-10,269.799988,285.700012,269.200012,281.100006,194.226074,10559540
2008-01-11,278.899994,292.700012,276.0,285.600006,197.335327,8894630
2008-01-14,289.5,291.799988,283.799988,290.600006,200.790054,9431530
2008-01-15,282.600006,283.600006,267.100006,269.399994,186.141937,22078200
2008-01-16,270.0,272.299988,259.0,262.399994,181.305313,19821450
2008-01-17,265.200012,275.700012,246.0,249.600006,172.461151,23219430
2008-01-18,245.300003,251.5,239.199997,244.5,168.937302,19718770
2008-01-22,223.600006,253.800003,223.600006,244.0,168.591888,21079670
2008-01-23,239.800003,269.0,236.800003,263.600006,182.134476,18963490
2008-01-24,268.0,274.799988,265.0,273.299988,188.836639,13578570
2008-01-25,280.0,281.0,260.799988,266.399994,184.069122,11031670
2008-01-28,264.299988,276.700012,261.5,276.5,191.047729,8367260
2008-01-29,279.0,283.700012,275.0,279.100006,192.844208,8165430
2008-01-30,276.899994,291.299988,272.899994,278.799988,192.636871,13495700
2008-01-31,270.0,287.0,264.5,281.700012,196.90065,13862060
2008-02-01,282.799988,297.299988,282.700012,296.899994,207.525055,12037670
2008-02-04,293.399994,295.399994,289.100006,292.200012,204.239838,8475970
2008-02-05,286.5,287.0,270.100006,270.5,189.072144,10920250
2008-02-06,273.100006,277.100006,267.399994,269.200012,188.163452,7369580
2008-02-07,267.5,272.399994,263.100006,267.0,186.625732,10720340
2008-02-08,266.100006,266.399994,257.100006,260.299988,181.942703,8185880
2008-02-11,262.299988,262.399994,253.800003,258.100006,180.404907,7130470
2008-02-12,261.5,268.0,259.200012,262.100006,183.20079,8506580
2008-02-13,265.799988,267.899994,256.5,263.399994,184.109375,10378810
2008-02-14,261.899994,263.700012,257.0,257.399994,179.915588,6563010
2008-02-15,254.899994,259.600006,250.0,254.800003,178.098236,8737640
2008-02-19,258.299988,259.399994,251.600006,253.199997,176.979843,6995500
2008-02-20,251.100006,259.0,244.800003,254.899994,178.168198,7415690
2008-02-21,256.299988,258.600006,250.0,250.5,175.092712,7836590
2008-02-22,250.899994,251.699997,242.600006,251.199997,175.58197,8675360
2008-02-25,246.5,249.899994,241.5,247.399994,172.925888,12003200
2008-02-26,244.600006,254.699997,244.0,249.5,174.393661,10763990
2008-02-27,247.0,260.0,246.699997,257.200012,179.775803,8775790
2008-02-28,254.600006,256.0,249.199997,250.100006,174.813095,6221650
2008-02-29,246.600006,247.300003,234.899994,237.100006,165.726501,10000490
2008-03-03,237.199997,237.199997,228.0,230.899994,161.392776,10214360
2008-03-04,222.300003,225.0,212.300003,221.0,154.473007,18768120
2008-03-05,223.199997,226.199997,218.800003,221.5,154.82251,11233460
2008-03-06,219.5,219.5,210.800003,211.699997,147.972565,8697280
2008-03-07,207.5,216.899994,204.0,209.100006,146.155197,10073740
2008-03-10,209.699997,211.100006,196.899994,196.899994,137.627731,11678560
2008-03-11,209.0,215.600006,203.0,214.899994,150.20929,13736630
2008-03-12,216.300003,226.800003,211.100006,212.100006,148.252136,12005760
2008-03-13,206.899994,213.0,200.399994,210.699997,147.273544,13799010
2008-03-14,214.699997,215.800003,195.399994,197.800003,138.256775,16764220
2008-03-17,182.5,193.300003,179.899994,186.199997,130.148697,18154640
2008-03-18,198.399994,207.5,192.199997,207.100006,144.757294,15244380
2008-03-19,210.0,216.5,202.100006,204.100006,142.66037,13711620
2008-03-20,207.199997,226.399994,206.199997,225.0,157.268906,18090680
2008-03-24,229.600006,243.600006,228.399994,232.699997,162.650986,12883550
2008-03-25,230.899994,238.5,230.899994,234.199997,163.699478,9192670
2008-03-26,226.399994,228.0,218.699997,220.5,154.123505,12323180
2008-03-27,221.300003,224.199997,215.100006,217.899994,152.306122,10665300
2008-03-28,218.600006,219.699997,207.0,208.300003,145.596008,8504380
2008-03-31,208.0,215.899994,204.199997,214.199997,149.720016,8964140
2008-04-01,226.100006,238.800003,225.800003,238.399994,166.635117,13529120
2008-04-02,240.5,250.5,238.0,240.199997,167.893265,15337310
2008-04-03,237.0,247.399994,235.600006,243.600006,170.269791,7650630
2008-04-04,244.399994,245.0,235.199997,240.800003,168.312653,7337010
2008-04-07,248.5,251.899994,243.899994,246.0,171.947266,8925050
2008-04-08,243.100006,243.600006,235.100006,237.600006,166.075912,7866930
2008-04-09,241.100006,243.0,235.399994,235.800003,164.817795,8466120
2008-04-10,235.100006,240.699997,231.0,237.100006,165.726501,7752820
2008-04-11,232.899994,243.199997,232.5,233.600006,163.280029,6947560
2008-04-14,231.300003,231.5,221.800003,225.100006,157.338791,7969290
2008-04-15,227.800003,230.100006,224.699997,228.0,159.365814,5511960
2008-04-16,234.0,236.5,229.0,234.399994,163.839188,7262330
2008-04-17,230.5,243.600006,229.600006,240.300003,167.963165,8057380
2008-04-18,257.299988,260.0,250.300003,251.100006,175.512085,14507760
2008-04-21,248.199997,251.0,242.300003,250.300003,174.952835,6733510
2008-04-22,250.399994,253.199997,246.300003,251.199997,175.58197,6071040
2008-04-23,250.699997,253.5,244.800003,246.300003,172.156982,6873340
2008-04-24,247.0,261.700012,246.899994,257.600006,180.055389,8548840
2008-04-25,262.0,266.5,258.100006,266.0,185.926743,9738850
2008-04-28,267.0,273.5,265.200012,268.100006,187.394623,7506480
2008-04-29,268.0,271.799988,262.600006,263.200012,183.969635,5772890
2008-04-30,255.100006,258.799988,252.5,252.699997,176.630432,14899760
2008-05-01,252.300003,262.0,251.5,259.899994,183.992996,8451470
2008-05-02,268.200012,270.0,262.399994,263.899994,186.824646,7742090
2008-05-05,264.0,264.399994,257.100006,257.5,182.29393,6301350
2008-05-06,255.0,261.5,250.5,258.700012,183.143402,7915920
2008-05-07,260.299988,260.899994,242.600006,244.800003,173.303131,8845620
2008-05-08,247.699997,248.0,240.0,243.0,172.028763,7901530
2008-05-09,244.100006,246.5,235.399994,236.300003,167.285675,8607690
2008-05-12,237.199997,240.899994,233.600006,236.399994,167.356445,6880480
2008-05-13,237.0,238.800003,229.199997,230.300003,163.038025,6703870
2008-05-14,232.100006,233.5,229.300003,232.5,164.595474,6436040
2008-05-15,232.899994,237.399994,230.0,237.300003,167.99353,7078400
2008-05-16,238.100006,238.100006,230.800003,231.199997,163.67514,6731610
2008-05-19,232.199997,235.300003,228.699997,229.899994,162.754852,5895800
2008-05-20,228.0,228.5,220.100006,221.100006,156.524994,8973970
2008-05-21,221.300003,222.800003,210.100006,210.600006,149.09169,11344910
2008-05-22,212.5,218.899994,211.300003,217.199997,153.764038,9170050
2008-05-23,217.5,217.899994,210.800003,211.199997,149.516388,6554880
2008-05-27,212.399994,217.800003,212.0,216.600006,153.33931,6872740
2008-05-28,220.399994,220.899994,211.199997,216.0,152.91452,7037320
2008-05-29,215.300003,222.5,215.199997,220.399994,156.029404,7268620
2008-05-30,222.699997,224.199997,218.600006,218.899994,154.967545,5354940
2008-06-02,217.0,218.600006,210.0,214.600006,151.923401,6272640
2008-06-03,216.399994,217.600006,210.300003,214.199997,151.640259,7202840
2008-06-04,213.5,218.399994,208.399994,210.800003,149.233231,9114510
2008-06-05,212.899994,216.600006,209.0,212.199997,150.22438,8783690
2008-06-06,210.399994,210.399994,200.0,200.600006,142.012268,11425070
2008-06-09,201.5,203.0,194.0,196.0,138.755753,11079870
2008-06-10,195.0,205.399994,194.899994,202.600006,143.428177,9880060
2008-06-11,203.899994,204.600006,190.800003,192.100006,135.994797,10889260
2008-06-12,194.800003,202.300003,194.5,198.899994,140.808807,9807660
2008-06-13,202.0,205.0,199.0,204.800003,144.985596,6811990
2008-06-16,204.100006,214.899994,203.800003,208.300003,147.463348,7399810
2008-06-17,212.0,213.399994,203.600006,204.600006,144.843964,7084320
2008-06-18,201.300003,207.300003,198.199997,204.0,144.419296,8570390
2008-06-19,205.0,207.100006,194.100006,201.699997,142.79097,15174540
2008-06-20,197.399994,199.100006,190.0,193.0,136.631943,15160370
2008-06-23,194.0,194.899994,184.399994,185.5,131.322403,8781290
2008-06-24,185.5,192.600006,183.300003,188.5,133.446243,9313580
2008-06-25,191.300003,197.399994,187.5,188.5,133.446243,12029140
2008-06-26,180.600006,181.699997,175.300003,176.699997,125.09259,17332100
2008-06-27,178.100006,179.0,169.100006,172.5,122.119255,12647440
2008-06-30,171.899994,173.199997,165.800003,167.600006,118.650322,12464770
2008-07-01,165.699997,174.0,162.5,171.300003,121.269745,13829670
2008-07-02,172.699997,175.800003,167.899994,168.399994,119.216698,8926060
2008-07-03,169.600006,171.199997,165.699997,168.199997,119.075081,5799810
2008-07-07,170.5,173.300003,158.0,164.0,116.101761,11539140
2008-07-08,165.199997,174.100006,161.100006,173.899994,123.110359,10540450
2008-07-09,174.600006,177.399994,163.800003,164.399994,116.384933,10100080
2008-07-10,161.0,168.300003,160.5,162.800003,115.252205,10426350
2008-07-11,158.600006,167.800003,157.5,161.899994,114.615105,13624380
2008-07-14,167.600006,169.800003,151.5,152.199997,107.74807,11873880
2008-07-15,149.899994,157.399994,140.100006,145.600006,103.075684,18911890
2008-07-16,151.300003,165.399994,145.800003,164.699997,116.59726,15887210
2008-07-17,171.5,184.699997,170.5,179.699997,127.216362,19573740
2008-07-18,198.0,204.800003,189.199997,193.5,136.985947,21382430
2008-07-21,199.399994,204.0,195.0,196.899994,139.392899,11700690
2008-07-22,190.399994,209.899994,188.0,208.899994,147.888184,13879600
2008-07-23,206.300003,222.100006,205.0,211.199997,149.516388,15657590
2008-07-24,211.199997,213.5,190.600006,190.600006,134.932938,11753780
2008-07-25,192.100006,197.300003,185.399994,188.5,133.446243,10217800
2008-07-28,188.199997,190.699997,172.300003,174.300003,123.393562,12169000
2008-07-29,169.5,186.100006,165.199997,184.5,130.614517,14725510
2008-07-30,189.0,196.199997,180.399994,188.100006,133.163055,10627940
2008-07-31,184.0,192.300003,179.399994,186.899994,134.603363,8496750
2008-08-01,189.5,190.699997,181.0,188.699997,135.899765,8412710
2008-08-04,185.300003,193.199997,179.899994,188.300003,135.61174,8680070
2008-08-05,193.699997,200.199997,191.0,199.199997,143.461792,9247840
2008-08-06,196.399994,202.300003,192.5,197.0,141.87735,6739200
2008-08-07,192.899994,196.800003,183.300003,184.699997,133.019028,10084520
2008-08-08,184.100006,196.699997,183.899994,193.899994,139.644791,8209780
2008-08-11,192.399994,205.0,192.100006,198.199997,142.741592,7413170
2008-08-12,196.899994,197.100006,183.5,185.399994,133.523132,8300440
2008-08-13,184.199997,184.199997,174.300003,178.100006,128.265747,9338300
2008-08-14,177.300003,184.5,177.100006,180.800003,130.210266,6408720
2008-08-15,183.600006,187.5,181.899994,185.5,133.595154,6483280
2008-08-18,186.5,186.5,176.100006,176.199997,126.897423,7440310
2008-08-19,175.699997,176.699997,170.199997,171.899994,123.800613,7837220
2008-08-20,172.0,175.199997,168.5,174.899994,125.961151,8571760
2008-08-21,171.0,175.5,168.899994,174.699997,125.817139,6095150
2008-08-22,180.199997,182.399994,176.899994,181.399994,130.642365,6242450
2008-08-25,180.0,183.0,175.699997,176.100006,126.825386,6156450
2008-08-26,177.300003,180.399994,175.300003,178.399994,128.481827,5032120
2008-08-27,180.100006,182.399994,177.100006,181.199997,130.498337,5632720
2008-08-28,184.699997,190.899994,182.600006,190.800003,137.41214,8076010
2008-08-29,188.5,191.5,186.300003,189.899994,136.764008,5246040
2008-09-02,196.300003,198.199997,188.800003,191.100006,137.628235,7979090
2008-09-03,191.199997,196.600006,187.699997,196.100006,141.229202,6362760
2008-09-04,193.0,194.699997,182.100006,183.0,131.794678,8057360
2008-09-05,180.5,191.800003,179.300003,190.699997,137.340118,8401440
2008-09-08,208.399994,209.5,195.0,203.199997,146.342529,17043010
2008-09-09,200.199997,203.800003,188.100006,188.800003,135.971832,11634880
2008-09-10,191.600006,192.399994,181.800003,186.800003,134.531387,9026060
2008-09-11,178.399994,186.800003,176.300003,186.100006,134.027298,13396690
2008-09-12,181.899994,188.899994,177.199997,179.600006,129.346085,10991620
2008-09-15,163.899994,176.800003,147.0,152.399994,109.756912,26909750
2008-09-16,142.600006,160.100006,141.0,157.5,113.429886,25736750
2008-09-17,150.0,152.300003,130.300003,140.300003,101.042603,31223420
2008-09-18,146.300003,174.0,128.5,166.5,119.911621,34223920
2008-09-19,217.0,225.300003,190.0,206.5,148.719162,26540510
2008-09-22,199.600006,205.600006,195.0,200.100006,144.110001,11772140
2008-09-23,197.899994,200.0,181.199997,199.899994,143.965927,8501110
2008-09-24,200.0,200.0,188.0,189.600006,136.547958,8743370
2008-09-25,193.0,201.699997,190.399994,194.100006,139.788788,9354680
2008-09-26,183.5,204.199997,181.5,201.5,145.118179,11248610
2008-09-29,195.699997,212.899994,177.5,177.5,127.833702,20118520
2008-09-30,190.899994,211.699997,189.399994,205.100006,147.710861,11318420
2008-10-01,208.5,232.399994,200.5,230.0,165.64357,15699040
2008-10-02,231.600006,235.0,220.0,225.0,162.042664,10876560
2008-10-03,194.5,209.0,177.0,183.5,132.15477,29571940
2008-10-06,172.300003,181.199997,161.0,174.100006,125.385017,15922150
2008-10-07,182.0,182.0,150.0,151.5,109.108696,12775840
2008-10-08,145.899994,162.899994,140.5,144.0,103.707314,15606320
2008-10-09,153.699997,155.0,129.300003,129.300003,93.120506,18930780
2008-10-10,120.400002,148.0,120.0,141.100006,101.618759,26081660
2008-10-13,157.0,162.600006,145.199997,157.5,113.429886,16383390
2008-10-14,184.800003,192.5,173.600006,186.199997,134.099274,25352210
2008-10-15,174.899994,179.300003,160.0,162.300003,116.886772,15327840
2008-10-16,160.100006,168.800003,146.5,159.0,114.510132,17092760
2008-10-17,154.199997,168.300003,148.100006,148.800003,107.164207,15737900
2008-10-20,151.800003,154.0,146.899994,150.899994,108.676598,10724810
2008-10-21,145.399994,148.0,136.399994,141.800003,102.122887,17137840
2008-10-22,137.0,142.0,130.100006,133.199997,95.92926,13714880
2008-10-23,132.0,136.0,125.0,131.100006,94.416878,14477960
2008-10-24,120.0,128.0,119.5,121.400002,87.431,12844550
2008-10-27,121.0,127.599998,116.5,117.300003,84.478233,12208960
2008-10-28,122.900002,135.5,115.400002,134.100006,96.577423,15088930
2008-10-29,132.5,139.600006,127.900002,129.100006,92.976479,13053170
2008-10-30,134.699997,135.0,127.599998,131.100006,95.601715,10086960
2008-10-31,129.300003,138.199997,128.800003,136.5,99.539513,9197050
2008-11-03,136.5,142.300003,134.600006,139.899994,102.018875,7104590
2008-11-04,144.199997,148.100006,143.100006,146.800003,107.050583,8020500
2008-11-05,144.199997,146.0,124.800003,126.300003,92.101425,10737260
2008-11-06,124.800003,130.699997,113.099998,115.199997,84.006996,15281210
2008-11-07,119.0,120.400002,114.5,118.199997,86.194649,9972330
2008-11-10,122.0,122.800003,110.5,112.099998,81.746376,8991280
2008-11-11,110.900002,112.900002,103.400002,108.0,78.756561,14035220
2008-11-12,106.300003,110.599998,95.199997,96.400002,70.297501,16091600
2008-11-13,97.900002,99.0,82.699997,94.5,68.911964,27693000
2008-11-14,97.599998,101.099998,87.900002,95.199997,69.422409,28156970
2008-11-17,93.599998,98.099998,87.5,88.900002,64.828316,16755820
2008-11-18,89.599998,89.900002,78.900002,83.599998,60.963417,21271830
2008-11-19,81.900002,83.300003,62.5,64.0,46.670555,34145120
2008-11-20,61.299999,63.5,43.900002,47.099998,34.346607,72437300
2008-11-21,54.400002,55.299999,30.5,37.700001,27.491865,102772530
2008-11-24,61.200001,65.0,52.5,59.5,43.389023,80378310
2008-11-25,63.900002,65.800003,57.5,60.799999,44.337025,46312050
2008-11-26,61.700001,73.900002,60.799999,70.5,51.410526,38172080
2008-11-28,74.5,84.800003,74.199997,82.900002,60.452953,25077460
2008-12-01,79.0,79.199997,63.400002,64.5,47.035156,31481200
2008-12-02,69.199997,74.599998,59.400002,72.199997,52.650211,32692380
2008-12-03,68.699997,78.400002,66.800003,78.199997,57.025578,31407220
2008-12-04,76.099998,81.0,73.0,74.0,53.962826,25963510
2008-12-05,72.5,83.599998,71.699997,77.099998,56.223415,21521410
2008-12-08,82.300003,86.300003,80.199997,84.699997,61.765568,22910990
2008-12-09,83.0,90.0,82.0,85.400002,62.276024,21702360
2008-12-10,87.300003,88.300003,80.5,83.0,60.525856,16340030
2008-12-11,80.900002,81.5,75.400002,75.699997,55.202515,16549230
2008-12-12,70.699997,78.5,69.699997,77.0,56.150513,14896130
2008-12-15,77.400002,77.800003,72.300003,74.0,53.962826,10147230
2008-12-16,75.900002,83.300003,74.199997,82.300003,60.015419,20492970
2008-12-17,81.099998,82.0,78.0,78.300003,57.098488,15419050
2008-12-18,80.0,80.5,73.699997,74.300003,54.18158,11149680
2008-12-19,74.400002,75.099998,69.099998,70.199997,51.191746,20240200
2008-12-22,71.5,72.5,65.400002,67.5,49.222839,13533270
2008-12-23,68.900002,69.199997,65.099998,65.199997,47.545609,10685850
2008-12-24,65.5,68.0,65.300003,67.800003,49.44162,3998030
2008-12-26,68.400002,70.300003,66.699997,67.300003,49.076992,4805880
2008-12-29,68.300003,68.5,65.099998,65.699997,47.91024,6103560
2008-12-30,66.599998,68.199997,65.300003,68.0,49.587448,7337200
2008-12-31,67.199997,70.400002,66.199997,67.099998,48.931156,9255840
2009-01-02,68.699997,71.599998,67.5,71.400002,52.066818,10470770
2009-01-05,71.199997,75.0,70.300003,70.800003,51.629292,12818480
2009-01-06,72.900002,75.900002,72.800003,74.599998,54.400368,11249880
2009-01-07,72.199997,74.400002,70.800003,71.5,52.139755,10528730
2009-01-08,71.0,73.400002,69.800003,71.599998,52.212666,10532530
2009-01-09,72.699997,72.900002,66.599998,67.5,49.222839,14024850
2009-01-12,65.400002,65.5,53.700001,56.0,40.836739,29449610
2009-01-13,51.799999,59.599998,50.599998,59.0,43.02441,27389790
2009-01-14,50.200001,52.0,44.400002,45.299999,33.033993,51309120
2009-01-15,46.400002,46.400002,33.599998,38.299999,27.929399,63453460
2009-01-16,42.200001,44.799999,34.400002,35.0,25.522951,42653170
2009-01-20,34.5,35.799999,28.0,28.0,20.418369,38431180
2009-01-21,31.200001,36.700001,29.700001,36.700001,26.762646,31235310
2009-01-22,34.200001,35.200001,30.1,31.1,22.678967,29362730
2009-01-23,30.0,35.799999,29.799999,34.700001,25.30419,26644640
2009-01-26,36.700001,37.5,33.0,33.299999,24.283268,21284620
2009-01-27,34.900002,36.400002,33.299999,35.5,25.887571,17714240
2009-01-28,42.900002,43.299999,40.400002,42.099998,30.700472,37601010
2009-01-29,39.900002,40.900002,39.0,39.0,28.507576,16636040
2009-01-30,39.900002,39.900002,35.5,35.5,25.949209,19739840
2009-02-02,33.900002,37.200001,33.200001,36.5,26.680168,17009390
2009-02-03,38.5,38.5,31.200001,34.599998,25.291342,16658250
2009-02-04,35.5,38.200001,34.5,34.900002,25.51063,18493540
2009-02-05,34.599998,37.200001,32.0,35.299999,25.803013,21841440
2009-02-06,31.799999,40.700001,31.799999,39.099998,28.580679,26148360
2009-02-09,40.599998,41.0,38.700001,39.5,28.873064,17448290
2009-02-10,40.099998,40.299999,32.599998,33.5,24.487276,29657680
2009-02-11,35.700001,36.900002,33.799999,36.900002,26.972551,15698220
2009-02-12,35.099998,36.599998,34.099998,36.099998,26.387779,13235750
2009-02-13,35.200001,37.200001,34.900002,34.900002,25.51063,13606700
2009-02-17,32.5,33.099998,30.6,30.6,22.367485,19249840
2009-02-18,31.799999,32.0,28.5,29.1,21.27104,18635620
2009-02-19,30.0,30.1,25.0,25.1,18.347187,23114110
2009-02-20,22.0,23.299999,16.1,19.5,14.253788,61771060
2009-02-23,23.6,24.799999,20.6,21.4,15.642617,38826810
2009-02-24,22.799999,26.0,20.6,26.0,19.005054,36277170
2009-02-25,26.9,29.5,21.6,25.200001,18.420284,43757850
2009-02-26,27.299999,28.299999,23.5,24.6,17.981703,26164050
2009-02-27,15.6,19.299999,14.0,15.0,10.964454,186820940
2009-03-02,15.0,16.0,11.5,12.0,8.771563,107799620
2009-03-03,13.2,13.9,12.1,12.2,8.917753,51618540
2009-03-04,13.0,13.1,11.1,11.3,8.259888,48175560
2009-03-05,11.0,11.1,9.7,10.2,7.455827,57908530
2009-03-06,10.6,10.8,10.0,10.3,7.528925,41521800
2009-03-09,10.2,10.7,9.9,10.5,7.675115,24061740
2009-03-10,12.4,14.5,10.5,14.5,10.598969,111511620
2009-03-11,16.700001,17.200001,14.6,15.4,11.256836,86438980
2009-03-12,15.4,16.700001,14.8,16.700001,12.207093,51990900
2009-03-13,18.299999,18.9,16.4,17.799999,13.01115,72675800
2009-03-16,19.6,26.799999,19.200001,23.299999,17.031448,147367850
2009-03-17,25.799999,26.6,23.1,25.1,18.347187,69616400
2009-03-18,26.0,33.599998,25.200001,30.799999,22.513672,129964780
2009-03-19,36.099998,38.900002,26.0,26.0,19.005054,124562510
2009-03-20,28.1,28.200001,24.0,26.200001,19.151251,60747130
2009-03-23,33.099998,33.5,28.299999,31.299999,22.879162,81343850
2009-03-24,30.5,31.299999,28.6,30.1,22.001999,52271150
2009-03-25,30.799999,31.6,26.700001,29.5,21.563427,64079800
2009-03-26,30.299999,30.9,27.5,28.1,20.540071,43143240
2009-03-27,26.4,27.299999,25.4,26.200001,19.151251,43150440
2009-03-30,23.700001,24.299999,22.5,23.1,16.885256,44857360
2009-03-31,25.5,25.700001,24.4,25.299999,18.493374,30679100
2009-04-01,24.799999,27.5,24.299999,26.799999,19.589827,38512130
2009-04-02,29.700001,29.9,26.799999,27.4,20.0284,52594690
2009-04-03,27.5,28.5,26.4,28.5,20.832464,27997320
2009-04-06,27.9,28.1,26.6,27.200001,19.882215,19565480
2009-04-07,26.200001,28.9,26.1,27.6,20.174595,36332010
2009-04-08,28.299999,28.4,26.700001,27.0,19.736017,22628330
2009-04-09,30.200001,30.799999,28.9,30.4,22.221294,54495400
2009-04-13,31.6,38.0,31.200001,38.0,27.776611,83474270
2009-04-14,42.200001,44.799999,38.5,40.099998,29.311634,122225470
2009-04-15,39.299999,39.799999,35.099998,39.700001,29.019253,74633210
2009-04-16,41.900002,42.0,39.700001,40.099998,29.311634,73522350
2009-04-17,41.5,41.599998,35.5,36.5,26.680168,111530470
2009-04-20,34.099998,34.299999,28.0,29.4,21.49033,83212170
2009-04-21,27.0,32.799999,26.1,32.400002,23.683224,70991330
2009-04-22,32.0,33.700001,30.6,32.5,23.756313,48982860
2009-04-23,32.900002,32.900002,30.9,32.0,23.390837,36173570
2009-04-24,32.299999,32.599998,30.9,31.9,23.317734,32964010
2009-04-27,30.5,31.700001,30.200001,30.700001,22.440577,19385000
2009-04-28,29.0,29.799999,28.5,28.9,21.12484,32919880
2009-04-29,30.6,31.5,30.0,31.200001,22.806059,22935140
2009-04-30,32.599998,32.799999,30.5,30.5,22.294392,26594860
2009-05-01,31.1,31.4,29.6,29.700001,21.709612,25310730
2009-05-04,30.700001,32.400002,30.5,32.0,23.390837,31985380
2009-05-05,32.900002,34.700001,32.599998,33.099998,24.194887,43485810
2009-05-06,35.099998,39.799999,34.5,38.599998,28.215185,86731360
2009-05-07,43.799999,44.099998,35.0,38.099998,27.849712,103236360
2009-05-08,41.900002,42.5,39.299999,40.200001,29.384729,76724850
2009-05-11,39.700001,40.299999,37.900002,38.599998,28.215185,49317220
2009-05-12,39.900002,39.900002,36.599998,36.599998,26.753273,48135460
2009-05-13,35.700001,36.400002,34.099998,34.099998,24.925856,39301550
2009-05-14,33.599998,36.400002,33.400002,35.5,25.949209,40135080
2009-05-15,36.400002,36.599998,34.5,34.799999,25.437521,23552890
2009-05-18,36.400002,37.200001,35.799999,36.400002,26.607065,31057380
2009-05-19,38.0,38.700001,36.599998,37.700001,27.557325,31807320
2009-05-20,39.0,40.5,36.200001,36.900002,26.972551,38251110
2009-05-21,36.700001,37.400002,36.0,37.200001,27.191839,17093820
2009-05-22,37.799999,37.900002,36.700001,36.700001,26.826366,13459850
2009-05-26,36.799999,38.200001,36.799999,37.700001,27.557325,18545490
2009-05-27,38.200001,38.299999,37.0,37.0,27.045658,17682440
2009-05-28,37.599998,37.599998,36.5,36.700001,26.826366,15697060
2009-05-29,37.400002,37.799999,36.799999,37.200001,27.191839,14770690
2009-06-01,37.599998,37.700001,36.599998,36.900002,26.972551,23989270
2009-06-02,36.099998,36.299999,34.599998,35.099998,25.656813,28698430
2009-06-03,34.5,34.599998,33.200001,33.900002,24.779671,21652750
2009-06-04,34.299999,36.5,33.900002,35.700001,26.095394,23279100
2009-06-05,36.599998,36.700001,34.599998,34.599998,25.291342,18788620
2009-06-08,33.799999,36.099998,33.700001,34.200001,24.998957,28826290
2009-06-09,34.200001,34.599998,33.799999,34.099998,24.925856,20904210
2009-06-10,35.200001,36.200001,34.599998,34.799999,25.437521,31512150
2009-06-11,35.0,35.5,34.599998,34.799999,25.437521,16970930
2009-06-12,34.700001,35.5,34.400002,34.700001,25.364439,13907910
2009-06-15,34.5,34.700001,33.5,33.700001,24.633472,13993380
2009-06-16,33.900002,33.900002,32.5,32.5,23.756313,18616890
2009-06-17,32.200001,32.900002,30.0,30.799999,22.513672,33844650
2009-06-18,31.0,31.6,30.0,31.299999,22.879162,22568550
2009-06-19,32.099998,32.200001,31.299999,31.700001,23.171543,20640720
2009-06-22,31.4,31.5,29.799999,30.0,21.928907,20456620
2009-06-23,30.299999,30.6,29.0,30.1,22.001999,24194470
2009-06-24,30.5,30.9,30.0,30.4,22.221294,13120530
2009-06-25,30.5,30.6,29.9,30.299999,22.148197,15376260
2009-06-26,30.4,30.5,29.799999,30.299999,22.148197,10314650
2009-06-29,30.200001,30.299999,29.9,30.200001,22.075102,10486130
2009-06-30,30.1,30.200001,29.299999,29.700001,21.709612,10893990
2009-07-01,30.0,30.700001,29.6,29.700001,21.709612,8579260
2009-07-02,29.4,29.4,28.799999,28.799999,21.051748,11834490
2009-07-06,28.6,28.700001,27.299999,27.9,20.393883,18996350
2009-07-07,28.1,28.1,26.6,26.9,19.662914,15369770
2009-07-08,27.1,27.1,25.5,26.200001,19.151251,21018320
2009-07-09,26.700001,26.9,26.299999,26.9,19.662914,11436370
2009-07-10,26.799999,26.799999,25.6,25.9,18.931955,15029170
2009-07-13,26.6,27.799999,26.1,27.799999,20.320786,22319810
2009-07-14,29.0,29.299999,28.299999,29.200001,21.344135,21927220
2009-07-15,30.200001,32.099998,29.799999,31.700001,23.171543,38800900
2009-07-16,31.700001,32.0,30.1,30.299999,22.148197,33323340
2009-07-17,31.799999,32.0,29.700001,30.200001,22.075102,44758640
2009-07-20,30.200001,30.4,27.4,27.9,20.393883,39246660
2009-07-21,28.0,28.200001,26.299999,26.5,19.370529,36507960
2009-07-22,26.700001,28.4,26.200001,28.0,20.466982,28412200
2009-07-23,28.200001,28.799999,27.6,27.700001,20.247684,22006020
2009-07-24,28.0,28.1,26.700001,27.299999,19.955309,17814220
2009-07-27,27.200001,28.6,25.6,26.9,19.662914,61937110
2009-07-28,27.0,30.5,26.700001,29.700001,21.709612,103746810
2009-07-29,30.0,32.200001,29.5,32.200001,23.537025,107645930
2009-07-30,33.0,33.700001,30.200001,31.4,22.952255,103950270
2009-07-31,30.6,31.799999,29.9,31.700001,23.171543,110797830
2009-08-03,32.900002,33.0,31.4,31.799999,23.244638,64248560
2009-08-04,31.4,32.5,31.1,32.5,23.756313,83574080
2009-08-05,33.200001,36.099998,32.900002,35.799999,26.168493,267446330
2009-08-06,38.099998,38.099998,35.900002,38.0,27.776611,128777960
2009-08-07,39.799999,42.400002,38.299999,38.5,28.142101,189881460
2009-08-10,40.0,41.099998,39.099998,39.400002,28.799953,95516100
2009-08-11,39.299999,39.599998,35.700001,36.900002,26.972551,91585970
2009-08-12,37.700001,39.900002,37.299999,39.799999,29.09236,98883010
2009-08-13,40.900002,41.400002,39.799999,40.599998,29.677128,75554240
2009-08-14,41.599998,45.299999,39.099998,40.400002,29.530935,112162930
2009-08-17,38.700001,40.299999,38.0,40.0,29.238544,75873870
2009-08-18,40.700001,41.5,40.200001,41.400002,30.261892,56583680
2009-08-19,40.799999,41.900002,40.5,41.299999,30.188797,59364820
2009-08-20,41.900002,45.099998,41.599998,44.799999,32.747166,105945050
2009-08-21,46.299999,48.599998,45.799999,47.0,34.355278,136681890
2009-08-24,49.5,50.0,47.599998,48.200001,35.232441,120227490
2009-08-25,48.799999,49.0,46.700001,47.5,34.720768,97316510
2009-08-26,47.400002,47.5,45.799999,46.299999,33.843609,72132960
2009-08-27,47.299999,51.0,46.599998,50.5,36.913647,121601410
2009-08-28,52.900002,54.299999,50.5,52.299999,38.229393,135999640
2009-08-31,50.299999,51.099998,48.400002,50.0,36.548191,95323150
2009-09-01,49.200001,50.200001,45.200001,45.400002,33.185726,126786530
2009-09-02,44.200001,46.700001,43.0,45.599998,33.331947,99545100
2009-09-03,47.599998,48.200001,46.5,47.700001,34.866943,59180880
2009-09-04,48.700001,49.299999,48.0,48.5,35.451736,57542050
2009-09-08,49.799999,49.900002,46.299999,46.799999,34.20908,90059280
2009-09-09,47.099998,47.599998,45.599998,46.599998,34.062897,79811170
2009-09-10,46.0,47.5,45.299999,47.5,34.720768,116711140
2009-09-11,47.400002,47.5,46.099998,46.099998,33.697422,48006390
2009-09-14,45.400002,45.700001,43.599998,45.200001,33.039551,73800890
2009-09-15,44.400002,45.099998,41.099998,41.200001,30.115702,131885930
2009-09-16,42.700001,43.099998,41.5,42.0,30.70046,130674940
2009-09-17,43.599998,45.599998,42.900002,44.200001,32.308582,115493420
2009-09-18,44.599998,44.799999,42.599998,42.599998,31.13903,125072600
2009-09-21,42.400002,44.599998,41.400002,44.299999,32.381695,47905820
2009-09-22,45.599998,46.799999,45.400002,46.5,33.989807,67838110
2009-09-23,47.099998,47.400002,45.200001,45.200001,33.039551,59869910
2009-09-24,46.200001,46.400002,43.099998,44.299999,32.381695,66450380
2009-09-25,44.099998,45.099998,43.599998,43.799999,32.016201,46116580
2009-09-28,44.599998,45.700001,44.400002,45.700001,33.405033,31530720
2009-09-29,47.599998,47.900002,46.599998,47.0,34.355278,50099310
2009-09-30,47.5,48.400002,45.099998,48.400002,35.378632,82481630
2009-10-01,47.5,47.5,45.200001,45.299999,33.112644,48521050
2009-10-02,44.0,45.900002,43.099998,45.200001,33.039551,58853980
2009-10-05,45.799999,46.799999,45.5,46.700001,34.135994,30414280
2009-10-06,47.599998,48.0,46.400002,46.700001,34.135994,47709440
2009-10-07,46.400002,47.0,45.599998,46.400002,33.916714,36917480
2009-10-08,47.099998,47.200001,46.299999,46.5,33.989807,34461860
2009-10-09,46.299999,46.700001,45.900002,46.299999,33.843609,28835270
2009-10-12,46.700001,48.0,46.400002,47.700001,34.866943,36251950
2009-10-13,48.0,48.799999,47.400002,48.299999,35.305538,45533930
2009-10-14,49.799999,50.0,49.0,50.0,36.548191,58527200
2009-10-15,48.0,48.299999,46.400002,47.5,34.720768,83405090
2009-10-16,46.799999,46.900002,44.200001,45.900002,33.551224,41099010
2009-10-19,46.599998,46.599998,45.099998,45.400002,33.185726,30462400
2009-10-20,45.900002,46.299999,44.099998,44.299999,32.381695,52459310
2009-10-21,44.200001,45.599998,44.099998,44.200001,32.308582,39240270
2009-10-22,44.299999,44.799999,43.900002,44.599998,32.600967,30679880
2009-10-23,45.400002,46.0,44.599998,44.599998,32.600967,33523070
2009-10-26,45.099998,45.299999,42.400002,42.700001,31.212154,64038580
2009-10-27,43.0,43.299999,42.299999,42.700001,31.212154,33277340
2009-10-28,42.299999,42.5,40.0,40.799999,29.823307,64507320
2009-10-29,41.900002,43.5,41.700001,43.099998,31.504519,44074000
2009-10-30,42.799999,43.0,40.200001,40.900002,29.896416,53583280
2009-11-02,41.0,41.099998,38.099998,39.900002,29.165445,69051660
2009-11-03,38.799999,40.5,38.400002,40.400002,29.530935,50739070
2009-11-04,41.099998,41.700001,39.599998,39.700001,29.019253,48146650
2009-11-05,40.5,40.799999,40.0,40.599998,29.677128,26644960
2009-11-06,39.900002,40.599998,39.599998,40.599998,29.677128,25344420
2009-11-09,41.400002,41.900002,41.0,41.900002,30.627367,23410170
2009-11-10,41.5,42.599998,41.400002,41.799999,30.554283,24568590
2009-11-11,42.5,42.799999,41.400002,41.599998,30.408085,31834120
2009-11-12,41.400002,41.700001,40.5,40.599998,29.677128,20783380
2009-11-13,41.0,41.400002,40.299999,40.5,29.604027,19618180
2009-11-16,42.200001,42.5,41.799999,41.799999,30.554283,36003680
2009-11-17,41.700001,42.5,41.599998,42.400002,30.992855,20027790
2009-11-18,42.400002,43.099998,42.299999,42.900002,31.358343,30598000
2009-11-19,42.599998,42.700001,42.0,42.599998,31.13903,24821480
2009-11-20,41.900002,42.299999,41.900002,42.0,30.70046,12444070
2009-11-23,42.599998,42.799999,42.299999,42.799999,31.285234,22623430
2009-11-24,42.900002,43.0,42.099998,42.099998,30.773565,19323450
2009-11-25,42.299999,42.400002,41.400002,41.700001,30.481174,20097990
2009-11-27,39.799999,41.299999,39.5,40.599998,29.677128,25806580
2009-11-30,40.799999,41.599998,40.599998,41.099998,30.042599,25016920
2009-12-01,41.5,41.599998,40.5,41.0,29.969505,24623940
2009-12-02,40.799999,41.0,40.200001,41.0,29.969505,18922360
2009-12-03,41.5,42.099998,40.299999,40.5,29.604027,34577410
2009-12-04,41.200001,41.200001,40.5,40.599998,29.677128,31939870
2009-12-07,40.900002,41.200001,40.299999,40.299999,29.457823,23200950
2009-12-08,40.099998,40.400002,38.5,39.099998,28.580679,55286630
2009-12-09,39.400002,39.5,37.900002,38.599998,28.215185,39989180
2009-12-10,38.799999,39.099998,38.400002,38.700001,28.288296,39824110
2009-12-11,39.0,39.5,38.700001,39.5,28.873064,22120240
2009-12-14,38.0,38.400002,36.599998,37.0,27.045658,83688720
2009-12-15,36.700001,37.0,35.099998,35.599998,26.022301,93423080
2009-12-16,35.0,35.799999,34.400002,34.5,25.218245,119108140
2009-12-17,31.5,32.5,31.299999,32.0,23.390837,377263850
2009-12-18,32.599998,34.0,32.099998,34.0,24.852755,281369720
2009-12-21,33.900002,34.200001,33.599998,34.200001,24.998957,62625030
2009-12-22,34.400002,34.400002,33.400002,33.400002,24.414186,49092610
2009-12-23,33.599998,33.799999,32.599998,32.900002,24.0487,35752040
2009-12-24,33.200001,33.5,32.799999,33.5,24.487276,14549800
2009-12-28,33.700001,34.099998,33.099998,33.900002,24.779671,33795650
2009-12-29,33.900002,34.099998,33.5,33.700001,24.633472,19084190
2009-12-30,33.599998,33.599998,33.0,33.200001,24.267988,22009500
2009-12-31,33.299999,33.599998,33.099998,33.099998,24.194887,19875800
2010-01-04,33.599998,34.099998,33.400002,34.0,24.852755,40679350
2010-01-05,34.200001,35.5,34.099998,35.299999,25.803013,66861710
2010-01-06,35.599998,36.799999,35.099998,36.400002,26.607065,67433890
2010-01-07,36.900002,37.0,36.099998,36.5,26.680168,67245190
2010-01-08,36.5,36.700001,35.099998,35.900002,26.24159,62409770
2010-01-11,36.599998,36.700001,36.0,36.299999,26.533978,47557650
2010-01-12,35.900002,36.099998,34.799999,35.200001,25.729921,47011810
2010-01-13,35.400002,35.900002,35.0,35.0,25.583721,41035110
2010-01-14,35.599998,35.599998,35.0,35.099998,25.656813,27417030
2010-01-15,34.900002,35.0,34.0,34.200001,24.998957,54017740
2010-01-19,33.400002,35.599998,33.0,35.400002,25.876106,80789300
2010-01-20,35.099998,36.0,34.5,34.599998,25.291342,47944940
2010-01-21,34.5,34.599998,32.0,32.700001,23.902514,95968050
2010-01-22,32.799999,33.900002,32.200001,32.5,23.756313,65474150
2010-01-25,33.099998,33.299999,32.099998,32.299999,23.610119,49752440
2010-01-26,32.200001,32.700001,31.5,31.5,23.025349,45890280
2010-01-27,31.700001,32.299999,31.4,32.0,23.390837,55891370
2010-01-28,32.5,32.900002,32.0,32.400002,23.683224,51294260
2010-01-29,32.700001,33.400002,32.700001,33.200001,24.267988,67942930
2010-02-01,33.599998,33.700001,33.099998,33.400002,24.414186,23577690
2010-02-02,33.5,34.099998,33.200001,34.099998,24.925856,33280870
2010-02-03,33.900002,34.599998,33.700001,33.700001,24.633472,27200590
2010-02-04,33.400002,33.5,31.700001,31.799999,23.244638,45029910
2010-02-05,32.099998,32.400002,31.5,32.200001,23.537025,46750170
2010-02-08,32.299999,32.400002,31.5,31.5,23.025349,25620320
2010-02-09,31.9,32.299999,31.1,31.799999,23.244638,49883800
2010-02-10,31.799999,32.0,31.4,32.0,23.390837,25499680
2010-02-11,31.9,32.200001,31.700001,32.099998,23.463934,23685280
2010-02-12,31.700001,32.099998,31.5,31.799999,23.244638,18926940
2010-02-16,32.200001,33.299999,32.099998,33.099998,24.194887,33228540
2010-02-17,33.799999,34.5,33.599998,34.099998,24.925856,57569040
2010-02-18,34.0,34.700001,33.900002,34.299999,25.072046,28868750
2010-02-19,34.0,34.400002,33.900002,34.200001,24.998957,27822290
2010-02-22,34.400002,34.799999,34.099998,34.599998,25.291342,23360670
2010-02-23,34.400002,34.799999,33.5,33.5,24.487276,28291710
2010-02-24,33.700001,34.5,33.700001,34.5,25.218245,29262200
2010-02-25,33.900002,34.0,33.599998,33.900002,24.779671,25996910
2010-02-26,33.900002,34.5,33.799999,34.0,24.852755,17855770
2010-03-01,34.200001,34.400002,33.400002,33.900002,24.779671,15568690
2010-03-02,34.099998,34.400002,33.900002,34.0,24.852755,16428080
2010-03-03,34.099998,34.299999,33.900002,34.0,24.852755,16364990
2010-03-04,34.099998,34.799999,33.900002,34.299999,25.072046,31935610
2010-03-05,34.700001,35.0,34.5,35.0,25.583721,31907970
2010-03-08,35.400002,36.0,35.400002,35.599998,26.022301,45986460
2010-03-09,35.5,38.599998,35.400002,38.200001,27.92281,110631150
2010-03-10,39.599998,40.700001,39.200001,39.599998,28.946146,121205060
2010-03-11,39.799999,41.799999,39.5,41.799999,30.554283,120029930
2010-03-12,42.099998,42.200001,39.400002,39.700001,29.019253,127975970
2010-03-15,38.799999,39.400002,38.299999,38.900002,28.43449,63482980
2010-03-16,39.5,40.700001,39.200001,40.5,29.604027,54320540
2010-03-17,41.0,41.700001,39.900002,40.5,29.604027,68063590
2010-03-18,40.900002,40.900002,40.0,40.200001,29.384729,35021590
2010-03-19,39.0,40.5,39.0,39.0,28.507576,55803040
2010-03-22,38.900002,41.0,38.799999,40.400002,29.530935,50007930
2010-03-23,40.900002,41.5,40.700001,41.299999,30.188797,44335410
2010-03-24,41.0,41.900002,41.0,41.5,30.334984,46585380
2010-03-25,42.400002,43.799999,42.299999,42.700001,31.212154,97149430
2010-03-26,43.400002,43.700001,42.599998,43.099998,31.504519,58727000
2010-03-29,43.799999,44.099998,41.099998,41.799999,30.554283,88626840
2010-03-30,41.299999,41.799999,40.5,40.900002,29.896416,62439130
2010-03-31,40.799999,41.099998,40.099998,40.5,29.604027,55035890
2010-04-01,41.099998,41.799999,40.200001,41.799999,30.554283,30209100
2010-04-05,42.700001,42.799999,42.299999,42.599998,31.13903,34453330
2010-04-06,42.700001,43.0,42.5,42.900002,31.358343,31812190
2010-04-07,43.099998,44.0,43.0,43.599998,31.870003,62152800
2010-04-08,43.5,44.900002,43.099998,44.700001,32.674084,55935620
2010-04-09,45.400002,45.700001,45.200001,45.5,33.258831,66446000
2010-04-12,46.299999,46.400002,45.799999,46.400002,33.916714,43484970
2010-04-13,46.200001,46.799999,45.900002,46.200001,33.770512,59676180
2010-04-14,47.200001,49.400002,47.0,49.299999,36.036495,103954530
2010-04-15,49.900002,50.700001,47.400002,48.099998,35.159344,153653670
2010-04-16,48.200001,48.299999,44.099998,45.599998,33.331947,186414120
2010-04-19,46.5,49.299999,46.400002,48.799999,35.671013,186006680
2010-04-20,50.200001,50.599998,49.200001,49.700001,36.328892,102738530
2010-04-21,50.299999,50.400002,48.200001,49.299999,36.036495,98787570
2010-04-22,48.5,48.900002,47.700001,48.700001,35.597919,80864670
2010-04-23,48.700001,49.5,48.299999,48.599998,35.524818,76164060
2010-04-26,47.900002,48.0,46.0,46.099998,33.697422,124478540
2010-04-27,45.5,45.700001,43.299999,43.400002,31.723829,133979440
2010-04-28,44.200001,45.599998,44.0,44.5,32.527874,110487010
2010-04-29,45.299999,46.299999,45.0,45.599998,33.331947,71647090
2010-04-30,45.5,45.5,43.700001,43.700001,31.943117,80341770
2010-05-03,44.599998,44.799999,43.799999,44.099998,32.235477,44946260
2010-05-04,43.400002,43.599998,42.299999,42.599998,31.13903,97352370
2010-05-05,41.599998,42.5,40.400002,41.799999,30.554283,100162270
2010-05-06,42.0,42.700001,39.0,40.400002,29.530935,170724590
2010-05-07,40.799999,41.299999,39.200001,40.0,29.238544,122458690
2010-05-10,43.299999,43.5,41.599998,42.200001,30.846663,109813230
2010-05-11,41.299999,42.400002,41.099998,41.700001,30.481174,75475030
2010-05-12,42.299999,42.299999,41.400002,41.799999,30.554283,65669620
2010-05-13,41.5,41.599998,40.799999,40.900002,29.896416,50910530
2010-05-14,40.299999,40.400002,39.099998,39.799999,29.09236,87280120
2010-05-17,40.0,40.099998,37.599998,38.599998,28.215185,94521750
2010-05-18,39.5,39.599998,37.099998,37.299999,27.264944,88927420
2010-05-19,37.299999,38.5,37.099998,38.099998,27.849712,92045240
2010-05-20,37.5,37.700001,36.099998,36.299999,26.533978,116429090
2010-05-21,35.400002,38.099998,35.299999,37.5,27.411129,133515830
2010-05-24,38.599998,39.5,37.700001,37.799999,27.630419,84300490
2010-05-25,36.400002,38.0,35.599998,37.799999,27.630419,102076440
2010-05-26,39.700001,40.299999,38.599998,38.599998,28.215185,124767260
2010-05-27,40.299999,40.700001,39.799999,40.200001,29.384729,75460890
2010-05-28,40.200001,40.400002,39.5,39.599998,28.946146,63286600
2010-06-01,39.0,39.599998,38.400002,38.5,28.142101,56634680
2010-06-02,38.900002,39.299999,38.5,39.200001,28.65377,56166340
2010-06-03,39.599998,40.299999,39.299999,39.599998,28.946146,71405630
2010-06-04,38.5,39.200001,37.700001,37.900002,27.70352,106756480
2010-06-07,38.099998,38.200001,36.200001,36.400002,26.607065,86203870
2010-06-08,36.900002,37.5,36.5,37.200001,27.191839,83022780
2010-06-09,37.799999,38.900002,37.599998,38.700001,28.288296,114856500
2010-06-10,39.5,39.599998,38.700001,39.0,28.507576,70989130
2010-06-11,38.599998,39.200001,38.5,38.799999,28.361374,43859390
2010-06-14,39.200001,39.299999,38.799999,38.799999,28.361374,38228780
2010-06-15,39.299999,39.900002,38.900002,39.900002,29.165445,42247510
2010-06-16,39.599998,40.0,39.299999,39.900002,29.165445,40783400
2010-06-17,40.099998,40.299999,39.099998,39.599998,28.946146,58734300
2010-06-18,39.700001,40.099998,39.299999,40.099998,29.311634,68839920
2010-06-21,40.5,40.700001,40.099998,40.200001,29.384729,57155530
2010-06-22,40.0,40.299999,39.400002,39.400002,28.799953,48772470
2010-06-23,39.5,39.799999,38.700001,38.900002,28.43449,46265950
2010-06-24,38.599998,38.599998,37.700001,37.799999,27.630419,56634790
2010-06-25,38.5,39.5,38.200001,39.400002,28.799953,70357690
2010-06-28,39.299999,40.200001,39.200001,40.0,29.238544,54126640
2010-06-29,39.200001,39.200001,37.099998,37.299999,27.264944,79745340
2010-06-30,38.099998,38.599998,37.099998,37.599998,27.484238,53205360
2010-07-01,38.299999,38.5,36.200001,37.799999,27.630419,86206490
2010-07-02,38.200001,38.900002,37.099998,37.900002,27.70352,38516880
2010-07-06,38.700001,39.0,37.200001,37.900002,27.70352,51454380
2010-07-07,38.200001,39.099998,37.700001,39.0,28.507576,47295490
2010-07-08,39.5,40.0,39.200001,39.700001,29.019253,46663460
2010-07-09,39.700001,40.5,39.400002,40.400002,29.530935,41928480
2010-07-12,40.5,41.299999,40.400002,41.099998,30.042599,39470360
2010-07-13,41.900002,43.0,41.799999,43.0,31.431414,64688800
2010-07-14,42.700001,42.799999,41.5,42.099998,30.773565,48298880
2010-07-15,42.299999,42.400002,40.5,41.599998,30.408085,68022500
2010-07-16,40.5,41.0,39.0,39.0,28.507576,80624880
2010-07-19,39.299999,40.400002,38.5,39.799999,29.09236,60092350
2010-07-20,39.099998,40.599998,39.0,39.900002,29.165445,54745170
2010-07-21,40.5,40.599998,39.200001,39.400002,28.799953,42520470
2010-07-22,39.900002,40.900002,39.900002,40.900002,29.896416,42143450
2010-07-23,40.200001,40.599998,39.900002,40.200001,29.384729,37675190
2010-07-26,40.200001,41.5,40.200001,41.5,30.334984,43066240
2010-07-27,42.099998,42.700001,41.599998,41.599998,30.408085,53521030
2010-07-28,41.299999,41.599998,40.700001,40.900002,29.896416,33190010
2010-07-29,41.400002,41.5,40.599998,41.200001,30.115702,39395920
2010-07-30,40.599998,41.200001,40.599998,41.0,29.969505,26978030
2010-08-02,41.900002,42.0,41.599998,41.900002,30.627367,29385140
2010-08-03,41.599998,41.700001,41.099998,41.299999,30.188797,21169620
2010-08-04,41.5,41.599998,41.099998,41.400002,30.261892,27707590
2010-08-05,41.099998,41.099998,40.700001,41.0,29.969505,19093650
2010-08-06,40.700001,40.799999,40.099998,40.599998,29.677128,29607280
2010-08-09,40.799999,41.200001,40.099998,40.799999,29.823307,27938130
2010-08-10,40.299999,40.599998,40.0,40.0,29.238544,37330160
2010-08-11,39.5,39.700001,38.400002,38.5,28.142101,57403800
2010-08-12,38.400002,38.900002,38.299999,38.700001,28.288296,33560510
2010-08-13,39.0,39.5,38.799999,38.799999,28.361374,27447280
2010-08-16,38.700001,39.099998,38.5,38.700001,28.288296,23911520
2010-08-17,39.200001,39.200001,38.299999,38.5,28.142101,42478180
2010-08-18,38.599998,39.0,38.400002,38.599998,28.215185,47840910
2010-08-19,38.5,38.900002,37.799999,37.900002,27.70352,53867410
2010-08-20,37.799999,37.900002,37.099998,37.5,27.411129,51973470
2010-08-23,37.900002,38.299999,37.5,37.5,27.411129,29397900
2010-08-24,37.0,37.5,36.799999,37.099998,27.118744,44346680
2010-08-25,37.0,37.200001,36.400002,36.799999,26.899456,50868250
2010-08-26,37.299999,37.5,36.599998,36.599998,26.753273,33489660
2010-08-27,37.0,37.599998,36.400002,37.599998,27.484238,55836000
2010-08-30,37.5,37.599998,36.700001,36.700001,26.826366,31688960
2010-08-31,36.799999,37.299999,36.299999,37.099998,27.118744,61541890
2010-09-01,37.5,38.5,37.400002,38.5,28.142101,53222240
2010-09-02,38.400002,39.299999,38.299999,38.799999,28.361374,47390890
2010-09-03,39.400002,39.799999,39.0,39.099998,28.580679,43608360
2010-09-07,38.799999,38.799999,38.200001,38.299999,27.995897,26492790
2010-09-08,38.5,38.599998,38.299999,38.400002,28.068996,24907680
2010-09-09,38.900002,39.5,38.799999,39.099998,28.580679,45078780
2010-09-10,39.200001,39.400002,39.0,39.099998,28.580679,25644170
2010-09-13,39.599998,40.099998,39.599998,39.900002,29.165445,45870620
2010-09-14,39.799999,39.900002,39.099998,39.400002,28.799953,38404540
2010-09-15,39.200001,39.299999,39.0,39.200001,28.65377,24836100
2010-09-16,38.900002,39.799999,38.799999,39.700001,29.019253,37834360
2010-09-17,40.0,40.200001,39.5,39.5,28.873064,55888390
2010-09-20,39.5,40.0,39.400002,39.900002,29.165445,34473280
2010-09-21,40.200001,40.200001,39.400002,39.400002,28.799953,37200450
2010-09-22,39.299999,39.799999,38.799999,38.799999,28.361374,43837660
2010-09-23,38.400002,38.900002,38.0,38.0,27.776611,38372030
2010-09-24,38.599998,39.099998,38.5,39.0,28.507576,39249340
2010-09-27,39.0,39.299999,38.700001,38.700001,28.288296,36629390
2010-09-28,38.900002,39.0,38.400002,38.799999,28.361374,29345050
2010-09-29,38.900002,39.900002,38.700001,39.200001,28.65377,50744380
2010-09-30,39.599998,40.099998,38.900002,39.099998,28.580679,47868000
2010-10-01,39.799999,41.0,39.400002,40.900002,29.896416,77500060
2010-10-04,40.799999,41.200001,40.299999,40.299999,29.457823,42326390
2010-10-05,40.700001,41.5,40.700001,41.299999,30.188797,63625620
2010-10-06,41.400002,41.599998,40.799999,41.0,29.969505,48412190
2010-10-07,41.400002,41.900002,41.299999,41.799999,30.554283,49228170
2010-10-08,41.799999,42.0,41.400002,41.900002,30.627367,35248850
2010-10-11,42.099998,42.099998,41.200001,41.799999,30.554283,43225180
2010-10-12,41.5,42.400002,41.299999,42.400002,30.992855,48296870
2010-10-13,42.5,43.0,41.799999,42.5,31.06595,107396320
2010-10-14,41.700001,41.700001,39.900002,40.599998,29.677128,98325960
2010-10-15,41.0,41.099998,39.099998,39.5,28.873064,106125370
2010-10-18,40.0,42.0,39.700001,41.700001,30.481174,94439510
2010-10-19,41.299999,41.900002,40.400002,40.599998,29.677128,70732750
2010-10-20,41.0,41.200001,40.299999,41.099998,30.042599,49484540
2010-10-21,41.299999,41.700001,40.299999,40.700001,29.750208,43687230
2010-10-22,41.0,41.400002,40.900002,41.099998,30.042599,31441180
2010-10-25,42.200001,42.299999,41.400002,42.099998,30.773565,76494560
2010-10-26,41.599998,42.099998,41.5,41.799999,30.554283,42127270
2010-10-27,41.599998,41.900002,41.400002,41.700001,30.481174,26922470
2010-10-28,41.900002,42.0,41.5,41.700001,30.481174,26162360
2010-10-29,41.599998,41.799999,41.5,41.700001,30.481174,18835180
2010-11-01,41.799999,42.0,41.0,41.5,30.334984,29258270
2010-11-02,41.900002,42.0,41.5,41.700001,30.481174,22490240
2010-11-03,41.700001,41.900002,41.5,41.900002,30.627367,30544940
2010-11-04,42.200001,43.299999,41.900002,43.299999,31.650719,65927800
2010-11-05,43.299999,45.099998,43.200001,44.900002,32.820271,105440700
2010-11-08,45.200001,45.200001,44.099998,44.400002,32.454784,42687730
2010-11-09,44.700001,44.700001,43.0,43.0,31.431414,54105940
2010-11-10,43.299999,44.599998,43.099998,44.200001,32.308582,50288500
2010-11-11,43.799999,44.099998,43.5,43.599998,31.870003,38163270
2010-11-12,43.299999,43.900002,42.299999,42.900002,31.358343,49740230
2010-11-15,43.299999,43.700001,43.0,43.200001,31.577623,35374110
2010-11-16,42.799999,42.900002,41.900002,42.200001,30.846663,50020480
2010-11-17,42.299999,42.400002,41.5,41.900002,30.627367,39175510
2010-11-18,42.599998,43.299999,42.200001,43.0,31.431414,48876450
2010-11-19,42.599998,42.700001,42.200001,42.700001,31.212154,29041620
2010-11-22,42.5,42.5,41.599998,41.799999,30.554283,36827360
2010-11-23,41.5,41.5,41.0,41.0,29.969505,38789450
2010-11-24,41.400002,41.900002,41.099998,41.700001,30.481174,30429910
2010-11-26,41.400002,41.599998,41.0,41.099998,30.042599,15672580
2010-11-29,41.200001,41.700001,41.0,41.5,30.334984,33721160
2010-11-30,41.299999,42.400002,41.099998,42.0,30.70046,61260330
2010-12-01,42.799999,43.099998,42.599998,43.0,31.431414,49494990
2010-12-02,43.200001,44.5,43.200001,44.200001,32.308582,51966270
2010-12-03,43.799999,44.599998,43.5,44.5,32.527874,36080610
2010-12-06,44.5,45.0,44.299999,44.5,32.527874,47203040
2010-12-07,45.5,46.5,45.400002,46.200001,33.770512,326782940
2010-12-08,46.099998,46.400002,45.5,46.400002,33.916714,91574090
2010-12-09,46.799999,47.099998,46.400002,46.900002,34.282185,73204230
2010-12-10,47.0,47.700001,46.599998,47.700001,34.866943,76407750
2010-12-13,48.0,48.5,47.599998,48.099998,35.159344,69850800
2010-12-14,48.099998,48.099998,46.599998,46.900002,34.282185,60311180
2010-12-15,46.700001,46.799999,45.400002,45.900002,33.551224,72978680
2010-12-16,46.099998,46.5,45.400002,45.900002,33.551224,68094680
2010-12-17,46.0,47.0,45.700001,47.0,34.355278,69555640
2010-12-20,47.299999,47.400002,46.700001,47.099998,34.428383,41915750
2010-12-21,47.400002,47.700001,47.099998,47.400002,34.647671,39886050
2010-12-22,47.5,47.599998,46.799999,47.299999,34.574581,51355450
2010-12-23,47.200001,47.200001,46.799999,46.799999,34.20908,20536470
2010-12-27,46.599998,47.900002,46.5,47.700001,34.866943,29016760
2010-12-28,47.900002,48.0,47.5,47.799999,34.940067,18644350
2010-12-29,48.0,48.0,47.5,47.700001,34.866943,16459820
2010-12-30,47.799999,47.799999,47.5,47.599998,34.793858,14418630
2010-12-31,47.5,47.599998,47.200001,47.299999,34.574581,16923250
2011-01-03,47.799999,49.0,47.799999,49.0,35.817207,65798900
2011-01-04,49.099998,49.400002,48.299999,49.0,35.817207,58340430
2011-01-05,48.799999,50.0,48.799999,49.700001,36.328892,66673580
2011-01-06,50.0,50.5,49.299999,49.5,36.182705,71529750
2011-01-07,49.599998,50.0,48.400002,49.400002,36.109592,68069720
2011-01-10,49.200001,49.299999,48.700001,49.099998,35.890301,46153210
2011-01-11,49.5,49.799999,49.099998,49.400002,36.109592,33127350
2011-01-12,49.900002,50.799999,49.799999,50.799999,37.13295,60853490
2011-01-13,50.900002,51.200001,50.299999,50.400002,36.840569,65082660
2011-01-14,50.5,51.5,50.299999,51.299999,37.498432,103634370
2011-01-18,49.299999,49.5,47.799999,48.0,35.08625,180960580
2011-01-19,48.5,48.599998,47.5,47.599998,34.793858,71421890
2011-01-20,47.700001,48.200001,47.200001,48.0,35.08625,62673870
2011-01-21,48.5,49.099998,48.400002,48.900002,35.744122,65507770
2011-01-24,49.099998,49.200001,48.299999,48.599998,35.524818,37250070
2011-01-25,48.5,48.599998,47.700001,48.200001,35.232441,42339570
2011-01-26,48.400002,48.700001,48.099998,48.099998,35.159344,44338240
2011-01-27,48.299999,48.599998,48.099998,48.299999,35.305538,27251160
2011-01-28,48.400002,48.799999,47.200001,47.200001,34.50148,64329500
2011-01-31,47.400002,48.200001,47.299999,48.200001,35.232441,34795650
2011-02-01,48.599998,49.099998,48.5,49.0,35.817207,39237120
2011-02-02,48.900002,49.0,48.299999,48.5,35.451736,31667370
2011-02-03,48.5,48.599998,47.599998,48.099998,35.159344,43984840
2011-02-04,48.299999,48.299999,47.599998,48.200001,35.232441,36607580
2011-02-07,48.400002,49.0,48.299999,49.0,35.817207,39261140
2011-02-08,49.0,49.099998,48.5,48.900002,35.744122,40287550
2011-02-09,48.799999,48.799999,48.0,48.400002,35.378632,28657830
2011-02-10,48.0,48.200001,47.599998,47.799999,34.940067,41029190
2011-02-11,47.799999,49.0,47.599998,48.799999,35.671013,45335780
2011-02-14,48.900002,49.200001,48.599998,49.099998,35.890301,35369660
2011-02-15,49.0,49.400002,48.799999,49.099998,35.890301,42499990
2011-02-16,49.400002,49.400002,48.700001,49.0,35.817207,29894750
2011-02-17,48.799999,49.400002,48.700001,49.400002,36.109592,30673510
2011-02-18,49.5,49.599998,49.0,49.099998,35.890301,25229030
2011-02-22,48.400002,48.400002,46.5,46.900002,34.282185,89462910
2011-02-23,47.200001,47.599998,45.700001,47.0,34.355278,81515000
2011-02-24,46.799999,47.099998,45.900002,46.900002,34.282185,58605760
2011-02-25,46.700001,47.299999,46.599998,47.0,34.355278,40819490
2011-02-28,47.299999,47.5,46.799999,46.799999,34.20908,44054250
2011-03-01,47.0,47.0,45.700001,45.700001,33.405033,52789640
2011-03-02,45.900002,46.200001,45.700001,46.0,33.624321,35351470
2011-03-03,46.599998,46.799999,46.299999,46.799999,34.20908,45540670
2011-03-04,46.299999,46.400002,45.200001,45.400002,33.185726,71717620
2011-03-07,45.400002,45.700001,45.0,45.200001,33.039551,36391780
2011-03-08,45.5,46.5,45.400002,46.400002,33.916714,47184230
2011-03-09,46.700001,46.700001,46.099998,46.5,33.989807,34512780
2011-03-10,46.0,46.099998,45.200001,45.400002,33.185726,46421340
2011-03-11,45.099998,45.799999,45.099998,45.700001,33.405033,32170320
2011-03-14,45.200001,45.400002,44.700001,45.400002,33.185726,38691140
2011-03-15,44.099998,44.700001,43.900002,44.400002,32.454784,58194870
2011-03-16,44.799999,45.0,43.700001,43.900002,32.089291,62107200
2011-03-17,44.599998,44.599998,43.900002,44.5,32.527874,38307430
2011-03-18,45.0,45.5,44.599998,45.0,32.893364,45908550
2011-03-21,46.099998,46.200001,43.799999,44.299999,32.381695,82106490
2011-03-22,44.200001,44.5,44.0,44.200001,32.308582,34194090
2011-03-23,44.0,44.200001,43.400002,44.0,32.162399,47019570
2011-03-24,44.099998,44.400002,43.5,44.299999,32.381695,40238690
2011-03-25,44.599998,44.799999,44.299999,44.599998,32.600967,30876830
2011-03-28,44.599998,44.700001,44.099998,44.299999,32.381695,23570900
2011-03-29,44.299999,44.5,43.799999,44.5,32.527874,24791350
2011-03-30,44.599998,45.200001,44.200001,44.5,32.527874,33904790
2011-03-31,44.400002,44.5,44.0,44.200001,32.308582,33507430
2011-04-01,44.599998,44.799999,44.299999,44.5,32.527874,25952210
2011-04-04,44.599998,44.700001,43.900002,44.299999,32.381695,29670460
2011-04-05,44.599998,44.799999,44.200001,44.700001,32.674084,40880950
2011-04-06,45.099998,46.5,44.700001,45.900002,33.551224,64009410
2011-04-07,46.200001,46.900002,45.799999,45.799999,33.478115,56844410
2011-04-08,46.400002,46.700001,45.299999,45.599998,33.331947,39526630
2011-04-11,45.799999,45.900002,45.200001,45.299999,33.112644,23444240
2011-04-12,45.0,45.900002,44.599998,45.5,33.258831,45351280
2011-04-13,45.900002,46.0,44.799999,45.0,32.893364,41002970
2011-04-14,44.799999,44.799999,43.900002,44.299999,32.381695,40517360
2011-04-15,44.599998,44.900002,44.0,44.200001,32.308582,40547880
2011-04-18,44.200001,45.200001,43.5,44.200001,32.308582,79085390
2011-04-19,44.599998,45.5,44.400002,45.299999,33.112644,54278930
2011-04-20,45.599998,46.0,45.200001,45.700001,33.405033,31615610
2011-04-21,45.799999,46.0,44.900002,45.5,33.258831,31274740
2011-04-25,45.400002,45.799999,45.099998,45.200001,33.039551,24048020
2011-04-26,45.299999,45.400002,44.900002,45.099998,32.966446,37260000
2011-04-27,45.099998,45.299999,44.900002,45.099998,32.966446,28289910
2011-04-28,44.900002,46.0,44.700001,45.900002,33.551224,43925890
2011-04-29,45.799999,45.900002,45.299999,45.900002,33.551224,26901780
2011-05-02,46.0,46.0,44.900002,44.900002,32.820271,28862010
2011-05-03,44.700001,45.700001,44.700001,45.200001,33.039551,43508120
2011-05-04,45.299999,45.400002,44.900002,45.200001,33.039551,27559410
2011-05-05,44.900002,45.099998,44.599998,44.799999,32.747166,27189990
2011-05-06,45.5,45.799999,45.0,45.200001,33.039551,5131670
2011-05-09,44.889999,45.119999,43.849998,44.16,32.279331,49168100
2011-05-10,44.009998,44.529999,43.75,44.200001,32.308582,42299000
2011-05-11,44.029999,44.189999,42.75,42.919998,31.372967,54014800
2011-05-12,42.209999,42.450001,41.619999,42.419998,31.007463,60720600
2011-05-13,42.27,42.5,41.419998,41.529999,30.356918,43395000
2011-05-16,41.080002,41.98,40.939999,41.189999,30.108393,42979300
2011-05-17,41.0,41.650002,40.990002,41.540001,30.364227,36727300
2011-05-18,41.490002,41.549999,41.0,41.240002,30.144938,33051500
2011-05-19,41.34,41.619999,41.169998,41.380001,30.247267,30115400
2011-05-20,41.119999,41.639999,40.959999,41.02,29.984119,31538600
2011-05-23,40.310001,40.639999,40.060001,40.16,29.355492,34722800
2011-05-24,40.220001,40.689999,39.41,40.509998,29.611332,61023600
2011-05-25,40.25,40.849998,40.200001,40.330002,29.487034,40313600
2011-05-26,40.040001,40.529999,40.040001,40.220001,29.406618,32041000
2011-05-27,40.299999,41.060001,40.290001,40.970001,29.954971,27696700
2011-05-31,41.389999,41.59,40.759998,41.150002,30.08658,34705800
2011-06-01,40.990002,41.0,39.59,39.650002,28.989864,41994500
2011-06-02,39.700001,40.34,39.099998,40.009998,29.253065,40828200
2011-06-03,39.5,40.299999,39.450001,39.849998,29.136082,27554900
2011-06-06,39.549999,39.599998,37.900002,38.07,27.834654,69952400
2011-06-07,38.450001,38.599998,37.540001,37.580002,27.4764,49736400
2011-06-08,37.369999,38.0,36.759998,36.810001,26.913424,64098400
2011-06-09,36.869999,37.98,36.799999,37.77,27.615316,51092100
2011-06-10,37.610001,38.32,36.84,37.919998,27.724976,57048500
2011-06-13,38.060001,39.48,37.869999,39.169998,28.638912,51683900
2011-06-14,39.509998,39.549999,38.66,38.779999,28.353775,38166800
2011-06-15,38.380001,38.830002,37.299999,38.0,27.78347,49812600
2011-06-16,37.700001,38.34,37.009998,37.630001,27.512949,59369000
2011-06-17,38.009998,38.470001,37.869999,38.299999,28.002813,38591200
2011-06-20,37.950001,38.720001,37.810001,38.16,27.900452,30249100
2011-06-21,38.259998,39.380001,38.0,39.310001,28.741272,44132600
2011-06-22,39.209999,40.169998,39.02,39.509998,28.887493,40189000
2011-06-23,38.93,39.459999,38.580002,39.41,28.814377,38344100
2011-06-24,39.439999,39.709999,38.959999,39.59,28.94599,63661100
2011-06-27,39.439999,40.200001,39.43,39.990002,29.238447,29365900
2011-06-28,40.16,40.32,39.759998,40.150002,29.355436,22526900
2011-06-29,41.009998,41.529999,40.68,41.5,30.342478,46800700
2011-06-30,41.59,42.0,41.209999,41.639999,30.444838,32214600
2011-07-01,41.529999,43.060001,41.419998,42.880001,31.35146,42780800
2011-07-05,42.889999,43.0,42.209999,42.57,31.124798,34279200
2011-07-06,42.150002,42.220001,41.369999,42.009998,30.715363,28177800
2011-07-07,42.369999,42.959999,42.310001,42.630001,31.168674,22067400
2011-07-08,42.080002,42.25,41.830002,42.029999,30.729994,22229800
2011-07-11,41.279999,41.400002,39.57,39.790001,29.09222,47287600
2011-07-12,39.48,40.02,39.02,39.07,28.565796,43630400
2011-07-13,39.439999,40.220001,39.110001,39.470001,28.858255,32756100
2011-07-14,39.720001,39.869999,39.0,39.02,28.529253,32718400
2011-07-15,40.139999,40.389999,38.119999,38.380001,28.061306,69517800
2011-07-18,38.200001,38.25,36.919998,37.740002,27.59338,50137500
2011-07-19,37.830002,38.18,37.419998,38.02,27.798098,32172000
2011-07-20,38.169998,39.119999,38.040001,38.619999,28.236782,31574600
2011-07-21,39.139999,40.380001,39.060001,40.32,29.479717,53445100
2011-07-22,40.27,40.5,39.84,40.259998,29.435862,24164500
2011-07-25,39.689999,40.060001,39.400002,39.91,29.179956,21427400
2011-07-26,39.759998,40.09,39.400002,39.720001,29.041056,21205600
2011-07-27,39.389999,39.419998,38.009998,38.27,27.980875,39694100
2011-07-28,38.240002,38.869999,38.099998,38.18,27.922377,23233800
2011-07-29,37.919998,38.77,37.639999,38.34,28.039389,27141900
2011-08-01,39.34,39.380001,37.919998,38.48,28.141777,33848100
2011-08-02,38.25,38.5,37.029999,37.040001,27.088652,41079100
2011-08-03,37.049999,37.459999,36.419998,37.259998,27.24955,31623100
2011-08-04,36.610001,36.990002,34.75,34.810001,25.457781,57091700
2011-08-05,34.970001,35.5,31.809999,33.439999,24.455849,103688800
2011-08-08,31.549999,32.419998,26.25,27.950001,20.440817,142308300
2011-08-09,29.43,32.91,28.49,31.82,23.271086,120458000
2011-08-10,31.01,31.02,28.35,28.49,20.835735,99090000
2011-08-11,29.200001,31.0,28.58,30.290001,22.152136,63486600
2011-08-12,31.190001,31.969999,29.5,29.85,21.830357,63917600
2011-08-15,30.59,31.32,30.25,31.27,22.868847,45423900
2011-08-16,30.639999,30.709999,29.360001,29.940001,21.896181,50459800
2011-08-17,30.27,30.83,29.700001,29.85,21.830357,33900900
2011-08-18,28.700001,29.0,26.76,27.98,20.462759,79479300
2011-08-19,27.41,28.559999,26.75,26.77,19.577845,56199100
2011-08-22,27.719999,27.84,25.99,26.059999,19.05859,61703800
2011-08-23,26.129999,27.34,25.4,27.32,19.980078,68228200
2011-08-24,27.440001,28.459999,27.15,28.450001,20.806492,54803500
2011-08-25,30.809999,31.58,28.969999,29.83,21.81572,93618100
2011-08-26,29.5,30.25,29.049999,29.84,21.823042,52076800
2011-08-29,30.57,31.290001,30.309999,31.290001,22.883471,35270900
2011-08-30,31.040001,31.290001,30.450001,30.940001,22.627502,30682600
2011-08-31,31.23,31.540001,30.76,31.049999,22.707956,34079800
2011-09-01,30.93,31.049999,30.0,30.0,21.940052,32273400
2011-09-02,28.42,29.030001,28.26,28.4,20.769917,36128000
2011-09-06,27.040001,27.92,26.6,27.700001,20.257984,44663700
2011-09-07,28.33,29.200001,28.1,28.98,21.19409,35099200
2011-09-08,28.639999,28.84,27.84,27.98,20.462759,38061800
2011-09-09,27.65,27.799999,26.639999,26.74,19.555899,46652300
2011-09-12,26.25,26.98,26.049999,26.959999,19.716791,44486300
2011-09-13,27.15,27.65,26.82,27.049999,19.782618,36296700
2011-09-14,27.379999,27.73,26.700001,27.389999,20.031271,32634200
2011-09-15,27.92,28.6,27.559999,28.59,20.908873,40745500
2011-09-16,28.92,29.280001,28.16,28.99,21.201405,49241900
2011-09-19,28.07,28.08,27.32,27.709999,20.265291,37811400
2011-09-20,27.799999,27.93,26.9,26.93,19.694859,35419400
2011-09-21,27.0,27.530001,25.51,25.52,18.663671,73165300
2011-09-22,24.57,24.99,23.190001,23.959999,17.522791,86914400
2011-09-23,23.52,25.15,23.459999,24.98,18.268753,56330600
2011-09-26,25.440001,26.84,25.370001,26.719999,19.541269,60165600
2011-09-27,27.889999,28.32,26.75,26.99,19.738731,61327200
2011-09-28,26.950001,27.139999,25.9,25.92,18.956209,41353400
2011-09-29,26.83,27.24,25.92,26.9,19.672913,44445900
2011-09-30,26.26,26.5,25.610001,25.620001,18.736811,41243300
2011-10-03,25.16,25.68,23.049999,23.110001,16.901163,69568400
2011-10-04,22.559999,24.530001,21.4,24.389999,17.837269,84504100
2011-10-05,24.129999,25.09,23.290001,24.709999,18.071293,54164000
2011-10-06,24.719999,26.219999,24.280001,26.02,19.029341,69855700
2011-10-07,26.32,26.42,24.549999,24.629999,18.012783,64586100
2011-10-10,25.440001,26.5,25.41,26.49,19.373066,46194400
2011-10-11,26.02,28.27,25.91,27.84,20.360369,80653500
2011-10-12,28.389999,29.969999,28.18,29.200001,21.354984,89031000
2011-10-13,28.530001,28.639999,27.25,27.639999,20.214108,63361700
2011-10-14,28.209999,28.41,27.23,28.4,20.769917,48555700
2011-10-17,28.82,29.49,27.879999,27.93,20.426184,82340000
2011-10-18,28.389999,30.530001,28.01,29.879999,21.852297,78304400
2011-10-19,29.969999,31.33,29.200001,29.389999,21.493938,75783900
2011-10-20,29.379999,30.200001,28.700001,30.08,21.998558,52466000
2011-10-21,30.42,30.700001,29.690001,30.299999,22.159456,68536100
2011-10-24,30.48,31.85,30.48,31.6,23.110193,58945800
2011-10-25,31.4,31.5,30.450001,30.9,22.598253,65217200
2011-10-26,31.59,31.870001,30.27,31.15,22.781088,68002100
2011-10-27,33.369999,34.400002,32.709999,34.169998,24.989719,104602100
2011-10-28,33.549999,34.389999,33.220001,34.16,24.982403,51423800
2011-10-31,33.060001,33.200001,31.540001,31.59,23.102873,65573000
2011-11-01,28.92,30.27,28.4,29.17,21.333052,90369200
2011-11-02,30.25,30.379999,29.43,29.83,21.81572,49419600
2011-11-03,30.629999,31.1,29.290001,30.780001,22.518045,63378600
2011-11-04,30.549999,30.6,30.01,30.34,22.196152,39917200
2011-11-07,30.34,30.65,29.799999,30.549999,22.349781,34837700
2011-11-08,31.059999,31.549999,30.629999,31.42,22.986256,44373800
2011-11-09,30.139999,30.200001,28.700001,28.85,21.106094,62394700
2011-11-10,29.76,29.76,28.219999,28.629999,20.94515,54183800
2011-11-11,29.18,29.629999,29.110001,29.33,21.457249,40412100
2011-11-14,29.110001,29.139999,28.059999,28.379999,20.762257,41679600
2011-11-15,28.040001,28.549999,27.4,28.02,20.498886,62607800
2011-11-16,27.790001,27.889999,26.799999,26.860001,19.650248,52980400
2011-11-17,27.02,27.02,25.799999,26.0,19.021093,60160600
2011-11-18,26.15,26.719999,25.83,26.280001,19.225929,47280700
2011-11-21,25.639999,25.66,24.73,25.0,18.289511,62290100
2011-11-22,25.02,25.35,24.43,24.459999,17.894455,44985900
2011-11-23,24.08,24.1,23.299999,23.51,17.199451,60513700
2011-11-25,23.629999,24.51,23.530001,23.629999,17.287249,28169200
2011-11-28,25.23,25.48,24.65,25.049999,18.32609,63928900
2011-11-29,24.959999,25.799999,24.6,25.24,18.465092,58172500
2011-11-30,26.870001,27.5,26.27,27.48,20.103827,74290000
2011-12-01,27.08,27.23,26.6,26.99,19.745354,41866700
2011-12-02,27.719999,28.700001,27.65,28.17,20.608614,62471900
2011-12-05,29.02,30.139999,28.92,29.83,21.823044,80804300
2011-12-06,29.540001,29.889999,29.17,29.75,21.764515,42795300
2011-12-07,29.18,30.0,28.719999,29.83,21.823044,53277800
2011-12-08,29.280001,29.35,27.41,27.75,20.301361,80314500
2011-12-09,28.190001,29.27,27.950001,28.77,21.047567,59372400
2011-12-12,27.870001,27.9,26.959999,27.219999,19.913616,49251600
2011-12-13,27.549999,27.700001,26.34,26.9,19.679514,56573800
2011-12-14,26.450001,27.190001,25.92,26.049999,19.057667,68337300
2011-12-15,26.620001,26.9,25.879999,25.92,18.962563,44899200
2011-12-16,26.25,26.58,25.700001,26.030001,19.043036,49643500
2011-12-19,26.049999,26.07,24.4,24.82,18.157824,72789000
2011-12-20,25.51,26.15,25.33,25.950001,18.984514,67653700
2011-12-21,26.129999,26.200001,25.41,26.1,19.094244,44246000
2011-12-22,26.5,27.940001,26.43,27.65,20.228193,64529700
2011-12-23,27.9,27.93,27.110001,27.459999,20.089191,35958100
2011-12-27,27.09,27.76,26.85,26.9,19.679514,23916700
2011-12-28,26.99,27.030001,26.02,26.129999,19.116199,30292700
2011-12-29,26.200001,26.809999,26.129999,26.76,19.577089,28016100
2011-12-30,26.52,26.780001,26.290001,26.309999,19.247883,26210200
2012-01-03,27.129999,28.51,27.129999,28.33,20.725672,58169500
2012-01-04,28.040001,28.379999,27.620001,28.17,20.608614,41455000
2012-01-05,27.66,29.18,27.469999,28.51,20.857357,66793300
2012-01-06,28.66,29.059999,28.01,28.549999,20.886614,48226900
2012-01-09,28.719999,29.379999,28.65,29.08,21.274353,35017900
2012-01-10,29.75,30.139999,29.66,30.0,21.947409,47710900
2012-01-11,29.77,31.450001,29.74,31.27,22.876514,72656000
2012-01-12,31.85,32.09,30.860001,31.6,23.117941,58233900
2012-01-13,30.209999,31.0,29.879999,30.74,22.488777,65632100
2012-01-17,29.18,29.969999,28.16,28.219999,20.645191,116154600
2012-01-18,28.139999,29.09,27.66,29.030001,21.23778,77552100
2012-01-19,29.790001,30.040001,29.1,29.33,21.457249,63977200
2012-01-20,29.24,29.639999,28.67,29.639999,21.68405,55968600
2012-01-23,29.58,30.33,29.41,29.85,21.837677,39474700
2012-01-24,29.190001,29.99,28.9,29.9,21.87425,37257100
2012-01-25,29.389999,30.15,29.32,29.959999,21.918144,39067000
2012-01-26,30.41,30.950001,29.540001,30.379999,22.225409,50455500
2012-01-27,30.059999,30.91,30.02,30.870001,22.583889,37713400
2012-01-30,30.43,30.530001,30.08,30.23,22.115667,34772400
2012-01-31,30.67,30.9,30.299999,30.719999,22.474148,40151200
2012-02-01,31.27,32.049999,31.139999,31.6,23.117941,64155000
2012-02-02,31.65,32.34,31.34,31.99,23.410666,41331200
2012-02-03,32.849998,33.599998,32.639999,33.540001,24.544975,56356700
2012-02-06,33.18,33.369999,32.939999,33.299999,24.369347,32026000
2012-02-07,33.139999,33.369999,32.790001,33.07,24.201023,32391800
2012-02-08,33.279999,34.279999,33.25,34.23,25.049921,49495300
2012-02-09,34.639999,34.740002,33.599998,33.66,24.632788,54651400
2012-02-10,32.970001,33.200001,32.650002,32.93,24.098568,40688300
2012-02-13,33.470001,33.59,32.860001,32.880001,24.061979,54999100
2012-02-14,32.68,32.700001,31.35,32.080002,23.476532,54665300
2012-02-15,32.330002,32.700001,31.530001,31.719999,23.213079,49170100
2012-02-16,31.43,32.720001,31.07,32.709999,23.937565,51924500
2012-02-17,32.880001,33.07,32.619999,32.919998,24.091248,30968200
2012-02-21,32.970001,33.529999,32.91,33.360001,24.413248,45487500
2012-02-22,32.970001,33.09,32.279999,32.360001,23.681427,38321200
2012-02-23,32.400002,32.919998,32.080002,32.709999,23.937565,34682100
2012-02-24,32.810001,32.98,32.200001,32.349998,23.67412,26596200
2012-02-27,32.049999,33.029999,31.93,32.93,24.098568,36057200
2012-02-28,32.970001,33.610001,32.939999,33.48,24.501057,38179400
2012-02-29,33.52,34.0,33.259998,33.32,24.383966,43322100
2012-03-01,33.52,34.450001,33.52,34.130001,24.976746,47853800
2012-03-02,34.25,34.48,34.080002,34.099998,24.954786,32112000
2012-03-05,33.939999,34.0,33.41,33.68,24.647425,33306000
2012-03-06,32.759998,32.950001,31.77,32.119999,23.5058,49832100
2012-03-07,32.48,33.360001,32.32,33.240002,24.325424,34763400
2012-03-08,33.68,34.02,33.209999,34.0,24.881607,35951400
2012-03-09,34.310001,34.889999,34.09,34.200001,25.027969,42006000
2012-03-12,33.919998,34.310001,33.540001,34.290001,25.093821,38513800
2012-03-13,34.970001,36.720001,34.869999,36.450001,26.674543,91242400
2012-03-14,35.25,36.099998,34.880001,35.209999,25.767105,113680500
2012-03-15,35.470001,36.59,35.080002,36.27,26.542824,61559900
2012-03-16,36.490002,36.799999,36.27,36.689999,26.850174,46028600
2012-03-19,36.779999,38.400002,36.540001,37.169998,27.201445,72146000
2012-03-20,36.849998,38.389999,36.720001,38.080002,27.867405,58269900
2012-03-21,38.209999,38.32,37.32,37.799999,27.662493,46300300
2012-03-22,37.279999,37.5,36.549999,36.900002,27.003857,51433700
2012-03-23,36.759998,37.389999,36.66,37.130001,27.172184,34154700
2012-03-26,37.599998,37.689999,37.18,37.43,27.391724,27895100
2012-03-27,37.400002,37.720001,36.77,36.779999,26.916044,31146600
2012-03-28,36.709999,37.240002,36.52,37.060001,27.120943,36305600
2012-03-29,36.630001,36.779999,35.93,36.509998,26.718462,32684100
2012-03-30,36.700001,36.799999,36.25,36.549999,26.747742,23966200
2012-04-02,36.400002,37.139999,36.16,36.869999,26.981901,23825400
2012-04-03,36.700001,36.84,36.0,36.369999,26.616003,30799800
2012-04-04,35.880001,35.889999,34.82,35.040001,25.642685,45697800
2012-04-05,34.73,35.279999,34.529999,34.790001,25.45974,31465700
2012-04-09,34.0,34.27,33.580002,33.970001,24.859644,34335400
2012-04-10,33.950001,34.400002,32.700001,32.860001,24.04734,58489800
2012-04-11,33.59,33.990002,33.279999,33.59,24.581564,30680500
2012-04-12,33.799999,34.869999,33.610001,34.630001,25.342642,36908700
2012-04-13,34.619999,34.66,33.16,33.41,24.449837,41220900
2012-04-16,34.169998,34.700001,33.759998,34.0,24.881607,59668700
2012-04-17,34.82,35.41,34.43,35.080002,25.671961,52307900
2012-04-18,34.889999,35.990002,34.889999,35.080002,25.671961,41510700
2012-04-19,35.439999,35.5,34.459999,34.849998,25.503647,40303900
2012-04-20,34.959999,35.029999,33.799999,33.889999,24.8011,37359200
2012-04-23,32.84,33.310001,32.459999,33.25,24.33275,39887900
2012-04-24,33.369999,33.91,33.0,33.419998,24.45715,30282900
2012-04-25,34.040001,34.080002,33.209999,33.68,24.647425,32379600
2012-04-26,33.419998,34.139999,33.349998,33.880001,24.793783,28828900
2012-04-27,34.040001,34.09,33.389999,33.5,24.515694,28829900
2012-04-30,33.349998,33.41,32.73,33.040001,24.17907,26263300
2012-05-01,32.919998,33.91,32.75,33.599998,24.588879,35450300
2012-05-02,33.290001,33.330002,32.66,32.700001,23.930254,32805100
2012-05-03,32.779999,32.91,32.209999,32.48,23.776524,31713200
2012-05-04,32.34,32.549999,31.57,31.6,23.132332,34461400
2012-05-07,31.139999,31.98,31.059999,31.67,23.18358,36302400
2012-05-08,31.08,31.610001,31.0,31.32,22.927359,27727300
2012-05-09,30.879999,31.0,30.200001,30.450001,22.290485,47974900
2012-05-10,31.1,31.450001,30.459999,30.65,22.436893,36923000
2012-05-11,29.360001,29.969999,29.120001,29.35,21.48525,59709500
2012-05-14,28.889999,29.17,28.059999,28.139999,20.599483,51814200
2012-05-15,28.379999,28.6,27.65,27.790001,20.343269,60977400
2012-05-16,28.1,28.440001,26.91,26.92,19.706406,54396100
2012-05-17,26.969999,27.4,26.33,26.41,19.333071,68419000
2012-05-18,26.469999,26.549999,25.83,26.01,19.040255,60358300
2012-05-21,26.200001,26.74,25.75,26.25,19.215937,47884900
2012-05-22,26.65,27.700001,26.52,26.92,19.706406,50788200
2012-05-23,26.530001,27.17,26.08,27.15,19.874775,48579300
2012-05-24,27.26,27.43,26.309999,26.66,19.516073,40744800
2012-05-25,26.370001,26.93,26.35,26.469999,19.376982,25276300
2012-05-29,26.84,27.07,26.67,27.02,19.77961,27076800
2012-05-30,26.530001,26.610001,25.98,26.0,19.032928,33578900
2012-05-31,26.200001,26.780001,25.860001,26.51,19.406263,37222100
2012-06-01,25.860001,26.08,25.25,25.389999,18.586391,41527800
2012-06-04,25.459999,25.530001,24.610001,24.82,18.169127,38793800
2012-06-05,24.75,25.879999,24.74,25.75,18.849922,36086100
2012-06-06,26.309999,27.15,26.01,27.139999,19.867458,47077900
2012-06-07,27.77,27.950001,26.68,26.91,19.699081,44148600
2012-06-08,26.639999,27.790001,26.360001,27.77,20.328632,36994900
2012-06-11,28.43,28.5,26.43,26.48,19.384306,58250900
2012-06-12,26.66,27.65,26.42,27.620001,20.218834,43147200
2012-06-13,27.34,28.1,27.07,27.67,20.255421,46785400
2012-06-14,27.76,28.16,27.57,27.91,20.431114,45508800
2012-06-15,28.1,28.309999,27.1,28.309999,20.723942,60019800
2012-06-18,27.98,28.120001,27.5,27.549999,20.167587,32822200
2012-06-19,27.93,28.690001,27.879999,28.5,20.863024,42654400
2012-06-20,28.700001,29.309999,28.379999,28.860001,21.126558,47693300
2012-06-21,28.879999,29.200001,27.76,27.83,20.372557,39787200
2012-06-22,28.16,28.379999,27.799999,27.99,20.489683,29956200
2012-06-25,27.26,27.33,26.5,26.75,19.581961,43716100
2012-06-26,26.84,27.1,26.57,26.73,19.567318,34250300
2012-06-27,26.809999,27.219999,26.5,27.1,19.838175,29528900
2012-06-28,26.459999,26.74,25.629999,26.389999,19.318424,68262300
2012-06-29,27.450001,27.59,27.01,27.41,20.065109,54296400
2012-07-02,27.469999,27.93,26.969999,27.459999,20.101706,29971400
2012-07-03,27.4,27.77,27.190001,27.65,20.240791,14966500
2012-07-05,27.52,27.620001,26.700001,26.84,19.647846,31836300
2012-07-06,26.440001,26.77,26.1,26.360001,19.296461,27552100
2012-07-09,26.209999,26.379999,25.799999,26.110001,19.113451,27902500
2012-07-10,26.440001,26.610001,25.700001,25.879999,18.945089,27895100
2012-07-11,25.959999,26.459999,25.719999,25.870001,18.937773,37863200
2012-07-12,25.610001,25.65,25.15,25.280001,18.505869,36919200
2012-07-13,25.58,26.969999,25.540001,26.65,19.508757,48422100
2012-07-16,27.450001,27.530001,26.620001,26.809999,19.625881,59427600
2012-07-17,27.129999,27.41,26.610001,27.379999,20.043139,39561100
2012-07-18,27.190001,27.5,26.91,27.1,19.838175,32283900
2012-07-19,27.16,27.35,26.450001,26.59,19.464828,33200800
2012-07-20,26.26,26.26,25.85,25.870001,18.937773,31663300
2012-07-23,25.1,25.42,25.01,25.34,18.549788,39012600
2012-07-24,25.440001,25.49,24.91,25.24,18.476585,35737900
2012-07-25,25.469999,26.1,25.459999,25.790001,18.879202,37005900
2012-07-26,26.469999,26.52,26.0,26.280001,19.237906,29947900
2012-07-27,26.6,27.6,26.35,27.299999,19.984581,52233900
2012-07-30,27.25,27.379999,26.98,27.139999,19.867458,26263900
2012-07-31,26.98,27.27,26.76,27.129999,19.860132,24735600
2012-08-01,27.299999,27.34,26.5,26.780001,19.603922,38396000
2012-08-02,26.24,26.639999,26.0,26.18,19.171856,31938700
2012-08-03,26.84,27.68,26.6,27.4,20.065275,39855200
2012-08-06,27.58,28.73,27.41,28.559999,20.914753,40063000
2012-08-07,28.620001,29.389999,28.57,28.889999,21.156416,39406800
2012-08-08,28.629999,29.139999,28.440001,28.860001,21.134449,21628800
2012-08-09,28.799999,28.99,28.620001,28.860001,21.134449,17522000
2012-08-10,28.639999,28.99,28.35,28.9,21.163744,25277600
2012-08-13,28.84,29.15,28.540001,28.780001,21.075857,22901800
2012-08-14,28.91,29.190001,28.68,28.77,21.068542,26002900
2012-08-15,28.66,28.959999,28.559999,28.74,21.04656,19283200
2012-08-16,28.76,28.940001,28.309999,28.82,21.105152,21641400
2012-08-17,28.91,29.1,28.790001,29.030001,21.258934,27365000
2012-08-20,28.959999,29.98,28.860001,29.98,21.954632,31880800
2012-08-21,30.23,31.120001,30.139999,30.73,22.503862,64434500
2012-08-22,30.57,30.92,30.26,30.49,22.328106,31092000
2012-08-23,30.459999,30.6,29.450001,29.59,21.669025,31208400
2012-08-24,29.33,29.940001,29.02,29.83,21.844786,29697600
2012-08-27,29.9,30.08,29.42,29.690001,21.742258,24897100
2012-08-28,29.530001,29.889999,29.309999,29.34,21.485954,20453900
2012-08-29,29.27,30.040001,29.200001,29.91,21.903364,26634600
2012-08-30,29.73,29.790001,29.360001,29.65,21.712967,21811500
2012-08-31,29.9,30.190001,29.540001,29.709999,21.756907,25333200
2012-09-04,29.530001,30.07,29.530001,29.700001,21.749584,23189700
2012-09-05,29.719999,29.92,29.6,29.77,21.800846,18163900
2012-09-06,29.9,31.15,29.879999,31.120001,22.789457,59369400
2012-09-07,31.4,32.450001,31.4,32.07,23.485161,52132900
2012-09-10,32.130001,32.599998,31.77,31.83,23.309402,32084700
2012-09-11,31.889999,34.490002,31.32,32.66,23.917221,37575500
2012-09-12,33.009998,33.580002,32.82,33.049999,24.202822,41363700
2012-09-13,32.970001,34.5,32.639999,34.450001,25.228056,62548500
2012-09-14,35.040001,35.25,34.48,34.790001,25.477036,59510200
2012-09-17,34.470001,34.720001,33.849998,34.060001,24.942453,31628600
2012-09-18,33.740002,34.0,33.32,33.939999,24.854578,37055100
2012-09-19,34.029999,34.540001,33.880001,34.18,25.030331,44888800
2012-09-20,33.560001,33.990002,33.259998,33.810001,24.759377,31832500
2012-09-21,34.34,34.400002,33.509998,33.669998,24.656845,30342600
2012-09-24,33.27,33.779999,33.200001,33.490002,24.525042,28090000
2012-09-25,33.68,33.900002,32.849998,32.860001,24.063679,37088900
2012-09-26,32.540001,32.799999,31.879999,32.509998,23.807379,46571400
2012-09-27,32.84,33.330002,32.560001,32.970001,24.144232,32072500
2012-09-28,32.73,33.119999,32.529999,32.720001,23.961155,28952300
2012-10-01,33.0,33.59,32.700001,32.75,23.983128,33550700
2012-10-02,33.27,33.380001,32.869999,33.259998,24.3566,25460500
2012-10-03,33.439999,34.060001,33.049999,34.060001,24.942453,34206500
2012-10-04,34.41,35.09,34.27,34.959999,25.601536,39524000
2012-10-05,35.389999,35.740002,34.599998,34.77,25.462391,42369700
2012-10-08,34.23,34.889999,34.23,34.779999,25.469721,20622700
2012-10-09,34.82,35.080002,34.52,34.599998,25.337898,29208800
2012-10-10,34.709999,35.18,34.59,35.139999,25.733345,29302200
2012-10-11,35.669998,36.16,35.360001,35.52,26.011621,44125600
2012-10-12,34.810001,35.650002,34.66,34.75,25.447752,42554900
2012-10-15,35.400002,36.700001,35.200001,36.66,26.84646,76080200
2012-10-16,36.41,37.400002,36.25,37.25,27.278521,128150100
2012-10-17,37.669998,38.48,37.560001,38.43,28.142641,69122700
2012-10-18,38.240002,38.720001,38.009998,38.419998,28.135324,43728600
2012-10-19,38.029999,38.060001,37.009998,37.16,27.212605,59598800
2012-10-22,37.209999,37.75,37.09,37.720001,27.622707,35734500
2012-10-23,36.990002,37.299999,36.799999,36.889999,27.014881,36533100
2012-10-24,37.25,37.700001,37.02,37.299999,27.315134,41788700
2012-10-25,37.720001,37.84,36.900002,37.41,27.395691,32797300
2012-10-26,37.139999,37.310001,36.48,36.599998,26.802521,40482500
2012-10-31,36.98,37.48,36.740002,37.389999,27.381052,34193700
2012-11-01,37.57,38.0,37.349998,37.950001,27.798569,36174700
2012-11-02,38.099998,38.16,37.509998,37.599998,27.542189,24526300
2012-11-05,37.299999,37.59,36.950001,37.32,27.337097,25782400
2012-11-06,37.450001,38.5,37.43,38.470001,28.17947,39803700
2012-11-07,37.619999,37.790001,36.0,36.049999,26.406813,68287600
2012-11-08,36.459999,36.650002,35.950001,36.0,26.370184,40321600
2012-11-09,35.580002,36.52,35.400002,35.93,26.318909,37701300
2012-11-12,36.119999,36.740002,35.959999,36.419998,26.677841,24364200
2012-11-13,36.009998,36.77,35.93,36.16,26.487387,25977400
2012-11-14,36.290001,36.459999,34.889999,35.02,25.652327,49909500
2012-11-15,35.189999,35.799999,35.009998,35.209999,25.791515,39677700
2012-11-16,35.150002,35.310001,34.169998,34.98,25.623032,52828200
2012-11-19,35.73,36.419998,35.700001,36.099998,26.443428,34352000
2012-11-20,35.849998,36.389999,35.700001,36.0,26.370184,37247900
2012-11-21,36.09,36.09,35.580002,35.77,26.201712,19638900
2012-11-23,35.959999,36.099998,35.82,36.029999,26.392162,13501300
2012-11-26,35.830002,35.84,35.360001,35.57,26.055204,25519300
2012-11-27,35.529999,35.82,35.02,35.040001,25.666979,31273300
2012-11-28,34.77,35.080002,34.040001,35.07,25.688959,48663700
2012-11-29,35.380001,35.639999,35.02,35.209999,25.791515,31678000
2012-11-30,34.950001,35.240002,34.220001,34.57,25.322702,41674500
2012-12-03,34.959999,34.990002,34.130001,34.220001,25.06632,38383600
2012-12-04,34.130001,34.509998,34.07,34.290001,25.117596,31781900
2012-12-05,35.27,37.07,35.099998,36.459999,26.70714,84672900
2012-12-06,36.59,37.029999,36.25,37.02,27.11734,44260900
2012-12-07,37.419998,37.75,37.310001,37.639999,27.571486,43946600
2012-12-10,37.349998,37.5,37.029999,37.189999,27.241873,26715900
2012-12-11,37.43,37.560001,36.830002,37.0,27.102699,29748900
2012-12-12,37.150002,37.82,37.110001,37.529999,27.490921,42252800
2012-12-13,37.5,37.75,37.220001,37.290001,27.315104,30445400
2012-12-14,37.310001,37.68,37.130001,37.599998,27.542189,24596000
2012-12-17,37.77,39.200001,37.759998,39.150002,28.677584,52474700
2012-12-18,39.209999,39.939999,38.779999,39.459999,28.904655,62611800
2012-12-19,39.689999,40.110001,39.310001,39.450001,28.897322,45812600
2012-12-20,39.32,40.18,39.299999,40.169998,29.424736,37806600
2012-12-21,38.900002,39.650002,38.5,39.490002,28.926628,47568200
2012-12-24,39.34,39.549999,39.16,39.380001,28.846052,8674800
2012-12-26,39.41,39.75,39.18,39.549999,28.970583,20297700
2012-12-27,39.68,39.880001,38.59,39.25,28.750826,30332300
2012-12-28,38.82,39.25,38.77,39.009998,28.575026,24563800
2012-12-31,38.939999,39.599998,38.650002,39.560001,28.977896,37172800
2013-01-02,40.91,41.400002,40.700001,41.25,30.215839,45648500
2013-01-03,41.169998,41.5,41.040001,41.389999,30.318386,38343300
2013-01-04,41.759998,42.540001,41.630001,42.43,31.080191,46310100
2013-01-07,42.540001,42.549999,41.970001,42.470001,31.109489,36305100
2013-01-08,42.290001,42.470001,42.029999,42.459999,31.102169,28185200
2013-01-09,42.5,43.25,41.810001,42.040001,30.794516,44923500
2013-01-10,42.34,43.060001,41.98,42.830002,31.373205,42154200
2013-01-11,42.82,42.830002,41.919998,42.34,31.014259,42517300
2013-01-14,42.360001,42.549999,41.709999,42.220001,30.926378,26795300
2013-01-15,41.810001,42.740002,41.77,42.57,31.182743,29118700
2013-01-16,42.540001,42.849998,42.25,42.48,31.116829,36165300
2013-01-17,41.529999,41.619999,40.900002,41.240002,30.208513,80185700
2013-01-18,41.27,41.740002,41.110001,41.66,30.516169,40807100
2013-01-22,41.349998,41.82,40.82,41.779999,30.604061,42035900
2013-01-23,41.849998,42.220001,41.540001,42.02,30.77986,32339300
2013-01-24,42.099998,43.200001,42.040001,42.799999,31.351227,34462600
2013-01-25,43.130001,43.34,42.619999,42.91,31.431803,26707200
2013-01-28,42.98,42.98,42.23,42.34,31.014259,27213600
2013-01-29,42.07,42.599998,41.950001,42.16,30.882418,26998900
2013-01-30,41.990002,42.18,41.759998,41.950001,30.728598,21801200
2013-01-31,41.880001,42.290001,41.619999,42.16,30.889786,21324700
2013-02-01,42.48,43.200001,42.220001,43.02,31.51988,34997400
2013-02-04,42.369999,42.900002,42.169998,42.209999,30.926418,25691500
2013-02-05,42.419998,43.200001,42.349998,42.919998,31.446613,24224200
2013-02-06,42.52,43.049999,42.5,43.049999,31.541859,22059300
2013-02-07,43.110001,43.490002,42.32,42.869999,31.409979,29381400
2013-02-08,42.950001,43.09,42.560001,42.68,31.270775,17441800
2013-02-11,42.66,43.400002,42.490002,43.150002,31.615141,23462700
2013-02-12,43.240002,44.5,43.0,44.349998,32.494354,39087500
2013-02-13,44.470001,44.68,43.759998,44.0,32.237904,26663400
2013-02-14,43.830002,44.419998,43.75,44.32,32.47237,20048500
2013-02-15,44.48,44.509998,43.630001,43.84,32.120678,23244700
2013-02-19,43.990002,44.709999,43.950001,44.5,32.604256,23709100
2013-02-20,44.48,44.48,43.119999,43.220001,31.66642,26464100
2013-02-21,42.790001,42.799999,41.889999,42.349998,31.028992,37602900
2013-02-22,42.799999,42.970001,42.41,42.790001,31.351366,23756400
2013-02-25,43.119999,43.369999,41.040001,41.150002,30.149778,34939800
2013-02-26,41.41,41.580002,40.279999,41.290001,30.252354,46233000
2013-02-27,41.299999,42.34,41.02,42.16,30.889786,29204600
2013-02-28,42.080002,42.689999,41.75,41.970001,30.750565,28914100
2013-03-01,41.560001,42.52,41.02,42.110001,30.853142,29850300
2013-03-04,41.990002,42.939999,41.970001,42.939999,31.461279,27216000
2013-03-05,43.41,44.029999,43.099998,43.599998,31.944834,43223400
2013-03-06,43.970001,44.75,43.900002,44.580002,32.662872,35986300
2013-03-07,44.560001,45.130001,44.450001,45.0,32.970577,40245900
2013-03-08,45.98,46.700001,45.369999,46.68,34.201488,63728900
2013-03-11,46.810001,47.919998,46.400002,47.599998,34.875553,51807400
2013-03-12,47.34,47.450001,46.400002,46.950001,34.399323,35089100
2013-03-13,46.880001,47.0,46.330002,46.970001,34.413979,27654300
2013-03-14,47.060001,47.66,47.049999,47.459999,34.772987,26017300
2013-03-15,47.52,47.57,46.919998,47.259998,34.626453,48856400
2013-03-18,46.040001,46.560001,45.91,46.240002,33.879128,38550200
2013-03-19,46.5,46.950001,45.400002,45.790001,33.549416,44416000
2013-03-20,46.139999,46.459999,45.970001,46.09,33.769215,24498700
2013-03-21,45.91,46.450001,45.220001,45.23,33.139099,33126900
2013-03-22,45.529999,45.540001,44.950001,45.23,33.139099,26449100
2013-03-25,45.759998,45.82,44.330002,44.490002,32.596928,32795800
2013-03-26,44.689999,45.09,44.360001,44.830002,32.846043,24940500
2013-03-27,44.43,44.639999,44.16,44.459999,32.574944,26298000
2013-03-28,44.450001,44.75,44.049999,44.240002,32.413761,25355400
2013-04-01,44.32,44.709999,43.66,43.790001,32.084053,19623400
2013-04-02,43.98,44.48,43.880001,44.110001,32.31852,25145000
2013-04-03,43.970001,44.099998,42.200001,42.5,31.138895,47968100
2013-04-04,42.529999,42.98,42.150002,42.77,31.336718,38527900
2013-04-05,41.75,43.16,41.599998,43.009998,31.51256,32561500
2013-04-08,43.060001,43.619999,42.540001,43.560001,31.915537,23502800
2013-04-09,43.689999,44.279999,43.68,43.889999,32.15731,26793500
2013-04-10,44.23,45.25,44.18,45.060001,33.014557,28334200
2013-04-11,45.099998,45.549999,44.650002,44.869999,32.875347,28399900
2013-04-12,44.459999,44.810001,44.060001,44.779999,32.809406,24702000
2013-04-15,46.099998,46.290001,44.830002,44.869999,32.875347,56796300
2013-04-16,45.880001,46.779999,45.830002,46.66,34.18684,40230100
2013-04-17,46.150002,46.209999,45.07,45.740002,33.512779,36241300
2013-04-18,45.75,45.75,44.869999,45.09,33.036533,29877900
2013-04-19,45.439999,45.5,44.91,45.029999,32.99258,23630500
2013-04-22,45.16,45.259998,44.52,45.150002,33.08049,19919400
2013-04-23,45.43,46.619999,45.400002,46.459999,34.040306,28837900
2013-04-24,46.41,47.43,46.400002,47.119999,34.52388,23560500
2013-04-25,47.189999,47.68,46.900002,47.110001,34.51656,25633900
2013-04-26,47.0,47.220001,46.490002,46.919998,34.377327,14989200
2013-04-29,47.189999,47.290001,46.709999,46.82,34.304062,14224700
2013-04-30,46.849998,47.200001,46.48,46.66,34.18684,18085000
2013-05-01,46.48,46.580002,45.639999,45.869999,33.608009,21943100
2013-05-02,45.990002,46.689999,45.490002,46.540001,34.106358,19996300
2013-05-03,47.119999,47.5,46.869999,46.970001,34.421478,20347400
2013-05-06,46.919998,48.049999,46.889999,47.48,34.795231,29160400
2013-05-07,47.790001,48.299999,47.360001,48.110001,35.256912,27492800
2013-05-08,48.049999,49.459999,47.869999,49.290001,36.121666,34220900
2013-05-09,49.279999,49.34,48.290001,48.599998,35.615993,27058600
2013-05-10,48.549999,48.880001,48.43,48.75,35.725937,18476600
2013-05-13,48.5,48.970001,48.400002,48.919998,35.850521,17096400
2013-05-14,49.049999,50.200001,49.02,50.09,36.707943,35998300
2013-05-15,49.959999,51.450001,49.900002,51.34,37.623985,40824400
2013-05-16,51.0,51.360001,50.5,50.610001,37.089016,25290000
2013-05-17,51.139999,51.5,50.790001,51.450001,37.704597,23610900
2013-05-20,51.459999,52.099998,51.25,51.599998,37.81451,24697300
2013-05-21,51.400002,52.18,51.400002,51.66,37.858505,28171000
2013-05-22,51.84,52.889999,50.84,51.0,37.374821,44035800
2013-05-23,49.200001,50.91,49.18,50.529999,37.030396,42219400
2013-05-24,50.080002,50.540001,50.0,50.52,37.023056,23094900
2013-05-28,51.310001,51.799999,51.080002,51.790001,37.953758,28201000
2013-05-29,51.43,52.59,51.299999,52.279999,38.312855,30015100
2013-05-30,52.27,53.560001,52.240002,53.27,39.038372,30310100
2013-05-31,53.27,53.439999,51.990002,51.990002,38.100327,34618000
2013-06-03,52.060001,52.23,50.610001,51.959999,38.078354,35191300
2013-06-04,51.889999,52.619999,51.0,51.23,37.543373,27899200
2013-06-05,51.110001,51.48,49.759998,50.029999,36.663963,38307500
2013-06-06,49.860001,50.860001,49.630001,50.830002,37.250237,35143600
2013-06-07,51.27,51.810001,50.849998,51.599998,37.81451,30885500
2013-06-10,52.0,52.119999,51.209999,51.93,38.056355,22354400
2013-06-11,50.700001,50.849998,49.82,49.950001,36.605343,51536900
2013-06-12,50.330002,50.450001,49.16,49.439999,36.231594,38569300
2013-06-13,49.279999,50.290001,48.799999,50.290001,36.8545,34191300
2013-06-14,50.220001,50.349998,49.189999,49.220001,36.070374,27362500
2013-06-17,49.810001,50.389999,49.049999,49.360001,36.172955,32128600
2013-06-18,49.52,50.25,49.490002,50.009998,36.649307,19535800
2013-06-19,49.990002,50.299999,49.41,49.529999,36.297543,32511000
2013-06-20,48.900002,49.009998,47.540001,47.900002,35.103016,48678600
2013-06-21,48.23,48.34,45.509998,46.869999,34.348194,76788800
2013-06-24,45.77,46.029999,45.060001,45.439999,33.300224,50809800
2013-06-25,46.16,47.34,46.119999,47.0,34.443474,38838900
2013-06-26,47.799999,47.82,47.049999,47.610001,34.890488,30623500
2013-06-27,48.139999,48.689999,47.810001,48.279999,35.381489,29309200
2013-06-28,48.119999,48.389999,47.669998,47.970001,35.154312,28063600
2013-07-01,48.5,49.200001,46.700001,48.25,35.35952,27234700
2013-07-02,48.27,49.16,47.77,48.150002,35.286224,26615400
2013-07-03,47.470001,47.77,47.150002,47.669998,34.93446,15269700
2013-07-05,48.25,48.580002,47.77,48.529999,35.564709,21649800
2013-07-08,48.919998,49.77,48.799999,49.52,36.290226,26617000
2013-07-09,50.0,50.25,49.400002,50.209999,36.795887,29512900
2013-07-10,49.91,50.240002,49.52,49.630001,36.370831,23768300
2013-07-11,50.619999,50.639999,49.549999,50.040001,36.67131,31097900
2013-07-12,50.150002,50.84,49.93,50.810001,37.235569,26672500
2013-07-15,52.040001,52.16,51.009998,51.810001,37.968418,57329500
2013-07-16,52.0,52.43,51.509998,51.830002,37.983082,33099000
2013-07-17,51.990002,52.389999,51.779999,51.790001,37.953758,34814200
2013-07-18,52.16,52.700001,52.049999,52.689999,38.613327,33211400
2013-07-19,52.630001,52.650002,52.150002,52.349998,38.364143,21762600
2013-07-22,52.380001,53.0,52.16,53.0,38.8405,20047200
2013-07-23,53.169998,53.299999,52.66,52.880001,38.752571,19492100
2013-07-24,52.98,53.169998,52.110001,52.189999,38.246891,22674500
2013-07-25,51.98,52.700001,51.400002,52.66,38.591343,23057000
2013-07-26,52.419998,52.459999,51.82,52.209999,38.261555,16248100
2013-07-29,51.900002,51.950001,51.299999,51.639999,37.843834,16327800
2013-07-30,51.82,52.0,51.490002,51.779999,37.946434,16099700
2013-07-31,51.709999,52.959999,51.709999,52.139999,38.210266,27860500
2013-08-01,52.84,53.200001,52.740002,52.860001,38.745338,20583300
2013-08-02,52.84,53.049999,52.5,53.0,38.84795,15440000
2013-08-05,52.93,53.110001,52.75,52.869999,38.75267,10699700
2013-08-06,52.59,52.689999,51.400002,51.48,37.73381,23692600
2013-08-07,51.009998,51.639999,50.799999,51.5,37.748486,18613400
2013-08-08,52.09,52.119999,51.07,51.779999,37.953712,18623800
2013-08-09,51.720001,52.0,51.240002,51.32,37.616539,15613000
2013-08-12,51.0,51.119999,50.650002,50.900002,37.308701,17413200
2013-08-13,51.040001,52.150002,50.740002,51.77,37.946392,23814200
2013-08-14,51.950001,52.439999,51.580002,51.59,37.814445,17240200
2013-08-15,51.02,51.099998,50.330002,50.860001,37.279369,26231400
2013-08-16,50.689999,51.080002,50.220001,50.349998,36.905563,23497000
2013-08-19,50.060001,50.130001,49.299999,49.330002,36.157909,22958800
2013-08-20,49.27,50.25,48.77,49.919998,36.590374,29313400
2013-08-21,49.799999,49.939999,49.029999,49.16,36.03331,30669600
2013-08-22,49.66,50.27,49.279999,49.91,36.58305,22411800
2013-08-23,50.110001,50.330002,49.689999,49.830002,36.524399,15302800
2013-08-26,49.799999,50.34,49.599998,49.599998,36.355812,16604100
2013-08-27,48.84,49.34,48.16,48.240002,35.358967,29854200
2013-08-28,48.049999,48.93,47.639999,48.310001,35.410278,29616600
2013-08-29,48.400002,48.900002,48.27,48.470001,35.52755,17293800
2013-08-30,48.709999,48.709999,47.799999,48.330002,35.424931,24902000
2013-09-03,49.369999,49.84,48.360001,49.369999,36.187225,28906900
2013-09-04,49.310001,49.950001,49.119999,49.599998,36.355812,18949600
2013-09-05,49.849998,50.200001,49.619999,49.860001,36.546402,17765800
2013-09-06,50.18,50.18,48.889999,49.220001,36.077293,24627200
2013-09-09,49.490002,50.119999,49.360001,50.09,36.714981,22388100
2013-09-10,50.740002,51.529999,50.540001,51.09,37.447968,24843900
2013-09-11,51.040001,51.119999,50.259998,50.73,37.184086,22251600
2013-09-12,50.66,50.759998,49.970001,50.259998,36.839588,21341600
2013-09-13,50.290001,50.619999,50.220001,50.490002,37.008163,12571800
2013-09-16,51.189999,51.450001,50.740002,51.0,37.381996,19369100
2013-09-17,51.150002,51.279999,50.869999,51.200001,37.52858,15469000
2013-09-18,51.02,52.66,50.98,52.209999,38.268902,31901700
2013-09-19,52.75,52.880001,51.900002,51.950001,38.078323,25368500
2013-09-20,52.029999,52.099998,51.119999,51.209999,37.535912,28157600
2013-09-23,49.950001,50.169998,49.290001,49.57,36.333828,34571800
2013-09-24,49.43,49.48,48.93,48.959999,35.886719,26564600
2013-09-25,49.040001,49.540001,48.669998,49.259998,36.106606,26930400
2013-09-26,49.27,49.490002,48.5,48.93,35.864738,23345400
2013-09-27,48.759998,49.200001,48.689999,48.889999,35.8354,20243100
2013-09-30,48.27,48.860001,47.830002,48.509998,35.556862,23789300
2013-10-01,48.849998,49.099998,48.419998,48.599998,35.622826,21040400
2013-10-02,48.419998,49.049999,48.16,48.709999,35.703461,23568300
2013-10-03,48.810001,48.98,48.029999,48.400002,35.476234,22013300
2013-10-04,48.450001,49.189999,48.380001,49.139999,36.018658,18436000
2013-10-07,48.619999,48.669998,48.16,48.18,35.314995,19144300
2013-10-08,48.220001,48.450001,47.619999,47.669998,34.94117,24655300
2013-10-09,47.98,48.380001,47.599998,47.950001,35.146397,22597700
2013-10-10,48.799999,49.369999,48.57,49.27,36.11393,23989600
2013-10-11,49.349998,49.360001,48.700001,49.220001,36.077293,22990000
2013-10-14,48.830002,49.900002,48.549999,49.599998,36.355812,24765900
2013-10-15,49.689999,49.990002,48.650002,48.860001,35.8134,49035600
2013-10-16,49.43,50.900002,49.27,50.84,37.264729,41564100
2013-10-17,50.380001,51.220001,50.290001,51.119999,37.46994,28304600
2013-10-18,51.369999,51.369999,50.810001,51.150002,37.491936,24565300
2013-10-21,51.189999,51.57,51.0,51.029999,37.403992,18703100
2013-10-22,51.32,51.389999,50.580002,50.759998,37.206089,27816600
2013-10-23,50.470001,50.529999,49.919998,50.189999,36.788288,19530800
2013-10-24,50.27,50.310001,49.77,50.150002,36.758953,20034600
2013-10-25,50.029999,50.259998,49.950001,50.060001,36.692989,16736600
2013-10-28,50.009998,50.330002,49.959999,50.150002,36.758953,15543300
2013-10-29,50.27,50.459999,50.07,50.220001,36.810276,16416100
2013-10-30,50.5,50.5,49.59,49.889999,36.568386,22429200
2013-10-31,49.740002,49.740002,48.77,48.779999,35.76194,25056900
2013-11-01,48.869999,49.02,48.610001,48.740002,35.732632,19004100
2013-11-04,48.84,49.139999,48.580002,48.630001,35.65197,16513900
2013-11-05,48.5,48.619999,48.23,48.380001,35.468693,18394200
2013-11-06,48.759998,48.82,48.389999,48.619999,35.644634,17621500
2013-11-07,48.93,49.130001,48.349998,48.349998,35.446701,26954900
2013-11-08,48.470001,50.169998,48.470001,49.939999,36.612366,35134400
2013-11-11,49.790001,50.299999,49.360001,50.169998,36.780991,16831200
2013-11-12,50.0,50.009998,49.349998,49.52,36.304462,21627500
2013-11-13,49.279999,49.990002,49.02,49.990002,36.649025,23536400
2013-11-14,50.009998,50.290001,49.549999,50.209999,36.810329,21758300
2013-11-15,50.189999,50.779999,50.040001,50.400002,36.949608,22217400
2013-11-18,50.799999,51.400002,50.57,50.790001,37.235516,26353400
2013-11-19,50.759998,51.439999,50.610001,51.169998,37.514118,20113300
2013-11-20,51.049999,51.290001,50.619999,50.77,37.220863,18347200
2013-11-21,50.860001,51.970001,50.779999,51.73,37.924671,22868900
2013-11-22,51.939999,52.540001,51.84,52.41,38.423195,26051300
2013-11-25,52.490002,53.68,52.48,53.290001,39.068356,32610000
2013-11-26,53.099998,53.459999,52.959999,53.009998,38.863068,17661000
2013-11-27,52.970001,53.259998,52.900002,53.049999,38.892399,13075200
2013-11-29,53.110001,53.59,52.860001,52.919998,38.797092,10952100
2013-12-02,52.959999,53.41,52.529999,52.619999,38.577141,19854900
2013-12-03,52.470001,52.759998,51.73,52.130001,38.217918,20588400
2013-12-04,51.139999,52.310001,51.049999,52.040001,38.151939,32155300
2013-12-05,51.610001,51.799999,50.950001,51.060001,37.433487,23556900
2013-12-06,51.740002,51.990002,51.200001,51.490002,37.748714,19714300
2013-12-09,51.939999,52.459999,51.919998,52.110001,38.203259,16653500
2013-12-10,51.950001,52.610001,51.689999,51.740002,37.931995,20025700
2013-12-11,51.619999,51.650002,50.529999,50.709999,37.176872,24600000
2013-12-12,51.0,51.139999,50.27,50.91,37.323505,27240800
2013-12-13,50.98,51.189999,50.68,50.970001,37.367489,16743600
2013-12-16,51.389999,51.610001,50.82,50.900002,37.31617,20312000
2013-12-17,51.0,51.049999,50.549999,50.689999,37.162212,17951700
2013-12-18,50.810001,52.07,50.330002,51.959999,38.0933,32921300
2013-12-19,51.73,52.130001,51.450001,51.880001,38.034637,20127100
2013-12-20,52.029999,52.439999,51.900002,52.209999,38.276566,27871300
2013-12-23,52.490002,52.639999,52.220001,52.41,38.423195,13627500
2013-12-24,52.360001,52.470001,52.080002,52.43,38.437851,5302600
2013-12-26,52.619999,52.689999,52.200001,52.349998,38.379192,8882900
2013-12-27,52.360001,52.41,52.189999,52.259998,38.313225,11814500
2013-12-30,52.25,52.439999,51.830002,51.919998,38.063965,11506000
2013-12-31,51.959999,52.119999,51.810001,52.110001,38.203259,10706800
2014-01-02,52.029999,52.400002,51.810001,52.27,38.32056,16479700
2014-01-03,52.389999,53.470001,52.310001,53.400002,39.148983,26884900
2014-01-06,53.619999,54.290001,53.43,53.810001,39.44957,28503100
2014-01-07,54.59,54.720001,53.779999,54.18,39.720837,28840400
2014-01-08,54.290001,55.0,54.200001,54.810001,40.182693,25989800
2014-01-09,55.0,55.279999,54.759998,55.200001,40.46862,21803700
2014-01-10,55.029999,55.09,54.299999,54.720001,40.116718,22485900
2014-01-13,54.459999,54.66,53.439999,53.720001,39.383583,21110300
2014-01-14,54.130001,54.400002,53.630001,53.950001,39.552212,17771000
2014-01-15,54.52,55.169998,54.360001,54.990002,40.314659,33688100
2014-01-16,53.560001,53.560001,52.349998,52.599998,38.562485,62946800
2014-01-17,52.650002,52.919998,52.130001,52.27,38.32056,33934500
2014-01-21,52.5,53.0,51.560001,51.849998,38.012638,27567400
2014-01-22,52.009998,52.130001,51.509998,51.900002,38.049313,20841100
2014-01-23,51.650002,51.650002,50.549999,50.720001,37.184204,34832200
2014-01-24,50.049999,50.169998,49.080002,49.330002,36.165161,59057100
2014-01-27,49.099998,49.66,48.360001,48.810001,35.783932,39675300
2014-01-28,49.290001,49.860001,49.290001,49.599998,36.363106,24780900
2014-01-29,48.919998,49.360001,47.700001,48.080002,35.248749,54018100
2014-01-30,48.459999,48.700001,47.779999,48.299999,35.417404,39940700
2014-01-31,47.509998,48.200001,47.290001,47.43,34.779446,33425100
2014-02-03,47.84,47.860001,46.189999,46.34,33.980179,42977600
2014-02-04,47.0,47.5,46.68,46.779999,34.302834,31286900
2014-02-05,46.759998,47.369999,46.310001,47.060001,34.508148,32535500
2014-02-06,47.400002,48.27,47.27,48.25,35.380737,33905600
2014-02-07,49.09,49.389999,48.52,49.34,36.180019,37875700
2014-02-10,49.549999,49.73,48.830002,49.32,36.165367,19630100
2014-02-11,49.240002,49.860001,48.959999,49.66,36.414669,22982800
2014-02-12,49.779999,50.150002,49.650002,49.959999,36.634651,23626300
2014-02-13,49.07,49.93,49.049999,49.860001,36.561329,20639800
2014-02-14,49.57,49.82,49.41,49.52,36.312,18780600
2014-02-18,49.540001,49.91,49.360001,49.380001,36.209347,16217800
2014-02-19,49.009998,49.310001,48.189999,48.189999,35.33675,30294400
2014-02-20,48.48,48.540001,47.889999,48.130001,35.292747,25234100
2014-02-21,48.220001,48.5,48.099998,48.259998,35.388073,26881700
2014-02-24,48.330002,49.48,48.310001,48.98,35.916042,23874000
2014-02-25,48.939999,49.060001,48.299999,48.400002,35.490734,20495500
2014-02-26,48.43,48.610001,47.68,48.32,35.432064,28822100
2014-02-27,48.09,48.689999,47.959999,48.689999,35.703381,18598300
2014-02-28,48.27,49.290001,48.110001,48.630001,35.659386,31732000
2014-03-03,47.799999,48.25,47.549999,47.610001,34.911442,28678000
2014-03-04,48.330002,48.959999,48.139999,48.830002,35.806057,23940500
2014-03-05,49.040001,49.919998,48.959999,49.419998,36.238686,23620700
2014-03-06,49.900002,50.189999,49.68,49.709999,36.451328,26967000
2014-03-07,50.209999,50.41,49.369999,49.619999,36.38533,25775500
2014-03-10,49.16,49.610001,49.080002,49.57,36.348682,15397100
2014-03-11,49.779999,49.82,48.400002,48.43,35.512726,33244300
2014-03-12,48.119999,48.139999,47.759998,47.98,35.182751,25822400
2014-03-13,48.169998,48.299999,47.07,47.330002,34.706135,38925400
2014-03-14,47.369999,47.82,46.790001,46.880001,34.37616,26135900
2014-03-17,47.470001,47.799999,47.310001,47.73,34.999432,18928200
2014-03-18,47.75,48.139999,47.5,48.139999,35.300079,19517200
2014-03-19,48.220001,49.52,48.02,48.939999,35.886711,30308800
2014-03-20,49.290001,50.459999,49.009998,50.220001,36.825306,33885600
2014-03-21,51.0,51.0,49.860001,50.080002,36.722656,38388600
2014-03-24,50.200001,50.650002,49.779999,50.049999,36.700645,21170300
2014-03-25,50.209999,50.560001,50.049999,50.299999,36.883957,17484200
2014-03-26,50.529999,50.580002,49.68,50.16,36.781315,36784700
2014-03-27,47.43,48.200001,47.110001,47.450001,34.794128,112601000
2014-03-28,47.720001,47.75,47.029999,47.25,34.647461,39796000
2014-03-31,47.529999,47.900002,47.470001,47.599998,34.90411,25651000
2014-04-01,47.720001,48.25,47.650002,47.799999,35.050774,26810400
2014-04-02,48.150002,48.360001,47.73,48.240002,35.373413,22354300
2014-04-03,47.939999,48.0,47.369999,47.68,34.962772,29237100
2014-04-04,47.73,47.790001,46.849998,47.110001,34.544815,33010000
2014-04-07,47.119999,47.169998,46.290001,46.549999,34.134159,30145300
2014-04-08,46.529999,46.849998,46.119999,46.599998,34.170837,26874900
2014-04-09,46.779999,47.189999,46.32,47.16,34.581467,22373200
2014-04-10,47.240002,47.27,46.119999,46.23,33.899521,27170000
2014-04-11,45.700001,46.419998,45.18,45.68,33.496208,31063200
2014-04-14,47.400002,47.799999,46.98,47.669998,34.955437,51962300
2014-04-15,47.959999,48.459999,47.639999,48.310001,35.424751,36511600
2014-04-16,48.560001,48.619999,47.580002,48.18,35.329414,24654500
2014-04-17,48.189999,48.439999,47.990002,48.220001,35.358738,21360900
2014-04-21,48.18,48.220001,47.77,47.84,35.080101,17044500
2014-04-22,47.900002,48.549999,47.849998,48.02,35.212097,18584800
2014-04-23,48.0,48.5,47.91,48.400002,35.490734,13497900
2014-04-24,48.450001,48.580002,48.009998,48.330002,35.439407,14699100
2014-04-25,48.119999,48.419998,47.68,47.75,35.014099,18117600
2014-04-28,47.639999,47.970001,47.049999,47.299999,34.684128,25780300
2014-04-29,47.599998,48.200001,47.400002,48.16,35.314766,16942400
2014-04-30,48.130001,48.330002,47.84,47.91,35.13142,17077200
2014-05-01,47.810001,48.139999,47.59,47.759998,35.028748,10931500
2014-05-02,47.830002,48.209999,47.490002,47.73,35.006737,15358500
2014-05-05,47.200001,47.310001,46.799999,47.18,34.603359,16845800
2014-05-06,47.009998,47.049999,46.330002,46.360001,34.001938,21786700
2014-05-07,46.540001,46.830002,46.32,46.700001,34.251305,17502000
2014-05-08,46.700001,47.490002,46.700001,47.139999,34.57402,16065700
2014-05-09,47.040001,47.23,46.709999,46.990002,34.464001,15185800
2014-05-12,47.220001,47.400002,47.040001,47.27,34.669373,13305600
2014-05-13,47.349998,47.490002,47.23,47.419998,34.779373,12615200
2014-05-14,47.5,47.509998,46.98,47.119999,34.559357,12405600
2014-05-15,46.849998,46.939999,46.150002,46.52,34.119286,21174400
2014-05-16,46.439999,46.68,46.169998,46.439999,34.060619,17186900
2014-05-19,46.099998,46.790001,46.080002,46.77,34.302662,13621000
2014-05-20,46.619999,46.950001,46.380001,46.549999,34.141293,11789800
2014-05-21,46.830002,47.09,46.689999,46.849998,34.36132,12822600
2014-05-22,46.779999,47.150002,46.77,47.139999,34.57402,12711900
2014-05-23,47.23,47.400002,47.09,47.290001,34.684048,9571800
2014-05-27,47.619999,48.349998,47.41,47.57,34.889397,24503800
2014-05-28,47.48,47.889999,47.310001,47.32,34.706043,14178100
2014-05-29,47.349998,47.5,47.209999,47.279999,34.676701,15552800
2014-05-30,47.189999,47.599998,47.150002,47.57,34.889397,11538700
2014-06-02,47.599998,47.959999,47.43,47.759998,35.028748,11887400
2014-06-03,47.509998,48.259998,47.459999,48.189999,35.344128,16105800
2014-06-04,48.040001,48.200001,47.82,47.880001,35.116745,13075300
2014-06-05,48.009998,48.799999,47.889999,48.630001,35.666836,17048300
2014-06-06,48.700001,49.200001,48.619999,48.93,35.886879,19149500
2014-06-09,48.990002,49.59,48.950001,49.580002,36.363598,14235700
2014-06-10,49.490002,49.5,48.990002,49.330002,36.180237,12769300
2014-06-11,49.029999,49.27,48.639999,48.810001,35.798851,13944200
2014-06-12,48.619999,48.709999,48.099998,48.27,35.402798,15670200
2014-06-13,48.139999,48.669998,47.119999,47.59,34.904068,34838700
2014-06-16,47.470001,47.779999,47.040001,47.639999,34.940742,12790900
2014-06-17,47.48,48.049999,47.349998,47.790001,35.050758,13946300
2014-06-18,47.77,48.0,47.41,47.93,35.153427,14468500
2014-06-19,47.950001,47.970001,47.34,47.560001,34.882072,15747900
2014-06-20,47.77,47.82,47.07,47.34,34.720707,18832900
2014-06-23,47.130001,48.18,47.099998,48.060001,35.248768,18431400
2014-06-24,47.849998,48.48,47.709999,47.810001,35.065422,16916400
2014-06-25,47.669998,48.07,47.560001,47.82,35.072758,12704600
2014-06-26,47.709999,47.740002,47.029999,47.23,34.640022,18875700
2014-06-27,47.220001,47.34,46.919998,47.139999,34.57402,19162000
2014-06-30,47.16,47.299999,47.009998,47.099998,34.544685,12290400
2014-07-01,47.419998,47.900002,47.220001,47.459999,34.808723,16699800
2014-07-02,47.540001,48.25,47.5,48.009998,35.212112,16774600
2014-07-03,48.380001,48.709999,48.07,48.240002,35.380798,13643100
2014-07-07,48.049999,48.110001,47.59,47.98,35.190098,12052300
2014-07-08,47.700001,47.73,47.25,47.419998,34.779373,13808800
2014-07-09,47.470001,47.669998,47.200001,47.380001,34.750046,14195300
2014-07-10,46.709999,47.049999,46.549999,46.900002,34.397987,18671600
2014-07-11,46.82,47.009998,46.57,47.0,34.471336,15205700
2014-07-14,48.669998,48.830002,48.349998,48.419998,35.512802,36149700
2014-07-15,48.82,49.459999,48.82,49.290001,36.150898,34419100
2014-07-16,49.490002,49.869999,49.400002,49.82,36.539612,23590400
2014-07-17,49.5,49.98,49.16,49.18,36.070225,23847600
2014-07-18,49.490002,49.810001,49.310001,49.560001,36.34893,15453900
2014-07-21,49.16,49.470001,49.07,49.349998,36.194904,10920200
2014-07-22,49.599998,49.830002,49.380001,49.599998,36.378258,13125500
2014-07-23,49.610001,50.59,49.360001,50.18,36.803661,20099200
2014-07-24,50.220001,50.470001,49.959999,50.09,36.737648,13282600
2014-07-25,49.990002,50.200001,49.939999,50.029999,36.693634,10082900
2014-07-28,49.950001,50.080002,49.540001,49.700001,36.451618,12070400
2014-07-29,49.73,49.869999,49.419998,49.419998,36.246246,13165800
2014-07-30,49.669998,50.27,49.630001,50.0,36.671658,15327600
2014-07-31,49.560001,49.919998,48.91,48.91,35.879364,23550900
2014-08-01,48.59,49.029999,47.900002,48.099998,35.285164,21822700
2014-08-04,48.450001,48.5,48.060001,48.34,35.461231,14277000
2014-08-05,48.259998,48.490002,47.650002,47.889999,35.131107,15912700
2014-08-06,47.75,48.529999,47.75,48.139999,35.314514,13038300
2014-08-07,48.5,48.630001,47.889999,48.060001,35.255825,12377000
2014-08-08,48.060001,48.5,47.779999,48.450001,35.541935,12001500
2014-08-11,48.549999,48.599998,48.23,48.389999,35.49791,9130300
2014-08-12,48.209999,48.68,48.049999,48.439999,35.534595,9238600
2014-08-13,48.619999,48.889999,48.529999,48.75,35.762001,8602600
2014-08-14,48.830002,49.150002,48.740002,49.130001,36.040768,9693100
2014-08-15,49.290001,49.48,48.32,48.720001,35.739994,16215300
2014-08-18,49.049999,49.580002,48.970001,49.509998,36.319523,13199700
2014-08-19,49.529999,50.25,49.52,49.700001,36.458916,13073300
2014-08-20,49.630001,49.919998,49.459999,49.799999,36.532257,9039500
2014-08-21,49.970001,51.220001,49.799999,51.07,37.463905,24162400
2014-08-22,50.939999,51.669998,50.73,50.93,37.36121,20002900
2014-08-25,51.279999,51.990002,51.279999,51.630001,37.874699,17502900
2014-08-26,51.52,52.389999,51.459999,52.130001,38.241493,18384700
2014-08-27,52.119999,52.27,51.68,51.860001,38.04343,13398400
2014-08-28,51.52,51.619999,51.279999,51.389999,37.698643,10255900
2014-08-29,51.529999,51.830002,51.459999,51.650002,37.889378,8981300
2014-09-02,51.779999,51.98,51.439999,51.959999,38.116791,11452100
2014-09-03,52.240002,52.529999,52.040001,52.23,38.31485,15116800
2014-09-04,52.25,52.880001,52.220001,52.470001,38.490917,15694900
2014-09-05,52.310001,52.490002,51.720001,52.299999,38.366188,17484800
2014-09-08,52.16,52.77,51.91,52.049999,38.182819,13557800
2014-09-09,51.639999,51.779999,51.119999,51.259998,37.603283,14584100
2014-09-10,51.240002,51.990002,51.18,51.830002,38.021427,13013600
2014-09-11,51.610001,52.259998,51.52,52.23,38.31485,14084300
2014-09-12,52.200001,52.860001,52.09,52.380001,38.4249,18329200
2014-09-15,52.369999,52.52,51.919998,52.310001,38.373528,12805700
2014-09-16,52.119999,52.41,51.91,52.360001,38.410217,13221300
2014-09-17,52.32,53.049999,52.220001,52.389999,38.432232,20379900
2014-09-18,52.700001,53.900002,52.48,53.66,39.363876,27307100
2014-09-19,53.98,54.130001,53.259998,53.48,39.231827,22153100
2014-09-22,53.439999,53.740002,52.959999,53.040001,38.90905,16654900
2014-09-23,52.75,53.25,52.75,52.84,38.762333,14586000
2014-09-24,52.900002,53.32,52.490002,53.259998,39.070442,15606000
2014-09-25,53.23,53.27,51.959999,51.959999,38.116791,19262500
2014-09-26,51.990002,52.59,51.959999,52.490002,38.505589,10474200
2014-09-29,51.75,52.27,51.32,52.049999,38.182819,13006900
2014-09-30,52.080002,52.490002,51.630001,51.82,38.014084,21787700
2014-10-01,51.68,51.849998,50.889999,51.099998,37.485905,20757500
2014-10-02,50.939999,51.52,50.66,51.25,37.595947,18393400
2014-10-03,51.709999,52.43,51.639999,52.32,38.380875,17716300
2014-10-06,52.57,52.669998,52.130001,52.279999,38.351543,12675100
2014-10-07,51.990002,52.07,51.27,51.27,37.610622,16837100
2014-10-08,51.209999,52.599998,51.18,52.540001,38.542263,23356300
2014-10-09,52.48,52.48,51.009998,51.139999,37.515251,22423700
2014-10-10,50.93,51.290001,50.110001,50.110001,36.759651,27764500
2014-10-13,50.139999,50.869999,49.860001,49.900002,36.605621,26025900
2014-10-14,51.150002,51.630001,50.439999,51.470001,37.757336,41368500
2014-10-15,50.900002,50.93,48.110001,49.68,36.444233,55398300
2014-10-16,48.98,50.209999,48.740002,49.75,36.495579,28295100
2014-10-17,50.490002,50.720001,49.740002,50.07,36.730324,21969900
2014-10-20,50.029999,50.619999,49.959999,50.529999,37.067776,13796700
2014-10-21,51.040001,51.490002,50.75,51.27,37.610622,17798300
2014-10-22,51.27,51.799999,50.68,50.700001,37.19249,16664500
2014-10-23,51.25,51.900002,51.09,51.41,37.713333,15167500
2014-10-24,51.439999,51.869999,51.369999,51.799999,37.999401,13284400
2014-10-27,51.48,51.650002,51.169998,51.59,37.84536,12134600
2014-10-28,51.639999,52.52,51.639999,52.439999,38.468903,16529200
2014-10-29,52.48,52.75,52.09,52.650002,38.622952,16322200
2014-10-30,52.619999,53.400002,52.34,53.150002,38.997158,21027700
2014-10-31,53.400002,53.900002,52.990002,53.529999,39.275974,27639400
2014-11-03,53.419998,53.75,53.02,53.470001,39.23193,12123000
2014-11-04,53.279999,53.32,52.630001,53.189999,39.02652,13618000
2014-11-05,53.59,54.110001,53.259998,54.02,39.635487,18546200
2014-11-06,53.970001,54.299999,53.810001,53.990002,39.613468,13621300
2014-11-07,53.860001,54.009998,53.540001,53.75,39.437397,13479200
2014-11-10,53.57,53.889999,53.540001,53.889999,39.540108,11235500
2014-11-11,53.900002,54.09,53.759998,53.810001,39.481407,9524300
2014-11-12,53.34,53.619999,53.07,53.419998,39.195271,10271800
2014-11-13,53.48,53.580002,52.98,53.439999,39.209938,12668400
2014-11-14,53.310001,53.599998,53.259998,53.380001,39.165909,11345500
2014-11-17,53.060001,53.639999,53.049999,53.57,39.305313,10191900
2014-11-18,53.560001,54.169998,53.509998,53.810001,39.481407,12907700
2014-11-19,53.830002,53.830002,53.380001,53.66,39.371357,8664900
2014-11-20,53.25,53.57,53.110001,53.52,39.268639,9721900
2014-11-21,54.07,54.349998,53.610001,53.66,39.371357,15142200
2014-11-24,53.939999,54.490002,53.759998,54.400002,39.914314,13733900
2014-11-25,54.400002,54.52,54.060001,54.330002,39.862949,13212100
2014-11-26,54.450001,54.48,54.0,54.130001,39.716206,8704200
2014-11-28,54.0,54.18,53.830002,53.970001,39.598804,5876800
2014-12-01,53.799999,53.91,53.049999,53.349998,39.143906,13825700
2014-12-02,53.509998,54.470001,53.509998,54.360001,39.884956,15964300
2014-12-03,54.470001,55.279999,54.310001,55.209999,40.50861,21221500
2014-12-04,54.970001,55.43,54.689999,55.18,40.486607,13407400
2014-12-05,55.52,56.490002,55.459999,56.080002,41.146942,21945900
2014-12-08,55.98,56.950001,55.75,56.369999,41.359718,21799300
2014-12-09,55.439999,56.139999,54.689999,55.849998,40.978191,26262900
2014-12-10,55.509998,55.919998,54.349998,54.470001,39.96566,22464100
2014-12-11,54.650002,55.23,54.419998,54.509998,39.995014,20641300
2014-12-12,53.98,54.349998,53.23,53.400002,39.180588,23137300
2014-12-15,54.080002,54.080002,52.52,52.790001,38.733017,20956200
2014-12-16,52.16,52.84,51.119999,51.169998,37.544395,34745200
2014-12-17,51.209999,52.48,51.110001,52.450001,38.483559,26918800
2014-12-18,53.400002,54.099998,53.130001,54.099998,39.694187,23478100
2014-12-19,53.990002,54.48,53.75,54.009998,39.628147,22986200
2014-12-22,54.040001,54.27,53.52,53.959999,39.591469,11742300
2014-12-23,54.02,54.860001,53.93,54.419998,39.928967,12277000
2014-12-24,54.68,54.900002,54.32,54.540001,40.017021,6237400
2014-12-26,54.630001,54.77,54.41,54.43,39.936314,6415100
2014-12-29,54.139999,55.080002,54.029999,54.73,40.156437,9887500
2014-12-30,54.509998,54.950001,54.25,54.84,40.237133,8188600
2014-12-31,54.950001,55.07,54.099998,54.110001,39.701527,10193000
2015-01-02,54.360001,54.689999,53.790001,54.259998,39.811592,11137800
2015-01-05,53.91,53.959999,52.330002,52.549999,38.556919,20945400
2015-01-06,52.68,52.77,50.529999,50.700001,37.199554,31989300
2015-01-07,51.509998,51.549999,50.619999,51.169998,37.544395,27890800
2015-01-08,51.77,52.080002,51.5,51.939999,38.109364,17467200
2015-01-09,52.169998,52.240002,50.77,50.779999,37.25824,20180200
2015-01-12,50.82,50.91,50.029999,50.380001,36.964756,22725800
2015-01-13,50.66,51.23,49.610001,50.02,36.700615,23201800
2015-01-14,48.959999,49.099998,47.77,49.049999,35.988907,44630800
2015-01-15,48.060001,48.240002,46.91,47.23,34.653538,48799400
2015-01-16,46.700001,47.689999,46.599998,47.610001,34.932343,32307000
2015-01-20,47.98,48.0,47.150002,47.259998,34.675545,25561000
2015-01-21,47.369999,48.23,47.150002,47.740002,35.027737,22873300
2015-01-22,48.259998,49.75,47.93,49.57,36.370445,29652600
2015-01-23,49.490002,49.759998,48.610001,48.619999,35.673401,18984700
2015-01-26,48.48,49.029999,48.41,48.889999,35.871502,13817500
2015-01-27,48.040001,48.650002,47.77,48.310001,35.445957,16401200
2015-01-28,48.369999,48.509998,47.110001,47.110001,34.565498,26065300
2015-01-29,47.07,47.779999,46.830002,47.619999,34.947109,19865700
2015-01-30,47.09,47.73,46.900002,46.950001,34.455418,23729800
2015-02-02,47.200001,47.77,46.900002,47.720001,35.020493,19178200
2015-02-03,48.459999,49.220001,48.349998,48.880001,35.871784,25220200
2015-02-04,48.57,49.0,48.299999,48.400002,35.519531,19581800
2015-02-05,48.740002,49.0,48.220001,48.540001,35.62228,15481900
2015-02-06,49.400002,49.950001,49.060001,49.139999,36.062607,25881500
2015-02-09,48.860001,49.509998,48.439999,49.209999,36.113968,16364900
2015-02-10,50.0,50.060001,49.139999,49.389999,36.246063,17223700
2015-02-11,49.150002,49.880001,49.110001,49.68,36.458893,13079500
2015-02-12,49.939999,51.09,49.77,50.889999,37.34687,28926800
2015-02-13,51.009998,51.490002,50.810001,51.200001,37.574368,17448500
2015-02-17,50.950001,51.799999,50.900002,51.689999,37.933975,14569400
2015-02-18,51.299999,51.669998,51.09,51.419998,37.735832,17666800
2015-02-19,51.279999,51.540001,51.040001,51.119999,37.515671,11272000
2015-02-20,51.049999,51.91,50.360001,51.779999,38.000015,19429400
2015-02-23,51.529999,51.540001,50.75,51.32,37.662441,15282600
2015-02-24,51.419998,52.299999,51.389999,51.900002,38.088104,20250900
2015-02-25,51.650002,52.110001,51.549999,52.09,38.227524,10666000
2015-02-26,52.029999,52.490002,51.91,52.41,38.462372,16358100
2015-02-27,52.32,52.869999,52.169998,52.419998,38.4697,18588400
2015-03-02,52.419998,53.52,52.049999,53.490002,39.254955,19384200
2015-03-03,53.939999,54.0,53.43,53.73,39.431087,24281900
2015-03-04,53.48,53.860001,53.240002,53.669998,39.387043,14698100
2015-03-05,53.709999,53.73,53.150002,53.560001,39.306332,13853800
2015-03-06,53.75,54.009998,52.93,53.060001,38.939388,40296600
2015-03-09,52.880001,53.169998,52.77,52.950001,38.858646,17542600
2015-03-10,52.07,52.299999,51.23,51.23,37.596397,29061300
2015-03-11,51.619999,52.759998,51.52,52.330002,38.403641,32443600
2015-03-12,54.0,54.720001,53.450001,54.080002,39.687935,50191200
2015-03-13,53.900002,54.240002,53.259998,53.540001,39.291649,20780600
2015-03-16,53.740002,54.040001,53.400002,53.689999,39.401718,17031600
2015-03-17,53.209999,53.990002,53.16,53.84,39.511803,13902900
2015-03-18,53.419998,53.939999,53.169998,53.720001,39.423733,18383700
2015-03-19,53.57,53.619999,52.200001,52.380001,38.440353,21150000
2015-03-20,52.439999,53.169998,52.41,52.98,38.880676,22466200
2015-03-23,53.029999,53.049999,52.48,52.48,38.513737,13148900
2015-03-24,52.349998,52.439999,51.939999,51.939999,38.117451,12887700
2015-03-25,51.98,52.110001,51.349998,51.380001,37.706478,15418200
2015-03-26,51.189999,51.459999,50.470001,51.189999,37.567047,21839600
2015-03-27,51.490002,51.490002,50.720001,51.0,37.427608,16052400
2015-03-30,51.330002,52.0,51.310001,51.639999,37.897278,13289200
2015-03-31,51.259998,51.77,51.16,51.52,37.809227,13928900
2015-04-01,51.369999,51.900002,51.009998,51.619999,37.882607,21577700
2015-04-02,51.68,52.220001,51.59,51.860001,38.058735,13966900
2015-04-06,51.16,51.959999,50.98,51.619999,37.882607,13250800
2015-04-07,51.830002,51.93,51.389999,51.52,37.809227,11562700
2015-04-08,51.669998,52.220001,51.630001,51.889999,38.080757,11773000
2015-04-09,51.73,52.209999,51.689999,52.130001,38.256882,13591400
2015-04-10,52.080002,52.68,51.98,52.43,38.477039,13032000
2015-04-13,52.48,52.950001,52.41,52.66,38.645832,11984400
2015-04-14,52.93,53.0,52.380001,52.73,38.697205,13259700
2015-04-15,52.93,53.380001,52.75,53.209999,39.049461,19041100
2015-04-16,53.98,54.459999,53.799999,54.02,39.643902,38345600
2015-04-17,53.509998,54.099998,52.950001,53.07,38.94672,23287000
2015-04-20,53.299999,53.57,53.09,53.200001,39.042133,14730000
2015-04-21,53.349998,53.459999,52.25,52.48,38.513737,19554400
2015-04-22,52.52,53.380001,52.349998,53.099998,38.96875,14873400
2015-04-23,53.009998,53.400002,52.82,53.220001,39.056812,13049600
2015-04-24,53.16,53.220001,52.849998,52.900002,38.82198,10150500
2015-04-27,52.880001,53.389999,52.779999,52.799999,38.748581,15613000
2015-04-28,52.669998,53.099998,52.25,53.02,38.91003,14134500
2015-04-29,52.650002,53.990002,52.610001,53.759998,39.453094,22542400
2015-04-30,53.75,53.970001,52.919998,53.32,39.130188,19420600
2015-05-01,53.639999,53.84,53.310001,53.759998,39.453094,13147600
2015-05-04,53.849998,54.259998,53.740002,54.169998,39.753983,15670100
2015-05-05,53.990002,54.299999,53.25,53.349998,39.152218,20669100
2015-05-06,53.560001,53.900002,52.349998,52.82,38.76326,19414800
2015-05-07,52.59,53.439999,52.41,53.310001,39.159927,14954200
2015-05-08,53.549999,54.110001,53.299999,54.02,39.681473,17333500
2015-05-11,53.919998,54.16,53.799999,53.970001,39.644745,13896800
2015-05-12,53.669998,53.98,53.23,53.740002,39.4758,13336900
2015-05-13,53.720001,54.360001,53.48,54.200001,39.81369,15810400
2015-05-14,54.43,54.73,54.330002,54.599998,40.107517,14250800
2015-05-15,54.59,54.610001,54.029999,54.240002,39.843082,10377200
2015-05-18,54.189999,54.900002,54.169998,54.669998,40.158947,11717600
2015-05-19,54.790001,55.369999,54.75,55.330002,40.643761,18207400
2015-05-20,55.27,55.299999,54.75,54.889999,40.320557,13954600
2015-05-21,54.689999,55.099998,54.610001,54.84,40.283806,11799200
2015-05-22,54.779999,55.330002,54.68,54.970001,40.379311,12652000
2015-05-26,54.75,54.84,54.009998,54.240002,39.843082,16564500
2015-05-27,54.34,54.98,54.200001,54.869999,40.305843,13699400
2015-05-28,54.82,54.82,54.220001,54.549999,40.070786,13380900
2015-05-29,54.459999,54.490002,53.869999,54.080002,39.725544,13841400
2015-06-01,54.68,55.049999,54.439999,54.450001,39.997334,18156300
2015-06-02,54.400002,55.02,54.130001,54.720001,40.19566,17765400
2015-06-03,55.040001,56.02,55.009998,55.630001,40.864136,21240500
2015-06-04,55.450001,56.0,55.16,55.330002,40.643761,18517600
2015-06-05,56.02,56.580002,55.84,56.240002,41.312214,26500400
2015-06-08,56.25,56.5,55.650002,55.650002,40.878822,14961600
2015-06-09,55.57,56.360001,55.220001,56.0,41.135918,15193100
2015-06-10,56.27,57.209999,56.18,57.02,41.88517,21275600
2015-06-11,57.200001,57.5,56.93,57.209999,42.024746,19187100
2015-06-12,57.009998,57.25,56.669998,57.110001,41.951283,13860600
2015-06-15,56.619999,56.939999,56.110001,56.650002,41.613384,17698400
2015-06-16,56.52,57.130001,56.360001,57.07,41.921906,13563800
2015-06-17,57.07,57.150002,56.380001,56.540001,41.532589,17801900
2015-06-18,56.66,56.880001,55.98,56.759998,41.694199,18739300
2015-06-19,56.509998,56.810001,56.169998,56.23,41.304867,18840500
2015-06-22,56.860001,57.209999,56.759998,56.950001,41.833763,13011600
2015-06-23,57.279999,57.639999,57.119999,57.389999,42.156975,16216100
2015-06-24,56.66,56.990002,56.5,56.66,41.620739,19235500
2015-06-25,56.990002,57.060001,56.18,56.189999,41.27549,12176200
2015-06-26,56.470001,56.650002,56.099998,56.34,41.38567,12148300
2015-06-29,55.040001,55.619999,54.849998,54.880001,40.313202,22260400
2015-06-30,55.52,55.68,54.810001,55.240002,40.577648,17737400
2015-07-01,56.009998,56.009998,55.240002,55.68,40.900867,17606100
2015-07-02,55.43,55.849998,55.07,55.369999,40.673141,12062800
2015-07-06,54.790001,55.25,54.5,55.080002,40.460106,12706200
2015-07-07,54.970001,55.049999,53.029999,54.5,40.034058,32011200
2015-07-08,53.810001,53.810001,52.77,52.799999,38.785301,26169400
2015-07-09,53.84,54.150002,53.599998,53.709999,39.453754,23540400
2015-07-10,54.549999,54.790001,54.299999,54.560001,40.07814,16578700
2015-07-13,55.040001,55.689999,55.040001,55.540001,40.798019,18803900
2015-07-14,55.369999,56.119999,55.240002,55.91,41.069813,18174900
2015-07-15,56.259998,56.790001,55.950001,56.459999,41.473824,20470500
2015-07-16,57.900002,58.650002,57.709999,58.59,43.03846,41084000
2015-07-17,58.529999,58.889999,58.34,58.75,43.155983,21055300
2015-07-20,58.959999,59.299999,58.630001,58.849998,43.229443,16016600
2015-07-21,58.799999,59.310001,58.799999,59.099998,43.413078,21541700
2015-07-22,59.119999,60.529999,59.029999,60.34,44.323948,30156200
2015-07-23,60.290001,60.950001,59.73,59.869999,43.97871,29432300
2015-07-24,59.700001,59.77,58.330002,58.700001,43.119247,24760800
2015-07-27,57.900002,58.330002,57.43,57.959999,42.575668,20378400
2015-07-28,58.450001,58.5,57.779999,58.369999,42.876846,12566700
2015-07-29,58.560001,59.150002,58.43,58.919998,43.280853,14460800
2015-07-30,58.73,59.049999,58.299999,58.880001,43.288212,11202100
2015-07-31,58.790001,58.84,58.369999,58.459999,42.979427,12529300
2015-08-03,58.619999,58.669998,57.950001,58.439999,42.964722,10508700
2015-08-04,58.369999,58.869999,58.290001,58.470001,42.986778,10984500
2015-08-05,58.939999,59.25,58.599998,58.740002,43.185295,10631000
2015-08-06,58.82,58.959999,57.900002,58.099998,42.714771,14707400
2015-08-07,58.18,58.610001,57.439999,57.91,42.575085,11934000
2015-08-10,58.259998,58.84,58.209999,58.740002,43.185295,10812200
2015-08-11,58.009998,58.25,57.240002,57.639999,42.376575,18897600
2015-08-12,56.939999,57.240002,55.310001,56.91,41.839893,27428700
2015-08-13,57.029999,57.599998,56.5,57.330002,42.148666,15837900
2015-08-14,57.18,57.720001,57.18,57.59,42.339817,8864000
2015-08-17,57.16,57.849998,56.990002,57.77,42.472145,11139200
2015-08-18,57.669998,57.919998,57.400002,57.549999,42.31041,11593200
2015-08-19,57.18,57.52,56.560001,57.0,41.906044,17673200
2015-08-20,56.029999,56.310001,55.330002,55.330002,40.678276,28455500
2015-08-21,54.400002,55.049999,53.580002,53.599998,39.406387,33437500
2015-08-24,49.130001,52.529999,47.099998,50.34,37.009663,37767000
2015-08-25,52.700001,52.75,49.880001,49.880001,36.671459,27809200
2015-08-26,51.41,52.380001,50.25,52.279999,38.435925,30721900
2015-08-27,53.189999,53.619999,52.349998,53.439999,39.288765,26467300
2015-08-28,53.09,53.560001,52.82,53.279999,39.171127,17205400
2015-08-31,53.130001,53.66,52.720001,53.48,39.318169,20629000
2015-09-01,52.400002,52.400002,50.290001,50.939999,37.450768,28621600
2015-09-02,51.810001,52.029999,50.990002,51.75,38.046288,17515800
2015-09-03,51.959999,52.709999,51.59,51.790001,38.075684,15708700
2015-09-04,51.130001,51.299999,50.119999,50.59,37.193451,19054500
2015-09-08,51.400002,51.880001,51.02,51.650002,37.972775,17160200
2015-09-09,52.400002,52.619999,50.73,50.880001,37.406673,16930900
2015-09-10,50.560001,51.5,50.290001,51.07,37.546345,17467000
2015-09-11,51.009998,51.150002,50.630001,51.099998,37.568401,12001800
2015-09-14,51.080002,51.18,50.68,50.98,37.480183,11427000
2015-09-15,51.18,52.290001,51.060001,52.0,38.230083,17858900
2015-09-16,52.259998,52.709999,51.790001,52.59,38.663845,17369500
2015-09-17,52.610001,53.0,51.380001,51.650002,37.972775,24075200
2015-09-18,50.700001,50.84,50.110001,50.290001,36.972881,33404600
2015-09-21,50.82,51.099998,50.360001,50.709999,37.281685,14936600
2015-09-22,49.950001,50.450001,49.860001,50.380001,37.039059,19610600
2015-09-23,50.400002,50.650002,49.950001,50.119999,36.847912,13680200
2015-09-24,49.66,49.75,48.75,49.130001,36.120083,32241000
2015-09-25,50.169998,50.720001,49.869999,50.549999,37.164051,22341800
2015-09-28,50.630001,50.700001,48.950001,49.029999,36.046547,21919800
2015-09-29,49.049999,49.450001,48.470001,49.0,36.024502,16485000
2015-09-30,49.810001,49.84,48.900002,49.610001,36.472965,17629000
2015-10-01,49.419998,50.0,49.220001,49.889999,36.678822,16291000
2015-10-02,48.509998,49.880001,47.709999,49.880001,36.671459,27320900
2015-10-05,50.400002,51.34,50.34,51.16,37.612526,14881200
2015-10-06,51.049999,51.5,50.830002,51.060001,37.539005,12602100
2015-10-07,51.48,51.849998,50.889999,51.32,37.730148,16572000
2015-10-08,51.09,51.84,50.75,51.650002,37.972775,16903000
2015-10-09,51.82,52.02,50.93,51.380001,37.774261,14341200
2015-10-12,51.360001,51.490002,50.880001,51.279999,37.700741,11187000
2015-10-13,50.849998,51.709999,50.830002,51.209999,37.649273,13337900
2015-10-14,51.07,51.220001,50.380001,50.720001,37.289028,22288000
2015-10-15,51.830002,53.18,51.119999,52.970001,38.943211,31023100
2015-10-16,53.34,53.360001,52.57,52.689999,38.737362,17569200
2015-10-19,52.360001,53.18,52.330002,52.860001,38.862331,13616200
2015-10-20,52.860001,53.200001,52.599998,52.84,38.847641,11195800
2015-10-21,52.990002,53.16,51.790001,51.810001,38.090405,15577800
2015-10-22,52.18,52.869999,52.150002,52.509998,38.60503,22320500
2015-10-23,53.0,53.669998,52.950001,53.639999,39.435799,19927100
2015-10-26,53.23,53.59,52.75,53.110001,39.04615,14530700
2015-10-27,52.709999,52.91,52.240002,52.610001,38.678551,13232400
2015-10-28,52.860001,54.959999,52.709999,54.73,40.237164,23403900
2015-10-29,54.5,55.060001,53.619999,53.66,39.48658,23153900
2015-10-30,53.75,53.82,52.93,53.169998,39.125992,18430200
2015-11-02,53.450001,54.049999,53.34,53.830002,39.611683,11999700
2015-11-03,53.560001,54.389999,53.52,54.16,39.854519,13518300
2015-11-04,54.369999,54.5,53.66,53.830002,39.611683,16985200
2015-11-05,53.779999,54.400002,53.75,54.150002,39.847157,13632500
2015-11-06,55.77,56.459999,55.490002,55.869999,41.112839,21654400
2015-11-09,55.919998,56.189999,55.07,55.709999,40.995106,19921800
2015-11-10,55.529999,56.169998,55.0,55.799999,41.061333,17657400
2015-11-11,56.119999,56.139999,54.779999,54.900002,40.399044,15834000
2015-11-12,54.52,54.52,53.450001,53.459999,39.339397,17735000
2015-11-13,53.169998,53.580002,52.669998,53.169998,39.125992,16828800
2015-11-16,52.959999,53.689999,52.490002,53.689999,39.508644,14896600
2015-11-17,53.889999,54.220001,53.23,53.490002,39.361477,14845300
2015-11-18,53.849998,55.029999,53.759998,54.98,40.457924,19100300
2015-11-19,54.880001,55.299999,54.740002,55.060001,40.516781,11997500
2015-11-20,55.369999,55.369999,54.549999,54.75,40.288673,14896000
2015-11-23,54.669998,54.84,54.150002,54.279999,39.942822,14547100
2015-11-24,53.810001,54.509998,53.709999,54.18,39.869232,12950900
2015-11-25,54.290001,54.330002,53.759998,54.080002,39.795639,9859400
2015-11-27,54.060001,54.369999,53.720001,54.209999,39.891293,5483300
2015-11-30,54.34,54.459999,53.970001,54.09,39.80299,14603100
2015-12-01,54.400002,54.91,54.25,54.880001,40.384331,11856000
2015-12-02,54.990002,55.02,54.029999,54.139999,39.839794,15288800
2015-12-03,54.419998,54.599998,53.349998,53.509998,39.376202,19750000
2015-12-04,53.66,55.330002,53.52,55.09,40.538864,21464100
2015-12-07,54.77,54.880001,53.91,54.400002,40.031113,15077300
2015-12-08,53.84,54.009998,53.18,53.389999,39.287903,14785500
2015-12-09,53.049999,53.810001,52.310001,52.810001,38.861084,19903700
2015-12-10,52.889999,53.240002,52.169998,52.650002,38.743351,16333800
2015-12-11,51.939999,52.209999,50.669998,51.110001,37.610123,24093500
2015-12-14,51.139999,51.73,50.5,51.099998,37.602753,21586800
2015-12-15,51.849998,52.799999,51.849998,52.52,38.647686,21642300
2015-12-16,53.040001,54.009998,52.299999,53.900002,39.663181,26044800
2015-12-17,54.009998,54.200001,52.709999,52.84,38.88316,17179600
2015-12-18,52.459999,52.68,51.16,51.209999,37.683701,25509600
2015-12-21,51.709999,51.91,51.080002,51.790001,38.110508,16929000
2015-12-22,51.990002,52.130001,51.389999,52.009998,38.272388,13241300
2015-12-23,52.299999,52.639999,52.080002,52.630001,38.728645,14950200
2015-12-24,52.48,52.970001,52.450001,52.709999,38.787487,4671200
2015-12-28,52.57,52.57,51.959999,52.380001,38.544666,8761700
2015-12-29,52.759998,53.220001,52.740002,52.98,38.986187,10155100
2015-12-30,52.84,52.939999,52.25,52.299999,38.485798,8763300
2015-12-31,52.07,52.389999,51.75,51.75,38.08107,11281800
2016-01-04,50.75,51.189999,50.189999,51.130001,37.624832,23440200
2016-01-05,51.540001,51.610001,50.41,50.860001,37.426151,17444900
2016-01-06,50.099998,50.580002,49.759998,50.119999,36.881615,22501800
2016-01-07,49.07,49.380001,47.5,47.560001,34.997791,37902900
2016-01-08,48.73,48.740002,46.029999,46.130001,33.945515,30643000
2016-01-11,46.560001,46.990002,45.93,46.849998,34.475319,26284600
2016-01-12,47.5,47.5,46.27,46.880001,34.497402,26310000
2016-01-13,47.32,47.349998,44.970001,45.189999,33.253784,27925800
2016-01-14,45.419998,45.82,44.57,45.380001,33.393612,30129500
2016-01-15,42.509998,43.689999,41.849998,42.470001,31.252247,52452600
2016-01-19,42.849998,43.119999,41.66,41.939999,30.862213,39032700
2016-01-20,40.52,41.029999,39.439999,40.490002,29.795212,49905400
2016-01-21,40.509998,41.389999,40.029999,40.150002,29.545025,34976700
2016-01-22,41.049999,41.349998,40.82,41.060001,30.214661,30187200
2016-01-25,40.810001,40.959999,39.450001,39.549999,29.103506,31924000
2016-01-26,39.599998,40.790001,39.5,40.5,29.80258,23508400
2016-01-27,40.369999,41.689999,40.23,40.560001,29.846733,28274800
2016-01-28,41.200001,41.389999,40.07,40.389999,29.758324,23212800
2016-01-29,40.799999,42.59,40.779999,42.580002,31.371859,36107600
2016-02-01,42.360001,42.830002,42.0,42.48,31.298178,22860300
2016-02-02,41.860001,41.860001,40.279999,40.419998,29.780428,31460900
2016-02-03,40.650002,40.709999,38.040001,40.360001,29.736221,43680300
2016-02-04,40.110001,41.57,40.049999,40.790001,30.053022,26732600
2016-02-05,41.02,41.439999,39.549999,39.860001,29.36783,23599700
2016-02-08,39.139999,39.18,37.18,37.810001,27.857437,35237100
2016-02-09,36.93,38.07,36.68,37.509998,27.636406,39767200
2016-02-10,38.5,39.09,37.380001,37.41,27.562735,33390000
2016-02-11,36.0,36.16,34.52,34.98,25.77236,48945600
2016-02-12,36.029999,37.869999,35.98,37.540001,27.65852,38120400
2016-02-16,38.59,39.220001,38.32,38.889999,28.65316,31802500
2016-02-17,39.709999,40.290001,39.5,39.779999,29.308887,29133500
2016-02-18,39.93,39.990002,38.619999,38.919998,28.675255,24107700
2016-02-19,38.82,39.060001,38.060001,38.990002,28.726835,22426000
2016-02-22,39.669998,39.970001,39.299999,39.52,29.117325,22028600
2016-02-23,39.119999,39.189999,38.040001,38.220001,28.159513,26234200
2016-02-24,37.439999,38.18,36.610001,38.09,28.063734,25912400
2016-02-25,38.23,38.650002,38.009998,38.619999,28.454231,19889500
2016-02-26,39.060001,40.02,38.759998,39.5,29.102583,23757400
2016-02-29,39.43,39.799999,38.849998,38.849998,28.623688,22268700
2016-03-01,39.150002,41.290001,39.099998,41.27,30.406681,30606800
2016-03-02,41.240002,42.25,41.09,42.220001,31.106623,28383800
2016-03-03,42.139999,42.869999,41.889999,42.830002,31.556051,21835200
2016-03-04,43.07,43.59,42.470001,42.830002,31.556051,28071000
2016-03-07,42.360001,42.93,42.080002,42.610001,31.393961,22134600
2016-03-08,42.150002,42.310001,40.990002,41.049999,30.244589,26265000
2016-03-09,41.360001,41.43,40.630001,41.150002,30.318266,18573900
2016-03-10,41.610001,42.150002,40.610001,41.369999,30.480354,21139800
2016-03-11,42.27,43.009998,41.759998,42.990002,31.673933,21068500
2016-03-14,42.66,42.91,42.209999,42.669998,31.438156,15332700
2016-03-15,42.259998,42.619999,41.970001,42.59,31.379225,13784700
2016-03-16,42.130001,43.049999,41.5,42.23,31.113976,22981000
2016-03-17,41.990002,42.93,41.380001,42.849998,31.570778,24262800
2016-03-18,43.43,43.970001,43.25,43.540001,32.079151,30801900
2016-03-21,43.43,44.259998,43.25,43.599998,32.12336,16226400
2016-03-22,43.27,43.630001,42.91,43.380001,31.961273,14885100
2016-03-23,43.279999,43.5,42.279999,42.369999,31.217133,23989200
2016-03-24,41.779999,41.939999,41.029999,41.939999,30.900309,22723400
2016-03-28,42.099998,42.18,41.68,41.919998,30.885571,13062400
2016-03-29,41.779999,41.779999,41.139999,41.720001,30.738224,18160100
2016-03-30,41.98,42.59,41.849998,41.880001,30.856121,14763200
2016-03-31,41.830002,42.34,41.59,41.75,30.760332,15661700
2016-04-01,41.52,42.599998,41.299999,42.470001,31.290821,17749500
2016-04-04,42.360001,42.700001,41.98,42.060001,30.988724,14376300
2016-04-05,41.450001,41.900002,41.119999,41.509998,30.583506,17867800
2016-04-06,41.529999,41.889999,41.189999,41.860001,30.841366,16169900
2016-04-07,41.299999,41.48,39.950001,40.27,29.669909,22618000
2016-04-08,40.860001,41.279999,40.369999,40.470001,29.817268,14676100
2016-04-11,40.740002,41.509998,40.709999,41.119999,30.296158,21083700
2016-04-12,41.279999,41.959999,41.119999,41.900002,30.870855,19888700
2016-04-13,42.549999,44.490002,42.549999,44.25,32.602261,33135400
2016-04-14,44.139999,45.290001,44.02,44.98,33.14011,26885100
2016-04-15,46.450001,46.560001,44.599998,44.919998,33.095905,39168600
2016-04-18,44.419998,45.25,44.209999,45.110001,33.235889,22929900
2016-04-19,45.419998,45.93,45.23,45.630001,33.619019,18833300
2016-04-20,45.740002,46.75,45.73,46.740002,34.436825,21645700
2016-04-21,46.790001,46.950001,46.23,46.599998,34.333672,21538600
2016-04-22,46.689999,47.349998,46.619999,46.970001,34.606285,17425900
2016-04-25,46.630001,46.93,46.139999,46.689999,34.399994,13480500
2016-04-26,46.709999,47.16,46.419998,47.099998,34.702076,15573600
2016-04-27,46.889999,47.84,46.790001,47.330002,34.87154,19444700
2016-04-28,46.790001,47.529999,46.549999,46.73,34.465878,18399500
2016-04-29,46.52,46.860001,46.060001,46.279999,34.133991,23922700
2016-05-02,46.540001,46.830002,45.900002,46.68,34.429005,13802500
2016-05-03,45.77,45.830002,44.98,45.57,33.61031,21186200
2016-05-04,44.880001,45.02,44.169998,44.66,32.939137,24310500
2016-05-05,44.779999,45.080002,44.16,44.23,32.621994,14912000
2016-05-06,43.810001,44.419998,43.720001,44.41,32.754749,17632500
2016-05-09,44.310001,44.610001,43.650002,43.889999,32.371223,14251900
2016-05-10,44.34,44.900002,44.110001,44.84,33.071899,13608900
2016-05-11,44.66,45.380001,44.459999,44.470001,32.799004,15997900
2016-05-12,44.84,45.169998,43.77,44.0,32.452351,15551500
2016-05-13,43.98,44.57,43.0,43.110001,31.795933,19433500
2016-05-16,43.110001,43.5,42.939999,43.150002,31.825439,17158400
2016-05-17,43.07,43.889999,42.810001,43.700001,32.231094,19943000
2016-05-18,43.75,46.139999,43.75,45.869999,33.831585,37645200
2016-05-19,45.599998,46.060001,44.630001,45.060001,33.234173,23036100
2016-05-20,45.419998,45.700001,44.790001,44.900002,33.116161,19610200
2016-05-23,44.849998,45.18,44.57,45.110001,33.271034,15050500
2016-05-24,45.450001,46.189999,45.310001,45.860001,33.824215,18976500
2016-05-25,46.189999,47.599998,46.189999,46.939999,34.62075,23944600
2016-05-26,47.040001,47.119999,46.07,46.110001,34.008587,16956600
2016-05-27,46.240002,46.669998,46.080002,46.580002,34.355247,13854500
2016-05-31,46.880001,46.900002,46.310001,46.57,34.347874,21404000
2016-06-01,46.040001,46.990002,45.48,46.939999,34.62075,17212500
2016-06-02,46.860001,47.060001,46.599998,46.970001,34.642887,15483800
2016-06-03,45.110001,45.599998,44.25,45.389999,33.477558,36961500
2016-06-06,45.389999,46.259998,45.209999,45.740002,33.735706,17321400
2016-06-07,46.040001,46.099998,45.509998,45.540001,33.588196,12089800
2016-06-08,45.48,45.900002,45.299999,45.560001,33.602932,13147300
2016-06-09,45.18,45.209999,44.650002,45.009998,33.197292,17069000
2016-06-10,44.27,44.400002,43.68,43.900002,32.378601,23071100
2016-06-13,43.23,44.060001,43.150002,43.16,31.832811,20612100
2016-06-14,43.040001,43.540001,41.52,41.959999,30.947748,27621300
2016-06-15,42.299999,42.889999,41.970001,42.009998,30.984612,21934200
2016-06-16,41.610001,42.18,41.150002,42.119999,31.065754,19904800
2016-06-17,42.439999,42.939999,42.150002,42.48,31.331284,25113400
2016-06-20,43.459999,44.049999,42.779999,42.799999,31.567299,20244000
2016-06-21,43.169998,43.209999,42.470001,42.919998,31.655794,14714900
2016-06-22,42.869999,43.43,42.639999,42.68,31.478785,18087600
2016-06-23,43.509998,44.5,43.470001,44.459999,32.791622,25703000
2016-06-24,40.630001,41.389999,40.259998,40.299999,29.723408,71849800
2016-06-27,39.580002,39.639999,38.310001,38.48,28.381065,53380200
2016-06-28,39.810001,40.630001,39.200001,40.439999,29.826658,38605600
2016-06-29,41.139999,42.189999,40.900002,42.119999,31.065754,34004100
2016-06-30,42.68,42.799999,41.68,42.389999,31.264898,34485400
2016-07-01,42.299999,42.689999,41.970001,42.169998,31.102627,19399600
2016-07-05,41.380001,41.5,40.419998,40.779999,30.077425,25571100
2016-07-06,40.150002,41.080002,40.029999,41.060001,30.283936,27713900
2016-07-07,41.330002,42.060001,41.09,41.290001,30.453588,24585500
2016-07-08,41.799999,42.27,41.630001,41.98,30.962492,29468600
2016-07-11,42.389999,42.75,42.290001,42.290001,31.191145,19752600
2016-07-12,42.82,43.48,42.759998,43.439999,32.039318,23803600
2016-07-13,43.330002,43.68,43.02,43.330002,31.958202,20488200
2016-07-14,44.380001,44.77,44.119999,44.450001,32.784252,37093600
2016-07-15,44.450001,45.029999,43.849998,44.330002,32.695744,29198800
2016-07-18,44.279999,44.900002,44.240002,44.57,32.872757,18683900
2016-07-19,44.189999,44.689999,44.060001,44.349998,32.710506,15297300
2016-07-20,44.529999,44.700001,44.200001,44.470001,32.799004,16547100
2016-07-21,44.5,44.700001,44.110001,44.130001,32.548237,14924900
2016-07-22,44.099998,44.360001,43.830002,44.299999,32.67363,12764200
2016-07-25,44.310001,44.360001,43.91,44.040001,32.481857,14391400
2016-07-26,43.93,44.240002,43.900002,44.150002,32.562984,16152500
2016-07-27,44.200001,44.709999,44.130001,44.290001,32.666233,17814200
2016-07-28,44.0,44.169998,43.68,44.080002,32.629242,13239600
2016-07-29,43.869999,44.16,43.759998,43.810001,32.429371,13773700
2016-08-01,43.919998,44.02,43.240002,43.419998,32.14069,14794400
2016-08-02,43.23,43.630001,42.5,42.990002,31.822388,20089100
2016-08-03,42.93,43.939999,42.860001,43.889999,32.48859,14708300
2016-08-04,43.740002,44.040001,43.66,43.84,32.45158,11747900
2016-08-05,44.630001,45.73,44.509998,45.720001,33.843224,28566800
2016-08-08,45.830002,46.16,45.48,45.959999,34.020863,16861600
2016-08-09,45.950001,46.110001,45.669998,45.900002,33.97646,12203800
2016-08-10,45.799999,45.900002,45.389999,45.450001,33.643353,16566700
2016-08-11,45.509998,45.91,45.290001,45.73,33.850605,14819400
2016-08-12,45.41,45.599998,45.220001,45.580002,33.739578,12472900
2016-08-15,45.82,46.5,45.82,46.389999,34.339149,12252700
2016-08-16,46.25,46.790001,46.139999,46.619999,34.509418,15202100
2016-08-17,46.509998,46.799999,46.380001,46.630001,34.516815,17899300
2016-08-18,46.57,46.700001,46.209999,46.5,34.420582,14190300
2016-08-19,46.34,46.59,46.02,46.529999,34.44278,12207600
2016-08-22,46.419998,46.75,46.25,46.66,34.539028,11007500
2016-08-23,46.900002,47.060001,46.59,46.59,34.487217,13345500
2016-08-24,46.630001,47.119999,46.540001,46.66,34.539028,16054400
2016-08-25,46.509998,46.82,46.470001,46.720001,34.583439,16520200
2016-08-26,46.830002,47.240002,46.700001,47.110001,34.872124,23338500
2016-08-29,47.189999,47.689999,47.110001,47.259998,34.983162,16700000
2016-08-30,47.259998,47.93,47.220001,47.900002,35.456898,17519800
2016-08-31,47.959999,48.18,47.25,47.740002,35.338474,20826600
2016-09-01,47.82,48.029999,46.759998,47.360001,35.057186,19403900
2016-09-02,47.5,47.709999,47.009998,47.509998,35.168221,16293000
2016-09-06,47.509998,47.650002,46.650002,47.290001,35.005371,17649500
2016-09-07,47.0,47.639999,46.860001,47.48,35.146011,13610600
2016-09-08,47.459999,48.07,47.32,47.790001,35.375481,15856400
2016-09-09,47.900002,48.169998,47.169998,47.169998,34.916531,20468100
2016-09-12,46.639999,47.869999,46.330002,47.790001,35.375481,22074800
2016-09-13,46.900002,47.290001,46.610001,46.919998,34.731476,19885000
2016-09-14,46.889999,47.439999,46.68,46.75,34.60564,19778400
2016-09-15,46.75,47.32,46.59,47.080002,34.84993,14133200
2016-09-16,46.599998,46.790001,46.240002,46.41,34.353966,24820800
2016-09-19,46.619999,47.240002,46.509998,46.59,34.487217,12759700
2016-09-20,47.040001,47.189999,46.450001,46.540001,34.450199,13749400
2016-09-21,47.0,47.279999,46.290001,46.900002,34.71669,16605200
2016-09-22,46.990002,47.299999,46.75,47.110001,34.872124,16247600
2016-09-23,47.02,47.459999,46.84,47.150002,34.901733,14793500
2016-09-26,46.509998,46.630001,45.830002,45.889999,33.969051,22646700
2016-09-27,45.52,46.48,45.16,46.369999,34.32436,16165700
2016-09-28,46.580002,46.91,46.099998,46.869999,34.694473,15871600
2016-09-29,46.799999,47.400002,45.41,45.799999,33.902431,28066800
2016-09-30,46.330002,47.5,46.060001,47.23,34.96096,25563100
2016-10-03,47.02,47.259998,46.779999,47.029999,34.812908,13819800
2016-10-04,47.099998,48.43,47.080002,47.75,35.345863,25542000
2016-10-05,48.009998,48.880001,48.009998,48.650002,36.012066,18173400
2016-10-06,48.830002,49.09,48.369999,49.07,36.322968,15721000
2016-10-07,49.0,49.41,48.68,49.279999,36.47842,16584000
2016-10-10,49.459999,49.959999,49.369999,49.549999,36.678288,14022700
2016-10-11,49.279999,49.650002,48.689999,48.990002,36.263752,16033300
2016-10-12,48.970001,49.220001,48.66,48.700001,36.049076,14407300
2016-10-13,47.919998,48.68,47.540001,48.470001,35.87883,22302200
2016-10-14,49.599998,49.950001,48.389999,48.610001,35.982468,28291800
2016-10-17,48.59,49.139999,48.41,48.599998,35.97506,16655000
2016-10-18,49.18,49.290001,48.810001,48.990002,36.263752,18159900
2016-10-19,49.110001,49.709999,49.029999,49.48,36.626469,14663600
2016-10-20,49.459999,49.900002,49.209999,49.580002,36.700481,13522600
2016-10-21,49.07,49.630001,48.98,49.57,36.693085,12728600
2016-10-24,49.82,49.880001,49.52,49.580002,36.700481,10753500
2016-10-25,49.490002,49.810001,49.299999,49.59,36.707886,9790500
2016-10-26,49.27,50.060001,49.209999,50.009998,37.018791,13960000
2016-10-27,50.32,50.599998,49.900002,49.93,36.959568,19181400
2016-10-28,49.98,50.119999,48.950001,49.560001,36.685692,17780300
2016-10-31,49.740002,49.860001,49.139999,49.150002,36.382198,15173400
2016-11-01,49.400002,49.669998,48.400002,48.939999,36.226746,20691100
2016-11-02,48.630001,48.73,48.16,48.540001,35.930653,15824100
2016-11-03,48.529999,48.990002,48.02,48.189999,35.789551,16224300
2016-11-04,48.110001,48.799999,47.700001,48.169998,35.774689,14152500
2016-11-07,49.259998,49.84,49.209999,49.82,37.000107,19357600
2016-11-08,49.419998,50.029999,49.040001,49.91,37.066936,17548300
2016-11-09,50.07,51.939999,49.470001,51.59,38.314644,59210400
2016-11-10,52.049999,54.200001,51.740002,53.610001,39.814835,52067300
2016-11-11,52.759998,53.16,51.599998,52.830002,39.23555,41858600
2016-11-14,53.040001,54.889999,53.0,54.68,40.609516,43113100
2016-11-15,53.990002,55.470001,53.709999,55.450001,41.181366,33433800
2016-11-16,54.209999,55.0,54.209999,54.630001,40.57238,24200100
2016-11-17,54.599998,55.98,54.360001,55.450001,41.181366,24579000
2016-11-18,55.380001,55.84,54.98,55.459999,41.188797,24990000
2016-11-21,55.959999,55.990002,55.139999,55.540001,41.248203,20410400
2016-11-22,55.66,56.150002,55.43,56.099998,41.664116,21975900
2016-11-23,56.299999,56.830002,55.810001,56.689999,42.102291,19906300
2016-11-25,56.599998,56.799999,56.189999,56.779999,42.169121,11488200
2016-11-28,55.860001,56.349998,55.43,55.470001,41.19622,23645000
2016-11-29,55.5,55.939999,55.32,55.52,41.233341,15725400
2016-11-30,56.23,56.720001,56.060001,56.389999,41.879486,24395100
2016-12-01,56.77,57.57,56.540001,57.27,42.533024,27592500
2016-12-02,57.200001,57.240002,55.93,56.02,41.604694,25110300
2016-12-05,56.610001,57.529999,56.580002,57.279999,42.54047,24404500
2016-12-06,57.98,58.080002,57.0,57.919998,43.01577,21487500
2016-12-07,57.889999,59.16,57.889999,59.060001,43.862427,30517600
2016-12-08,59.400002,60.799999,59.049999,60.150002,44.671944,32536000
2016-12-09,59.959999,60.220001,59.220001,60.040001,44.59026,22804900
2016-12-12,59.450001,60.09,58.869999,59.549999,44.226341,21879400
2016-12-13,59.630001,59.970001,58.759998,59.790001,44.404587,22014500
2016-12-14,58.959999,60.799999,58.830002,59.450001,44.152077,31399400
2016-12-15,60.099998,60.619999,59.560001,60.23,44.731354,22389300
2016-12-16,60.59,60.610001,59.639999,59.75,44.37487,28405900
2016-12-19,59.490002,59.779999,58.919998,59.66,44.308033,17654400
2016-12-20,59.919998,60.799999,59.919998,60.799999,45.154686,23439800
2016-12-21,60.700001,60.91,60.150002,60.75,45.117546,15090200
2016-12-22,60.66,60.93,60.41,60.490002,44.924458,14571100
2016-12-23,60.529999,61.0,60.380001,60.990002,45.295792,9314000
2016-12-27,61.029999,61.299999,60.849998,61.09,45.37006,9544000
2016-12-28,61.0,61.200001,59.98,60.040001,44.59026,17127400
2016-12-29,60.02,60.119999,58.68,59.380001,44.100094,17121200
2016-12-30,59.5,59.799999,59.189999,59.43,44.137218,16588500
2017-01-03,60.68,61.09,59.75,60.59,44.998718,18322400
2017-01-04,60.689999,61.630001,60.610001,61.41,45.607712,16947500
2017-01-05,60.970001,61.43,59.91,60.34,44.813068,18317900
2017-01-06,60.68,60.84,60.080002,60.549999,44.969009,16778400
2017-01-09,60.150002,60.639999,59.669998,60.220001,44.723938,14593000
2017-01-10,60.200001,60.849998,59.950001,60.23,44.731354,13483300
2017-01-11,59.66,60.0,59.25,59.959999,44.530834,20737600
2017-01-12,59.529999,59.82,58.759998,59.23,43.988682,22778900
2017-01-13,59.450001,60.32,59.380001,59.630001,44.285759,21045200
2017-01-17,59.009998,59.32,58.029999,58.380001,43.357414,25013800
2017-01-18,57.990002,58.279999,57.099998,57.389999,42.622162,29276200
2017-01-19,57.529999,57.599998,56.389999,56.66,42.080017,24932400
2017-01-20,56.950001,57.119999,56.029999,56.110001,41.671535,27722300
2017-01-23,56.119999,56.290001,55.419998,55.68,41.352192,23130200
2017-01-24,55.959999,57.150002,55.68,56.740002,42.139416,18416400
2017-01-25,57.900002,57.919998,57.099998,57.689999,42.844963,21492900
2017-01-26,57.599998,57.98,57.049999,57.360001,42.59988,20792700
2017-01-27,57.389999,57.41,56.720001,57.110001,42.414215,17074200
2017-01-30,56.509998,56.68,55.759998,56.610001,42.042877,17537600
2017-01-31,56.330002,56.959999,55.580002,55.830002,41.463596,29221000
2017-02-01,56.720001,56.98,55.880001,56.049999,41.626968,17441500
2017-02-02,55.490002,56.209999,55.23,55.98,41.694004,15586800
2017-02-03,57.040001,57.880001,56.59,57.759998,43.019764,21404100
2017-02-06,57.509998,58.349998,57.34,57.639999,42.930367,15680200
2017-02-07,58.0,58.07,57.009998,57.189999,42.5952,13996900
2017-02-08,56.919998,56.919998,56.139999,56.32,41.947239,18626600
2017-02-09,56.32,57.540001,56.32,57.259998,42.647339,18054100
2017-02-10,57.82,57.950001,57.130001,57.630001,42.922939,14421700
2017-02-13,57.990002,59.369999,57.990002,58.950001,43.906063,22779800
2017-02-14,59.0,60.110001,58.75,59.830002,44.561493,22359300
2017-02-15,60.16,60.869999,59.700001,60.5,45.060501,22423900
2017-02-16,60.349998,60.5,59.759998,60.380001,44.971142,15916600
2017-02-17,59.700001,60.169998,59.400002,60.169998,44.81472,15120600
2017-02-21,60.290001,60.689999,60.23,60.549999,45.097748,15812700
2017-02-22,60.18,60.950001,60.02,60.619999,45.149891,16025700
2017-02-23,60.639999,60.84,60.23,60.619999,45.149891,14624400
2017-02-24,59.880001,60.18,59.110001,59.560001,44.360409,19900300
2017-02-27,59.560001,60.240002,59.41,60.02,44.702999,15711400
2017-02-28,59.669998,60.09,59.48,59.810001,44.546604,17237500
2017-03-01,61.200001,61.939999,61.0,61.540001,45.835114,26421700
2017-03-02,61.68,61.869999,60.59,60.630001,45.157341,17270300
2017-03-03,60.389999,61.25,60.330002,61.0,45.432915,15178600
2017-03-06,60.799999,60.880001,60.259998,60.279999,44.896637,14979400
2017-03-07,60.189999,60.709999,59.779999,60.5,45.060501,17297800
2017-03-08,61.560001,62.529999,61.060001,61.110001,45.514854,30724000
2017-03-09,61.360001,62.09,61.23,61.549999,45.84256,21429300
2017-03-10,61.939999,62.029999,60.919998,61.490002,45.797867,17421900
2017-03-13,61.540001,61.790001,60.98,61.529999,45.827663,13481500
2017-03-14,61.330002,61.470001,60.810001,61.439999,45.760616,11819700
2017-03-15,61.700001,61.779999,60.459999,60.84,45.31374,20086900
2017-03-16,61.049999,61.41,60.77,61.150002,45.544632,15198300
2017-03-17,61.16,61.27,60.200001,60.369999,44.963692,32281900
2017-03-20,60.099998,60.380001,59.59,59.59,44.38274,14813800
2017-03-21,60.130001,60.200001,57.950001,58.040001,43.228294,34140400
2017-03-22,57.41,58.389999,56.900002,57.77,43.027199,25648500
2017-03-23,57.759998,58.82,57.529999,58.049999,43.235741,16916500
2017-03-24,58.330002,58.540001,57.610001,58.07,43.250645,13504400
2017-03-27,56.849998,58.450001,56.549999,58.330002,43.444286,17257200
2017-03-28,58.189999,59.66,58.119999,59.419998,44.25613,15391100
2017-03-29,59.529999,59.880001,59.27,59.389999,44.233776,13457400
2017-03-30,59.389999,60.830002,59.360001,60.509998,45.067951,14886200
2017-03-31,60.310001,60.509998,59.790001,59.82,44.55405,14407900
2017-04-03,59.93,60.09,58.650002,59.68,44.44978,15460500
2017-04-04,59.290001,59.950001,59.200001,59.68,44.44978,9745600
2017-04-05,60.5,61.02,59.529999,59.59,44.38274,20295200
2017-04-06,59.439999,60.23,59.009998,59.889999,44.606174,13806000
2017-04-07,59.330002,59.889999,59.259998,59.43,44.263577,13449300
2017-04-10,59.360001,59.98,58.98,59.279999,44.151852,12096700
2017-04-11,58.68,59.049999,58.080002,59.029999,43.965656,15247800
2017-04-12,59.09,59.130001,58.27,58.509998,43.578358,15223400
2017-04-13,58.299999,59.73,57.68,58.040001,43.228294,31784400
2017-04-17,58.360001,59.060001,57.93,58.990002,43.935856,14657300
2017-04-18,58.580002,58.889999,58.07,58.419998,43.511318,16891000
2017-04-19,58.849998,59.099998,57.599998,57.73,42.997417,18104200
2017-04-20,58.169998,58.650002,57.549999,58.41,43.50388,17074800
2017-04-21,58.380001,58.439999,57.630001,57.720001,42.989956,15255900
2017-04-24,59.18,59.709999,59.07,59.439999,44.271023,24400300
2017-04-25,60.080002,60.790001,60.0,60.209999,44.844509,21593500
2017-04-26,60.040001,60.700001,59.959999,60.099998,44.762585,16058000
2017-04-27,59.98,59.990002,58.93,59.389999,44.351849,14025900
2017-04-28,59.360001,59.57,59.049999,59.119999,44.150211,11917100
2017-05-01,59.389999,60.060001,59.16,59.459999,44.40414,12879400
2017-05-02,59.450001,59.720001,58.93,59.709999,44.590828,11471900
2017-05-03,59.5,60.330002,59.299999,60.240002,44.986633,12845300
2017-05-04,60.700001,60.939999,60.09,60.209999,44.964211,14509800
2017-05-05,60.490002,60.580002,60.099998,60.240002,44.986633,11484300
2017-05-08,60.150002,60.73,60.119999,60.5,45.180782,8458300
2017-05-09,60.650002,61.040001,60.07,60.23,44.979149,13179900
2017-05-10,60.099998,60.639999,60.0,60.369999,45.083714,11607300
2017-05-11,60.25,60.919998,59.919998,60.700001,45.330151,16314000
2017-05-12,60.360001,61.099998,60.209999,61.07,45.606464,15393200
2017-05-15,61.220001,61.700001,61.09,61.419998,45.86784,14838500
2017-05-16,61.490002,62.580002,61.380001,62.490002,46.666904,21199500
2017-05-17,62.490002,62.490002,59.669998,59.98,44.792458,33251400
2017-05-18,59.73,60.599998,59.099998,60.080002,44.867146,25142200
2017-05-19,60.41,61.77,60.240002,61.099998,45.628868,20266600
2017-05-22,61.41,61.549999,60.720001,61.060001,45.598999,11744800
2017-05-23,61.09,61.950001,60.73,61.709999,46.084408,12414300
2017-05-24,61.84,62.439999,61.66,62.27,46.502609,16102700
2017-05-25,62.25,62.689999,61.779999,61.950001,46.263638,13368600
2017-05-26,61.869999,62.330002,61.650002,62.07,46.353249,10850300
2017-05-30,61.790001,62.07,61.509998,61.639999,46.032131,12603800
2017-05-31,61.59,61.599998,59.869999,60.540001,45.210651,23150500
2017-06-01,60.889999,61.09,60.169998,61.080002,45.613934,13922400
2017-06-02,60.330002,61.599998,60.299999,61.110001,45.636349,13643600
2017-06-05,61.040001,61.77,60.959999,61.25,45.740894,10024900
2017-06-06,60.68,61.169998,60.439999,61.009998,45.561653,10764300
2017-06-07,61.209999,62.23,61.099998,61.880001,46.211361,16056100
2017-06-08,61.880001,63.82,61.720001,63.209999,47.20459,25925700
2017-06-09,63.84,64.739998,63.509998,64.449997,48.130611,31488800
2017-06-12,64.510002,65.400002,64.07,64.32,48.033535,27444400
2017-06-13,64.879997,65.260002,64.330002,64.690002,48.309837,18749000
2017-06-14,64.25,64.919998,63.5,64.720001,48.332241,20791600
2017-06-15,64.309998,64.940002,63.939999,64.099998,47.869225,15111500
2017-06-16,64.160004,64.230003,63.709999,63.889999,47.712406,19549900
2017-06-19,64.400002,64.889999,64.260002,64.480003,48.153023,13264800
2017-06-20,64.309998,64.419998,63.91,63.91,47.727352,12162800
2017-06-21,63.889999,64.260002,63.610001,63.830002,47.667606,13532800
2017-06-22,63.619999,63.91,63.34,63.619999,47.510777,11344700
2017-06-23,64.050003,64.18,63.16,63.41,47.353947,16395300
2017-06-26,63.549999,64.120003,63.209999,63.779999,47.630257,14978000
2017-06-27,64.239998,64.860001,64.010002,64.230003,47.966316,16416300
2017-06-28,65.0,65.360001,64.519997,65.18,48.675766,24015200
2017-06-29,67.650002,67.75,66.260002,66.980003,50.019985,40827200
2017-06-30,67.559998,67.589996,66.720001,66.879997,49.945312,15832300
2017-07-03,67.239998,68.910004,67.239998,68.260002,50.975876,16488300
2017-07-05,68.330002,68.730003,67.949997,68.449997,51.117767,17783100
2017-07-06,68.449997,68.760002,67.57,67.629997,50.505402,17960700
2017-07-07,68.029999,68.300003,67.440002,67.910004,50.714523,14735300
2017-07-10,67.690002,68.040001,67.440002,67.650002,50.520344,12613800
2017-07-11,67.5,67.57,66.599998,66.82,49.900497,17134600
2017-07-12,66.760002,67.199997,66.540001,66.919998,49.975189,16881700
2017-07-13,67.150002,67.290001,66.690002,67.019997,50.049862,20152000
2017-07-14,66.32,66.93,65.519997,66.720001,49.825825,20742300
2017-07-17,66.760002,67.099998,66.419998,66.830002,49.907978,17498000
2017-07-18,66.440002,67.099998,66.220001,66.889999,49.952785,15965900
2017-07-19,67.150002,67.360001,66.5,66.699997,49.810875,12687300
2017-07-20,66.620003,67.040001,66.330002,66.360001,49.556992,14027600
2017-07-21,66.099998,66.440002,65.889999,66.0,49.288147,14075500
2017-07-24,65.919998,66.43,65.910004,66.099998,49.36282,14848400
2017-07-25,67.93,68.419998,67.809998,68.029999,50.804123,30833600
2017-07-26,68.470001,68.839996,67.790001,67.980003,50.766792,19228500
2017-07-27,68.0,68.720001,67.360001,67.599998,50.482998,22650200
2017-07-28,67.419998,67.769997,67.0,67.43,50.356052,13604500
2017-07-31,67.870003,68.650002,67.519997,68.449997,51.117767,23059300
2017-08-01,69.089996,69.620003,68.75,69.599998,51.976578,22974700
2017-08-02,69.57,69.650002,68.82,69.419998,51.842163,19095600
2017-08-03,68.93,69.199997,68.010002,68.129997,51.114426,20937900
2017-08-04,68.790001,69.410004,68.709999,68.980003,51.752136,18148400
2017-08-07,69.129997,69.260002,68.690002,69.040001,51.79715,12961100
2017-08-08,69.0,69.860001,68.82,68.879997,51.677097,16645900
2017-08-09,68.120003,68.480003,67.919998,68.43,51.339497,19195700
2017-08-10,68.0,68.129997,67.150002,67.220001,50.431686,19147200
2017-08-11,67.07,67.470001,66.589996,66.800003,50.116592,15172800
2017-08-14,67.610001,68.129997,67.410004,67.889999,50.934364,15120200
2017-08-15,68.580002,68.959999,67.879997,67.970001,50.994373,15472000
2017-08-16,68.150002,68.370003,67.389999,67.709999,50.799316,15064500
2017-08-17,67.309998,67.650002,66.510002,66.599998,49.966545,14487900
2017-08-18,66.389999,67.360001,66.18,66.580002,49.951527,13628900
2017-08-21,66.580002,66.779999,65.860001,65.949997,49.478867,15791100
2017-08-22,66.290001,66.93,66.25,66.849998,50.154099,13247000
2017-08-23,66.209999,67.57,66.209999,67.230003,50.43919,10031600
2017-08-24,67.449997,67.910004,66.949997,67.690002,50.784317,11524800
2017-08-25,67.800003,68.239998,67.709999,67.849998,50.904331,11883100
2017-08-28,68.080002,68.18,67.43,67.809998,50.874332,10797600
2017-08-29,66.699997,67.769997,66.510002,67.480003,50.626755,12448000
2017-08-30,67.699997,68.389999,67.690002,68.010002,51.024399,9152000
2017-08-31,68.150002,68.290001,67.75,68.029999,51.039391,12439300
2017-09-01,68.110001,69.029999,67.980003,68.580002,51.452049,10720600
2017-09-05,67.769997,67.940002,66.760002,67.160004,50.386681,17649500
2017-09-06,67.459999,67.599998,66.849998,67.32,50.506706,11849400
2017-09-07,67.389999,67.440002,65.690002,66.059998,49.561394,20307800
2017-09-08,65.970001,66.919998,65.870003,66.169998,49.643929,13438000
2017-09-11,66.760002,67.790001,66.370003,67.709999,50.799316,17287000
2017-09-12,68.220001,69.25,68.099998,68.790001,51.609577,15495400
2017-09-13,68.690002,69.529999,68.459999,69.389999,52.059727,17467300
2017-09-14,69.349998,69.75,69.209999,69.239998,51.947197,15022100
2017-09-15,69.120003,69.379997,68.910004,69.040001,51.79715,18360900
2017-09-18,69.379997,70.93,69.269997,70.599998,52.967529,18027800
2017-09-19,70.300003,71.699997,70.300003,71.150002,53.380169,15466000
2017-09-20,71.379997,72.199997,70.82,71.459999,53.612762,19788100
2017-09-21,71.449997,72.129997,71.150002,71.760002,53.837818,11509200
2017-09-22,71.599998,71.639999,71.010002,71.400002,53.56773,10446600
2017-09-25,71.209999,71.510002,70.32,70.839996,53.147598,10762800
2017-09-26,70.849998,71.239998,70.510002,70.940002,53.222622,11553800
2017-09-27,72.190002,72.970001,71.910004,72.279999,54.227943,18092200
2017-09-28,72.610001,72.860001,72.019997,72.650002,54.505547,13845900
2017-09-29,72.550003,72.900002,72.360001,72.739998,54.573063,12777300
2017-10-02,73.07,73.889999,72.910004,73.800003,55.368328,13386300
2017-10-03,73.980003,74.379997,73.849998,74.129997,55.615906,11925100
2017-10-04,74.18,74.739998,73.93,74.059998,55.563393,12904100
2017-10-05,74.07,75.93,73.849998,75.720001,56.808815,19701200
2017-10-06,75.809998,76.019997,75.099998,75.639999,56.748772,16119900
2017-10-09,75.830002,75.879997,75.089996,75.389999,56.561214,12830800
2017-10-10,75.400002,75.540001,74.629997,75.18,56.403675,13866600
2017-10-11,74.970001,75.330002,74.660004,74.940002,56.223621,18597900
2017-10-12,75.82,76.139999,72.269997,72.370003,54.295475,40166300
2017-10-13,72.099998,72.339996,70.910004,72.110001,54.100418,30907300
2017-10-16,71.379997,72.580002,71.370003,71.769997,53.845314,21169200
2017-10-17,72.239998,72.720001,72.0,72.190002,54.160435,15743800
2017-10-18,72.660004,73.330002,72.550003,73.120003,54.858166,15126700
2017-10-19,72.349998,72.940002,71.709999,72.879997,54.678112,12322700
2017-10-20,73.760002,73.879997,73.18,73.529999,55.165749,15634600
2017-10-23,73.480003,74.010002,73.43,73.529999,55.165749,10821500
2017-10-24,73.959999,74.75,73.730003,74.239998,55.698418,15260200
2017-10-25,74.480003,74.629997,73.260002,73.620003,55.233269,17188100
2017-10-26,73.660004,74.25,73.599998,73.790001,55.360806,13213100
2017-10-27,73.43,73.980003,73.010002,73.870003,55.420845,11309900
2017-10-30,73.209999,73.910004,73.18,73.779999,55.353294,10556900
2017-10-31,73.870003,74.089996,73.260002,73.5,55.143261,11733500
2017-11-01,73.989998,74.519997,73.809998,74.029999,55.540886,11361900
2017-11-02,73.949997,74.849998,73.330002,74.739998,56.073559,12997500
2017-11-03,74.220001,74.389999,73.839996,74.050003,55.794777,10692600
2017-11-06,73.589996,74.029999,73.169998,73.800003,55.606415,12636600
2017-11-07,73.779999,74.0,72.32,72.709999,54.785118,17255700
2017-11-08,72.389999,72.57,71.519997,72.339996,54.506344,18710600
2017-11-09,71.720001,72.760002,71.449997,72.43,54.57415,15496600
2017-11-10,72.529999,72.860001,72.110001,72.25,54.438522,12853100
2017-11-13,71.669998,72.150002,71.480003,71.989998,54.242622,13500600
2017-11-14,71.650002,71.809998,71.040001,71.529999,53.896011,13188900
2017-11-15,70.620003,72.07,70.019997,71.730003,54.046719,17541800
2017-11-16,72.110001,72.32,71.510002,71.669998,54.001522,12415600
2017-11-17,71.160004,71.830002,70.940002,71.330002,53.745323,11813000
2017-11-20,71.769997,72.300003,71.279999,72.050003,54.287819,10000000
2017-11-21,72.5,72.589996,72.129997,72.379997,54.536476,9632100
2017-11-22,72.449997,73.150002,72.260002,72.260002,54.446053,9146200
2017-11-24,72.410004,72.519997,71.989998,72.019997,54.265228,4676100
2017-11-27,71.989998,72.360001,71.309998,71.389999,53.790535,12615200
2017-11-28,71.440002,74.0,71.129997,73.699997,55.531055,18048300
2017-11-29,75.129997,75.769997,74.050003,75.040001,56.540718,21876400
2017-11-30,75.730003,76.889999,75.150002,75.5,56.887318,23179600
2017-12-01,75.709999,76.239998,73.779999,75.510002,56.894852,18269800
2017-12-04,77.019997,77.919998,76.620003,77.099998,58.092888,23151400
2017-12-05,76.980003,77.279999,76.190002,76.540001,57.670929,16045900
2017-12-06,76.239998,76.5,75.089996,75.440002,56.842098,16612500
2017-12-07,74.669998,75.32,74.260002,74.980003,56.495522,19173400
2017-12-08,75.059998,75.720001,74.970001,75.709999,57.045544,12460900
2017-12-11,75.940002,76.129997,75.529999,75.849998,57.151031,10461700
2017-12-12,76.040001,76.800003,75.519997,76.150002,57.377075,18381900
2017-12-13,75.949997,76.32,75.050003,75.139999,56.616062,20231600
2017-12-14,75.230003,75.43,73.779999,73.919998,55.696815,24778500
2017-12-15,74.449997,75.150002,74.269997,74.769997,56.337284,37121100
2017-12-18,75.279999,76.010002,75.269997,75.669998,57.015404,16449300
2017-12-19,76.099998,76.150002,74.650002,74.699997,56.284534,17655100
2017-12-20,75.349998,75.769997,74.610001,74.660004,56.254398,17644000
2017-12-21,74.980003,76.080002,74.940002,75.82,57.128437,14085700
2017-12-22,75.889999,75.989998,75.050003,75.489998,56.87978,12006600
2017-12-26,75.449997,75.720001,74.419998,74.779999,56.344814,10882100
2017-12-27,74.669998,75.080002,74.519997,74.889999,56.427685,10845100
2017-12-28,74.910004,75.169998,74.839996,75.080002,56.570843,8759800
2017-12-29,75.169998,75.290001,74.379997,74.410004,56.066021,10074900
2018-01-02,75.089996,75.18,74.019997,74.360001,56.028332,15819800
2018-01-03,74.349998,74.739998,73.970001,74.589996,56.201645,14657900
2018-01-04,75.010002,76.110001,74.660004,75.510002,56.894852,16864900
2018-01-05,75.709999,75.769997,74.959999,75.410004,56.819504,15300500
2018-01-08,75.169998,75.239998,74.330002,74.529999,56.156437,14215700
2018-01-09,74.760002,75.889999,74.610001,75.309998,56.744144,14209500
2018-01-10,75.699997,76.279999,75.370003,75.650002,57.000336,14008000
2018-01-11,75.980003,76.019997,75.139999,75.559998,56.932507,15459900
2018-01-12,75.900002,76.959999,75.779999,76.839996,57.896969,16946700
2018-01-16,77.760002,78.440002,76.790001,77.110001,58.100391,26181400
2018-01-17,76.889999,77.660004,76.099998,77.470001,58.371662,20958400
2018-01-18,77.660004,77.699997,77.080002,77.389999,58.311378,15420800
2018-01-19,77.57,78.379997,77.43,78.300003,58.997044,17814000
2018-01-22,78.239998,78.900002,78.050003,78.589996,59.215553,11561100
2018-01-23,78.459999,78.889999,77.959999,78.550003,59.185417,10080000
2018-01-24,78.959999,79.709999,78.660004,79.449997,59.863544,18108600
2018-01-25,79.849998,80.389999,79.209999,79.440002,59.856007,16178800
2018-01-26,79.610001,80.080002,78.959999,80.080002,60.338226,12807800
2018-01-29,80.120003,80.699997,79.830002,79.959999,60.247807,14611100
2018-01-30,79.199997,79.599998,78.610001,78.620003,59.238155,15816900
2018-01-31,78.779999,79.389999,78.190002,78.480003,59.132664,16266300
2018-02-01,78.269997,79.230003,78.139999,79.199997,59.675137,12437200
2018-02-02,78.650002,79.059998,76.879997,77.019997,58.268017,18561200
2018-02-05,75.519997,77.220001,72.199997,73.269997,55.431046,31087800
2018-02-06,71.519997,75.190002,71.150002,74.82,56.603653,32116700
2018-02-07,74.769997,76.080002,74.32,74.989998,56.73225,18908400
2018-02-08,75.07,75.25,71.800003,71.870003,54.371895,24941100
2018-02-09,73.019997,74.279999,71.0,73.68,55.741211,26616500
2018-02-12,74.470001,75.5,73.970001,74.760002,56.558273,16677700
2018-02-13,74.339996,75.379997,74.150002,75.18,56.876003,11749100
2018-02-14,75.029999,76.860001,74.730003,76.709999,58.033504,16261300
2018-02-15,77.18,77.459999,76.400002,77.080002,58.313408,11066400
2018-02-16,76.800003,77.370003,76.610001,76.82,58.116707,11644900
2018-02-20,76.639999,77.230003,76.089996,76.459999,57.844364,12040900
2018-02-21,76.400002,78.419998,76.400002,77.0,58.25288,15888800
2018-02-22,77.279999,77.480003,75.940002,76.269997,57.70063,16049500
2018-02-23,76.480003,77.110001,76.199997,77.080002,58.313408,12481200
2018-02-26,77.230003,77.739998,76.720001,77.650002,58.74464,17288300
2018-02-27,77.519997,77.879997,76.349998,76.379997,57.783833,19977200
2018-02-28,76.599998,77.129997,75.449997,75.489998,57.110538,19329900
2018-03-01,75.5,75.940002,73.199997,73.660004,55.726067,23803200
2018-03-02,73.169998,73.870003,71.879997,73.68,55.741211,21061200
2018-03-05,73.07,74.940002,72.699997,74.419998,56.301044,16814600
2018-03-06,74.93,74.989998,73.75,74.059998,56.028667,14891200
2018-03-07,73.18,74.080002,72.860001,73.919998,55.922775,14654900
2018-03-08,74.139999,74.230003,73.129997,74.110001,56.066509,10878600
2018-03-09,74.949997,76.370003,74.599998,76.110001,57.579567,15939200
2018-03-12,75.949997,76.529999,75.919998,76.019997,57.511482,13398200
2018-03-13,76.139999,76.410004,74.660004,74.910004,56.671738,12636600
2018-03-14,75.279999,75.290001,73.32,73.470001,55.582355,18485700
2018-03-15,73.779999,73.870003,73.010002,73.339996,55.483997,13334000
2018-03-16,73.169998,74.139999,73.150002,73.470001,55.582355,33033700
2018-03-19,73.470001,73.5,71.919998,72.699997,54.999798,15131400
2018-03-20,73.050003,73.529999,72.709999,72.919998,55.166241,13113500
2018-03-21,73.18,74.269997,72.690002,73.32,55.468853,16374700
2018-03-22,72.330002,72.480003,69.870003,70.309998,53.1917,27652300
2018-03-23,70.32,70.470001,67.75,67.900002,51.368462,31458900
2018-03-26,69.110001,70.010002,68.290001,69.779999,52.790745,19156100
2018-03-27,70.239998,70.620003,67.610001,68.279999,51.655945,21610800
2018-03-28,68.480003,69.040001,67.529999,68.260002,51.640797,21712000
2018-03-29,68.519997,69.669998,67.5,67.5,51.065845,22621300
2018-04-02,68.330002,69.040001,66.550003,67.709999,51.22472,29975600
2018-04-03,68.050003,68.660004,67.419998,68.480003,51.807255,18822600
2018-04-04,67.160004,69.559998,67.050003,69.309998,52.435165,15651300
2018-04-05,70.07,70.809998,69.900002,70.220001,53.1236,16120700
2018-04-06,69.519997,70.290001,67.93,68.599998,51.898033,21543500
2018-04-09,69.059998,70.940002,68.989998,69.440002,52.533527,17036500
2018-04-10,71.050003,71.239998,70.290001,70.510002,53.343014,16022300
2018-04-11,69.970001,70.599998,69.550003,69.889999,52.873959,15645500
2018-04-12,70.470001,72.5,70.470001,72.129997,54.568581,24488100
2018-04-13,73.209999,73.379997,69.830002,71.010002,53.721264,31356000
2018-04-16,71.089996,71.339996,69.760002,70.07,53.01012,18877000
2018-04-17,70.650002,70.93,69.470001,69.739998,52.76046,18233400
2018-04-18,69.809998,70.360001,68.849998,68.980003,52.185513,15382900
2018-04-19,69.099998,70.610001,69.099998,70.279999,53.168995,15531600
2018-04-20,70.400002,70.839996,69.75,70.0,52.957172,17629900
2018-04-23,70.0,70.269997,69.400002,69.480003,52.563782,11596400
2018-04-24,69.760002,70.620003,68.400002,69.120003,52.291431,16233700
2018-04-25,68.769997,69.769997,68.050003,69.360001,52.472988,16059700
2018-04-26,69.110001,69.589996,68.900002,69.18,52.336826,13829700
2018-04-27,69.0,69.440002,68.739998,68.989998,52.193066,10420100
2018-04-30,69.199997,69.589996,68.25,68.269997,51.648361,12237900
2018-05-01,68.239998,68.290001,67.419998,68.25,51.633247,11602700
2018-05-02,67.949997,69.019997,67.75,67.989998,51.436543,15287300
2018-05-03,67.800003,68.230003,66.550003,67.940002,51.398708,16325500
2018-05-04,67.050003,68.269997,66.970001,67.940002,51.641968,12512000
2018-05-07,68.269997,68.669998,68.139999,68.5,52.067616,11801800
2018-05-08,69.650002,71.449997,69.389999,71.0,53.967896,23603200
2018-05-09,71.230003,72.0,70.760002,71.949997,54.690002,15900700
2018-05-10,71.959999,72.93,71.589996,72.57,55.161266,11488900
2018-05-11,72.529999,73.239998,72.459999,72.860001,55.381702,11531400
2018-05-14,72.93,73.300003,72.5,72.620003,55.199268,12615500
2018-05-15,72.510002,73.019997,72.360001,72.68,55.244888,12483300
2018-05-16,72.440002,72.760002,71.809998,71.949997,54.690002,11796000
2018-05-17,71.730003,72.040001,71.07,71.559998,54.393559,14876000
2018-05-18,71.260002,71.32,69.889999,69.959999,53.177372,16160700
2018-05-21,70.650002,70.870003,70.300003,70.43,53.534637,9798500
2018-05-22,70.790001,71.690002,70.510002,71.080002,54.028702,14147100
2018-05-23,70.650002,70.699997,69.230003,70.239998,53.390209,13626700
2018-05-24,69.839996,69.889999,68.489998,69.309998,52.683304,16553700
2018-05-25,68.93,68.93,68.209999,68.440002,52.022007,16008700
2018-05-29,67.120003,67.5,65.199997,65.709999,49.946907,37721400
2018-05-30,66.559998,66.879997,66.150002,66.68,50.684216,19040500
2018-05-31,66.550003,66.949997,65.75,66.690002,50.691818,22633000
2018-06-01,67.489998,68.029999,67.080002,67.279999,51.140285,14914400
2018-06-04,67.440002,67.769997,67.0,67.339996,51.185879,10468900
2018-06-05,67.080002,67.089996,66.459999,66.760002,50.745026,14072700
2018-06-06,67.209999,68.419998,67.099998,68.230003,51.862385,14862400
2018-06-07,68.93,69.0,67.970001,68.449997,52.02961,16505300
2018-06-08,68.129997,68.519997,67.769997,68.470001,52.044811,11609500
2018-06-11,68.919998,69.169998,68.07,68.110001,51.771175,13941500
2018-06-12,68.260002,68.57,67.440002,67.610001,51.391113,13737100
2018-06-13,67.82,68.410004,67.220001,67.290001,51.147888,17531500
2018-06-14,67.559998,67.610001,65.949997,66.160004,50.288952,24035400
2018-06-15,66.32,66.620003,65.239998,66.339996,50.42577,29314800
2018-06-18,65.75,66.809998,65.379997,66.75,50.737419,13680800
2018-06-19,66.029999,66.910004,65.949997,66.779999,50.760223,16892800
2018-06-20,67.720001,67.949997,67.129997,67.379997,51.216286,16697100
2018-06-21,67.160004,68.089996,66.699997,67.629997,51.40633,16545800
2018-06-22,68.040001,68.209999,67.160004,67.199997,51.079464,16059900
2018-06-25,66.790001,66.879997,65.339996,65.75,49.977306,21426600
2018-06-26,65.510002,66.690002,64.379997,66.309998,50.402973,22613700
2018-06-27,66.220001,67.559998,65.440002,65.459999,49.756889,20917500
2018-06-28,65.980003,67.129997,65.559998,66.879997,50.836227,19860100
2018-06-29,68.0,68.769997,66.879997,66.919998,50.866631,24193900
2018-07-02,66.209999,67.160004,65.940002,67.160004,51.049072,12699100
2018-07-03,67.449997,67.489998,65.940002,66.059998,50.212936,12346000
2018-07-05,66.440002,66.830002,66.220001,66.559998,50.592991,12359000
2018-07-06,66.220001,67.339996,65.900002,67.139999,51.033867,13174900
2018-07-09,67.5,69.050003,67.489998,68.940002,52.402061,15148500
2018-07-10,69.230003,69.349998,67.949997,68.230003,51.862385,17057700
2018-07-11,67.970001,68.459999,67.839996,67.910004,51.619167,13262800
2018-07-12,68.360001,68.599998,67.940002,68.510002,52.075218,13345200
2018-07-13,67.989998,68.300003,66.220001,67.0,50.927444,34054000
2018-07-16,67.360001,69.709999,67.279999,69.459999,52.797325,26659900
2018-07-17,69.5,69.870003,68.800003,69.349998,52.713718,17262800
2018-07-18,69.220001,70.260002,69.220001,69.849998,53.093758,16321200
2018-07-19,69.5,69.559998,68.559998,68.989998,52.440071,14833900
2018-07-20,68.790001,69.559998,68.529999,69.220001,52.614902,12017500
2018-07-23,69.160004,70.449997,69.010002,70.209999,53.367405,15764000
2018-07-24,70.400002,71.470001,70.290001,71.07,54.021099,21883800
2018-07-25,70.82,71.75,70.75,71.720001,54.515186,14232700
2018-07-26,71.75,71.910004,71.25,71.339996,54.226326,11169200
2018-07-27,71.360001,71.82,71.160004,71.690002,54.492367,11194100
2018-07-30,71.860001,72.790001,71.800003,72.290001,54.948433,16339100
2018-07-31,72.199997,72.370003,71.629997,71.889999,54.644382,13608100
2018-08-01,72.5,73.080002,71.900002,71.93,54.674801,13612200
2018-08-02,71.339996,71.93,71.019997,71.839996,54.606384,13248600
2018-08-03,71.639999,72.519997,71.57,72.389999,55.371288,13680000
2018-08-06,72.160004,72.650002,71.93,72.400002,55.378937,10121400
2018-08-07,72.57,72.910004,72.389999,72.410004,55.386597,12991100
2018-08-08,72.139999,73.209999,72.059998,72.889999,55.753742,10178900
2018-08-09,72.440002,72.650002,71.889999,71.980003,55.057678,11044200
2018-08-10,70.629997,70.900002,69.900002,70.260002,53.74205,20240100
2018-08-13,70.199997,70.360001,69.059998,69.160004,52.900658,16926100
2018-08-14,69.300003,70.199997,69.25,70.010002,53.550831,12668200
2018-08-15,69.230003,69.43,68.080002,68.650002,52.510555,18952300
2018-08-16,69.160004,69.889999,69.089996,69.559998,53.206619,13439600
2018-08-17,69.419998,69.870003,69.25,69.669998,53.290741,10329600
2018-08-20,69.459999,70.699997,69.379997,70.529999,53.948566,11233300
2018-08-21,70.629997,71.650002,70.580002,71.239998,54.49165,12261100
2018-08-22,71.160004,71.419998,70.970001,71.120003,54.399853,7297600
2018-08-23,71.029999,71.209999,70.639999,70.809998,54.162743,8310000
2018-08-24,70.599998,71.260002,70.510002,70.669998,54.05566,8760000
2018-08-27,71.07,72.650002,70.940002,72.389999,55.371288,13545300
2018-08-28,72.57,72.75,72.220001,72.379997,55.363632,9688600
2018-08-29,72.300003,72.839996,72.019997,72.529999,55.478374,7146800
2018-08-30,72.089996,72.360001,71.330002,71.459999,54.659943,13197700
2018-08-31,71.050003,71.290001,70.589996,71.239998,54.49165,11898200
2018-09-04,70.989998,71.580002,70.370003,71.400002,54.614037,10108500
2018-09-05,71.199997,71.779999,71.139999,71.169998,54.438107,13138100
2018-09-06,70.93,71.110001,69.919998,70.110001,53.627304,15207100
2018-09-07,70.339996,70.449997,69.470001,69.639999,53.267803,15180600
2018-09-10,69.980003,70.279999,69.620003,69.629997,53.260139,12353600
2018-09-11,69.260002,69.709999,68.910004,69.43,53.107182,12650000
2018-09-12,70.959999,71.650002,70.510002,70.510002,53.933285,17434900
2018-09-13,70.900002,71.699997,70.029999,70.150002,53.657917,13569000
2018-09-14,70.18,70.879997,70.150002,70.540001,53.956226,9653300
2018-09-17,70.790001,71.449997,70.400002,70.879997,54.21629,11323000
2018-09-18,71.300003,71.589996,70.599998,71.360001,54.583435,11457100
2018-09-19,71.540001,74.129997,71.540001,73.720001,56.388626,21766100
2018-09-20,74.5,75.010002,74.260002,74.790001,57.207062,23550500
2018-09-21,74.980003,75.239998,73.970001,74.150002,56.717525,28874700
2018-09-24,74.080002,74.529999,73.120003,73.839996,56.480396,14023100
2018-09-25,74.220001,74.529999,73.470001,73.510002,56.227993,12324300
2018-09-26,73.519997,73.989998,72.370003,72.449997,55.417183,15060000
2018-09-27,72.900002,73.620003,72.379997,72.949997,55.799622,11420600
2018-09-28,72.059998,72.43,71.480003,71.739998,54.874096,14341900
2018-10-01,72.239998,72.860001,71.760002,71.93,55.019424,11263700
2018-10-02,71.510002,72.18,71.029999,71.800003,54.919994,12746900
2018-10-03,72.540001,72.839996,72.019997,72.360001,55.348328,11977900
2018-10-04,72.779999,73.980003,72.019997,72.620003,55.547234,18956800
2018-10-05,72.949997,73.120003,72.07,72.419998,55.394238,11481400
2018-10-08,71.690002,72.980003,71.519997,72.589996,55.524265,11958200
2018-10-09,72.059998,72.699997,71.410004,71.889999,54.988831,15654500
2018-10-10,72.07,72.5,69.870003,69.949997,53.504921,23679600
2018-10-11,69.139999,70.650002,68.360001,68.379997,52.304035,28890800
2018-10-12,70.449997,71.230003,68.410004,69.839996,53.420784,29024200
2018-10-15,70.129997,70.639999,69.18,69.209999,52.938881,17661300
2018-10-16,69.889999,70.040001,69.169998,69.709999,53.321354,15453500
2018-10-17,69.349998,70.790001,69.029999,69.839996,53.420784,16774200
2018-10-18,69.540001,70.389999,68.410004,68.620003,52.487606,18168500
2018-10-19,68.540001,69.599998,68.160004,68.860001,52.671185,16721900
2018-10-22,68.889999,69.209999,66.57,66.589996,50.934853,17890900
2018-10-23,64.150002,66.080002,63.18,65.730003,50.277031,32809200
2018-10-24,65.410004,65.410004,63.59,63.799999,48.800777,23420600
2018-10-25,64.769997,65.510002,64.330002,64.970001,49.695705,19510300
2018-10-26,64.169998,64.739998,63.18,64.209999,49.114384,24066300
2018-10-29,65.059998,65.620003,63.68,64.349998,49.221481,20036800
2018-10-30,64.599998,65.190002,63.810001,64.529999,49.359158,19951900
2018-10-31,65.010002,66.209999,64.839996,65.459999,50.070515,20450300
2018-11-01,66.089996,66.440002,65.199997,65.830002,50.353535,17744100
2018-11-02,66.07,66.919998,65.580002,65.919998,50.769405,21214800
2018-11-05,66.300003,67.470001,66.260002,67.300003,51.832249,14823900
2018-11-06,67.309998,67.309998,66.169998,66.68,51.35474,17049600
2018-11-07,67.290001,68.309998,66.699997,68.260002,52.571609,15529300
2018-11-08,67.940002,69.0,66.849998,67.779999,52.201931,18908100
2018-11-09,67.199997,67.489998,65.18,65.760002,50.646194,27125800
2018-11-12,65.559998,65.980003,64.07,64.209999,49.452431,16424200
2018-11-13,64.379997,65.440002,64.32,64.779999,49.89143,14121300
2018-11-14,65.389999,65.790001,62.84,63.5,48.905617,19754600
2018-11-15,62.970001,64.720001,62.34,64.599998,49.7528,19202300
2018-11-16,64.489998,64.970001,64.019997,64.949997,50.022354,15995200
2018-11-19,65.080002,65.540001,64.199997,64.620003,49.768208,12227400
2018-11-20,63.82,64.010002,62.150002,62.529999,48.158554,21024000
2018-11-21,62.759998,63.830002,62.669998,62.869999,48.420406,12380200
2018-11-23,62.330002,62.439999,61.720001,61.75,47.557823,7316500
2018-11-26,62.669998,63.919998,62.5,63.73,49.082752,19065100
2018-11-27,63.349998,63.84,62.75,63.459999,48.874813,12867900
2018-11-28,63.639999,65.650002,62.91,65.580002,50.507568,17719000
2018-11-29,65.089996,65.559998,64.660004,64.900002,49.983849,12914200
2018-11-30,64.370003,65.0,64.110001,64.790001,49.899136,14207800
2018-12-03,66.040001,66.459999,64.809998,65.160004,50.184097,14255500
2018-12-04,64.580002,64.639999,61.119999,62.259998,47.9506,27104500
2018-12-06,59.360001,60.09,58.360001,60.060001,46.256245,37802600
2018-12-07,59.720001,60.720001,58.139999,58.349998,44.939251,24282100
2018-12-10,57.950001,58.310001,55.830002,57.07,43.953438,30695800
2018-12-11,58.169998,58.330002,55.900002,56.220001,43.298801,23712500
2018-12-12,57.130001,57.150002,55.849998,55.98,43.113949,24941600
2018-12-13,56.380001,56.439999,55.41,55.77,42.952225,27670700
2018-12-14,54.73,56.360001,54.630001,55.02,42.374603,22839300
2018-12-17,54.849998,55.93,53.919998,54.25,41.781574,26212500
2018-12-18,54.720001,55.669998,53.549999,53.93,41.535126,27302000
2018-12-19,53.900002,55.400002,52.18,52.82,40.680233,31483100
2018-12-20,52.209999,53.25,51.720001,52.27,40.256634,39800000
2018-12-21,51.900002,52.560001,49.880001,50.240002,38.693211,52323000
2018-12-24,49.400002,50.25,48.48,49.259998,37.938442,21970800
2018-12-26,49.650002,51.450001,48.419998,51.439999,39.617405,32005600
2018-12-27,50.619999,51.77,49.700001,51.77,39.871555,28573400
2018-12-28,51.93,52.549999,51.57,51.830002,39.917767,23176900
2018-12-31,51.98,52.669998,51.389999,52.060001,40.094906,19317500
2019-01-02,50.68,53.740002,50.669998,53.529999,41.227055,21646300
2019-01-03,53.41,53.619999,52.220001,52.560001,40.479984,21183000
2019-01-04,54.009998,55.380001,53.66,55.130001,42.459316,24205100
2019-01-07,55.330002,56.209999,54.799999,55.610001,42.828987,20634100
2019-01-08,56.029999,56.189999,54.759998,55.459999,42.713478,18840100
2019-01-09,55.709999,56.740002,55.610001,56.380001,43.422031,19359100
2019-01-10,55.990002,56.959999,55.700001,56.439999,43.468235,16910000
2019-01-11,56.459999,57.419998,56.029999,56.689999,43.660767,23087500
2019-01-14,56.099998,59.299999,55.700001,58.93,45.385952,34783400
2019-01-15,59.889999,61.82,59.549999,61.380001,47.272861,42694200
2019-01-16,61.950001,62.82,61.240002,62.189999,47.896683,27628900
2019-01-17,61.630001,62.75,61.330002,62.470001,48.112343,22728900
2019-01-18,62.860001,63.189999,62.009998,63.119999,48.612949,19947300
2019-01-22,62.669998,62.810001,61.43,61.849998,47.634842,24608700
2019-01-23,62.27,62.48,61.150002,62.130001,47.850487,16819800
2019-01-24,61.740002,62.919998,61.740002,62.709999,48.297192,14962200
2019-01-25,63.330002,64.449997,63.23,64.019997,49.306099,15827200
2019-01-28,63.189999,64.059998,63.099998,63.849998,49.175179,12683500
2019-01-29,63.709999,64.07,63.150002,63.209999,48.682262,13472000
2019-01-30,63.459999,64.739998,62.990002,64.220001,49.460136,15929600
2019-01-31,63.650002,64.599998,63.639999,64.459999,49.644981,19442600
2019-02-01,64.25,64.660004,63.59,63.669998,49.381287,16991700
2019-02-04,63.5,64.059998,63.200001,64.059998,49.68375,11515500
2019-02-05,64.190002,64.199997,63.349998,63.810001,49.489857,13310900
2019-02-06,63.830002,64.610001,63.560001,63.889999,49.551903,13774300
2019-02-07,63.610001,63.630001,61.91,62.810001,48.714283,17922400
2019-02-08,62.130001,62.52,61.009998,62.009998,48.093811,15770800
2019-02-11,62.41,62.43,61.419998,61.610001,47.783577,14614100
2019-02-12,62.150002,63.34,62.150002,62.669998,48.605698,14347400
2019-02-13,63.299999,63.75,62.970001,63.040001,48.892677,10710500
2019-02-14,62.349998,62.860001,61.419998,62.419998,48.411804,12855300
2019-02-15,63.139999,64.580002,63.009998,64.269997,49.846626,17908900
2019-02-19,63.73,64.650002,63.52,64.379997,49.93195,11013900
2019-02-20,64.5,64.699997,64.139999,64.639999,50.133595,10545000
2019-02-21,64.550003,64.940002,64.040001,64.32,49.885399,10696100
2019-02-22,64.629997,65.139999,63.84,64.139999,49.7458,14003800
2019-02-25,64.589996,65.43,64.449997,64.529999,50.048279,12853000
2019-02-26,64.089996,64.669998,63.889999,64.120003,49.730301,12912800
2019-02-27,64.239998,64.580002,63.68,64.400002,49.947456,13495700
2019-02-28,64.459999,64.660004,63.84,63.98,49.621704,14209300
2019-03-01,64.779999,65.690002,64.110001,64.470001,50.00174,14376000
2019-03-04,64.529999,65.300003,63.110001,63.75,49.443321,15786600
2019-03-05,63.66,63.66,61.91,62.93,48.807346,18754900
2019-03-06,62.700001,63.07,62.099998,62.509998,48.481609,12711200
2019-03-07,62.029999,62.119999,61.209999,61.900002,48.008503,15788900
2019-03-08,60.959999,62.119999,60.759998,62.060001,48.13258,14304400
2019-03-11,62.529999,62.959999,62.18,62.310001,48.326496,14167600
2019-03-12,62.299999,62.939999,61.959999,62.810001,48.714283,14772000
2019-03-13,63.139999,64.230003,63.0,63.650002,49.365768,13781100
2019-03-14,63.689999,64.269997,63.419998,64.110001,49.722542,12193600
2019-03-15,64.160004,65.269997,64.019997,65.190002,50.560162,37840300
2019-03-18,65.209999,66.18,65.209999,65.93,51.134098,15601100
2019-03-19,66.459999,66.830002,65.349998,65.629997,50.901417,12723600
2019-03-20,65.260002,65.599998,64.220001,64.300003,49.8699,17494000
2019-03-21,63.669998,64.309998,62.919998,63.91,49.567417,18638300
2019-03-22,62.98,63.23,60.450001,60.98,47.294971,27527400
2019-03-25,60.98,61.66,60.049999,60.330002,46.79084,20899300
2019-03-26,60.990002,61.349998,60.529999,61.220001,47.481113,14740300
2019-03-27,61.380001,61.66,60.720001,60.73,47.101063,16359600
2019-03-28,60.950001,62.0,60.82,61.98,48.070541,12081000
2019-03-29,62.330002,62.810001,61.959999,62.220001,48.256687,13406300
2019-04-01,62.849998,64.629997,62.82,64.360001,49.916424,17736300
2019-04-02,64.239998,64.860001,63.919998,64.419998,49.962963,9915800
2019-04-03,64.989998,65.349998,64.529999,65.059998,50.459343,11560800
2019-04-04,64.809998,66.199997,64.809998,65.82,51.048779,11915700
2019-04-05,65.93,66.410004,65.190002,65.550003,50.839371,11062400
2019-04-08,65.129997,66.099998,65.019997,66.07,51.242668,10466400
2019-04-09,65.599998,65.599998,64.68,65.199997,50.567913,10221000
2019-04-10,65.480003,65.690002,64.779999,65.519997,50.816105,12293300
2019-04-11,65.800003,66.440002,65.309998,65.910004,51.118584,11358700
2019-04-12,67.080002,68.309998,66.639999,67.419998,52.289703,19238700
2019-04-15,67.389999,67.779999,66.269997,67.379997,52.258694,19493900
2019-04-16,67.5,69.419998,67.389999,69.309998,53.755566,18635700
2019-04-17,69.949997,70.75,69.559998,70.349998,54.562168,20509000
2019-04-18,70.010002,70.389999,69.620003,69.669998,54.034771,13513800
2019-04-22,69.580002,69.709999,69.010002,69.089996,53.584927,13195600
2019-04-23,68.839996,69.300003,68.379997,69.199997,53.670265,13205000
2019-04-24,68.989998,69.220001,68.400002,68.830002,53.383286,9699900
2019-04-25,68.559998,69.18,68.150002,68.730003,53.305748,8913600
2019-04-26,68.900002,69.580002,68.510002,69.510002,53.910683,10692700
2019-04-29,69.690002,71.940002,69.580002,71.029999,55.089561,16491400
2019-04-30,71.019997,71.330002,70.220001,70.699997,54.833614,11122000
2019-05-01,70.68,71.169998,69.739998,69.959999,54.259682,13261700
2019-05-02,69.739998,70.480003,69.480003,70.360001,54.569916,12186700
2019-05-03,70.389999,70.980003,70.0,70.669998,55.163155,11486700
2019-05-06,69.050003,70.669998,68.760002,70.410004,54.960205,12004000
2019-05-07,69.349998,69.5,67.620003,68.160004,53.203926,17673400
2019-05-08,67.879997,68.849998,67.709999,68.220001,53.250748,9470500
2019-05-09,66.830002,67.860001,66.43,67.629997,52.790215,16994200
2019-05-10,67.269997,68.099998,66.529999,67.900002,53.000969,12318700
2019-05-13,66.129997,66.330002,63.959999,64.379997,50.253353,23494400
2019-05-14,64.620003,65.970001,64.349998,65.260002,50.940266,15096400
2019-05-15,64.459999,65.220001,64.019997,64.870003,50.63583,14570900
2019-05-16,65.309998,66.389999,65.169998,65.980003,51.502266,10573100
2019-05-17,64.970001,65.93,64.889999,65.07,50.79195,11503500
2019-05-20,64.75,65.5,64.519997,64.959999,50.706081,11605900
2019-05-21,65.5,66.089996,65.199997,66.080002,51.580318,11051500
2019-05-22,65.839996,65.919998,64.639999,64.660004,50.471909,12564900
2019-05-23,63.82,63.939999,63.080002,63.900002,49.878681,15042200
2019-05-24,64.290001,64.709999,64.059998,64.389999,50.261162,9715400
2019-05-28,64.089996,64.449997,63.759998,63.790001,49.792809,14727400
2019-05-29,63.150002,63.830002,62.720001,63.709999,49.730366,13836300
2019-05-30,64.769997,65.25,63.25,63.610001,49.652302,13570900
2019-05-31,62.389999,62.869999,61.970001,62.150002,48.512661,19968900
2019-06-03,62.099998,62.779999,61.939999,62.610001,48.871735,19636800
2019-06-04,63.790001,65.940002,63.759998,65.879997,51.424213,17743100
2019-06-05,65.449997,66.019997,64.5,65.779999,51.346149,12536300
2019-06-06,65.82,66.769997,65.5,66.470001,51.88475,10868900
2019-06-07,66.160004,66.800003,65.620003,65.690002,51.275906,11674200
2019-06-10,66.879997,67.980003,66.730003,67.120003,52.392113,10994700
2019-06-11,67.580002,68.029999,67.160004,67.879997,52.985363,9800900
2019-06-12,67.650002,67.809998,66.629997,66.809998,52.15015,9878300
2019-06-13,66.830002,67.440002,66.769997,67.080002,52.360893,9453600
2019-06-14,67.150002,67.720001,66.5,67.480003,52.673126,8901900
2019-06-17,67.5,67.510002,66.400002,66.540001,51.939384,8135900
2019-06-18,66.809998,68.25,66.5,67.980003,53.063412,12199100
2019-06-19,68.160004,68.589996,67.580002,67.589996,52.758972,12334800
2019-06-20,68.559998,68.720001,67.239998,68.099998,53.157078,15557100
2019-06-21,68.029999,68.959999,67.82,67.970001,53.055595,19502500
2019-06-24,67.82,68.5,67.379997,67.410004,52.618496,11223700
2019-06-25,67.459999,67.480003,66.480003,66.540001,51.939384,14205600
2019-06-26,67.040001,67.720001,66.769997,67.220001,52.470169,13654100
2019-06-27,67.620003,68.43,67.529999,68.150002,53.196117,11989100
2019-06-28,69.279999,70.209999,69.129997,70.029999,54.663593,20388700
2019-07-01,70.860001,71.639999,70.190002,70.739998,55.217796,13573600
2019-07-02,70.360001,70.980003,70.089996,70.440002,54.983624,10272200
2019-07-03,70.709999,71.199997,70.279999,70.849998,55.303654,7632400
2019-07-05,71.269997,71.800003,70.980003,71.400002,55.732971,9107300
2019-07-08,70.760002,71.690002,70.639999,71.129997,55.522209,10196000
2019-07-09,70.529999,71.669998,70.410004,71.559998,55.857872,9477700
2019-07-10,71.5,71.940002,70.650002,71.129997,55.522209,12153200
2019-07-11,71.43,72.0,71.089996,71.610001,55.896896,10739400
2019-07-12,71.889999,72.019997,71.580002,71.769997,56.021778,15355700
2019-07-15,71.730003,72.150002,70.080002,71.709999,55.974953,23365800
2019-07-16,71.699997,72.0,71.089996,71.32,55.670536,16516600
2019-07-17,71.190002,71.5,70.620003,70.82,55.280235,12278200
2019-07-18,70.540001,71.900002,70.480003,71.790001,56.037403,13407400
2019-07-19,71.730003,72.169998,70.860001,70.919998,55.358299,11184600
2019-07-22,70.720001,71.290001,70.68,71.110001,55.506607,7930600
2019-07-23,71.330002,72.18,71.300003,71.989998,56.193523,11804300
2019-07-24,71.660004,73.080002,71.660004,73.010002,56.989689,12512900
2019-07-25,72.959999,73.080002,70.93,71.389999,55.725166,15698300
2019-07-26,72.150002,72.639999,71.849998,72.160004,56.326221,10625900
2019-07-29,71.910004,72.339996,71.730003,71.760002,56.013977,8561200
2019-07-30,71.029999,71.709999,70.580002,71.709999,55.974953,9208300
2019-07-31,71.400002,71.660004,70.809998,71.160004,55.545639,13617300
2019-08-01,70.669998,71.089996,67.599998,68.349998,53.352219,22571000
2019-08-02,67.610001,68.059998,66.629997,67.610001,53.171345,14771400
2019-08-05,65.599998,65.82,64.580002,65.18,51.260292,21144800
2019-08-06,66.0,66.330002,64.830002,66.25,52.101784,12411500
2019-08-07,64.629997,65.32,63.639999,65.139999,51.228821,18418300
2019-08-08,65.849998,66.790001,65.629997,66.739998,52.487137,13577900
2019-08-09,66.330002,66.57,65.209999,66.050003,51.944492,13604600
2019-08-12,64.610001,64.790001,63.84,64.239998,50.521049,13039500
2019-08-13,63.900002,65.959999,63.509998,64.830002,50.985039,19056700
2019-08-14,62.880001,63.040001,61.18,61.41,48.295399,29370700
2019-08-15,61.98,62.369999,60.720001,61.32,48.224628,16340400
2019-08-16,61.93,63.66,61.849998,63.48,49.923332,16450700
2019-08-19,64.82,64.910004,64.160004,64.309998,50.576088,13312700
2019-08-20,63.720001,64.080002,63.349998,63.419998,49.876148,9815800
2019-08-21,64.129997,64.169998,63.060001,63.25,49.742458,14692900
2019-08-22,63.810001,64.209999,63.41,63.91,50.261509,9718500
2019-08-23,63.279999,64.129997,61.52,61.950001,48.720085,17997900
2019-08-26,62.57,62.82,62.169998,62.720001,49.325645,10628800
2019-08-27,63.009998,63.099998,61.16,61.66,48.492008,17219300
2019-08-28,61.299999,62.799999,61.299999,62.360001,49.042519,12343500
2019-08-29,63.310001,64.230003,63.099998,63.900002,50.253647,11478200
2019-08-30,64.339996,64.82,64.190002,64.349998,50.607544,11844600
2019-09-03,64.0,64.040001,62.32,63.419998,49.876148,11991500
2019-09-04,64.0,64.480003,63.84,64.279999,50.552494,9689800
2019-09-05,65.650002,67.279999,65.610001,66.339996,52.172562,14723500
2019-09-06,66.190002,66.5,65.75,65.970001,51.88158,10476000
2019-09-09,66.760002,69.300003,66.690002,68.790001,54.09935,20193300
2019-09-10,69.18,70.010002,68.449997,68.980003,54.248775,18146200
2019-09-11,68.720001,69.209999,68.110001,68.900002,54.185848,11858800
2019-09-12,68.110001,70.059998,67.93,69.300003,54.500435,15528700
2019-09-13,70.339996,70.739998,69.849998,70.389999,55.357662,14313100
2019-09-16,68.959999,70.110001,68.959999,69.830002,54.917252,12063700
2019-09-17,69.779999,69.779999,68.669998,69.480003,54.641991,10916900
2019-09-18,69.209999,70.349998,68.959999,70.089996,55.121719,11234500
2019-09-19,70.059998,70.470001,69.589996,69.730003,54.838619,10069100
2019-09-20,70.150002,70.540001,69.330002,69.349998,54.539757,26002100
2019-09-23,68.620003,69.699997,68.610001,69.550003,54.697041,9546300
2019-09-24,69.5,69.57,67.559998,67.900002,53.399418,16801900
2019-09-25,67.910004,69.699997,67.870003,69.379997,54.563335,12243000
2019-09-26,69.32,69.529999,68.800003,69.110001,54.351021,8555500
2019-09-27,69.82,70.360001,69.059998,69.459999,54.626263,11559700
2019-09-30,69.800003,69.900002,69.010002,69.080002,54.327412,8661000
2019-10-01,69.57,70.269997,68.010002,68.150002,53.596031,12428500
2019-10-02,67.760002,67.800003,66.190002,66.260002,52.109653,14760900
2019-10-03,66.080002,66.730003,64.790001,66.699997,52.455685,12646100
2019-10-04,66.760002,68.239998,66.669998,68.18,53.619614,10977100
2019-10-07,67.870003,68.839996,67.860001,68.150002,53.596031,7835500
2019-10-08,67.029999,67.18,66.029999,66.400002,52.219757,13500700
2019-10-09,67.0,67.769997,66.790001,67.43,53.029789,8357800
2019-10-10,67.769997,69.290001,67.550003,68.620003,53.96566,9817000
2019-10-11,69.989998,70.93,69.989998,70.099998,55.129597,14921700
2019-10-14,69.529999,70.5,69.459999,70.239998,55.239689,11398600
2019-10-15,70.169998,72.080002,68.699997,71.220001,56.010403,22030100
2019-10-16,70.82,71.459999,69.419998,69.5,54.657711,17295400
2019-10-17,70.029999,70.339996,69.18,69.599998,54.736366,11382800
2019-10-18,69.32,70.089996,69.139999,69.739998,54.846458,10413600
2019-10-21,70.519997,71.889999,70.519997,71.809998,56.4744,13080600
2019-10-22,71.720001,72.870003,71.470001,72.059998,56.671005,11052300
2019-10-23,71.900002,72.470001,71.730003,72.449997,56.977707,10327000
2019-10-24,72.550003,72.860001,71.860001,72.300003,56.859749,7445700
2019-10-25,71.970001,73.419998,71.809998,73.169998,57.543941,10497600
2019-10-28,73.730003,74.279999,73.440002,73.589996,57.874287,13086900
2019-10-29,73.139999,73.790001,72.720001,73.089996,57.481041,9592300
2019-10-30,72.75,73.349998,72.099998,72.970001,57.386677,12431500
2019-10-31,72.360001,72.970001,71.330002,71.860001,56.513721,16864000
2019-11-01,72.25,73.989998,72.099998,73.839996,58.485958,12935200
2019-11-04,74.940002,75.269997,74.110001,75.150002,59.523571,12585200
2019-11-05,75.190002,75.970001,74.639999,74.830002,59.270096,14403200
2019-11-06,74.419998,75.050003,73.970001,74.419998,58.945362,12629200
2019-11-07,75.410004,76.279999,75.410004,75.809998,60.046318,14340500
2019-11-08,75.480003,76.120003,75.059998,76.120003,60.291862,7927100
2019-11-11,75.449997,76.080002,75.239998,75.599998,59.879986,6020300
2019-11-12,75.550003,75.959999,75.010002,75.07,59.460197,11066600
2019-11-13,74.25,74.910004,73.709999,73.910004,58.541409,14040700
2019-11-14,73.610001,74.010002,73.330002,73.839996,58.485958,9446800
2019-11-15,74.339996,74.459999,73.68,74.400002,58.929516,10294000
2019-11-18,74.290001,74.639999,73.559998,74.400002,58.929516,8525700
2019-11-19,74.970001,75.239998,74.470001,74.82,59.262169,9095500
2019-11-20,74.629997,74.720001,73.220001,73.910004,58.541409,12799900
2019-11-21,74.080002,74.629997,73.510002,73.900002,58.533478,8585100
2019-11-22,74.099998,74.919998,73.970001,74.870003,59.301792,7910700
2019-11-25,74.93,75.849998,74.870003,75.68,59.943348,11497700
2019-11-26,75.839996,75.839996,74.82,75.459999,59.769089,11306000
2019-11-27,75.839996,76.129997,75.5,75.720001,59.975033,7592100
2019-11-29,75.43,75.800003,74.989998,75.120003,59.499805,6246900
2019-12-02,75.419998,75.93,74.43,74.519997,59.024559,11085300
2019-12-03,73.379997,73.470001,72.5,73.330002,58.081993,13559400
2019-12-04,73.830002,74.589996,73.419998,74.230003,58.794865,8266400
2019-12-05,74.650002,74.849998,74.349998,74.709999,59.17506,9581200
2019-12-06,75.93,76.220001,75.599998,75.809998,60.046318,9877800
2019-12-09,75.18,75.919998,75.080002,75.330002,59.666142,8817100
2019-12-10,75.07,76.269997,74.870003,75.779999,60.022568,13019600
2019-12-11,76.120003,76.209999,75.5,75.550003,59.840382,10484900
2019-12-12,75.809998,77.519997,75.620003,77.050003,61.028492,15829000
2019-12-13,77.050003,77.830002,76.059998,76.389999,60.505718,13447000
2019-12-16,77.360001,77.599998,76.900002,76.910004,60.91761,13967200
2019-12-17,77.290001,78.129997,77.129997,77.739998,61.575012,14409200
2019-12-18,77.699997,78.330002,77.660004,77.919998,61.717583,12643000
2019-12-19,78.0,78.519997,77.940002,78.199997,61.939377,13006200
2019-12-20,78.940002,79.050003,78.040001,78.510002,62.184898,32019400
2019-12-23,78.669998,78.970001,78.440002,78.760002,62.3829,9256500
2019-12-24,78.699997,78.940002,78.459999,78.589996,62.248253,4576200
2019-12-26,78.75,79.839996,78.650002,79.830002,63.230427,11992800
2019-12-27,80.0,80.18,79.580002,79.669998,63.103672,10867900
2019-12-30,80.150002,80.419998,79.339996,79.510002,62.976974,10084900
2019-12-31,79.32,79.940002,79.099998,79.889999,63.27795,8031200
2020-01-02,80.129997,81.260002,80.029999,81.230003,64.33931,12728900
2020-01-03,79.800003,80.519997,79.449997,79.699997,63.127438,12437400
2020-01-06,78.720001,79.550003,78.720001,79.449997,62.929432,10059500
2020-01-07,79.290001,79.300003,78.730003,78.760002,62.3829,10469100
2020-01-08,78.769997,80.0,78.68,79.360001,62.858147,11292400
2020-01-09,80.980003,80.980003,79.730003,80.080002,63.42844,12895900
2020-01-10,80.0,80.010002,79.07,79.25,62.771034,10062100
2020-01-13,79.5,80.720001,79.0,80.650002,63.879902,16566300
2020-01-14,81.199997,83.110001,80.970001,81.910004,64.877907,24971800
2020-01-15,81.730003,82.050003,80.730003,81.239998,64.347237,16063600
2020-01-16,81.959999,82.129997,80.849998,81.0,64.157143,10426000
2020-01-17,81.160004,81.400002,80.809998,81.120003,64.252197,12413100
2020-01-21,80.480003,80.910004,79.870003,79.900002,63.285854,10522000
2020-01-22,80.199997,80.480003,79.860001,80.099998,63.444279,8045600
2020-01-23,79.580002,80.080002,78.919998,79.800003,63.206669,11618200
2020-01-24,79.620003,79.669998,77.639999,78.419998,62.113609,15036100
2020-01-27,76.260002,77.0,75.849998,76.709999,60.759197,15859600
2020-01-28,77.209999,78.129997,76.779999,77.239998,61.178967,10960200
2020-01-29,77.540001,77.900002,76.410004,76.480003,60.577015,9478900
2020-01-30,75.739998,77.540001,75.5,77.43,61.329487,12498200
2020-01-31,75.959999,76.18,73.910004,74.410004,59.32822,17101200
2020-02-03,74.699997,76.209999,74.699997,75.129997,59.90229,11096500
2020-02-04,76.75,77.269997,76.43,76.5,60.994595,12173200
2020-02-05,77.919998,78.980003,77.809998,78.849998,62.86829,13070400
2020-02-06,79.800003,79.860001,78.400002,78.970001,62.963963,12826400
2020-02-07,78.129997,79.050003,78.059998,78.690002,62.740719,8341700
2020-02-10,78.080002,78.739998,78.050003,78.480003,62.573277,8418300
2020-02-11,78.75,79.550003,78.639999,79.089996,63.059631,9437200
2020-02-12,79.900002,80.769997,79.300003,79.330002,63.250992,9484100
2020-02-13,78.889999,79.279999,78.620003,79.0,62.987873,8946200
2020-02-14,78.889999,79.089996,78.449997,78.790001,62.820438,9056600
2020-02-18,78.610001,78.860001,77.510002,77.580002,61.855694,10343500
2020-02-19,77.870003,78.389999,77.620003,78.050003,62.230434,9145200
2020-02-20,77.660004,78.690002,77.309998,78.220001,62.36599,11763400
2020-02-21,77.559998,77.959999,76.150002,76.440002,60.946758,14020000
2020-02-24,73.379997,74.050003,72.440002,72.529999,57.829247,21096200
2020-02-25,72.629997,73.209999,69.0,69.43,55.357574,27451000
2020-02-26,70.019997,70.610001,68.160004,68.18,54.360935,25552100
2020-02-27,66.099998,66.889999,64.400002,64.449997,51.386951,34656800
2020-02-28,62.0,64.449997,61.34,63.459999,50.59761,46013200
2020-03-02,63.849998,67.610001,63.119999,67.589996,53.890511,29006400
2020-03-03,67.860001,68.43,64.470001,65.050003,51.865337,29547700
2020-03-04,66.050003,67.519997,64.360001,67.389999,53.731052,24188500
2020-03-05,64.800003,65.120003,63.009998,63.490002,50.621525,27277600
2020-03-06,60.459999,62.310001,59.740002,61.279999,48.859467,29916600
2020-03-09,54.310001,55.610001,51.0,51.369999,40.958069,35625600
2020-03-10,54.73,55.700001,51.5,55.580002,44.314766,32527500
2020-03-11,53.950001,54.330002,50.02,50.790001,40.495628,36709000
2020-03-12,45.299999,49.0,42.82,43.259998,34.491852,45941600
2020-03-13,47.82,51.240002,45.310001,51.040001,40.694958,40519800
2020-03-16,40.490002,45.23,39.57,41.189999,32.8414,35133800
2020-03-17,42.0,43.98,38.799999,40.25,32.091934,51650000
2020-03-18,37.060001,37.990002,32.0,36.43,29.046188,48351400
2020-03-19,35.470001,41.240002,34.200001,39.639999,31.60557,43397100
2020-03-20,40.459999,40.990002,37.200001,38.060001,30.34581,38163900
2020-03-23,37.549999,38.150002,34.619999,35.389999,28.216974,33013300
2020-03-24,37.650002,40.919998,37.34,40.66,32.418831,34100600
2020-03-25,42.310001,44.700001,39.43,41.860001,33.375614,38211100
2020-03-26,43.68,46.290001,43.0,46.02,36.692432,31528600
2020-03-27,44.130001,45.5,43.0,43.799999,34.922398,25484500
2020-03-30,44.049999,44.259998,41.57,44.080002,35.145649,27459000
2020-03-31,43.630001,44.23,41.650002,42.119999,33.582905,26219100
2020-04-01,39.139999,40.25,38.0,38.509998,30.704594,29219500
2020-04-02,38.360001,39.66,37.299999,39.23,31.278662,29532100
2020-04-03,39.0,39.459999,36.669998,37.490002,29.891346,25327100
2020-04-06,39.799999,41.34,39.509998,41.119999,32.785595,30064700
2020-04-07,44.810001,45.59,41.119999,41.25,32.889248,35220700
2020-04-08,42.849998,44.450001,41.970001,44.259998,35.289165,32944800
2020-04-09,46.939999,49.220001,46.369999,47.41,37.800705,43637200
2020-04-13,47.5,47.57,45.27,46.68,37.21867,27944300
2020-04-14,47.66,47.740002,43.529999,45.419998,36.214043,40466200
2020-04-15,43.369999,44.27,42.610001,42.860001,34.172928,32249000
2020-04-16,42.709999,42.84,40.099998,40.52,32.307217,37756000
2020-04-17,43.150002,45.619999,42.650002,45.450001,36.237972,41252900
2020-04-20,43.400002,45.439999,42.889999,44.009998,35.08984,33471900
2020-04-21,42.349998,43.110001,41.07,41.57,33.14439,35336200
2020-04-22,43.0,43.119999,41.849998,42.240002,33.678589,21888100
2020-04-23,42.650002,43.740002,42.259998,42.459999,33.853992,23970700
2020-04-24,43.0,43.34,41.73,43.099998,34.364277,26282100
2020-04-27,44.169998,46.82,43.73,46.560001,37.122986,30929200
2020-04-28,48.939999,49.59,46.93,47.209999,37.641235,28973300
2020-04-29,49.700001,50.650002,48.459999,50.259998,40.073059,32941100
2020-04-30,49.07,49.77,48.040001,48.560001,38.717613,28687000
2020-05-01,46.310001,46.470001,45.220001,45.52,36.679001,28078900
2020-05-04,45.029999,45.360001,43.98,45.119999,36.356693,26340200
2020-05-05,46.299999,46.349998,43.919998,43.950001,35.413925,27342900
2020-05-06,44.490002,45.02,42.720001,42.950001,34.608162,25028000
2020-05-07,43.52,45.16,43.439999,44.639999,35.969913,29849100
2020-05-08,45.32,46.419998,45.259998,46.32,37.323616,22905200
2020-05-11,45.209999,45.25,43.810001,44.07,35.510624,34765200
2020-05-12,44.389999,44.689999,42.32,42.349998,34.124687,33328300
2020-05-13,42.0,42.200001,40.23,40.599998,32.714573,35350600
2020-05-14,39.990002,42.099998,38.759998,42.060001,33.891006,40976400
2020-05-15,41.580002,42.450001,41.099998,41.919998,33.778194,28494900
2020-05-18,44.049999,45.91,43.490002,45.669998,36.799866,39383300
2020-05-19,45.27,45.790001,44.209999,44.43,35.800701,27271600
2020-05-20,45.57,46.279999,45.220001,45.470001,36.638718,23841300
2020-05-21,45.169998,45.790001,44.779999,45.0,36.259995,21698300
2020-05-22,44.77,45.049999,43.689999,44.099998,35.534794,22631700
2020-05-26,46.200001,48.900002,45.98,48.169998,38.814308,34429300
2020-05-27,51.68,52.389999,49.860001,52.259998,42.10994,43660500
2020-05-28,52.990002,53.009998,49.110001,49.16,39.612026,37972800
2020-05-29,48.02,49.48,47.560001,47.91,38.604805,35873400
2020-06-01,48.139999,49.68,47.82,49.450001,39.845711,22860100
2020-06-02,50.709999,51.290001,50.16,50.84,40.965744,27651300
2020-06-03,52.560001,53.759998,52.419998,53.34,42.980183,33341800
2020-06-04,53.299999,55.689999,52.610001,55.650002,44.841515,33083500
2020-06-05,61.57,62.470001,58.34,58.860001,47.42807,44648500
2020-06-08,60.66,61.330002,59.77,61.240002,49.345825,32587100
2020-06-09,59.0,60.200001,57.650002,59.5,47.943768,30422900
2020-06-10,58.900002,59.139999,55.860001,55.860001,45.010738,36743700
2020-06-11,51.669998,53.52,48.200001,48.389999,38.991585,62098600
2020-06-12,51.400002,52.450001,49.799999,52.25,42.101883,39040000
2020-06-15,49.959999,53.0,49.740002,52.98,42.69009,36592100
2020-06-16,56.299999,56.400002,52.32,54.450001,43.874592,37638700
2020-06-17,54.700001,54.799999,52.880001,53.0,42.706211,23727300
2020-06-18,52.669998,53.650002,52.029999,53.040001,42.738441,22280600
2020-06-19,54.060001,54.09,51.560001,52.919998,42.641754,50379300
2020-06-22,51.849998,52.57,51.52,52.060001,41.948792,22642100
2020-06-23,52.950001,53.73,52.5,52.950001,42.665928,22092600
2020-06-24,51.669998,51.84,50.16,50.810001,40.94157,27207700
2020-06-25,50.299999,52.790001,50.130001,52.68,42.448364,28112400
2020-06-26,52.34,52.34,49.470001,49.580002,39.950459,35426200
2020-06-29,50.279999,50.919998,49.610001,50.290001,40.52256,22578600
2020-06-30,49.810001,51.549999,49.650002,51.099998,41.175236,23360400
2020-07-01,51.759998,52.0,50.150002,50.349998,40.5709,19206900
2020-07-02,52.119999,52.459999,50.279999,50.549999,40.732063,22042700
2020-07-06,51.869999,52.560001,51.189999,51.970001,41.87627,22613100
2020-07-07,51.25,51.360001,50.09,50.32,40.54673,21235300
2020-07-08,50.200001,51.07,49.939999,50.880001,40.997963,19115300
2020-07-09,50.73,51.080002,49.029999,49.450001,39.845711,24263900
2020-07-10,49.450001,52.689999,49.450001,52.650002,42.424187,28027800
2020-07-13,53.330002,53.599998,51.860001,52.200001,42.061596,27151800
2020-07-14,51.290001,52.080002,50.009998,50.150002,40.409744,35814400
2020-07-15,51.900002,52.110001,50.68,51.84,41.771515,27676300
2020-07-16,51.279999,52.459999,50.939999,51.459999,41.465321,18824000
2020-07-17,51.220001,51.48,50.200001,50.220001,40.466148,19747400
2020-07-20,49.990002,50.580002,49.75,50.139999,40.401695,23472600
2020-07-21,50.900002,51.82,50.669998,51.73,41.682877,21943200
2020-07-22,51.540001,52.279999,51.150002,51.66,41.626469,17873400
2020-07-23,51.450001,52.23,51.130001,52.080002,41.964901,17090400
2020-07-24,52.099998,52.48,51.5,51.669998,41.634533,16258900
2020-07-27,51.459999,51.459999,50.610001,51.290001,41.328331,13991400
2020-07-28,51.02,51.66,50.970001,51.27,41.312222,13121400
2020-07-29,51.169998,52.59,50.990002,52.52,42.319443,16991000
2020-07-30,51.110001,51.200001,49.860001,50.869999,40.98991,24154600
2020-07-31,50.259998,50.310001,49.369999,50.009998,40.705029,22485800
2020-08-03,50.560001,50.849998,49.689999,50.389999,41.014324,15856600
2020-08-04,50.23,50.32,49.849998,50.139999,40.810852,16230800
2020-08-05,50.5,51.310001,50.470001,51.040001,41.543392,16412400
2020-08-06,50.75,51.290001,50.580002,50.889999,41.421291,11025000
2020-08-07,50.52,52.23,50.130001,52.119999,42.422436,21499100
2020-08-10,52.290001,53.209999,52.25,52.860001,43.024746,16850400
2020-08-11,54.450001,55.029999,53.540001,53.759998,43.757298,25256500
2020-08-12,54.939999,55.02,52.75,53.349998,43.423584,19337900
2020-08-13,52.830002,53.48,52.57,52.889999,43.049168,13815300
2020-08-14,52.450001,53.349998,52.360001,52.93,43.081722,13861300
2020-08-17,52.630001,52.82,51.349998,51.419998,41.85268,19788700
2020-08-18,51.52,51.529999,50.279999,50.34,40.973629,17100800
2020-08-19,50.68,51.330002,50.0,50.290001,40.932938,20837300
2020-08-20,49.529999,50.02,49.23,49.580002,40.355045,15920900
2020-08-21,49.450001,50.080002,49.16,49.299999,40.12714,17416000
2020-08-24,49.900002,51.130001,49.450001,51.060001,41.559669,19745100
2020-08-25,51.849998,52.509998,50.970001,51.650002,42.03989,17244800
2020-08-26,51.66,51.790001,50.82,50.849998,41.388729,14541600
2020-08-27,50.720001,52.209999,50.650002,51.720001,42.096863,19393500
2020-08-28,52.07,52.369999,51.529999,52.279999,42.552666,16990300
2020-08-31,51.91,52.040001,51.099998,51.119999,41.608498,16280100
2020-09-01,50.880001,51.57,50.540001,51.200001,41.673615,16903400
2020-09-02,51.040001,52.139999,50.66,51.950001,42.284077,15348600
2020-09-03,52.439999,53.639999,51.23,51.5,41.917797,25003200
2020-09-04,52.470001,53.360001,51.439999,52.52,42.74802,25124000
2020-09-08,51.919998,52.09,50.66,51.040001,41.543392,28128600
2020-09-09,51.200001,51.59,50.619999,51.400002,41.836403,19193900
2020-09-10,51.720001,52.5,50.700001,50.950001,41.470139,22324400
2020-09-11,50.889999,51.689999,50.799999,51.0,41.510826,21033200
2020-09-14,51.490002,52.080002,47.900002,48.150002,39.191113,58798300
2020-09-15,48.119999,48.389999,44.669998,44.810001,36.472553,84689700
2020-09-16,45.209999,46.759998,44.619999,46.02,37.457409,45484600
2020-09-17,45.459999,45.830002,45.009998,45.529999,37.058582,28741600
2020-09-18,45.52,45.959999,44.759998,44.860001,36.513245,33201700
2020-09-21,43.41,44.16,43.07,43.93,35.756283,33469700
2020-09-22,43.790001,44.130001,43.080002,43.290001,35.235367,25799200
2020-09-23,43.610001,43.950001,41.790001,41.849998,34.063297,28780200
2020-09-24,41.849998,42.599998,41.290001,42.189999,34.340038,31259200
2020-09-25,41.84,42.130001,41.52,42.02,34.201675,26917200
2020-09-28,42.919998,43.880001,42.889999,43.34,35.276066,21204600
2020-09-29,43.099998,43.290001,42.02,42.419998,34.527237,20694300
2020-09-30,42.580002,43.59,42.5,43.110001,35.088863,22533400
2020-10-01,43.330002,43.650002,42.599998,43.439999,35.35746,21900500
2020-10-02,42.540001,43.869999,42.52,43.66,35.536526,23899200
2020-10-05,44.259998,45.23,44.209999,44.91,36.55394,24170600
2020-10-06,45.48,46.060001,44.16,44.41,36.14698,29505900
2020-10-07,45.02,45.630001,44.610001,44.84,36.496975,22135800
2020-10-08,44.91,45.169998,44.279999,44.720001,36.399296,28630700
2020-10-09,45.009998,45.59,44.689999,44.93,36.570221,25595600
2020-10-12,45.09,45.990002,44.950001,45.880001,37.343468,24070200
2020-10-13,46.119999,46.119999,43.549999,43.68,35.552807,49899100
2020-10-14,43.52,44.240002,43.0,43.029999,35.023746,30260500
2020-10-15,42.540001,43.639999,42.25,43.610001,35.495831,26408000
2020-10-16,43.68,43.880001,43.080002,43.189999,35.153976,25998000
2020-10-19,43.349998,43.389999,42.810001,42.900002,34.917938,22793600
2020-10-20,43.369999,44.080002,43.34,43.52,35.422565,21255900
2020-10-21,43.459999,43.73,42.900002,43.009998,35.007473,19816300
2020-10-22,42.889999,43.990002,42.66,43.950001,35.772564,21341200
2020-10-23,44.209999,44.57,43.669998,43.950001,35.772564,18486500
2020-10-26,43.360001,43.400002,42.810001,43.259998,35.210945,24928100
2020-10-27,43.040001,43.040001,41.869999,41.880001,34.087719,24251700
2020-10-28,40.970001,41.59,40.740002,41.130001,33.477257,27485000
2020-10-29,41.130001,42.150002,40.709999,41.66,33.908649,23351000
2020-10-30,41.029999,41.540001,40.490002,41.419998,34.131142,26962800
2020-11-02,41.860001,42.669998,41.200001,42.209999,34.782112,24310800
2020-11-03,43.299999,44.02,43.060001,43.529999,35.869823,29985200
2020-11-04,42.529999,43.41,41.900002,42.080002,34.674999,25956400
2020-11-05,42.34,43.580002,42.18,43.07,35.490788,24945100
2020-11-06,43.509998,43.610001,42.5,42.709999,35.19413,17705200
2020-11-09,46.869999,48.779999,46.259998,47.639999,39.256577,56895200
2020-11-10,48.310001,48.75,47.450001,47.650002,39.264816,33275800
2020-11-11,47.900002,49.290001,47.68,48.93,40.319569,29719600
2020-11-12,47.970001,48.41,47.709999,48.279999,39.783939,28457400
2020-11-13,48.650002,49.07,48.400002,48.66,40.097084,18632500
2020-11-16,50.41,51.02,49.860001,50.400002,41.530884,26699400
2020-11-17,49.84,50.93,49.48,50.73,41.802822,18970000
2020-11-18,51.09,52.650002,51.009998,51.049999,42.066505,25824000
2020-11-19,51.599998,52.32,50.950001,52.139999,42.964687,20262400
2020-11-20,51.830002,52.110001,51.189999,51.650002,42.560913,15471100
2020-11-23,52.509998,53.630001,52.290001,53.299999,43.920563,28923200
2020-11-24,54.48,57.139999,54.48,57.060001,47.018898,32890900
2020-11-25,56.27,57.16,55.330002,57.060001,47.018898,28250500
2020-11-27,57.0,57.240002,56.119999,56.669998,46.697525,14267100
2020-11-30,56.139999,56.540001,55.0,55.07,45.379086,23359300
2020-12-01,56.549999,56.740002,55.400002,55.470001,45.708694,23497900
2020-12-02,55.360001,57.419998,55.25,57.200001,47.13427,26796800
2020-12-03,57.380001,57.450001,56.200001,56.580002,46.623363,18776100
2020-12-04,57.560001,58.82,57.310001,58.619999,48.304379,24696000
2020-12-07,58.150002,58.610001,57.279999,58.130001,47.900608,21280900
2020-12-08,57.48,58.400002,57.360001,58.360001,48.090134,15511700
2020-12-09,59.16,59.549999,58.299999,58.950001,48.576309,27278200
2020-12-10,58.040001,60.790001,58.009998,60.5,49.853539,25866600
2020-12-11,59.799999,59.810001,58.18,58.93,48.559818,20960000
2020-12-14,60.0,60.259998,58.73,58.740002,48.403259,19688300
2020-12-15,58.740002,59.860001,58.57,59.669998,49.169605,16044400
2020-12-16,60.07,60.139999,59.360001,59.75,49.235527,14988300
2020-12-17,60.0,60.290001,59.57,60.049999,49.482727,18229900
2020-12-18,60.299999,60.299999,58.709999,59.060001,48.666939,28712700
2020-12-21,60.349998,61.82,59.810001,61.23,50.455078,31906100
2020-12-22,61.099998,61.139999,59.16,59.259998,48.831749,17851600
2020-12-23,60.0,61.310001,59.790001,60.779999,50.084267,16579100
2020-12-24,60.93,61.09,59.880001,60.57,49.911232,6824400
2020-12-28,60.619999,61.93,60.490002,61.130001,50.372681,14414600
2020-12-29,61.150002,61.400002,60.549999,60.91,50.191395,10800400
2020-12-30,60.91,61.27,60.669998,60.860001,50.150192,10770700
2020-12-31,60.669998,61.849998,60.529999,61.66,50.809406,12500700
2021-01-04,61.59,61.709999,59.73,60.139999,49.556904,21286200
2021-01-05,60.349998,62.0,60.02,61.700001,50.842373,20213100
2021-01-06,64.489998,66.599998,63.950001,65.25,53.76767,38106600
2021-01-07,67.07,68.099998,66.010002,66.019997,54.402164,24161000
2021-01-08,66.209999,66.209999,64.339996,65.370003,53.86655,20747800
2021-01-11,64.580002,66.620003,64.330002,66.440002,54.74826,20454000
2021-01-12,67.489998,67.739998,66.239998,66.669998,54.937782,20162800
2021-01-13,67.0,67.220001,65.989998,66.860001,55.094337,18541900
2021-01-14,67.519997,69.43,67.169998,69.010002,56.866009,29108900
2021-01-15,67.370003,67.650002,64.089996,64.230003,52.927162,38295300
2021-01-19,65.199997,65.25,62.91,63.689999,52.482182,27022400
2021-01-20,63.75,63.82,62.84,63.25,52.119614,17448900
2021-01-21,63.209999,63.34,61.740002,61.869999,50.98246,19394600
2021-01-22,60.939999,61.830002,60.189999,61.330002,50.537487,24740400
2021-01-25,60.669998,60.77,59.169998,60.560001,49.902981,25754100
2021-01-26,61.200001,61.240002,60.09,60.91,50.191395,18760900
2021-01-27,59.900002,60.0,58.529999,59.400002,48.947124,24657200
2021-01-28,60.150002,61.060001,59.630001,60.34,49.721703,19986200
2021-01-29,59.959999,60.200001,57.689999,57.990002,48.192566,27078300
2021-02-01,58.66,58.669998,57.400002,58.43,48.558231,16073000
2021-02-02,59.599998,60.25,59.299999,59.580002,49.513943,18693400
2021-02-03,59.41,61.150002,59.32,61.099998,50.777134,18730600
2021-02-04,61.57,62.630001,61.419998,62.41,51.865799,16612900
2021-02-05,62.990002,63.080002,62.07,62.580002,52.007088,13493800
2021-02-08,63.09,63.709999,62.849998,63.650002,52.896313,15055400
2021-02-09,63.700001,63.869999,62.52,63.119999,52.455853,12336900
2021-02-10,63.48,63.990002,62.98,63.619999,52.871376,12680700
2021-02-11,63.599998,63.869999,61.93,63.200001,52.522343,12108300
2021-02-12,62.919998,64.019997,62.889999,63.630001,52.879684,12174600
2021-02-16,64.919998,65.07,63.84,64.120003,53.286907,19065400
2021-02-17,63.799999,64.910004,63.450001,64.760002,53.818779,20279600
2021-02-18,64.300003,64.550003,63.09,63.48,52.755032,14833200
2021-02-19,64.160004,65.989998,64.050003,65.779999,54.666443,20456200
2021-02-22,65.400002,66.900002,65.290001,65.519997,54.450363,23120700
2021-02-23,65.589996,66.919998,64.860001,66.739998,55.464245,26712100
2021-02-24,67.169998,68.68,67.0,68.599998,57.010006,20752900
2021-02-25,69.040001,69.379997,66.889999,67.410004,56.021053,25206100
2021-02-26,66.779999,67.599998,65.540001,65.879997,54.749542,24182200
2021-03-01,68.489998,69.989998,67.980003,69.540001,57.791187,28054600
2021-03-02,69.190002,69.989998,68.849998,68.910004,57.267635,19200600
2021-03-03,69.489998,71.489998,69.300003,70.379997,58.489269,25157600
2021-03-04,70.18,71.779999,67.889999,69.809998,58.015568,28518400
2021-03-05,70.839996,71.269997,68.440002,70.230003,58.364624,25406800
2021-03-08,71.07,72.839996,70.860001,72.220001,60.018387,27351100
2021-03-09,70.910004,72.489998,70.040001,70.989998,58.996223,24194900
2021-03-10,71.290001,73.879997,71.199997,73.75,61.289898,21331100
2021-03-11,73.480003,74.279999,72.550003,73.309998,60.924244,17499200
2021-03-12,74.419998,75.25,74.099998,75.18,62.47831,17210600
2021-03-15,75.510002,75.589996,73.279999,74.220001,61.680519,18918100
2021-03-16,73.519997,73.629997,72.32,73.330002,60.940872,15834800
2021-03-17,73.93,74.339996,72.739998,73.599998,61.165264,19337500
2021-03-18,74.43,76.129997,73.449997,73.839996,61.364704,23857900
2021-03-19,73.199997,73.580002,71.519997,73.010002,60.674942,24079400
2021-03-22,72.290001,72.599998,71.639999,71.959999,59.80233,15040000
2021-03-23,71.300003,72.639999,70.510002,70.910004,58.929722,16238700
2021-03-24,71.690002,72.480003,70.059998,70.080002,58.239967,17089600
2021-03-25,69.830002,71.919998,69.150002,71.720001,59.602879,18357300
2021-03-26,72.57,73.239998,72.0,73.019997,60.683239,15716600
2021-03-29,71.550003,72.150002,70.370003,71.580002,59.486538,17822300
2021-03-30,72.0,73.220001,72.0,72.959999,60.633389,15615900
2021-03-31,72.709999,73.830002,72.459999,72.75,60.458862,15224800
2021-04-01,72.220001,73.290001,72.220001,73.139999,60.782978,15251300
2021-04-05,74.07,74.339996,72.440002,72.75,60.458862,16128400
2021-04-06,72.360001,73.07,72.050003,72.599998,60.33419,12908400
2021-04-07,72.919998,73.120003,71.949997,72.690002,60.408997,14081400
2021-04-08,72.150002,72.529999,71.080002,72.330002,60.10981,13677100
2021-04-09,72.809998,73.010002,72.010002,72.419998,60.184612,14586400
2021-04-12,72.620003,72.800003,72.139999,72.690002,60.408997,12002400
2021-04-13,72.300003,72.419998,71.07,72.059998,59.885445,16150000
2021-04-14,71.739998,73.290001,71.379997,72.910004,60.591839,19476600
2021-04-15,74.449997,74.730003,71.760002,72.540001,60.284344,31333400
2021-04-16,73.32,73.57,71.690002,72.449997,60.209553,28478400
2021-04-19,72.709999,72.830002,71.949997,72.129997,59.943596,19964800
2021-04-20,71.550003,71.550003,69.269997,69.790001,57.998962,22013000
2021-04-21,69.129997,70.709999,68.410004,70.650002,58.713646,16334800
2021-04-22,70.43,70.75,69.669998,69.809998,58.015568,16037600
2021-04-23,69.839996,71.540001,69.510002,71.379997,59.320328,18876100
2021-04-26,71.730003,72.809998,71.610001,72.199997,60.001774,13098600
2021-04-27,72.5,73.099998,72.360001,72.989998,60.658302,13357500
2021-04-28,73.370003,73.639999,72.730003,72.910004,60.591839,14420400
2021-04-29,73.760002,74.019997,72.879997,73.839996,61.364704,20628400
2021-04-30,72.690002,72.739998,71.089996,71.239998,59.615726,23669300
2021-05-03,72.019997,72.440002,71.389999,71.709999,60.009041,16026100
2021-05-04,71.239998,72.400002,70.629997,72.330002,60.527863,23071400
2021-05-05,72.610001,73.809998,71.779999,73.709999,61.682705,19427200
2021-05-06,73.639999,74.940002,73.419998,74.779999,62.578106,19621800
2021-05-07,73.43,75.110001,73.220001,75.080002,62.829147,16937400
2021-05-10,75.360001,76.839996,75.110001,75.129997,62.870998,19628200
2021-05-11,74.5,75.57,73.910004,74.870003,62.653423,21534800
2021-05-12,75.940002,76.400002,73.900002,74.230003,62.117851,19791300
2021-05-13,73.879997,75.879997,73.800003,75.290001,63.004887,18622300
2021-05-14,75.68,76.769997,75.660004,76.559998,64.067673,14122700
2021-05-17,76.330002,77.470001,76.099998,77.419998,64.787331,14676300
2021-05-18,77.379997,77.690002,76.57,76.620003,64.117867,13729600
2021-05-19,75.620003,76.650002,74.720001,76.459999,63.983986,23283600
2021-05-20,76.169998,76.639999,75.360001,76.199997,63.766399,15244300
2021-05-21,76.5,77.809998,76.410004,77.650002,64.97979,18544500
2021-05-24,77.830002,78.360001,77.470001,78.029999,65.297806,16750200
2021-05-25,78.199997,79.279999,77.190002,77.279999,64.670166,20015800
2021-05-26,77.209999,77.900002,76.68,77.519997,64.87101,15243400
2021-05-27,78.519997,79.110001,77.949997,78.760002,65.908691,17467000
2021-05-28,78.660004,78.970001,77.910004,78.709999,65.866829,14392800
2021-06-01,79.489998,80.089996,79.339996,79.760002,66.745522,15450500
2021-06-02,80.099998,80.290001,79.379997,79.860001,66.829185,15285600
2021-06-03,79.709999,80.290001,79.419998,79.629997,66.636742,22255800
2021-06-04,79.690002,79.870003,78.809998,79.489998,66.519569,13807000
2021-06-07,79.620003,79.650002,79.019997,79.309998,66.368942,12670100
2021-06-08,78.300003,79.419998,77.709999,79.080002,66.176468,15399100
2021-06-09,78.669998,78.779999,77.760002,78.139999,65.389854,13778400
2021-06-10,79.040001,79.290001,76.830002,76.889999,64.343826,15277400
2021-06-11,77.0,77.190002,76.099998,76.480003,64.000702,18043500
2021-06-14,76.610001,76.769997,74.669998,75.160004,62.896099,18304400
2021-06-15,75.050003,75.339996,73.25,73.82,61.77475,25191700
2021-06-16,72.75,73.0,70.150002,71.459999,59.799824,53319800
2021-06-17,72.580002,72.610001,68.160004,68.860001,57.624084,48523000
2021-06-18,68.480003,68.75,67.129997,67.610001,56.578033,44582900
2021-06-21,68.440002,69.089996,67.879997,68.449997,57.280972,30266600
2021-06-22,68.900002,69.410004,67.769997,68.959999,57.707748,21564600
2021-06-23,69.360001,70.050003,69.080002,69.650002,58.285183,19672700
2021-06-24,70.330002,71.669998,69.949997,71.32,59.682674,23900400
2021-06-25,71.449997,71.849998,69.860001,71.550003,59.875145,26727400
2021-06-28,71.32,71.669998,70.459999,71.510002,59.841675,17660900
2021-06-29,70.139999,71.599998,69.580002,69.68,58.310284,28696900
2021-06-30,69.68,70.809998,69.419998,70.75,59.205688,18502300
2021-07-01,71.080002,71.209999,70.449997,71.010002,59.42326,12584800
2021-07-02,71.010002,71.120003,70.110001,70.410004,58.921165,13222700
2021-07-06,70.110001,70.190002,67.860001,68.209999,57.080139,24672200
2021-07-07,67.709999,68.370003,67.260002,67.93,56.845821,19342700
2021-07-08,66.400002,67.139999,65.75,66.730003,55.841629,24763600
2021-07-09,68.110001,68.519997,67.639999,68.449997,57.280972,18872600
2021-07-12,67.669998,69.589996,67.300003,69.440002,58.109451,19600600
2021-07-13,69.080002,69.480003,68.019997,68.370003,57.214039,18962400
2021-07-14,69.989998,70.779999,67.449997,68.169998,57.046661,36287800
2021-07-15,67.540001,69.040001,67.440002,68.449997,57.280972,18897200
2021-07-16,68.709999,68.760002,66.419998,66.900002,55.983883,19289000
2021-07-19,65.459999,66.07,64.360001,65.080002,54.460861,33318600
2021-07-20,65.18,66.779999,64.779999,66.290001,55.473427,20577900
2021-07-21,67.010002,68.25,66.93,67.889999,56.812344,23393200
2021-07-22,67.75,67.790001,66.410004,66.93,56.008999,16524900
2021-07-23,67.5,67.760002,66.519997,66.709999,55.82489,13443300
2021-07-26,66.459999,67.839996,66.459999,67.769997,56.711922,16434000
2021-07-27,67.080002,68.400002,66.779999,67.980003,56.887672,17127700
2021-07-28,68.32,68.610001,67.489998,68.099998,56.988079,20275900
2021-07-29,68.709999,69.580002,68.410004,68.809998,57.58223,22261700
2021-07-30,67.919998,68.519997,67.239998,67.620003,57.008938,18078200
2021-08-02,67.949997,69.120003,67.639999,67.730003,57.101669,16616700
2021-08-03,68.25,69.089996,66.889999,68.879997,58.071213,21041500
2021-08-04,68.120003,69.25,67.93,68.519997,57.767704,14416300
2021-08-05,68.830002,69.769997,68.769997,69.690002,58.75412,14361600
2021-08-06,70.779999,71.5,70.580002,71.07,59.917557,23915400
2021-08-09,70.940002,72.0,70.459999,71.519997,60.296932,15619800
2021-08-10,71.620003,73.339996,71.379997,72.980003,61.527855,17920100
2021-08-11,73.300003,74.339996,72.93,74.300003,62.640724,18676100
2021-08-12,74.330002,74.639999,73.629997,74.129997,62.497379,14181400
2021-08-13,74.199997,74.620003,72.919998,73.110001,61.637444,13362800
2021-08-16,72.410004,72.489998,70.989998,72.099998,60.785934,15532800
2021-08-17,71.339996,72.360001,70.68,71.620003,60.381252,14623000
2021-08-18,71.199997,72.260002,70.879997,71.120003,59.959728,13970600
2021-08-19,70.540001,70.739998,69.43,69.839996,58.880569,21047300
2021-08-20,69.709999,70.300003,69.209999,70.25,59.226238,14028800
2021-08-23,70.760002,71.260002,70.559998,70.889999,59.765804,13079500
2021-08-24,71.139999,72.190002,71.029999,72.040001,60.735348,12669300
2021-08-25,72.800003,73.900002,72.040001,73.18,61.696453,17766600
2021-08-26,73.470001,73.900002,72.279999,72.440002,61.072594,14135600
2021-08-27,72.580002,73.370003,72.300003,72.989998,61.536278,13669400
2021-08-30,73.0,73.010002,71.220001,71.669998,60.42342,12687400
2021-08-31,71.75,72.5,71.330002,71.910004,60.625751,17285900
2021-09-01,72.360001,72.360001,71.209999,71.309998,60.1199,15114800
2021-09-02,71.360001,71.970001,70.919998,71.5,60.280083,13533400
2021-09-03,71.620003,71.730003,70.650002,71.169998,60.001858,13683300
2021-09-07,71.360001,72.279999,70.709999,70.82,59.706795,14663600
2021-09-08,70.870003,71.220001,69.879997,70.040001,59.049198,14861800
2021-09-09,69.970001,71.099998,69.910004,70.459999,59.403286,14212900
2021-09-10,70.93,70.989998,69.519997,69.57,58.652946,15422800
2021-09-13,70.120003,70.660004,69.760002,70.519997,59.453861,16337300
2021-09-14,70.839996,71.379997,68.519997,68.779999,57.986904,26568900
2021-09-15,68.82,70.870003,68.620003,70.449997,59.394855,22392100
2021-09-16,71.029999,71.18,69.989998,70.0,59.015469,19245400
2021-09-17,69.769997,70.580002,69.660004,69.959999,58.98175,30768300
2021-09-20,68.050003,68.169998,65.970001,67.300003,56.739155,36955400
2021-09-21,67.650002,67.739998,66.519997,66.940002,56.435646,21169900
2021-09-22,67.889999,69.169998,67.790001,68.239998,57.531647,21160200
2021-09-23,69.209999,71.389999,69.0,70.879997,59.757378,21451500
2021-09-24,70.709999,71.580002,70.709999,71.18,60.010292,15788400
2021-09-27,71.849998,72.610001,71.75,72.260002,60.92083,19857500
2021-09-28,72.470001,73.279999,71.239998,71.370003,60.170498,20835000
2021-09-29,71.690002,71.82,70.980003,71.529999,60.305378,13683900
2021-09-30,71.629997,71.699997,69.949997,70.18,59.167229,22090900
2021-10-01,70.440002,71.68,70.089996,71.18,60.010292,23701900
2021-10-04,71.080002,72.980003,70.849998,71.290001,60.103039,18957200
2021-10-05,71.760002,72.93,71.330002,72.529999,61.14846,15587200
2021-10-06,71.919998,72.610001,71.019997,72.419998,61.055706,15997200
2021-10-07,73.010002,73.349998,72.050003,72.190002,60.86182,15349900
2021-10-08,71.849998,72.809998,71.510002,72.349998,60.996704,11960700
2021-10-11,72.699997,73.720001,71.610001,71.68,60.431843,14985500
2021-10-12,71.540001,71.940002,70.440002,70.639999,59.555042,17593400
2021-10-13,70.550003,70.580002,68.739998,70.260002,59.234669,23451900
2021-10-14,71.07,71.269997,69.720001,70.800003,59.689938,24707900
2021-10-15,71.82,73.220001,71.510002,72.290001,60.946114,21884500
2021-10-18,72.07,72.550003,71.400002,71.610001,60.372822,15026100
2021-10-19,72.25,72.5,71.260002,71.760002,60.499287,15173900
2021-10-20,71.559998,72.279999,70.809998,71.82,60.549877,14350400
2021-10-21,71.260002,71.830002,70.010002,70.510002,59.445435,18519000
2021-10-22,70.769997,71.889999,70.68,71.370003,60.170498,14625100
2021-10-25,71.580002,71.849998,70.709999,70.830002,59.715221,15103000
2021-10-26,71.0,71.610001,70.610001,70.650002,59.563457,18647900
2021-10-27,70.510002,70.709999,69.309998,70.309998,59.276825,25475900
2021-10-28,70.779999,71.32,70.279999,70.879997,59.757378,16367800
2021-10-29,70.480003,70.610001,68.970001,69.160004,58.729858,22403000
2021-11-01,69.93,69.93,69.029999,69.610001,59.111996,19106600
2021-11-02,69.529999,69.629997,68.540001,68.599998,58.254314,25539000
2021-11-03,68.300003,69.580002,68.089996,69.0,58.593975,21755600
2021-11-04,68.75,68.769997,66.519997,67.0,56.895618,32148900
2021-11-05,67.82,67.989998,66.949997,66.989998,56.887108,20902600
2021-11-08,67.889999,69.019997,67.370003,68.449997,58.126938,25122000
2021-11-09,67.779999,68.25,67.440002,67.989998,57.736305,18513000
2021-11-10,68.120003,68.440002,67.709999,68.209999,57.923119,19290200
2021-11-11,68.260002,69.18,68.169998,68.870003,58.483601,20296200
2021-11-12,69.0,69.169998,68.300003,69.160004,58.729858,13867400
2021-11-15,69.43,69.669998,68.540001,68.739998,58.373207,12965100
2021-11-16,68.779999,68.779999,67.300003,67.739998,57.524002,19042800
2021-11-17,67.660004,67.690002,66.769997,66.849998,56.76823,16468300
2021-11-18,66.709999,67.150002,66.199997,67.110001,56.989021,14994700
2021-11-19,66.120003,66.419998,65.230003,66.339996,56.335144,19766900
2021-11-22,67.959999,68.110001,66.800003,67.040001,56.929588,24020500
2021-11-23,67.57,68.370003,67.110001,68.07,57.804226,18142200
2021-11-24,68.0,68.059998,67.230003,67.279999,57.133389,14975500
2021-11-26,65.010002,65.739998,63.810001,65.5,55.621834,24542000
2021-11-29,65.989998,66.290001,64.459999,65.040001,55.231201,24340700
2021-11-30,64.32,64.809998,63.360001,63.700001,54.093292,35574000
2021-12-01,64.660004,65.089996,62.5,62.52,53.091248,27379200
2021-12-02,63.34,64.269997,62.759998,63.810001,54.186699,24890700
2021-12-03,63.740002,64.120003,62.43,62.759998,53.295052,25458700
2021-12-06,62.939999,63.57,62.139999,62.52,53.091248,25105500
2021-12-07,62.950001,63.349998,62.32,62.900002,53.41394,28301200
2021-12-08,63.02,63.16,62.349998,62.459999,53.040298,20697200
2021-12-09,61.869999,62.5,60.849998,62.139999,52.768555,29960500
2021-12-10,61.68,62.259998,60.200001,60.709999,51.554211,39726500
2021-12-13,60.490002,60.869999,59.779999,60.18,51.104149,20489500
2021-12-14,60.450001,61.32,60.380001,60.639999,51.49477,19571100
2021-12-15,60.939999,61.009998,59.540001,60.240002,51.155106,33861300
2021-12-16,61.099998,61.91,60.82,61.07,51.859924,25688300
2021-12-17,60.27,60.5,58.959999,59.540001,50.560673,47383500
2021-12-20,58.599998,58.73,57.59,58.279999,49.490688,31619600
2021-12-21,58.740002,59.860001,58.650002,59.380001,50.424797,23175100
2021-12-22,59.310001,59.939999,59.099998,59.599998,50.611614,14760600
2021-12-23,59.990002,60.779999,59.950001,60.209999,51.129623,15223300
2021-12-27,60.400002,60.939999,60.0,60.650002,51.503262,14035400
2021-12-28,60.439999,61.330002,60.310001,60.619999,51.477791,12697900
2021-12-29,60.810001,60.98,60.27,60.540001,51.409851,13284000
2021-12-30,60.619999,61.07,60.389999,60.43,51.316444,11380500
2021-12-31,60.43,60.759998,60.119999,60.389999,51.282478,12307200
2022-01-03,61.18,63.610001,61.110001,63.099998,53.583775,30508500
2022-01-04,64.059998,64.730003,63.540001,63.59,53.999878,30303600
2022-01-05,64.099998,64.410004,62.779999,62.849998,53.371475,25149100
2022-01-06,64.220001,65.309998,63.509998,64.910004,55.120811,33334200
2022-01-07,65.18,66.550003,65.18,65.779999,55.859604,26548200
2022-01-10,66.459999,66.980003,65.220001,66.029999,56.071903,28693700
2022-01-11,66.379997,67.279999,66.169998,67.110001,56.989021,23453000
2022-01-12,67.779999,68.650002,66.919998,67.279999,57.133389,27976200
2022-01-13,67.529999,68.440002,67.019997,67.779999,57.55798,29222000
2022-01-14,65.360001,67.080002,65.080002,66.93,56.836174,35994400
2022-01-18,66.690002,66.839996,65.099998,65.300003,55.451996,26353600
2022-01-19,65.660004,65.660004,63.970001,64.239998,54.551846,22817100
2022-01-20,64.290001,65.449997,63.700001,64.459999,54.738674,22794100
2022-01-21,63.990002,64.449997,62.75,63.27,53.728142,28637900
2022-01-24,61.509998,62.799999,60.029999,62.700001,53.244106,38601700
2022-01-25,61.970001,64.459999,61.130001,64.110001,54.441467,34371100
2022-01-26,64.699997,65.779999,63.869999,64.75,54.98494,31803400
2022-01-27,65.220001,65.849998,63.900002,64.150002,54.475426,24674000
2022-01-28,63.619999,64.709999,62.830002,64.690002,54.933983,20953500
2022-01-31,64.010002,65.25,63.599998,65.120003,55.299149,23067400
2022-02-01,65.440002,66.690002,65.040001,66.559998,56.521965,26868400
2022-02-02,66.349998,66.800003,65.580002,66.230003,56.241741,18194200
2022-02-03,66.260002,66.379997,65.029999,65.260002,55.418037,18219100
2022-02-04,65.040001,66.660004,64.839996,66.080002,56.556343,23267900
2022-02-07,66.089996,66.790001,65.5,66.360001,56.795982,20081600
2022-02-08,67.059998,67.970001,66.599998,67.120003,57.446465,23191000
2022-02-09,67.410004,68.190002,67.139999,67.839996,58.062679,20902700
2022-02-10,67.949997,68.550003,67.220001,67.5,57.771679,22522300
2022-02-11,67.25,69.110001,66.599998,67.150002,57.472137,27226700
2022-02-14,66.870003,67.220001,65.82,66.459999,56.881569,24544000
2022-02-15,67.160004,67.480003,66.529999,67.0,57.343746,15487600
2022-02-16,66.540001,67.43,66.43,66.949997,57.300949,13067400
2022-02-17,66.330002,66.639999,64.209999,64.709999,55.383785,23150000
2022-02-18,64.110001,64.970001,63.700001,64.139999,54.895935,18114800
2022-02-22,63.07,64.360001,63.07,63.889999,54.681969,19057000
2022-02-23,64.419998,64.760002,63.040001,63.220001,54.108532,17563500
2022-02-24,60.490002,61.060001,58.369999,60.669998,51.926044,46453500
2022-02-25,61.310001,62.889999,61.009998,61.98,53.047241,30518900
2022-02-28,59.93,60.419998,58.400002,59.23,50.693584,48212900
2022-03-01,58.389999,59.32,57.919998,58.59,50.145821,51389000
2022-03-02,56.970001,59.860001,55.93,59.560001,50.976025,60206500
2022-03-03,58.75,58.990002,56.990002,57.619999,49.315617,54027300
2022-03-04,55.91,56.66,55.189999,56.59,48.434074,54263000
2022-03-07,55.029999,56.27,54.07,55.549999,47.543949,49710700
2022-03-08,56.560001,57.290001,54.759998,54.869999,46.96196,43858100
2022-03-09,56.900002,57.279999,55.810001,55.950001,47.886311,32757100
2022-03-10,55.02,55.369999,53.950001,54.880001,46.970516,31942500
2022-03-11,55.369999,55.689999,54.07,54.16,46.354271,20550900
2022-03-14,54.700001,55.27,53.830002,54.23,46.4142,25046000
2022-03-15,54.459999,55.619999,54.349998,55.110001,47.167374,20747100
2022-03-16,56.02,57.540001,55.970001,56.799999,48.613804,31659800
2022-03-17,55.709999,57.299999,55.029999,57.290001,49.033184,21432300
2022-03-18,56.939999,57.630001,56.73,57.349998,49.084534,30900500
2022-03-21,57.830002,57.830002,56.75,56.98,48.767864,21661200
2022-03-22,57.82,58.25,57.310001,57.5,49.21291,23407400
2022-03-23,57.119999,57.5,56.0,56.349998,48.228657,23070200
2022-03-24,56.610001,56.639999,56.200001,56.419998,48.288567,16770200
2022-03-25,56.529999,57.23,56.439999,56.740002,48.562447,21206300
2022-03-28,56.200001,56.279999,54.73,55.919998,47.86063,25546300
2022-03-29,57.279999,57.400002,56.130001,56.470001,48.331367,21463500
2022-03-30,56.009998,56.450001,54.549999,54.970001,47.04755,32222400
2022-03-31,54.509998,54.860001,53.360001,53.400002,45.703823,29202400
2022-04-01,53.470001,53.740002,51.77,52.330002,44.788033,40073100
2022-04-04,52.25,53.0,51.66,52.799999,45.190296,29296200
2022-04-05,52.060001,52.48,51.419998,51.580002,44.146126,23065500
2022-04-06,51.009998,51.09,50.400002,50.529999,43.247463,25196600
2022-04-07,50.560001,50.610001,49.040001,50.029999,42.819519,28689900
2022-04-08,49.84,51.299999,49.830002,50.880001,43.547005,26853300
2022-04-11,50.790001,52.25,50.380001,50.549999,43.264576,20895700
2022-04-12,50.599998,51.119999,50.049999,50.34,43.084835,18755500
2022-04-13,49.279999,50.18,49.200001,50.150002,42.922222,21194200
2022-04-14,50.66,51.900002,50.279999,50.93,43.589806,34043100
2022-04-18,50.84,53.209999,50.779999,52.310001,44.770908,28396300
2022-04-19,52.73,53.18,52.5,52.919998,45.292995,19996800
2022-04-20,53.400002,53.98,52.889999,53.099998,45.447052,20532800
2022-04-21,53.540001,53.77,52.52,52.630001,45.044804,15952900
2022-04-22,52.439999,52.599998,51.169998,51.23,43.846573,23073900
2022-04-25,50.779999,51.240002,49.68,51.130001,43.760979,22079300
2022-04-26,50.529999,51.599998,50.220001,50.23,42.990688,18335800
2022-04-27,49.759998,50.619999,49.540001,49.599998,42.451488,24707500
2022-04-28,49.91,50.029999,49.009998,50.02,42.810951,20112100
2022-04-29,49.66,49.91,48.049999,48.209999,41.686859,21844900
2022-05-02,48.459999,48.860001,47.779999,48.709999,42.119202,25904000
2022-05-03,49.330002,50.810001,49.080002,50.099998,43.321129,25374500
2022-05-04,50.169998,52.400002,50.040001,52.23,45.162918,26643600
2022-05-05,51.439999,52.130001,50.689999,51.310001,44.367413,25756000
2022-05-06,51.240002,52.0,50.580002,51.619999,44.635452,25912900
2022-05-09,50.990002,51.220001,49.59,49.889999,43.139542,28888400
2022-05-10,50.540001,50.689999,47.66,48.75,42.153786,31054700
2022-05-11,48.950001,49.939999,47.560001,47.66,41.211281,30179000
2022-05-12,47.259998,47.400002,45.400002,46.560001,40.260109,36301500
2022-05-13,46.810001,47.849998,46.810001,47.639999,41.193974,21739400
2022-05-16,47.59,48.07,47.0,47.459999,41.038338,16919100
2022-05-17,49.84,51.610001,49.700001,51.049999,44.14259,46643400
2022-05-18,50.73,51.060001,49.009998,49.32,42.646664,32181600
2022-05-19,48.66,50.299999,48.59,49.779999,43.044426,27279400
2022-05-20,50.259998,50.73,48.509998,49.75,43.018486,29025500
2022-05-23,51.349998,53.599998,51.150002,52.77,45.629852,35166800
2022-05-24,52.470001,53.009998,51.490002,52.68,45.552032,24344800
2022-05-25,52.560001,53.119999,52.02,52.700001,45.569336,23507900
2022-05-26,53.459999,54.25,53.169998,54.09,46.771255,19140700
2022-05-27,54.0,54.0,53.040001,53.619999,46.364845,19509300
2022-05-31,53.029999,53.860001,52.439999,53.41,46.183262,25805400
2022-06-01,53.5,53.740002,51.73,52.389999,45.301277,23902000
2022-06-02,52.400002,52.5,51.599998,52.43,45.335861,17473600
2022-06-03,52.07,52.330002,51.220001,51.330002,44.384701,16550000
2022-06-06,51.799999,52.57,51.369999,51.400002,44.445229,18473200
2022-06-07,51.029999,52.23,50.830002,52.099998,45.05051,15528800
2022-06-08,51.700001,52.110001,51.060001,51.41,44.453869,13207700
2022-06-09,51.540001,51.599998,49.959999,49.970001,43.208717,14272900
2022-06-10,48.720001,49.150002,47.369999,47.709999,41.254509,28910800
2022-06-13,46.66,47.009998,45.400002,45.689999,39.507824,30308400
2022-06-14,46.189999,46.73,45.549999,45.959999,39.741302,25223600
2022-06-15,46.470001,48.18,46.450001,47.580002,41.142109,30001500
2022-06-16,46.799999,47.189999,45.959999,46.889999,40.54546,24744900
2022-06-17,47.119999,47.290001,45.990002,46.52,40.225533,35111400
2022-06-21,47.959999,48.34,47.52,47.959999,41.470676,20289700
2022-06-22,47.330002,47.990002,46.939999,47.200001,40.813511,19752800
2022-06-23,46.869999,46.91,45.59,46.349998,40.078529,24137200
2022-06-24,45.560001,48.259998,45.529999,47.860001,41.384216,27322600
2022-06-27,48.060001,48.400002,47.25,47.830002,41.358276,21198200
2022-06-28,48.400002,49.110001,46.939999,47.209999,40.822166,21643600
2022-06-29,47.259998,47.799999,46.630001,47.099998,40.727051,20981000
2022-06-30,46.220001,46.709999,45.259998,45.990002,39.767246,21207900
2022-07-01,45.740002,47.040001,45.34,46.869999,40.528164,16539600
2022-07-05,45.689999,46.650002,44.93,46.610001,40.303349,19156800
2022-07-06,46.299999,46.68,45.459999,46.150002,39.90559,14952800
2022-07-07,46.91,47.299999,46.610001,46.93,40.580051,15598900
2022-07-08,47.259998,47.560001,46.580002,46.82,40.484928,11789900
2022-07-11,46.419998,46.799999,46.09,46.189999,39.940174,12778200
2022-07-12,45.580002,46.93,45.5,46.130001,39.888294,16966700
2022-07-13,45.700001,45.779999,44.66,45.5,39.343529,21793600
2022-07-14,44.48,44.48,43.439999,44.139999,38.167557,27337600
2022-07-15,47.0,50.619999,46.189999,49.98,43.217365,86566200
2022-07-18,50.66,51.5,49.73,50.07,43.295181,26042500
2022-07-19,50.880001,52.41,50.830002,52.130001,45.07645,28113600
2022-07-20,51.5,52.450001,51.450001,52.450001,45.353157,24546500
2022-07-21,52.110001,52.630001,51.790001,52.59,45.47422,18261900
2022-07-22,52.52,53.02,51.490002,51.91,44.886223,14903400
2022-07-25,52.43,53.150002,52.07,52.16,45.10239,16794700
2022-07-26,51.77,52.799999,51.240002,51.400002,44.445229,18960800
2022-07-27,51.700001,52.709999,51.32,52.349998,45.266682,17087300
2022-07-28,52.09,52.720001,51.310001,52.23,45.162918,12729200
2022-07-29,51.720001,52.25,51.5,51.900002,45.320095,16783500
2022-08-01,51.490002,52.209999,51.139999,51.919998,45.337566,13051800
2022-08-02,51.759998,52.099998,50.73,50.75,44.315899,17378500
2022-08-03,51.240002,51.779999,50.830002,51.610001,45.066868,13570600
2022-08-04,51.560001,51.75,51.07,51.259998,44.761242,10152200
2022-08-05,51.119999,52.34,50.91,51.66,45.110531,13868800
2022-08-08,51.970001,52.16,51.41,51.470001,44.944618,11594400
2022-08-09,51.639999,52.110001,51.419998,52.09,45.486019,9739300
2022-08-10,52.810001,54.400002,52.740002,53.189999,46.44656,32416200
2022-08-11,53.900002,54.470001,53.75,54.0,47.153862,13450300
2022-08-12,54.18,54.400002,53.630001,54.380001,47.485691,15493600
2022-08-15,53.75,54.189999,53.470001,54.07,47.214981,11595200
2022-08-16,53.810001,54.560001,53.740002,54.18,47.311047,14708000
2022-08-17,53.419998,54.02,53.299999,53.759998,46.94429,13370800
2022-08-18,53.599998,53.720001,53.040001,53.549999,46.760914,10573300
2022-08-19,53.150002,53.41,52.369999,52.610001,45.940086,14798800
2022-08-22,51.560001,51.77,50.990002,51.25,44.75251,16749600
2022-08-23,51.259998,51.68,50.860001,50.950001,44.490543,11126100
2022-08-24,50.93,51.290001,50.630001,51.009998,44.542931,11159300
2022-08-25,51.209999,52.25,51.07,52.060001,45.459812,12569000
2022-08-26,52.279999,52.34,49.75,49.779999,43.468876,20049700
2022-08-29,49.669998,49.720001,49.029999,49.369999,43.110859,15103100
2022-08-30,49.84,49.84,48.700001,49.080002,42.85762,16735500
2022-08-31,49.279999,49.549999,48.669998,48.810001,42.621853,16582100
2022-09-01,48.77,48.77,47.810001,48.75,42.569462,14470900
2022-09-02,49.310001,50.150002,48.619999,48.84,42.648056,15568100
2022-09-06,48.970001,49.099998,47.619999,48.220001,42.106655,15544500
2022-09-07,47.740002,48.740002,47.599998,48.630001,42.464676,15413900
2022-09-08,48.400002,49.950001,48.119999,49.900002,43.573662,18088800
2022-09-09,50.310001,51.009998,50.25,50.669998,44.24604,18711800
2022-09-12,51.259998,51.639999,50.700001,50.869999,44.420681,13506500
2022-09-13,49.900002,50.200001,48.57,49.0,42.787766,22148200
2022-09-14,49.130001,49.509998,47.700001,48.43,42.290031,25701700
2022-09-15,48.360001,49.25,48.279999,48.439999,42.298752,16556900
2022-09-16,47.990002,48.240002,47.470001,48.110001,42.010601,19995600
2022-09-19,47.490002,48.48,47.439999,48.240002,42.124123,14716100
2022-09-20,47.82,47.970001,46.860001,47.25,41.259632,16650200
2022-09-21,47.25,47.73,46.310001,46.330002,40.456261,18641800
2022-09-22,46.610001,46.869999,45.490002,45.580002,39.801353,18443100
2022-09-23,44.98,45.110001,43.299999,44.259998,38.648701,30918000
2022-09-26,43.689999,44.18,42.580002,42.990002,37.539719,23684400
2022-09-27,43.23,43.389999,42.080002,42.59,37.190418,21255500
2022-09-28,42.59,43.619999,42.450001,43.400002,37.897736,19818100
2022-09-29,42.900002,43.080002,42.009998,42.389999,37.015785,20982200
2022-09-30,42.389999,42.970001,41.610001,41.669998,36.387062,22266400
2022-10-03,41.549999,42.919998,41.060001,42.560001,37.16423,22001000
2022-10-04,43.57,44.75,43.470001,44.41,38.779686,20660000
2022-10-05,43.759998,44.0,43.110001,43.84,38.281952,15458500
2022-10-06,43.419998,43.799999,42.790001,43.060001,37.600842,17738400
2022-10-07,42.700001,42.790001,41.939999,42.189999,36.841141,18101300
2022-10-10,42.490002,42.610001,41.529999,41.599998,36.325935,13768800
2022-10-11,41.27,41.560001,40.419998,40.450001,35.321739,20176100
2022-10-12,40.389999,41.360001,40.049999,40.84,35.662292,20862200
2022-10-13,40.200001,43.18,40.009998,42.950001,37.504787,27964900
2022-10-14,43.09,44.419998,42.799999,43.23,37.74929,28885100
2022-10-17,44.310001,44.43,43.189999,43.59,38.063648,20835400
2022-10-18,44.66,44.950001,43.650002,44.150002,38.552658,21302100
2022-10-19,43.830002,44.099998,42.889999,43.34,37.845345,15142800
2022-10-20,43.389999,43.939999,42.720001,42.919998,37.478584,15421600
2022-10-21,42.939999,44.32,42.68,44.259998,38.648701,18783600
2022-10-24,44.32,44.669998,43.970001,44.41,38.779686,14392300
2022-10-25,44.049999,45.59,43.91,45.32,39.57431,20085700
2022-10-26,45.5,45.98,45.220001,45.41,39.652905,16516200
2022-10-27,45.869999,46.139999,45.349998,45.439999,39.6791,15687900
2022-10-28,45.560001,46.279999,45.029999,46.130001,40.281628,13457900
2022-10-31,45.709999,46.220001,45.57,45.860001,40.045853,15600400
2022-11-01,46.299999,46.48,46.0,46.220001,40.360218,15505200
2022-11-02,46.130001,47.009998,45.540001,45.549999,39.775154,20306800
2022-11-03,45.16,45.41,44.509998,44.580002,38.928135,16025800
2022-11-04,44.610001,45.450001,44.27,45.130001,39.86446,15204100
2022-11-07,45.48,45.860001,45.209999,45.73,40.394451,11792300
2022-11-08,45.799999,46.529999,45.630001,46.119999,40.738945,16737100
2022-11-09,45.73,45.860001,45.150002,45.360001,40.067627,13299000
2022-11-10,46.709999,48.759998,46.560001,48.419998,42.770596,27915500
2022-11-11,48.5,50.57,48.439999,50.189999,44.334076,26009200
2022-11-14,49.939999,49.98,49.02,49.02,43.300591,19631600
2022-11-15,49.830002,50.419998,48.490002,49.029999,43.309422,19839400
2022-11-16,48.880001,48.959999,48.139999,48.369999,42.726429,18052100
2022-11-17,47.68,48.259998,47.400002,48.25,42.620434,11962700
2022-11-18,48.73,49.07,48.16,48.66,42.98259,12884300
2022-11-21,48.66,49.040001,48.279999,48.880001,43.176929,9884100
2022-11-22,49.139999,49.68,49.130001,49.330002,43.574425,13132000
2022-11-23,49.34,49.470001,47.849998,48.240002,42.611607,22863300
2022-11-25,48.200001,48.529999,48.130001,48.290001,42.655766,6823600
2022-11-28,47.91,48.189999,46.830002,47.23,41.719444,18987100
2022-11-29,47.23,47.900002,47.209999,47.57,42.019768,12224700
2022-11-30,47.080002,48.43,46.189999,48.41,42.761761,23993100
2022-12-01,48.279999,48.669998,47.349998,47.779999,42.205265,19797600
2022-12-02,47.279999,47.450001,46.810001,47.240002,41.728275,12745400
2022-12-05,46.939999,47.119999,45.380001,45.639999,40.314953,20397500
2022-12-06,45.650002,45.889999,44.200001,44.98,39.73196,22160800
2022-12-07,44.639999,45.450001,44.310001,44.669998,39.458122,20233400
2022-12-08,44.849998,45.369999,44.259998,44.689999,39.475792,15622200
2022-12-09,44.599998,45.189999,44.549999,44.860001,39.625961,14030600
2022-12-12,44.650002,45.799999,44.360001,45.77,40.429787,19045100
2022-12-13,46.84,47.849998,46.240002,46.59,41.154106,25655400
2022-12-14,46.509998,47.040001,45.720001,45.98,40.61528,16587500
2022-12-15,45.09,45.259998,44.130001,44.619999,39.41396,20201900
2022-12-16,44.200001,44.66,43.810001,44.349998,39.175453,26955400
2022-12-19,44.360001,44.48,43.48,43.93,38.80447,18019100
2022-12-20,44.150002,44.549999,43.799999,43.810001,38.698471,14412700
2022-12-21,44.209999,44.889999,44.169998,44.810001,39.581799,22492300
2022-12-22,44.439999,44.439999,42.91,43.990002,38.857471,24476100
2022-12-23,44.0,44.360001,43.880001,44.259998,39.095963,15143800
2022-12-27,44.279999,44.540001,43.970001,44.389999,39.2108,14777800
2022-12-28,44.43,44.869999,44.189999,44.619999,39.41396,12882200
2022-12-29,44.84,45.240002,44.650002,45.16,39.890953,14124100
2022-12-30,44.93,45.279999,44.759998,45.23,39.952785,11802800
2023-01-03,45.75,46.75,45.540001,45.779999,40.438618,19564000
2023-01-04,46.540001,47.540001,46.34,46.959999,41.480949,21507200
2023-01-05,46.700001,46.959999,45.970001,46.75,41.295441,12314900
2023-01-06,47.060001,47.689999,46.610001,47.310001,41.790108,16736300
2023-01-09,47.889999,48.32,47.470001,47.540001,41.993271,16745500
2023-01-10,47.560001,48.209999,47.200001,48.189999,42.567429,12429900
2023-01-11,48.209999,48.740002,47.860001,48.709999,43.02676,17143700
2023-01-12,49.060001,49.48,48.549999,49.09,43.362423,16287800
2023-01-13,48.509998,50.23,47.740002,49.919998,44.095577,28037000
2023-01-17,49.860001,50.740002,49.740002,50.310001,44.440086,28193500
2023-01-18,50.240002,50.48,49.240002,49.43,43.662766,18952000
2023-01-19,48.650002,49.599998,48.470001,49.369999,43.609756,14869100
2023-01-20,49.68,51.110001,49.259998,51.09,45.129078,19957300
2023-01-23,51.049999,52.290001,50.880001,51.98,45.91523,18531200
2023-01-24,51.419998,51.950001,50.419998,51.419998,45.420567,13303200
2023-01-25,50.849998,51.939999,50.849998,51.900002,45.844566,20719000
2023-01-26,52.080002,52.259998,51.509998,52.189999,46.100731,22393300
2023-01-27,51.959999,52.189999,51.66,51.860001,45.809238,18294000
2023-01-30,51.439999,52.040001,51.34,51.75,45.71207,11126200
2023-01-31,51.860001,52.220001,51.630001,52.220001,46.127235,34823400
2023-02-01,51.540001,52.740002,51.41,52.150002,46.065403,22111900
2023-02-02,52.580002,53.23,51.73,52.220001,46.127235,22331700
2023-02-03,51.02,51.540001,50.529999,50.950001,45.449284,20050600
2023-02-06,50.400002,50.990002,49.91,50.860001,45.368996,16152000
2023-02-07,50.75,51.759998,50.59,51.130001,45.609852,14361000
2023-02-08,50.77,51.509998,50.599998,51.150002,45.627701,13242300
2023-02-09,51.349998,51.459999,49.860001,49.98,44.584007,16794900
2023-02-10,49.82,50.189999,49.150002,50.110001,44.69997,16519900
2023-02-13,49.990002,51.080002,49.919998,51.0,45.493889,11626900
2023-02-14,50.93,51.75,50.490002,51.610001,46.038033,16283300
2023-02-15,50.84,51.880001,50.810001,51.82,46.225357,9216600
2023-02-16,51.349998,51.830002,51.099998,51.459999,45.904224,9398000
2023-02-17,51.259998,51.59,50.919998,51.419998,45.868538,12297700
2023-02-21,50.740002,50.91,49.43,49.84,44.459126,22899200
2023-02-22,49.889999,50.48,49.369999,50.040001,44.637535,14431500
2023-02-23,50.34,50.619999,49.700001,50.380001,44.940815,12550700
2023-02-24,50.0,50.34,49.650002,50.18,44.762417,14547300
2023-02-27,50.5,51.189999,50.389999,50.470001,45.021107,14190200
2023-02-28,50.48,50.869999,50.25,50.689999,45.21735,12932400
2023-03-01,50.459999,51.540001,50.299999,51.5,45.939911,15966000
2023-03-02,51.18,51.450001,50.459999,51.400002,45.8507,18104500
2023-03-03,51.48,52.389999,51.48,52.349998,46.698139,15879900
2023-03-06,52.360001,52.450001,52.009998,52.18,46.546494,12693300
2023-03-07,51.799999,52.130001,50.73,51.080002,45.565258,30953800
2023-03-08,51.060001,51.27,50.299999,50.68,45.208431,12847700
2023-03-09,50.580002,50.830002,48.41,48.599998,43.352997,29460100
2023-03-10,48.080002,49.380001,47.130001,48.34,43.121075,29770800
2023-03-13,47.0,47.240002,44.599998,44.740002,39.909737,50709200
2023-03-14,47.209999,47.990002,46.560001,47.400002,42.282555,42165900
2023-03-15,45.439999,45.5,44.099998,44.82,39.981094,41832800
2023-03-16,44.66,46.09,43.700001,45.619999,40.694729,28877300
2023-03-17,44.98,44.98,43.82,44.25,39.472633,37130200
2023-03-20,44.709999,45.740002,43.91,44.09,39.32991,31899900
2023-03-21,45.57,46.02,44.950001,45.07,40.204109,29835600
2023-03-22,45.18,45.310001,43.68,43.709999,38.990932,21672000
2023-03-23,44.310001,44.849998,43.110001,43.450001,38.759007,24112600
2023-03-24,42.84,43.119999,42.009998,43.110001,38.455715,25453900
2023-03-27,44.060001,45.0,43.880001,44.779999,39.945412,29335200
2023-03-28,44.720001,45.23,44.490002,45.220001,40.33791,16206000
2023-03-29,45.59,46.009998,45.459999,45.950001,40.989105,15047000
2023-03-30,46.48,46.639999,45.740002,46.07,41.096149,14226400
2023-03-31,46.599998,46.970001,46.330002,46.889999,41.827618,16009200
2023-04-03,47.139999,47.490002,46.43,46.709999,41.667053,16633100
2023-04-04,46.900002,47.02,45.650002,46.09,41.113987,15542400
2023-04-05,45.470001,46.189999,45.310001,45.77,40.828537,11739100
2023-04-06,45.799999,46.209999,45.52,45.860001,40.908821,11918100
2023-04-10,45.790001,46.759998,45.77,46.52,41.497562,11777100
2023-04-11,46.669998,47.369999,46.59,47.200001,42.104149,14177300
2023-04-12,47.48,47.639999,46.52,46.919998,41.854366,14330900
2023-04-13,46.900002,47.59,46.580002,47.299999,42.193344,15578900
2023-04-14,48.169998,49.889999,48.02,49.560001,44.209354,33064500
2023-04-17,49.759998,49.810001,49.09,49.689999,44.325314,19590400
2023-04-18,49.93,50.299999,49.450001,50.080002,44.673214,16616200
2023-04-19,49.73,50.450001,49.380001,50.400002,44.95866,14894000
2023-04-20,49.810001,50.049999,49.099998,49.400002,44.066628,20410200
2023-04-21,48.959999,49.220001,48.32,49.029999,43.736568,14377300
2023-04-24,49.029999,49.310001,48.75,49.029999,43.736568,11208800
2023-04-25,48.5,48.650002,47.720001,47.900002,42.728573,15374000
2023-04-26,47.799999,47.860001,46.389999,46.860001,41.800858,16984600
2023-04-27,47.040001,47.349998,46.439999,47.029999,41.952496,16541400
2023-04-28,46.189999,47.330002,46.040001,47.07,42.448498,15222100
2023-05-01,47.880001,48.380001,47.169998,47.25,42.610825,18314800
2023-05-02,46.82,47.060001,45.560001,46.0,41.483562,19450100
2023-05-03,46.130001,46.599998,45.630001,45.669998,41.185947,14533500
2023-05-04,45.040001,45.400002,44.080002,44.900002,40.491558,20601800
2023-05-05,45.799999,46.5,45.669998,46.32,41.772137,13384500
2023-05-08,46.880001,47.150002,46.27,46.360001,41.808208,8760900
2023-05-09,45.91,46.759998,45.790001,46.52,41.952499,10188800
2023-05-10,47.150002,47.189999,45.59,46.369999,41.817226,11840000
2023-05-11,45.740002,46.130001,45.43,46.029999,41.510605,11222800
2023-05-12,46.330002,46.380001,45.07,45.450001,40.98756,12812800
2023-05-15,45.689999,46.310001,45.630001,46.049999,41.528648,11911300
2023-05-16,45.93,46.16,45.259998,45.279999,40.834248,9201200
2023-05-17,45.779999,47.110001,45.779999,47.080002,42.457523,16359100
2023-05-18,46.98,46.98,45.860001,46.389999,41.835266,17618000
2023-05-19,46.459999,46.73,45.619999,45.709999,41.222034,15416200
2023-05-22,45.970001,46.099998,45.450001,45.790001,41.294174,14471000
2023-05-23,45.84,46.82,45.799999,45.91,41.402397,13797100
2023-05-24,45.16,45.240002,44.209999,44.490002,40.121815,23744900
2023-05-25,44.299999,44.799999,43.880001,44.23,39.887344,18109400
2023-05-26,44.459999,44.650002,43.990002,44.599998,40.221012,11962600
2023-05-30,44.73,44.889999,44.25,44.700001,40.311199,12431100
2023-05-31,44.200001,44.41,43.709999,44.32,39.968506,18154100
2023-06-01,44.68,45.349998,44.310001,44.84,40.437447,15757100
2023-06-02,45.470001,46.68,45.360001,46.32,41.772137,19455600
2023-06-05,46.360001,46.48,45.810001,46.240002,41.699997,11004700
2023-06-06,46.189999,47.509998,46.150002,47.220001,42.583775,14189200
2023-06-07,47.470001,48.18,47.16,48.009998,43.296204,15457400
2023-06-08,47.73,48.25,47.529999,48.099998,43.377373,12058600
2023-06-09,48.099998,48.57,47.91,48.299999,43.557739,11744000
2023-06-12,48.27,48.5,47.970001,48.450001,43.693012,13801000
2023-06-13,48.450001,49.419998,48.450001,48.689999,43.909443,14062700
2023-06-14,48.830002,49.27,47.560001,48.240002,43.503624,22053000
2023-06-15,48.130001,48.59,47.580002,48.560001,43.792206,14926100
2023-06-16,48.84,48.84,48.16,48.189999,43.458534,18223000
2023-06-20,47.91,47.91,47.080002,47.610001,42.935482,12777700
2023-06-21,47.5,47.849998,47.23,47.41,42.755119,10550700
2023-06-22,47.220001,47.259998,46.43,46.630001,42.051701,11841900
2023-06-23,46.099998,46.25,45.84,46.02,41.501595,13249100
2023-06-26,46.119999,46.689999,46.009998,46.240002,41.699997,13253900
2023-06-27,46.200001,46.610001,45.900002,46.400002,41.844292,11863300
2023-06-28,46.369999,46.389999,45.82,46.23,41.690971,13394900
2023-06-29,46.169998,46.790001,46.009998,46.290001,41.74509,18840800
2023-06-30,46.779999,46.799999,46.029999,46.040001,41.51963,15228200
2023-07-03,46.080002,47.290001,46.02,46.740002,42.150898,10159900
2023-07-05,46.709999,47.049999,46.41,46.799999,42.205009,11852900
2023-07-06,46.5,46.5,45.110001,45.380001,40.924431,17431400
2023-07-07,45.23,46.349998,45.209999,45.740002,41.249084,13160700
2023-07-10,45.599998,46.389999,45.540001,45.669998,41.185947,14307600
2023-07-11,45.799999,46.610001,45.630001,46.529999,41.961517,14131700
2023-07-12,47.259998,48.27,47.220001,47.380001,42.728058,17960500
2023-07-13,47.560001,47.849998,47.139999,47.68,42.998604,26210700
2023-07-14,48.48,48.549999,45.689999,45.75,41.258099,38634500
2023-07-17,45.810001,46.619999,45.720001,46.259998,41.718033,18521400
2023-07-18,46.75,47.66,46.68,47.02,42.403408,24678000
2023-07-19,47.080002,47.84,46.619999,47.52,42.854324,15789100
2023-07-20,47.389999,47.880001,47.23,47.41,42.755119,17647200
2023-07-21,47.540001,47.599998,46.82,47.049999,42.430462,18251600
2023-07-24,46.98,47.84,46.98,47.66,42.980579,19006200
2023-07-25,47.490002,47.779999,47.060001,47.09,42.466537,14729900
2023-07-26,47.389999,47.75,47.02,47.490002,42.827263,12267900
2023-07-27,47.599998,49.119999,47.439999,47.880001,43.178974,25162700
2023-07-28,48.32,48.360001,47.09,47.41,42.755119,20871700
2023-07-31,47.59,48.049999,47.360001,47.66,42.980579,14377200
2023-08-01,47.330002,47.470001,46.810001,47.07,42.448498,15219100
2023-08-02,46.419998,46.68,45.950001,46.310001,41.763115,13101100
2023-08-03,45.970001,46.470001,45.709999,46.209999,41.672939,13467100
2023-08-04,45.73,46.689999,45.560001,45.709999,41.700302,18329500
2023-08-07,45.950001,46.240002,45.630001,45.830002,41.809776,16972000
2023-08-08,45.02,45.23,44.139999,45.16,41.198555,18524500
2023-08-09,45.02,45.189999,44.41,44.439999,40.541714,13957100
2023-08-10,44.709999,44.990002,44.25,44.34,40.450481,12112300
2023-08-11,44.040001,44.619999,43.98,44.57,40.660309,11973200
2023-08-14,44.080002,44.41,43.98,44.099998,40.231533,14280300
2023-08-15,43.650002,43.650002,43.18,43.209999,39.419601,17125100
2023-08-16,43.02,43.16,42.57,42.639999,38.899616,13963600
2023-08-17,42.84,43.080002,42.09,42.459999,38.735394,16123600
2023-08-18,42.150002,42.799999,42.09,42.25,38.543816,12908700
2023-08-21,42.619999,42.759998,41.669998,42.07,38.379608,14486300
2023-08-22,42.310001,42.380001,40.970001,41.02,37.421715,20507900
2023-08-23,41.060001,41.23,40.77,41.080002,37.476452,16214500
2023-08-24,41.02,41.669998,40.720001,41.080002,37.476452,15579600
2023-08-25,41.259998,41.66,40.779999,41.240002,37.622417,16881900
2023-08-28,41.48,41.860001,41.150002,41.32,37.6954,14125900
2023-08-29,41.299999,41.77,41.259998,41.720001,38.060318,13199700
2023-08-30,41.689999,41.84,41.34,41.369999,37.741013,18211400
2023-08-31,41.509998,41.68,41.009998,41.290001,37.668034,17795700
2023-09-01,41.59,41.82,41.380001,41.59,37.941708,12413500
2023-09-05,41.529999,41.93,41.189999,41.360001,37.731892,15843400
2023-09-06,41.02,41.490002,40.91,41.369999,37.741013,13675200
2023-09-07,41.07,41.369999,40.700001,40.73,37.157146,12406100
2023-09-08,40.610001,40.689999,40.279999,40.59,37.029438,15055400
2023-09-11,40.810001,41.369999,40.529999,40.59,37.029438,11404200
2023-09-12,40.57,42.060001,40.560001,41.68,38.023819,24774700
2023-09-13,41.939999,42.900002,41.68,42.369999,38.653286,31031900
2023-09-14,42.790001,43.439999,42.73,43.139999,39.355747,19422800
2023-09-15,42.75,43.240002,42.66,42.709999,38.963467,22983200
2023-09-18,42.599998,42.779999,42.400002,42.639999,38.899616,10467400
2023-09-19,42.790001,42.860001,42.470001,42.68,38.936104,11031700
2023-09-20,42.950001,43.130001,42.27,42.299999,38.589432,11240700
2023-09-21,42.060001,42.360001,41.689999,41.709999,38.051178,12260100
2023-09-22,41.75,41.860001,40.860001,40.919998,37.330482,15438200
2023-09-25,40.75,41.09,40.580002,41.02,37.421715,10866800
2023-09-26,40.669998,41.040001,40.060001,40.220001,36.691898,21786500
2023-09-27,40.290001,40.630001,39.939999,40.459999,36.910835,15083400
2023-09-28,40.48,41.349998,40.41,41.200001,37.585926,14409800
2023-09-29,41.450001,41.889999,40.919998,41.130001,37.522072,16916100
2023-10-02,40.990002,41.049999,40.290001,40.5,36.947334,16178900
2023-10-03,40.200001,40.540001,39.59,39.860001,36.363472,19283400
2023-10-04,39.689999,39.93,39.139999,39.810001,36.317852,23342000
2023-10-05,39.619999,39.880001,39.189999,39.880001,36.381718,18734100
2023-10-06,39.68,40.849998,39.509998,40.57,37.011185,17080000
2023-10-09,40.18,41.009998,39.950001,40.740002,37.166283,14859700
2023-10-10,41.139999,41.759998,41.139999,41.439999,37.804871,18902100
2023-10-11,41.639999,42.0,41.360001,41.529999,37.886982,12763900
2023-10-12,41.400002,41.790001,41.119999,41.529999,37.886982,18112500
2023-10-13,42.959999,43.32,41.349998,41.43,37.79575,32082900
2023-10-16,41.950001,42.0,40.529999,40.950001,37.357857,25044200
2023-10-17,40.650002,41.669998,40.599998,41.200001,37.585926,20258100
2023-10-18,40.939999,40.939999,40.169998,40.470001,36.919964,23232600
2023-10-19,40.259998,40.75,40.029999,40.060001,36.545929,17483300
2023-10-20,39.970001,40.240002,39.560001,39.68,36.199257,21396500
2023-10-23,39.580002,39.619999,38.790001,38.889999,35.478558,21333500
2023-10-24,38.919998,39.299999,38.740002,38.93,35.515041,17181000
2023-10-25,38.700001,38.849998,38.259998,38.610001,35.223122,15570100
2023-10-26,38.5,39.75,38.470001,39.34,35.88908,25109600
2023-10-27,39.330002,39.369999,38.169998,38.240002,34.885574,20654700
2023-10-30,38.549999,38.970001,38.41,38.93,35.515041,21777500
2023-10-31,39.040001,39.529999,38.919998,39.490002,36.025921,16373100
2023-11-01,39.540001,39.84,39.279999,39.599998,36.126274,16011000
2023-11-02,39.990002,41.369999,39.93,41.349998,37.722767,23283600
2023-11-03,41.560001,42.470001,41.540001,42.259998,39.053501,20287700
2023-11-06,42.369999,42.369999,41.759998,42.040001,38.850197,20843900
2023-11-07,41.700001,42.16,41.650002,41.959999,38.77626,11463200
2023-11-08,41.849998,42.16,41.529999,41.82,38.646889,14761600
2023-11-09,42.080002,42.279999,41.290001,41.5,38.351173,19128400
2023-11-10,41.700001,42.150002,41.470001,42.080002,38.887169,11912500
2023-11-13,41.959999,42.91,41.93,42.700001,39.460117,16332100
2023-11-14,43.110001,44.77,43.099998,44.360001,40.994171,26218500
2023-11-15,44.48,45.220001,44.48,44.880001,41.474712,18894900
2023-11-16,44.759998,45.099998,44.32,44.669998,41.28064,14744800
2023-11-17,44.939999,45.389999,44.650002,45.360001,41.918293,15573100
2023-11-20,45.279999,45.740002,45.209999,45.259998,41.825882,19670300
2023-11-21,45.119999,45.330002,44.700001,45.09,41.668774,14466700
2023-11-22,45.310001,45.32,44.84,45.02,41.604088,9441200
2023-11-24,44.889999,45.52,44.84,45.23,41.798153,5941000
2023-11-27,44.959999,45.189999,44.860001,45.080002,41.659534,14679700
2023-11-28,45.029999,45.040001,44.560001,44.860001,41.456234,14064700
2023-11-29,45.23,46.029999,45.16,45.75,42.278698,14027600
2023-11-30,45.790001,46.169998,45.580002,46.099998,42.602139,16249000
2023-12-01,46.0,47.259998,45.889999,47.23,43.646404,20053400
2023-12-04,46.790001,47.48,46.700001,47.369999,43.77578,19351000
2023-12-05,47.009998,47.380001,46.41,46.700001,43.156616,14813100
2023-12-06,47.799999,49.119999,47.779999,47.860001,44.228596,33903400
2023-12-07,47.939999,48.759998,47.779999,48.5,44.820042,14896800
2023-12-08,48.509998,49.169998,48.419998,48.889999,45.180454,17591600
2023-12-11,48.75,48.950001,48.119999,48.150002,44.496593,17666000
2023-12-12,48.009998,48.110001,47.709999,48.060001,44.413429,14735600
2023-12-13,48.0,49.529999,47.860001,49.34,45.596306,22212500
2023-12-14,50.009998,51.549999,50.009998,50.240002,46.42802,51664900
2023-12-15,49.689999,50.099998,49.200001,49.830002,46.049126,35156100
2023-12-18,50.16,50.560001,49.549999,49.66,45.892025,17871400
2023-12-19,49.419998,51.310001,49.169998,50.93,47.06567,23161500
2023-12-20,50.700001,51.09,49.869999,50.07,46.27092,17452100
2023-12-21,50.41,50.669998,49.970001,50.599998,46.760704,13089000
2023-12-22,50.73,51.259998,50.689999,50.860001,47.000973,14440600
2023-12-26,50.880001,51.529999,50.790001,51.34,47.44455,11501500
2023-12-27,51.139999,51.580002,50.93,51.459999,47.555447,9901300
2023-12-28,51.400002,51.799999,51.400002,51.52,47.610901,10218500
2023-12-29,51.560001,51.610001,51.220001,51.439999,47.536968,13149400
2024-01-02,51.299999,53.150002,51.189999,53.040001,49.015568,24784900
2024-01-03,53.25,54.369999,52.23,53.639999,49.570042,30897600
2024-01-04,53.919998,54.75,53.66,53.77,49.690186,23714300
2024-01-05,54.029999,54.669998,53.889999,54.330002,50.207695,17782200
2024-01-08,53.990002,54.09,53.02,54.009998,49.911972,17359500
2024-01-09,53.849998,53.91,53.27,53.48,49.422184,17237400
2024-01-10,53.049999,53.220001,52.610001,53.02,48.997089,16532700
2024-01-11,51.84,52.139999,51.259998,52.080002,48.128414,25444400
2024-01-12,52.299999,53.849998,51.27,52.619999,48.62743,37908000
2024-01-16,51.779999,52.220001,50.869999,51.869999,47.934338,21209400
2024-01-17,51.110001,51.689999,51.0,51.360001,47.463036,17393500
2024-01-18,51.450001,51.580002,50.509998,51.110001,47.232006,15788100
2024-01-19,51.119999,51.68,50.619999,51.52,47.610901,18211000
2024-01-22,51.990002,53.099998,51.950001,52.84,48.830746,21573200
2024-01-23,52.91,53.41,52.59,53.299999,49.25584,12962500
2024-01-24,53.540001,53.650002,52.990002,53.259998,49.218872,14402200
2024-01-25,53.400002,53.77,53.040001,53.73,49.653214,15634000
2024-01-26,53.860001,53.990002,53.610001,53.669998,49.597759,14041200
2024-01-29,53.470001,54.23,53.439999,54.110001,50.004379,12158300
2024-01-30,55.040001,57.200001,55.009998,57.09,52.75827,40086100
2024-01-31,56.740002,57.950001,56.139999,56.169998,51.908073,28967800
2024-02-01,56.02,56.59,54.849998,56.060001,51.806431,21178700
2024-02-02,55.599998,55.98,54.990002,55.540001,51.81575,19283100
2024-02-05,54.939999,55.139999,54.110001,54.5,50.84549,14040600
2024-02-06,54.380001,54.970001,54.110001,54.349998,50.705551,14832700
2024-02-07,54.5,54.700001,53.77,54.540001,50.882812,13383300
2024-02-08,54.18,54.490002,53.59,54.290001,50.649574,15822200
2024-02-09,54.290001,54.439999,53.529999,53.990002,50.369686,13843300
2024-02-12,53.57,54.540001,53.0,53.919998,50.304382,17162300
2024-02-13,53.290001,53.459999,52.240002,52.759998,49.22216,17672100
2024-02-14,53.639999,54.099998,53.59,53.98,50.360359,14891900
2024-02-15,54.220001,55.48,54.139999,55.209999,51.507881,16865000
2024-02-16,54.959999,55.200001,54.549999,54.849998,51.172012,11527500
2024-02-20,54.580002,55.66,54.360001,55.419998,51.703793,16537900
2024-02-21,55.259998,55.459999,54.98,55.330002,51.619835,9317200
2024-02-22,55.439999,56.470001,55.41,55.900002,52.151611,12904800
2024-02-23,55.990002,56.34,55.75,55.93,52.179604,11668900
2024-02-26,55.959999,56.509998,55.34,55.360001,51.647823,12307100
2024-02-27,55.68,55.919998,55.220001,55.709999,51.97435,11039300
2024-02-28,55.52,56.18,54.990002,55.049999,51.358612,13448100
2024-02-29,55.5,55.650002,54.639999,55.490002,51.769104,23744600
2024-03-01,55.48,55.950001,55.07,55.599998,51.871723,12922400
2024-03-04,55.41,56.57,55.290001,56.139999,52.375511,14314700
2024-03-05,55.75,57.560001,55.75,56.259998,52.487473,19653900
2024-03-06,57.07,57.549999,56.009998,57.290001,53.448406,17845000
2024-03-07,57.540001,58.119999,57.029999,57.720001,53.849571,14720300
2024-03-08,58.040001,58.389999,57.259998,57.509998,53.653652,13028000
2024-03-11,57.150002,57.540001,56.630001,57.41,53.560364,9176900
2024-03-12,57.509998,57.93,57.080002,57.450001,53.597672,10954000
2024-03-13,57.5,58.369999,57.459999,57.759998,53.886894,12982800
2024-03-14,58.330002,58.669998,56.639999,57.09,53.26181,18833600
2024-03-15,56.450001,57.75,56.450001,57.610001,53.746952,26164300
2024-03-18,57.849998,58.66,57.560001,58.630001,54.698551,13994600
2024-03-19,58.59,59.32,58.540001,58.860001,54.913128,13455300
2024-03-20,58.490002,60.34,58.459999,60.130001,56.097973,20269900
2024-03-21,60.310001,61.549999,60.310001,61.330002,57.217506,17892100
2024-03-22,61.040001,61.669998,60.580002,60.82,56.741707,16206800
2024-03-25,60.889999,61.52,60.580002,60.950001,56.862988,12040300
2024-03-26,61.150002,61.950001,61.0,61.66,57.525379,17947400
2024-03-27,62.029999,62.759998,61.720001,62.75,58.542282,16684400
2024-03-28,62.73,63.369999,62.580002,63.240002,58.999432,19012000
2024-04-01,63.599998,63.900002,63.02,63.459999,59.204674,14223900
2024-04-02,62.650002,63.59,62.650002,62.84,58.626251,16062000
2024-04-03,62.860001,63.389999,61.52,61.689999,57.55336,18079900
2024-04-04,62.150002,62.740002,60.75,60.91,56.825668,13401100
2024-04-05,60.82,62.040001,60.419998,61.599998,57.469398,12686300
2024-04-08,61.669998,62.32,61.66,61.73,57.590679,10708300
2024-04-09,61.75,62.09,60.91,61.66,57.525379,10301200
2024-04-10,60.52,61.310001,59.970001,60.18,56.144615,18088000
2024-04-11,60.349998,60.889999,59.5,60.709999,56.63908,18181900
2024-04-12,62.290001,62.599998,58.75,59.68,55.678143,28561900
2024-04-15,60.18,60.91,58.189999,58.560001,54.633244,19242300
2024-04-16,58.18,58.549999,56.740002,57.02,53.196514,23211400
2024-04-17,57.490002,58.889999,57.360001,58.169998,54.26939,15971600
2024-04-18,58.490002,58.970001,57.93,58.32,54.40934,12272500
2024-04-19,58.23,59.439999,58.23,59.139999,55.174351,13410100
2024-04-22,59.439999,61.060001,59.200001,60.950001,56.862988,14513100
2024-04-23,61.080002,62.77,61.02,62.669998,58.467644,17427800
2024-04-24,62.130001,62.73,61.84,62.470001,58.281063,10123000
2024-04-25,61.84,62.43,61.099998,61.790001,57.64666,13339100
2024-04-26,61.509998,63.23,61.509998,62.66,58.458321,16364100
2024-04-29,62.740002,63.360001,61.959999,62.259998,58.08514,10857100
2024-04-30,61.91,62.34,61.290001,61.330002,57.217506,11163400
2024-05-01,61.48,62.27,60.880001,61.349998,57.23616,14086600
2024-05-02,62.189999,62.189999,60.98,61.540001,57.413422,11292500
2024-05-03,61.509998,62.150002,61.41,61.52,57.893353,11048900
2024-05-06,62.060001,62.939999,61.720001,62.810001,59.107304,13386700
2024-05-07,62.82,63.16,61.970001,62.0,58.345058,10158200
2024-05-08,61.639999,62.950001,61.509998,62.75,59.050846,9755200
2024-05-09,62.380001,63.43,62.290001,63.32,59.587242,11563000
2024-05-10,63.580002,63.919998,63.119999,63.529999,59.784863,9548700
2024-05-13,63.619999,63.950001,63.369999,63.400002,59.662529,6617900
2024-05-14,63.509998,63.970001,63.23,63.59,59.841331,8322500
2024-05-15,63.630001,64.389999,63.599998,64.239998,60.453007,9461300
2024-05-16,64.099998,64.470001,63.43,64.139999,60.358902,11682200
2024-05-17,64.379997,64.550003,63.900002,64.07,60.293034,8418400
2024-05-20,64.07,64.25,62.919998,63.16,59.43668,11792100
2024-05-21,63.259998,64.879997,63.200001,64.739998,60.923534,11197200
2024-05-22,64.290001,64.980003,63.639999,63.82,60.05777,8855300
2024-05-23,63.799999,64.029999,62.5,63.02,59.304935,11535000
2024-05-24,63.330002,63.970001,63.27,63.580002,59.831917,9424600
2024-05-28,63.23,63.57,62.349998,62.450001,58.768532,8404400
2024-05-29,61.560001,62.18,61.200001,62.009998,58.354465,7224200
2024-05-30,62.099998,62.48,61.610001,61.93,58.279182,10061500
2024-05-31,62.0,62.389999,61.439999,62.310001,58.636787,17351600
2024-06-03,62.919998,63.0,61.32,61.919998,58.269768,11373900
2024-06-04,61.02,62.029999,60.759998,61.029999,57.432232,10424200
2024-06-05,61.279999,61.860001,60.93,61.77,58.128616,8780700
2024-06-06,61.799999,62.049999,61.25,61.939999,58.288589,8537900
2024-06-07,61.599998,62.59,61.580002,61.779999,58.138023,8260800
2024-06-10,61.25,61.66,60.740002,61.43,57.808662,9302300
2024-06-11,60.77,60.790001,58.900002,59.139999,55.65366,16966800
2024-06-12,60.91,61.209999,59.900002,60.009998,56.472366,15398500
2024-06-13,59.75,60.369999,59.150002,60.23,56.679398,9358200
2024-06-14,59.439999,59.830002,58.66,59.330002,55.832466,10511000
2024-06-17,59.220001,60.529999,58.849998,60.060001,56.519428,15527500
2024-06-18,60.369999,61.630001,60.09,60.779999,57.196976,15768100
2024-06-20,60.419998,61.02,60.349998,60.619999,57.046413,9519200
2024-06-21,60.200001,60.259998,59.34,59.990002,56.453552,18976200
2024-06-24,60.099998,61.779999,59.84,61.34,57.723965,13290500
2024-06-25,61.200001,61.830002,60.860001,61.580002,57.949821,11643100
2024-06-26,61.23,61.41,60.560001,61.25,57.639267,12409300
2024-06-27,61.5,61.93,60.959999,61.549999,57.921589,11285100
2024-06-28,62.029999,63.580002,61.810001,63.459999,59.718987,20053200
2024-07-01,63.650002,64.300003,62.990002,63.43,59.690758,15334400
2024-07-02,63.290001,64.709999,63.279999,64.68,60.867069,10965600
2024-07-03,64.68,65.220001,64.410004,64.459999,60.660042,6574100
2024-07-05,64.5,64.559998,63.75,64.029999,60.255386,7226200
2024-07-08,64.300003,64.870003,64.220001,64.739998,60.923534,10349000
2024-07-09,64.800003,66.760002,64.739998,66.550003,62.626839,16904300
2024-07-10,66.260002,66.989998,66.220001,66.980003,63.031483,9817100
2024-07-11,66.190002,66.5,65.309998,65.709999,61.836349,20112300
2024-07-12,66.610001,66.690002,63.349998,64.519997,60.716503,30125400
2024-07-15,64.68,65.550003,63.880001,65.139999,61.299953,16656600
2024-07-16,65.0,67.519997,64.699997,67.269997,63.304394,21170200
2024-07-17,66.839996,67.809998,66.620003,67.610001,63.624352,17215300
2024-07-18,67.550003,67.75,64.839996,64.889999,61.064686,15796200
2024-07-19,64.93,65.980003,64.550003,65.139999,61.299953,8583100
2024-07-22,65.139999,65.650002,64.150002,64.5,60.697678,9925100
2024-07-23,64.510002,65.040001,64.279999,64.660004,60.848255,6961200
2024-07-24,64.400002,64.669998,63.560001,63.66,59.907204,11591100
2024-07-25,63.810001,65.650002,63.34,64.370003,60.575344,12819700
2024-07-26,64.550003,65.650002,64.440002,65.18,61.337593,9661300
2024-07-29,65.300003,65.339996,64.139999,64.300003,60.509472,7901900
2024-07-30,65.010002,66.230003,65.010002,65.870003,61.986927,13554300
2024-07-31,65.910004,66.029999,64.830002,64.879997,61.055275,15046500
2024-08-01,65.080002,65.220001,61.950001,63.279999,59.549603,18052700
2024-08-02,59.669998,60.599998,58.400002,58.759998,55.296051,30289300
2024-08-05,54.080002,56.900002,53.509998,56.209999,53.405354,27977300
2024-08-06,56.389999,57.66,56.09,56.560001,53.737888,16643100
2024-08-07,58.169998,58.450001,55.869999,56.110001,53.310341,19221200
2024-08-08,56.849998,58.360001,56.810001,58.0,55.106037,17933300
2024-08-09,58.029999,58.459999,57.450001,57.84,54.954025,11421000
2024-08-12,58.299999,58.68,57.73,57.84,54.954025,15123500
2024-08-13,58.23,58.290001,57.77,58.150002,55.248558,7478500
2024-08-14,58.369999,59.529999,58.279999,59.279999,56.322166,12419500
2024-08-15,60.34,61.009998,60.099998,60.52,57.500301,14159000
2024-08-16,60.330002,61.52,60.330002,61.400002,58.336391,9939700
2024-08-19,61.5,62.049999,61.349998,62.029999,58.934956,8882500
2024-08-20,61.59,61.700001,61.09,61.310001,58.250881,8661300
2024-08-21,61.400002,61.450001,59.880001,60.529999,57.509804,14414900
2024-08-22,60.75,60.75,60.110001,60.419998,57.405289,7848500
2024-08-23,60.869999,62.459999,60.740002,62.139999,59.039471,13299700
2024-08-26,62.360001,62.599998,61.57,61.790001,58.706936,9384200
2024-08-27,61.91,62.18,61.459999,61.68,58.602428,7294800
2024-08-28,61.349998,61.990002,61.150002,61.580002,58.507412,7692900
2024-08-29,62.009998,62.220001,61.169998,61.880001,58.792442,8368000
2024-08-30,61.950001,62.700001,61.66,62.639999,59.514519,10806500
2024-09-03,62.040001,62.389999,60.970001,61.459999,58.393398,11055200
2024-09-04,61.57,62.07,60.41,60.959999,57.918343,11436800
2024-09-05,61.610001,61.790001,60.34,60.630001,57.604813,10243900
2024-09-06,60.700001,61.080002,58.799999,59.09,56.141651,14094000
2024-09-09,59.91,60.669998,58.169998,59.540001,56.569199,19811700
2024-09-10,59.889999,59.889999,56.689999,57.950001,55.058537,22482300
2024-09-11,57.59,57.59,56.18,57.299999,54.44096,16569400
2024-09-12,57.369999,57.860001,56.830002,57.330002,54.469467,12937800
2024-09-13,57.709999,58.279999,57.43,57.669998,54.792507,10379400
2024-09-16,57.93,58.790001,57.93,58.389999,55.476578,9912700
2024-09-17,58.860001,59.41,58.759998,59.290001,56.331673,10630400
2024-09-18,59.75,60.880001,59.290001,59.900002,56.911243,13638700
2024-09-19,60.919998,63.169998,60.599998,63.02,59.875568,21860600
2024-09-20,62.52,62.650002,61.68,62.139999,59.039471,18331800
2024-09-23,62.220001,62.869999,62.169998,62.580002,59.457523,11508200
2024-09-24,62.68,62.900002,61.119999,61.369999,58.307892,12046200
2024-09-25,61.119999,61.290001,60.110001,60.380001,57.367287,12763800
2024-09-26,61.049999,62.0,60.860001,61.709999,58.630924,12844500
2024-09-27,62.009998,62.610001,61.790001,61.869999,58.78294,8144600
2024-09-30,61.68,62.639999,61.240002,62.599998,59.476513,11316400
2024-10-01,62.220001,62.349998,61.009998,61.810001,58.725937,13550100
2024-10-02,61.700001,62.529999,61.310001,62.029999,58.934956,7380800
2024-10-03,61.5,61.66,60.93,61.310001,58.250881,7939800
2024-10-04,62.470001,62.93,61.810001,62.639999,59.514519,10097900
2024-10-07,62.490002,63.029999,62.07,62.599998,59.476513,6954300
2024-10-08,62.900002,63.360001,62.490002,63.240002,60.084587,8245700
2024-10-09,63.169998,64.25,63.040001,64.120003,60.920677,8636400
2024-10-10,64.0,64.110001,63.110001,63.48,60.312607,8708600
2024-10-11,64.120003,66.099998,64.099998,65.739998,62.459846,15512400
2024-10-14,65.809998,66.43,65.650002,66.010002,62.71637,14682900
2024-10-15,66.75,67.160004,62.529999,62.639999,59.514519,35348100
2024-10-16,63.439999,64.440002,63.400002,64.25,61.044189,20208800
2024-10-17,64.730003,65.169998,63.77,63.970001,60.778164,13439600
2024-10-18,64.120003,64.120003,62.73,62.849998,59.714043,13841200
2024-10-21,62.790001,62.91,61.73,61.830002,58.744938,12188500
2024-10-22,61.59,63.689999,61.299999,63.560001,60.388618,14347300
2024-10-23,63.18,63.630001,62.619999,63.099998,59.951572,8720500
2024-10-24,63.009998,63.299999,62.389999,63.0,59.85656,11420300
2024-10-25,63.650002,63.740002,61.689999,61.759998,58.678429,9697800
2024-10-28,62.349998,64.349998,62.220001,64.160004,60.958683,14637700
2024-10-29,64.07,64.93,63.830002,64.690002,61.462234,13134100
2024-10-30,64.199997,65.230003,64.139999,64.5,61.281715,11717600
2024-10-31,64.559998,65.019997,64.089996,64.169998,60.968182,10042800
2024-11-01,64.330002,64.809998,63.689999,63.709999,60.531139,11557700
2024-11-04,62.990002,63.630001,62.23,62.349998,59.764309,9419600
2024-11-05,63.0,63.740002,62.73,63.669998,61.029564,12649800
2024-11-06,68.400002,70.089996,68.290001,69.029999,66.167282,41957700
2024-11-07,68.199997,68.949997,67.760002,68.110001,65.285439,18582000
2024-11-08,68.720001,69.129997,68.089996,68.629997,65.783867,14973300
2024-11-11,69.5,70.199997,69.199997,69.800003,66.905365,19173100
2024-11-12,69.529999,69.989998,68.870003,69.019997,66.1577,15766500
2024-11-13,69.07,69.790001,68.809998,68.889999,66.033096,10525300
2024-11-14,69.300003,69.300003,67.470001,68.150002,65.323784,15043500
2024-11-15,68.0,68.959999,67.889999,68.760002,65.908485,15372900
2024-11-18,68.68,69.279999,68.370003,69.0,66.138535,11519000
2024-11-19,68.0,68.889999,67.699997,68.599998,65.755119,14428200
2024-11-20,69.139999,69.489998,68.0,68.279999,65.44838,10495600
2024-11-21,68.800003,69.470001,68.410004,68.949997,66.090607,11390300
2024-11-22,68.910004,70.199997,68.449997,69.839996,66.94368,16671600
2024-11-25,70.440002,71.190002,70.029999,70.75,67.815964,19558100
2024-11-26,70.360001,70.480003,69.330002,69.75,66.857422,11605200
2024-11-27,69.769997,70.400002,69.660004,70.160004,67.250427,9736100
2024-11-29,70.269997,71.089996,70.220001,70.870003,67.930984,8606500
2024-12-02,71.260002,71.650002,70.879997,71.389999,68.42942,11932600
2024-12-03,72.190002,72.800003,71.269997,71.419998,68.458176,17544200
2024-12-04,71.5,71.720001,70.5,71.5,68.534851,12331900
2024-12-05,71.830002,72.849998,71.639999,72.230003,69.234589,14307600
2024-12-06,72.309998,72.599998,71.709999,72.150002,69.157906,8781100
2024-12-09,72.300003,72.800003,71.839996,71.860001,68.879913,11957500
2024-12-10,72.0,73.379997,71.580002,72.5,69.493393,16833400
2024-12-11,73.0,73.260002,71.269997,71.959999,68.975777,22533600
2024-12-12,71.860001,72.330002,71.410004,71.43,68.467758,8893000
2024-12-13,71.709999,71.910004,70.760002,71.010002,68.065193,9819900
2024-12-16,71.269997,71.769997,70.830002,71.489998,68.525269,11833800
2024-12-17,70.900002,71.349998,70.800003,71.120003,68.170616,12639000
2024-12-18,71.18,71.470001,67.919998,68.120003,65.295029,18028000
2024-12-19,69.209999,69.839996,68.32,68.419998,65.582581,13464300
2024-12-20,68.290001,70.260002,68.029999,69.190002,66.320663,27720100
2024-12-23,69.360001,69.879997,68.870003,69.769997,66.876587,8248000
2024-12-24,70.099998,71.209999,69.940002,71.0,68.055588,6544900
2024-12-26,70.540001,71.470001,70.510002,71.349998,68.391075,6341700
2024-12-27,70.860001,71.529999,70.540001,71.0,68.055588,7743100
2024-12-30,70.18,70.830002,69.790001,70.389999,67.470886,6664400
2024-12-31,70.550003,70.959999,70.150002,70.389999,67.470886,6393000
2025-01-02,70.940002,71.160004,69.650002,69.940002,67.039558,9827400
2025-01-03,70.879997,71.089996,69.849998,71.0,68.055588,11342900
2025-01-06,72.230003,73.989998,71.879997,72.739998,69.723434,19199700
2025-01-07,73.900002,74.290001,72.739998,73.68,70.624451,18309400
2025-01-08,73.449997,73.470001,72.690002,73.260002,70.221863,13742800
2025-01-10,72.459999,72.459999,71.019997,71.400002,68.439003,13217700
2025-01-13,70.980003,73.0,70.980003,72.769997,69.75219,16720600
2025-01-14,73.32,73.989998,73.139999,73.5,70.451912,19576000
2025-01-15,76.199997,79.25,75.860001,78.269997,75.024086,44903000
2025-01-16,77.830002,78.760002,77.760002,78.510002,75.25415,21463100
2025-01-17,78.550003,80.449997,78.160004,79.989998,76.672768,22084800
2025-01-21,80.43,81.849998,79.919998,81.669998,78.283104,21297400
2025-01-22,81.470001,82.279999,81.230003,81.690002,78.302277,14725700
2025-01-23,82.0,82.769997,81.800003,81.980003,78.580246,14435200
2025-01-24,81.489998,82.120003,81.339996,81.480003,78.10099,16025200
2025-01-27,80.75,81.410004,80.220001,81.07,77.707977,12782800
2025-01-28,81.220001,81.400002,79.480003,79.940002,76.624847,16521700
2025-01-29,79.879997,81.599998,79.879997,80.629997,77.286232,10573000
2025-01-30,81.290001,82.620003,80.989998,81.860001,78.465225,10775500
2025-01-31,81.690002,82.339996,81.07,81.43,78.053047,12818300
2025-02-03,78.5,79.910004,76.889999,79.610001,76.836945,20998500
2025-02-04,80.110001,80.239998,78.360001,78.480003,75.746307,13417700
2025-02-05,79.040001,79.599998,78.209999,79.459999,76.692169,10736100
2025-02-06,80.239998,82.5,79.93,82.330002,79.462196,19545700
2025-02-07,82.43,82.910004,81.349998,81.720001,78.873451,10310300
2025-02-10,81.629997,81.82,80.07,80.730003,77.917923,10681600
2025-02-11,80.459999,81.529999,80.220001,81.110001,78.284691,9993800
2025-02-12,80.169998,81.290001,80.010002,81.269997,78.43911,10448100
2025-02-13,81.400002,82.129997,80.779999,82.099998,79.240211,11108400
2025-02-14,82.410004,84.669998,82.230003,84.610001,81.662781,16035000
2025-02-18,83.940002,84.739998,83.550003,84.629997,81.682083,17907000
2025-02-19,84.059998,84.230003,83.449997,83.940002,81.016121,9710800
2025-02-20,83.839996,84.059998,80.940002,81.339996,78.506683,15160300
2025-02-21,81.800003,81.910004,79.610001,79.650002,76.875557,14907800
2025-02-24,80.220001,80.690002,77.07,78.540001,75.804222,12830000
2025-02-25,79.18,79.57,76.459999,78.139999,75.418152,14501400
2025-02-26,78.800003,80.089996,78.470001,79.07,76.31575,13115000
2025-02-27,79.559998,80.370003,78.660004,78.870003,76.122719,8485900
2025-02-28,79.220001,79.970001,77.610001,79.949997,77.165092,21233600
2025-03-03,80.0,80.43,76.25,77.169998,74.481926,20121100
2025-03-04,74.540001,74.860001,70.629997,72.349998,69.829834,33983900
2025-03-05,72.599998,73.529999,71.699997,72.959999,70.418571,17214200
2025-03-06,71.809998,72.389999,70.040001,70.580002,68.121483,18550800
2025-03-07,70.18,70.739998,68.07,70.459999,68.005669,18212900
2025-03-10,68.489998,68.730003,66.050003,67.410004,65.061905,22378400
2025-03-11,67.290001,68.470001,66.169998,67.5,65.148766,21269200
2025-03-12,68.790001,69.110001,66.870003,67.949997,65.583084,16131100
2025-03-13,68.400002,69.139999,66.730003,67.230003,64.888176,17125200
2025-03-14,67.970001,69.0,67.580002,68.779999,66.384178,12727300
2025-03-17,68.889999,70.360001,68.68,69.940002,67.503777,12531700
2025-03-18,69.970001,70.489998,69.589996,70.220001,67.774025,12289900
2025-03-19,70.360001,72.18,69.669998,71.440002,68.95153,14400600
2025-03-20,70.980003,72.980003,70.540001,71.82,69.318291,15315600
2025-03-21,71.279999,72.25,70.769997,71.980003,69.472725,21724000
2025-03-24,73.260002,74.349998,72.669998,74.040001,71.46096,15310600
2025-03-25,74.349998,74.800003,73.720001,74.470001,71.875992,10922200
2025-03-26,74.82,75.059998,73.059998,73.239998,70.68882,12345800
2025-03-27,72.989998,72.989998,71.760002,71.849998,69.347244,13155800
2025-03-28,71.589996,72.199997,69.68,70.330002,67.880188,13630700
2025-03-31,69.5,71.199997,68.410004,70.989998,68.517197,15568400
2025-04-01,70.379997,70.879997,69.279999,70.540001,68.082878,10957100
2025-04-02,69.669998,71.959999,69.599998,71.760002,69.260384,9731700
2025-04-03,66.169998,66.800003,62.900002,63.049999,60.853771,39469500
2025-04-04,60.25,60.419998,56.310001,58.130001,56.105156,51730500
2025-04-07,56.16,61.330002,55.509998,58.849998,56.800072,37487700
2025-04-08,61.240002,62.66,57.57,58.77,56.722862,30272300
2025-04-09,56.759998,65.75,56.07,64.150002,61.915462,49437900
2025-04-10,62.09,62.5,59.080002,61.59,59.444633,25912800
2025-04-11,60.880001,62.310001,59.919998,61.639999,59.492889,24776000
2025-04-14,63.349998,64.43,62.700001,63.220001,61.017853,20385900
2025-04-15,64.190002,66.290001,63.84,64.330002,62.089195,24738400
2025-04-16,63.060001,63.82,61.299999,62.099998,59.936863,21922600
2025-04-17,62.18,63.779999,61.84,63.25,61.04681,14656300
2025-04-21,62.75,63.139999,61.950001,62.689999,60.506317,15136000
2025-04-22,63.52,64.970001,63.509998,64.550003,62.301525,13252300
2025-04-23,66.470001,68.82,66.160004,66.300003,63.99057,17243900
2025-04-24,66.260002,68.339996,65.779999,68.160004,65.785789,13672300
2025-04-25,67.860001,68.709999,67.760002,68.43,66.046379,12253400
2025-04-28,68.660004,69.400002,67.769997,68.279999,65.901596,14304800
2025-04-29,68.029999,69.110001,67.970001,68.879997,66.480698,8862800
2025-04-30,67.510002,68.660004,66.720001,68.379997,65.998116,15756500
2025-05-01,68.209999,68.900002,67.889999,68.139999,65.766479,9682300
2025-05-02,69.580002,70.830002,69.360001,70.589996,68.131134,13291200
2025-05-05,69.279999,70.940002,69.239998,70.239998,68.335449,10318500
2025-05-06,69.449997,70.269997,69.169998,69.470001,67.586327,7744300
2025-05-07,69.75,70.690002,69.650002,70.25,68.345169,11619200
2025-05-08,71.0,72.239998,70.949997,71.639999,69.697487,12698400
2025-05-09,72.040001,72.260002,71.290001,71.449997,69.512627,8941900
2025-05-12,74.599998,75.650002,74.290001,74.910004,72.878822,18464100
2025-05-13,75.129997,76.269997,75.029999,75.57,73.52092,12397800
2025-05-14,75.629997,75.860001,74.970001,75.290001,73.248512,11372000
2025-05-15,74.589996,76.169998,74.470001,75.959999,73.900345,12627700
2025-05-16,75.379997,75.889999,75.120003,75.720001,73.666855,14008700
2025-05-19,75.0,76.32,74.790001,76.129997,74.065727,12691700
2025-05-20,75.849998,76.050003,75.419998,75.900002,73.841972,8930900
2025-05-21,74.980003,75.419998,73.199997,73.419998,71.429214,17143800
2025-05-22,73.220001,73.910004,72.919998,73.419998,71.429214,12067800
2025-05-23,71.650002,73.400002,71.650002,73.089996,71.10817,9851900
2025-05-27,74.160004,75.550003,73.489998,75.470001,73.423637,12148500
2025-05-28,75.57,75.75,74.790001,75.029999,72.99556,9993200
2025-05-29,75.599998,75.720001,74.68,75.529999,73.481995,11879200
2025-05-30,75.309998,75.519997,74.480003,75.32,73.277687,12512200
2025-06-02,75.160004,75.900002,74.300003,75.800003,73.74469,9073400
2025-06-03,75.629997,76.739998,75.440002,76.529999,74.454895,9802600
2025-06-04,76.5,77.580002,76.349998,76.400002,74.328423,10119600
2025-06-05,76.610001,77.269997,75.660004,76.669998,74.591087,14760500
2025-06-06,77.709999,78.410004,77.480003,78.260002,76.137993,11515200
2025-06-09,78.599998,78.910004,78.110001,78.169998,76.050415,9288000
2025-06-10,77.830002,78.32,77.519997,78.029999,75.914223,10942400
2025-06-11,78.199997,78.919998,77.860001,78.379997,76.254715,9030500
2025-06-12,77.800003,78.260002,77.339996,78.230003,76.108795,6739700
2025-06-13,77.040001,77.230003,76.110001,76.360001,74.289497,11987200
2025-06-16,77.129997,78.300003,76.949997,78.07,75.953133,10396600
2025-06-17,77.5,77.989998,77.110001,77.360001,75.262383,8078600
2025-06-18,77.400002,78.970001,77.260002,78.349998,76.22554,14866100
2025-06-20,78.879997,79.269997,78.330002,78.449997,76.322823,17336500
2025-06-23,78.370003,79.449997,77.510002,79.360001,77.208153,12007200
2025-06-24,80.0,81.449997,79.879997,81.139999,78.939873,18393000
2025-06-25,81.139999,82.709999,81.080002,82.629997,80.389481,13221900
2025-06-26,82.669998,84.790001,82.669998,84.370003,82.082306,18600500
2025-06-27,84.489998,84.57,83.809998,84.379997,82.092033,21872400
2025-06-30,84.900002,85.440002,84.610001,85.120003,82.811974,18035200
2025-07-01,85.0,86.480003,84.769997,86.269997,83.930779,17088900
2025-07-02,86.489998,86.93,85.459999,86.760002,84.407509,13420200
2025-07-03,87.129997,88.800003,86.849998,88.720001,86.314362,13229900
2025-07-07,88.129997,88.830002,87.139999,87.599998,85.224724,12407300
2025-07-08,87.610001,87.790001,85.480003,85.57,83.249771,18075600
2025-07-09,86.639999,86.639999,85.589996,85.790001,83.463814,9929400
2025-07-10,85.830002,87.080002,85.760002,87.080002,84.718826,9586100
2025-07-11,85.919998,86.959999,85.620003,86.730003,84.378319,10256000
2025-07-14,86.480003,87.529999,86.220001,87.5,85.127441,13450800
2025-07-15,88.650002,91.800003,88.120003,90.720001,88.260124,39270900
2025-07-16,91.480003,91.620003,88.230003,90.019997,87.579102,23321000
2025-07-17,90.129997,93.199997,89.879997,93.089996,90.565857,23949200
2025-07-18,93.150002,93.800003,92.739998,93.449997,90.916107,16603700
2025-07-21,93.589996,94.080002,92.529999,92.650002,90.137794,11894500
2025-07-22,93.57,94.480003,92.720001,94.0,91.45118,15282600
2025-07-23,94.5,95.989998,94.480003,95.989998,93.387222,22339800
2025-07-24,96.290001,96.910004,95.300003,95.389999,92.803505,15644400
2025-07-25,95.389999,96.190002,94.43,96.07,93.465057,13543400
2025-07-28,96.07,96.199997,95.07,95.550003,92.95916,19370700
2025-07-29,96.0,96.110001,94.360001,94.480003,91.918175,13169900
2025-07-30,94.900002,95.989998,94.580002,95.809998,93.212112,13998000
2025-07-31,95.470001,96.150002,93.550003,93.699997,91.159325,14638800
2025-08-01,91.849998,92.029999,87.940002,91.830002,89.340034,17725600
2025-08-04,91.75,92.82,91.529999,92.080002,90.172417,11611400
2025-08-05,92.330002,92.720001,89.68,91.519997,89.624016,19836100
2025-08-06,91.879997,92.629997,91.610001,92.230003,90.319313,13153600
2025-08-07,93.239998,93.25,91.099998,91.230003,89.340034,12964000
2025-08-08,91.970001,93.290001,91.339996,92.730003,90.808952,10772600
2025-08-11,93.029999,93.169998,90.800003,92.309998,90.397644,12133300
2025-08-12,93.220001,95.760002,93.010002,95.739998,93.756592,21046400
2025-08-13,96.0,96.199997,94.580002,94.650002,92.689171,16605000
2025-08-14,94.459999,95.489998,94.230003,95.459999,93.482384,13288800
2025-08-15,95.459999,95.5,93.589996,93.690002,91.749069,12000400
2025-08-18,93.349998,94.360001,93.330002,94.220001,92.268082,8780700
2025-08-19,93.970001,94.349998,93.43,93.739998,91.798027,11504400
2025-08-20,93.529999,93.75,90.68,93.169998,91.239845,13447400
2025-08-21,92.849998,92.860001,91.459999,92.589996,90.671852,17635200
2025-08-22,92.959999,95.620003,92.839996,95.260002,93.286545,20124400
2025-08-25,95.230003,95.449997,94.879997,95.0,93.031921,8647000
2025-08-26,94.68,95.739998,94.029999,95.720001,93.737007,11031100
2025-08-27,95.150002,97.449997,95.089996,96.870003,94.86319,11315600
2025-08-28,97.370003,97.489998,96.540001,96.82,94.814217,10878900
2025-08-29,96.650002,96.989998,96.050003,96.57,94.569412,8362600
2025-09-02,95.019997,95.019997,92.959999,94.779999,92.816475,15128800
2025-09-03,94.889999,95.239998,93.400002,95.029999,93.061302,14158800
2025-09-04,95.300003,97.150002,95.300003,97.080002,95.06884,12900100
2025-09-05,97.370003,97.980003,94.150002,95.400002,93.423645,17020800
2025-09-08,95.860001,95.970001,94.639999,95.870003,93.883904,11398800
2025-09-09,95.5,98.139999,95.449997,97.339996,95.323441,18101600
2025-09-10,97.5,98.379997,96.510002,97.169998,95.156967,12238300
2025-09-11,97.349998,99.040001,96.889999,98.82,96.772789,13426500
2025-09-12,98.779999,99.699997,98.440002,99.440002,97.379944,9502900
2025-09-15,99.800003,100.169998,99.400002,99.790001,97.722687,10620100
2025-09-16,99.860001,100.849998,99.209999,100.639999,98.555084,12350700
2025-09-17,100.489998,102.209999,100.410004,101.760002,99.651886,14371600
2025-09-18,101.970001,102.699997,101.690002,102.410004,100.288422,11677600
2025-09-19,102.540001,103.129997,101.870003,102.68,100.552818,24745700
2025-09-22,101.760002,103.809998,101.699997,103.489998,101.346046,11474500
2025-09-23,103.529999,105.589996,102.410004,103.0,100.866203,15747900
2025-09-24,103.389999,104.07,101.620003,101.650002,99.544167,12272400
2025-09-25,101.029999,102.260002,100.150002,102.110001,99.994629,11232900
2025-09-26,102.510002,104.32,102.510002,103.419998,101.277489,11296300
2025-09-29,104.150002,104.389999,102.879997,103.160004,101.022888,10748700
2025-09-30,103.099998,103.620003,99.139999,101.5,99.397263,17789100
2025-10-01,100.940002,101.139999,98.620003,98.709999,96.665062,13793300
2025-10-02,99.080002,99.449997,96.699997,97.339996,95.323441,14511900
2025-10-03,97.339996,98.580002,97.300003,97.739998,95.715157,13863600
2025-10-06,99.199997,100.059998,97.040001,98.050003,96.018738,10398000
2025-10-07,98.449997,98.860001,96.68,97.800003,95.773918,8519400
2025-10-08,98.190002,98.190002,96.589996,96.699997,94.696709,8496000
2025-10-09,97.019997,97.300003,95.459999,95.919998,93.932869,11300600
2025-10-10,96.199997,97.900002,93.660004,93.93,91.984093,18619500
2025-10-13,95.57,96.959999,95.410004,96.099998,94.109138,18463600
2025-10-14,95.370003,101.220001,95.040001,99.839996,97.77166,33164600
2025-10-15,101.190002,102.150002,98.839996,99.779999,97.712898,15730100
2025-10-16,100.209999,100.699997,95.239998,96.260002,94.265823,20534000
2025-10-17,96.209999,98.010002,95.279999,97.07,95.059036,14007800
2025-10-20,97.470001,99.599998,97.120003,99.300003,97.242851,11302700
2025-10-21,98.93,99.400002,97.970001,98.25,96.214592,9150100
2025-10-22,98.190002,98.480003,95.0,96.300003,94.304993,14369200
2025-10-23,96.82,97.529999,96.300003,96.690002,94.686905,8189100
2025-10-24,97.389999,99.510002,97.349998,98.779999,96.73362,11870700
2025-10-27,99.300003,101.230003,99.099998,100.989998,98.897835,13214200
2025-10-28,101.0,101.529999,100.129997,101.389999,99.289543,8766400
2025-10-29,101.290001,101.940002,99.029999,99.120003,97.066582,11878800
2025-10-30,98.629997,101.459999,98.309998,100.220001,98.143791,9584000
2025-10-31,99.900002,101.510002,99.720001,101.230003,99.132866,11190300
2025-11-03,100.720001,101.639999,99.050003,101.610001,100.098274,10829100
2025-11-04,100.150002,102.550003,98.690002,101.010002,99.50721,13449100
2025-11-05,101.25,102.279999,99.010002,101.690002,100.177094,9992400
2025-11-06,101.470001,102.339996,99.970001,100.849998,99.349579,9282500
2025-11-07,100.010002,100.830002,97.370003,100.790001,99.290482,14887100
2025-11-10,101.260002,102.900002,100.309998,101.489998,99.980057,11270600
2025-11-11,101.639999,102.089996,100.309998,100.760002,99.260925,9639500
2025-11-12,101.209999,103.860001,101.18,102.870003,101.339539,15069200
2025-11-13,102.449997,103.57,100.470001,100.669998,99.172256,11427000
2025-11-14,99.830002,101.550003,98.150002,100.300003,98.80777,10134500
2025-11-17,100.080002,100.279999,97.220001,98.190002,96.729164,11389600
2025-11-18,97.5,99.57,96.379997,98.32,96.857231,10463700
2025-11-19,98.169998,100.589996,98.089996,99.830002,98.344765,8426800
2025-11-20,101.07,102.860001,97.459999,97.629997,96.17749,12633700
2025-11-21,98.129997,99.330002,95.830002,98.699997,97.231575,14404700
2025-11-24,98.720001,100.620003,98.599998,99.690002,98.206848,17389200
2025-11-25,100.360001,101.75,99.529999,101.169998,99.664825,10881900
2025-11-26,101.720001,103.300003,101.459999,102.5,100.975037,11384100
2025-11-28,102.800003,104.370003,102.510002,103.599998,102.05867,5865200
2025-12-01,103.099998,104.349998,102.410004,102.68,101.152359,9663700
2025-12-02,103.599998,104.199997,103.010002,103.190002,101.65477,8056900
2025-12-03,103.099998,106.989998,103.099998,106.720001,105.132263,14003600
2025-12-04,106.660004,108.709999,106.629997,107.790001,106.18634,12811300
2025-12-05,107.669998,109.370003,107.510002,108.879997,107.260117,14936300
2025-12-08,109.199997,110.25,107.739998,108.919998,107.299515,11394800
2025-12-09,108.800003,109.849998,107.010002,109.43,107.801941,15822700
2025-12-10,109.360001,111.910004,109.260002,111.089996,109.437233,16584300
2025-12-11,111.269997,112.339996,111.110001,111.739998,110.077568,10829700
2025-12-12,113.300003,113.43,111.190002,111.800003,110.136681,11227900
2025-12-15,112.449997,113.519997,112.220001,112.800003,111.121803,10692100
2025-12-16,112.800003,113.379997,110.550003,111.279999,109.624413,12418200
2025-12-17,111.889999,113.010002,110.959999,111.459999,109.801735,9949700
2025-12-18,112.220001,113.849998,112.120003,112.830002,111.151344,21155800
2025-12-19,113.199997,115.610001,113.050003,114.860001,113.151154,37660800
2025-12-22,115.209999,118.650002,114.870003,118.089996,116.333084,20178100
2025-12-23,118.160004,120.269997,118.07,119.400002,117.623604,16135000
2025-12-24,119.709999,122.839996,119.25,121.559998,119.751465,13529600
2025-12-26,121.650002,122.040001,119.669998,120.419998,118.628433,10603700
2025-12-29,120.360001,120.57,117.980003,118.129997,116.372498,11000600
2025-12-30,118.290001,118.410004,116.529999,117.209999,115.466194,8636100
2025-12-31,117.400002,117.620003,116.370003,116.690002,114.953918,6203300
2026-01-02,117.209999,118.720001,116.589996,118.699997,116.934021,9245400
2026-01-05,119.309998,124.099998,119.300003,123.300003,121.465584,19993400
2026-01-06,123.68,124.169998,122.209999,122.5,120.677483,11940100
2026-01-07,122.309998,122.580002,120.699997,121.370003,119.564293,11595800
2026-01-08,120.879997,122.419998,120.160004,120.599998,118.805756,14801500
2026-01-09,120.940002,121.739998,120.150002,121.32,119.515038,7565700
2026-01-12,116.900002,118.739998,116.669998,117.699997,115.948891,19926900
2026-01-13,117.720001,118.230003,115.540001,116.300003,114.569725,18332300
2026-01-14,117.910004,118.75,110.470001,112.410004,110.73761,27984600
2026-01-15,113.849998,117.959999,112.75,117.459999,115.712463,18719700
2026-01-16,117.800003,119.349998,117.0,118.040001,116.283836,17153800
2026-01-20,114.459999,116.519997,112.389999,112.800003,111.121803,20451300
2026-01-21,113.139999,115.589996,113.139999,113.860001,112.166031,14199900
2026-01-22,114.57,116.639999,114.050003,115.660004,113.939255,11271500
2026-01-23,114.970001,115.629997,113.199997,113.589996,111.90004,12164400
2026-01-26,113.900002,115.480003,113.860001,114.82,113.11174,11728700
2026-01-27,114.900002,115.970001,113.699997,114.790001,113.082199,11976800
2026-01-28,114.599998,115.709999,113.139999,114.199997,112.500969,11378300
2026-01-29,114.839996,116.360001,113.400002,115.199997,113.486092,14443200
2026-01-30,114.419998,116.650002,114.18,115.709999,113.988503,12396600
2026-02-02,114.959999,116.980003,114.599998,116.230003,115.097595,11773700
2026-02-03,117.0,118.919998,115.379997,117.709999,116.563171,15332100
2026-02-04,117.779999,119.940002,116.93,117.43,116.285904,12408300
2026-02-05,116.410004,116.410004,112.919998,115.739998,114.612366,18704600
2026-02-06,117.360001,122.970001,117.360001,122.690002,121.494659,15248800
2026-02-09,122.190002,125.160004,121.690002,123.769997,122.564125,12887500
2026-02-10,123.720001,125.0,119.5,122.150002,120.959915,12121300
2026-02-11,123.589996,124.239998,117.360001,117.389999,116.246284,13771400
2026-02-12,118.040001,119.18,110.940002,111.150002,110.067085,19353300
2026-02-13,109.769997,111.43,108.389999,110.860001,109.779907,16665200
2026-02-17,112.300003,114.510002,111.989998,113.779999,112.671455,12314600
2026-02-18,115.040001,117.040001,114.970001,116.269997,115.137199,11678900
2026-02-19,114.989998,115.910004,114.18,115.550003,114.424217,8085300
2026-02-20,115.260002,116.129997,113.839996,116.0,114.869827,12986800
2026-02-23,115.339996,116.910004,108.860001,110.75,109.670982,17996400
2026-02-24,109.449997,111.400002,107.5,109.559998,108.492569,14981000
2026-02-25,111.32,114.510002,110.830002,114.339996,113.226006,13649100
2026-02-26,114.699997,117.0,114.459999,116.190002,115.057983,14759400
2026-02-27,113.18,113.18,108.660004,110.190002,109.116447,29106900
2026-03-02,106.260002,111.889999,106.199997,111.449997,110.364159,18976600
2026-03-03,107.43,112.379997,106.75,110.760002,109.680885,15813300
2026-03-04,111.669998,112.330002,110.489998,111.32,110.235428,13042200
2026-03-05,110.57,111.599998,107.889999,108.949997,107.888519,15549100
2026-03-06,105.190002,106.589996,103.089996,106.529999,105.492096,16586900
2026-03-09,104.449997,107.050003,102.010002,106.589996,105.551506,18525600
2026-03-10,108.410004,110.910004,107.370003,108.970001,107.908325,17843900
2026-03-11,108.339996,109.540001,107.480003,109.190002,108.126183,12958400
2026-03-12,106.360001,107.0,104.639999,105.5,104.472137,17487000
2026-03-13,106.120003,107.900002,105.389999,105.690002,104.660286,11406900
2026-03-16,107.309998,108.690002,106.610001,107.349998,106.304108,11902600
2026-03-17,108.5,109.739998,107.419998,107.709999,106.660599,12758400
2026-03-18,107.110001,109.550003,107.110001,108.669998,107.611252,12337200
2026-03-19,107.330002,110.580002,106.830002,109.849998,108.779747,16714500
2026-03-20,109.599998,111.209999,108.860001,109.519997,108.452965,29718400
2026-03-23,113.129997,113.389999,110.970001,111.639999,110.552315,16883200
2026-03-24,110.169998,114.800003,109.489998,113.739998,112.631851,14105700
2026-03-25,114.989998,116.129997,113.589996,114.480003,113.364647,11314900
2026-03-26,114.059998,114.790001,111.57,112.410004,111.314819,12689900
2026-03-27,111.07,111.860001,106.959999,107.379997,106.333817,23143000
2026-03-30,108.459999,109.419998,106.519997,107.269997,106.224884,20319300
2026-03-31,109.099998,113.769997,108.349998,113.410004,112.305077,18267700
2026-04-01,115.470001,116.790001,114.07,115.300003,114.176651,13273700
2026-04-02,112.32,115.610001,111.75,115.25,114.127136,9833900
2026-04-06,115.800003,117.699997,115.800003,117.360001,116.216583,13319700
2026-04-07,116.480003,117.699997,115.75,117.129997,115.988823,8450100
2026-04-08,121.949997,124.489998,121.730003,123.489998,122.286858,16312000
2026-04-09,122.809998,125.480003,122.330002,124.919998,123.702927,8835400
2026-04-10,125.239998,125.470001,123.610001,124.389999,123.178093,8958000
2026-04-13,123.010002,126.309998,122.349998,126.279999,125.049675,14416800
2026-04-14,128.070007,130.990005,126.849998,129.580002,128.31752,17034700
2026-04-15,131.25,132.860001,130.570007,131.690002,130.406967,14738900
2026-04-16,131.240005,132.770004,129.220001,129.339996,128.079865,9290300
2026-04-17,131.080002,133.570007,130.660004,132.179993,130.892197,15929400
2026-04-20,131.979996,133.440002,131.649994,133.050003,131.753723,10151800
2026-04-21,133.600006,135.289993,131.259995,131.679993,130.397064,8081400
2026-04-22,132.410004,132.470001,129.399994,129.729996,128.466064,10439100
2026-04-23,129.490005,129.990005,126.839996,128.509995,127.257942,9084600
2026-04-24,128.279999,129.059998,127.5,127.980003,126.733116,6835000
2026-04-27,127.860001,129.399994,127.639999,129.139999,127.881813,6155900
2026-04-28,130.460007,131.309998,128.009995,128.529999,127.277756,9585300
2026-04-29,128.559998,128.919998,126.580002,127.610001,126.366722,12796000
2026-04-30,127.699997,128.919998,126.550003,127.980003,126.733116,12127700
2026-05-01,128.639999,130.479996,126.860001,127.440002,126.19838,10616500
2026-05-04,126.860001,127.050003,124.599998,125.629997,124.994492,15027900
2026-05-05,126.309998,128.580002,126.050003,128.009995,127.36245,13566900
2026-05-06,130.490005,131.580002,127.470001,127.599998,126.954529,13363800
2026-05-07,127.620003,131.229996,127.059998,129.089996,128.436996,18802300
2026-05-08,130.190002,131.949997,125.220001,125.550003,124.914902,17505500
2026-05-11,125.870003,128.089996,124.690002,125.849998,125.213387,11377100
2026-05-12,126.07,126.559998,123.25,126.440002,125.8004,9937100
2026-05-13,125.0,125.849998,123.760002,124.099998,123.472237,7207100
2026-05-14,125.080002,126.349998,123.480003,124.82,124.188591,8226300
2026-05-15,124.480003,124.5,122.730003,123.419998,122.795677,7762100
2026-05-18,123.309998,124.449997,121.809998,122.410004,121.790787,8770600
2026-05-19,121.449997,121.449997,119.760002,119.970001,119.363129,11092200
2026-05-20,120.970001,125.279999,119.889999,124.82,124.188591,11182000
2026-05-21,124.029999,125.449997,123.279999,125.220001,124.586571,6834900
2026-05-22,125.989998,126.489998,124.879997,125.089996,124.457222,6331000
2026-05-26,126.25,127.43,125.260002,126.860001,126.218277,8966900
2026-05-27,127.089996,127.769997,124.459999,125.389999,124.755714,8246300
2026-05-28,124.470001,125.349998,123.239998,124.68,124.049301,7933200
2026-05-29,124.650002,126.849998,123.519997,125.900002,125.26313,17325700
2026-06-01,124.080002,129.100006,123.599998,129.089996,128.436996,12543700
2026-06-02,128.690002,132.460007,128.690002,131.259995,130.596008,13589300
2026-06-03,130.929993,131.850006,128.270004,129.929993,129.272736,11146400
2026-06-04,131.270004,135.669998,130.869995,135.149994,134.466339,11482600
2026-06-05,135.410004,135.830002,131.190002,132.470001,131.799896,12557900
2026-06-08,133.399994,134.880005,132.970001,133.279999,132.605804,11550500
2026-06-09,134.729996,135.929993,131.919998,134.729996,134.048462,11663300
2026-06-10,134.190002,137.119995,132.559998,133.380005,132.705292,15085500
2026-06-11,134.399994,138.229996,133.809998,138.070007,137.371582,12464200
2026-06-12,139.75,141.119995,138.210007,139.830002,139.122665,10359700
2026-06-15,142.429993,143.559998,140.880005,141.210007,140.495697,12775600
2026-06-16,143.039993,143.5,141.050003,142.990005,142.266693,13234700
2026-06-17,143.199997,146.539993,143.039993,143.779999,143.052689,13140300
2026-06-18,146.490005,147.960007,143.039993,143.059998,142.336319,29331200
2026-06-22,144.710007,146.369995,144.479996,145.669998,144.933121,14979400
2026-06-23,144.130005,146.139999,143.139999,144.970001,144.236664,13297300
2026-06-24,144.990005,145.919998,143.179993,143.589996,142.863647,13904300
2026-06-25,144.889999,147.789993,144.820007,144.979996,144.246613,12155900
2026-06-26,144.630005,145.100006,140.759995,141.759995,141.042892,17927100
2026-06-29,141.850006,143.839996,141.429993,142.490005,141.769211,9526100
2026-06-30,141.0,141.899994,139.380005,139.960007,139.252014,22118600
2026-07-01,140.240005,141.279999,138.259995,140.130005,139.421158,13702800
2026-07-02,141.880005,142.110001,138.220001,139.970001,139.261963,9500100
2026-07-06,141.869995,143.889999,141.559998,143.860001,143.132278,14139700
2026-07-07,144.059998,144.710007,140.660004,140.770004,140.057922,9737600
2026-07-08,140.139999,140.240005,137.149994,137.389999,136.695007,9831400
2026-07-09,138.759995,139.839996,138.009995,139.570007,138.863983,10269000
2026-07-10,141.389999,141.440002,139.75,140.789993,140.077805,10517800
2026-07-13,141.100006,141.470001,137.570007,140.710007,139.998215,12439900
2026-07-14,137.740005,144.289993,132.160004,133.270004,132.595856,32127800
2026-07-15,134.080002,135.119995,131.770004,134.889999,134.207657,18092200
2026-07-16,134.720001,135.0,131.210007,131.710007,131.043747,13763500
2026-07-17,129.440002,131.25,127.080002,129.360001,128.705627,15691900
2026-07-20,129.559998,131.270004,128.440002,128.720001,128.068863,10961300
2026-07-21,129.570007,133.539993,129.169998,132.839996,132.168015,11224200
2026-07-22,132.720001,133.910004,132.100006,132.25,131.581009,10635500
2026-07-23,130.5,132.470001,130.020004,131.880005,131.212891,10724500
2026-07-24,132.240005,133.279999,131.399994,132.190002,131.521317,10822000
2026-07-27,134.25,135.350006,131.020004,133.100006,132.426712,12451600
2026-07-28,132.779999,133.0,130.75,132.470001,131.799896,9420800
2026-07-29,131.759995,132.429993,126.779999,127.129997,126.486908,12942600
2026-07-30,128.970001,132.580002,128.800003,132.320007,131.650665,10467700
2026-07-31,133.550003,135.440002,131.940002,132.449997,131.779999,9604900
2026-08-03,132.470001,133.619995,131.179993,133.570007,133.570007,8084100
2026-08-04,134.320007,138.050003,134.320007,136.869995,136.869995,12152500
2026-08-05,137.300003,139.169998,137.139999,137.639999,137.639999,12028300
2026-08-06,138.339996,139.259995,133.660004,133.820007,133.820007,8882600
2026-08-07,133.820007,135.240005,132.520004,135.0,135.0,10160300
2026-08-10,134.869995,136.139999,134.470001,135.220001,135.220001,7077300
2026-08-11,135.910004,137.149994,135.339996,135.770004,135.770004,5067500
2026-08-12,136.869995,138.589996,136.410004,137.580002,137.580002,6060400
2026-08-13,138.289993,139.059998,137.100006,138.729996,138.729996,9507100
2026-08-14,138.160004,140.279999,138.160004,139.330002,139.330002,6829700
2026-08-17,139.25,140.880005,137.809998,138.509995,138.509995,8949800
2026-08-18,137.300003,138.210007,136.449997,137.649994,137.649994,7079800
2026-08-19,137.740005,137.789993,132.350006,132.889999,132.889999,10383200
2026-08-20,132.5,133.080002,129.610001,129.669998,129.669998,7830500
2026-08-21,131.220001,132.25,130.339996,131.649994,131.649994,11274100
2026-08-24,131.389999,132.639999,131.009995,131.720001,131.720001,9324500
2026-08-25,132.770004,133.679993,131.5,133.25,133.25,6701300
2026-08-26,133.539993,133.820007,132.25,133.559998,133.559998,4543300
2026-08-27,132.949997,133.960007,131.779999,132.679993,132.679993,11622100
2026-08-28,132.979996,133.630005,132.320007,132.899994,132.899994,12092000
