date,open,high,low,close,adj_close,volume
2005-01-03,52.459999,52.470001,50.830002,50.900002,22.269676,7346800
2005-01-04,50.98,51.459999,50.400002,50.549999,22.116543,7157500
2005-01-05,50.669998,51.25,50.490002,50.880001,22.260935,5524000
2005-01-06,50.799999,51.950001,50.599998,51.73,22.632828,5849700
2005-01-07,51.73,51.740002,50.799999,51.150002,22.379065,5095100
2005-01-10,51.240002,51.990002,51.16,51.380001,22.479687,5179600
2005-01-11,51.5,51.68,51.110001,51.400002,22.48844,4685000
2005-01-12,51.41,52.509998,51.34,52.490002,22.965334,5454800
2005-01-13,52.57,53.529999,52.0,52.060001,22.777197,6078300
2005-01-14,52.099998,52.450001,51.93,52.299999,22.88221,4538500
2005-01-18,52.560001,53.09,52.380001,53.09,23.227852,6670000
2005-01-19,53.110001,53.139999,52.68,52.689999,23.052832,4742200
2005-01-20,52.689999,52.689999,51.82,51.959999,22.733444,5541800
2005-01-21,52.0,52.490002,51.98,51.98,22.742199,4253300
2005-01-24,52.299999,53.110001,52.279999,52.57,23.000341,4991100
2005-01-25,52.73,53.060001,52.400002,53.040001,23.205971,4603700
2005-01-26,53.419998,53.77,53.119999,53.540001,23.42473,5623700
2005-01-27,53.549999,54.200001,53.400002,54.060001,23.652241,4482800
2005-01-28,54.07,54.099998,53.220001,53.720001,23.503481,4808200
2005-01-31,53.73,54.549999,53.299999,54.400002,23.800995,6161500
2005-02-01,54.650002,55.16,54.630001,55.150002,24.129137,6368900
2005-02-02,55.189999,55.869999,55.18,55.529999,24.295397,4834700
2005-02-03,55.529999,56.25,55.23,56.240002,24.606031,5003100
2005-02-04,56.330002,56.75,55.77,56.740002,24.824787,5387600
2005-02-07,56.75,56.799999,56.029999,56.259998,24.614779,5098800
2005-02-08,56.25,56.75,56.049999,56.599998,24.76354,4198700
2005-02-09,56.48,56.75,55.91,56.16,24.571024,4989800
2005-02-10,56.650002,57.669998,56.299999,57.400002,25.113546,7157700
2005-02-11,57.5,58.59,57.439999,58.16,25.446066,6218800
2005-02-14,57.759998,58.369999,57.700001,58.110001,25.600266,5033300
2005-02-15,58.240002,58.34,57.759998,58.169998,25.626688,3962900
2005-02-16,58.169998,59.599998,58.119999,59.5,26.21262,5273300
2005-02-17,59.57,59.869999,58.450001,58.610001,25.820526,6346800
2005-02-18,58.650002,60.240002,58.5,59.73,26.313938,6554000
2005-02-22,59.950001,61.080002,59.34,59.34,26.142134,8365000
2005-02-23,59.389999,60.23,59.34,60.16,26.503378,4481800
2005-02-24,60.299999,61.240002,59.900002,61.16,26.94392,6135400
2005-02-25,61.16,63.150002,61.16,61.939999,27.28756,8809300
2005-02-28,62.360001,62.799999,60.240002,62.080002,27.349239,9340500
2005-03-01,62.080002,62.130001,60.740002,60.939999,26.847004,7370500
2005-03-02,60.939999,61.880001,60.849998,61.57,27.124559,6955900
2005-03-03,61.57,61.57,60.75,61.189999,26.957142,7776700
2005-03-04,61.07,61.93,60.599998,61.709999,27.18623,7581700
2005-03-07,61.549999,61.799999,60.740002,61.400002,27.049654,5755400
2005-03-08,61.18,61.900002,61.07,61.5,27.093714,7361100
2005-03-09,61.5,62.099998,59.650002,59.759998,26.327162,10872000
2005-03-10,59.580002,59.59,57.77,58.490002,25.767668,14702900
2005-03-11,58.25,59.419998,57.98,58.299999,25.68396,9268800
2005-03-14,58.48,58.970001,57.599998,58.939999,25.965908,7710000
2005-03-15,59.389999,59.599998,58.029999,58.169998,25.626688,6797500
2005-03-16,58.169998,59.25,57.610001,58.610001,25.820526,7440100
2005-03-17,59.599998,59.75,58.66,59.450001,26.190588,6774200
2005-03-18,59.459999,60.470001,59.360001,60.380001,26.600302,11699700
2005-03-21,60.599998,60.619999,59.509998,60.02,26.441694,5566100
2005-03-22,60.029999,60.849998,59.080002,59.169998,26.06723,7003400
2005-03-23,58.849998,59.0,57.91,58.419998,25.73682,8926500
2005-03-24,58.669998,59.310001,57.639999,58.209999,25.644308,7488100
2005-03-28,58.32,58.68,57.810001,58.290001,25.679558,5146300
2005-03-29,58.259998,59.200001,57.799999,57.889999,25.503336,6172700
2005-03-30,58.110001,58.380001,56.740002,58.259998,25.666336,10312500
2005-03-31,58.689999,59.25,57.799999,58.310001,25.688368,9499900
2005-04-01,59.18,59.419998,58.669998,59.310001,26.128916,7304700
2005-04-04,59.080002,59.09,56.75,56.98,25.102436,25511600
2005-04-05,57.060001,57.259998,55.439999,55.709999,24.54294,15546800
2005-04-06,55.900002,57.450001,55.720001,57.23,25.212572,10756300
2005-04-07,57.759998,58.349998,57.290001,57.959999,25.534168,11672400
2005-04-08,57.810001,58.040001,56.669998,56.689999,24.974684,6493500
2005-04-11,56.700001,57.080002,56.560001,56.869999,25.053978,7066500
2005-04-12,56.5,56.84,55.630001,55.740002,24.556156,9772700
2005-04-13,55.66,55.939999,54.150002,54.27,23.908548,13435900
2005-04-14,54.689999,54.91,53.619999,53.77,23.688278,10756400
2005-04-15,54.0,54.0,51.68,52.209999,23.001017,13433500
2005-04-18,52.25,52.919998,51.68,52.599998,23.17284,9426300
2005-04-19,52.799999,53.57,52.68,53.34,23.498846,10049100
2005-04-20,53.349998,53.689999,51.799999,52.049999,22.930542,9978000
2005-04-21,52.200001,53.470001,52.200001,53.349998,23.50325,8474600
2005-04-22,53.490002,54.32,52.900002,53.869999,23.732332,7996900
2005-04-25,54.349998,54.799999,54.16,54.369999,23.9526,6628300
2005-04-26,54.369999,54.580002,53.619999,53.619999,23.622189,6133700
2005-04-27,53.630001,53.689999,51.860001,52.0,22.90851,9074600
2005-04-28,52.009998,52.220001,51.02,51.150002,22.534044,10209800
2005-04-29,51.549999,52.0,50.650002,52.0,22.90851,14206500
2005-05-02,51.950001,53.209999,51.369999,53.209999,23.441576,10505800
2005-05-03,53.040001,53.209999,52.389999,52.66,23.199266,11404200
2005-05-04,52.720001,53.25,52.450001,53.009998,23.353456,9993500
2005-05-05,53.200001,53.740002,52.799999,53.299999,23.481209,6997500
2005-05-06,54.0,56.330002,52.650002,52.740002,23.234512,7384200
2005-05-09,52.889999,53.560001,52.82,53.450001,23.547304,12001100
2005-05-10,53.450001,53.779999,52.759998,52.98,23.34025,6518500
2005-05-11,52.98,53.509998,52.75,53.400002,23.525272,6274300
2005-05-12,53.389999,53.389999,51.529999,52.049999,22.930542,9557500
2005-05-13,52.509998,52.509998,50.970001,51.279999,22.591314,9853700
2005-05-16,51.279999,51.279999,50.049999,50.509998,22.25209,12789900
2005-05-17,50.310001,51.529999,49.810001,51.470001,22.878838,8865200
2005-05-18,52.029999,52.279999,51.189999,51.450001,22.869957,9875500
2005-05-19,51.709999,52.23,51.5,52.16,23.185558,7477000
2005-05-20,52.200001,52.27,51.619999,51.720001,22.989979,5688800
2005-05-23,52.0,52.709999,51.759998,52.57,23.367811,8444800
2005-05-24,52.599998,52.919998,52.400002,52.650002,23.40337,5486100
2005-05-25,52.889999,53.580002,52.509998,53.32,23.701193,6577000
2005-05-26,53.630001,53.759998,53.34,53.720001,23.878986,5208700
2005-05-27,53.759998,54.68,53.759998,54.580002,24.261271,5831800
2005-05-31,54.830002,54.830002,53.779999,53.779999,23.905663,8462600
2005-06-01,54.169998,55.0,53.799999,54.75,24.336832,6038300
2005-06-02,54.740002,55.080002,54.240002,54.970001,24.434622,4949900
2005-06-03,54.77,55.240002,54.549999,55.060001,24.474628,6632700
2005-06-06,55.209999,55.700001,54.599998,54.849998,24.381275,4945100
2005-06-07,55.130001,55.490002,54.73,54.779999,24.350159,6425200
2005-06-08,54.869999,55.68,54.369999,54.830002,24.372387,7384600
2005-06-09,55.049999,56.540001,54.73,56.009998,24.896915,7969000
2005-06-10,56.009998,56.389999,55.529999,56.299999,25.025827,8527500
2005-06-13,56.299999,56.400002,55.77,56.009998,24.896915,5386800
2005-06-14,56.0,56.450001,55.779999,56.130001,24.950254,4848900
2005-06-15,56.240002,56.93,56.130001,56.84,25.26585,7252100
2005-06-16,57.029999,57.990002,56.810001,57.919998,25.745926,6498200
2005-06-17,58.75,59.32,58.490002,58.970001,26.212658,14068500
2005-06-20,58.98,59.43,58.509998,59.34,26.377129,6126800
2005-06-21,59.09,59.48,58.549999,58.779999,26.12821,9664900
2005-06-22,58.950001,59.459999,57.709999,58.27,25.901497,11979700
2005-06-23,57.849998,59.349998,57.25,57.330002,25.483665,17449600
2005-06-24,57.48,57.799999,56.689999,56.689999,25.199184,9201800
2005-06-27,56.869999,57.799999,56.869999,57.25,25.448101,6894200
2005-06-28,57.48,58.080002,56.82,57.0,25.336977,7079600
2005-06-29,57.0,57.279999,56.299999,56.759998,25.230297,8594300
2005-06-30,56.650002,56.720001,55.349998,55.919998,24.856907,14126100
2005-07-01,56.349998,57.240002,56.110001,56.970001,25.323637,5829100
2005-07-05,57.299999,58.560001,57.130001,58.560001,26.030418,6061600
2005-07-06,58.799999,58.990002,57.009998,57.16,25.408092,6743100
2005-07-07,56.689999,57.830002,56.369999,57.799999,25.692574,6722300
2005-07-08,58.009998,58.27,56.869999,57.360001,25.497002,5290100
2005-07-11,57.360001,57.549999,56.779999,57.299999,25.470337,4582700
2005-07-12,57.48,58.0,57.0,57.509998,25.563683,5347900
2005-07-13,57.529999,57.779999,57.07,57.470001,25.545897,5567700
2005-07-14,57.470001,58.029999,56.310001,56.82,25.256964,10175400
2005-07-15,56.82,56.959999,56.119999,56.669998,25.190287,6201000
2005-07-18,56.48,56.849998,56.200001,56.360001,25.052492,6221600
2005-07-19,56.75,57.360001,56.200001,57.299999,25.470337,6033200
2005-07-20,57.049999,57.91,56.77,57.599998,25.60368,8457100
2005-07-21,57.43,57.5,56.669998,56.970001,25.323637,6674700
2005-07-22,57.48,58.029999,57.27,57.790001,25.688139,5841200
2005-07-25,57.849998,58.91,57.669998,58.369999,25.945953,8304400
2005-07-26,58.490002,58.540001,57.830002,57.849998,25.714806,7062600
2005-07-27,57.849998,58.380001,57.560001,58.330002,25.928179,5854900
2005-07-28,58.849998,59.07,58.150002,58.939999,26.199316,6822400
2005-07-29,59.169998,59.669998,57.889999,58.009998,25.785923,8964200
2005-08-01,58.110001,58.700001,57.790001,58.43,25.972633,7251100
2005-08-02,58.560001,59.700001,58.389999,59.560001,26.474926,15027600
2005-08-03,59.75,60.689999,59.75,60.349998,26.826075,17656300
2005-08-04,60.349998,61.0,60.220001,60.41,26.852745,9179400
2005-08-05,60.400002,60.650002,60.130001,60.34,26.821636,6788600
2005-08-08,60.75,62.18,60.740002,61.259998,27.230581,10252000
2005-08-09,61.5,61.889999,61.040001,61.220001,27.212793,6873400
2005-08-10,61.830002,62.650002,61.380001,62.48,27.772875,15038200
2005-08-11,62.48,63.130001,62.009998,62.5,27.781771,10127300
2005-08-12,62.59,62.650002,62.0,62.279999,27.683987,6603000
2005-08-15,62.029999,62.450001,61.950001,62.130001,27.617315,6899600
2005-08-16,61.720001,62.040001,60.939999,60.939999,27.088339,8909100
2005-08-17,60.389999,61.049999,59.389999,59.639999,26.707706,10441800
2005-08-18,59.200001,59.709999,58.700001,59.48,26.636047,8742400
2005-08-19,59.799999,60.299999,59.75,59.919998,26.83309,8901700
2005-08-22,60.400002,60.919998,59.889999,60.34,27.021152,6913300
2005-08-23,60.450001,60.68,59.57,60.07,26.900251,6602100
2005-08-24,60.259998,60.389999,59.66,59.830002,26.79278,8274900
2005-08-25,59.599998,60.060001,59.220001,59.84,26.797268,5930000
2005-08-26,59.73,59.93,59.369999,59.380001,26.591269,6095500
2005-08-29,59.790001,60.07,59.009998,59.509998,26.649485,6902400
2005-08-30,59.59,60.599998,59.549999,60.540001,27.110729,9513500
2005-08-31,60.310001,62.09,60.290001,61.400002,27.495859,13775300
2005-09-01,63.0,63.119999,61.700001,62.709999,28.082487,10959400
2005-09-02,62.709999,62.709999,62.0,62.299999,27.898882,8629800
2005-09-06,62.52,62.75,61.669998,62.34,27.916801,7457700
2005-09-07,62.34,63.349998,62.040001,62.369999,27.930231,8905200
2005-09-08,61.849998,62.669998,61.720001,62.060001,27.791416,6704400
2005-09-09,62.419998,63.869999,62.419998,63.810001,28.575092,9141000
2005-09-12,63.810001,63.900002,63.139999,63.299999,28.346703,10514100
2005-09-13,63.360001,63.59,62.330002,62.369999,27.930231,9950400
2005-09-14,62.540001,63.099998,62.349998,62.549999,28.010843,8956600
2005-09-15,62.900002,63.07,61.720001,62.450001,27.966055,8014400
2005-09-16,62.919998,63.450001,62.84,63.380001,28.382526,11796800
2005-09-19,63.599998,64.540001,63.599998,64.309998,28.798996,7488800
2005-09-20,64.309998,64.769997,63.709999,64.040001,28.678087,6566400
2005-09-21,64.599998,64.989998,64.0,64.269997,28.781096,7294500
2005-09-22,64.919998,64.989998,62.799999,63.77,28.557177,7655400
2005-09-23,63.549999,63.66,62.82,63.27,28.333263,7777500
2005-09-26,63.110001,64.610001,63.110001,64.239998,28.767641,6196600
2005-09-27,64.300003,64.589996,63.59,64.18,28.740782,6161300
2005-09-28,64.699997,65.0,64.169998,64.980003,29.099035,6452700
2005-09-29,64.980003,65.980003,64.730003,65.769997,29.452812,8786500
2005-09-30,65.690002,65.699997,64.720001,64.730003,28.987074,6603800
2005-10-03,65.25,65.489998,64.120003,64.449997,28.861679,6762500
2005-10-04,64.459999,64.459999,62.700001,62.84,28.140701,9170500
2005-10-05,62.84,63.099998,61.59,62.040001,27.782448,13492100
2005-10-06,61.700001,61.959999,59.009998,60.0,26.868906,18288700
2005-10-07,60.369999,61.0,59.82,61.0,27.316727,9934900
2005-10-10,60.950001,60.990002,59.799999,60.330002,27.016687,7101400
2005-10-11,60.459999,62.790001,60.459999,62.150002,27.831713,11535400
2005-10-12,62.02,62.639999,60.75,60.959999,27.298809,8931400
2005-10-13,60.650002,60.799999,58.439999,59.540001,26.662903,13801000
2005-10-14,59.119999,59.740002,57.799999,59.48,26.636047,13246300
2005-10-17,59.990002,60.419998,59.310001,59.950001,26.846516,7443900
2005-10-18,59.099998,59.459999,57.290001,57.290001,25.655338,10332700
2005-10-19,57.419998,58.5,56.349998,58.34,26.125547,12145100
2005-10-20,58.119999,58.279999,55.02,55.75,24.965691,20081500
2005-10-21,55.77,57.599998,55.5,56.299999,25.212006,11869500
2005-10-24,56.310001,57.919998,56.060001,57.830002,25.89715,8080400
2005-10-25,57.950001,59.009998,57.419998,58.669998,26.273317,9632600
2005-10-26,58.599998,59.48,57.5,57.66,25.82103,13043500
2005-10-27,57.990002,58.220001,56.360001,56.5,25.301558,10388800
2005-10-28,56.849998,57.490002,54.799999,57.380001,25.695641,13310800
2005-10-31,57.560001,58.279999,56.41,57.07,25.556807,11141300
2005-11-01,57.07,57.990002,56.82,57.639999,25.812067,7505800
2005-11-02,57.540001,58.610001,57.220001,58.52,26.206146,7410300
2005-11-03,58.790001,59.580002,58.470001,59.48,26.636047,8820100
2005-11-04,59.48,59.48,57.599998,58.009998,25.977772,9375600
2005-11-07,58.009998,58.009998,56.889999,57.400002,25.704586,8421300
2005-11-08,57.16,57.98,57.060001,57.860001,25.910593,5248000
2005-11-09,57.849998,58.25,56.759998,56.77,25.422466,10957900
2005-11-10,56.639999,56.98,55.0,56.23,25.180643,15663000
2005-11-11,56.060001,56.98,56.049999,56.630001,25.359766,11539000
2005-11-14,56.950001,57.41,56.32,56.599998,25.346342,10453900
2005-11-15,56.990002,58.110001,56.599998,56.689999,25.386644,10658800
2005-11-16,56.290001,57.380001,56.16,57.150002,25.797413,8745800
2005-11-17,57.599998,58.080002,57.080002,57.459999,25.937346,10257100
2005-11-18,58.0,58.23,57.099998,58.110001,26.230761,8080400
2005-11-21,58.259998,58.990002,58.220001,58.849998,26.564787,8741400
2005-11-22,59.0,59.240002,58.389999,59.119999,26.686663,8163700
2005-11-23,59.0,59.290001,58.200001,58.709999,26.501596,6801400
2005-11-25,59.049999,59.16,58.529999,58.540001,26.424862,2346700
2005-11-28,58.380001,58.439999,57.110001,57.18,25.810949,6936500
2005-11-29,57.48,58.07,57.259998,57.369999,25.896719,7474900
2005-11-30,57.470001,58.200001,57.200001,57.310001,25.869644,7812000
2005-12-01,57.700001,58.830002,57.619999,58.709999,26.501596,6640600
2005-12-02,58.869999,59.459999,58.34,59.18,26.713753,7827100
2005-12-05,59.470001,60.040001,59.25,59.639999,26.921398,7668800
2005-12-06,59.689999,60.48,59.150002,59.98,27.074865,7472700
2005-12-07,60.07,60.5,59.110001,59.299999,26.767933,6742100
2005-12-08,59.310001,59.98,59.240002,59.619999,26.912365,9596200
2005-12-09,59.419998,59.419998,58.720001,58.82,26.551258,8588900
2005-12-12,59.16,59.790001,58.91,59.580002,26.8943,6617000
2005-12-13,59.900002,59.919998,58.73,58.860001,26.569296,7918800
2005-12-14,58.950001,59.400002,58.900002,59.279999,26.758892,8841000
2005-12-15,59.279999,59.279999,58.380001,59.02,26.641521,7054900
2005-12-16,59.060001,59.189999,57.450001,57.509998,25.959913,10021200
2005-12-19,57.689999,57.869999,56.689999,56.75,25.616856,9568000
2005-12-20,57.169998,57.299999,56.740002,56.869999,25.671024,8698800
2005-12-21,57.48,57.93,56.869999,57.02,25.738728,10767000
2005-12-22,57.049999,57.439999,56.939999,57.110001,25.779354,7111600
2005-12-23,57.110001,57.490002,56.509998,57.130001,25.788397,3979100
2005-12-27,57.0,57.02,55.439999,55.889999,25.228653,9578200
2005-12-28,56.130001,56.959999,55.889999,56.700001,25.594286,6665200
2005-12-29,56.73,57.290001,56.439999,56.470001,25.490458,4633700
2005-12-30,56.470001,57.139999,55.939999,56.77,25.625881,5904400
2006-01-03,57.25,59.099998,57.060001,59.080002,26.66861,13296000
2006-01-04,59.080002,59.080002,58.43,58.91,26.591869,8838700
2006-01-05,58.68,58.959999,57.849998,58.189999,26.266869,8634800
2006-01-06,58.950001,59.57,58.59,59.25,26.745352,9609000
2006-01-09,59.490002,59.580002,58.549999,58.950001,26.60993,6442300
2006-01-10,58.759998,59.48,58.75,59.240002,26.740831,6969000
2006-01-11,59.220001,60.0,58.650002,59.84,27.011683,6451300
2006-01-12,60.0,60.59,59.610001,59.889999,27.034246,7535200
2006-01-13,59.889999,60.619999,59.75,60.360001,27.246405,5867900
2006-01-17,60.900002,61.900002,60.720001,61.860001,27.923492,8751800
2006-01-18,61.98,62.0,60.459999,60.900002,27.490149,8984000
2006-01-19,60.400002,61.75,60.209999,61.599998,27.806137,7877800
2006-01-20,62.0,62.43,60.75,61.119999,27.58947,11189300
2006-01-23,61.09,62.380001,60.52,62.209999,28.081484,8962800
2006-01-24,62.049999,62.720001,61.799999,62.049999,28.009274,8400100
2006-01-25,62.299999,62.549999,60.529999,61.259998,27.652666,12446800
2006-01-26,61.5,61.5,60.110001,60.220001,27.183212,14414400
2006-01-27,60.099998,60.759998,59.799999,60.380001,27.255426,16687800
2006-01-30,60.849998,60.849998,59.810001,60.75,27.422443,12625000
2006-01-31,60.41,60.599998,59.27,59.380001,26.804035,15266500
2006-02-01,59.380001,59.799999,58.599998,58.700001,26.497089,11121300
2006-02-02,58.709999,59.049999,57.75,58.509998,26.411324,9142700
2006-02-03,58.119999,58.689999,57.369999,57.5,25.955408,11274800
2006-02-06,58.0,59.419998,58.0,58.84,26.560274,9908000
2006-02-07,58.540001,58.540001,57.599998,57.740002,26.063738,9927100
2006-02-08,57.740002,58.18,56.799999,57.889999,26.131435,9877700
2006-02-09,58.119999,58.970001,56.73,56.900002,25.684568,11167100
2006-02-10,57.32,57.490002,56.0,56.610001,25.553667,12130600
2006-02-13,56.630001,57.59,56.349998,56.619999,25.55817,8094000
2006-02-14,55.849998,56.299999,55.41,55.720001,25.353424,12426900
2006-02-15,55.849998,56.369999,55.5,55.959999,25.462624,11940500
2006-02-16,56.099998,56.59,55.959999,56.299999,25.617329,10606900
2006-02-17,56.779999,57.389999,56.299999,57.169998,26.013189,10893000
2006-02-21,57.990002,58.400002,57.490002,57.900002,26.345346,9605400
2006-02-22,57.900002,57.900002,56.91,57.240002,26.045036,7623200
2006-02-23,57.099998,57.75,56.790001,57.139999,25.999546,9232800
2006-02-24,57.560001,57.970001,57.400002,57.650002,26.231592,8450000
2006-02-27,57.650002,57.720001,57.049999,57.099998,25.981331,6204800
2006-02-28,56.689999,56.84,56.23,56.48,25.699223,8858000
2006-03-01,56.720001,57.290001,56.630001,57.240002,26.045036,7391900
2006-03-02,57.240002,57.59,56.5,57.009998,25.940384,10056900
2006-03-03,56.82,57.439999,56.669998,56.970001,25.922188,9471600
2006-03-06,56.75,56.860001,55.810001,55.849998,25.412577,9684300
2006-03-07,55.849998,55.939999,54.950001,55.32,25.171412,10783000
2006-03-08,55.32,55.630001,54.150002,55.119999,25.080404,14190200
2006-03-09,55.470001,55.599998,54.450001,54.450001,24.775543,11726300
2006-03-10,54.150002,54.599998,53.759998,54.080002,24.607182,11114000
2006-03-13,54.529999,55.380001,54.259998,55.18,25.107708,10585600
2006-03-14,55.200001,56.470001,55.029999,56.349998,25.640076,10098600
2006-03-15,56.5,56.599998,55.68,56.5,25.708334,8740200
2006-03-16,56.509998,58.029999,56.279999,57.740002,26.272545,11252700
2006-03-17,57.98,58.040001,57.02,57.18,26.017738,9385900
2006-03-20,57.0,57.43,56.650002,56.75,25.822083,6876200
2006-03-21,56.599998,57.099998,56.150002,56.57,25.740166,6231400
2006-03-22,56.419998,57.240002,56.25,56.490002,25.703779,6398400
2006-03-23,56.66,56.869999,56.200001,56.630001,25.767488,7381200
2006-03-24,56.700001,57.799999,56.650002,57.57,26.195196,9533000
2006-03-27,57.849998,58.419998,57.330002,58.209999,26.486393,7296100
2006-03-28,58.41,58.869999,57.82,57.860001,26.327137,8749800
2006-03-29,57.549999,58.830002,57.549999,58.630001,26.677519,7322100
2006-03-30,58.75,59.290001,58.400002,58.509998,26.622921,6748300
2006-03-31,58.259998,58.419998,57.66,57.970001,26.377199,7363200
2006-04-03,58.349998,59.200001,58.23,58.34,26.545567,6919400
2006-04-04,58.349998,59.150002,58.060001,58.91,26.804907,5795800
2006-04-05,58.91,59.509998,58.610001,59.5,27.073366,6873800
2006-04-06,59.650002,59.84,58.959999,59.41,27.032423,5212200
2006-04-07,59.68,59.689999,58.389999,58.650002,26.686605,6880500
2006-04-10,59.139999,59.82,59.110001,59.720001,27.17347,7380200
2006-04-11,59.900002,60.529999,59.279999,59.459999,27.055178,7476800
2006-04-12,59.209999,59.759998,58.450001,58.669998,26.695711,7136800
2006-04-13,58.400002,58.950001,58.0,58.779999,26.745762,5250200
2006-04-17,59.18,59.48,59.0,59.32,26.991468,5121900
2006-04-18,59.849998,60.959999,59.849998,60.869999,27.696743,9218000
2006-04-19,60.490002,61.43,60.110001,61.009998,27.760441,8220700
2006-04-20,60.700001,60.93,59.389999,60.029999,27.314524,8970100
2006-04-21,60.470001,61.509998,60.110001,61.48,27.974308,10951000
2006-04-24,61.57,61.689999,60.77,60.990002,27.751335,11450400
2006-04-25,61.389999,61.939999,60.060001,60.41,27.487436,9434400
2006-04-26,60.43,61.790001,60.0,60.220001,27.40099,11277400
2006-04-27,59.650002,60.98,58.700001,59.98,27.291775,9758600
2006-04-28,60.5,61.389999,60.400002,61.02,27.764984,8885500
2006-05-01,61.619999,62.0,61.110001,61.169998,27.83325,7225800
2006-05-02,61.57,62.950001,61.389999,62.799999,28.574917,8404900
2006-05-03,62.740002,62.740002,61.419998,61.900002,28.165417,8684100
2006-05-04,61.599998,62.450001,61.049999,62.0,28.210907,9835300
2006-05-05,62.48,62.900002,61.98,62.349998,28.370159,8666800
2006-05-08,62.0,62.349998,61.279999,62.009998,28.215473,6501300
2006-05-09,61.959999,63.18,61.889999,62.860001,28.602221,15199900
2006-05-10,62.810001,62.959999,62.119999,62.880001,28.611315,10326500
2006-05-11,63.189999,63.650002,62.5,62.709999,28.533974,12982200
2006-05-12,62.75,62.810001,61.169998,61.380001,27.92881,12274500
2006-05-15,60.41,61.599998,59.959999,60.560001,27.555691,12016800
2006-05-16,60.799999,61.82,60.450001,61.02,27.764984,9440100
2006-05-17,60.02,60.93,58.279999,58.939999,27.049074,11008500
2006-05-18,58.939999,59.650002,58.700001,58.700001,26.938934,8819400
2006-05-19,58.709999,59.299999,57.43,58.470001,26.833378,11406800
2006-05-22,58.0,58.75,57.02,58.220001,26.718639,10186800
2006-05-23,58.970001,59.599998,57.950001,58.099998,26.66358,8480700
2006-05-24,57.84,58.509998,56.630001,57.599998,26.434113,13293100
2006-05-25,58.450001,59.740002,58.029999,59.490002,27.301485,11080200
2006-05-26,59.599998,59.93,59.209999,59.830002,27.457508,5325600
2006-05-30,60.0,60.080002,58.41,58.450001,26.824198,7821700
2006-05-31,58.470001,59.830002,58.470001,59.790001,27.439163,12303800
2006-06-01,59.669998,60.200001,59.060001,59.98,27.52635,11501600
2006-06-02,60.41,60.849998,59.830002,60.75,27.879709,11399900
2006-06-05,61.259998,61.290001,59.32,59.349998,27.237228,8690000
2006-06-06,59.360001,59.720001,58.5,58.93,27.044472,10554600
2006-06-07,58.709999,59.709999,57.16,57.169998,26.236763,13807800
2006-06-08,56.77,58.0,55.41,57.860001,26.55344,15265800
2006-06-09,57.959999,58.32,57.32,57.529999,26.401983,12866100
2006-06-12,57.880001,58.41,57.299999,57.59,26.429527,10809600
2006-06-13,57.59,58.16,56.689999,56.779999,26.057793,14723900
2006-06-14,57.150002,57.849998,56.900002,57.830002,26.539671,9987700
2006-06-15,58.299999,59.740002,58.220001,59.43,27.273937,11799900
2006-06-16,59.099998,59.310001,58.099998,58.709999,26.943518,12494500
2006-06-19,58.720001,58.720001,57.110001,57.509998,26.392809,8140200
2006-06-20,57.759998,58.380001,57.43,57.509998,26.392809,7998400
2006-06-21,57.52,59.189999,57.490002,58.279999,26.746187,7878200
2006-06-22,58.439999,58.970001,57.970001,58.66,26.920572,6290400
2006-06-23,58.759998,59.279999,58.66,58.709999,26.943518,6558900
2006-06-26,58.720001,59.849998,58.52,59.68,27.38867,5870000
2006-06-27,60.0,61.389999,59.959999,60.099998,27.581421,7787700
2006-06-28,60.349998,61.48,60.349998,61.360001,28.159678,8304000
2006-06-29,61.580002,62.98,61.52,62.450001,28.659891,9986800
2006-06-30,62.450001,62.700001,61.950001,62.060001,28.480919,8103100
2006-07-03,62.27,63.0,62.259998,62.75,28.797569,3133300
2006-07-05,62.759998,64.029999,62.549999,63.880001,29.31616,9895500
2006-07-06,63.880001,64.599998,63.68,63.98,29.362059,8434200
2006-07-07,64.150002,65.0,63.330002,63.68,29.224371,8958300
2006-07-10,63.599998,64.5,63.389999,64.269997,29.495148,6305000
2006-07-11,64.529999,65.540001,64.519997,65.300003,29.967844,8775700
2006-07-12,65.550003,65.889999,64.5,64.870003,29.770508,9700200
2006-07-13,65.059998,65.809998,64.889999,64.940002,29.802616,10201800
2006-07-14,65.480003,66.790001,65.440002,66.379997,30.46347,14930500
2006-07-17,65.709999,66.339996,64.529999,64.870003,29.770508,10740900
2006-07-18,65.400002,66.07,64.790001,65.550003,30.082581,8677300
2006-07-19,65.550003,66.339996,65.059998,65.989998,30.284494,9964200
2006-07-20,66.050003,66.239998,65.199997,65.32,29.977016,8366600
2006-07-21,65.779999,65.779999,64.410004,64.449997,29.577761,10087800
2006-07-24,64.650002,66.639999,64.650002,66.269997,30.412998,8368400
2006-07-25,66.419998,67.160004,65.800003,66.949997,30.725073,8346300
2006-07-26,66.959999,68.010002,66.75,67.5,30.977478,8369300
2006-07-27,68.440002,68.470001,67.540001,67.730003,31.083025,9268500
2006-07-28,66.300003,66.449997,64.93,66.050003,30.312025,15358000
2006-07-31,65.699997,66.190002,65.25,65.779999,30.188118,9143300
2006-08-01,65.720001,66.449997,65.260002,66.25,30.403807,7228700
2006-08-02,66.5,67.080002,65.779999,65.970001,30.27532,10020300
2006-08-03,65.739998,66.139999,65.5,65.5,30.059626,10382000
2006-08-04,65.970001,66.040001,64.959999,65.660004,30.133064,7626500
2006-08-07,65.919998,67.029999,65.809998,66.830002,30.669996,9229100
2006-08-08,66.839996,67.43,66.709999,67.199997,30.83979,8544700
2006-08-09,67.510002,68.239998,67.32,67.480003,30.96829,10704900
2006-08-10,67.290001,67.690002,66.849998,67.349998,30.90863,8830800
2006-08-11,67.349998,67.989998,67.110001,67.849998,31.138081,5109000
2006-08-14,67.5,67.610001,66.419998,67.050003,30.770964,6260600
2006-08-15,67.75,67.75,66.5,66.860001,30.683765,7278400
2006-08-16,67.0,67.0,64.949997,65.410004,30.253628,9467500
2006-08-17,64.82,66.169998,64.82,66.150002,30.59589,11987700
2006-08-18,66.349998,67.309998,66.160004,67.260002,31.109285,9074300
2006-08-21,67.419998,67.550003,66.730003,66.889999,30.938148,7934000
2006-08-22,66.599998,66.779999,66.209999,66.550003,30.780895,6892000
2006-08-23,66.440002,66.639999,65.419998,65.68,30.378502,7566200
2006-08-24,65.68,66.730003,65.620003,66.730003,30.864143,5336500
2006-08-25,66.800003,67.489998,66.709999,66.769997,30.88265,4349400
2006-08-28,66.309998,66.5,65.860001,66.160004,30.600512,5449300
2006-08-29,65.970001,66.0,65.129997,65.739998,30.406252,7134000
2006-08-30,65.75,65.879997,64.150002,65.190002,30.151875,9205200
2006-08-31,65.190002,65.190002,64.349998,64.400002,29.786488,6609700
2006-09-01,64.720001,64.900002,64.290001,64.830002,29.98534,6277300
2006-09-05,65.730003,67.150002,65.349998,66.339996,30.683756,13338500
2006-09-06,66.089996,66.379997,65.099998,65.220001,30.165741,11065400
2006-09-07,65.010002,66.449997,64.989998,65.400002,30.24898,7998200
2006-09-08,65.400002,65.459999,64.120003,64.220001,29.703211,6574500
2006-09-11,63.630001,63.68,61.380001,62.0,28.676413,18665200
2006-09-12,62.0,62.32,60.959999,61.389999,28.394272,11857200
2006-09-13,61.610001,62.599998,61.48,62.389999,28.8568,9513200
2006-09-14,62.459999,62.779999,61.5,62.049999,28.699547,8014800
2006-09-15,62.060001,62.09,61.240002,61.790001,28.579277,10521900
2006-09-18,62.0,63.200001,61.720001,62.849998,29.069553,8206300
2006-09-19,63.009998,63.150002,61.52,61.889999,28.625534,7752300
2006-09-20,61.900002,62.189999,60.860001,60.880001,28.15839,9623200
2006-09-21,61.080002,62.389999,61.080002,62.049999,28.699547,9061000
2006-09-22,62.299999,62.43,61.27,61.939999,28.648657,7444100
2006-09-25,61.459999,62.830002,60.720001,62.18,28.759665,10800900
2006-09-26,62.18,63.700001,62.040001,63.59,29.411829,10870500
2006-09-27,63.84,64.75,63.279999,64.199997,29.693954,12291600
2006-09-28,64.110001,64.919998,64.080002,64.529999,29.846592,9956300
2006-09-29,64.400002,65.139999,64.010002,64.860001,29.999228,6797400
2006-10-02,64.900002,65.349998,64.459999,64.510002,29.837341,7955600
2006-10-03,64.0,64.010002,62.919998,62.939999,29.111185,12808700
2006-10-04,63.25,63.93,62.220001,63.700001,29.462702,11281000
2006-10-05,64.129997,64.470001,63.419998,63.880001,29.545954,9577800
2006-10-06,63.52,63.880001,62.799999,63.66,29.444204,8886400
2006-10-09,64.019997,64.190002,63.139999,63.240002,29.249945,7807100
2006-10-10,63.09,63.919998,63.0,63.900002,29.555202,10930900
2006-10-11,63.630001,63.830002,63.0,63.099998,29.185196,9417600
2006-10-12,63.490002,64.160004,63.310001,64.019997,29.610691,8136600
2006-10-13,64.360001,64.720001,63.939999,64.199997,29.693954,7704500
2006-10-16,64.410004,65.199997,64.18,65.050003,30.087111,7813300
2006-10-17,65.110001,65.18,64.709999,64.93,30.031605,6809000
2006-10-18,64.940002,65.419998,64.260002,64.599998,29.878975,8085200
2006-10-19,64.800003,65.639999,64.360001,65.639999,30.359983,7052200
2006-10-20,65.830002,65.879997,64.919998,65.279999,30.193483,9599500
2006-10-23,64.940002,65.639999,64.529999,65.639999,30.359983,6606100
2006-10-24,65.639999,67.029999,65.459999,66.889999,30.938148,9061900
2006-10-25,66.660004,68.260002,66.419998,67.580002,31.257292,11946400
2006-10-26,68.279999,68.5,67.279999,67.5,31.220293,8884500
2006-10-27,68.050003,68.480003,67.419998,67.68,31.303549,8888200
2006-10-30,67.209999,67.68,66.019997,66.389999,30.706871,8869400
2006-10-31,66.099998,67.349998,65.760002,67.199997,31.081528,10721500
2006-11-01,67.199997,67.559998,66.510002,66.980003,30.979771,7874500
2006-11-02,66.949997,67.889999,66.529999,67.790001,31.354414,9013600
2006-11-03,68.0,69.330002,68.0,68.910004,31.872452,8608400
2006-11-06,69.050003,69.940002,68.760002,69.769997,32.270226,10218800
2006-11-07,69.849998,69.919998,68.639999,68.910004,31.872452,9893000
2006-11-08,68.599998,69.779999,68.599998,69.510002,32.149956,9312600
2006-11-09,69.860001,70.400002,69.540001,70.199997,32.469105,11484500
2006-11-10,70.300003,70.389999,69.139999,69.540001,32.163837,8790400
2006-11-13,69.540001,70.830002,69.059998,70.349998,32.538479,8858100
2006-11-14,70.459999,70.669998,69.900002,70.379997,32.552353,8066700
2006-11-15,69.849998,70.629997,69.57,69.949997,32.594292,8780000
2006-11-16,70.309998,70.459999,68.489998,68.550003,31.94194,9311100
2006-11-17,68.110001,69.279999,67.860001,69.099998,32.198215,10323100
2006-11-20,68.839996,69.910004,68.730003,69.239998,32.263447,7456100
2006-11-21,69.580002,70.32,69.449997,70.220001,32.7201,7708400
2006-11-22,70.220001,70.5,69.019997,69.599998,32.43121,7388400
2006-11-24,68.970001,69.800003,68.739998,68.839996,32.077068,2883700
2006-11-27,69.290001,69.669998,68.400002,68.75,32.035126,9568100
2006-11-28,68.889999,70.07,68.849998,69.879997,32.561665,7682000
2006-11-29,70.199997,72.0,69.910004,71.050003,33.10685,10238300
2006-11-30,71.25,72.959999,71.150002,72.32,33.698631,11974600
2006-12-01,72.330002,73.260002,71.830002,73.110001,34.06675,10402900
2006-12-04,73.110001,73.540001,72.699997,73.5,34.248474,7489600
2006-12-05,73.660004,74.169998,72.779999,73.949997,34.458153,8262900
2006-12-06,73.849998,74.410004,73.5,73.559998,34.276417,10276400
2006-12-07,73.660004,74.0,73.050003,73.32,34.164589,7181300
2006-12-08,73.620003,74.0,72.769997,72.830002,33.936279,7637300
2006-12-11,72.830002,74.040001,72.660004,73.699997,34.341667,7986000
2006-12-12,74.459999,74.57,73.370003,73.849998,34.41156,9241400
2006-12-13,74.529999,74.720001,73.870003,74.400002,34.667843,7637100
2006-12-14,74.720001,76.199997,74.449997,75.970001,35.399414,9234800
2006-12-15,75.989998,76.110001,74.980003,75.379997,35.12447,9534400
2006-12-18,75.099998,75.43,73.25,73.330002,34.169254,9217200
2006-12-19,72.980003,74.790001,72.5,74.489998,34.709778,9201300
2006-12-20,74.459999,74.910004,73.480003,73.650002,34.318344,8691800
2006-12-21,73.660004,74.160004,72.540001,73.230003,34.122662,7539900
2006-12-22,73.300003,73.510002,72.660004,72.730003,33.889679,4486600
2006-12-26,72.639999,73.400002,72.529999,73.089996,34.057423,4007500
2006-12-27,73.279999,74.139999,73.260002,74.040001,34.50008,5114800
2006-12-28,74.260002,74.510002,74.010002,74.279999,34.611927,4057500
2006-12-29,73.889999,74.099998,73.5,73.529999,34.262455,5410000
2007-01-03,72.769997,73.220001,70.550003,70.970001,33.06958,12719600
2007-01-04,70.900002,70.949997,69.599998,70.279999,32.748051,10825300
2007-01-05,70.279999,71.120003,70.120003,70.550003,32.873863,9618000
2007-01-08,71.059998,71.559998,70.0,71.449997,33.293224,9435100
2007-01-09,70.980003,71.339996,69.849998,70.629997,32.911144,10500000
2007-01-10,69.75,70.309998,68.93,69.410004,32.342686,11936700
2007-01-11,69.32,71.139999,68.480003,68.690002,32.007168,12407200
2007-01-12,69.099998,70.620003,69.099998,70.349998,32.780682,9345000
2007-01-16,70.080002,70.699997,69.230003,69.669998,32.463806,8281700
2007-01-17,69.709999,70.870003,69.5,70.82,32.999691,10545100
2007-01-18,70.830002,71.839996,70.019997,70.919998,33.046284,10648300
2007-01-19,71.330002,72.389999,70.800003,72.32,33.698631,9983800
2007-01-22,72.510002,72.599998,70.949997,71.220001,33.186066,11969100
2007-01-23,71.610001,73.25,71.599998,72.559998,33.810452,9268800
2007-01-24,72.489998,73.25,71.699997,72.839996,33.940926,7061700
2007-01-25,72.5,72.779999,71.279999,71.519997,33.325855,8441500
2007-01-26,72.139999,72.370003,71.230003,71.5,33.316547,7266600
2007-01-29,71.510002,72.300003,71.239998,71.529999,33.330509,6323100
2007-01-30,71.949997,73.07,71.849998,73.07,34.048103,6398000
2007-01-31,72.989998,73.440002,72.290001,72.879997,33.959564,9757800
2007-02-01,73.25,74.959999,73.099998,74.470001,34.700443,10956200
2007-02-02,73.800003,74.620003,73.300003,74.040001,34.50008,7377300
2007-02-05,74.050003,74.290001,73.459999,73.779999,34.378944,8431500
2007-02-06,74.150002,74.18,72.940002,73.370003,34.187885,8374800
2007-02-07,73.870003,74.089996,72.540001,72.639999,33.847736,9573100
2007-02-08,72.459999,73.919998,72.089996,73.75,34.364956,10159500
2007-02-09,73.93,74.0,73.059998,73.32,34.164589,6502300
2007-02-12,73.099998,73.169998,71.889999,72.32,33.698631,12468000
2007-02-13,72.730003,72.959999,72.470001,72.830002,33.936279,7909300
2007-02-14,72.639999,73.040001,71.779999,72.190002,33.879959,7907900
2007-02-15,72.059998,72.059998,71.160004,71.360001,33.490429,10225000
2007-02-16,71.010002,71.440002,70.720001,70.809998,33.232296,9619000
2007-02-20,70.650002,70.650002,70.019997,70.120003,32.908485,9347500
2007-02-21,70.120003,70.389999,69.199997,69.940002,32.824001,13256400
2007-02-22,70.019997,70.959999,69.839996,70.669998,33.166584,8403100
2007-02-23,71.190002,71.279999,70.57,71.07,33.354328,7862500
2007-02-26,71.419998,72.019997,71.129997,71.410004,33.513916,7451800
2007-02-27,70.709999,71.220001,68.019997,68.580002,32.185707,13910000
2007-02-28,68.589996,69.75,68.360001,68.519997,32.157547,14002600
2007-03-01,67.32,68.519997,64.989998,67.599998,31.725767,14150400
2007-03-02,67.580002,67.75,66.32,66.790001,31.345634,10827100
2007-03-05,66.199997,67.330002,66.010002,66.43,31.176685,11700900
2007-03-06,67.279999,67.709999,66.769997,67.669998,31.758644,11528000
2007-03-07,67.800003,69.809998,67.57,68.330002,32.068394,12789500
2007-03-08,68.949997,69.059998,67.989998,68.459999,32.129402,10777500
2007-03-09,68.830002,69.040001,68.0,68.470001,32.134109,7668900
2007-03-12,68.470001,69.199997,68.059998,68.830002,32.303055,9416400
2007-03-13,68.830002,69.599998,67.580002,67.839996,31.838419,9446000
2007-03-14,68.300003,68.639999,67.080002,68.32,32.063713,11393700
2007-03-15,68.199997,69.290001,67.809998,68.870003,32.321835,9996200
2007-03-16,69.239998,69.5,67.760002,68.080002,31.951057,12720300
2007-03-19,68.580002,69.75,68.519997,69.379997,32.561176,13988200
2007-03-20,69.389999,70.139999,69.190002,70.050003,32.875622,8243100
2007-03-21,70.379997,71.489998,70.050003,71.339996,33.481037,10162300
2007-03-22,71.550003,73.459999,71.290001,72.93,34.227238,13192000
2007-03-23,73.389999,74.089996,73.199997,73.699997,34.588612,10883900
2007-03-26,74.139999,74.550003,73.510002,74.400002,34.917145,10111300
2007-03-27,74.010002,74.370003,73.620003,74.169998,34.8092,8548500
2007-03-28,74.470001,74.68,73.760002,74.080002,34.766964,10237200
2007-03-29,74.360001,74.980003,74.32,74.949997,35.17527,10247800
2007-03-30,74.809998,74.809998,73.379997,73.959999,34.710644,8510300
2007-04-02,74.050003,75.050003,74.050003,74.830002,35.118942,8192300
2007-04-03,74.610001,75.589996,74.470001,75.339996,35.358307,9357500
2007-04-04,75.120003,75.75,74.650002,75.550003,35.456856,6622200
2007-04-05,75.559998,75.900002,75.32,75.610001,35.485001,6305100
2007-04-09,75.32,76.400002,75.129997,75.489998,35.428707,6408600
2007-04-10,75.790001,77.220001,75.650002,77.040001,36.156136,8825600
2007-04-11,77.040001,77.470001,76.459999,76.559998,35.930862,10747700
2007-04-12,76.75,77.230003,76.290001,77.169998,36.217152,8049600
2007-04-13,77.5,77.5,76.650002,77.010002,36.142044,7265500
2007-04-16,77.25,77.970001,76.68,77.870003,36.545673,8308200
2007-04-17,78.0,78.57,77.540001,77.959999,36.587898,8811700
2007-04-18,77.550003,78.120003,77.300003,77.769997,36.498737,7045400
2007-04-19,77.470001,77.639999,76.730003,76.809998,36.04821,8013400
2007-04-20,77.290001,78.629997,77.059998,78.449997,36.817879,15622000
2007-04-23,78.059998,78.879997,77.400002,77.559998,36.400177,12242700
2007-04-24,77.110001,77.809998,76.910004,77.099998,36.184284,9003600
2007-04-25,77.580002,78.93,77.550003,78.32,36.756859,10924600
2007-04-26,78.169998,78.379997,77.300003,78.18,36.691158,10424500
2007-04-27,78.419998,78.5,77.339996,78.080002,36.644226,8119700
2007-04-30,78.089996,79.07,77.760002,77.790001,36.508137,11191300
2007-05-01,77.970001,78.629997,77.419998,78.349998,36.770939,9242100
2007-05-02,78.480003,78.980003,78.080002,78.639999,36.907047,6413800
2007-05-03,78.650002,79.860001,78.43,79.559998,37.338799,7087700
2007-05-04,79.800003,80.349998,78.800003,79.300003,37.216797,7749200
2007-05-07,78.629997,79.699997,78.510002,79.580002,37.348194,7298200
2007-05-08,79.419998,80.190002,78.870003,80.050003,37.568771,7018200
2007-05-09,79.919998,79.970001,78.889999,79.75,37.427986,7409000
2007-05-10,79.519997,79.68,78.150002,78.190002,36.695854,7882900
2007-05-11,78.5,80.129997,78.5,80.040001,37.564095,8427500
2007-05-14,80.0,80.940002,79.830002,80.870003,37.953625,12527500
2007-05-15,80.940002,81.370003,80.610001,80.730003,37.88792,9846800
2007-05-16,80.150002,80.93,79.610001,80.730003,38.162094,9402800
2007-05-17,80.75,82.0,80.199997,81.459999,38.507179,7783600
2007-05-18,81.870003,82.919998,81.800003,82.849998,39.164253,11114500
2007-05-21,83.110001,83.559998,82.580002,82.830002,39.1548,11359500
2007-05-22,82.830002,83.230003,82.040001,82.18,38.847519,9214900
2007-05-23,82.18,82.910004,81.169998,81.400002,38.478813,14228400
2007-05-24,81.669998,81.879997,79.75,79.970001,37.802837,13263200
2007-05-25,80.400002,81.129997,80.279999,81.129997,38.351177,6839500
2007-05-29,80.980003,81.0,80.0,80.709999,38.152641,7964700
2007-05-30,80.559998,82.290001,80.160004,82.25,38.880623,10776900
2007-05-31,82.150002,82.360001,81.019997,81.489998,38.521366,11512700
2007-06-01,81.760002,82.519997,81.720001,82.230003,38.871162,7346300
2007-06-04,82.199997,83.25,82.0,83.129997,39.296597,7958100
2007-06-05,82.709999,83.040001,82.169998,82.730003,39.107521,7402100
2007-06-06,82.730003,82.730003,81.370003,81.790001,38.663174,7520900
2007-06-07,81.650002,82.059998,80.099998,80.199997,37.911552,10980300
2007-06-08,80.010002,80.739998,79.120003,80.690002,38.143188,8551500
2007-06-11,80.660004,81.779999,80.269997,81.360001,38.4599,6784500
2007-06-12,81.349998,81.809998,80.5,80.559998,38.081707,7413800
2007-06-13,80.809998,81.550003,80.720001,81.150002,38.360626,9948700
2007-06-14,81.410004,82.550003,81.400002,82.330002,38.918438,8437000
2007-06-15,82.860001,83.599998,82.760002,83.169998,39.315502,9432300
2007-06-18,83.269997,84.0,83.269997,83.389999,39.419514,5996000
2007-06-19,82.989998,83.75,82.949997,83.290001,39.372231,7033200
2007-06-20,83.599998,83.699997,80.760002,80.970001,38.275539,11012500
2007-06-21,81.489998,83.019997,81.360001,82.849998,39.164253,10058700
2007-06-22,82.849998,82.940002,81.5,81.550003,38.549721,13441500
2007-06-25,81.559998,83.660004,81.5,82.949997,39.211521,12688600
2007-06-26,83.489998,83.779999,82.370003,82.699997,39.093338,13487200
2007-06-27,82.25,84.0,81.620003,83.889999,39.655872,10245400
2007-06-28,84.889999,84.889999,83.839996,84.18,39.792938,8594200
2007-06-29,84.790001,85.190002,83.519997,84.239998,39.821316,10730000
2007-07-02,84.699997,85.279999,84.410004,85.150002,40.251488,8212100
2007-07-03,83.599998,86.690002,83.599998,86.330002,40.809273,4605600
2007-07-05,86.790001,87.139999,85.510002,86.57,40.922741,8746800
2007-07-06,86.57,87.959999,86.57,87.68,41.447441,11725300
2007-07-09,87.550003,89.800003,87.449997,89.5,42.307777,10646500
2007-07-10,89.0,90.209999,87.809998,89.0,42.071434,13871900
2007-07-11,89.480003,90.870003,88.709999,90.75,42.898674,12243200
2007-07-12,90.910004,93.370003,90.75,93.300003,44.104069,12604300
2007-07-13,93.480003,95.0,92.879997,93.330002,44.118267,9575600
2007-07-16,93.5,94.050003,91.349998,92.120003,43.546291,10496400
2007-07-17,93.080002,93.080002,90.699997,91.099998,43.064137,9741600
2007-07-18,91.089996,93.43,90.599998,93.080002,44.000103,11378500
2007-07-19,93.459999,93.730003,92.480003,93.0,43.962273,8423900
2007-07-20,93.0,93.309998,91.379997,92.120003,43.546291,10331400
2007-07-23,92.169998,93.160004,91.150002,92.57,43.759007,9655600
2007-07-24,91.639999,92.150002,89.57,89.849998,42.473228,10963400
2007-07-25,89.860001,91.690002,88.449997,91.050003,43.040489,14151400
2007-07-26,89.260002,90.449997,86.269997,87.459999,41.343433,17050200
2007-07-27,88.309998,88.940002,84.599998,85.199997,40.275112,17074500
2007-07-30,85.849998,87.0,83.889999,86.43,40.856567,12117700
2007-07-31,86.260002,87.449997,85.160004,85.260002,40.30349,11880000
2007-08-01,84.769997,89.5,82.550003,85.169998,40.260937,21528500
2007-08-02,84.510002,86.0,82.589996,83.889999,39.655872,15781800
2007-08-03,83.709999,85.0,80.580002,81.019997,38.299175,15550400
2007-08-06,81.190002,82.080002,78.389999,82.019997,38.771885,17120400
2007-08-07,81.330002,83.889999,80.519997,83.18,39.32024,15323400
2007-08-08,82.980003,85.629997,82.980003,84.330002,39.863842,14455100
2007-08-09,83.099998,84.739998,81.110001,81.110001,38.341724,15584400
2007-08-10,80.139999,83.730003,79.410004,83.419998,39.433681,13317300
2007-08-13,84.099998,84.309998,82.110001,82.449997,38.975159,10532900
2007-08-14,83.059998,83.699997,82.110001,82.449997,38.975159,15389400
2007-08-15,82.25,83.809998,80.379997,80.760002,38.446732,12249800
2007-08-16,79.790001,81.959999,78.25,81.389999,38.746647,19400800
2007-08-17,83.690002,85.099998,82.739998,84.360001,40.160561,16210700
2007-08-20,84.0,85.550003,83.019997,84.889999,40.412861,9238500
2007-08-21,84.139999,85.25,83.57,84.300003,40.132,11327200
2007-08-22,84.809998,85.559998,84.349998,85.389999,40.650875,10251000
2007-08-23,85.800003,86.470001,84.089996,85.480003,40.693737,8665500
2007-08-24,85.900002,87.529999,85.900002,87.220001,41.522072,7682700
2007-08-27,86.629997,87.389999,86.339996,87.0,41.417343,6390100
2007-08-28,86.599998,86.730003,84.300003,84.300003,40.132,10059100
2007-08-29,85.199997,87.379997,84.68,86.699997,41.274532,10047800
2007-08-30,86.699997,87.599998,85.540001,87.190002,41.507793,7825700
2007-08-31,88.309998,88.860001,87.459999,87.760002,41.779163,8155000
2007-09-04,87.190002,89.269997,87.160004,88.730003,42.240929,9560000
2007-09-05,88.470001,88.650002,87.790001,88.360001,42.064777,9141400
2007-09-06,88.480003,89.330002,88.110001,88.93,42.336147,8153100
2007-09-07,87.93,89.029999,87.190002,87.650002,41.726788,9780300
2007-09-10,87.559998,88.290001,85.910004,87.050003,41.441154,10479000
2007-09-11,87.510002,89.129997,86.699997,88.589996,42.174294,10124500
2007-09-12,88.419998,89.839996,88.279999,89.190002,42.459938,11089100
2007-09-13,89.650002,90.82,89.540001,90.089996,42.888382,8966600
2007-09-14,89.400002,91.269997,89.370003,90.650002,43.154976,7973300
2007-09-17,90.010002,91.540001,90.0,90.93,43.288269,7733600
2007-09-18,91.199997,93.529999,90.949997,93.339996,44.43557,9799900
2007-09-19,93.699997,94.940002,93.589996,94.110001,44.802151,11383700
2007-09-20,94.019997,94.629997,93.75,94.169998,44.830711,8196500
2007-09-21,94.279999,95.360001,94.110001,94.839996,45.14967,12637900
2007-09-24,95.0,95.5,94.190002,94.349998,44.916412,9028600
2007-09-25,93.089996,93.589996,91.660004,91.879997,43.740528,12501200
2007-09-26,93.18,93.32,91.470001,92.510002,44.040443,11794400
2007-09-27,93.260002,93.629997,92.900002,93.510002,44.51651,7408900
2007-09-28,93.550003,94.400002,93.0,93.580002,44.549835,8880700
2007-10-01,93.300003,94.529999,93.269997,94.440002,44.959255,8942800
2007-10-02,93.919998,93.989998,91.82,92.559998,44.064255,9137300
2007-10-03,91.510002,91.980003,90.769997,91.480003,43.550114,8754800
2007-10-04,91.650002,92.029999,90.529999,91.839996,43.721489,6764800
2007-10-05,92.099998,92.57,91.589996,92.32,43.949993,6498100
2007-10-08,91.550003,91.959999,91.300003,91.580002,43.597717,5658400
2007-10-09,91.830002,93.0,91.68,92.800003,44.178505,8702300
2007-10-10,90.330002,92.480003,90.290001,92.080002,43.835762,11527500
2007-10-11,92.519997,92.82,90.160004,91.0,43.321602,9177800
2007-10-12,91.529999,91.739998,90.879997,91.410004,43.516785,6009000
2007-10-15,92.269997,92.940002,91.980003,92.330002,43.95475,8492000
2007-10-16,92.400002,93.849998,92.110001,93.449997,44.487942,10890700
2007-10-17,93.879997,93.940002,92.050003,93.260002,44.397507,10719100
2007-10-18,93.07,93.75,92.0,92.419998,43.997604,10038800
2007-10-19,92.699997,92.699997,89.029999,89.269997,42.497997,14112700
2007-10-22,88.160004,88.510002,86.720001,88.440002,42.102882,10815500
2007-10-23,88.93,89.709999,87.82,88.919998,42.331383,9629900
2007-10-24,89.120003,90.419998,88.300003,89.900002,42.797928,10985100
2007-10-25,90.459999,91.599998,89.580002,91.230003,43.431095,9233600
2007-10-26,91.860001,92.300003,91.099998,91.650002,43.63105,7481600
2007-10-29,91.860001,93.57,91.599998,92.879997,44.216591,9247200
2007-10-30,91.75,91.949997,89.690002,90.080002,42.883633,9627000
2007-10-31,90.400002,92.129997,90.18,91.510002,43.564388,9891600
2007-11-01,90.050003,91.480003,88.489998,89.040001,42.388515,10542400
2007-11-02,87.650002,89.269997,87.099998,88.480003,42.121918,12374800
2007-11-05,87.470001,89.199997,87.459999,88.480003,42.121918,9089200
2007-11-06,88.690002,90.699997,88.690002,90.639999,43.150219,9880100
2007-11-07,90.910004,90.919998,87.309998,87.540001,41.674416,12781100
2007-11-08,87.970001,90.589996,87.699997,89.18,42.455162,17597400
2007-11-09,88.900002,88.900002,87.099998,87.260002,41.541122,10164000
2007-11-12,87.0,87.0,84.410004,85.269997,40.593765,12513300
2007-11-13,85.82,86.989998,83.589996,86.830002,41.33643,11950300
2007-11-14,87.349998,88.330002,85.720001,86.150002,41.288479,9957500
2007-11-15,85.940002,86.480003,83.480003,84.160004,40.334774,11934600
2007-11-16,84.879997,86.470001,84.699997,85.980003,41.20702,11368700
2007-11-19,85.980003,86.370003,84.620003,85.029999,40.751717,8547800
2007-11-20,85.050003,88.610001,85.050003,87.900002,42.127205,10941300
2007-11-21,87.800003,88.489998,85.589996,85.75,41.09679,11438800
2007-11-23,86.459999,87.059998,85.860001,86.669998,41.53772,3428300
2007-11-26,86.849998,87.330002,83.519997,83.790001,40.157455,10304600
2007-11-27,83.449997,84.589996,81.919998,84.309998,40.406651,14542300
2007-11-28,84.519997,86.510002,84.080002,86.059998,41.245365,10885100
2007-11-29,85.610001,87.330002,85.610001,86.559998,41.484982,8839800
2007-11-30,87.129997,87.769997,86.019997,87.769997,42.064899,11708800
2007-12-03,87.099998,88.18,86.739998,87.839996,42.098457,7934200
2007-12-04,87.139999,87.779999,86.830002,87.160004,41.772564,6584600
2007-12-05,87.790001,89.720001,87.790001,89.300003,42.798164,10450000
2007-12-06,89.269997,91.699997,88.860001,91.379997,43.795029,9627700
2007-12-07,90.690002,91.589996,90.339996,90.959999,43.59375,6682700
2007-12-10,91.230003,92.010002,90.75,91.720001,43.957985,5505300
2007-12-11,91.68,92.589996,89.809998,89.889999,43.080921,8014900
2007-12-12,91.910004,92.970001,90.93,91.779999,43.98674,10816100
2007-12-13,91.510002,93.209999,91.129997,93.080002,44.609787,8527400
2007-12-14,92.5,92.959999,91.910004,92.019997,44.101761,11090600
2007-12-17,91.699997,91.760002,89.580002,89.980003,43.124069,8210000
2007-12-18,90.599998,91.629997,89.610001,91.190002,43.703987,8744300
2007-12-19,91.389999,92.120003,90.32,90.900002,43.564987,8325200
2007-12-20,90.93,92.519997,90.900002,92.050003,44.116154,6188100
2007-12-21,92.300003,94.68,92.260002,94.040001,45.069866,13596000
2007-12-24,93.629997,94.790001,93.629997,94.480003,45.280758,2917500
2007-12-26,94.309998,95.199997,94.309998,94.839996,45.453293,7477600
2007-12-27,95.080002,95.080002,93.650002,93.75,44.930912,8155100
2007-12-28,94.010002,94.93,93.300003,94.860001,45.462872,7895000
2007-12-31,94.370003,94.580002,93.010002,93.330002,44.729588,5086600
2008-01-02,93.959999,94.690002,92.709999,93.459999,44.791908,9058000
2008-01-03,93.800003,94.839996,93.459999,94.610001,45.343048,10479200
2008-01-04,93.879997,95.209999,93.199997,93.349998,44.739178,13103800
2008-01-07,93.739998,93.739998,91.150002,92.129997,44.154491,12892200
2008-01-08,92.410004,93.379997,90.580002,90.949997,43.588966,10987700
2008-01-09,90.879997,92.75,90.550003,92.57,44.36536,12448200
2008-01-10,91.599998,92.099998,90.139999,91.900002,44.044239,13786500
2008-01-11,91.599998,92.57,90.230003,90.669998,43.454754,10575000
2008-01-14,91.220001,91.849998,90.410004,90.910004,43.569775,9968600
2008-01-15,89.959999,90.050003,88.150002,88.269997,42.304535,13693400
2008-01-16,87.690002,88.379997,85.209999,86.25,41.33643,15709400
2008-01-17,86.5,87.169998,82.099998,82.75,39.658997,18910400
2008-01-18,82.75,84.980003,80.879997,83.459999,39.999275,18869200
2008-01-22,78.230003,82.370003,76.839996,81.25,38.940117,20897900
2008-01-23,78.760002,81.480003,76.400002,81.449997,39.03595,20405300
2008-01-24,81.849998,83.690002,81.139999,83.669998,40.099926,13949600
2008-01-25,84.68,85.0,81.440002,81.82,39.213303,14050100
2008-01-28,81.129997,83.260002,80.230003,82.860001,39.711716,9749400
2008-01-29,83.209999,83.720001,81.900002,82.599998,39.587112,9187700
2008-01-30,82.110001,85.230003,81.93,83.230003,39.889046,9415400
2008-01-31,82.099998,84.5,81.239998,83.25,39.898647,12634300
2008-02-01,84.709999,84.93,81.529999,82.489998,39.534389,16063300
2008-02-04,82.510002,82.980003,81.010002,82.019997,39.309143,10299100
2008-02-05,80.730003,80.989998,79.610001,79.739998,38.216423,15682500
2008-02-06,80.129997,80.550003,77.239998,77.510002,37.147675,15108200
2008-02-07,77.110001,79.239998,76.510002,78.739998,37.737167,12570900
2008-02-08,79.290001,79.480003,78.389999,79.260002,37.986366,8281700
2008-02-11,80.220001,80.470001,78.510002,80.43,38.547112,17626800
2008-02-12,80.839996,82.330002,80.410004,81.120003,38.877808,12330400
2008-02-13,80.919998,82.290001,80.290001,82.120003,39.640488,12149400
2008-02-14,82.980003,83.580002,82.599998,82.839996,39.988026,11190400
2008-02-15,82.519997,83.690002,81.699997,83.599998,40.354897,26988700
2008-02-19,84.389999,85.489998,84.25,84.830002,40.948654,12002500
2008-02-20,83.989998,86.860001,83.699997,86.339996,41.67754,13217100
2008-02-21,85.57,86.510002,84.330002,84.779999,40.924496,12189400
2008-02-22,85.269997,85.739998,83.690002,85.419998,41.233463,12154700
2008-02-25,85.540001,87.589996,85.309998,87.18,42.083023,11813500
2008-02-26,86.75,88.400002,86.290001,88.120003,42.536777,12672600
2008-02-27,87.43,88.940002,87.43,88.220001,42.585052,9731900
2008-02-28,88.220001,89.290001,87.769997,89.019997,42.971218,8990300
2008-02-29,88.470001,88.599998,85.980003,86.660004,41.832005,12983700
2008-03-03,86.379997,87.919998,85.839996,87.199997,42.092678,9859700
2008-03-04,86.660004,87.699997,85.059998,86.730003,41.865784,13698300
2008-03-05,87.029999,88.860001,86.669998,88.790001,42.860203,16220500
2008-03-06,88.529999,89.0,87.18,87.800003,42.382301,14296500
2008-03-07,87.230003,87.489998,84.650002,85.260002,41.1562,15910600
2008-03-10,85.550003,85.970001,84.349998,84.730003,40.900383,11854100
2008-03-11,85.709999,88.330002,85.699997,88.160004,42.556087,13477100
2008-03-12,87.5,88.580002,86.559998,86.730003,41.865784,10956900
2008-03-13,86.0,87.610001,85.410004,87.040001,42.015427,10964800
2008-03-14,87.510002,87.639999,84.089996,85.339996,41.194824,15842000
2008-03-17,83.470001,84.989998,82.440002,84.190002,40.639713,15926800
2008-03-18,85.110001,86.120003,84.529999,86.120003,41.571354,13429600
2008-03-19,86.139999,86.839996,81.800003,81.889999,39.529472,14797100
2008-03-20,81.279999,84.07,80.870003,83.209999,40.166641,18373200
2008-03-24,83.379997,84.790001,82.919998,84.010002,40.552822,9971900
2008-03-25,84.269997,84.839996,83.709999,84.540001,40.808655,12123000
2008-03-26,84.620003,85.690002,84.480003,84.959999,41.011375,11674800
2008-03-27,85.32,86.949997,84.269997,84.400002,40.741085,9148200
2008-03-28,84.889999,85.580002,83.919998,84.5,40.789341,7522200
2008-03-31,84.949997,85.93,84.32,85.360001,41.204491,10192000
2008-04-01,85.080002,86.889999,84.57,86.739998,41.870602,11069000
2008-04-02,86.650002,88.190002,85.419998,87.510002,42.242321,10681700
2008-04-03,86.910004,88.800003,86.760002,87.720001,42.343678,9823600
2008-04-04,88.029999,88.660004,87.699997,88.050003,42.502983,9750500
2008-04-07,88.650002,89.370003,88.120003,88.269997,42.609196,8328300
2008-04-08,87.900002,89.370003,87.760002,89.279999,43.096725,7393100
2008-04-09,89.510002,90.529999,89.43,89.949997,43.420151,10708500
2008-04-10,90.190002,90.400002,88.93,89.599998,43.251205,9119700
2008-04-11,89.029999,89.769997,88.610001,88.800003,42.865017,7441800
2008-04-14,88.800003,89.400002,88.550003,89.300003,43.106373,7182100
2008-04-15,89.699997,90.279999,89.150002,90.169998,43.526337,8401300
2008-04-16,90.330002,92.080002,90.18,91.93,44.375904,11915100
2008-04-17,91.199997,92.620003,91.169998,91.989998,44.404888,9127200
2008-04-18,91.760002,93.32,91.699997,93.18,44.979286,10182100
2008-04-21,93.150002,93.449997,92.110001,92.699997,44.747608,8558800
2008-04-22,92.489998,94.5,92.470001,94.029999,45.389622,11475600
2008-04-23,94.25,94.629997,93.480003,94.480003,45.606838,13022700
2008-04-24,93.879997,93.989998,91.910004,92.400002,44.602787,12930400
2008-04-25,92.660004,93.239998,91.230003,92.690002,44.742798,12739600
2008-04-28,92.800003,93.43,92.269997,92.5,44.65107,7163400
2008-04-29,92.610001,95.32,92.610001,94.739998,45.732342,19505100
2008-04-30,95.059998,97.279999,95.059998,96.150002,46.412975,19536000
2008-05-01,94.860001,95.449997,93.43,94.940002,45.828888,15253100
2008-05-02,95.529999,95.849998,94.639999,95.32,46.012306,10309200
2008-05-05,95.330002,96.870003,95.230003,95.620003,46.157131,9059300
2008-05-06,95.089996,96.980003,95.089996,96.870003,46.760536,10892600
2008-05-07,96.760002,96.800003,95.139999,95.279999,45.992992,14912600
2008-05-08,95.5,97.849998,95.300003,97.440002,47.035664,15074600
2008-05-09,97.5,97.900002,96.199997,97.389999,47.011524,11310200
2008-05-12,97.199997,97.589996,96.459999,97.360001,46.997063,9374300
2008-05-13,97.419998,97.980003,96.309998,97.730003,47.175655,10634000
2008-05-14,97.980003,99.0,97.510002,97.720001,47.170834,13401400
2008-05-15,98.480003,98.599998,97.410004,98.489998,47.860874,13434500
2008-05-16,99.019997,100.470001,98.889999,100.379997,48.779297,16302200
2008-05-19,100.620003,102.809998,100.410004,102.199997,49.663734,12910200
2008-05-20,102.760002,103.25,102.220001,103.089996,50.096226,16271500
2008-05-21,103.25,104.629997,102.690002,103.019997,50.062222,21994300
2008-05-22,102.849998,103.419998,101.720001,101.910004,49.522797,17384100
2008-05-23,102.120003,102.589996,100.5,100.730003,48.949394,11484000
2008-05-27,99.949997,100.279999,98.559998,99.580002,48.390533,12823600
2008-05-28,98.860001,100.580002,98.57,100.419998,48.79874,10504000
2008-05-29,100.040001,100.5,98.830002,98.860001,48.04068,13167300
2008-05-30,99.129997,99.489998,98.349998,99.150002,48.181614,11884200
2008-06-02,98.82,99.699997,97.82,99.370003,48.288517,11651400
2008-06-03,99.040001,100.220001,97.629997,97.860001,47.554745,12689500
2008-06-04,97.18,97.720001,95.529999,96.040001,46.670319,13750600
2008-06-05,96.400002,100.239998,96.400002,99.989998,48.589783,13919900
2008-06-06,100.610001,102.150002,98.360001,99.5,48.351677,18575700
2008-06-09,99.949997,101.300003,99.5,101.199997,49.177799,11535600
2008-06-10,100.57,101.190002,97.660004,98.779999,48.001797,15472800
2008-06-11,99.550003,99.980003,98.269997,99.419998,48.312801,11541400
2008-06-12,98.870003,98.870003,97.57,98.059998,47.651924,13285400
2008-06-13,97.449997,99.730003,97.010002,99.400002,48.303093,9358000
2008-06-16,99.510002,100.900002,99.110001,99.489998,48.346809,7555400
2008-06-17,99.800003,100.889999,99.059998,100.370003,48.774464,9164800
2008-06-18,99.93,100.309998,97.830002,99.260002,48.235062,13018400
2008-06-19,99.559998,100.040001,96.860001,96.860001,47.068798,15344100
2008-06-20,97.32,98.080002,96.089996,96.620003,46.952148,15029800
2008-06-23,96.029999,99.139999,96.029999,99.059998,48.137863,12180900
2008-06-24,98.580002,99.529999,98.019997,98.639999,47.933777,10485900
2008-06-25,98.809998,100.169998,97.349998,99.360001,48.283653,14182900
2008-06-26,99.129997,100.220001,97.410004,97.410004,47.336052,14626300
2008-06-27,97.330002,99.32,97.330002,97.800003,47.525578,17074300
2008-06-30,98.300003,99.519997,97.510002,99.129997,48.17186,12341600
2008-07-01,98.260002,99.610001,97.730003,99.080002,48.147591,13429300
2008-07-02,99.099998,100.0,97.169998,97.419998,47.3409,17580000
2008-07-03,97.790001,99.43,97.0,98.629997,47.928886,9401200
2008-07-07,98.110001,99.349998,95.800003,96.82,47.04932,15276600
2008-07-08,96.059998,97.040001,94.550003,95.790001,46.548801,19460800
2008-07-09,96.290001,96.790001,93.730003,93.910004,45.635235,14296700
2008-07-10,93.739998,96.25,92.529999,96.25,46.77235,18101500
2008-07-11,94.959999,95.589996,91.160004,92.25,44.82856,17382000
2008-07-14,92.610001,93.309998,91.5,92.800003,45.095833,11684600
2008-07-15,92.239998,92.839996,89.139999,89.419998,43.453335,15262400
2008-07-16,89.339996,89.599998,86.07,86.389999,41.980938,20202600
2008-07-17,86.139999,86.75,83.970001,85.669998,41.631027,20537500
2008-07-18,85.93,87.080002,85.199997,86.050003,41.815716,16142900
2008-07-21,86.57,86.949997,85.480003,86.910004,42.233616,16626000
2008-07-22,86.519997,87.510002,85.129997,85.629997,41.611595,15075700
2008-07-23,85.75,85.809998,82.330002,82.650002,40.163479,19102700
2008-07-24,82.660004,83.480003,81.529999,82.0,39.84763,18960900
2008-07-25,82.050003,83.970001,81.900002,82.559998,40.119759,14425200
2008-07-28,82.860001,83.470001,82.129997,82.489998,40.085716,10965700
2008-07-29,82.620003,83.690002,81.459999,82.839996,40.255806,14088100
2008-07-30,83.110001,87.419998,82.419998,87.260002,42.403698,17320700
2008-07-31,86.160004,86.989998,84.209999,84.559998,41.091637,15131400
2008-08-01,83.980003,85.459999,83.459999,84.309998,40.970142,13089300
2008-08-04,84.059998,84.760002,82.080002,82.800003,40.236382,16513000
2008-08-05,82.550003,83.300003,80.849998,82.489998,40.085716,21963900
2008-08-06,82.379997,84.82,82.010002,84.559998,41.091637,19538800
2008-08-07,84.82,85.309998,83.32,83.43,40.542519,12616200
2008-08-08,82.870003,84.440002,81.870003,84.400002,41.013901,14089800
2008-08-11,84.599998,85.120003,83.050003,84.080002,40.858395,11412900
2008-08-12,84.839996,84.839996,83.120003,83.559998,40.605682,12681100
2008-08-13,83.419998,86.330002,83.209999,86.239998,41.908024,15342400
2008-08-14,85.860001,87.480003,85.120003,86.580002,42.073265,14385200
2008-08-15,85.440002,85.720001,83.650002,84.25,41.250675,15663700
2008-08-18,84.690002,85.330002,82.809998,83.190002,40.731682,10383200
2008-08-19,82.75,85.330002,82.75,84.709999,41.475906,10872800
2008-08-20,85.32,87.0,84.5,86.459999,42.332741,11681800
2008-08-21,87.25,89.099998,87.139999,88.519997,43.34137,11225000
2008-08-22,87.68,88.779999,87.25,88.099998,43.135738,8574200
2008-08-25,88.580002,88.580002,85.040001,85.510002,41.867599,11343900
2008-08-26,85.800003,86.160004,84.849998,85.790001,42.004692,9351000
2008-08-27,86.730003,87.0,85.809998,86.620003,42.411106,8227700
2008-08-28,87.32,87.489998,85.360001,87.18,42.685265,8859100
2008-08-29,87.620003,87.730003,86.120003,86.32,42.26421,8090400
2008-09-02,84.489998,84.610001,83.209999,83.290001,40.78064,13432900
2008-09-03,83.099998,84.440002,82.940002,84.18,41.216423,10758500
2008-09-04,84.139999,84.379997,80.82,81.220001,39.767136,16527700
2008-09-05,81.0,81.730003,79.110001,80.220001,39.277512,15548100
2008-09-08,81.339996,82.349998,79.669998,81.050003,39.68391,15451800
2008-09-09,80.199997,81.339996,78.75,78.790001,38.577347,21150200
2008-09-10,79.650002,81.720001,79.330002,81.160004,39.73777,17746500
2008-09-11,80.480003,83.0,79.629997,82.800003,40.540741,16350800
2008-09-12,82.900002,84.480003,82.470001,84.239998,41.245773,13390100
2008-09-15,81.160004,83.800003,80.089996,80.089996,39.213856,17357200
2008-09-16,78.839996,82.370003,77.5,81.860001,40.080486,20753300
2008-09-17,81.0,83.900002,79.5,80.050003,39.194275,23254500
2008-09-18,81.360001,83.5,78.879997,82.879997,40.579895,23377400
2008-09-19,85.559998,88.110001,83.709999,87.800003,42.98885,23962500
2008-09-22,88.220001,89.75,86.75,87.330002,42.758717,14625700
2008-09-23,87.160004,88.389999,84.889999,85.459999,41.843113,14616700
2008-09-24,85.739998,86.589996,84.849998,85.230003,41.730515,11233800
2008-09-25,85.099998,88.169998,85.099998,87.470001,42.827263,13789200
2008-09-26,86.0,87.120003,84.910004,86.949997,42.572647,11869600
2008-09-29,85.019997,85.510002,77.5,77.5,37.945728,23971900
2008-09-30,78.849998,82.690002,78.599998,82.480003,40.384045,20128900
2008-10-01,81.510002,83.089996,78.470001,82.199997,40.246971,14632000
2008-10-02,81.5,81.989998,78.870003,79.559998,38.95435,18821200
2008-10-03,79.959999,83.699997,79.07,79.379997,38.866234,18840900
2008-10-06,77.639999,77.849998,72.660004,76.839996,37.622578,26033800
2008-10-07,78.019997,78.550003,72.550003,73.349998,35.913799,24464700
2008-10-08,72.129997,77.160004,70.400002,73.099998,35.791389,28049100
2008-10-09,73.75,73.879997,64.0,64.0,31.335833,26965700
2008-10-10,60.5,64.760002,55.5,57.830002,28.314852,48207200
2008-10-13,60.169998,70.489998,59.43,69.889999,34.219711,31001300
2008-10-14,72.68,74.0,65.150002,68.540001,33.558712,27089600
2008-10-15,66.480003,66.480003,58.419998,59.98,29.367548,25129900
2008-10-16,60.66,64.389999,55.619999,63.099998,30.895174,31798100
2008-10-17,61.549999,67.410004,59.490002,62.349998,30.527954,21723500
2008-10-20,64.099998,70.0,64.0,69.610001,34.082615,18288900
2008-10-21,67.639999,69.379997,65.0,66.800003,32.706776,17534200
2008-10-22,63.889999,64.839996,60.119999,61.740002,30.229286,22243900
2008-10-23,62.880001,67.099998,60.41,66.769997,32.692085,26944100
2008-10-24,61.009998,65.459999,60.57,63.91,31.291756,19774700
2008-10-27,62.580002,66.480003,60.880001,61.709999,30.214586,18276000
2008-10-28,63.720001,70.870003,61.139999,70.019997,34.283352,25094800
2008-10-29,70.220001,74.32,69.410004,71.0,34.763172,25863100
2008-10-30,72.110001,74.889999,70.82,74.18,36.320175,21848900
2008-10-31,73.860001,75.980003,72.199997,74.599998,36.525818,20506400
2008-11-03,73.440002,74.889999,72.669998,73.690002,36.080273,10465700
2008-11-04,75.419998,78.919998,74.800003,78.190002,38.283585,20119000
2008-11-05,76.730003,78.349998,74.0,74.879997,36.662922,16408800
2008-11-06,73.879997,74.860001,69.029999,70.110001,34.327431,21394000
2008-11-07,70.809998,73.989998,70.599998,73.459999,35.967659,15931900
2008-11-10,75.220001,76.080002,72.809998,74.339996,36.398525,13283400
2008-11-11,72.629997,75.0,71.559998,73.540001,36.006824,15789400
2008-11-12,71.980003,72.870003,67.129997,67.279999,32.941799,22447700
2008-11-13,67.660004,76.110001,65.879997,75.709999,37.069302,28513000
2008-11-14,73.940002,77.349998,69.989998,72.68,35.893909,26612200
2008-11-17,72.099998,73.57,70.599998,70.779999,34.95557,20960500
2008-11-18,70.980003,74.050003,70.0,73.400002,36.249496,23618700
2008-11-19,73.139999,75.0,70.349998,70.610001,34.871616,21997100
2008-11-20,69.129997,71.25,64.269997,64.400002,31.804733,34193700
2008-11-21,65.459999,71.040001,64.269997,70.489998,34.812355,34759400
2008-11-24,71.660004,77.75,70.160004,74.300003,36.693974,27518000
2008-11-25,75.190002,77.580002,74.290001,76.529999,37.795288,22015200
2008-11-26,75.860001,80.0,75.269997,79.93,39.474426,19665100
2008-11-28,78.25,79.25,76.93,79.010002,39.020065,8647200
2008-12-01,76.5,76.650002,72.010002,72.019997,35.567974,22692700
2008-12-02,73.739998,76.949997,73.040001,75.540001,37.30637,21058800
2008-12-03,73.699997,75.230003,73.0,74.739998,36.911266,22581800
2008-12-04,73.440002,74.949997,70.510002,71.760002,35.439556,21416300
2008-12-05,70.849998,75.269997,68.220001,74.419998,36.753235,22882300
2008-12-08,76.029999,79.279999,75.879997,78.089996,38.565697,21955800
2008-12-09,77.279999,78.589996,75.220001,75.559998,37.316238,19682700
2008-12-10,76.800003,79.400002,76.43,78.440002,38.738575,17651800
2008-12-11,79.010002,81.919998,78.699997,79.459999,39.242306,20550500
2008-12-12,77.120003,80.589996,76.720001,79.0,39.015141,17806400
2008-12-15,80.190002,80.610001,77.07,78.209999,38.624969,16509100
2008-12-16,78.949997,80.059998,77.959999,79.010002,39.020065,23253700
2008-12-17,78.449997,79.0,76.5,76.82,37.938503,20739500
2008-12-18,76.5,76.739998,72.230003,73.029999,36.066772,21474100
2008-12-19,73.57,74.650002,70.839996,70.849998,34.990143,31349800
2008-12-22,71.599998,72.0,68.559998,69.389999,34.269104,16863100
2008-12-23,70.099998,70.790001,68.849998,69.199997,34.175274,14150500
2008-12-24,68.790001,69.989998,68.379997,69.620003,34.38269,3717800
2008-12-26,69.919998,70.589996,69.459999,70.349998,34.74321,6761900
2008-12-29,71.25,71.730003,70.410004,71.550003,35.33585,8994900
2008-12-30,71.5,73.489998,71.25,73.379997,36.239624,10002700
2008-12-31,72.900002,74.629997,72.900002,73.970001,36.531006,9964300
2009-01-02,74.230003,77.300003,73.580002,76.519997,37.790367,13695900
2009-01-05,76.160004,78.370003,75.739998,76.660004,37.859482,16954500
2009-01-06,77.559998,78.449997,76.330002,77.349998,38.200241,15894500
2009-01-07,76.410004,77.07,73.330002,73.959999,36.52607,12804300
2009-01-08,73.610001,74.839996,73.220001,74.239998,36.664337,11397200
2009-01-09,73.879997,74.0,72.199997,72.82,35.963058,14182600
2009-01-12,72.230003,72.610001,70.440002,70.82,34.975327,14195500
2009-01-13,70.580002,72.699997,70.580002,71.82,35.469204,14378800
2009-01-14,70.809998,71.18,68.830002,69.690002,34.417263,15142400
2009-01-15,69.699997,71.25,68.25,70.769997,34.950645,19293100
2009-01-16,72.080002,72.940002,70.379997,71.739998,35.429684,15594800
2009-01-20,70.93,72.199997,68.0,68.309998,33.735733,16084200
2009-01-21,68.43,71.489998,68.410004,71.230003,35.177814,15889900
2009-01-22,69.919998,70.970001,68.279999,69.949997,34.54567,14320100
2009-01-23,68.400002,71.110001,68.18,70.82,34.975327,13422100
2009-01-26,71.43,72.389999,70.129997,71.290001,35.207443,14023100
2009-01-27,71.279999,72.629997,70.82,72.089996,35.602535,13632700
2009-01-28,72.989998,74.019997,71.959999,73.790001,36.442108,14649100
2009-01-29,72.510002,72.690002,70.610001,70.620003,34.87656,15780500
2009-01-30,72.300003,72.699997,70.18,70.519997,34.827171,17880000
2009-02-02,69.519997,70.849998,69.120003,70.290001,34.713581,12445000
2009-02-03,70.57,71.790001,69.940002,71.639999,35.380295,12509600
2009-02-04,72.290001,72.93,71.010002,71.599998,35.360542,12058000
2009-02-05,71.480003,73.419998,70.970001,73.25,36.175426,14933800
2009-02-06,72.580002,75.0,72.290001,74.900002,36.990292,13345400
2009-02-09,74.410004,75.559998,73.589996,74.419998,36.753235,14894400
2009-02-10,74.360001,75.239998,70.559998,71.120003,35.123497,20150600
2009-02-11,71.470001,72.099998,70.279999,71.260002,35.192638,15533700
2009-02-12,69.949997,70.059998,67.940002,69.860001,34.81881,17237200
2009-02-13,69.709999,70.739998,63.0,69.730003,34.754051,10852400
2009-02-17,67.230003,67.93,66.110001,66.18,32.984688,18834600
2009-02-18,66.489998,67.199997,65.599998,66.120003,32.954788,12564000
2009-02-19,65.989998,67.709999,65.989998,66.68,33.233879,10164600
2009-02-20,65.480003,66.209999,63.73,65.07,32.43145,19885500
2009-02-23,65.989998,66.860001,62.57,62.939999,31.369833,18809700
2009-02-24,63.27,65.830002,62.580002,65.279999,32.536121,19231300
2009-02-25,65.300003,65.620003,63.259998,63.5,31.648941,26680400
2009-02-26,64.360001,65.290001,62.93,63.169998,31.484455,15711000
2009-02-27,61.91,62.759998,60.57,60.709999,30.258387,20502100
2009-03-02,59.369999,60.189999,57.599998,57.619999,28.718309,19315900
2009-03-03,58.48,59.169998,57.369999,57.73,28.77313,19266800
2009-03-04,59.060001,60.439999,58.849998,59.279999,29.545654,19092400
2009-03-05,58.060001,58.259998,56.119999,56.459999,28.140158,22266000
2009-03-06,57.529999,59.360001,56.470001,58.27,29.042271,22099300
2009-03-09,57.630001,59.59,57.509998,58.279999,29.047241,17666400
2009-03-10,59.889999,61.779999,59.279999,61.779999,30.791677,21943900
2009-03-11,61.099998,62.799999,60.34,61.220001,30.512575,15360800
2009-03-12,61.709999,63.509998,61.139999,63.400002,31.599112,15602800
2009-03-13,63.880001,63.98,62.099998,62.91,31.354891,14355400
2009-03-16,61.66,64.199997,61.66,62.939999,31.369833,13272000
2009-03-17,63.110001,65.339996,62.43,65.309998,32.551056,14726900
2009-03-18,64.699997,66.980003,63.959999,66.589996,33.189041,17843100
2009-03-19,68.25,69.199997,66.830002,67.129997,33.458164,17221600
2009-03-20,67.540001,67.980003,64.269997,64.709999,32.252026,23811700
2009-03-23,65.910004,69.18,65.75,69.150002,34.464962,20321200
2009-03-24,68.239998,69.989998,68.209999,68.970001,34.375229,15391900
2009-03-25,69.349998,70.18,67.839996,69.699997,34.739067,16723400
2009-03-26,70.589996,70.919998,69.160004,70.169998,34.973335,15904600
2009-03-27,69.080002,69.589996,68.5,68.900002,34.340355,12842400
2009-03-30,67.540001,67.889999,65.959999,66.800003,33.293701,14304800
2009-03-31,67.440002,68.529999,66.779999,67.239998,33.512997,18691400
2009-04-01,66.0,68.699997,65.830002,68.300003,34.041309,14299000
2009-04-02,70.0,71.290001,69.510002,70.309998,35.04311,18069100
2009-04-03,69.900002,70.919998,69.419998,70.480003,35.127834,11574700
2009-04-06,69.739998,70.050003,68.669998,69.889999,34.833778,10430600
2009-04-07,69.059998,69.169998,67.919998,68.400002,34.091148,11086000
2009-04-08,67.730003,69.089996,67.410004,68.480003,34.131023,11238900
2009-04-09,69.559998,69.860001,68.519997,69.230003,34.504837,11057900
2009-04-13,67.449997,68.160004,66.519997,67.980003,33.881813,12614700
2009-04-14,66.879997,67.370003,66.040001,66.580002,33.18404,12971500
2009-04-15,66.43,66.949997,65.589996,66.699997,33.243855,11219200
2009-04-16,67.150002,67.160004,65.110001,65.93,32.860085,11959400
2009-04-17,66.419998,66.739998,65.730003,66.010002,32.899956,12660500
2009-04-20,65.300003,65.400002,63.740002,63.869999,31.83337,11753300
2009-04-21,63.549999,64.959999,63.060001,64.879997,32.336746,12569800
2009-04-22,64.330002,64.870003,63.549999,63.75,31.77355,11932800
2009-04-23,64.440002,65.730003,64.0,65.529999,32.660713,12370800
2009-04-24,66.239998,67.339996,66.010002,66.599998,33.194008,12615100
2009-04-27,65.32,66.040001,64.830002,65.410004,32.600918,12303400
2009-04-28,64.800003,66.940002,64.620003,65.989998,32.889984,9261500
2009-04-29,66.599998,67.709999,66.089996,67.559998,33.672482,11666100
2009-04-30,68.0,68.0,65.300003,66.099998,32.944813,14107700
2009-05-01,66.059998,67.07,65.370003,66.870003,33.328587,12003200
2009-05-04,67.339996,68.209999,66.279999,66.68,33.233879,15224400
2009-05-05,66.760002,66.959999,65.389999,65.75,32.770363,12678800
2009-05-06,66.489998,68.349998,66.400002,68.110001,33.946625,14107200
2009-05-07,68.620003,69.0,67.480003,67.980003,33.881813,12338700
2009-05-08,68.589996,70.940002,68.589996,70.379997,35.078003,13931400
2009-05-11,69.290001,69.300003,67.730003,68.0,33.891788,13520700
2009-05-12,68.82,69.559998,68.019997,69.190002,34.484901,11313500
2009-05-13,68.190002,69.0,67.580002,68.099998,33.94165,12437000
2009-05-14,67.660004,68.43,67.300003,67.849998,33.817024,10051900
2009-05-15,66.919998,67.0,65.5,65.879997,33.152763,12322900
2009-05-18,66.639999,66.68,65.68,66.029999,33.228245,13480100
2009-05-19,65.980003,66.25,65.660004,65.860001,33.142689,14223600
2009-05-20,66.400002,66.879997,65.050003,65.209999,32.815598,17617900
2009-05-21,64.529999,64.900002,63.849998,64.470001,32.443214,12463000
2009-05-22,64.75,65.769997,64.360001,64.440002,32.42812,8779000
2009-05-26,63.810001,65.660004,63.57,65.660004,33.042049,12018200
2009-05-27,65.690002,66.239998,64.389999,64.57,32.49353,12209300
2009-05-28,65.050003,66.349998,64.260002,65.809998,33.117531,12182800
2009-05-29,66.550003,66.940002,65.900002,66.669998,33.550312,12171400
2009-06-01,67.800003,69.669998,67.440002,69.209999,34.828522,14222500
2009-06-02,69.099998,69.739998,68.82,69.349998,34.898972,10311000
2009-06-03,68.730003,68.989998,67.25,68.260002,34.350449,14907700
2009-06-04,68.970001,69.849998,68.480003,69.790001,35.120392,11298900
2009-06-05,69.940002,70.589996,68.879997,69.370003,34.909031,11204400
2009-06-08,69.0,69.980003,68.629997,69.580002,35.014721,9557700
2009-06-09,70.059998,70.620003,69.489998,70.190002,35.321686,10021900
2009-06-10,71.0,71.5,69.449997,70.220001,35.336765,14356300
2009-06-11,70.360001,72.5,70.190002,71.900002,36.182198,14600000
2009-06-12,71.190002,72.75,70.690002,72.669998,36.569683,13931600
2009-06-15,71.959999,71.959999,70.360001,71.080002,35.76955,13317100
2009-06-16,71.699997,71.720001,69.830002,69.879997,35.165688,11267000
2009-06-17,69.440002,69.879997,68.459999,68.830002,34.637287,15484700
2009-06-18,68.550003,69.269997,68.0,68.43,34.435986,10478700
2009-06-19,68.82,68.919998,67.370003,68.059998,34.249798,16452900
2009-06-22,67.080002,67.300003,65.639999,65.760002,33.092369,16404600
2009-06-23,66.150002,66.75,65.589996,65.959999,33.193024,13029800
2009-06-24,66.339996,67.089996,65.449997,65.720001,33.07225,11633300
2009-06-25,65.5,67.300003,65.220001,66.870003,33.650963,12828800
2009-06-26,66.610001,66.610001,65.779999,65.949997,33.187984,11011600
2009-06-29,66.410004,67.089996,66.080002,66.879997,33.656002,10288800
2009-06-30,66.940002,67.480003,65.519997,66.25,33.338963,12772700
2009-07-01,66.93,67.870003,66.389999,66.519997,33.474823,10397100
2009-07-02,65.610001,65.779999,64.419998,64.419998,32.418041,10747800
2009-07-06,63.689999,64.279999,62.57,64.139999,32.277142,10673300
2009-07-07,63.93,64.089996,62.66,62.700001,31.552483,9519400
2009-07-08,62.669998,63.169998,61.900002,62.779999,31.592751,11905600
2009-07-09,63.619999,63.650002,62.779999,63.080002,31.743719,8580300
2009-07-10,61.759998,61.799999,60.880001,61.400002,30.898296,16790000
2009-07-13,61.459999,62.48,60.91,62.439999,31.421648,15929100
2009-07-14,63.0,63.34,62.369999,63.0,31.703457,12881000
2009-07-15,64.150002,64.730003,64.0,64.57,32.49353,13601500
2009-07-16,64.260002,65.089996,64.010002,64.889999,32.654572,10292100
2009-07-17,64.720001,65.339996,64.220001,65.120003,32.770306,11911100
2009-07-20,65.690002,66.120003,65.110001,65.639999,33.031982,9632300
2009-07-21,66.339996,66.550003,65.400002,66.25,33.338963,9759500
2009-07-22,65.540001,66.879997,65.400002,65.940002,33.182972,9911400
2009-07-23,65.970001,68.089996,65.919998,67.889999,34.164253,11272000
2009-07-24,67.660004,68.599998,67.440002,68.43,34.435986,8897100
2009-07-27,68.620003,68.989998,68.220001,68.849998,34.647354,7844300
2009-07-28,68.209999,68.529999,67.540001,68.339996,34.390697,10773100
2009-07-29,67.5,67.82,66.459999,67.120003,33.776775,10749700
2009-07-30,67.93,68.5,67.010002,67.699997,34.068634,11541900
2009-07-31,67.150002,69.690002,67.010002,69.470001,34.959354,16302600
2009-08-03,70.260002,70.540001,69.809998,70.400002,35.427368,13222100
2009-08-04,69.970001,70.449997,69.639999,70.410004,35.432392,9692400
2009-08-05,70.419998,70.489998,69.400002,69.790001,35.120392,9231300
2009-08-06,69.860001,69.879997,68.709999,69.25,34.848637,8660700
2009-08-07,69.68,70.150002,69.150002,69.5,34.974453,9086500
2009-08-10,69.279999,69.790001,68.839996,69.230003,34.838585,7914600
2009-08-11,68.830002,69.099998,67.68,67.940002,34.189423,9080700
2009-08-12,68.110001,69.230003,68.019997,68.720001,34.581924,8962200
2009-08-13,69.059998,69.059998,68.07,68.529999,34.486317,8299700
2009-08-14,68.57,68.669998,67.589996,68.629997,34.536633,8835100
2009-08-17,66.650002,67.07,66.349998,66.589996,33.845398,13435800
2009-08-18,66.559998,67.089996,66.5,66.940002,34.023293,7872300
2009-08-19,66.25,68.5,66.059998,68.160004,34.643375,11183300
2009-08-20,68.32,68.779999,68.010002,68.620003,34.877193,7957000
2009-08-21,69.459999,69.949997,69.059998,69.730003,35.441353,15265900
2009-08-24,70.099998,70.940002,69.910004,70.760002,35.964867,9749000
2009-08-25,71.129997,71.5,70.360001,70.650002,35.908966,11391400
2009-08-26,70.099998,71.199997,69.769997,71.089996,36.132595,7233600
2009-08-27,70.709999,71.220001,69.540001,71.0,36.086857,8321900
2009-08-28,71.290001,71.400002,70.410004,70.68,35.924206,7307000
2009-08-31,69.989998,70.379997,69.43,69.940002,35.54808,8048200
2009-09-01,69.690002,70.269997,68.279999,68.480003,34.806023,11748200
2009-09-02,68.400002,69.150002,68.0,68.040001,34.582397,8070700
2009-09-03,68.419998,68.650002,67.959999,68.330002,34.729782,7238400
2009-09-04,68.169998,69.120003,68.150002,68.959999,35.049992,6137600
2009-09-08,69.730003,70.690002,69.709999,70.480003,35.822563,9683100
2009-09-09,70.68,71.029999,69.940002,70.330002,35.746315,8028300
2009-09-10,70.889999,71.739998,70.379997,71.449997,36.315567,9772300
2009-09-11,71.790001,71.959999,70.379997,70.75,35.959778,9905800
2009-09-14,69.940002,71.129997,69.82,71.040001,36.107178,7194400
2009-09-15,71.330002,71.699997,70.370003,71.629997,36.407063,10419000
2009-09-16,71.860001,72.599998,71.540001,72.449997,36.823837,11082100
2009-09-17,72.18,72.75,71.809998,71.970001,36.579865,8641400
2009-09-18,72.830002,73.370003,72.5,72.639999,36.92041,16088900
2009-09-21,71.589996,72.389999,71.470001,72.050003,36.620533,9375200
2009-09-22,72.720001,72.970001,72.150002,72.629997,36.915333,7084700
2009-09-23,72.5,72.879997,71.25,71.370003,36.274914,9853100
2009-09-24,71.300003,71.599998,70.160004,70.709999,35.939453,10006100
2009-09-25,70.580002,71.389999,70.360001,70.660004,35.914032,7253000
2009-09-28,70.790001,71.970001,70.550003,71.699997,36.442638,6022900
2009-09-29,71.5,71.800003,70.790001,70.910004,36.041119,7859100
2009-09-30,71.120003,71.139999,69.769997,70.43,35.797146,13851300
2009-10-01,70.400002,70.400002,68.699997,68.809998,34.973755,9249900
2009-10-02,68.220001,68.790001,68.029999,68.139999,34.633205,8963500
2009-10-05,68.269997,69.800003,67.870003,69.389999,35.268547,9777800
2009-10-06,70.139999,70.849998,69.529999,70.559998,35.863201,8461400
2009-10-07,70.309998,70.690002,69.489998,70.510002,35.837788,6933700
2009-10-08,70.889999,71.82,70.699997,71.449997,36.315567,10122200
2009-10-09,71.940002,72.940002,71.449997,72.760002,36.981396,8812300
2009-10-12,73.190002,74.099998,73.139999,73.669998,37.443928,6790200
2009-10-13,73.730003,74.410004,73.230003,74.07,37.647232,9040600
2009-10-14,74.879997,75.739998,74.550003,75.459999,38.353733,9284200
2009-10-15,75.190002,76.860001,75.019997,76.690002,38.978897,10286700
2009-10-16,76.370003,76.989998,75.980003,76.809998,39.039883,9872000
2009-10-19,76.940002,78.050003,76.540001,77.660004,39.471893,8213600
2009-10-20,77.709999,77.709999,76.32,77.029999,39.151699,8161100
2009-10-21,76.599998,78.360001,75.720001,76.970001,39.121204,8670700
2009-10-22,76.610001,77.730003,76.0,77.290001,39.283836,12671400
2009-10-23,77.139999,77.379997,76.199997,76.68,38.973797,8329200
2009-10-26,76.959999,78.440002,75.339996,75.449997,38.34864,11143100
2009-10-27,75.82,77.25,75.480003,76.589996,38.928047,9573800
2009-10-28,76.389999,77.040001,75.629997,75.889999,38.572262,11992600
2009-10-29,76.160004,78.220001,75.68,77.949997,39.619308,14869300
2009-10-30,78.25,78.5,75.57,76.540001,38.902637,19335400
2009-11-02,76.860001,77.599998,75.730003,76.639999,38.953449,11207900
2009-11-03,75.809998,77.330002,75.559998,76.699997,38.983971,8714500
2009-11-04,77.099998,77.5,76.0,76.279999,38.770496,10695700
2009-11-05,76.620003,77.75,76.550003,77.239998,39.258446,9346100
2009-11-06,76.57,77.580002,76.18,77.529999,39.405823,7746600
2009-11-09,78.290001,78.379997,77.5,77.660004,39.471893,13749300
2009-11-10,77.410004,78.440002,77.349998,78.339996,39.817516,10638200
2009-11-11,78.870003,79.139999,78.0,78.510002,39.903927,7912700
2009-11-12,78.32,78.599998,77.07,77.419998,39.349911,8604200
2009-11-13,77.300003,78.510002,77.25,77.940002,39.614231,7898700
2009-11-16,78.110001,78.860001,77.980003,78.610001,40.306412,8952600
2009-11-17,78.449997,79.040001,78.209999,78.809998,40.40897,6740900
2009-11-18,78.82,78.989998,78.099998,78.919998,40.465351,7309200
2009-11-19,78.519997,78.68,76.940002,77.339996,39.655231,8863500
2009-11-20,76.849998,77.230003,76.400002,76.769997,39.362965,10630700
2009-11-23,78.309998,79.239998,78.150002,78.739998,40.373066,8986100
2009-11-24,78.730003,79.230003,77.93,79.029999,40.521763,8528300
2009-11-25,79.110001,79.82,78.650002,79.639999,40.834557,7543700
2009-11-27,77.629997,78.730003,77.260002,78.169998,40.080818,5649700
2009-11-30,77.849998,78.669998,77.540001,78.040001,40.014156,9299800
2009-12-01,79.099998,79.419998,78.830002,79.059998,40.537151,7209500
2009-12-02,78.989998,79.010002,78.120003,78.730003,40.367954,6316200
2009-12-03,78.610001,78.82,77.730003,77.959999,39.973141,7624200
2009-12-04,78.739998,79.25,77.519997,78.07,40.02953,9971300
2009-12-07,77.919998,78.919998,77.699997,78.169998,40.080818,7518800
2009-12-08,77.889999,77.980003,76.449997,76.760002,39.357849,9061700
2009-12-09,76.910004,77.309998,76.190002,77.059998,39.511665,7164500
2009-12-10,77.660004,78.339996,77.300003,77.419998,39.696251,10864100
2009-12-11,77.669998,78.169998,77.290001,77.760002,39.870583,6707000
2009-12-14,78.449997,78.709999,77.07,77.260002,39.614227,8525900
2009-12-15,77.019997,77.970001,77.010002,77.370003,39.670609,10296900
2009-12-16,77.900002,78.690002,77.550003,77.889999,39.937241,12169800
2009-12-17,77.489998,77.550003,76.709999,76.779999,39.368118,8997500
2009-12-18,77.419998,77.669998,76.559998,76.900002,39.42963,16605200
2009-12-21,77.599998,78.0,77.269997,77.5,39.737274,6742500
2009-12-22,77.830002,78.040001,77.290001,77.489998,39.732132,6770300
2009-12-23,77.870003,77.93,77.019997,77.040001,39.501411,7342600
2009-12-24,77.019997,77.5,77.019997,77.43,39.701401,2565500
2009-12-28,77.779999,77.900002,77.309998,77.769997,39.875721,4192800
2009-12-29,77.809998,77.940002,77.190002,77.209999,39.588593,4810600
2009-12-30,77.099998,77.669998,77.0,77.650002,39.814201,4300800
2009-12-31,77.720001,77.779999,76.93,76.989998,39.475769,4246600
2010-01-04,78.199997,79.199997,78.160004,79.059998,40.537151,10173800
2010-01-05,79.220001,79.620003,78.720001,79.620003,40.82428,10593700
2010-01-06,79.440002,80.0,79.190002,79.629997,40.829411,11014600
2010-01-07,79.360001,79.699997,78.970001,79.330002,40.675594,9626900
2010-01-08,79.120003,79.470001,78.889999,79.470001,40.747383,5624300
2010-01-11,80.169998,81.089996,80.059998,80.879997,41.470337,11916800
2010-01-12,79.519997,80.449997,79.470001,80.410004,41.229355,12175200
2010-01-13,80.269997,80.410004,79.089996,79.800003,40.916576,10842200
2010-01-14,79.629997,79.800003,79.150002,79.550003,40.788391,6721000
2010-01-15,79.540001,79.690002,78.279999,79.230003,40.62431,13482300
2010-01-19,78.959999,79.75,78.57,79.68,40.855049,8722200
2010-01-20,78.709999,78.93,77.650002,78.150002,40.070545,8703800
2010-01-21,78.150002,78.18,76.059998,76.239998,39.091225,12573200
2010-01-22,75.980003,76.589996,74.43,74.589996,38.245213,13825000
2010-01-25,75.150002,75.269997,74.089996,74.550003,38.224697,9129700
2010-01-26,74.080002,74.879997,73.699997,74.150002,38.019596,10558200
2010-01-27,73.940002,74.360001,73.129997,73.699997,37.788853,13373200
2010-01-28,73.970001,74.18,72.32,73.239998,37.553005,12828800
2010-01-29,73.529999,74.07,71.75,72.120003,36.978722,15265600
2010-02-01,72.699997,73.739998,72.139999,73.580002,37.72736,11828500
2010-02-02,73.739998,74.580002,73.0,74.449997,38.173409,12947600
2010-02-03,74.18,74.360001,73.050003,73.209999,37.537636,14540300
2010-02-04,72.559998,72.830002,71.059998,71.370003,36.594189,15248400
2010-02-05,71.0,71.239998,69.550003,71.18,36.496773,17307000
2010-02-08,71.239998,71.449997,70.129997,70.129997,35.958397,11595600
2010-02-09,70.889999,72.029999,70.82,71.309998,36.563431,13051900
2010-02-10,71.019997,71.230003,70.0,70.75,36.276279,11618700
2010-02-11,70.720001,72.110001,70.309998,71.730003,36.77877,11273800
2010-02-12,70.540001,71.300003,70.169998,71.010002,36.75806,13809100
2010-02-16,71.989998,73.32,71.93,72.989998,37.782993,14230800
2010-02-17,73.220001,73.43,72.459999,72.839996,37.70536,8728000
2010-02-18,72.690002,73.720001,72.339996,73.620003,38.109119,9848000
2010-02-19,73.440002,74.379997,73.209999,74.050003,38.331711,13113200
2010-02-22,74.169998,74.220001,72.790001,72.959999,37.767471,8683400
2010-02-23,72.599998,72.93,71.769997,72.040001,37.291225,11907600
2010-02-24,72.120003,72.449997,71.610001,72.339996,37.446514,8921000
2010-02-25,71.190002,72.190002,70.779999,72.110001,37.32748,11761100
2010-02-26,72.190002,72.690002,71.82,72.300003,37.425831,8978800
2010-03-01,72.629997,73.18,72.389999,72.809998,37.689827,7428100
2010-03-02,73.18,73.910004,73.010002,73.32,37.953835,9257200
2010-03-03,73.629997,73.849998,73.059998,73.129997,37.855465,8194200
2010-03-04,73.07,73.5,72.709999,73.080002,37.829605,9419900
2010-03-05,73.550003,74.470001,73.510002,74.300003,38.461113,8750200
2010-03-08,74.489998,74.879997,74.150002,74.639999,38.637112,6474000
2010-03-09,74.300003,74.910004,74.0,74.300003,38.461113,8480100
2010-03-10,74.139999,74.330002,73.25,73.959999,38.285126,14652900
2010-03-11,74.07,74.089996,73.550003,73.989998,38.300655,7024700
2010-03-12,74.169998,74.239998,73.510002,73.720001,38.160885,7681900
2010-03-15,73.510002,73.629997,72.849998,73.57,38.083233,8807600
2010-03-16,73.900002,74.120003,73.410004,73.980003,38.295479,9828300
2010-03-17,74.18,75.059998,74.160004,74.669998,38.652641,10292000
2010-03-18,74.849998,75.07,74.239998,74.760002,38.69923,9916100
2010-03-19,74.980003,75.160004,73.889999,74.980003,38.813118,16610700
2010-03-22,74.169998,74.879997,74.0,74.459999,38.543964,9317900
2010-03-23,74.43,74.790001,74.029999,74.769997,38.704426,8006700
2010-03-24,74.269997,74.5,73.779999,73.93,38.269596,8997600
2010-03-25,74.400002,74.620003,73.690002,73.800003,38.202309,10510300
2010-03-26,74.0,74.879997,73.82,74.43,38.528423,10411500
2010-03-29,74.610001,75.440002,74.489998,75.230003,38.942535,8818000
2010-03-30,75.269997,75.5,74.959999,75.300003,38.97879,6378100
2010-03-31,75.470001,76.139999,75.080002,75.830002,39.253113,9875500
2010-04-01,76.400002,77.129997,76.339996,76.690002,39.698307,7859300
2010-04-05,76.970001,77.75,76.730003,77.660004,40.200413,8108600
2010-04-06,77.57,78.0,77.199997,77.879997,40.314289,6490000
2010-04-07,77.669998,77.830002,76.959999,77.370003,40.050289,9431400
2010-04-08,76.93,78.0,76.629997,77.660004,40.200413,6880500
2010-04-09,78.040001,79.620003,78.0,79.5,41.152878,9804100
2010-04-12,79.5,80.800003,79.370003,80.43,41.634293,10000000
2010-04-13,80.419998,80.57,79.269997,80.209999,41.520424,7978500
2010-04-14,80.459999,80.610001,80.029999,80.580002,41.711956,7290400
2010-04-15,80.610001,81.760002,80.510002,81.589996,42.234756,9702500
2010-04-16,81.459999,81.900002,80.279999,80.75,41.79995,12861900
2010-04-19,80.25,81.5,80.050003,81.32,42.095001,9335900
2010-04-20,81.82,82.360001,81.660004,82.050003,42.472874,11470000
2010-04-21,82.300003,82.669998,81.239998,81.919998,42.405579,9416400
2010-04-22,81.110001,81.449997,80.639999,81.199997,42.032875,9421100
2010-04-23,81.040001,82.769997,80.949997,82.669998,42.793823,9918100
2010-04-26,82.519997,83.139999,82.339996,82.589996,42.752415,9792600
2010-04-27,82.080002,82.510002,80.07,80.230003,41.530773,13042800
2010-04-28,80.620003,80.919998,79.849998,80.620003,41.732639,12115700
2010-04-29,81.190002,82.989998,81.190002,82.290001,42.597134,12274500
2010-04-30,82.370003,83.129997,81.290001,81.440002,42.157139,13910300
2010-05-03,81.959999,83.410004,81.330002,82.830002,42.876644,11650700
2010-05-04,82.010002,82.239998,79.629997,80.760002,41.805122,16274300
2010-05-05,79.690002,80.730003,79.449997,80.190002,41.510044,13028600
2010-05-06,79.410004,80.209999,71.5,77.199997,39.962296,21059200
2010-05-07,77.220001,78.610001,76.410004,77.099998,39.91053,21866100
2010-05-10,79.370003,80.559998,78.529999,79.889999,41.354755,14661800
2010-05-11,79.639999,80.75,79.489998,79.699997,41.256413,12018600
2010-05-12,79.769997,80.459999,79.360001,80.059998,41.442741,9257800
2010-05-13,79.800003,80.059998,78.75,78.919998,40.852646,10839600
2010-05-14,78.419998,78.489998,76.980003,77.830002,40.288422,13602800
2010-05-17,77.389999,77.949997,75.949997,77.730003,40.612347,14694000
2010-05-18,78.309998,78.669998,76.389999,76.849998,40.152573,15321500
2010-05-19,76.349998,77.0,75.540001,76.599998,40.021965,10773200
2010-05-20,75.040001,75.400002,73.529999,73.599998,38.45451,17879100
2010-05-21,72.349998,74.650002,72.0,74.480003,38.914295,15919100
2010-05-24,74.220001,74.379997,73.309998,73.440002,38.370907,10540700
2010-05-25,71.739998,72.690002,70.800003,72.57,37.916355,22304600
2010-05-26,73.190002,73.5,71.440002,71.550003,37.383427,16888700
2010-05-27,73.129997,74.360001,72.300003,74.360001,38.851578,15252900
2010-05-28,74.0,74.400002,73.040001,73.870003,38.595592,14445500
2010-06-01,73.559998,74.519997,72.290001,72.290001,37.770065,13966400
2010-06-02,72.660004,74.129997,72.120003,74.129997,38.731422,15674100
2010-06-03,74.660004,74.75,73.139999,73.910004,38.61647,14278800
2010-06-04,72.150002,72.709999,70.800003,71.279999,37.242359,18133300
2010-06-07,71.660004,72.489998,71.190002,71.349998,37.278934,12324200
2010-06-08,71.68,71.730003,69.82,71.019997,37.106499,16572400
2010-06-09,71.169998,72.389999,70.599998,70.790001,36.986355,14074500
2010-06-10,72.870003,74.169998,72.690002,74.169998,38.752331,13937400
2010-06-11,73.480003,74.059998,72.790001,74.059998,38.694836,8346000
2010-06-14,74.230003,75.540001,74.160004,74.18,38.757534,11948000
2010-06-15,74.57,75.260002,74.18,75.230003,39.306149,11760200
2010-06-16,74.610001,75.389999,74.449997,74.949997,39.159863,10424400
2010-06-17,75.019997,75.489998,74.199997,75.32,39.353161,11113500
2010-06-18,75.470001,75.75,74.900002,75.519997,39.457664,13680200
2010-06-21,76.809998,77.25,75.290001,75.720001,39.56216,9347000
2010-06-22,75.449997,75.720001,73.879997,74.0,38.663498,10576400
2010-06-23,73.839996,73.900002,72.150002,72.260002,37.754391,14876400
2010-06-24,71.800003,72.129997,70.699997,70.830002,37.00724,14188300
2010-06-25,71.129997,71.129997,69.879997,70.059998,36.604935,20472800
2010-06-28,70.559998,70.57,69.629997,69.959999,36.552681,10873900
2010-06-29,69.199997,69.389999,68.0,68.360001,35.716721,16421100
2010-06-30,68.220001,69.059998,67.800003,67.860001,35.455475,12871000
2010-07-01,68.190002,68.300003,66.830002,67.480003,35.256935,16335700
2010-07-02,67.790001,68.150002,66.870003,67.309998,35.168114,9143600
2010-07-06,68.279999,68.32,66.860001,67.559998,35.298721,15039500
2010-07-07,67.82,69.5,67.489998,69.449997,36.286209,15691100
2010-07-08,70.18,70.690002,69.209999,70.410004,36.787788,13478900
2010-07-09,70.459999,72.0,70.050003,71.839996,37.534943,11390300
2010-07-12,71.529999,72.129997,71.349998,71.849998,37.540188,7352000
2010-07-13,72.989998,73.580002,72.5,73.230003,38.261196,13751300
2010-07-14,73.010002,73.120003,72.349998,73.050003,38.167137,11750500
2010-07-15,73.230003,73.230003,72.160004,73.040001,38.161919,10507600
2010-07-16,72.650002,72.839996,71.25,71.5,37.357315,12060700
2010-07-19,71.839996,72.300003,71.489998,72.0,37.618542,8350600
2010-07-20,71.0,73.209999,70.959999,73.099998,38.193264,8922500
2010-07-21,73.330002,73.550003,71.57,72.169998,37.707363,9045400
2010-07-22,72.800003,74.0,72.580002,73.440002,38.370907,9552500
2010-07-23,73.279999,73.550003,72.669998,73.519997,38.412712,8426300
2010-07-26,73.82,74.620003,73.410004,74.620003,38.987438,6467000
2010-07-27,74.860001,75.43,74.5,75.300003,39.342731,8163500
2010-07-28,75.129997,75.660004,75.010002,75.559998,39.478569,7392400
2010-07-29,75.889999,76.370003,75.279999,76.019997,39.718922,13346400
2010-07-30,75.150002,76.370003,74.889999,76.209999,39.81818,16955000
2010-08-02,77.620003,78.330002,77.32,77.800003,40.648926,11863000
2010-08-03,77.919998,79.120003,77.809998,78.660004,41.098259,11788000
2010-08-04,78.779999,79.099998,78.230003,79.019997,41.28635,8067500
2010-08-05,78.510002,79.190002,78.239998,79.07,41.312485,9304600
2010-08-06,78.230003,79.019997,77.809998,78.730003,41.134838,8986800
2010-08-09,79.300003,79.43,78.870003,79.290001,41.427418,7015200
2010-08-10,78.540001,79.480003,78.150002,79.040001,41.296787,8406900
2010-08-11,77.970001,77.980003,77.019997,77.129997,40.298855,10589700
2010-08-12,76.410004,77.779999,76.199997,77.07,40.267502,8993100
2010-08-13,77.040001,77.769997,76.910004,77.400002,40.43993,7087800
2010-08-16,77.110001,77.830002,76.370003,77.709999,40.601898,7284800
2010-08-17,77.57,78.080002,77.080002,77.769997,41.013233,7360500
2010-08-18,77.610001,77.730003,76.540001,77.040001,40.628277,8308800
2010-08-19,76.720001,76.82,75.5,75.839996,39.995426,8870600
2010-08-20,75.459999,75.559998,74.550003,75.050003,39.578815,9303600
2010-08-23,75.339996,75.989998,75.050003,75.050003,39.578815,9991400
2010-08-24,74.269997,74.900002,73.620003,73.779999,38.909046,11261600
2010-08-25,73.32,74.300003,72.57,74.07,39.062,9711900
2010-08-26,74.370003,74.379997,73.099998,73.330002,38.671738,8176900
2010-08-27,73.889999,75.040001,72.93,74.93,39.515533,8789500
2010-08-30,74.629997,74.800003,73.779999,73.779999,38.909046,7558900
2010-08-31,73.510002,74.529999,73.230003,74.080002,39.067272,9227500
2010-09-01,75.360001,76.910004,75.239998,76.769997,40.485882,10549900
2010-09-02,76.75,77.480003,76.470001,77.449997,40.844486,5995000
2010-09-03,77.389999,78.0,77.389999,78.0,41.134552,7189100
2010-09-07,77.68,77.910004,76.970001,77.050003,40.633533,5880200
2010-09-08,77.160004,77.879997,77.07,77.25,40.739002,6940700
2010-09-09,77.889999,78.279999,77.269997,77.360001,40.797028,6646200
2010-09-10,78.330002,78.82,77.940002,78.82,41.566986,8223500
2010-09-13,79.370003,79.510002,78.669998,79.25,41.793751,8586400
2010-09-14,79.25,79.980003,79.18,79.510002,41.930859,8447300
2010-09-15,79.059998,79.330002,78.519997,79.209999,41.772659,7240700
2010-09-16,78.989998,79.129997,78.389999,79.050003,41.688278,6905600
2010-09-17,79.419998,79.730003,78.239998,78.459999,41.377136,12326500
2010-09-20,78.540001,80.129997,78.470001,79.900002,42.136532,7730700
2010-09-21,80.040001,80.230003,79.099998,79.75,42.05743,8598700
2010-09-22,79.93,80.400002,79.239998,79.25,41.793751,6776600
2010-09-23,78.519997,79.370003,78.160004,78.540001,41.419319,6802000
2010-09-24,79.260002,80.290001,78.709999,80.120003,42.252556,8256000
2010-09-27,80.300003,80.610001,80.07,80.080002,42.231457,8380700
2010-09-28,80.449997,81.199997,79.580002,80.879997,42.653358,7826200
2010-09-29,80.739998,81.699997,80.489998,81.279999,42.864296,8851100
2010-09-30,81.690002,82.190002,80.330002,81.050003,42.743015,10120300
2010-10-01,81.889999,82.360001,81.480003,81.949997,43.217651,9570600
2010-10-04,81.889999,82.139999,80.68,81.309998,42.880116,7602500
2010-10-05,82.18,83.5,81.949997,83.389999,43.977047,11597600
2010-10-06,83.290001,84.300003,83.209999,83.889999,44.240719,8650300
2010-10-07,84.419998,84.5,82.940002,83.519997,44.045578,7714000
2010-10-08,83.470001,84.099998,82.949997,83.940002,44.26709,6879000
2010-10-11,83.849998,84.0,83.349998,83.709999,44.145805,4790700
2010-10-12,83.360001,84.18,82.629997,83.839996,44.214359,8528900
2010-10-13,83.449997,84.110001,82.860001,83.669998,44.124718,11647800
2010-10-14,83.650002,83.919998,82.959999,83.900002,44.245998,6718600
2010-10-15,84.389999,84.540001,83.120003,83.610001,44.093052,9502500
2010-10-18,83.480003,84.769997,83.400002,84.480003,44.551861,7800200
2010-10-19,83.379997,83.68,82.139999,82.790001,43.660637,9455500
2010-10-20,83.139999,84.519997,82.93,84.019997,44.30928,8835000
2010-10-21,84.510002,85.0,83.389999,84.25,44.430573,9521400
2010-10-22,84.790001,84.790001,84.169998,84.550003,44.588791,5555000
2010-10-25,85.129997,85.790001,84.739998,84.870003,44.757565,6757400
2010-10-26,84.650002,85.239998,84.489998,85.150002,44.905209,5968600
2010-10-27,84.639999,84.639999,83.290001,84.309998,44.462227,9557300
2010-10-28,85.269997,85.650002,84.099998,84.440002,44.530766,8519800
2010-10-29,82.889999,83.230003,81.980003,82.599998,43.560432,12463000
2010-11-01,83.150002,84.080002,81.089996,81.449997,42.953945,12781900
2010-11-02,82.360001,82.449997,81.720001,82.150002,43.323116,9528800
2010-11-03,82.660004,83.120003,81.910004,82.699997,43.613155,10036500
2010-11-04,84.160004,85.309998,83.879997,85.139999,44.899918,16295400
2010-11-05,84.709999,85.32,84.050003,84.980003,44.815567,14513200
2010-11-08,84.620003,85.0,83.790001,84.800003,44.720646,11799200
2010-11-09,83.910004,84.269997,83.099998,83.559998,44.066696,13597200
2010-11-10,83.779999,85.220001,83.25,85.169998,44.915745,11795500
2010-11-11,85.0,86.190002,85.0,86.089996,45.400928,11297200
2010-11-12,85.459999,85.610001,84.559998,85.440002,45.058128,10571300
2010-11-15,85.739998,85.970001,84.830002,84.860001,44.752281,9252400
2010-11-16,83.550003,83.580002,81.93,82.480003,43.86935,12360200
2010-11-17,82.410004,83.129997,82.099998,82.459999,43.85873,7847300
2010-11-18,83.040001,83.980003,82.949997,83.82,44.582058,7590000
2010-11-19,83.690002,83.959999,82.82,83.940002,44.645885,8130900
2010-11-22,83.470001,83.580002,82.050003,83.449997,44.385269,6791900
2010-11-23,82.470001,82.5,81.150002,81.75,43.481079,9507700
2010-11-24,82.150002,83.010002,82.0,82.93,44.108719,8042600
2010-11-26,82.440002,82.57,81.790001,82.050003,43.640648,2789700
2010-11-29,81.300003,82.050003,80.410004,81.690002,43.449158,9070100
2010-11-30,80.639999,81.610001,80.470001,80.970001,43.066212,10366000
2010-12-01,82.150002,83.220001,81.75,82.699997,43.986359,10629600
2010-12-02,82.699997,84.669998,82.529999,84.5,44.943726,10799500
2010-12-03,84.489998,85.0,84.360001,84.889999,45.151173,6724000
2010-12-06,84.790001,85.209999,84.489998,84.949997,45.183094,5184200
2010-12-07,85.919998,86.629997,85.709999,86.300003,45.901138,12560600
2010-12-08,86.510002,86.800003,85.629997,86.139999,45.81604,6918300
2010-12-09,86.790001,86.980003,85.839996,86.650002,46.087299,8076700
2010-12-10,86.959999,87.080002,86.239998,87.029999,46.289402,7406700
2010-12-13,87.720001,88.949997,87.510002,88.370003,47.002117,9910500
2010-12-14,88.580002,88.949997,88.129997,88.379997,47.00742,7331300
2010-12-15,88.019997,88.629997,87.93,88.010002,46.810646,7608700
2010-12-16,88.080002,89.220001,87.849998,89.059998,47.369099,7796700
2010-12-17,88.849998,88.959999,88.080002,88.489998,47.065937,10832800
2010-12-20,88.959999,89.599998,88.57,88.800003,47.230812,8029800
2010-12-21,89.339996,89.82,88.949997,89.230003,47.459538,5962500
2010-12-22,89.620003,89.959999,89.32,89.919998,47.82653,4262400
2010-12-23,89.889999,90.889999,89.82,90.68,48.230759,5095600
2010-12-27,90.489998,90.599998,90.040001,90.120003,47.932903,3138200
2010-12-28,90.32,91.43,90.129997,91.190002,48.502029,5058100
2010-12-29,91.540001,92.389999,91.349998,91.370003,48.597771,5301000
2010-12-30,91.32,91.940002,91.150002,91.599998,48.72007,4156500
2010-12-31,91.580002,91.800003,91.0,91.25,48.53392,5152900
2011-01-03,91.660004,92.379997,91.300003,91.940002,48.900925,7802300
2011-01-04,92.279999,92.480003,91.220001,91.599998,48.72007,8513900
2011-01-05,90.919998,92.07,90.5,91.440002,48.634987,6659500
2011-01-06,91.760002,91.830002,90.269997,90.690002,48.236069,6220800
2011-01-07,90.980003,91.300003,90.269997,91.190002,48.502029,6346300
2011-01-10,90.949997,91.169998,90.120003,90.410004,48.087147,6848700
2011-01-11,90.870003,91.989998,90.809998,91.830002,48.842438,7838900
2011-01-12,92.360001,92.849998,92.199997,92.449997,49.17218,7845400
2011-01-13,92.010002,92.599998,91.779999,92.18,49.028576,5721900
2011-01-14,92.120003,92.879997,91.82,92.830002,49.37429,5557900
2011-01-18,92.940002,93.75,92.93,93.349998,49.650879,7733200
2011-01-19,93.629997,93.709999,92.580002,92.970001,49.448753,6069900
2011-01-20,92.139999,92.860001,91.580002,92.709999,49.310482,6513500
2011-01-21,93.370003,93.940002,93.099998,93.779999,49.879574,7427500
2011-01-24,93.889999,94.529999,93.660004,94.099998,50.049778,7282800
2011-01-25,93.779999,94.440002,93.349998,94.080002,50.039131,7423200
2011-01-26,94.379997,94.970001,93.580002,94.639999,50.336987,8832600
2011-01-27,94.559998,94.959999,94.300003,94.75,50.395496,6301100
2011-01-28,94.489998,94.849998,92.93,93.370003,49.661495,12444700
2011-01-31,93.849998,95.190002,93.370003,94.93,50.491234,11167900
2011-02-01,95.629997,96.489998,95.169998,96.220001,51.177349,9948200
2011-02-02,95.370003,96.849998,95.370003,96.480003,51.315659,6607800
2011-02-03,96.57,97.440002,95.760002,97.309998,51.757107,10500300
2011-02-04,96.93,97.330002,96.519997,97.110001,51.650734,10529700
2011-02-07,97.279999,98.230003,97.260002,97.660004,51.943275,10256500
2011-02-08,97.870003,97.989998,97.110001,97.739998,51.985817,5710500
2011-02-09,97.25,97.379997,95.699997,96.239998,51.188,8242700
2011-02-10,95.879997,96.980003,95.739998,96.699997,51.432648,7286200
2011-02-11,96.089996,97.18,95.889999,96.449997,51.299706,7324900
2011-02-14,95.5,97.160004,95.5,96.949997,51.95348,6994000
2011-02-15,96.580002,96.849998,95.660004,96.339996,51.626591,7626700
2011-02-16,96.720001,97.019997,96.080002,96.660004,51.798058,6786600
2011-02-17,96.559998,97.339996,96.410004,97.169998,52.071354,6616600
2011-02-18,97.410004,98.809998,97.029999,98.720001,52.901981,8860500
2011-02-22,99.230003,102.120003,99.230003,100.32,53.759377,15723400
2011-02-23,100.529999,103.940002,100.519997,102.269997,54.804344,17174700
2011-02-24,103.089996,103.419998,101.550003,102.029999,54.675713,16467900
2011-02-25,101.709999,102.629997,101.349998,102.099998,54.713245,8516400
2011-02-28,102.279999,103.940002,102.18,103.75,55.597443,10219700
2011-03-01,104.07,104.989998,102.839996,102.900002,55.141937,12266900
2011-03-02,103.050003,103.970001,102.190002,103.470001,55.447414,8335000
2011-03-03,103.839996,104.57,103.32,104.190002,55.833218,7537800
2011-03-04,104.129997,104.779999,102.5,103.75,55.597443,9850500
2011-03-07,104.120003,104.769997,103.010002,103.010002,55.200882,8222500
2011-03-08,103.410004,104.040001,101.449997,103.769997,55.60817,8913900
2011-03-09,103.18,103.68,101.900002,102.139999,54.734673,7102000
2011-03-10,101.480003,101.480003,98.290001,99.080002,53.094887,12553000
2011-03-11,98.099998,100.75,97.599998,99.93,53.550388,6872700
2011-03-14,99.160004,101.0,99.029999,100.800003,54.016598,7353600
2011-03-15,98.18,102.0,97.980003,101.230003,54.247025,12650100
2011-03-16,101.650002,102.07,98.629997,99.510002,53.325333,14795200
2011-03-17,100.879997,102.57,100.400002,102.239998,54.788261,9981500
2011-03-18,103.370003,103.970001,102.360001,102.800003,55.088352,11366300
2011-03-21,103.860001,105.199997,103.199997,105.190002,56.369099,8785300
2011-03-22,105.360001,105.940002,105.120003,105.230003,56.390537,8008500
2011-03-23,104.730003,105.919998,104.449997,105.480003,56.524517,6811800
2011-03-24,105.870003,105.919998,104.93,105.379997,56.470924,6996800
2011-03-25,105.720001,107.010002,105.379997,106.779999,57.221172,8982900
2011-03-28,106.400002,107.099998,106.040001,106.040001,56.824615,6023500
2011-03-29,106.040001,107.480003,105.519997,107.370003,57.537315,6963200
2011-03-30,107.610001,108.739998,107.550003,108.010002,57.88031,7907300
2011-03-31,109.309998,109.650002,107.349998,107.489998,57.601646,8418500
2011-04-01,108.290001,108.779999,107.510002,108.32,58.046421,6494000
2011-04-04,108.519997,108.57,107.849998,108.230003,57.998188,4764600
2011-04-05,108.25,109.800003,108.230003,109.330002,58.587666,6541400
2011-04-06,109.830002,109.940002,108.440002,108.660004,58.228622,6893000
2011-04-07,109.019997,109.099998,107.510002,108.940002,58.378658,7011700
2011-04-08,109.349998,109.940002,109.139999,109.660004,58.764465,6732900
2011-04-11,109.739998,109.900002,107.57,107.779999,57.757038,6599000
2011-04-12,106.470001,106.699997,103.480003,104.18,55.827866,12803700
2011-04-13,104.82,105.139999,103.339996,103.809998,55.629623,7241100
2011-04-14,103.32,105.290001,103.129997,104.879997,56.202988,7084900
2011-04-15,105.519997,106.5,104.349998,106.239998,56.931774,8869500
2011-04-18,104.949997,104.989998,103.040001,104.5,55.999352,7194800
2011-04-19,104.489998,105.849998,104.269997,105.400002,56.48164,4993300
2011-04-20,107.709999,108.339996,107.010002,107.809998,57.773087,6667800
2011-04-21,108.25,108.25,107.489998,108.129997,57.944607,4915500
2011-04-25,107.370003,107.779999,106.68,107.419998,57.564133,3995200
2011-04-26,107.849998,108.830002,107.160004,108.75,58.27684,5300000
2011-04-27,109.110001,109.169998,107.550003,108.970001,58.394718,5982600
2011-04-28,109.080002,109.099998,108.080002,108.809998,58.30901,5941200
2011-04-29,108.480003,109.599998,107.779999,109.440002,58.646595,6755500
2011-05-02,109.480003,109.580002,107.610001,108.18,57.971378,6550800
2011-05-03,107.580002,107.839996,105.190002,106.169998,56.894272,7955600
2011-05-04,106.019997,106.019997,103.699997,104.68,56.095814,8892900
2011-05-05,103.360001,104.120003,101.110001,102.620003,54.991894,11988500
2011-05-06,103.339996,104.449997,102.0,102.879997,55.131241,9536300
2011-05-09,103.25,104.860001,103.0,104.089996,55.779648,7117900
2011-05-10,104.32,104.949997,103.25,104.360001,55.924343,6430500
2011-05-11,103.269997,103.459999,101.25,102.260002,54.798981,10161700
2011-05-12,101.629997,103.32,100.410004,102.760002,55.066956,10425800
2011-05-13,103.449997,103.489998,101.269997,102.389999,54.868649,8968000
2011-05-16,102.029999,103.290001,101.410004,101.650002,54.472088,6759400
2011-05-17,100.309998,101.190002,99.610001,100.410004,54.223694,8768800
2011-05-18,100.919998,103.459999,100.169998,102.860001,55.54673,8193700
2011-05-19,103.690002,104.529999,102.940002,103.870003,56.092159,7452400
2011-05-20,103.550003,103.809998,101.769997,102.57,55.390144,8760900
2011-05-23,101.129997,101.910004,100.699997,101.370003,54.742115,7487000
2011-05-24,101.849998,103.389999,101.849998,102.269997,55.228134,6800500
2011-05-25,102.0,103.860001,101.809998,103.25,55.757343,7949500
2011-05-26,102.989998,103.800003,102.099998,103.360001,55.816757,6614300
2011-05-27,103.639999,104.220001,102.529999,103.209999,55.735748,5796300
2011-05-31,104.610001,105.209999,103.709999,104.910004,56.653782,8188400
2011-06-01,104.730003,104.949997,102.080002,102.489998,55.346931,8196100
2011-06-02,102.349998,102.589996,100.360001,101.120003,54.607132,8129200
2011-06-03,99.730003,101.690002,99.57,101.0,54.542313,7692200
2011-06-06,100.900002,101.309998,99.300003,99.68,53.829479,6982200
2011-06-07,100.230003,100.910004,99.379997,99.470001,53.71608,6835400
2011-06-08,99.510002,100.839996,99.5,99.949997,53.975281,6936200
2011-06-09,100.510002,101.870003,100.32,101.230003,54.666512,5734900
2011-06-10,100.940002,101.0,98.980003,99.669998,53.824062,9113900
2011-06-13,100.040001,100.510002,98.07,98.93,53.424458,7999300
2011-06-14,100.019997,101.290001,99.889999,100.599998,54.326321,7353400
2011-06-15,99.199997,99.910004,97.709999,98.410004,53.143654,9665600
2011-06-16,98.059998,99.660004,97.809998,99.43,53.694458,7786300
2011-06-17,100.230003,100.839996,98.730003,99.169998,53.554073,12029500
2011-06-20,98.879997,100.199997,98.650002,99.910004,53.953682,6427200
2011-06-21,100.540001,101.980003,100.32,101.589996,54.86092,8499500
2011-06-22,101.269997,102.459999,101.0,101.07,54.580105,6592500
2011-06-23,98.900002,99.550003,97.0,99.360001,53.65667,13058800
2011-06-24,99.540001,99.739998,97.809998,97.900002,52.868221,8032400
2011-06-27,97.940002,99.639999,97.940002,98.900002,53.40823,7130200
2011-06-28,99.529999,100.599998,99.300003,100.349998,54.19128,6113800
2011-06-29,100.690002,101.709999,99.910004,101.279999,54.693508,7637700
2011-06-30,101.790001,102.940002,101.279999,102.839996,55.535942,7697700
2011-07-01,102.709999,104.190002,102.010002,104.089996,56.210964,6579700
2011-07-05,104.110001,105.760002,104.110001,105.120003,56.767204,7392200
2011-07-06,104.82,105.239998,104.57,105.080002,56.74559,6196300
2011-07-07,106.080002,106.919998,105.800003,106.589996,57.561008,7878100
2011-07-08,105.449997,106.0,105.07,105.889999,57.183014,6334900
2011-07-11,104.43,104.639999,103.75,104.410004,56.383774,6975400
2011-07-12,103.989998,105.949997,103.989998,104.389999,56.372974,9158300
2011-07-13,104.739998,106.610001,104.720001,105.089996,56.751003,6871100
2011-07-14,105.699997,106.470001,104.57,104.669998,56.524189,7279600
2011-07-15,105.68,106.300003,105.139999,106.190002,57.34502,10160500
2011-07-18,105.580002,106.5,105.110001,106.230003,57.366627,6951000
2011-07-19,106.489998,107.800003,106.489998,107.480003,58.041649,6987600
2011-07-20,107.510002,107.650002,106.879997,107.099998,57.836452,5044900
2011-07-21,107.879997,109.75,107.760002,109.43,59.094696,8319200
2011-07-22,109.389999,109.660004,108.82,108.970001,58.84631,5413700
2011-07-25,107.550003,109.0,107.459999,108.099998,58.376472,6284400
2011-07-26,107.910004,108.470001,107.339996,107.57,58.090263,4864800
2011-07-27,106.970001,107.0,105.470001,105.629997,57.042583,7412700
2011-07-28,105.150002,105.849998,104.43,105.029999,56.718594,6655300
2011-07-29,103.720001,105.230003,103.07,104.019997,56.173168,9697600
2011-08-01,106.080002,106.129997,103.919998,105.379997,56.907574,9309400
2011-08-02,104.720001,105.699997,103.43,103.449997,55.865376,10396300
2011-08-03,103.529999,103.739998,100.870003,102.760002,55.492744,12027400
2011-08-04,100.779999,100.980003,96.510002,96.839996,52.295799,20541200
2011-08-05,98.029999,99.339996,93.82,97.610001,52.711624,17596200
2011-08-08,94.279999,95.790001,89.75,90.25,48.737049,23079600
2011-08-09,91.599998,93.709999,87.300003,93.400002,50.438114,21012700
2011-08-10,92.709999,93.849998,89.739998,90.57,48.909866,18069500
2011-08-11,92.07,95.139999,90.779999,94.07,50.799931,30717300
2011-08-12,95.639999,97.050003,94.919998,95.860001,51.766594,13364100
2011-08-15,97.0,99.230003,96.790001,99.099998,53.516266,11857000
2011-08-16,97.989998,99.279999,97.150002,98.139999,52.997818,9842900
2011-08-17,98.410004,99.089996,97.110001,97.68,53.172009,8594800
2011-08-18,95.139999,95.379997,91.75,93.239998,50.755135,15083800
2011-08-19,92.089996,95.360001,92.080002,93.290001,50.78233,13452700
2011-08-22,96.550003,96.550003,92.949997,93.300003,50.787769,10071000
2011-08-23,93.919998,97.379997,93.459999,97.330002,52.981525,12301000
2011-08-24,96.830002,97.760002,96.07,97.589996,53.123024,7642500
2011-08-25,98.050003,98.519997,95.290001,95.959999,52.235741,9812400
2011-08-26,94.68,97.349998,93.360001,96.849998,52.720215,9216600
2011-08-29,98.279999,98.760002,96.580002,98.739998,53.749046,9724900
2011-08-30,97.970001,98.980003,96.739998,98.400002,53.563957,9202500
2011-08-31,98.849998,99.720001,98.080002,98.839996,53.803482,11242000
2011-09-01,99.010002,100.480003,98.5,98.519997,53.62928,10121400
2011-09-02,96.309998,97.059998,95.07,96.410004,52.480701,8976700
2011-09-06,93.580002,95.800003,92.75,95.610001,52.045216,10276800
2011-09-07,98.269997,99.440002,97.860001,99.290001,54.048435,10572800
2011-09-08,98.889999,100.580002,98.0,98.410004,53.569416,9603600
2011-09-09,97.010002,97.389999,94.779999,95.190002,51.816608,13346600
2011-09-12,93.940002,95.93,93.160004,95.910004,52.208515,13616300
2011-09-13,96.760002,96.839996,94.629997,95.93,52.219402,11453800
2011-09-14,96.309998,99.0,95.150002,97.309998,52.970627,11325600
2011-09-15,98.720001,99.5,98.059998,99.260002,54.032112,9241200
2011-09-16,100.0,100.160004,98.290001,99.629997,54.233505,13862000
2011-09-19,97.190002,99.339996,96.599998,98.709999,53.732704,8522500
2011-09-20,99.279999,99.739998,97.739998,97.790001,53.231907,8660500
2011-09-21,97.209999,97.779999,94.139999,94.269997,51.315792,9267200
2011-09-22,90.910004,91.510002,88.589996,90.169998,49.083977,16685800
2011-09-23,90.129997,90.839996,88.559998,90.010002,48.996864,12228200
2011-09-26,90.650002,91.650002,88.760002,91.489998,49.802494,11899200
2011-09-27,94.160004,95.349998,93.050003,93.540001,50.918419,11079800
2011-09-28,93.989998,95.330002,91.540001,91.739998,49.938591,10338300
2011-09-29,94.190002,94.480003,92.32,94.389999,51.381111,10104100
2011-09-30,92.959999,94.800003,92.519997,92.589996,50.401299,11918800
2011-10-03,91.93,92.769997,89.849998,89.879997,48.926083,11384300
2011-10-04,88.720001,91.839996,86.68,91.480003,49.797077,15398100
2011-10-05,92.139999,94.739998,91.029999,94.660004,51.528103,13057500
2011-10-06,93.379997,94.809998,92.720001,94.610001,51.50087,10169500
2011-10-07,95.669998,95.730003,93.660004,94.400002,51.386574,10534600
2011-10-10,96.129997,98.239998,96.089996,98.199997,53.455086,7490300
2011-10-11,97.209999,98.639999,97.150002,97.599998,53.128498,7613500
2011-10-12,98.110001,98.75,96.690002,97.779999,53.226456,8868800
2011-10-13,96.620003,98.099998,96.25,97.790001,53.231907,6507900
2011-10-14,98.970001,100.559998,98.849998,100.470001,54.690739,7365100
2011-10-17,99.910004,100.25,98.400002,98.610001,53.678295,6576400
2011-10-18,99.029999,104.150002,97.970001,102.949997,56.040749,12165700
2011-10-19,102.690002,104.080002,101.709999,102.239998,55.654251,8651800
2011-10-20,102.68,103.660004,101.720001,103.389999,56.280254,8710100
2011-10-21,104.5,105.839996,104.209999,105.529999,57.445164,10884100
2011-10-24,105.5,106.870003,105.269997,106.269997,57.847984,7911500
2011-10-25,106.620003,106.910004,104.330002,104.5,56.884472,8452200
2011-10-26,106.080002,106.839996,104.459999,106.769997,58.120155,9959400
2011-10-27,107.839996,110.010002,107.620003,108.970001,59.317745,14393600
2011-10-28,108.849998,109.989998,107.260002,109.639999,59.682449,10341300
2011-10-31,107.720001,108.0,105.050003,105.050003,57.183887,11457800
2011-11-01,101.470001,103.68,100.790001,102.080002,55.567169,15213300
2011-11-02,103.959999,104.93,103.139999,104.540001,56.906273,8393400
2011-11-03,105.839996,106.349998,104.699997,106.129997,57.771778,9276200
2011-11-04,105.75,106.599998,104.480003,106.43,57.935062,8402700
2011-11-07,106.650002,108.529999,105.540001,107.720001,58.637291,7821800
2011-11-08,108.269997,109.0,106.5,108.860001,59.257835,7761400
2011-11-09,105.800003,106.489998,103.879997,104.279999,56.764751,12062000
2011-11-10,105.32,106.010002,103.5,105.5,57.428841,10025200
2011-11-11,106.690002,107.519997,106.610001,107.050003,58.272583,6352600
2011-11-14,106.199997,106.739998,105.379997,106.169998,57.79356,5531200
2011-11-15,106.230003,107.330002,102.580002,103.269997,56.214939,24328000
2011-11-16,102.510002,103.419998,100.739998,101.050003,55.441357,12581000
2011-11-17,100.75,102.129997,98.75,100.080002,54.909142,11794300
2011-11-18,100.519997,101.5,97.519997,97.879997,53.702103,13668700
2011-11-21,96.919998,96.940002,94.449997,95.660004,52.484097,15021100
2011-11-22,95.68,97.25,95.0,96.419998,52.901093,8939500
2011-11-23,95.419998,95.580002,93.75,93.75,51.436176,11665200
2011-11-25,94.029999,94.449997,92.290001,92.290001,50.635136,5257300
2011-11-28,96.029999,96.349998,95.0,95.769997,52.544456,8403100
2011-11-29,95.959999,98.050003,95.75,97.389999,53.433258,8845100
2011-11-30,100.5,102.82,100.110001,102.82,56.412441,13373200
2011-12-01,102.82,103.0,100.959999,101.830002,55.869282,7007200
2011-12-02,103.040001,103.190002,101.5,101.690002,55.792496,6638100
2011-12-05,103.580002,104.0,102.040001,102.82,56.412441,6121800
2011-12-06,103.099998,104.730003,102.839996,104.360001,57.257359,7445000
2011-12-07,104.220001,105.739998,103.970001,104.519997,57.345161,10323300
2011-12-08,104.0,104.800003,101.949997,102.25,56.099735,7720100
2011-12-09,102.739998,104.5,102.709999,104.25,57.197006,6624100
2011-12-12,104.019997,104.230003,101.5,103.07,56.549618,7595800
2011-12-13,104.220001,105.889999,103.099998,103.620003,56.851379,8990000
2011-12-14,102.75,104.019997,99.510002,100.529999,55.15604,15512100
2011-12-15,101.230003,101.599998,99.32,99.669998,54.684196,9667000
2011-12-16,100.32,100.860001,99.589996,100.860001,55.337112,14709700
2011-12-19,101.160004,101.330002,99.5,99.720001,54.711613,5977400
2011-12-20,101.940002,103.849998,101.779999,103.669998,56.878819,7278600
2011-12-21,103.68,105.529999,103.550003,105.43,57.844444,8156600
2011-12-22,105.510002,106.580002,105.059998,106.309998,58.327244,7483800
2011-12-23,106.629997,107.610001,106.099998,107.5,58.98011,3779400
2011-12-27,107.260002,108.489998,107.260002,107.980003,59.243492,4136200
2011-12-28,107.860001,108.160004,105.879997,105.959999,58.135231,5307900
2011-12-29,106.379997,107.559998,106.32,107.470001,58.963673,4468500
2011-12-30,106.790001,107.5,106.18,106.400002,58.376614,5009400
2012-01-03,108.739998,110.989998,108.730003,110.370003,60.554802,11518700
2012-01-04,109.830002,110.370003,109.199997,110.18,60.450523,8019100
2012-01-05,109.389999,109.540001,107.970001,109.099998,59.857975,7184900
2012-01-06,109.410004,109.610001,108.089996,108.309998,59.424561,8214900
2012-01-09,108.239998,109.669998,108.029999,109.489998,60.071987,7118800
2012-01-10,110.120003,110.660004,108.900002,109.059998,59.836021,7641800
2012-01-11,108.510002,108.650002,107.129997,107.769997,59.128269,7802500
2012-01-12,104.519997,106.040001,104.519997,104.970001,57.592041,11897200
2012-01-13,104.620003,106.150002,103.510002,106.089996,58.206535,8266900
2012-01-17,107.269997,107.980003,106.029999,106.720001,58.552227,6925300
2012-01-18,106.0,106.940002,105.199997,106.830002,58.612549,6581400
2012-01-19,107.209999,107.5,105.82,106.93,58.667393,5666100
2012-01-20,106.949997,107.199997,106.25,106.889999,58.645462,7284600
2012-01-23,106.989998,107.5,106.559998,107.010002,58.711327,6506700
2012-01-24,106.449997,107.089996,106.18,106.720001,58.552227,5041400
2012-01-25,106.370003,108.0,105.089996,107.730003,59.106319,8020700
2012-01-26,108.029999,108.57,106.349998,106.589996,58.480873,7000400
2012-01-27,104.389999,104.669998,103.120003,103.959999,57.037922,10581500
2012-01-30,103.400002,103.5,102.080002,103.410004,56.73616,7615700
2012-01-31,104.610001,104.779999,102.400002,103.120003,56.577045,8320100
2012-02-01,104.419998,104.419998,102.68,102.790001,56.396008,7824500
2012-02-02,103.029999,103.959999,102.879997,103.690002,56.889778,5897200
2012-02-03,104.910004,105.599998,104.480003,105.5,57.882832,6818600
2012-02-06,104.620003,106.760002,104.370003,106.669998,58.524765,6443600
2012-02-07,106.019997,107.059998,105.440002,106.830002,58.612549,6034700
2012-02-08,107.269997,107.5,106.089996,106.760002,58.574154,5383700
2012-02-09,107.18,107.410004,106.07,106.370003,58.360149,4751400
2012-02-10,105.190002,105.519997,104.580002,105.279999,57.762131,6136800
2012-02-13,106.160004,106.529999,105.449997,106.379997,58.365658,4695500
2012-02-14,106.25,106.529999,105.57,106.489998,58.42601,5974800
2012-02-15,106.239998,106.239998,104.589996,105.0,58.050076,6553800
2012-02-16,105.519997,106.57,104.800003,106.519997,58.890411,5733900
2012-02-17,107.019997,107.239998,106.040001,106.660004,58.967808,5666500
2012-02-21,107.510002,108.5,107.440002,108.410004,59.935303,7149000
2012-02-22,108.160004,108.559998,107.199997,107.5,59.432217,7150000
2012-02-23,107.540001,108.5,107.32,108.349998,59.902138,5504800
2012-02-24,108.800003,109.400002,108.5,109.080002,60.305733,5833300
2012-02-27,108.290001,110.220001,108.279999,109.629997,60.609783,7723400
2012-02-28,109.68,110.400002,109.18,109.610001,60.598728,9132500
2012-02-29,110.400002,110.919998,108.919998,109.120003,60.32782,10572800
2012-03-01,109.169998,110.139999,109.099998,109.760002,60.681664,5980100
2012-03-02,109.5,109.870003,109.0,109.610001,60.598728,5377100
2012-03-05,109.139999,109.449997,108.139999,109.32,60.438408,5941500
2012-03-06,108.139999,109.029999,108.0,108.849998,60.178555,7480800
2012-03-07,109.0,109.949997,108.190002,109.459999,60.515816,6867900
2012-03-08,109.800003,110.57,109.559998,110.029999,60.830967,5505400
2012-03-09,109.889999,110.410004,109.370003,109.57,60.576614,5704200
2012-03-12,109.650002,110.0,109.160004,110.0,60.814358,5324700
2012-03-13,110.220001,111.309998,109.43,111.190002,61.47224,7331000
2012-03-14,111.050003,112.279999,110.540001,110.690002,61.195827,8819400
2012-03-15,110.510002,110.93,109.459999,110.029999,60.830967,8899400
2012-03-16,110.43,110.830002,110.099998,110.279999,60.969147,11092500
2012-03-19,110.519997,111.059998,110.300003,110.699997,61.201347,5695000
2012-03-20,109.93,109.93,108.93,109.080002,60.305733,6158300
2012-03-21,108.949997,109.019997,107.349998,107.910004,59.658894,7549900
2012-03-22,106.849998,106.989998,105.029999,105.349998,58.24358,8282100
2012-03-23,105.68,106.900002,104.849998,106.360001,58.801968,6600300
2012-03-26,107.230003,107.970001,106.830002,107.839996,59.620159,5311100
2012-03-27,107.879997,108.0,107.010002,107.040001,59.177895,4327700
2012-03-28,106.57,106.959999,105.199997,105.889999,58.542095,6816400
2012-03-29,105.080002,107.019997,104.919998,106.849998,59.072857,5793900
2012-03-30,107.040001,107.25,106.410004,107.209999,59.271877,6121000
2012-04-02,106.849998,108.790001,106.599998,108.300003,59.874477,5188400
2012-04-03,107.93,108.230003,106.230003,107.139999,59.233185,4690300
2012-04-04,106.25,106.260002,105.029999,105.599998,58.38176,5430600
2012-04-05,105.169998,105.900002,104.330002,104.75,57.911865,5982700
2012-04-09,103.300003,104.080002,102.849998,103.489998,57.215263,4983400
2012-04-10,103.25,103.379997,101.400002,101.449997,56.087414,8907500
2012-04-11,102.309998,102.449997,100.779999,100.949997,55.810989,8570100
2012-04-12,100.889999,102.860001,100.510002,102.589996,56.717667,6451900
2012-04-13,102.290001,102.360001,100.720001,100.779999,55.717003,6847100
2012-04-16,101.620003,102.239998,101.169998,101.510002,56.120583,6065100
2012-04-17,102.459999,104.089996,102.339996,103.620003,57.287125,5500900
2012-04-18,103.419998,103.970001,102.849998,103.389999,57.159931,4836200
2012-04-19,103.269997,103.639999,102.18,102.510002,56.67345,6768400
2012-04-20,103.110001,103.839996,102.419998,102.519997,56.678982,5814700
2012-04-23,101.190002,102.720001,100.889999,102.440002,56.634754,5590600
2012-04-24,102.769997,103.169998,102.139999,103.029999,56.960941,4104400
2012-04-25,103.559998,103.889999,102.620003,103.849998,57.414272,5308500
2012-04-26,104.0,106.699997,103.989998,106.220001,58.724533,8535300
2012-04-27,106.779999,106.800003,105.669998,106.199997,58.713478,5433500
2012-04-30,106.160004,106.610001,105.809998,106.559998,58.912518,4727100
2012-05-01,106.739998,108.790001,106.389999,108.269997,59.857891,6179900
2012-05-02,107.510002,107.650002,106.589996,107.029999,59.172356,4834400
2012-05-03,107.040001,107.059998,105.410004,105.989998,58.597393,4882800
2012-05-04,105.269997,105.489998,103.25,103.720001,57.342396,6241300
2012-05-07,103.080002,103.82,102.589996,103.309998,57.115749,6126900
2012-05-08,102.75,103.209999,101.550003,102.839996,56.855919,8167200
2012-05-09,101.610001,102.5,101.370003,101.779999,56.269844,6115600
2012-05-10,102.830002,104.239998,102.650002,103.360001,57.143387,21105400
2012-05-11,102.949997,103.949997,102.470001,102.690002,56.772953,4944700
2012-05-14,101.739998,102.300003,101.269997,101.940002,56.358322,7021400
2012-05-15,102.040001,102.660004,100.709999,100.900002,55.783348,8421000
2012-05-16,100.769997,101.779999,100.010002,100.099998,55.839111,6423800
2012-05-17,100.199997,101.410004,99.889999,100.139999,55.861454,6527500
2012-05-18,100.480003,100.75,98.239998,98.459999,54.92429,11137700
2012-05-21,98.809998,99.739998,98.349998,99.690002,55.61042,6169400
2012-05-22,99.93,100.68,98.730003,99.32,55.404003,6089700
2012-05-23,98.330002,99.0,96.699997,99.0,55.225525,8013000
2012-05-24,99.260002,100.120003,98.550003,100.059998,55.816826,6322300
2012-05-25,100.040001,100.239998,98.419998,98.860001,55.147415,5561500
2012-05-29,99.809998,100.849998,99.5,100.239998,55.917233,5223200
2012-05-30,99.110001,99.110001,97.5,97.629997,54.461296,7284800
2012-05-31,98.059998,99.160004,96.68,98.309998,54.840599,9371100
2012-06-01,96.650002,97.290001,96.019997,96.410004,53.780731,9243000
2012-06-04,96.480003,97.139999,95.730003,96.580002,53.875546,6794500
2012-06-05,96.389999,96.870003,95.779999,96.489998,53.825352,5891600
2012-06-06,97.889999,99.800003,97.580002,99.800003,55.671787,7145800
2012-06-07,100.980003,102.0,100.18,100.389999,56.000896,7971600
2012-06-08,99.889999,101.0,99.690002,100.839996,56.251938,5769900
2012-06-11,101.989998,102.330002,99.57,99.910004,55.733109,7037100
2012-06-12,100.199997,100.900002,99.559998,100.739998,56.196144,5933400
2012-06-13,100.68,101.400002,99.709999,100.129997,55.855858,5189900
2012-06-14,100.169998,102.169998,99.900002,101.919998,56.854401,6540000
2012-06-15,103.0,104.5,102.639999,104.330002,58.19878,11091100
2012-06-18,103.139999,103.970001,103.0,103.459999,57.713474,6630300
2012-06-19,103.989998,104.650002,103.769997,104.059998,58.048122,6115500
2012-06-20,104.040001,104.550003,102.589996,103.629997,57.808266,7609200
2012-06-21,103.459999,103.75,99.870003,100.019997,55.794506,8492000
2012-06-22,100.650002,101.120003,99.580002,100.440002,56.028774,11708600
2012-06-25,99.339996,99.559998,98.169998,99.080002,55.270145,7091000
2012-06-26,98.970001,101.290001,98.830002,100.949997,56.313293,7616000
2012-06-27,101.459999,102.900002,101.25,102.57,57.216976,5740300
2012-06-28,101.849998,103.650002,101.43,103.459999,57.713474,7010200
2012-06-29,105.32,105.510002,104.349998,105.5,58.851433,10651500
2012-07-02,105.589996,106.089996,104.690002,105.860001,59.052254,5695600
2012-07-03,106.290001,107.419998,106.220001,107.370003,59.8946,4079900
2012-07-05,106.269997,107.050003,105.730003,106.029999,59.147091,5045600
2012-07-06,104.989998,105.349998,104.389999,105.07,58.611565,4609000
2012-07-09,104.970001,105.040001,103.550003,104.459999,58.271286,5233300
2012-07-10,104.870003,105.389999,103.290001,103.879997,57.947758,6424200
2012-07-11,104.309998,105.629997,104.019997,104.849998,58.488853,5931000
2012-07-12,104.309998,106.080002,104.269997,105.029999,58.589233,7871500
2012-07-13,105.339996,106.190002,104.870003,106.010002,59.135921,6771800
2012-07-16,105.709999,107.25,105.5,106.779999,59.565464,5185100
2012-07-17,106.989998,107.5,105.580002,107.43,59.928055,6668200
2012-07-18,106.790001,107.980003,106.660004,107.879997,60.179066,5519300
2012-07-19,107.919998,108.980003,107.120003,108.839996,60.714592,6829400
2012-07-20,108.160004,109.25,107.5,109.190002,60.909828,9368100
2012-07-23,107.25,108.279999,106.029999,107.949997,60.218117,5953200
2012-07-24,108.160004,108.160004,104.610001,106.300003,59.297699,6654900
2012-07-25,106.519997,106.769997,105.279999,106.059998,59.163837,5476400
2012-07-26,107.589996,108.629997,107.260002,108.269997,60.396622,6808200
2012-07-27,109.379997,109.5,107.129997,109.260002,60.948898,8338800
2012-07-30,108.870003,109.93,108.760002,109.82,61.26128,5789900
2012-07-31,109.550003,110.82,109.529999,109.580002,61.127396,10012500
2012-08-01,109.720001,111.230003,109.139999,110.5,61.640598,8363800
2012-08-02,109.459999,109.93,108.470001,109.25,60.943291,6662200
2012-08-03,111.139999,111.879997,110.900002,111.120003,61.986454,5967600
2012-08-06,110.75,112.099998,110.699997,111.309998,62.092453,5201900
2012-08-07,111.599998,112.389999,111.510002,111.949997,62.449436,5453300
2012-08-08,111.5,112.639999,111.360001,112.139999,62.55545,5443400
2012-08-09,112.260002,113.279999,111.730003,112.629997,62.828777,4846700
2012-08-10,111.959999,113.639999,111.279999,113.550003,63.341995,5107600
2012-08-13,113.32,113.589996,112.709999,113.279999,63.19136,4336100
2012-08-14,113.699997,113.870003,112.959999,113.32,63.213684,6286100
2012-08-15,112.129997,113.0,112.0,112.57,63.298042,4539900
2012-08-16,112.720001,113.589996,112.099998,113.32,63.719765,5394600
2012-08-17,113.309998,113.57,112.510002,112.660004,63.348625,5642600
2012-08-20,112.690002,112.889999,112.139999,112.519997,63.269909,3908100
2012-08-21,112.809998,113.449997,111.779999,111.980003,62.966274,4647100
2012-08-22,111.900002,112.349998,111.279999,112.150002,63.061867,4445400
2012-08-23,112.080002,112.169998,110.949997,111.290001,62.578297,4191500
2012-08-24,110.769997,112.199997,110.760002,112.010002,62.983139,3453300
2012-08-27,112.18,112.389999,111.459999,111.730003,62.82571,3388800
2012-08-28,111.839996,112.809998,111.769997,112.349998,63.17432,3340900
2012-08-29,112.330002,112.440002,111.599998,111.800003,62.865074,3296300
2012-08-30,111.489998,111.690002,110.919998,110.93,62.375874,3523200
2012-08-31,111.669998,112.949997,111.669998,112.160004,63.067493,5557000
2012-09-04,112.029999,112.269997,110.879997,111.220001,62.538921,4632400
2012-09-05,111.599998,111.730003,110.589996,110.769997,62.285904,4441200
2012-09-06,111.57,113.440002,111.57,113.029999,63.556686,5531500
2012-09-07,112.970001,114.0,112.739998,114.0,64.102135,5057300
2012-09-10,114.199997,114.540001,113.599998,113.959999,64.079613,5212400
2012-09-11,114.07,114.75,114.0,114.18,64.203339,4758800
2012-09-12,114.230003,114.739998,114.029999,114.480003,64.372009,4420700
2012-09-13,114.730003,116.970001,114.120003,116.559998,65.541603,7737700
2012-09-14,116.93,118.220001,116.480003,117.25,65.929581,8978300
2012-09-17,117.169998,118.5,116.889999,117.139999,65.867744,7409700
2012-09-18,116.989998,117.650002,116.589996,116.970001,65.772133,5100100
2012-09-19,117.089996,117.18,115.830002,116.599998,65.564064,5978000
2012-09-20,116.139999,118.169998,115.5,117.849998,66.266968,7286200
2012-09-21,118.529999,118.529999,117.470001,117.800003,66.238853,10280700
2012-09-24,117.550003,118.489998,117.459999,117.779999,66.2276,6808800
2012-09-25,118.18,118.5,116.529999,116.93,65.749649,7565400
2012-09-26,116.82,117.0,116.150002,116.300003,65.395409,5586700
2012-09-27,116.779999,117.400002,116.519997,117.199997,65.901474,5482200
2012-09-28,116.879997,116.889999,116.150002,116.559998,65.541603,5626800
2012-10-01,116.919998,118.25,116.870003,117.25,65.929581,4914900
2012-10-02,117.650002,118.080002,116.919998,117.959999,66.328819,6012400
2012-10-03,117.650002,117.739998,116.050003,116.139999,65.305443,7362500
2012-10-04,116.639999,117.470001,116.470001,117.150002,65.87336,5425700
2012-10-05,117.419998,118.25,117.120003,117.5,66.070168,4507900
2012-10-08,117.190002,117.870003,116.949997,117.620003,66.13765,3434900
2012-10-09,117.519997,118.379997,117.349998,117.360001,65.991455,5983500
2012-10-10,114.639999,115.050003,112.010002,112.449997,63.230526,15959000
2012-10-11,113.370003,114.220001,113.059998,113.059998,63.573574,7279900
2012-10-12,113.080002,113.290001,111.610001,112.07,63.016869,5915800
2012-10-15,112.160004,113.040001,111.099998,112.82,63.438625,5775100
2012-10-16,113.480003,114.410004,113.32,114.089996,64.152702,4793300
2012-10-17,114.360001,115.360001,114.360001,115.18,64.765633,5218200
2012-10-18,114.550003,115.029999,114.370003,114.650002,64.467613,6166900
2012-10-19,114.900002,114.989998,113.110001,113.379997,63.753498,7160000
2012-10-22,113.610001,113.699997,111.730003,112.739998,63.393612,4811900
2012-10-23,111.580002,111.580002,109.099998,109.379997,61.504288,8011000
2012-10-24,109.419998,110.489998,109.029999,109.709999,61.689857,5087900
2012-10-25,110.629997,110.970001,109.650002,110.959999,62.392742,4888600
2012-10-26,110.669998,111.690002,110.580002,111.18,62.516407,4777600
2012-10-31,111.93,111.940002,109.25,110.239998,61.987869,5958500
2012-11-01,110.019997,111.690002,109.889999,111.459999,62.673878,6480500
2012-11-02,110.699997,111.209999,107.57,108.370003,60.936382,8375300
2012-11-05,107.739998,109.339996,107.739998,109.190002,61.397465,4058300
2012-11-06,109.650002,110.690002,109.25,110.360001,62.05534,5379400
2012-11-07,109.239998,109.300003,106.779999,107.510002,60.452812,7627300
2012-11-08,107.230003,107.669998,105.870003,105.870003,59.530632,6208900
2012-11-09,105.260002,106.690002,105.080002,105.839996,59.513775,5835100
2012-11-12,106.449997,106.519997,105.489998,105.93,59.564373,4001800
2012-11-13,105.370003,106.449997,105.199997,105.279999,59.198853,4834200
2012-11-14,104.989998,105.010002,102.220001,102.5,58.132622,8609400
2012-11-15,101.989998,103.470001,100.660004,101.620003,57.633545,9774300
2012-11-16,101.559998,102.489998,101.0,102.400002,58.075943,8242400
2012-11-19,103.669998,104.349998,103.139999,104.349998,59.181862,6850900
2012-11-20,104.010002,104.120003,102.919998,103.559998,58.733803,5283800
2012-11-21,103.949997,104.120003,103.410004,104.099998,59.040058,3656400
2012-11-23,104.870003,105.470001,104.459999,105.470001,59.817074,2776400
2012-11-26,104.75,104.989998,104.25,104.989998,59.544815,4354100
2012-11-27,105.0,105.160004,103.199997,103.379997,58.631714,6612400
2012-11-28,102.980003,105.620003,102.760002,105.580002,59.87944,7024200
2012-11-29,105.889999,106.690002,105.379997,105.790001,59.998543,5756200
2012-11-30,106.099998,106.370003,105.269997,105.690002,59.941833,6676400
2012-12-03,106.0,106.07,104.379997,104.660004,59.35767,5736400
2012-12-04,104.400002,105.089996,103.940002,103.959999,58.960659,6665100
2012-12-05,104.379997,105.809998,104.0,105.169998,59.646912,6430800
2012-12-06,105.489998,106.5,105.290001,106.449997,60.372868,7392300
2012-12-07,106.730003,107.0,106.139999,106.989998,60.679089,4947300
2012-12-10,107.099998,107.690002,106.470001,106.959999,60.662117,5512100
2012-12-11,107.290001,108.230003,107.150002,107.739998,61.104477,5922700
2012-12-12,108.169998,109.18,107.93,108.080002,61.297329,5968200
2012-12-13,108.540001,108.540001,107.459999,107.910004,61.200901,4909800
2012-12-14,107.610001,108.389999,107.400002,107.82,61.149845,5889300
2012-12-17,107.970001,108.839996,107.940002,108.68,61.637623,6097100
2012-12-18,108.540001,110.400002,108.32,110.099998,62.442974,7102700
2012-12-19,110.470001,111.110001,109.889999,109.910004,62.33519,7623200
2012-12-20,110.0,110.669998,109.650002,110.379997,62.601742,5873900
2012-12-21,109.57,110.300003,108.559998,109.709999,62.221767,15611700
2012-12-24,109.300003,109.389999,108.480003,108.629997,61.609249,2284400
2012-12-26,109.099998,109.269997,108.209999,108.459999,61.512825,4094300
2012-12-27,108.459999,108.860001,107.269997,108.519997,61.546856,5525700
2012-12-28,107.68,107.779999,106.300003,106.449997,60.372868,5277100
2012-12-31,105.75,108.230003,105.75,108.139999,61.331345,6554000
2013-01-02,110.269997,110.419998,108.739998,110.389999,62.607433,6144100
2013-01-03,110.139999,110.919998,109.510002,109.919998,62.340843,6817000
2013-01-04,109.989998,110.620003,109.900002,110.5,62.669811,4414500
2013-01-07,110.019997,110.089996,109.190002,109.75,62.244453,4861000
2013-01-08,109.480003,109.690002,109.099998,109.260002,61.966572,6325400
2013-01-09,109.720001,110.080002,109.199997,109.540001,62.125347,4558600
2013-01-10,110.190002,110.760002,110.089996,110.470001,62.652798,5276400
2013-01-11,111.199997,112.080002,110.800003,111.730003,63.367405,5456300
2013-01-14,111.379997,112.949997,111.349998,112.849998,64.002602,6373900
2013-01-15,112.260002,113.470001,112.150002,113.440002,64.337227,5637600
2013-01-16,113.309998,114.330002,113.169998,113.970001,64.637833,6148500
2013-01-17,114.730003,115.860001,114.589996,114.739998,65.074524,6966000
2013-01-18,115.230003,115.239998,114.059998,115.239998,65.35807,8538000
2013-01-22,115.110001,115.940002,114.529999,115.910004,65.738075,5398000
2013-01-23,115.349998,115.900002,114.93,115.010002,65.227661,5031800
2013-01-24,115.489998,116.370003,115.279999,115.5,65.505531,4895800
2013-01-25,115.519997,116.379997,115.150002,116.199997,65.902542,4745400
2013-01-28,116.559998,116.580002,115.410004,116.040001,65.81179,4520500
2013-01-29,116.279999,117.400002,116.25,117.209999,66.47538,4370100
2013-01-30,117.07,117.5,116.260002,116.449997,66.044334,5168200
2013-01-31,116.220001,116.900002,115.150002,115.150002,65.307053,7777900
2013-02-01,115.839996,116.690002,115.050003,116.5,66.072716,6415900
2013-02-04,115.019997,115.889999,114.290001,115.199997,65.335396,6397600
2013-02-05,115.739998,116.379997,115.510002,115.809998,65.681351,5067800
2013-02-06,115.43,115.919998,114.849998,115.910004,65.738075,4459800
2013-02-07,115.989998,116.0,114.330002,115.019997,65.233322,5423900
2013-02-08,114.93,115.779999,114.900002,115.639999,65.584946,4457200
2013-02-11,115.68,115.839996,115.010002,115.639999,65.584946,3766300
2013-02-12,115.720001,116.839996,115.510002,116.5,66.072716,4530600
2013-02-13,115.43,115.839996,114.910004,115.529999,66.032669,4111000
2013-02-14,115.160004,116.260002,115.07,115.709999,66.135567,5226400
2013-02-15,115.5,115.699997,114.029999,114.959999,65.706886,6353200
2013-02-19,115.190002,116.260002,115.190002,115.919998,66.255592,5023300
2013-02-20,115.93,116.099998,114.839996,114.989998,65.724045,5447000
2013-02-21,114.790001,115.300003,114.089996,114.989998,65.724045,4795100
2013-02-22,115.510002,116.230003,114.82,115.959999,66.278465,5207200
2013-02-25,116.5,117.339996,113.5,113.540001,64.895302,7522800
2013-02-26,114.470001,115.169998,113.75,114.959999,65.706886,6113100
2013-02-27,114.709999,116.949997,114.709999,116.650002,66.672844,4540600
2013-02-28,116.57,117.889999,116.349998,117.150002,66.958611,5953600
2013-03-01,116.730003,117.239998,115.949997,116.900002,66.815727,5570300
2013-03-04,116.779999,117.809998,116.080002,117.489998,67.152939,5046700
2013-03-05,117.970001,118.25,117.669998,117.93,67.404449,6356000
2013-03-06,118.300003,118.779999,118.029999,118.470001,67.713074,5362200
2013-03-07,118.620003,118.889999,118.209999,118.559998,67.764511,4378700
2013-03-08,118.949997,119.110001,117.989998,118.57,67.770241,4992000
2013-03-11,118.629997,118.800003,118.099998,118.730003,67.861671,4528400
2013-03-12,118.879997,119.300003,118.160004,118.25,67.587341,4625000
2013-03-13,118.379997,118.699997,118.059998,118.360001,67.65023,5393300
2013-03-14,118.730003,120.260002,118.599998,120.0,68.587555,7476700
2013-03-15,119.589996,119.919998,118.910004,119.68,68.404663,10215600
2013-03-18,118.779999,119.900002,118.699997,119.129997,68.090309,4828700
2013-03-19,119.389999,119.809998,118.650002,119.459999,68.278938,5244200
2013-03-20,119.980003,120.879997,119.860001,120.349998,68.787613,5945300
2013-03-21,120.0,120.989998,119.809998,120.339996,68.781891,6168500
2013-03-22,120.660004,121.400002,120.480003,121.18,69.262024,5190700
2013-03-25,121.5,121.559998,119.559998,120.18,68.690475,6345300
2013-03-26,120.739998,121.129997,120.32,120.980003,69.147705,4256400
2013-03-27,120.5,120.709999,119.699997,120.190002,68.696167,4329600
2013-03-28,120.440002,120.730003,118.760002,118.82,67.913116,8280100
2013-04-01,118.989998,119.860001,118.760002,119.610001,68.364655,4322200
2013-04-02,119.839996,119.949997,118.660004,119.0,68.016006,4813900
2013-04-03,119.18,119.25,117.349998,117.779999,67.31871,7175000
2013-04-04,117.93,118.68,117.169998,118.07,67.484451,5409700
2013-04-05,116.639999,117.639999,116.169998,117.519997,67.170074,5029900
2013-04-08,117.449997,117.870003,116.650002,117.809998,67.335854,4117400
2013-04-09,117.989998,118.870003,117.629997,118.639999,67.810257,4849700
2013-04-10,118.889999,119.830002,118.510002,119.639999,68.381821,5452000
2013-04-11,119.959999,121.150002,119.519997,120.949997,69.130554,6092300
2013-04-12,120.459999,120.900002,119.5,119.940002,68.553299,6391700
2013-04-15,118.809998,118.900002,116.5,116.57,66.627106,9766800
2013-04-16,117.339996,117.5,116.209999,117.010002,66.878593,6511400
2013-04-17,116.400002,116.400002,114.120003,114.809998,65.62114,8291200
2013-04-18,114.879997,116.120003,114.599998,115.589996,66.066963,6451600
2013-04-19,116.360001,116.949997,115.830002,115.900002,66.244156,7573200
2013-04-22,116.389999,117.099998,115.889999,116.57,66.627106,5435700
2013-04-23,116.989998,118.089996,115.900002,117.480003,67.147255,6745200
2013-04-24,118.040001,118.68,117.980003,118.279999,67.604492,4559000
2013-04-25,119.07,120.0,118.300003,118.510002,67.735924,5602800
2013-04-26,119.0,120.410004,118.68,120.040001,68.610435,6012200
2013-04-29,120.440002,121.599998,120.040001,121.32,69.34201,5158500
2013-04-30,121.050003,122.010002,120.120003,122.010002,69.736435,6907400
2013-05-01,121.25,121.57,120.050003,120.269997,68.74189,6082100
2013-05-02,121.0,122.330002,120.629997,122.040001,69.753555,5066100
2013-05-03,122.690002,123.910004,122.459999,123.489998,70.582344,6384300
2013-05-06,123.32,123.779999,122.709999,123.25,70.445145,4668700
2013-05-07,123.349998,123.720001,122.540001,123.040001,70.325127,4412600
2013-05-08,122.980003,123.599998,122.849998,123.360001,70.508011,4479800
2013-05-09,123.459999,123.949997,122.959999,123.639999,70.668037,9237500
2013-05-10,123.379997,123.709999,122.110001,123.230003,70.433716,10581700
2013-05-13,122.900002,123.099998,122.169998,122.849998,70.21653,16870100
2013-05-14,122.919998,125.0,122.910004,125.0,71.445389,6965800
2013-05-15,123.730003,123.730003,122.599998,123.010002,70.874977,7950400
2013-05-16,122.739998,123.370003,122.5,122.760002,70.730934,5549800
2013-05-17,122.739998,123.419998,122.269997,123.419998,71.111198,6850200
2013-05-20,123.43,124.839996,123.18,124.779999,71.894791,5298200
2013-05-21,124.839996,126.199997,124.75,125.940002,72.563164,6699300
2013-05-22,125.910004,126.980003,124.599998,124.93,71.981239,9350100
2013-05-23,124.209999,125.830002,124.209999,125.400002,72.252037,8096100
2013-05-24,124.5,125.559998,124.330002,125.449997,72.28083,5593200
2013-05-28,126.389999,127.400002,125.860001,126.43,72.845451,6598500
2013-05-29,126.07,126.730003,124.809998,125.489998,72.303894,6422400
2013-05-30,125.230003,125.970001,124.510002,125.110001,72.084938,4353400
2013-05-31,124.639999,125.300003,122.75,122.75,70.725212,7905000
2013-06-03,122.349998,124.120003,122.349998,124.089996,71.497238,7256900
2013-06-04,122.82,123.650002,122.139999,122.959999,70.846153,7675500
2013-06-05,122.339996,123.099998,121.309998,121.57,70.04528,7745600
2013-06-06,121.269997,121.489998,118.660004,120.589996,69.480637,10141500
2013-06-07,121.220001,121.970001,120.139999,121.699997,70.120193,6089800
2013-06-10,122.940002,122.980003,121.800003,122.690002,70.690582,5585600
2013-06-11,121.870003,122.760002,121.260002,121.449997,69.976166,4548000
2013-06-12,122.32,122.730003,119.610001,119.970001,69.123413,5489200
2013-06-13,119.900002,121.830002,119.809998,121.660004,70.097176,4656700
2013-06-14,121.129997,121.68,120.099998,120.279999,69.302025,4415300
2013-06-17,120.449997,121.779999,120.279999,121.220001,69.843636,4046900
2013-06-18,121.029999,121.720001,120.860001,121.519997,70.016472,4544800
2013-06-19,121.800003,122.379997,120.410004,120.5,69.428772,4634300
2013-06-20,119.540001,119.660004,117.57,117.949997,67.959549,7624100
2013-06-21,119.239998,119.540001,117.260002,118.93,68.524178,10692100
2013-06-24,117.709999,118.029999,116.019997,116.82,67.308479,6785700
2013-06-25,117.75,117.870003,116.919998,117.449997,67.671455,5983100
2013-06-26,118.339996,118.540001,117.0,118.150002,68.074791,4820700
2013-06-27,118.519997,119.540001,118.489998,118.709999,68.397438,4459400
2013-06-28,118.790001,119.559998,118.139999,118.339996,68.184227,6504400
2013-07-01,118.349998,120.010002,118.0,119.080002,68.610626,5053000
2013-07-02,119.089996,120.330002,118.589996,119.150002,68.650963,4912000
2013-07-03,119.239998,119.300003,118.610001,119.080002,68.610626,3034800
2013-07-05,119.690002,120.860001,119.099998,120.510002,69.434555,4386200
2013-07-08,121.290001,122.309998,120.980003,121.239998,69.855164,4964400
2013-07-09,122.389999,123.739998,122.050003,123.269997,71.024765,6252900
2013-07-10,123.449997,124.540001,122.709999,122.900002,70.811592,5549600
2013-07-11,123.949997,124.110001,122.510002,123.769997,71.312889,7235100
2013-07-12,123.519997,124.150002,123.040001,124.059998,71.479965,5615000
2013-07-15,124.110001,125.139999,124.059998,124.68,71.837196,4062000
2013-07-16,124.709999,125.239998,123.550003,124.120003,71.514526,4002900
2013-07-17,124.650002,125.0,124.290001,124.349998,71.647041,3634600
2013-07-18,124.68,125.650002,124.639999,125.470001,72.292343,4324100
2013-07-19,125.790001,126.910004,125.169998,126.910004,73.12207,5929900
2013-07-22,126.709999,127.610001,126.650002,127.029999,73.191185,4056100
2013-07-23,127.07,127.650002,126.699997,127.260002,73.323715,3763300
2013-07-24,127.25,127.629997,125.900002,126.370003,72.810928,4527800
2013-07-25,126.139999,127.830002,125.790001,127.760002,73.611809,4466400
2013-07-26,127.029999,127.620003,126.089996,127.559998,73.496567,4829900
2013-07-29,127.370003,127.370003,125.889999,126.169998,72.695709,4028900
2013-07-30,126.199997,126.959999,125.190002,125.779999,72.470978,4589500
2013-07-31,126.019997,126.910004,125.459999,125.889999,72.534348,5394300
2013-08-01,126.489998,126.660004,125.639999,126.440002,72.851257,5757100
2013-08-02,124.870003,125.099998,123.300003,124.949997,71.992752,7472700
2013-08-05,124.720001,124.75,123.760002,123.989998,71.439621,3733700
2013-08-06,123.970001,124.160004,123.010002,123.139999,70.94989,4677700
2013-08-07,123.029999,123.919998,122.800003,123.330002,71.059372,3898500
2013-08-08,123.879997,124.209999,121.910004,123.07,70.909554,5639200
2013-08-09,123.120003,123.120003,121.68,122.5,70.581116,5739400
2013-08-12,122.0,122.07,120.910004,121.800003,70.177803,6014800
2013-08-13,121.93,123.230003,121.400002,122.5,70.581116,4461000
2013-08-14,122.760002,122.959999,121.540001,122.050003,70.321861,6884900
2013-08-15,120.68,121.0,120.0,120.25,69.857086,4247800
2013-08-16,119.889999,120.190002,119.050003,119.879997,69.642159,5652500
2013-08-19,119.690002,120.0,118.519997,118.660004,68.933411,4308900
2013-08-20,118.589996,119.300003,118.290001,118.290001,68.718483,4490700
2013-08-21,118.379997,118.5,117.220001,117.699997,68.37574,5648600
2013-08-22,117.940002,119.190002,117.43,118.290001,68.718483,4028600
2013-08-23,118.690002,119.730003,118.120003,119.529999,69.43885,4675900
2013-08-26,119.739998,119.919998,118.519997,118.839996,69.038017,3783400
2013-08-27,118.239998,119.669998,118.07,118.809998,69.020569,5185600
2013-08-28,119.459999,122.360001,119.459999,121.809998,70.763359,7615400
2013-08-29,121.150002,121.559998,120.059998,120.370003,69.926819,5488800
2013-08-30,120.519997,120.879997,120.07,120.43,69.961662,4696100
2013-09-03,121.339996,121.480003,120.0,120.550003,70.031403,4154300
2013-09-04,120.349998,121.269997,119.940002,120.860001,70.211464,3671200
2013-09-05,121.080002,121.669998,120.910004,121.370003,70.507736,3337300
2013-09-06,121.529999,122.75,119.010002,121.209999,70.414825,5690200
2013-09-09,121.209999,122.470001,121.209999,122.220001,71.001556,4482000
2013-09-10,122.82,123.010002,121.209999,123.010002,71.460487,6000800
2013-09-11,123.050003,124.0,122.790001,123.919998,71.98912,4995800
2013-09-12,124.050003,124.620003,123.639999,123.889999,71.971687,4529700
2013-09-13,123.980003,124.830002,123.809998,124.139999,72.116951,3094000
2013-09-16,124.980003,125.190002,123.980003,124.080002,72.082077,4277800
2013-09-17,124.099998,125.190002,124.080002,124.339996,72.233131,5458200
2013-09-18,124.360001,126.43,123.82,125.82,73.092873,6296900
2013-09-19,125.860001,126.120003,125.25,125.440002,72.872177,4440800
2013-09-20,125.660004,126.230003,124.739998,124.919998,72.570068,10264700
2013-09-23,124.620003,125.620003,124.57,125.519997,72.918617,5450600
2013-09-24,125.339996,125.839996,124.410004,124.489998,72.320259,6097900
2013-09-25,124.769997,125.029999,124.07,124.07,72.076256,4498900
2013-09-26,124.099998,124.440002,123.019997,123.489998,71.739334,5022600
2013-09-27,123.230003,123.260002,122.510002,122.639999,71.24556,4518800
2013-09-30,121.599998,122.019997,120.5,121.5,70.583267,6421800
2013-10-01,121.269997,121.739998,120.839996,121.32,70.478699,4702300
2013-10-02,121.040001,121.18,119.760002,120.830002,70.194061,5899800
2013-10-03,120.620003,120.660004,117.93,118.25,68.695244,10203700
2013-10-04,118.5,118.540001,117.519997,118.129997,68.625504,6538500
2013-10-07,117.43,118.5,117.209999,117.870003,68.474487,5677400
2013-10-08,117.889999,118.089996,116.709999,116.730003,67.812241,6744200
2013-10-09,116.550003,116.800003,115.32,116.129997,67.463676,8861700
2013-10-10,115.239998,116.379997,114.440002,116.379997,67.608902,11133000
2013-10-11,116.57,117.709999,115.93,117.669998,68.358284,6535800
2013-10-14,117.330002,118.75,116.32,118.580002,68.886948,4789800
2013-10-15,118.559998,119.07,117.769997,118.150002,68.637146,6414700
2013-10-16,119.419998,119.720001,118.339996,119.160004,69.223892,5614200
2013-10-17,119.099998,119.610001,118.669998,119.519997,69.433006,5254800
2013-10-18,119.610001,119.849998,119.129997,119.650002,69.508545,6231100
2013-10-21,119.629997,120.190002,119.309998,119.82,69.6073,4360700
2013-10-22,120.139999,120.790001,119.709999,120.639999,70.083687,6444900
2013-10-23,120.290001,120.639999,119.839996,120.129997,69.787407,4961900
2013-10-24,120.669998,121.0,119.910004,120.559998,70.037193,4188100
2013-10-25,120.589996,121.220001,120.269997,120.589996,70.054611,4273300
2013-10-28,120.559998,121.150002,120.089996,120.910004,70.240524,5497700
2013-10-29,121.330002,122.010002,121.160004,121.5,70.583267,4241700
2013-10-30,121.540001,121.959999,119.910004,120.300003,69.886154,4999100
2013-10-31,120.150002,121.330002,119.830002,119.959999,69.688637,7752500
2013-11-01,119.040001,119.440002,117.0,118.010002,68.555824,9344200
2013-11-04,118.589996,118.599998,117.32,118.099998,68.608086,6670300
2013-11-05,117.599998,118.900002,117.07,118.449997,68.811432,6623300
2013-11-06,119.300003,121.410004,118.82,121.139999,70.374146,8373200
2013-11-07,121.599998,121.879997,119.419998,119.910004,69.659607,10131200
2013-11-08,119.669998,121.209999,119.580002,121.190002,70.403175,11331000
2013-11-11,121.18,121.5,120.709999,121.080002,70.339272,3427600
2013-11-12,121.029999,121.25,119.629997,120.0,69.711876,6914200
2013-11-13,119.580002,120.150002,119.190002,120.089996,69.764153,6212000
2013-11-14,119.580002,119.93,119.32,119.559998,70.039482,5470900
2013-11-15,119.779999,120.269997,119.129997,120.059998,70.332382,6008000
2013-11-18,120.709999,120.889999,120.07,120.559998,70.625298,4788700
2013-11-19,120.550003,122.379997,120.269997,122.059998,71.504013,5891800
2013-11-20,122.160004,122.75,121.599998,122.0,71.468864,4571300
2013-11-21,122.360001,123.599998,122.360001,123.459999,72.324142,4884300
2013-11-22,123.540001,124.190002,122.419998,124.029999,72.658073,3887400
2013-11-25,123.769997,124.099998,123.220001,123.739998,72.488197,3925300
2013-11-26,123.410004,123.699997,122.650002,122.779999,71.925774,4597500
2013-11-27,122.620003,122.739998,121.639999,122.419998,71.714912,3906700
2013-11-29,122.830002,123.300003,122.0,122.440002,71.726646,3721000
2013-12-02,122.870003,123.059998,122.050003,122.339996,71.668022,5384000
2013-12-03,122.309998,122.900002,121.870003,122.519997,71.773483,5410200
2013-12-04,122.099998,122.830002,121.190002,121.769997,71.334137,4391800
2013-12-05,121.269997,122.0,120.709999,121.099998,70.941635,4706800
2013-12-06,122.050003,122.360001,121.650002,122.290001,71.638748,4179100
2013-12-09,122.269997,123.879997,122.160004,123.339996,72.253853,7706500
2013-12-10,123.790001,123.940002,122.699997,123.660004,72.441322,5602700
2013-12-11,123.82,123.889999,121.800003,122.099998,71.527451,7309900
2013-12-12,121.779999,122.099998,120.57,120.989998,70.877213,7221200
2013-12-13,120.440002,121.139999,119.379997,119.900002,70.238678,5268100
2013-12-16,120.459999,120.699997,119.809998,120.220001,70.426117,7304500
2013-12-17,120.120003,120.230003,118.25,118.739998,69.55912,6824000
2013-12-18,119.330002,121.769997,119.209999,121.599998,71.234535,8206400
2013-12-19,121.57,123.400002,121.059998,123.220001,72.18354,6540600
2013-12-20,122.82,123.790001,122.400002,122.779999,71.925774,9455200
2013-12-23,123.410004,123.589996,122.629997,122.800003,71.937523,4062400
2013-12-24,122.769997,123.550003,122.699997,123.510002,72.353432,1587800
2013-12-26,123.599998,124.989998,123.550003,124.809998,73.11499,3415200
2013-12-27,125.0,125.650002,124.690002,125.230003,73.361015,3455300
2013-12-30,124.790001,125.209999,123.900002,124.230003,72.77523,4688500
2013-12-31,124.68,125.169998,123.93,124.910004,73.173561,3475600
2014-01-02,124.459999,124.879997,123.709999,124.139999,72.722511,4540300
2014-01-03,124.599998,124.889999,123.860001,124.349998,72.845512,3506000
2014-01-06,124.589996,124.800003,123.519997,124.019997,72.652199,4252300
2014-01-07,124.419998,125.32,123.650002,125.07,73.267319,4563300
2014-01-08,124.440002,124.459999,122.75,123.290001,72.224548,8282500
2014-01-09,123.419998,123.419998,122.019997,123.290001,72.224548,5643500
2014-01-10,122.5,122.839996,120.370003,121.010002,70.888908,8127500
2014-01-13,120.809998,120.900002,119.010002,119.25,69.857895,6504200
2014-01-14,119.400002,119.75,118.800003,119.57,70.045357,6904600
2014-01-15,119.690002,120.07,119.050003,119.18,69.816879,5829300
2014-01-16,119.110001,119.290001,118.190002,118.830002,69.611862,5041100
2014-01-17,119.029999,120.379997,118.739998,119.290001,69.881355,7199700
2014-01-21,120.739998,120.889999,119.510002,120.360001,70.50811,5602300
2014-01-22,120.510002,120.760002,119.970001,120.43,70.549141,4977500
2014-01-23,119.839996,119.849998,118.260002,118.389999,69.354088,6205800
2014-01-24,117.870003,118.139999,116.260002,116.290001,68.123886,7094900
2014-01-27,116.260002,117.25,115.879997,116.43,68.205902,6179500
2014-01-28,116.720001,117.029999,116.07,116.839996,68.446091,4303700
2014-01-29,116.139999,116.889999,115.709999,116.0,67.954002,5522100
2014-01-30,116.309998,116.959999,115.18,116.449997,68.217621,5538700
2014-01-31,113.900002,113.900002,111.110001,111.629997,65.39402,15523500
2014-02-03,112.349998,112.459999,110.540001,111.139999,65.106979,11275300
2014-02-04,111.860001,112.040001,110.489998,110.830002,64.925362,9717200
2014-02-05,111.0,111.0,109.269997,109.519997,64.157944,10562900
2014-02-06,110.110001,111.349998,109.910004,111.269997,65.183105,7983300
2014-02-07,111.910004,112.120003,110.389999,112.050003,65.640053,7071800
2014-02-10,112.470001,112.470001,111.080002,111.690002,65.429169,9251300
2014-02-11,112.029999,113.870003,111.949997,113.580002,66.536339,6874700
2014-02-12,112.889999,112.889999,111.809998,112.029999,66.211288,6422100
2014-02-13,111.730003,112.739998,111.18,112.510002,66.49498,5061600
2014-02-14,112.580002,113.830002,111.589996,113.480003,67.068268,6776400
2014-02-18,113.860001,114.110001,112.599998,112.709999,66.613182,6106600
2014-02-19,112.550003,115.050003,112.470001,113.599998,67.139175,7989900
2014-02-20,113.510002,115.330002,113.099998,114.599998,67.730171,8406900
2014-02-21,114.720001,114.739998,112.599998,112.68,66.595444,9221100
2014-02-24,113.370003,115.0,113.050003,114.150002,67.464233,7337900
2014-02-25,114.370003,115.440002,114.239998,114.970001,67.948883,5976100
2014-02-26,114.82,115.860001,114.400002,115.510002,68.268028,6113800
2014-02-27,115.660004,115.82,114.559998,115.690002,68.37439,4922600
2014-02-28,115.870003,116.739998,114.809998,115.330002,68.161652,6944600
2014-03-03,114.790001,116.190002,114.260002,114.839996,67.87204,6046200
2014-03-04,115.889999,116.269997,115.260002,115.32,68.155724,5611500
2014-03-05,115.080002,115.260002,114.010002,114.43,67.629715,6703700
2014-03-06,114.709999,115.150002,114.349998,114.849998,67.87793,5179600
2014-03-07,115.07,115.949997,114.639999,115.080002,68.013878,5055600
2014-03-10,115.449997,115.940002,114.120003,115.839996,68.463058,6203000
2014-03-11,115.900002,116.230003,114.239998,114.510002,67.677002,6274300
2014-03-12,114.139999,116.360001,114.129997,115.650002,68.350784,6812900
2014-03-13,115.599998,115.75,114.120003,114.449997,67.641518,5405100
2014-03-14,114.360001,114.900002,113.68,114.099998,67.434685,6280000
2014-03-17,114.260002,115.290001,114.129997,115.07,68.007973,5894500
2014-03-18,115.620003,116.559998,115.199997,116.239998,68.69944,6329600
2014-03-19,115.879997,116.739998,114.660004,115.199997,68.08477,5569600
2014-03-20,114.849998,116.080002,114.32,115.510002,68.268028,5280600
2014-03-21,116.290001,118.0,115.580002,115.629997,68.338928,14893600
2014-03-24,116.0,116.690002,115.650002,115.849998,68.468933,5386900
2014-03-25,116.230003,117.190002,116.209999,117.089996,69.201805,5573000
2014-03-26,117.800003,118.279999,117.360001,117.709999,69.56826,5971600
2014-03-27,117.75,117.989998,116.830002,117.669998,69.544601,5224600
2014-03-28,118.129997,118.550003,117.699997,118.5,70.035141,5875100
2014-03-31,118.790001,119.620003,118.489998,118.910004,70.277451,5482700
2014-04-01,119.150002,119.610001,118.839996,119.0,70.33065,5391400
2014-04-02,118.519997,119.540001,118.519997,119.349998,70.537506,4505600
2014-04-03,119.779999,119.790001,118.889999,119.040001,70.354294,4446400
2014-04-04,119.75,119.75,118.589996,118.800003,70.212433,5301300
2014-04-07,118.32,118.82,117.339996,117.339996,69.349579,5241300
2014-04-08,117.660004,118.309998,117.18,117.800003,69.621437,4706100
2014-04-09,117.830002,119.25,117.589996,119.099998,70.389755,5376500
2014-04-10,117.199997,118.059998,116.550003,116.690002,68.965408,8769200
2014-04-11,116.5,117.730003,116.5,117.029999,69.166359,7028800
2014-04-14,117.839996,118.830002,117.339996,118.699997,70.153358,6817700
2014-04-15,118.709999,120.309998,118.339996,120.300003,71.098953,7681900
2014-04-16,120.900002,122.120003,120.900002,121.830002,72.003235,7277000
2014-04-17,121.720001,123.849998,121.720001,123.68,73.096596,8604900
2014-04-21,123.050003,124.400002,123.050003,124.239998,73.427574,6351100
2014-04-22,123.870003,124.349998,123.610001,124.0,73.285736,5849200
2014-04-23,124.190002,124.959999,124.190002,124.690002,73.693542,5596300
2014-04-24,124.839996,124.919998,124.139999,124.300003,73.463043,5185300
2014-04-25,124.230003,124.699997,123.580002,123.989998,73.279808,5776300
2014-04-28,124.260002,126.059998,124.25,125.730003,74.308189,7687800
2014-04-29,125.919998,127.269997,125.760002,125.970001,74.45002,6666800
2014-04-30,125.760002,125.980003,125.309998,125.519997,74.184059,6123500
2014-05-01,125.660004,125.760002,124.279999,124.940002,73.841278,6379600
2014-05-02,123.900002,125.800003,123.580002,124.720001,73.711243,5406100
2014-05-05,124.82,125.849998,124.339996,125.360001,74.089508,4224400
2014-05-06,125.0,125.690002,124.519997,124.970001,73.858986,5600000
2014-05-07,125.949997,126.779999,125.639999,126.230003,74.603699,5436000
2014-05-08,125.699997,126.129997,124.870003,125.089996,73.929962,5009800
2014-05-09,125.389999,126.07,124.639999,125.029999,73.89447,4826100
2014-05-12,125.57,125.57,124.629997,125.239998,74.018585,4914700
2014-05-13,125.57,125.989998,124.970001,125.849998,74.379105,4415200
2014-05-14,126.139999,126.779999,125.760002,126.419998,74.715958,4961400
2014-05-15,125.169998,125.5,123.550003,123.809998,73.798035,5939500
2014-05-16,123.959999,124.349998,122.889999,123.18,73.422523,6435100
2014-05-19,122.949997,123.419998,122.849998,122.949997,73.285431,4042300
2014-05-20,122.949997,123.099998,122.239998,122.5,73.017197,4044400
2014-05-21,123.0,124.360001,122.940002,124.160004,74.006676,4758700
2014-05-22,124.099998,124.410004,123.559998,123.629997,73.690781,3262700
2014-05-23,124.099998,124.360001,123.330002,123.370003,73.535782,3808100
2014-05-27,123.760002,123.989998,122.75,122.839996,73.219849,4283300
2014-05-28,122.900002,123.309998,122.519997,122.519997,73.029129,4702900
2014-05-29,122.889999,122.900002,121.650002,122.32,72.909889,6255000
2014-05-30,122.239998,122.879997,122.010002,122.790001,73.190071,5174700
2014-06-02,122.93,123.040001,122.010002,122.209999,72.844337,3689800
2014-06-03,122.389999,122.82,121.720001,122.550003,73.047012,3563800
2014-06-04,122.32,122.68,122.0,122.349998,72.927795,3285500
2014-06-05,122.529999,123.779999,122.459999,123.519997,73.625198,4220600
2014-06-06,123.699997,124.699997,123.540001,124.190002,74.024551,4295400
2014-06-09,124.010002,124.639999,123.879997,124.370003,74.131828,3657700
2014-06-10,124.980003,125.370003,124.150002,125.339996,74.710014,5869400
2014-06-11,125.129997,125.470001,124.620003,125.18,74.61467,4570900
2014-06-12,125.730003,126.230003,125.419998,126.110001,75.168961,6815800
2014-06-13,125.940002,127.260002,125.900002,127.260002,75.854462,5573600
2014-06-16,127.150002,128.809998,127.139999,128.539993,76.617409,7065300
2014-06-17,127.900002,129.039993,127.57,128.830002,76.79026,6720700
2014-06-18,128.960007,130.5,128.360001,130.279999,77.654564,7697700
2014-06-19,130.289993,132.0,129.910004,131.990005,78.67382,7419900
2014-06-20,131.949997,132.399994,130.880005,132.339996,78.882416,11348300
2014-06-23,132.520004,133.570007,132.419998,132.979996,79.263893,11006900
2014-06-24,132.740005,133.460007,131.710007,131.770004,78.542671,8581100
2014-06-25,131.339996,132.360001,131.009995,131.229996,78.220818,6714200
2014-06-26,131.210007,131.220001,129.529999,130.919998,78.036018,6111400
2014-06-27,130.729996,130.949997,129.300003,130.360001,77.702225,8674700
2014-06-30,130.149994,130.630005,129.369995,130.550003,77.815475,5698900
2014-07-01,130.940002,131.419998,130.460007,130.539993,77.80954,4000500
2014-07-02,130.529999,130.919998,129.990005,130.229996,77.624733,5136800
2014-07-03,131.440002,131.589996,130.720001,131.190002,78.196968,3514000
2014-07-07,130.440002,130.639999,130.020004,130.470001,77.767807,3660000
2014-07-08,129.699997,130.380005,129.520004,129.899994,77.428078,4687600
2014-07-09,130.270004,131.690002,129.990005,131.389999,78.31617,5200800
2014-07-10,130.479996,130.860001,129.899994,130.25,77.636658,4404800
2014-07-11,129.130005,129.889999,128.029999,128.470001,76.575676,5242700
2014-07-14,128.800003,129.5,128.380005,129.259995,77.04657,4135800
2014-07-15,129.070007,129.5,128.610001,129.259995,77.04657,4845000
2014-07-16,129.889999,130.940002,129.690002,130.889999,78.01815,4491800
2014-07-17,130.639999,131.5,129.880005,130.080002,77.535339,4953600
2014-07-18,130.639999,130.729996,129.580002,130.389999,77.720154,4339400
2014-07-21,130.110001,131.339996,130.009995,131.289993,78.256561,3714000
2014-07-22,131.550003,133.199997,131.550003,132.580002,79.025482,4391700
2014-07-23,132.699997,133.929993,132.479996,133.880005,79.800339,4589500
2014-07-24,134.029999,135.100006,133.690002,134.850006,80.378555,5337900
2014-07-25,134.580002,134.610001,133.059998,133.570007,79.615562,3702000
2014-07-28,133.559998,133.800003,132.889999,133.240005,79.418869,4625000
2014-07-29,132.899994,133.720001,132.419998,132.419998,78.930107,4189100
2014-07-30,132.970001,133.690002,131.5,132.529999,78.995674,4601800
2014-07-31,131.729996,131.970001,129.100006,129.240005,77.034637,7973700
2014-08-01,127.760002,128.960007,126.360001,127.900002,76.235916,7377800
2014-08-04,127.690002,128.360001,126.029999,128.169998,76.396866,7360000
2014-08-05,127.809998,127.809998,124.580002,124.959999,74.483513,8066700
2014-08-06,124.900002,126.970001,124.800003,125.730003,74.942505,5134900
2014-08-07,126.190002,126.730003,124.830002,125.650002,74.894783,4650700
2014-08-08,126.07,127.959999,125.910004,127.860001,76.21209,4730700
2014-08-11,128.160004,128.669998,127.540001,127.709999,76.122658,3466500
2014-08-12,127.139999,127.279999,126.260002,127.089996,75.753128,4944100
2014-08-13,127.639999,128.240005,126.870003,127.599998,76.057098,3518200
2014-08-14,127.68,127.699997,126.529999,126.959999,75.675629,4524000
2014-08-15,126.419998,126.790001,125.68,126.099998,75.801857,5754300
2014-08-18,126.269997,126.589996,125.629997,126.300003,75.922112,4630000
2014-08-19,126.720001,127.699997,126.550003,127.629997,76.721603,3887800
2014-08-20,127.25,127.599998,126.779999,127.489998,76.637421,3230300
2014-08-21,127.68,128.179993,127.18,127.93,76.901939,2668100
2014-08-22,127.019997,127.5,126.470001,127.110001,76.408981,3236900
2014-08-25,127.57,128.070007,127.379997,127.839996,76.847816,2645700
2014-08-26,128.059998,128.710007,127.940002,128.25,77.094269,2832400
2014-08-27,128.410004,128.820007,128.190002,128.639999,77.328735,2767000
2014-08-28,128.279999,128.899994,128.25,128.75,77.394844,2409000
2014-08-29,129.0,129.529999,128.5,129.449997,77.815628,3519000
2014-09-02,129.199997,129.380005,127.059998,127.540001,76.667465,4744500
2014-09-03,128.449997,128.880005,127.669998,127.860001,76.859848,3846300
2014-09-04,128.210007,128.460007,126.199997,126.800003,76.222664,5191200
2014-09-05,127.150002,127.440002,126.160004,127.400002,76.583321,5035500
2014-09-08,126.68,126.75,125.690002,126.209999,75.867973,4200800
2014-09-09,124.489998,125.790001,124.260002,125.18,75.248833,6721600
2014-09-10,124.459999,124.739998,123.010002,124.279999,74.707809,10941800
2014-09-11,123.279999,124.07,122.410004,123.830002,74.437325,6569600
2014-09-12,123.540001,123.660004,122.209999,122.660004,73.733986,4915600
2014-09-15,122.349998,124.779999,122.059998,124.239998,74.683777,5437600
2014-09-16,124.059998,125.68,123.610001,124.959999,75.1166,6587200
2014-09-17,125.129997,125.489998,124.449997,124.720001,74.972321,4583500
2014-09-18,124.849998,125.040001,123.849998,124.139999,74.62365,4683200
2014-09-19,124.940002,125.699997,124.650002,124.800003,75.020401,10090000
2014-09-22,124.599998,124.919998,123.470001,123.489998,74.232918,5850500
2014-09-23,123.529999,123.980003,122.860001,123.059998,73.974457,5620700
2014-09-24,123.07,123.07,120.849998,122.400002,73.577721,8005900
2014-09-25,122.199997,122.610001,120.68,120.68,72.543777,6466300
2014-09-26,120.550003,122.040001,120.019997,121.470001,73.018646,5500500
2014-09-29,120.720001,120.739998,119.139999,120.550003,72.465622,6791500
2014-09-30,120.510002,120.510002,118.660004,119.32,71.726234,8385700
2014-10-01,118.800003,119.349998,117.379997,117.650002,70.722374,8027900
2014-10-02,117.389999,117.900002,116.129997,117.110001,70.397751,8171200
2014-10-03,118.160004,118.160004,116.400002,117.709999,70.758438,6298300
2014-10-06,117.910004,119.050003,117.279999,118.089996,70.98687,5409500
2014-10-07,117.470001,118.43,116.0,116.019997,69.742523,7303800
2014-10-08,115.830002,118.25,115.150002,117.949997,70.902695,9517400
2014-10-09,117.019997,117.080002,114.239998,114.510002,68.834831,11489200
2014-10-10,114.699997,115.730003,112.879997,113.889999,68.46212,9253100
2014-10-13,113.550003,114.589996,111.849998,112.029999,67.344048,7799100
2014-10-14,112.599998,113.050003,109.099998,109.779999,65.991524,11541500
2014-10-15,108.57,109.5,106.650002,109.269997,65.684944,15278400
2014-10-16,107.959999,111.32,107.199997,111.059998,66.760933,11908400
2014-10-17,111.779999,112.739998,110.730003,111.800003,67.205788,10895500
2014-10-20,111.529999,112.279999,110.970001,111.489998,67.01944,8823800
2014-10-21,113.18,115.169998,112.910004,115.089996,69.183487,8899700
2014-10-22,115.199997,116.239998,113.910004,114.0,68.528252,7211600
2014-10-23,116.0,117.32,114.949997,116.190002,69.844704,7195500
2014-10-24,116.190002,116.260002,114.529999,115.910004,69.676414,5507900
2014-10-27,114.379997,115.370003,113.459999,115.019997,69.141396,6714600
2014-10-28,116.169998,117.269997,115.160004,117.129997,70.409767,7272600
2014-10-29,118.0,118.93,116.099998,117.139999,70.415794,6873700
2014-10-30,116.18,117.25,115.57,117.199997,70.451843,5174400
2014-10-31,118.349998,120.169998,116.389999,119.949997,72.104958,10669500
2014-11-03,119.830002,119.970001,116.459999,116.779999,70.199364,10343300
2014-11-04,115.989998,116.019997,114.800003,115.370003,69.351776,9585800
2014-11-05,117.269997,117.300003,114.860001,117.050003,70.361687,6603300
2014-11-06,116.900002,118.550003,116.360001,118.529999,71.251366,6383800
2014-11-07,118.75,119.730003,118.360001,118.800003,71.413673,7366600
2014-11-10,119.580002,119.669998,117.309998,117.919998,70.884666,6114600
2014-11-11,117.949997,118.669998,117.300003,118.440002,71.197258,3957000
2014-11-12,117.860001,118.709999,117.379997,117.650002,70.722374,4923900
2014-11-13,117.089996,117.470001,115.639999,116.449997,70.001038,11019900
2014-11-14,115.699997,116.349998,115.419998,116.32,70.57132,4891700
2014-11-17,115.959999,116.150002,115.269997,115.75,70.225479,5713700
2014-11-18,115.970001,116.629997,115.25,115.470001,70.055611,5672800
2014-11-19,115.970001,116.68,115.07,116.470001,70.662308,4270300
2014-11-20,116.160004,117.470001,116.160004,117.309998,71.171967,5272800
2014-11-21,118.790001,118.910004,117.730003,118.580002,71.942459,7361600
2014-11-24,118.129997,118.580002,117.150002,117.589996,71.341789,5807600
2014-11-25,117.800003,117.82,115.629997,116.150002,70.46817,6671400
2014-11-26,116.07,116.349998,115.019997,115.110001,69.837196,6715100
2014-11-28,111.589996,111.690002,108.43,108.870003,66.051376,11935600
2014-12-01,109.379997,112.489998,108.68,111.730003,67.786545,13400100
2014-12-02,111.269997,114.559998,110.889999,114.019997,69.175888,8548700
2014-12-03,114.739998,114.82,113.150002,113.709999,68.987808,8049800
2014-12-04,113.080002,113.080002,111.010002,112.279999,68.120239,8100700
2014-12-05,111.790001,112.290001,110.709999,110.870003,67.264809,7663400
2014-12-08,109.889999,109.940002,106.410004,106.800003,64.795517,13809000
2014-12-09,106.169998,108.150002,106.129997,107.010002,64.922943,11053000
2014-12-10,106.220001,106.25,103.07,104.860001,63.618534,15073400
2014-12-11,104.970001,107.269997,104.300003,104.910004,63.648872,10293600
2014-12-12,103.760002,104.349998,102.370003,102.379997,62.113914,12013600
2014-12-15,103.129997,103.910004,100.419998,100.860001,61.191719,13144200
2014-12-16,100.5,104.470001,100.150002,101.699997,61.701355,12722200
2014-12-17,102.18,106.589996,102.010002,106.019997,64.322296,13354000
2014-12-18,108.010002,109.029999,105.489998,109.029999,66.148476,13533000
2014-12-19,109.529999,112.959999,108.5,112.93,68.514595,15723300
2014-12-22,112.360001,112.989998,111.07,112.029999,67.968567,9433500
2014-12-23,112.760002,114.449997,112.32,113.949997,69.133415,8092000
2014-12-24,113.660004,114.139999,112.07,113.470001,68.842216,4536500
2014-12-26,113.93,114.349998,112.82,113.25,68.708733,4380400
2014-12-29,113.440002,114.379997,112.779999,113.32,68.751213,6043000
2014-12-30,112.93,113.650002,112.150002,113.110001,68.623795,5659500
2014-12-31,111.650002,113.309998,111.529999,112.18,68.059547,6411800
2015-01-02,111.629997,113.0,110.849998,112.580002,68.302246,5898800
2015-01-05,110.959999,111.199997,107.440002,108.080002,65.572113,11758100
2015-01-06,107.870003,109.019997,106.480003,108.029999,65.541763,11591600
2015-01-07,109.25,109.730003,107.510002,107.940002,65.48716,10353800
2015-01-08,109.190002,110.440002,108.599998,110.410004,66.985718,8650800
2015-01-09,110.139999,110.220001,107.669998,108.209999,65.650963,9584500
2015-01-12,107.470001,107.470001,105.559998,105.879997,64.237366,8912300
2015-01-13,106.919998,107.660004,103.190002,104.199997,63.218121,13277700
2015-01-14,103.199997,104.410004,101.830002,103.900002,63.036091,14116900
2015-01-15,104.410004,104.940002,102.529999,102.669998,62.289867,9664600
2015-01-16,102.470001,105.139999,102.470001,105.120003,63.776283,12604600
2015-01-20,104.559998,106.580002,103.809998,106.470001,64.595306,10406800
2015-01-21,106.790001,108.269997,106.349998,108.160004,65.620644,8271000
2015-01-22,108.760002,109.120003,106.989998,108.919998,66.081718,7471100
2015-01-23,108.220001,108.75,106.730003,106.849998,64.825867,7984400
2015-01-26,107.220001,109.349998,106.32,108.879997,66.057465,7670500
2015-01-27,108.110001,108.809998,107.629997,108.260002,65.681282,6388700
2015-01-28,108.160004,108.169998,103.419998,103.709999,62.920826,10526500
2015-01-29,104.239998,104.629997,101.660004,103.0,62.490063,13994400
2015-01-30,101.599998,103.279999,98.879997,102.529999,62.204906,20584700
2015-02-02,103.980003,106.129997,102.970001,106.059998,64.346558,11537600
2015-02-03,107.699997,110.110001,107.669998,109.529999,66.451836,14266700
2015-02-04,108.489998,109.279999,107.389999,108.349998,65.735909,10176000
2015-02-05,109.57,110.110001,108.57,109.309998,66.318344,7533300
2015-02-06,109.660004,110.459999,109.110001,109.610001,66.500351,7655500
2015-02-09,109.839996,111.5,109.650002,110.43,66.997841,6403000
2015-02-10,110.519997,110.620003,108.089996,110.18,66.846184,7033700
2015-02-11,108.980003,110.18,108.290001,109.980003,66.724831,8662000
2015-02-12,110.279999,111.050003,109.82,110.860001,67.91951,6618000
2015-02-13,111.349998,112.839996,111.099998,112.779999,69.09584,7494400
2015-02-17,112.309998,112.93,111.519997,112.400002,68.863022,7097300
2015-02-18,111.25,111.650002,110.370003,110.440002,67.662201,6920300
2015-02-19,108.199997,109.580002,107.239998,108.349998,66.381729,9721100
2015-02-20,108.43,108.870003,107.5,108.599998,66.534912,7610600
2015-02-23,107.790001,108.5,107.349998,107.860001,66.081535,6724000
2015-02-24,107.889999,108.239998,107.339996,107.959999,66.142792,5708400
2015-02-25,108.120003,108.779999,107.760002,108.580002,66.522636,4806500
2015-02-26,107.889999,107.919998,106.599998,107.059998,65.591408,5903100
2015-02-27,107.519997,107.730003,106.57,106.68,65.358604,6396500
2015-03-02,106.32,106.339996,104.93,105.900002,64.880737,7343700
2015-03-03,105.879997,106.220001,104.809998,105.160004,64.427376,6901200
2015-03-04,105.639999,105.639999,104.440002,105.160004,64.427376,5784900
2015-03-05,105.010002,105.309998,104.330002,104.730003,64.163902,5156900
2015-03-06,104.220001,104.519997,103.169998,103.550003,63.440968,7213300
2015-03-09,103.599998,105.629997,103.5,103.949997,63.686024,7506200
2015-03-10,103.790001,104.550003,102.330002,102.910004,63.048855,10679000
2015-03-11,103.519997,103.889999,102.449997,103.540001,63.434845,8440700
2015-03-12,104.220001,104.510002,102.300003,102.419998,62.748672,5900600
2015-03-13,101.839996,101.839996,100.660004,101.620003,62.258545,8345200
2015-03-16,101.440002,103.269997,101.0,103.129997,63.183647,6780200
2015-03-17,102.300003,103.550003,102.099998,103.169998,63.208145,7097500
2015-03-18,102.610001,106.879997,102.370003,106.699997,65.370857,11059700
2015-03-19,105.099998,105.400002,104.650002,104.75,64.176163,7841900
2015-03-20,105.290001,107.260002,105.110001,107.029999,65.573059,14064900
2015-03-23,107.510002,107.690002,105.919998,105.919998,64.892975,6807700
2015-03-24,105.919998,106.190002,104.160004,104.199997,63.839188,6677800
2015-03-25,104.660004,106.199997,104.330002,105.669998,64.739799,9169400
2015-03-26,106.279999,106.519997,104.160004,105.25,64.482483,7276900
2015-03-27,104.989998,104.989998,103.669998,104.279999,63.88821,5830300
2015-03-30,104.970001,107.209999,104.970001,106.900002,65.493393,7172400
2015-03-31,105.620003,106.07,104.879997,104.980003,64.31707,7254100
2015-04-01,105.769997,106.220001,104.5,104.790001,64.200699,7347200
2015-04-02,104.449997,105.68,104.080002,105.279999,64.500877,5123900
2015-04-06,106.029999,107.860001,105.220001,106.919998,65.50563,6724000
2015-04-07,106.970001,109.089996,106.620003,108.540001,66.498146,8536000
2015-04-08,108.860001,108.919998,106.519997,106.660004,65.346344,7894800
2015-04-09,106.800003,107.239998,106.18,106.949997,65.52401,5760500
2015-04-10,107.470001,107.660004,106.809998,106.910004,65.499519,5012200
2015-04-13,107.349998,107.900002,106.440002,106.5,65.248314,4307200
2015-04-14,107.699997,109.089996,107.260002,108.839996,66.681953,7262700
2015-04-15,109.589996,110.690002,109.379997,110.410004,67.643829,6704000
2015-04-16,109.900002,110.940002,109.0,110.160004,67.490646,5904200
2015-04-17,109.360001,109.690002,108.260002,109.110001,66.847351,6548700
2015-04-20,109.57,111.709999,109.550003,110.290001,67.570312,7148800
2015-04-21,110.050003,110.739998,109.309998,109.730003,67.227211,5674900
2015-04-22,110.050003,110.440002,109.209999,109.5,67.086304,5643100
2015-04-23,110.0,110.650002,109.599998,109.970001,67.374229,6940000
2015-04-24,109.669998,110.040001,109.029999,109.870003,67.312988,4995000
2015-04-27,110.339996,110.739998,109.540001,109.699997,67.208809,4858700
2015-04-28,110.050003,111.239998,109.650002,111.120003,68.078796,5321600
2015-04-29,110.82,111.989998,110.68,111.730003,68.452515,5665800
2015-04-30,112.040001,112.199997,110.440002,111.059998,68.042053,6666800
2015-05-01,110.279999,110.800003,108.339996,109.040001,66.804466,10362700
2015-05-04,109.379997,109.410004,107.989998,108.32,66.363358,7660100
2015-05-05,109.239998,109.93,108.0,108.0,66.16732,6463300
2015-05-06,109.239998,109.529999,107.300003,107.949997,66.136658,5820400
2015-05-07,107.690002,108.199997,106.690002,107.57,65.90387,5798300
2015-05-08,108.290001,108.800003,107.400002,108.650002,66.565536,7078900
2015-05-11,108.650002,108.690002,107.300003,107.360001,65.775223,6003600
2015-05-12,107.440002,108.0,107.099998,107.559998,65.897751,5026500
2015-05-13,107.980003,108.470001,107.300003,107.699997,65.98349,5517600
2015-05-14,108.019997,109.300003,108.019997,108.449997,66.443001,9751700
2015-05-15,107.209999,108.330002,106.940002,108.029999,66.845207,5641600
2015-05-18,107.5,107.510002,106.580002,106.650002,65.991318,6390600
2015-05-19,106.050003,106.309998,105.0,105.019997,64.982697,7927600
2015-05-20,105.419998,105.900002,104.760002,105.25,65.125031,6521200
2015-05-21,105.970001,106.269997,105.300003,105.489998,65.273537,6549300
2015-05-22,105.089996,105.550003,104.860001,104.889999,64.902298,4717200
2015-05-26,104.220001,104.440002,102.93,103.290001,63.912266,8010200
2015-05-27,103.199997,103.779999,102.730003,103.110001,63.800865,5857500
2015-05-28,102.959999,103.419998,102.379997,103.239998,63.881306,5099900
2015-05-29,103.139999,103.57,102.669998,103.0,63.732811,6673400
2015-06-01,103.470001,103.75,102.489998,102.629997,63.503868,5412400
2015-06-02,102.650002,103.110001,102.110001,102.580002,63.472931,5040000
2015-06-03,102.400002,103.379997,102.120003,102.169998,63.219231,5175700
2015-06-04,101.889999,102.370003,100.980003,101.389999,62.736618,6896400
2015-06-05,101.18,103.099998,100.989998,101.589996,62.860352,6080900
2015-06-08,101.290001,101.389999,99.949997,100.419998,62.136391,8213900
2015-06-09,100.699997,101.25,100.220001,100.419998,62.136391,7157000
2015-06-10,102.519997,102.580002,101.519997,101.830002,63.008865,7588400
2015-06-11,101.870003,102.199997,100.940002,101.120003,62.569542,5582900
2015-06-12,100.519997,100.690002,99.629997,99.870003,61.79607,6475500
2015-06-15,99.449997,100.059998,99.129997,99.290001,61.437202,6178100
2015-06-16,99.199997,100.449997,98.809998,100.040001,61.901268,8763700
2015-06-17,100.830002,101.169998,99.519997,99.760002,61.728043,8231100
2015-06-18,100.260002,100.900002,100.150002,100.25,62.031216,7168000
2015-06-19,99.720001,100.169998,99.459999,99.470001,61.548576,10512000
2015-06-22,99.830002,100.370003,99.370003,100.290001,62.055992,6416100
2015-06-23,99.959999,100.43,99.540001,100.089996,61.932209,5697900
2015-06-24,99.980003,100.68,99.269997,99.269997,61.424847,7451900
2015-06-25,99.449997,99.660004,98.290001,98.339996,60.849373,6062800
2015-06-26,98.239998,98.690002,97.809998,98.599998,61.010242,10015500
2015-06-29,97.5,97.959999,96.599998,96.690002,59.828407,8764600
2015-06-30,97.449997,97.660004,96.220001,96.470001,59.69228,9925400
2015-07-01,96.300003,96.620003,95.550003,96.089996,59.457157,7295300
2015-07-02,96.360001,96.669998,95.720001,95.870003,59.321026,6419100
2015-07-06,95.059998,95.559998,94.480003,94.769997,58.640392,8341600
2015-07-07,94.410004,95.480003,93.5,95.269997,58.949753,11774900
2015-07-08,94.589996,95.089996,93.260002,93.559998,57.891666,7719100
2015-07-09,94.900002,95.209999,93.760002,93.779999,58.02779,7909000
2015-07-10,94.529999,94.949997,94.07,94.410004,58.417629,5631900
2015-07-13,94.309998,94.889999,94.150002,94.599998,58.535187,5038800
2015-07-14,94.400002,95.790001,94.389999,95.550003,59.123024,5218600
2015-07-15,95.040001,95.699997,93.889999,94.239998,58.312447,6490400
2015-07-16,94.279999,94.730003,93.900002,94.480003,58.460949,6422700
2015-07-17,94.230003,94.389999,92.900002,93.150002,57.63797,8214200
2015-07-20,93.300003,93.489998,92.589996,92.940002,57.508041,6018100
2015-07-21,93.0,94.139999,93.0,93.900002,58.102055,7043100
2015-07-22,93.510002,94.330002,93.290001,93.510002,57.860729,9327500
2015-07-23,93.57,94.07,92.699997,92.940002,57.508041,7360700
2015-07-24,92.779999,92.779999,90.349998,90.599998,56.060123,11158400
2015-07-27,89.860001,90.089996,88.739998,89.139999,55.156731,10342700
2015-07-28,89.449997,92.690002,89.43,92.400002,57.173912,11536900
2015-07-29,91.980003,93.400002,91.440002,93.25,57.699844,9821500
2015-07-30,93.449997,93.809998,92.75,93.029999,57.563732,6435700
2015-07-31,91.519997,91.75,88.010002,88.480003,54.748348,19063400
2015-08-03,87.279999,87.330002,85.32,85.599998,52.966309,14142200
2015-08-04,85.739998,86.900002,84.68,85.209999,52.724972,8537200
2015-08-05,85.440002,86.0,83.870003,84.029999,51.994846,11254600
2015-08-06,83.559998,85.580002,82.889999,85.190002,52.712605,9805000
2015-08-07,84.709999,85.260002,83.43,83.75,51.821575,7422000
2015-08-10,84.199997,86.099998,83.879997,85.889999,53.145756,8342000
2015-08-11,84.379997,85.980003,83.599998,85.779999,53.077682,9797400
2015-08-12,85.0,87.110001,84.919998,86.790001,53.702629,11316300
2015-08-13,86.029999,86.339996,85.449997,85.849998,53.120991,9562400
2015-08-14,85.779999,86.419998,85.290001,85.989998,53.207615,7748900
2015-08-17,84.459999,84.510002,83.110001,83.230003,52.148724,12602500
2015-08-18,83.080002,83.769997,82.82,83.440002,52.280315,9093400
2015-08-19,82.870003,82.910004,80.669998,80.910004,50.695114,13129000
2015-08-20,80.660004,81.290001,79.239998,79.239998,49.648746,11857200
2015-08-21,78.870003,79.589996,75.709999,75.760002,47.468311,18383600
2015-08-24,70.550003,75.379997,69.580002,72.120003,45.18763,24191900
2015-08-25,74.93,75.019997,69.839996,70.019997,43.871853,21128000
2015-08-26,71.720001,73.099998,70.949997,73.089996,45.795403,17400400
2015-08-27,75.0,78.120003,74.559998,77.639999,48.646259,21539600
2015-08-28,77.720001,81.199997,77.580002,80.43,50.394348,23735400
2015-08-31,80.010002,81.080002,77.919998,80.989998,50.745239,16880400
2015-09-01,78.760002,79.389999,77.519997,78.190002,48.990837,17954200
2015-09-02,79.75,79.75,77.230003,78.059998,48.909405,14255900
2015-09-03,78.699997,79.419998,77.690002,78.260002,49.034718,12282600
2015-09-04,77.300003,77.629997,76.449997,76.669998,48.038471,11210000
2015-09-08,77.529999,77.559998,76.239998,76.839996,48.145,9316500
2015-09-09,77.43,78.199997,74.75,74.919998,46.942009,11297400
2015-09-10,75.730003,75.800003,74.309998,75.660004,47.405655,11475200
2015-09-11,75.940002,76.25,75.089996,75.790001,47.487106,11032100
2015-09-14,75.519997,76.0,74.959999,75.769997,47.47459,10235500
2015-09-15,76.43,77.690002,76.209999,77.169998,48.351765,11678100
2015-09-16,77.82,79.209999,77.769997,79.019997,49.510906,12593500
2015-09-17,79.120003,80.470001,78.599998,79.410004,49.755264,12324300
2015-09-18,77.910004,78.699997,76.970001,77.739998,48.708897,18635900
2015-09-21,78.300003,78.730003,77.839996,78.089996,48.9282,8523500
2015-09-22,76.839996,77.690002,76.489998,77.25,48.401882,9692300
2015-09-23,77.400002,77.529999,75.760002,76.120003,47.693905,9043000
2015-09-24,75.449997,77.309998,75.099998,76.889999,48.176327,10302600
2015-09-25,77.870003,78.160004,76.919998,77.699997,48.683842,10862600
2015-09-28,76.660004,76.93,75.75,75.769997,47.47459,10567000
2015-09-29,76.040001,76.660004,75.279999,76.25,47.775326,8797800
2015-09-30,77.150002,79.019997,77.0,78.879997,49.423176,14108800
2015-10-01,79.720001,80.889999,77.809998,78.339996,49.084839,11111900
2015-10-02,77.739998,81.550003,77.309998,81.550003,51.096096,13051900
2015-10-05,82.410004,84.190002,82.349998,84.029999,52.649967,14196800
2015-10-06,84.18,87.629997,84.07,86.989998,54.504593,18897100
2015-10-07,88.25,89.510002,86.279999,88.120003,55.212612,17670500
2015-10-08,87.889999,90.139999,87.800003,89.910004,56.334167,11299100
2015-10-09,90.199997,90.400002,88.669998,89.57,56.12114,10011100
2015-10-12,89.860001,89.980003,87.870003,88.739998,55.601105,7917500
2015-10-13,87.800003,88.940002,87.290001,88.379997,55.375511,8012500
2015-10-14,88.230003,89.970001,87.709999,89.760002,56.240177,9734500
2015-10-15,89.650002,90.870003,88.440002,90.720001,56.841667,8960400
2015-10-16,91.550003,91.660004,90.019997,91.290001,57.198814,7821200
2015-10-19,90.360001,90.540001,89.220001,90.029999,56.409351,8900400
2015-10-20,89.5,90.489998,89.389999,89.989998,56.384289,8221100
2015-10-21,89.440002,90.629997,89.139999,89.330002,55.970764,7423400
2015-10-22,89.739998,91.809998,89.739998,91.620003,57.405598,8971700
2015-10-23,90.75,91.93,90.089996,91.239998,57.167492,8134800
2015-10-26,90.870003,90.879997,88.580002,88.769997,55.619881,8606600
2015-10-27,87.730003,87.959999,86.739998,87.699997,54.949474,9328800
2015-10-28,88.209999,90.120003,87.919998,89.790001,56.258965,8236500
2015-10-29,89.32,90.93,89.139999,89.889999,56.321632,6686000
2015-10-30,91.139999,91.980003,89.410004,90.879997,56.941917,11559300
2015-11-02,90.610001,95.279999,90.480003,94.959999,59.498283,14277300
2015-11-03,95.419998,98.639999,95.419998,98.139999,61.490753,17669200
2015-11-04,98.019997,98.099998,96.080002,96.769997,60.632378,11931300
2015-11-05,96.050003,96.550003,94.330002,94.550003,59.241394,11184800
2015-11-06,93.709999,94.07,91.760002,94.029999,58.915596,9634200
2015-11-09,93.480003,94.449997,92.099998,92.32,57.84417,7659100
2015-11-10,92.099998,93.5,91.839996,93.230003,58.414352,6823100
2015-11-11,93.389999,93.709999,91.860001,92.190002,57.762733,6085300
2015-11-12,90.75,91.150002,89.25,89.860001,56.302822,8951300
2015-11-13,89.57,89.970001,88.190002,88.68,55.563492,7676600
2015-11-16,87.790001,91.470001,87.790001,91.449997,57.998856,10101100
2015-11-17,91.269997,92.5,90.699997,91.029999,57.732513,7575800
2015-11-18,91.440002,92.75,91.029999,92.209999,58.480869,6886900
2015-11-19,92.029999,92.370003,90.43,90.830002,57.605659,6096700
2015-11-20,90.639999,91.309998,88.809998,89.010002,56.451389,8561400
2015-11-23,88.650002,90.440002,88.110001,90.010002,57.085625,6889600
2015-11-24,90.190002,92.300003,89.800003,91.349998,57.935467,8549000
2015-11-25,90.709999,91.32,90.160004,90.870003,57.631035,5419300
2015-11-27,90.25,90.839996,90.050003,90.370003,57.313908,2547800
2015-11-30,90.639999,91.959999,90.440002,91.32,57.916435,12179400
2015-12-01,90.970001,92.650002,90.970001,92.480003,58.652103,6975500
2015-12-02,92.599998,92.690002,90.029999,90.25,57.237812,11830700
2015-12-03,90.809998,91.419998,88.360001,88.849998,56.349903,10996800
2015-12-04,87.900002,89.82,86.489998,89.709999,56.89534,13170200
2015-12-07,87.480003,87.940002,84.900002,87.279999,55.35421,15378900
2015-12-08,85.809998,88.0,84.25,86.440002,54.821472,13397500
2015-12-09,86.669998,90.139999,86.300003,87.599998,55.557137,14675800
2015-12-10,88.0,90.459999,87.610001,89.300003,56.6353,14534800
2015-12-11,87.849998,87.910004,86.089996,86.440002,54.821472,13186900
2015-12-14,86.300003,89.589996,85.410004,89.330002,56.654327,12430700
2015-12-15,90.580002,93.400002,90.550003,92.760002,58.829697,19158500
2015-12-16,92.580002,93.82,90.809998,93.440002,59.260952,16917900
2015-12-17,93.5,94.0,90.400002,90.540001,57.421738,14082500
2015-12-18,90.059998,91.269997,89.300003,89.809998,56.958759,20167200
2015-12-21,90.400002,90.699997,88.209999,89.239998,56.597256,12852300
2015-12-22,89.120003,90.790001,88.300003,90.269997,57.250473,9661700
2015-12-23,92.199997,93.849998,91.57,93.809998,59.495598,11172800
2015-12-24,93.949997,93.949997,92.010002,92.050003,58.379395,4998700
2015-12-28,90.309998,90.720001,89.690002,90.360001,57.307602,6800000
2015-12-29,91.889999,92.580002,91.07,91.25,57.872032,6471200
2015-12-30,90.099998,90.980003,89.889999,90.089996,57.136349,5600200
2015-12-31,89.379997,90.860001,89.019997,89.959999,57.053879,6988700
2016-01-04,89.529999,90.110001,87.57,88.849998,56.349903,11397300
2016-01-05,89.050003,89.650002,87.839996,89.610001,56.831913,7883400
2016-01-06,87.440002,87.779999,85.160004,86.07,54.586807,14511400
2016-01-07,84.550003,85.75,82.669998,83.019997,52.652458,15368800
2016-01-08,83.389999,83.839996,81.220001,82.129997,52.087994,11891600
2016-01-11,82.849998,82.970001,79.769997,80.769997,51.225464,14366400
2016-01-12,82.199997,82.400002,79.690002,82.150002,52.100681,13477500
2016-01-13,83.160004,84.25,80.010002,81.330002,51.580631,15550100
2016-01-14,81.949997,86.169998,80.949997,85.470001,54.206276,16433400
2016-01-15,81.639999,83.809998,80.870003,83.669998,53.06469,17870300
2016-01-19,84.169998,84.75,80.790001,81.510002,51.694778,13155600
2016-01-20,79.980003,80.309998,75.330002,78.980003,50.090225,26151100
2016-01-21,78.800003,81.650002,78.019997,81.050003,51.403042,16107800
2016-01-22,84.459999,85.190002,81.720001,83.540001,52.982239,15724600
2016-01-25,82.290001,84.290001,80.800003,80.889999,51.301575,12370300
2016-01-26,81.970001,84.5,81.349998,84.120003,53.350071,12191400
2016-01-27,83.949997,86.099998,82.360001,83.290001,52.823692,12380600
2016-01-28,85.75,86.690002,83.699997,85.919998,54.491676,13017400
2016-01-29,84.050003,86.709999,82.949997,86.470001,54.840485,20248900
2016-02-01,85.150002,86.089996,84.239998,85.290001,54.092121,10958300
2016-02-02,82.709999,83.040001,80.959999,81.239998,51.523529,13326200
2016-02-03,82.389999,84.629997,79.849998,84.620003,53.66716,13964100
2016-02-04,84.589996,86.190002,83.830002,84.790001,53.774994,12825000
2016-02-05,83.940002,84.290001,82.260002,82.879997,52.563648,15090100
2016-02-08,81.760002,86.699997,81.099998,85.989998,54.536064,17712800
2016-02-09,85.080002,85.790001,82.169998,82.919998,52.589024,12605600
2016-02-10,82.769997,83.900002,81.5,83.040001,52.665134,12110300
2016-02-11,81.599998,83.660004,80.639999,82.989998,52.633404,12741400
2016-02-12,83.800003,85.580002,83.199997,85.43,54.180901,9835100
2016-02-16,85.230003,85.389999,83.309998,84.809998,54.469925,10631500
2016-02-17,85.410004,88.660004,85.019997,88.309998,56.717819,12710500
2016-02-18,88.75,89.25,86.610001,86.730003,55.703049,9517800
2016-02-19,86.330002,86.540001,84.800003,86.5,55.555336,9783300
2016-02-22,86.5,89.839996,86.5,88.82,57.045372,10299900
2016-02-23,88.389999,88.480003,84.699997,84.910004,54.534161,10655800
2016-02-24,83.330002,85.489998,82.900002,85.269997,54.765347,9775200
2016-02-25,85.669998,85.709999,83.739998,85.300003,54.784641,9452600
2016-02-26,86.970001,87.099998,84.279999,84.349998,54.174484,9369900
2016-02-29,84.940002,85.199997,83.07,83.440002,53.590027,11549600
2016-03-01,84.120003,86.529999,83.370003,86.129997,55.317692,11614700
2016-03-02,85.400002,87.18,84.400002,87.139999,55.9664,9637600
2016-03-03,87.0,87.57,86.050003,87.529999,56.216877,8526100
2016-03-04,87.419998,88.620003,86.699997,87.93,56.473763,9328600
2016-03-07,87.940002,90.760002,87.550003,90.669998,58.233559,12784300
2016-03-08,90.379997,91.080002,88.330002,88.739998,56.993992,10508400
2016-03-09,89.699997,94.639999,89.470001,92.82,59.614407,19323100
2016-03-10,92.790001,93.949997,92.019997,93.940002,60.33374,12090900
2016-03-11,94.949997,96.139999,93.379997,94.580002,60.744797,14098800
2016-03-14,93.57,94.830002,93.089996,94.260002,60.539276,6898900
2016-03-15,93.150002,94.400002,92.25,94.269997,60.545708,7006300
2016-03-16,94.720001,96.139999,93.720001,95.400002,61.271435,9969200
2016-03-17,96.25,97.739998,95.290001,96.889999,62.228397,10679400
2016-03-18,97.849998,97.910004,95.860001,97.690002,62.742218,14436300
2016-03-21,97.019997,97.540001,95.910004,96.440002,61.939381,8040100
2016-03-22,95.75,96.910004,95.32,95.5,61.335682,7567100
2016-03-23,94.720001,94.809998,93.040001,93.589996,60.108936,10302800
2016-03-24,92.540001,94.940002,92.25,94.849998,60.918175,8159100
2016-03-28,94.900002,95.080002,94.0,94.68,60.809029,5054000
2016-03-29,93.790001,95.389999,92.940002,95.32,61.220055,6616600
2016-03-30,96.349998,96.690002,95.160004,95.25,61.175102,6182900
2016-03-31,95.190002,96.199997,94.949997,95.400002,61.271435,5943900
2016-04-01,93.690002,94.779999,93.32,94.260002,60.539276,7555900
2016-04-04,94.440002,94.480003,93.040001,93.43,60.006187,6552000
2016-04-05,93.0,93.349998,92.43,92.669998,59.518051,6662000
2016-04-06,93.150002,95.0,92.82,94.839996,60.911751,6836400
2016-04-07,94.370003,95.029999,94.080002,94.790001,60.879662,6817700
2016-04-08,96.25,96.870003,95.760002,96.330002,61.868736,7108500
2016-04-11,96.870003,97.300003,95.150002,95.239998,61.168659,6644200
2016-04-12,95.690002,97.940002,95.43,97.510002,62.62661,8783400
2016-04-13,97.800003,97.910004,97.029999,97.599998,62.684402,6406800
2016-04-14,97.650002,98.269997,97.360001,97.980003,62.928448,6162200
2016-04-15,97.709999,97.800003,96.959999,97.230003,62.446781,6551600
2016-04-18,97.230003,98.760002,95.519997,98.699997,63.390884,7770200
2016-04-19,99.0,100.529999,98.160004,100.5,64.546928,10584800
2016-04-20,100.080002,102.540001,99.839996,101.690002,65.311234,10150500
2016-04-21,101.639999,102.800003,101.110001,101.400002,65.124985,8278600
2016-04-22,101.739998,102.5,101.5,102.010002,65.516762,5754000
2016-04-25,101.470001,101.769997,100.830002,101.510002,65.195656,6612100
2016-04-26,102.050003,102.980003,101.709999,102.290001,65.696594,5650700
2016-04-27,102.900002,103.940002,102.379997,103.849998,66.698502,8383600
2016-04-28,103.129997,104.260002,102.050003,102.400002,65.767227,7598000
2016-04-29,101.139999,102.629997,100.610001,102.18,65.625954,8826900
2016-05-02,101.830002,103.849998,101.800003,103.309998,66.3517,6844500
2016-05-03,102.260002,102.349998,101.050003,101.32,65.073608,7033600
2016-05-04,101.059998,102.300003,100.389999,100.589996,64.604744,7444100
2016-05-05,101.849998,102.599998,100.860001,101.419998,65.137825,6474300
2016-05-06,100.839996,102.699997,100.839996,101.860001,65.420425,5966800
2016-05-09,101.620003,101.800003,99.080002,100.349998,64.450615,9342100
2016-05-10,100.639999,101.290001,100.410004,101.269997,65.041496,6698100
2016-05-11,101.239998,101.739998,100.150002,101.139999,64.958,6850700
2016-05-12,102.150002,102.419998,101.080002,102.120003,65.587402,6532400
2016-05-13,101.629997,102.040001,100.360001,100.739998,64.70108,5665200
2016-05-16,101.870003,102.599998,101.400002,102.290001,65.696594,6779400
2016-05-17,101.07,102.18,100.339996,100.75,65.391541,7028000
2016-05-18,100.900002,101.269997,99.440002,100.059998,64.943695,5927500
2016-05-19,99.260002,100.080002,98.519997,99.849998,64.807426,6241100
2016-05-20,100.300003,100.400002,99.489998,99.790001,64.768448,4707100
2016-05-23,99.18,100.129997,99.07,99.379997,64.502335,4231200
2016-05-24,99.940002,100.760002,99.620003,100.190002,65.028076,4383300
2016-05-25,100.82,101.980003,100.82,101.769997,66.053574,5428200
2016-05-26,101.849998,102.370003,100.970001,101.5,65.878326,4147200
2016-05-27,101.379997,102.110001,100.870003,102.019997,66.215836,5008900
2016-05-31,102.150002,102.279999,100.57,101.0,65.55381,8141800
2016-06-01,100.239998,101.379997,99.889999,101.129997,65.638191,4815200
2016-06-02,100.400002,100.57,99.720001,100.529999,65.248756,6714100
2016-06-03,100.650002,101.139999,100.0,100.660004,65.333122,4957800
2016-06-06,101.339996,102.040001,100.919998,101.169998,65.664116,5948200
2016-06-07,101.839996,103.699997,101.610001,103.32,67.059593,9807000
2016-06-08,103.550003,104.080002,102.669998,103.089996,66.910332,6318100
2016-06-09,102.040001,103.129997,102.029999,102.809998,66.728592,4247500
2016-06-10,102.470001,102.970001,101.260002,101.980003,66.189896,8108400
2016-06-13,101.5,103.099998,101.379997,102.099998,66.267746,6360100
2016-06-14,101.760002,102.050003,100.519997,101.279999,65.735535,6924000
2016-06-15,100.629997,101.639999,100.25,100.629997,65.31366,5627000
2016-06-16,99.970001,101.260002,98.769997,101.07,65.59922,8043000
2016-06-17,101.440002,101.739998,100.400002,101.57,65.923759,8762200
2016-06-20,102.879997,103.400002,102.599998,102.610001,66.598763,6627000
2016-06-21,102.690002,103.449997,102.269997,103.239998,67.007675,4938700
2016-06-22,103.5,103.550003,102.190002,102.290001,66.391075,4866400
2016-06-23,103.449997,104.449997,103.07,104.440002,67.78653,5593600
2016-06-24,101.459999,103.010002,101.169998,101.900002,66.137932,11481400
2016-06-27,101.25,101.400002,99.519997,100.360001,65.138428,8248700
2016-06-28,101.220001,102.0,100.639999,101.629997,65.962692,7171100
2016-06-29,102.519997,104.68,102.300003,103.419998,67.124504,8887500
2016-06-30,103.559998,105.0,103.279999,104.830002,68.03965,7649700
2016-07-01,104.779999,104.879997,103.779999,104.150002,67.598297,6117800
2016-07-05,103.5,103.870003,102.849998,103.57,67.22187,7766600
2016-07-06,103.260002,104.599998,102.459999,104.580002,67.877396,6166900
2016-07-07,104.889999,105.0,102.139999,103.050003,66.884346,7707400
2016-07-08,103.879997,104.970001,103.0,104.769997,68.000717,9043600
2016-07-11,104.809998,106.0,104.800003,105.389999,68.403107,7206100
2016-07-12,106.300003,107.300003,106.18,106.779999,69.305298,8377200
2016-07-13,106.779999,107.199997,105.860001,106.650002,69.22094,5959900
2016-07-14,107.199997,107.580002,106.43,106.699997,69.25338,4750900
2016-07-15,107.330002,107.540001,106.389999,107.029999,69.46756,6164300
2016-07-18,106.669998,106.75,106.019997,106.089996,68.857468,4931500
2016-07-19,105.980003,106.269997,105.650002,106.040001,68.825005,4630800
2016-07-20,105.93,106.129997,105.0,105.589996,68.532936,6802000
2016-07-21,105.400002,105.849998,104.870003,105.389999,68.403107,5701000
2016-07-22,105.68,106.0,105.199997,105.660004,68.578354,5255400
2016-07-25,104.860001,105.110001,102.779999,103.07,66.897339,7784000
2016-07-26,102.57,103.160004,102.080002,102.68,66.644203,6101100
2016-07-27,102.68,103.32,101.800003,102.260002,66.37162,5412200
2016-07-28,102.089996,102.220001,100.980003,101.790001,66.066551,8226200
2016-07-29,100.529999,102.660004,99.849998,102.480003,66.514381,10157600
2016-08-01,101.330002,102.099998,98.620003,99.110001,64.327095,11550600
2016-08-02,99.519997,100.07,97.910004,99.589996,64.638641,9752700
2016-08-03,99.650002,100.639999,99.290001,100.610001,65.300667,6611700
2016-08-04,100.279999,101.080002,100.0,100.389999,65.157906,6088100
2016-08-05,100.989998,101.07,99.720001,100.510002,65.235779,6710500
2016-08-08,100.989998,101.68,100.720001,101.199997,65.683632,5447500
2016-08-09,101.849998,102.0,100.769997,101.32,65.761528,4957300
2016-08-10,101.650002,101.809998,99.940002,100.139999,64.995628,5081300
2016-08-11,100.650002,101.860001,100.389999,101.400002,65.813438,4836600
2016-08-12,101.739998,102.330002,101.260002,102.160004,66.306702,5199000
2016-08-15,102.610001,103.059998,102.419998,102.769997,66.702621,4886300
2016-08-16,102.769997,102.93,102.330002,102.620003,66.605278,5384300
2016-08-17,101.5,102.300003,101.019997,102.220001,67.044701,5311600
2016-08-18,102.629997,103.599998,102.059998,103.550003,67.91703,6944400
2016-08-19,103.07,103.129997,102.120003,102.32,67.110291,5057200
2016-08-22,101.75,102.400002,101.239998,101.940002,66.861076,5494900
2016-08-23,102.029999,102.169998,101.5,101.68,66.690536,4929700
2016-08-24,101.400002,102.290001,101.279999,102.199997,67.031578,5178300
2016-08-25,102.290001,102.290001,101.529999,101.889999,66.82827,4490100
2016-08-26,102.110001,102.480003,100.860001,101.32,66.45443,4776200
2016-08-29,101.239998,102.230003,101.0,102.050003,66.933189,4026900
2016-08-30,102.050003,102.629997,101.370003,101.699997,66.703651,3712800
2016-08-31,101.199997,101.330002,99.919998,100.580002,65.969055,6249100
2016-09-01,100.349998,100.580002,99.470001,100.209999,65.726364,6045000
2016-09-02,100.889999,101.459999,100.260002,100.93,66.198593,4676600
2016-09-06,101.209999,102.610001,100.970001,102.43,67.182442,5429000
2016-09-07,102.75,103.050003,102.239998,102.879997,67.477577,5284300
2016-09-08,103.339996,104.349998,102.470001,104.120003,68.290878,5788800
2016-09-09,103.349998,103.410004,101.230003,101.269997,66.421608,7808700
2016-09-12,101.199997,102.550003,100.57,102.25,67.064377,8149100
2016-09-13,101.650002,101.650002,99.169998,99.43,65.214775,9300400
2016-09-14,99.120003,99.949997,98.169998,98.419998,64.552338,8201400
2016-09-15,98.5,100.389999,98.43,99.5,65.260689,6701600
2016-09-16,98.330002,98.809998,97.529999,97.839996,64.171906,12725600
2016-09-19,98.330002,98.849998,97.989998,98.040001,64.303085,6182000
2016-09-20,98.169998,98.480003,97.68,97.699997,64.080093,5771900
2016-09-21,98.349998,99.690002,98.25,99.629997,65.345947,6361600
2016-09-22,100.519997,100.75,99.839996,99.980003,65.575516,5416700
2016-09-23,99.339996,100.550003,98.870003,99.220001,65.077049,7396800
2016-09-26,99.489998,100.279999,98.660004,98.779999,64.788467,5781800
2016-09-27,98.239998,99.660004,97.790001,98.980003,64.919647,6476100
2016-09-28,99.519997,102.279999,98.75,102.150002,66.99881,10190900
2016-09-29,102.0,102.269997,100.480003,101.269997,66.421608,8148400
2016-09-30,101.830002,103.599998,101.230003,102.919998,67.503822,9431500
2016-10-03,102.550003,102.830002,101.910004,102.449997,67.195572,4334700
2016-10-04,102.709999,102.919998,100.760002,101.269997,66.421608,6505400
2016-10-05,101.989998,102.870003,101.75,102.230003,67.05127,5912800
2016-10-06,102.32,102.699997,101.339996,102.18,67.018463,4362900
2016-10-07,102.5,103.470001,102.190002,102.269997,67.077477,5844500
2016-10-10,103.209999,104.419998,103.209999,103.980003,68.199059,5982700
2016-10-11,103.779999,104.099998,102.68,103.040001,67.582535,5337300
2016-10-12,102.739998,102.830002,101.599998,102.150002,66.99881,4935100
2016-10-13,101.489998,101.720001,99.610001,100.790001,66.106781,7883000
2016-10-14,101.480003,101.959999,100.610001,101.080002,66.296997,5114700
2016-10-17,100.940002,101.489998,100.620003,101.360001,66.480644,4540800
2016-10-18,101.989998,102.25,101.120003,101.790001,66.762688,4720900
2016-10-19,102.470001,103.699997,102.239998,102.269997,67.077477,5905700
2016-10-20,101.639999,102.220001,100.690002,101.870003,66.815155,4820900
2016-10-21,101.059998,101.559998,100.629997,101.300003,66.441299,5622400
2016-10-24,101.559998,101.580002,100.059998,100.660004,66.021515,6077300
2016-10-25,100.75,101.669998,100.519997,100.769997,66.093666,4730700
2016-10-26,100.32,101.529999,99.870003,101.190002,66.369133,6353700
2016-10-27,101.510002,101.980003,99.919998,99.919998,65.536171,9897800
2016-10-28,101.120003,105.029999,100.949997,103.82,68.094109,17435400
2016-10-31,103.82,105.459999,103.779999,104.75,68.704086,12340800
2016-11-01,105.510002,106.739998,105.449997,106.480003,69.838799,12755600
2016-11-02,105.650002,106.050003,104.25,105.389999,69.123863,8405200
2016-11-03,105.529999,106.190002,104.949997,105.389999,69.123863,5703200
2016-11-04,105.25,105.489998,104.379997,104.779999,68.723778,7085400
2016-11-07,106.0,106.980003,105.779999,106.849998,70.081459,7333800
2016-11-08,106.57,108.190002,106.419998,107.290001,70.370064,8050000
2016-11-09,106.040001,108.260002,105.690002,107.639999,70.599617,9161800
2016-11-10,107.540001,108.5,107.239998,107.790001,70.697998,8739500
2016-11-11,107.480003,107.650002,105.940002,106.639999,69.943733,7939500
2016-11-14,106.150002,106.730003,105.589996,106.589996,69.910927,7656000
2016-11-15,107.489998,109.059998,107.400002,108.959999,71.465378,12156500
2016-11-16,108.199997,109.0,107.739998,108.349998,71.776718,7723700
2016-11-17,109.0,110.099998,107.589996,108.120003,71.624374,6638100
2016-11-18,108.57,109.669998,108.150002,109.199997,72.339798,6815500
2016-11-21,110.360001,111.0,110.07,110.18,72.988998,8476800
2016-11-22,110.790001,111.0,109.309998,110.620003,73.280495,6440500
2016-11-23,110.400002,111.470001,110.040001,111.0,73.532219,4472700
2016-11-25,110.540001,111.220001,110.120003,111.0,73.532219,3238600
2016-11-28,110.949997,111.57,110.379997,110.5,73.201004,6406700
2016-11-29,109.099998,109.720001,108.400002,109.339996,72.432564,7461900
2016-11-30,112.050003,112.980003,111.300003,111.559998,73.903183,17301900
2016-12-01,112.790001,114.910004,112.529999,113.290001,75.049255,11792300
2016-12-02,113.199997,113.809998,112.279999,113.0,74.857132,6167400
2016-12-05,113.389999,114.480003,113.029999,113.25,75.022774,6909800
2016-12-06,112.389999,113.489998,112.209999,112.760002,74.698151,6033600
2016-12-07,113.040001,114.480003,112.82,114.440002,75.811081,6434100
2016-12-08,114.730003,115.400002,114.199997,115.169998,76.294655,5519700
2016-12-09,114.989998,115.989998,114.970001,115.809998,76.71862,5771600
2016-12-12,117.769997,118.989998,116.57,117.150002,77.606316,10044700
2016-12-13,117.900002,118.309998,116.029999,117.419998,77.785156,8644200
2016-12-14,116.709999,117.879997,115.760002,115.959999,76.817978,7878400
2016-12-15,115.629997,117.389999,115.360001,117.050003,77.540062,7458300
2016-12-16,117.839996,118.580002,117.419998,118.080002,78.222389,13752300
2016-12-19,118.370003,118.449997,117.419998,117.650002,77.937523,5772500
2016-12-20,117.849998,118.629997,117.669998,117.949997,78.136284,4319100
2016-12-21,118.339996,119.0,117.860001,117.910004,78.109779,5024600
2016-12-22,117.940002,118.989998,117.769997,118.769997,78.679489,4992500
2016-12-23,118.410004,118.699997,118.050003,118.419998,78.447639,2682900
2016-12-27,118.5,118.900002,118.110001,118.220001,78.31514,2986900
2016-12-28,118.309998,118.860001,117.75,117.910004,78.109779,4086700
2016-12-29,118.010002,118.419998,117.480003,117.82,78.05014,3214500
2016-12-30,117.440002,118.239998,117.309998,117.699997,77.970665,5020500
2017-01-03,118.379997,119.0,116.589996,117.849998,78.070045,7404800
2017-01-04,118.410004,118.650002,117.599998,117.82,78.05014,6679900
2017-01-05,118.0,118.480003,116.720001,117.309998,77.712288,5928600
2017-01-06,117.449997,117.580002,116.379997,116.839996,77.400955,4762500
2017-01-09,116.290001,116.360001,115.110001,115.839996,76.738518,6891800
2017-01-10,115.559998,116.389999,114.889999,114.959999,76.155548,6184400
2017-01-11,115.150002,116.449997,114.860001,115.93,76.798103,6158200
2017-01-12,116.5,116.989998,115.410004,116.160004,76.9505,4940000
2017-01-13,115.860001,116.879997,115.610001,116.379997,77.096222,4953000
2017-01-17,116.400002,116.769997,116.110001,116.279999,77.029984,4669700
2017-01-18,115.68,116.040001,115.400002,115.940002,76.804741,4855300
2017-01-19,115.889999,115.959999,115.290001,115.580002,76.566254,3427800
2017-01-20,116.32,116.75,115.339996,115.599998,76.579491,6730900
2017-01-23,115.120003,115.959999,114.989998,115.389999,76.440392,5104100
2017-01-24,115.849998,117.110001,115.610001,116.370003,77.089615,5024400
2017-01-25,116.900002,117.43,116.339996,117.239998,77.665924,5276800
2017-01-26,117.5,117.82,116.5,116.550003,77.208809,6937300
2017-01-27,113.529999,114.699997,112.849998,113.790001,75.380486,11698900
2017-01-30,113.150002,113.800003,110.720001,111.82,74.075439,8252900
2017-01-31,111.889999,112.199997,110.760002,111.349998,73.764099,7951000
2017-02-01,111.199997,111.779999,110.839996,111.0,73.532219,5889300
2017-02-02,111.169998,112.239998,110.709999,112.209999,74.333794,6289000
2017-02-03,112.410004,114.279999,112.139999,113.57,75.234734,6623500
2017-02-06,113.279999,113.5,112.449997,112.980003,74.843872,5637300
2017-02-07,112.980003,113.099998,111.110001,111.389999,73.790588,6038400
2017-02-08,111.129997,111.790001,110.32,111.580002,73.916466,5188800
2017-02-09,111.580002,112.629997,111.580002,112.260002,74.366928,4607800
2017-02-10,112.75,113.449997,112.370003,113.050003,74.890251,6194300
2017-02-13,113.360001,113.989998,113.050003,113.910004,75.459969,4858500
2017-02-14,112.68,113.07,111.779999,112.519997,75.252655,5811200
2017-02-15,112.209999,113.239998,112.209999,112.57,75.286072,7048100
2017-02-16,112.989998,112.989998,110.43,110.68,74.022057,9478200
2017-02-17,110.419998,110.57,109.269997,110.330002,73.787971,8111000
2017-02-21,110.730003,112.309998,110.599998,111.720001,74.717598,6619100
2017-02-22,111.190002,111.779999,110.309998,110.379997,73.821419,5732000
2017-02-23,111.339996,111.830002,110.75,111.019997,74.249458,8659700
2017-02-24,110.900002,111.019997,109.470001,110.120003,73.64753,6189400
2017-02-27,110.650002,112.269997,110.370003,111.75,74.737663,7275800
2017-02-28,111.660004,112.760002,111.489998,112.5,75.239281,7030200
2017-03-01,112.919998,114.389999,112.879997,113.879997,76.162209,7353800
2017-03-02,113.669998,114.269997,113.309998,113.360001,75.81443,5892500
2017-03-03,113.360001,113.889999,113.209999,113.550003,75.941498,4905600
2017-03-06,113.25,113.5,112.669998,113.169998,75.687347,4731900
2017-03-07,113.540001,113.879997,111.690002,111.809998,74.777779,6660300
2017-03-08,111.68,111.919998,109.400002,109.610001,73.30645,9071600
2017-03-09,109.309998,110.169998,108.510002,110.040001,73.594025,7247400
2017-03-10,111.400002,111.410004,109.440002,110.610001,73.975258,6560300
2017-03-13,110.510002,110.809998,109.309998,109.349998,73.132576,6369300
2017-03-14,108.470001,108.57,107.120003,107.360001,71.801651,9935700
2017-03-15,108.080002,108.980003,107.540001,108.879997,72.81823,9472100
2017-03-16,108.809998,108.879997,107.440002,107.860001,72.136078,8894700
2017-03-17,108.0,108.419998,107.68,107.68,72.015656,14353400
2017-03-20,107.269997,107.849998,107.019997,107.660004,72.002312,5301900
2017-03-21,108.059998,108.230003,107.400002,108.040001,72.256447,7406300
2017-03-22,107.650002,108.849998,107.519997,108.389999,72.490509,8106800
2017-03-23,108.290001,108.860001,107.75,107.870003,72.142746,5451200
2017-03-24,107.93,108.419998,107.699997,107.989998,72.223007,6339900
2017-03-27,107.0,107.349998,105.82,106.279999,71.079353,6479400
2017-03-28,106.279999,107.739998,106.120003,107.169998,71.674614,6331500
2017-03-29,106.949997,108.080002,106.879997,108.07,72.276505,4919900
2017-03-30,108.150002,108.68,107.199997,107.779999,72.082581,6797700
2017-03-31,107.699997,108.139999,107.050003,107.370003,71.808365,6159000
2017-04-03,107.220001,107.970001,106.379997,107.800003,72.095932,5800900
2017-04-04,107.879997,108.720001,107.010002,108.660004,72.671097,4687400
2017-04-05,109.650002,110.669998,108.559998,108.639999,72.657715,6398800
2017-04-06,109.120003,109.650002,108.75,109.290001,73.092422,3934500
2017-04-07,109.379997,109.580002,108.669998,108.860001,72.804848,4889400
2017-04-10,109.120003,110.199997,108.970001,109.43,73.186066,4812100
2017-04-11,109.529999,109.540001,108.059998,108.970001,72.878418,3956500
2017-04-12,109.360001,109.360001,108.449997,108.970001,72.878418,5053300
2017-04-13,108.639999,108.739998,105.93,106.099998,70.958977,6894800
2017-04-17,106.169998,106.480003,105.650002,106.169998,71.005791,5278800
2017-04-18,105.809998,106.68,105.32,105.68,70.678101,4252700
2017-04-19,105.889999,106.139999,103.830002,104.230003,69.708328,6667900
2017-04-20,104.400002,105.690002,104.360001,104.879997,70.143044,4988100
2017-04-21,104.800003,105.43,104.290001,104.889999,70.149734,5432600
2017-04-24,105.790001,106.410004,105.370003,105.93,70.845284,4538200
2017-04-25,106.300003,106.970001,106.18,106.730003,71.380318,4619000
2017-04-26,106.400002,107.480003,105.970001,106.080002,70.945602,6687400
2017-04-27,105.959999,105.980003,104.669998,105.470001,70.537666,5781800
2017-04-28,107.050003,107.599998,105.989998,106.699997,71.360268,6848400
2017-05-01,106.260002,106.730003,105.760002,105.919998,70.838593,4955500
2017-05-02,106.110001,106.529999,105.089996,105.360001,70.464096,5112200
2017-05-03,105.360001,107.260002,105.129997,106.720001,71.373642,5663000
2017-05-04,106.239998,106.330002,104.139999,104.809998,70.096252,8039900
2017-05-05,104.919998,105.889999,104.699997,105.790001,70.751663,5060000
2017-05-08,105.93,106.720001,105.82,106.68,71.346878,5175100
2017-05-09,106.510002,106.75,104.82,105.080002,70.276825,5024000
2017-05-10,105.82,106.830002,105.540001,106.5,71.226517,5582800
2017-05-11,107.080002,107.080002,105.629997,106.209999,71.032562,4632100
2017-05-12,106.059998,106.290001,105.480003,105.959999,70.865349,4488200
2017-05-15,107.150002,107.709999,106.68,106.849998,71.460587,6647500
2017-05-16,107.57,107.660004,106.940002,107.25,71.728096,5001400
2017-05-17,106.169998,106.269997,104.620003,104.699997,70.734978,6384300
2017-05-18,104.550003,105.68,103.839996,105.169998,71.052498,5618100
2017-05-19,105.519997,106.519997,105.169998,106.519997,71.964554,8383500
2017-05-22,107.089996,107.089996,105.75,106.120003,71.694321,4491100
2017-05-23,106.07,106.559998,105.980003,106.269997,71.795647,3457100
2017-05-24,106.099998,106.360001,105.730003,106.220001,71.761902,3457200
2017-05-25,106.099998,106.709999,104.720001,105.110001,71.011971,5293800
2017-05-26,105.050003,105.290001,104.599998,104.720001,70.748482,3752500
2017-05-30,104.349998,104.709999,103.75,104.059998,70.302589,4288000
2017-05-31,103.550003,103.889999,103.07,103.480003,69.910736,8037900
2017-06-01,103.690002,104.279999,103.43,104.269997,70.444489,4769400
2017-06-02,103.82,103.940002,102.769997,103.110001,69.660782,5864000
2017-06-05,102.800003,103.580002,102.629997,103.190002,69.714844,4523300
2017-06-06,103.110001,104.449997,102.760002,104.169998,70.37693,4683900
2017-06-07,103.970001,104.43,102.550003,103.769997,70.106644,7197100
2017-06-08,103.769997,104.739998,103.440002,104.0,70.262054,6493600
2017-06-09,104.010002,106.489998,104.010002,106.400002,71.883499,6595600
2017-06-12,106.400002,108.43,106.400002,108.040001,72.991463,8690600
2017-06-13,108.339996,108.489998,107.160004,108.129997,73.052277,6099700
2017-06-14,107.910004,107.989998,105.739998,106.599998,72.018608,6202300
2017-06-15,106.5,106.800003,105.870003,106.330002,71.836197,5441400
2017-06-16,106.940002,108.360001,106.209999,108.349998,73.200905,11633900
2017-06-19,108.309998,108.379997,107.139999,107.459999,72.599625,4577800
2017-06-20,106.25,106.599998,105.379997,106.480003,71.937546,5171200
2017-06-21,105.889999,106.900002,103.919998,104.489998,70.593102,6989400
2017-06-22,104.480003,105.139999,104.040001,104.449997,70.566078,4197400
2017-06-23,104.25,105.419998,104.239998,105.0,70.937675,5773300
2017-06-26,105.029999,105.190002,104.029999,104.139999,70.356659,3602500
2017-06-27,104.730003,104.889999,104.029999,104.07,70.309364,4170300
2017-06-28,104.43,104.900002,104.040001,104.279999,70.451233,4162300
2017-06-29,104.379997,105.150002,104.050003,104.120003,70.343124,4288600
2017-06-30,104.529999,104.720001,103.889999,104.330002,70.485001,5497000
2017-07-03,104.239998,106.959999,104.239998,106.300003,71.815933,4419100
2017-07-05,105.989998,106.300003,104.269997,104.620003,70.680931,4482700
2017-07-06,104.669998,105.129997,103.709999,103.82,70.140442,5084800
2017-07-07,103.589996,103.760002,102.809998,103.489998,69.917496,6457000
2017-07-10,103.440002,103.580002,102.599998,103.040001,69.613495,4629000
2017-07-11,103.150002,103.5,102.550003,103.120003,69.667534,4322400
2017-07-12,104.0,104.75,103.470001,103.889999,70.187744,3978100
2017-07-13,103.800003,104.209999,103.459999,104.129997,70.349876,4439100
2017-07-14,104.379997,104.639999,103.730003,104.440002,70.559311,3644300
2017-07-17,104.32,104.970001,104.080002,104.209999,70.403938,5572400
2017-07-18,104.599998,104.599998,103.510002,103.720001,70.072899,4339400
2017-07-19,103.559998,104.480003,103.510002,104.459999,70.57283,4932000
2017-07-20,105.0,105.370003,103.82,104.629997,70.687668,5367800
2017-07-21,104.18,104.379997,103.150002,103.25,69.755341,5304100
2017-07-24,103.18,103.57,102.919998,103.199997,69.721573,4080400
2017-07-25,104.449997,105.150002,104.32,104.389999,70.525536,7093800
2017-07-26,104.629997,106.080002,104.199997,105.120003,71.01873,5881400
2017-07-27,104.879997,106.32,104.610001,106.110001,71.687561,5888400
2017-07-28,106.709999,109.129997,106.360001,108.120003,73.045517,7812600
2017-07-31,108.389999,110.0,108.150002,109.190002,73.768394,7561200
2017-08-01,109.540001,110.970001,109.419998,110.779999,74.842606,8162900
2017-08-02,110.389999,111.199997,109.849998,110.459999,74.626411,6212300
2017-08-03,110.230003,110.449997,109.050003,109.43,73.93055,5605400
2017-08-04,109.43,110.199997,109.43,110.110001,74.389954,4643500
2017-08-07,109.809998,110.290001,109.580002,109.779999,74.167007,4762800
2017-08-08,110.0,110.709999,109.769997,110.349998,74.552101,4107300
2017-08-09,110.739998,111.410004,110.260002,110.889999,74.916931,3966800
2017-08-10,111.230003,111.440002,110.029999,110.110001,74.389954,4950700
2017-08-11,110.199997,110.489998,109.129997,109.230003,73.795418,3383000
2017-08-14,109.260002,109.82,108.32,108.709999,73.444115,4286100
2017-08-15,108.75,108.900002,107.529999,108.57,73.349518,5310700
2017-08-16,107.629997,107.919998,106.690002,106.839996,72.90596,4186600
2017-08-17,106.610001,106.870003,105.910004,105.919998,72.278206,5870300
2017-08-18,105.839996,107.339996,105.5,106.480003,72.660324,5467400
2017-08-21,106.480003,106.480003,105.300003,105.779999,72.182655,3560400
2017-08-22,105.989998,106.919998,105.809998,106.360001,72.578438,5630900
2017-08-23,106.209999,107.059998,106.110001,106.610001,72.749023,4185800
2017-08-24,106.5,107.669998,106.330002,107.440002,73.315414,5059700
2017-08-25,107.82,108.709999,107.519997,108.230003,73.854477,4384200
2017-08-28,108.540001,108.589996,107.269997,107.760002,73.533768,3681600
2017-08-29,107.43,108.050003,107.040001,107.860001,73.602036,3230600
2017-08-30,107.580002,107.839996,107.099998,107.730003,73.513313,3126000
2017-08-31,108.0,108.230003,107.5,107.620003,73.438232,5508200
2017-09-01,107.68,109.160004,107.510002,108.760002,74.216179,3660300
2017-09-05,109.360001,110.260002,108.699997,109.440002,74.680176,5198500
2017-09-06,110.0,112.230003,109.800003,111.790001,76.283775,8577300
2017-09-07,112.18,112.870003,111.360001,111.800003,76.290627,5937800
2017-09-08,111.589996,111.75,110.529999,110.779999,75.594574,4033100
2017-09-11,111.830002,112.57,111.519997,112.519997,76.781944,5973400
2017-09-12,112.82,112.949997,111.860001,112.489998,76.761459,5110100
2017-09-13,112.489998,114.32,112.279999,114.18,77.914688,5889400
2017-09-14,114.260002,115.339996,114.18,114.449997,78.098923,5819100
2017-09-15,114.830002,114.910004,113.629997,114.629997,78.221748,8387600
2017-09-18,114.419998,115.220001,114.32,115.190002,78.603905,4954600
2017-09-19,115.25,116.419998,115.190002,116.339996,79.388649,6188000
2017-09-20,116.5,117.150002,116.199997,116.370003,79.409126,5378200
2017-09-21,116.220001,116.519997,115.830002,116.470001,79.477333,4334500
2017-09-22,116.410004,117.830002,116.269997,117.290001,80.036888,5307100
2017-09-25,117.230003,118.330002,117.019997,117.989998,80.514557,5980300
2017-09-26,117.790001,118.029999,117.25,117.519997,80.193848,4874700
2017-09-27,117.459999,117.599998,116.769997,117.449997,80.146088,3926800
2017-09-28,117.169998,118.129997,117.019997,117.620003,80.262085,4949000
2017-09-29,117.169998,117.519997,116.730003,117.5,80.180191,4874800
2017-10-02,116.419998,117.790001,115.529999,117.43,80.132431,4285600
2017-10-03,117.080002,118.25,117.010002,117.82,80.39856,3892200
2017-10-04,117.82,117.870003,117.129997,117.580002,80.234779,3443400
2017-10-05,117.449997,118.690002,117.330002,118.580002,80.917175,5470900
2017-10-06,117.949997,118.150002,116.800003,117.029999,79.859459,3533300
2017-10-09,117.339996,118.080002,117.010002,117.709999,80.323486,2951900
2017-10-10,118.400002,119.82,118.290001,118.800003,81.067299,5683100
2017-10-11,119.209999,119.519997,118.580002,119.330002,81.428955,3926100
2017-10-12,118.489998,119.650002,118.309998,119.139999,81.299301,3929700
2017-10-13,119.790001,120.0,119.07,119.160004,81.31295,4640100
2017-10-16,119.839996,120.889999,119.43,120.129997,81.974861,5500700
2017-10-17,120.230003,120.739998,119.830002,120.220001,82.036278,4844300
2017-10-18,119.400002,120.019997,117.989998,118.150002,80.623764,5505100
2017-10-19,118.059998,118.739998,117.949997,118.199997,80.657867,4576600
2017-10-20,118.610001,118.779999,118.07,118.639999,80.958107,4924300
2017-10-23,118.720001,119.300003,118.449997,118.93,81.156029,3872400
2017-10-24,119.480003,119.919998,119.07,119.230003,81.360741,4472400
2017-10-25,119.0,119.440002,118.150002,118.440002,80.82164,4553100
2017-10-26,118.779999,119.0,118.139999,118.440002,80.82164,4092900
2017-10-27,116.129997,116.400002,112.57,113.540001,77.477966,14534100
2017-10-30,113.169998,115.099998,112.839996,114.389999,78.057999,7517800
2017-10-31,114.449997,116.379997,113.82,115.889999,79.081573,7154800
2017-11-01,116.300003,116.970001,115.349998,115.900002,79.088402,5030300
2017-11-02,116.209999,116.470001,114.709999,115.330002,78.699425,4329600
2017-11-03,115.480003,115.75,114.730003,114.989998,78.467407,4101800
2017-11-06,115.370003,117.160004,114.989998,117.040001,79.866302,5950300
2017-11-07,117.379997,118.0,116.480003,117.239998,80.002769,5219500
2017-11-08,116.779999,117.150002,115.900002,116.669998,79.6138,5092800
2017-11-09,115.900002,117.5,115.620003,117.239998,80.002769,5103300
2017-11-10,116.709999,117.309998,116.099998,117.18,79.961838,5156900
2017-11-13,117.220001,117.769997,116.68,117.230003,79.995979,4279200
2017-11-14,116.82,117.260002,116.25,116.919998,79.784416,6996500
2017-11-15,116.209999,117.230003,116.07,116.449997,79.463692,5372600
2017-11-16,115.25,115.82,114.379997,114.57,78.912689,5888700
2017-11-17,114.669998,114.989998,113.900002,114.709999,79.009102,4337500
2017-11-20,114.769997,115.029999,114.440002,114.720001,79.016014,4634200
2017-11-21,115.139999,115.860001,114.919998,115.169998,79.325943,4596000
2017-11-22,115.489998,116.779999,115.32,115.910004,79.835632,3951000
2017-11-24,116.550003,116.849998,116.309998,116.510002,80.248901,1744200
2017-11-27,115.849998,116.029999,115.239998,115.589996,79.615227,4490300
2017-11-28,115.919998,116.809998,115.739998,116.449997,80.207565,4004700
2017-11-29,116.199997,117.25,115.830002,117.18,80.710381,3661000
2017-11-30,117.260002,119.150002,117.230003,118.989998,81.957039,7896600
2017-12-01,119.809998,120.459999,118.519997,119.510002,82.315201,6831800
2017-12-04,119.809998,122.300003,119.370003,120.839996,83.231293,7366400
2017-12-05,120.540001,121.400002,120.150002,120.389999,82.921341,4380700
2017-12-06,119.989998,120.879997,119.519997,119.610001,82.384079,4852500
2017-12-07,119.5,120.099998,118.959999,119.629997,82.397888,4908500
2017-12-08,119.959999,120.239998,119.099998,119.919998,82.597618,4122200
2017-12-11,120.290001,121.110001,120.120003,120.419998,82.941986,5929700
2017-12-12,119.809998,120.739998,119.559998,119.68,82.432312,4300200
2017-12-13,119.43,120.169998,118.68,119.93,82.604492,4399800
2017-12-14,119.809998,120.279999,119.5,119.529999,82.328995,3736900
2017-12-15,120.440002,120.470001,119.510002,119.730003,82.466743,11226900
2017-12-18,119.919998,121.290001,119.620003,119.699997,82.446068,4654100
2017-12-19,120.32,120.75,119.510002,119.839996,82.542488,4599300
2017-12-20,120.279999,121.300003,119.650002,120.889999,83.265709,6286700
2017-12-21,121.389999,125.349998,121.07,124.82,85.97258,10109000
2017-12-22,124.849998,125.650002,124.57,124.980003,86.082817,4735100
2017-12-26,125.230003,126.139999,125.050003,125.980003,86.771584,3348500
2017-12-27,125.959999,126.199997,125.129997,125.550003,86.47541,3452300
2017-12-28,125.690002,125.889999,125.290001,125.580002,86.496056,2191800
2017-12-29,125.360001,125.980003,125.190002,125.190002,86.227425,3829000
2018-01-02,125.709999,127.739998,125.540001,127.580002,87.873627,5626000
2018-01-03,127.459999,128.940002,126.900002,128.509995,88.514168,5805500
2018-01-04,127.949997,128.350006,127.220001,128.110001,88.238663,4598300
2018-01-05,127.970001,128.100006,127.099998,127.900002,88.094002,4189200
2018-01-08,127.860001,128.630005,127.629997,128.529999,88.527931,4826100
2018-01-09,128.429993,128.940002,127.790001,127.839996,88.052711,4422300
2018-01-10,128.309998,128.759995,127.800003,128.660004,88.617477,5292200
2018-01-11,128.919998,133.320007,128.759995,132.570007,91.310585,11641300
2018-01-12,132.190002,133.850006,132.110001,133.600006,92.020035,7232900
2018-01-16,133.669998,133.880005,131.600006,132.009995,90.924858,6254200
2018-01-17,132.190002,132.800003,130.960007,132.360001,91.165947,5632700
2018-01-18,132.350006,132.5,131.029999,131.589996,90.635582,5890000
2018-01-19,131.830002,132.0,130.210007,131.300003,90.435844,6048900
2018-01-22,131.300003,132.559998,131.279999,132.559998,91.30368,5248800
2018-01-23,132.380005,132.559998,130.729996,131.020004,90.242989,5747300
2018-01-24,131.380005,132.669998,131.070007,131.389999,90.497841,6868200
2018-01-25,131.759995,131.869995,130.339996,130.649994,89.988121,4597200
2018-01-26,130.710007,131.75,130.369995,131.190002,90.360062,6310500
2018-01-29,130.059998,131.580002,128.320007,128.479996,88.493515,6350700
2018-01-30,127.610001,128.009995,125.190002,125.230003,86.255005,8084000
2018-01-31,125.419998,125.82,124.050003,125.349998,86.337662,9626800
2018-02-01,125.599998,125.629997,124.059998,125.57,86.489189,7844500
2018-02-02,123.949997,123.949997,117.639999,118.580002,81.674652,13182600
2018-02-05,116.989998,118.300003,108.019997,112.620003,77.569588,15414700
2018-02-06,111.199997,117.629997,110.760002,117.18,80.710381,18416300
2018-02-07,117.400002,119.269997,115.230003,115.290001,79.408615,11535700
2018-02-08,115.169998,115.889999,112.209999,112.300003,77.349167,9927500
2018-02-09,113.339996,114.620003,109.5,113.5,78.175682,10922400
2018-02-12,114.800003,115.849998,112.910004,113.980003,78.506294,8358200
2018-02-13,113.339996,113.610001,111.860001,113.290001,78.031067,7065900
2018-02-14,112.5,114.050003,111.400002,113.629997,78.265236,7031900
2018-02-15,112.860001,113.019997,110.839996,112.529999,78.279144,5405000
2018-02-16,112.349998,112.940002,111.209999,112.139999,78.007843,5950400
2018-02-20,112.279999,112.760002,110.580002,110.980003,77.20092,6810900
2018-02-21,111.139999,112.059998,109.059998,109.059998,75.865303,6892300
2018-02-22,109.550003,111.440002,108.900002,109.889999,76.44268,8176700
2018-02-23,110.459999,112.739998,110.25,112.589996,78.320877,6460200
2018-02-26,113.18,114.660004,112.849998,114.599998,79.719109,7405800
2018-02-27,114.870003,116.050003,113.610001,113.610001,79.030411,6059700
2018-02-28,115.019997,115.459999,111.879997,111.919998,77.854813,7441000
2018-03-01,111.529999,113.900002,110.970001,112.040001,77.938293,7516700
2018-03-02,111.5,112.18,109.830002,111.639999,77.660034,6607300
2018-03-05,111.400002,113.330002,111.019997,113.150002,78.710449,7814900
2018-03-06,113.849998,115.519997,113.019997,113.650002,79.05825,7957900
2018-03-07,112.949997,115.080002,112.629997,113.839996,79.190422,6660000
2018-03-08,114.599998,114.75,112.599998,113.349998,78.849594,6095100
2018-03-09,114.309998,117.389999,114.239998,117.220001,81.541626,8833300
2018-03-12,117.5,118.349998,116.559998,116.790001,81.242531,6877000
2018-03-13,117.230003,118.18,116.0,116.459999,81.012978,6793100
2018-03-14,116.980003,117.449997,114.860001,115.129997,80.087791,5051000
2018-03-15,115.360001,116.209999,114.75,115.580002,80.400818,4519700
2018-03-16,115.400002,116.190002,114.559998,115.400002,80.275589,14909400
2018-03-19,115.07,115.230003,113.220001,113.889999,79.225189,4803500
2018-03-20,114.550003,115.699997,114.440002,114.5,79.649513,4587200
2018-03-21,114.980003,118.110001,114.800003,117.040001,81.416443,6829600
2018-03-22,115.550003,115.739998,113.480003,113.699997,79.09304,6297200
2018-03-23,114.370003,115.769997,112.699997,112.980003,78.592171,6227200
2018-03-26,114.239998,115.589996,113.25,115.349998,80.240822,6868700
2018-03-27,115.75,116.860001,113.980003,114.660004,79.760849,5530800
2018-03-28,114.93,115.260002,112.059998,112.099998,77.980049,6985300
2018-03-29,112.290001,114.43,112.279999,114.040001,79.329552,6627800
2018-04-02,113.889999,114.389999,110.540001,112.239998,78.077385,6228600
2018-04-03,112.519997,114.980003,112.089996,114.830002,79.879105,6717300
2018-04-04,113.050003,114.790001,112.43,114.480003,79.635643,5727200
2018-04-05,114.879997,117.889999,114.699997,117.290001,81.590324,7204900
2018-04-06,116.379997,117.010002,113.389999,114.760002,79.830383,7094500
2018-04-09,115.300003,117.169998,114.879997,115.980003,80.679062,6933800
2018-04-10,117.599998,119.830002,117.599998,118.849998,82.675537,7612800
2018-04-11,118.690002,119.379997,117.75,119.25,82.953773,6246800
2018-04-12,119.709999,120.669998,118.650002,119.230003,82.93988,6702000
2018-04-13,119.519997,120.790001,119.220001,119.919998,83.419861,5508100
2018-04-16,120.599998,121.709999,119.769997,120.699997,83.96241,4598000
2018-04-17,120.940002,122.0,120.559998,121.459999,84.491119,6488300
2018-04-18,122.459999,124.889999,122.400002,123.82,86.132805,9132500
2018-04-19,123.970001,125.0,123.209999,123.709999,86.05629,7159400
2018-04-20,123.379997,123.459999,121.459999,122.309998,85.08242,7561200
2018-04-23,122.0,123.610001,121.800003,123.580002,85.965843,6113100
2018-04-24,124.360001,125.040001,121.75,122.540001,85.242409,7980500
2018-04-25,122.339996,122.900002,121.120003,122.720001,85.367615,5331100
2018-04-26,122.669998,124.300003,122.300003,124.220001,86.411049,6268400
2018-04-27,125.5,127.050003,124.68,126.620003,88.080559,8836600
2018-04-30,127.019997,127.900002,125.050003,125.110001,87.030136,7631600
2018-05-01,124.029999,124.919998,123.080002,124.860001,86.85627,7093700
2018-05-02,124.199997,126.470001,124.089996,125.489998,87.294502,5909100
2018-05-03,124.589996,126.120003,123.830002,126.010002,87.656219,6727700
2018-05-04,125.209999,126.839996,124.709999,125.529999,87.322319,5403100
2018-05-07,126.589996,128.399994,124.440002,124.940002,86.911896,6999700
2018-05-08,124.93,126.75,123.629997,126.57,88.045799,8937000
2018-05-09,128.419998,130.419998,128.089996,128.720001,89.541389,11442700
2018-05-10,129.690002,129.779999,128.389999,128.820007,89.610962,5446000
2018-05-11,129.389999,130.759995,128.520004,129.839996,90.32048,8092300
2018-05-14,130.25,131.080002,129.800003,130.389999,90.703087,6212400
2018-05-15,130.240005,130.270004,129.25,129.740005,90.250938,5201700
2018-05-16,129.289993,129.720001,128.300003,129.559998,90.125687,5405100
2018-05-17,128.759995,129.570007,128.380005,129.460007,90.841438,5241600
2018-05-18,128.919998,129.149994,127.800003,127.860001,89.718742,6385800
2018-05-21,128.789993,129.410004,128.270004,129.369995,90.77829,5081200
2018-05-22,129.089996,130.389999,128.100006,128.229996,89.978355,5444200
2018-05-23,127.089996,128.789993,126.550003,128.699997,90.308159,6017200
2018-05-24,127.400002,127.400002,125.849998,126.610001,88.841606,5906200
2018-05-25,124.540001,124.760002,121.220001,122.190002,85.740143,8936600
2018-05-29,121.099998,122.43,120.059998,121.389999,85.178764,7385700
2018-05-30,122.650002,125.669998,122.339996,125.160004,87.824158,7125300
2018-05-31,124.080002,124.82,123.459999,124.300003,87.220695,7460700
2018-06-01,125.489998,125.550003,123.43,123.849998,86.904938,5749900
2018-06-04,124.529999,125.410004,122.169998,122.260002,85.789246,5760500
2018-06-05,122.010002,123.709999,121.550003,122.730003,86.119003,5672600
2018-06-06,123.120003,123.690002,122.059998,123.379997,86.575134,6213400
2018-06-07,124.540001,127.980003,124.410004,126.959999,89.087196,8607200
2018-06-08,127.120003,127.379997,125.68,126.440002,88.722336,5108800
2018-06-11,126.769997,128.190002,125.860001,127.559998,89.508186,6085100
2018-06-12,127.639999,128.380005,126.330002,127.080002,89.171402,4543000
2018-06-13,126.809998,127.82,126.089996,127.07,89.164375,6317900
2018-06-14,127.379997,127.959999,126.379997,126.510002,88.771431,5056800
2018-06-15,127.099998,127.120003,123.839996,124.040001,87.038254,13223800
2018-06-18,124.349998,126.980003,124.099998,125.970001,88.392532,7696800
2018-06-19,124.32,125.889999,123.879997,125.540001,88.090797,5947800
2018-06-20,126.120003,126.459999,124.300003,125.290001,87.915375,7980700
2018-06-21,124.5,124.589996,122.160004,122.589996,86.020782,7290800
2018-06-22,125.410004,126.57,124.82,125.099998,87.782051,8535200
2018-06-25,124.43,124.639999,121.93,122.610001,86.034821,5801900
2018-06-26,123.029999,124.610001,122.57,124.160004,87.122467,4592800
2018-06-27,125.150002,127.419998,125.059998,126.0,88.413559,6339500
2018-06-28,126.540001,126.860001,125.0,125.660004,88.175018,3814800
2018-06-29,125.739998,127.730003,125.739998,126.43,88.715302,5669700
2018-07-02,125.279999,125.290001,123.559998,124.25,87.185593,5073500
2018-07-03,125.459999,126.690002,124.550003,124.730003,87.522438,3919600
2018-07-05,126.110001,126.25,123.82,123.980003,86.996162,5926900
2018-07-06,123.519997,124.519997,123.190002,124.139999,87.108429,4020000
2018-07-09,125.0,126.279999,124.690002,125.989998,88.406548,4602200
2018-07-10,127.330002,128.509995,126.75,127.589996,89.529259,5092100
2018-07-11,126.230003,126.68,122.970001,123.519997,86.673363,6631800
2018-07-12,124.440002,124.949997,123.589996,124.260002,87.192612,3745200
2018-07-13,124.199997,124.879997,123.629997,124.040001,87.038254,3352800
2018-07-16,123.010002,123.879997,121.879997,122.980003,86.294472,4317800
2018-07-17,122.360001,122.959999,121.800003,121.910004,85.543648,4135200
2018-07-18,121.239998,121.669998,119.669998,121.529999,85.277,6061300
2018-07-19,121.099998,122.139999,121.010002,121.669998,85.375237,4471400
2018-07-20,121.25,122.349998,121.010002,122.269997,85.796249,5394700
2018-07-23,122.349998,123.07,121.160004,121.330002,85.13665,5359400
2018-07-24,121.870003,124.160004,121.860001,123.849998,86.904938,4423500
2018-07-25,123.620003,125.230003,123.269997,124.900002,87.641724,4278800
2018-07-26,124.699997,125.379997,123.800003,123.949997,86.975113,5544100
2018-07-27,122.790001,127.040001,122.080002,125.970001,88.392532,7580900
2018-07-30,126.760002,128.410004,126.220001,127.830002,89.697662,5729300
2018-07-31,128.0,128.550003,126.129997,126.269997,88.60305,5894400
2018-08-01,125.309998,125.919998,124.75,125.389999,87.985535,4661000
2018-08-02,124.440002,124.809998,123.300003,123.760002,86.841782,4639600
2018-08-03,124.150002,124.25,123.330002,124.050003,87.045273,5299400
2018-08-06,124.419998,124.940002,123.540001,124.300003,87.220695,4455900
2018-08-07,125.540001,125.699997,124.75,125.18,87.838158,4542000
2018-08-08,124.519997,124.790001,123.32,123.879997,86.925957,5957200
2018-08-09,123.959999,124.370003,122.260002,122.529999,85.978706,5218300
2018-08-10,122.169998,123.519997,121.5,123.339996,86.547043,6128000
2018-08-13,123.309998,123.68,122.260002,122.440002,85.915527,4360000
2018-08-14,122.919998,123.650002,122.0,122.580002,86.013779,3622200
2018-08-15,121.699997,121.730003,117.43,117.940002,82.757912,9476700
2018-08-16,117.699997,118.309998,117.18,117.660004,83.352989,5455200
2018-08-17,118.150002,118.580002,117.089996,117.800003,83.452164,6112900
2018-08-20,118.0,118.32,117.330002,117.75,83.416733,5403600
2018-08-21,118.379997,118.93,117.790001,117.940002,83.551338,4875800
2018-08-22,118.540001,119.459999,118.419998,118.919998,84.24559,3636900
2018-08-23,118.389999,118.82,117.699997,118.099998,83.664673,3962500
2018-08-24,118.900002,119.540001,118.720001,119.010002,84.309357,4415400
2018-08-27,119.360001,120.480003,119.169998,120.349998,85.258659,3901900
2018-08-28,120.599998,121.339996,119.75,119.860001,84.911522,4685700
2018-08-29,120.0,120.830002,119.879997,120.220001,85.166527,4101700
2018-08-30,120.080002,120.43,119.550003,119.809998,84.876099,3353000
2018-08-31,119.400002,119.400002,118.089996,118.459999,83.919724,5287000
2018-09-04,118.93,119.629997,118.349998,118.870003,84.210167,4590900
2018-09-05,118.059998,118.940002,117.260002,118.919998,84.24559,4619400
2018-09-06,117.889999,118.510002,115.139999,115.230003,81.631516,8191100
2018-09-07,114.519997,115.349998,113.389999,114.599998,81.185211,6637800
2018-09-10,115.43,115.720001,114.379997,114.480003,81.100197,5870900
2018-09-11,114.339996,115.739998,113.760002,115.019997,81.482742,5605300
2018-09-12,116.419998,117.489998,115.760002,115.790001,82.028229,5067800
2018-09-13,116.010002,116.519997,115.080002,116.300003,82.389519,6297700
2018-09-14,116.43,117.610001,116.349998,117.379997,83.15464,4947800
2018-09-17,117.610001,118.68,117.279999,117.510002,83.246712,5560200
2018-09-18,118.5,118.900002,117.980003,118.129997,83.685944,4966300
2018-09-19,118.330002,120.040001,118.120003,119.510002,84.663574,4855300
2018-09-20,120.190002,121.32,119.110001,119.419998,84.599815,5846700
2018-09-21,119.910004,121.260002,119.410004,121.129997,85.811226,13703600
2018-09-24,121.910004,122.980003,121.57,122.620003,86.86676,6534100
2018-09-25,123.5,124.239998,122.940002,123.370003,87.398064,5396400
2018-09-26,122.989998,123.419998,121.739998,121.949997,86.39212,4231400
2018-09-27,122.160004,123.0,121.709999,122.470001,86.760536,4533400
2018-09-28,121.989998,123.209999,121.760002,122.279999,86.625908,5202900
2018-10-01,123.110001,124.879997,123.110001,124.389999,88.120651,5348200
2018-10-02,125.07,125.760002,124.32,124.739998,88.368599,5445400
2018-10-03,125.129997,125.839996,124.779999,125.309998,88.772392,4479500
2018-10-04,124.790001,125.589996,124.190002,124.949997,88.517372,4824300
2018-10-05,124.93,125.900002,124.739998,125.330002,88.786591,4318000
2018-10-08,124.050003,125.459999,123.830002,124.839996,88.439468,6267700
2018-10-09,125.510002,127.440002,125.07,126.82,89.842133,6797900
2018-10-10,127.230003,127.599998,122.459999,122.599998,86.85257,6504400
2018-10-11,122.43,122.43,117.540001,118.43,83.898483,8589900
2018-10-12,119.529999,119.68,116.18,117.769997,83.430916,7450700
2018-10-15,117.699997,118.860001,116.910004,116.940002,82.842934,6047300
2018-10-16,117.089996,117.68,116.339996,117.510002,83.246712,4846100
2018-10-17,117.209999,117.690002,116.019997,117.290001,83.090874,6978700
2018-10-18,117.419998,118.139999,116.050003,117.470001,83.218384,7391600
2018-10-19,117.370003,119.260002,117.370003,118.139999,83.693031,7944400
2018-10-22,118.099998,118.489998,116.480003,117.209999,83.034195,5644900
2018-10-23,115.720001,115.720001,112.050003,113.400002,80.335121,8095300
2018-10-24,113.720001,114.18,110.07,110.209999,78.075256,8035200
2018-10-25,111.360001,113.400002,110.43,111.580002,79.045799,5734000
2018-10-26,110.629997,112.470001,109.660004,111.529999,79.010353,8035500
2018-10-29,112.040001,112.07,107.540001,108.93,77.168449,8598300
2018-10-30,109.620003,111.150002,108.150002,110.849998,78.528618,7523800
2018-10-31,111.709999,112.5,111.050003,111.650002,79.095367,7429800
2018-11-01,111.769997,111.989998,110.099998,111.169998,78.755341,10572000
2018-11-02,114.849998,117.110001,113.120003,114.730003,81.277321,9890400
2018-11-05,116.620003,119.669998,116.599998,118.940002,84.259758,8758700
2018-11-06,118.760002,119.43,117.849998,118.900002,84.23143,5273200
2018-11-07,120.0,121.120003,119.019997,120.870003,85.627022,4848800
2018-11-08,120.650002,121.870003,118.959999,119.360001,84.557304,9532400
2018-11-09,118.220001,120.370003,117.370003,119.510002,84.663574,6565700
2018-11-12,120.900002,121.370003,117.169998,117.389999,83.161705,10550800
2018-11-13,117.300003,117.879997,115.040001,115.349998,81.71653,6846200
2018-11-14,116.879997,117.790001,114.940002,115.720001,81.978638,6783500
2018-11-15,113.660004,117.080002,112.720001,116.949997,83.659714,7218100
2018-11-16,117.5,119.269997,117.269997,119.059998,85.169067,6706900
2018-11-19,118.139999,119.480003,117.900002,119.419998,85.426605,5328300
2018-11-20,119.239998,119.5,115.040001,116.099998,83.051682,7983500
2018-11-21,116.68,119.190002,116.68,117.57,84.103233,5624400
2018-11-23,114.699997,115.220001,112.110001,113.599998,81.26329,5577800
2018-11-26,114.599998,115.440002,114.019997,114.980003,82.250496,6953000
2018-11-27,114.550003,115.660004,114.220001,115.209999,82.415016,6339200
2018-11-28,114.980003,118.279999,114.400002,118.139999,84.510979,6841700
2018-11-29,117.949997,119.730003,117.739998,118.849998,85.018867,6656900
2018-11-30,118.050003,119.209999,117.699997,118.940002,85.083237,6712500
2018-12-03,120.769997,122.43,120.059998,120.669998,86.320824,8237600
2018-12-04,120.599998,121.089996,117.07,117.239998,83.867149,8288100
2018-12-06,115.339996,116.139999,113.029999,115.910004,82.915771,10715700
2018-12-07,117.589996,119.699997,115.190002,115.489998,82.615295,9114400
2018-12-10,115.300003,115.959999,111.669998,114.940002,82.221855,7674300
2018-12-11,116.260002,116.620003,113.949997,115.470001,82.60099,5929400
2018-12-12,117.110001,117.720001,115.57,115.620003,82.708305,7891400
2018-12-13,115.150002,116.32,114.309998,115.940002,82.937218,7030500
2018-12-14,115.010002,115.809998,113.309998,113.830002,81.427811,6195400
2018-12-17,113.440002,114.970001,111.860001,112.449997,80.440651,7132400
2018-12-18,112.629997,113.239998,108.949997,109.739998,78.502068,9658600
2018-12-19,109.910004,111.989998,107.099998,107.830002,77.13575,10472400
2018-12-20,106.809998,108.07,104.190002,104.980003,75.097008,11612800
2018-12-21,103.620003,106.940002,102.910004,104.209999,74.546196,19912800
2018-12-24,103.300003,104.150002,100.910004,100.989998,72.242798,5619500
2018-12-26,101.849998,107.389999,100.220001,107.389999,76.821022,10779400
2018-12-27,105.470001,109.330002,104.879997,109.32,78.201614,10655100
2018-12-28,109.650002,110.360001,108.120003,108.650002,77.722351,6445400
2018-12-31,109.150002,110.239998,107.860001,108.790001,77.822472,6309600
2019-01-02,107.339996,111.68,107.099998,110.690002,79.181641,6384800
2019-01-03,111.059998,111.290001,108.07,108.57,77.665115,6496200
2019-01-04,110.279999,110.989998,109.470001,110.82,79.27462,7952500
2019-01-07,111.059998,112.93,109.919998,112.260002,80.304733,5712700
2019-01-08,113.400002,113.790001,111.669998,111.769997,79.954201,5674900
2019-01-09,112.690002,114.0,112.449997,113.269997,81.027229,7097000
2019-01-10,112.510002,113.629997,111.709999,113.449997,81.156006,6078300
2019-01-11,113.0,113.050003,111.669998,112.540001,80.505035,4491700
2019-01-14,111.339996,112.339996,111.080002,111.720001,79.918449,6121700
2019-01-15,111.980003,113.07,111.510002,112.120003,80.204582,4226100
2019-01-16,111.43,112.32,111.220001,111.400002,79.689545,5624100
2019-01-17,110.75,112.290001,110.169998,111.959999,80.090149,4442700
2019-01-18,113.989998,114.650002,113.059998,114.370003,81.81411,9382000
2019-01-22,113.120003,113.449997,111.949997,112.339996,80.361969,7242000
2019-01-23,112.379997,112.669998,110.419998,111.389999,79.682381,6082300
2019-01-24,111.029999,113.82,110.910004,113.510002,81.198914,8470700
2019-01-25,114.059998,114.779999,112.989998,113.220001,80.99147,6261800
2019-01-28,111.910004,112.57,111.07,112.169998,80.240341,6886600
2019-01-29,113.029999,113.349998,111.769997,111.830002,79.997139,5359900
2019-01-30,112.529999,113.650002,111.980003,113.010002,80.841248,7941700
2019-01-31,113.800003,115.410004,113.379997,114.650002,82.01442,11225600
2019-02-01,116.650002,119.25,116.599998,118.370003,84.675507,10934300
2019-02-04,117.5,119.75,116.309998,119.739998,85.655518,7987900
2019-02-05,119.620003,119.860001,118.690002,119.480003,85.469559,6887400
2019-02-06,119.0,119.589996,118.690002,118.879997,85.040329,4990400
2019-02-07,118.010002,118.510002,116.510002,118.230003,84.575356,7281900
2019-02-08,117.739998,117.889999,115.919998,117.580002,84.110374,5671000
2019-02-11,116.93,117.360001,116.389999,116.949997,83.659714,4859600
2019-02-12,118.330002,118.870003,117.610001,118.720001,84.925903,5400700
2019-02-13,119.160004,120.389999,118.699997,119.57,85.533913,5935900
2019-02-14,118.370003,119.529999,117.660004,118.160004,85.374962,5406500
2019-02-15,119.620003,119.860001,118.589996,119.349998,86.234772,6209800
2019-02-19,118.900002,119.860001,118.459999,119.309998,86.205887,4277800
2019-02-20,119.309998,120.720001,119.0,120.279999,86.906731,5940600
2019-02-21,120.07,120.32,118.389999,119.139999,86.083038,5139400
2019-02-22,120.279999,120.459999,118.849998,119.389999,86.263672,4517600
2019-02-25,119.410004,120.419998,119.370003,119.620003,86.42984,5196600
2019-02-26,119.809998,120.970001,119.68,119.940002,86.661072,5445600
2019-02-27,120.290001,121.290001,119.889999,120.080002,86.76223,5289800
2019-02-28,120.0,120.160004,118.489998,119.580002,86.400963,6406500
2019-03-01,120.389999,122.040001,120.169998,122.029999,88.171181,7743600
2019-03-04,122.669998,122.839996,120.550003,122.120003,88.236206,7499500
2019-03-05,121.870003,123.349998,121.589996,123.290001,89.081566,7345200
2019-03-06,123.169998,124.699997,122.300003,123.529999,89.25499,7599900
2019-03-07,123.419998,123.5,121.699997,121.940002,88.106148,7201100
2019-03-08,120.099998,121.93,119.199997,121.620003,87.874931,7014100
2019-03-11,122.870003,124.199997,122.75,123.620003,89.320007,6088600
2019-03-12,123.839996,124.959999,123.379997,123.900002,89.522324,6184300
2019-03-13,124.599998,124.93,123.900002,124.669998,90.078674,4707000
2019-03-14,124.760002,125.459999,124.480003,124.599998,90.028107,5146400
2019-03-15,124.589996,125.419998,124.349998,125.309998,90.5411,10449700
2019-03-18,125.209999,126.129997,125.169998,125.879997,90.952942,5586900
2019-03-19,126.559998,126.919998,124.739998,125.279999,90.519424,5096800
2019-03-20,125.040001,126.339996,124.68,124.690002,90.093147,6708500
2019-03-21,124.870003,125.959999,124.510002,125.860001,90.938492,5050400
2019-03-22,124.849998,124.900002,122.699997,123.089996,88.937065,5786800
2019-03-25,122.93,123.349998,122.309998,122.889999,88.792564,3837500
2019-03-26,123.769997,124.910004,123.379997,124.129997,89.688515,4079800
2019-03-27,123.980003,124.480003,122.019997,122.790001,88.720314,3727800
2019-03-28,122.599998,123.160004,122.360001,123.019997,88.88649,4057700
2019-03-29,124.279999,124.470001,122.489998,123.18,89.00209,5318600
2019-04-01,123.870003,125.269997,123.449997,124.940002,90.273766,5506300
2019-04-02,125.199997,125.440002,124.110001,124.93,90.266525,4362700
2019-04-03,125.220001,125.349998,123.540001,123.889999,89.515076,3595400
2019-04-04,124.010002,124.830002,123.550003,124.800003,90.172607,3715400
2019-04-05,125.25,126.639999,125.199997,126.419998,91.343117,5551400
2019-04-08,126.769997,127.339996,126.230003,126.68,91.530968,5483100
2019-04-09,126.290001,126.290001,125.120003,125.540001,90.707275,4143400
2019-04-10,126.139999,126.57,125.129997,125.489998,90.67115,3970000
2019-04-11,125.339996,126.260002,124.75,125.989998,91.032402,3248300
2019-04-12,121.580002,122.0,119.0,119.760002,86.531006,42693700
2019-04-15,120.019997,121.019997,119.330002,120.139999,86.80558,13369100
2019-04-16,120.43,121.32,120.059998,121.169998,87.549789,11942900
2019-04-17,122.199997,122.540001,120.050003,120.269997,86.89949,11898100
2019-04-18,120.519997,120.82,119.099998,119.860001,86.603264,9546500
2019-04-22,120.779999,122.010002,120.449997,121.900002,88.077271,7946200
2019-04-23,121.730003,122.279999,121.349998,122.019997,88.163948,9079200
2019-04-24,121.349998,121.43,118.089996,118.279999,85.461662,22115000
2019-04-25,118.050003,118.699997,117.400002,117.900002,85.18708,10636400
2019-04-26,118.400002,118.5,115.650002,117.099998,84.609077,11626700
2019-04-29,117.010002,118.110001,116.699997,117.720001,85.057045,9404000
2019-04-30,121.099998,121.919998,119.650002,120.059998,86.747772,21431500
2019-05-01,119.800003,120.139999,117.760002,117.809998,85.122078,10097000
2019-05-02,117.279999,118.480003,116.279999,116.379997,84.088844,9495600
2019-05-03,117.690002,118.550003,117.110001,117.269997,84.731903,7364900
2019-05-06,117.5,119.839996,117.470001,118.400002,85.54837,11035000
2019-05-07,117.300003,118.269997,116.5,118.269997,85.454437,9165200
2019-05-08,118.370003,118.480003,117.400002,117.5,84.898064,6229000
2019-05-09,121.120003,122.32,119.860001,121.190002,87.56424,16496300
2019-05-10,121.169998,122.269997,119.830002,121.989998,88.142288,8787900
2019-05-13,121.910004,122.260002,120.010002,120.440002,87.022354,7701200
2019-05-14,120.669998,122.25,120.510002,121.639999,87.889374,6858500
2019-05-15,121.199997,122.489998,120.870003,122.139999,88.250656,6945000
2019-05-16,120.989998,121.550003,120.529999,120.800003,88.141197,8543300
2019-05-17,120.059998,121.110001,119.879997,120.519997,87.936897,6870900
2019-05-20,120.709999,121.209999,120.540001,120.839996,88.170395,4569700
2019-05-21,121.029999,121.940002,120.900002,121.339996,88.535202,4859400
2019-05-22,120.900002,121.440002,120.339996,120.57,87.973381,5763300
2019-05-23,118.809998,118.870003,116.860001,117.870003,86.003349,11000200
2019-05-24,118.300003,118.93,117.379997,118.709999,86.616257,4890800
2019-05-28,118.879997,119.32,118.169998,118.309998,86.324379,8145100
2019-05-29,117.040001,117.360001,115.82,116.769997,85.200737,7451300
2019-05-30,116.540001,116.739998,114.849998,115.379997,84.186501,5807900
2019-05-31,114.220001,115.199997,113.720001,113.849998,83.070168,6899800
2019-06-03,114.699997,116.099998,114.470001,115.989998,84.631615,6100800
2019-06-04,116.599998,117.68,116.290001,117.300003,85.587463,5235600
2019-06-05,117.870003,118.029999,116.269997,117.650002,85.842812,5105700
2019-06-06,118.209999,121.160004,118.110001,120.68,88.053642,7370100
2019-06-07,120.739998,122.120003,120.529999,121.480003,88.63736,5343100
2019-06-10,122.199997,122.760002,121.709999,122.290001,89.228371,5708800
2019-06-11,123.370003,123.5,121.150002,121.169998,88.411171,5625100
2019-06-12,120.379997,120.580002,119.559998,120.190002,87.696121,4000100
2019-06-13,121.239998,121.889999,120.459999,120.910004,88.221443,3993300
2019-06-14,121.0,121.160004,120.370003,120.809998,88.148521,3366800
2019-06-17,120.720001,121.839996,120.379997,121.389999,88.571693,4219100
2019-06-18,121.949997,123.870003,121.860001,122.93,89.695343,4884300
2019-06-19,122.510002,123.480003,122.220001,122.889999,89.666176,3847100
2019-06-20,124.309998,124.699997,123.599998,124.279999,90.680367,7771700
2019-06-21,124.800003,126.199997,124.230003,124.93,91.15464,14287900
2019-06-24,124.540001,125.379997,124.419998,124.910004,91.140038,5542600
2019-06-25,124.839996,125.110001,123.489998,123.639999,90.213387,4713300
2019-06-26,124.57,124.879997,123.879997,123.93,90.424995,5054800
2019-06-27,123.919998,124.199997,122.889999,123.110001,89.826675,3551700
2019-06-28,123.410004,124.480003,123.120003,124.440002,90.797112,7048300
2019-07-01,125.360001,125.839996,124.360001,124.839996,91.088974,5526900
2019-07-02,124.550003,124.720001,122.389999,122.93,89.695343,5747700
2019-07-03,122.93,123.370003,122.330002,123.349998,90.001816,2725800
2019-07-05,123.139999,123.739998,122.639999,123.540001,90.140419,3458900
2019-07-08,123.660004,124.089996,123.419998,123.599998,90.184212,3505200
2019-07-09,123.900002,124.139999,123.07,123.349998,90.001816,3955600
2019-07-10,124.110001,125.620003,124.110001,125.440002,91.526772,4743500
2019-07-11,125.68,125.68,124.599998,125.43,91.519463,3548000
2019-07-12,125.379997,126.25,125.129997,125.980003,91.920776,3974400
2019-07-15,126.059998,126.400002,125.269997,125.720001,91.731049,3739200
2019-07-16,125.5,125.779999,124.260002,124.760002,91.030602,4697600
2019-07-17,124.660004,125.279999,124.059998,124.139999,90.578232,3874200
2019-07-18,124.120003,125.050003,123.360001,124.68,90.972237,5770700
2019-07-19,124.68,125.410004,124.599998,125.040001,91.234901,4880900
2019-07-22,125.370003,125.75,124.470001,125.309998,91.431915,3275800
2019-07-23,125.239998,126.220001,124.779999,125.82,91.804008,4295300
2019-07-24,125.870003,126.940002,125.660004,126.540001,92.329376,4796900
2019-07-25,127.0,127.0,125.330002,125.629997,91.665398,4586800
2019-07-26,125.239998,125.25,123.300003,123.720001,90.271767,6971700
2019-07-29,123.480003,124.639999,123.379997,124.230003,90.643913,4377500
2019-07-30,124.099998,124.75,123.379997,124.339996,90.724152,3871700
2019-07-31,123.709999,124.690002,122.480003,123.110001,89.826675,7199500
2019-08-01,122.0,123.75,120.309998,120.739998,88.097435,7928400
2019-08-02,121.779999,122.540001,117.830002,120.730003,88.090134,9026200
2019-08-05,119.190002,120.550003,117.449997,118.739998,86.638138,8620300
2019-08-06,118.720001,119.529999,117.650002,119.379997,87.105125,6788000
2019-08-07,117.550003,119.800003,116.949997,119.099998,86.900826,6853700
2019-08-08,119.489998,123.330002,119.419998,123.230003,89.914238,8868100
2019-08-09,123.110001,123.889999,121.889999,122.419998,89.323227,5051700
2019-08-12,123.010002,123.139999,120.910004,121.550003,88.688446,3936500
2019-08-13,121.010002,122.699997,120.300003,122.389999,89.301346,5806400
2019-08-14,120.019997,120.589996,117.68,117.739998,85.908478,7175600
2019-08-15,117.239998,117.839996,115.459999,116.949997,85.332077,6272600
2019-08-16,116.400002,116.650002,115.360001,115.809998,85.368927,6239100
2019-08-19,117.129997,117.82,116.959999,117.309998,86.474648,6443700
2019-08-20,117.129997,117.190002,115.660004,116.129997,85.604828,5150900
2019-08-21,117.790001,118.220001,117.330002,117.879997,86.894836,4578400
2019-08-22,118.660004,118.739998,117.449997,117.730003,86.784248,4362100
2019-08-23,116.480003,118.059998,114.349998,115.18,84.904541,7653400
2019-08-26,115.919998,116.220001,115.190002,115.739998,85.317322,3966400
2019-08-27,116.269997,117.029999,115.040001,115.830002,85.383682,4237100
2019-08-28,116.410004,117.199997,115.879997,116.830002,86.120811,4153500
2019-08-29,117.190002,117.839996,116.580002,117.519997,86.629433,4467300
2019-08-30,117.980003,118.980003,117.230003,117.720001,86.776886,4881100
2019-09-03,115.769997,116.330002,114.550003,116.269997,85.708,5672500
2019-09-04,117.480003,118.540001,117.169998,117.25,86.430412,4595600
2019-09-05,118.010002,119.07,117.260002,117.639999,86.717911,5394300
2019-09-06,117.5,118.440002,117.389999,118.260002,87.174927,4578200
2019-09-09,118.739998,119.629997,118.580002,119.389999,88.007912,5048000
2019-09-10,120.230003,123.290001,119.910004,121.849998,89.821289,8728800
2019-09-11,122.209999,122.980003,120.370003,121.279999,89.401123,5509500
2019-09-12,120.040001,122.18,119.559998,121.419998,89.504326,5818300
2019-09-13,122.25,122.32,121.239998,121.5,89.563278,4885400
2019-09-16,124.860001,125.269997,122.970001,124.120003,91.494614,10683900
2019-09-17,124.120003,124.620003,122.559998,123.889999,91.325058,7246500
2019-09-18,123.550003,124.209999,123.019997,124.18,91.538834,4801500
2019-09-19,124.769997,124.970001,123.419998,123.660004,91.15554,4034500
2019-09-20,124.0,124.82,123.669998,124.32,91.642052,10420700
2019-09-23,123.550003,125.0,123.550003,124.900002,92.069588,4705500
2019-09-24,124.669998,124.720001,123.220001,123.739998,91.214493,6232100
2019-09-25,123.480003,124.150002,122.910004,123.510002,91.04496,3762500
2019-09-26,123.260002,123.5,120.050003,120.160004,88.575523,7834400
2019-09-27,119.510002,120.25,118.449997,118.599998,87.42556,6850700
2019-09-30,118.540001,119.419998,118.410004,118.599998,87.42556,6108300
2019-10-01,119.269997,119.459999,115.879997,116.010002,85.516365,7116600
2019-10-02,115.059998,115.110001,111.620003,112.290001,82.77417,9702400
2019-10-03,112.059998,113.190002,110.419998,113.150002,83.408119,5315300
2019-10-04,113.599998,114.0,112.550003,113.849998,83.924133,4757300
2019-10-07,113.959999,114.75,113.230003,113.260002,83.489204,4694000
2019-10-08,112.110001,112.75,111.610001,111.709999,82.346619,5323900
2019-10-09,112.589996,114.510002,112.300003,113.139999,83.400734,4601700
2019-10-10,113.529999,114.790001,113.300003,114.589996,84.469597,3555500
2019-10-11,115.690002,117.029999,115.360001,116.150002,85.61956,5134200
2019-10-14,115.580002,116.389999,115.449997,116.18,85.641655,2571300
2019-10-15,115.849998,117.620003,115.800003,116.309998,85.737473,3742700
2019-10-16,116.230003,116.660004,115.080002,115.110001,84.852913,3608900
2019-10-17,115.610001,116.059998,114.919998,115.349998,85.029839,3722400
2019-10-18,115.139999,115.580002,114.739998,114.739998,84.580177,5679900
2019-10-21,115.550003,116.75,115.550003,116.610001,85.958641,3926300
2019-10-22,116.629997,118.559998,116.489998,117.800003,86.835838,4095000
2019-10-23,117.400002,118.019997,116.779999,117.980003,86.968544,4148500
2019-10-24,118.470001,118.809998,117.309998,117.580002,86.673691,3873900
2019-10-25,117.769997,118.849998,117.690002,118.669998,87.47718,3369100
2019-10-28,119.080002,119.510002,117.639999,118.480003,87.337112,5076300
2019-10-29,117.970001,119.07,117.690002,118.129997,87.079117,4548400
2019-10-30,118.18,118.18,115.519997,116.360001,85.774345,4690900
2019-10-31,115.860001,116.360001,115.32,116.139999,85.612183,7177700
2019-11-01,115.489998,116.620003,114.019997,116.209999,85.663795,7684700
2019-11-04,117.230003,121.870003,117.019997,121.57,89.614876,10348800
2019-11-05,121.230003,122.449997,120.720001,121.940002,89.887634,6971200
2019-11-06,121.940002,122.139999,119.800003,119.900002,88.38385,6104700
2019-11-07,121.129997,122.0,120.32,121.889999,89.850769,5440700
2019-11-08,120.970001,121.199997,120.160004,120.93,89.143127,4249800
2019-11-11,120.199997,121.389999,120.010002,120.809998,89.054665,3870800
2019-11-12,121.290001,122.050003,120.480003,120.959999,89.165222,4503600
2019-11-13,120.459999,122.410004,120.370003,122.279999,90.138275,5076400
2019-11-14,121.849998,122.940002,121.400002,121.959999,89.902374,4882800
2019-11-15,121.220001,121.389999,120.110001,120.639999,89.805618,5589600
2019-11-18,119.82,120.0,118.139999,118.550003,88.249794,4885300
2019-11-19,118.5,118.800003,116.080002,116.449997,86.686516,8723000
2019-11-20,116.410004,118.080002,116.120003,117.339996,87.349037,5903100
2019-11-21,117.610001,118.949997,117.199997,118.769997,88.413544,5810900
2019-11-22,119.059998,119.699997,118.599998,118.629997,88.309364,4786800
2019-11-25,118.43,119.220001,117.980003,118.379997,88.123238,7390000
2019-11-26,118.339996,118.559998,117.199997,117.790001,87.684029,10053100
2019-11-27,117.989998,118.610001,117.620003,118.07,87.892471,4106100
2019-11-29,117.279999,117.82,116.879997,117.129997,87.192711,3271000
2019-12-02,117.980003,118.07,116.720001,116.800003,86.947075,5195200
2019-12-03,116.199997,116.699997,115.699997,115.889999,86.269661,6135800
2019-12-04,116.639999,117.300003,116.43,116.940002,87.051308,5706700
2019-12-05,117.620003,117.739998,116.190002,116.330002,86.597183,5517500
2019-12-06,117.089996,119.290001,116.980003,118.010002,87.847824,6735300
2019-12-09,116.519997,117.889999,116.440002,117.300003,87.319283,4736100
2019-12-10,118.029999,118.089996,117.050003,117.889999,87.758469,4886800
2019-12-11,117.089996,117.660004,116.129997,116.230003,86.522766,7039600
2019-12-12,116.589996,118.889999,116.589996,118.809998,88.443329,6462000
2019-12-13,119.050003,119.540001,117.900002,117.959999,87.810585,4863400
2019-12-16,118.860001,119.470001,118.610001,119.360001,88.852753,5619300
2019-12-17,119.589996,119.889999,118.330002,118.599998,88.287033,6755500
2019-12-18,118.68,119.639999,118.519997,118.550003,88.249794,7496700
2019-12-19,118.57,118.739998,117.860001,118.129997,87.937119,6220300
2019-12-20,119.400002,119.940002,118.089996,119.68,89.090981,12171100
2019-12-23,119.309998,120.400002,119.150002,120.330002,89.574852,5875000
2019-12-24,120.43,120.779999,120.089996,120.339996,89.582275,1640100
2019-12-26,120.669998,121.419998,120.339996,120.599998,89.775826,3648600
2019-12-27,120.889999,121.290001,120.239998,120.300003,89.55249,4138300
2019-12-30,120.440002,121.339996,119.809998,119.849998,89.217514,4580200
2019-12-31,119.5,120.629997,119.25,120.510002,89.708809,4215700
2020-01-02,120.809998,121.629997,120.769997,121.43,90.393684,5205000
2020-01-03,121.779999,122.720001,120.739998,121.010002,90.081039,6360900
2020-01-06,121.239998,121.669998,120.330002,120.599998,89.775826,9953000
2020-01-07,119.019997,119.730003,117.769997,119.059998,88.629433,7856900
2020-01-08,118.550003,119.089996,117.650002,117.699997,87.61702,7295900
2020-01-09,117.589996,117.919998,116.18,117.510002,87.475601,7345300
2020-01-10,117.519997,117.690002,116.400002,116.440002,86.679085,6393800
2020-01-13,116.470001,116.910004,116.080002,116.660004,86.842834,6846700
2020-01-14,116.5,116.879997,115.709999,116.300003,86.574867,7189100
2020-01-15,116.300003,116.410004,115.650002,116.129997,86.448311,5808800
2020-01-16,116.559998,117.279999,116.449997,116.889999,87.014061,7022000
2020-01-17,117.010002,117.290001,115.519997,115.580002,86.038879,7885900
2020-01-21,115.099998,115.150002,113.169998,113.309998,84.349075,8470300
2020-01-22,113.099998,113.529999,112.459999,112.900002,84.043869,5589900
2020-01-23,112.400002,113.489998,111.860001,113.099998,84.192764,8007800
2020-01-24,112.790001,112.980003,111.339996,111.849998,83.26223,6920000
2020-01-27,110.25,110.830002,109.980003,110.389999,82.175407,7609800
2020-01-28,110.980003,111.620003,110.769997,111.120003,82.718826,5771900
2020-01-29,111.449997,111.839996,110.18,110.370003,82.160507,4772800
2020-01-30,109.809998,111.580002,109.059998,111.400002,82.927269,8382700
2020-01-31,109.809998,110.0,106.400002,107.139999,79.756073,13699600
2020-02-03,106.949997,107.25,105.400002,106.279999,79.115852,8785500
2020-02-04,107.68,108.339996,106.599998,106.849998,79.540176,9909000
2020-02-05,108.269997,110.650002,108.110001,110.279999,82.093513,6914100
2020-02-06,110.629997,110.669998,109.110001,109.489998,81.50544,6274000
2020-02-07,108.93,109.440002,108.470001,108.940002,81.095993,4830100
2020-02-10,108.540001,109.800003,108.32,109.790001,81.72876,6011800
2020-02-11,110.779999,111.370003,110.059998,111.209999,82.785812,6072700
2020-02-12,112.510002,112.599998,111.610001,112.040001,83.403671,5725700
2020-02-13,111.370003,112.330002,111.230003,111.660004,83.120804,5991900
2020-02-14,110.839996,110.970001,109.580002,110.080002,82.902412,5148700
2020-02-18,109.0,110.269997,108.830002,110.239998,83.022896,4975800
2020-02-19,110.519997,111.099998,109.889999,110.739998,83.39946,5887500
2020-02-20,110.779999,111.07,109.699997,109.809998,82.699043,4466600
2020-02-21,108.989998,109.190002,107.650002,109.010002,82.096596,6443900
2020-02-24,105.709999,106.959999,104.419998,104.709999,78.8582,9539800
2020-02-25,104.800003,104.919998,100.0,100.709999,75.845749,12871900
2020-02-26,100.860001,101.610001,98.0,98.040001,73.834953,11990400
2020-02-27,95.949997,98.199997,94.080002,94.129997,70.890305,15783700
2020-02-28,90.629997,93.440002,90.110001,93.339996,70.295334,20835100
2020-03-02,94.019997,96.68,92.209999,96.589996,72.742943,15050800
2020-03-03,96.790001,98.480003,93.370003,94.389999,71.086105,16525500
2020-03-04,96.370003,99.019997,95.669998,98.529999,74.203964,14753000
2020-03-05,95.709999,97.389999,94.940002,97.190002,73.194809,12814400
2020-03-06,93.919998,96.059998,93.419998,95.32,71.786484,16861900
2020-03-09,82.230003,88.010002,80.0,80.669998,60.753418,30595500
2020-03-10,86.239998,86.300003,81.040001,84.980003,63.999348,22642900
2020-03-11,82.230003,84.839996,81.75,83.029999,62.53075,18412800
2020-03-12,77.230003,78.129997,72.860001,76.260002,57.432201,25768200
2020-03-13,79.980003,83.5,74.110001,83.419998,62.824451,23497500
2020-03-16,72.57,78.489998,69.690002,69.699997,52.491802,17535300
2020-03-17,70.400002,72.980003,65.489998,70.690002,53.237381,22684200
2020-03-18,66.209999,66.230003,54.57,55.049999,41.458729,24947300
2020-03-19,55.259998,58.490002,51.599998,57.389999,43.221004,29871000
2020-03-20,59.529999,60.650002,56.360001,59.389999,44.72723,26960400
2020-03-23,58.259998,59.400002,52.970001,54.220001,40.833645,23764000
2020-03-24,61.48,67.650002,60.32,66.550003,50.119495,29198800
2020-03-25,68.290001,73.139999,66.639999,69.269997,52.167965,22560100
2020-03-26,70.300003,77.099998,67.889999,76.379997,57.522572,24129100
2020-03-27,72.120003,73.540001,68.5,68.779999,51.798931,20411500
2020-03-30,68.010002,72.93,67.019997,71.949997,54.186302,18486800
2020-03-31,73.269997,75.040001,70.809998,72.459999,54.570385,18514200
2020-04-01,69.510002,72.290001,67.610001,68.559998,51.633247,14362000
2020-04-02,71.75,78.699997,69.580002,76.120003,57.32679,23220600
2020-04-03,78.0,78.989998,73.029999,75.110001,56.56612,14905400
2020-04-06,77.0,80.949997,75.510002,80.389999,60.542542,17334900
2020-04-07,84.260002,85.690002,80.849998,80.919998,60.941692,16394800
2020-04-08,82.290001,86.300003,81.519997,85.980003,64.752449,12284800
2020-04-09,88.739998,89.910004,81.519997,84.309998,63.494736,17023800
2020-04-13,87.18,87.360001,83.400002,84.910004,63.946602,13854700
2020-04-14,85.459999,87.080002,84.330002,84.610001,63.720688,14797600
2020-04-15,80.459999,83.379997,79.32,82.489998,62.124084,13982300
2020-04-16,81.309998,82.190002,78.809998,79.989998,60.24131,12291900
2020-04-17,81.330002,87.5,81.32,87.169998,65.648636,16130100
2020-04-20,82.660004,87.0,82.089996,83.57,62.937439,15749000
2020-04-21,80.279999,83.790001,79.25,81.639999,61.483948,19620600
2020-04-22,84.949997,85.25,82.970001,84.440002,63.592636,10320700
2020-04-23,86.300003,88.779999,85.389999,86.800003,65.370003,14226500
2020-04-24,88.480003,88.790001,85.769997,87.010002,65.52816,9175500
2020-04-27,86.75,90.620003,85.870003,89.709999,67.561539,12037100
2020-04-28,89.550003,90.959999,88.830002,89.910004,67.712173,10645200
2020-04-29,92.480003,95.139999,92.290001,94.620003,71.259308,12342800
2020-04-30,93.720001,95.739998,90.580002,92.0,69.286163,12222000
2020-05-01,91.510002,92.050003,87.040001,89.440002,67.3582,13250100
2020-05-04,88.760002,91.620003,87.690002,91.440002,68.864395,11192400
2020-05-05,94.5,95.300003,92.68,92.889999,69.956421,13608700
2020-05-06,92.849998,93.459999,89.769997,90.050003,67.817604,11145900
2020-05-07,92.980003,94.059998,91.910004,92.639999,69.768158,9749600
2020-05-08,95.0,95.559998,94.07,95.470001,71.899452,8585900
2020-05-11,94.209999,94.599998,93.18,93.370003,70.317909,7101000
2020-05-12,93.129997,94.029999,91.0,91.099998,68.608345,8749100
2020-05-13,89.900002,90.0,87.32,88.699997,66.800903,12215100
2020-05-14,87.290001,90.93,86.019997,90.050003,67.817604,10678200
2020-05-15,90.650002,92.059998,88.830002,89.160004,67.147324,10113000
2020-05-18,92.400002,93.400002,91.459999,92.550003,70.723618,12304300
2020-05-19,92.529999,92.629997,89.529999,89.620003,68.484619,7749300
2020-05-20,91.0,93.470001,90.18,93.0,71.067513,9160000
2020-05-21,92.769997,93.370003,91.279999,92.040001,70.3339,8830900
2020-05-22,91.449997,91.599998,89.470001,90.279999,68.988968,8563100
2020-05-26,92.489998,94.339996,92.029999,93.300003,71.296768,9430000
2020-05-27,94.68,94.690002,92.110001,93.900002,71.755272,7822600
2020-05-28,93.610001,93.900002,90.790001,90.870003,69.439812,9633300
2020-05-29,90.190002,91.889999,89.260002,91.699997,70.074081,17010000
2020-06-01,90.940002,93.849998,90.110001,92.790001,70.907043,7344000
2020-06-02,93.779999,95.220001,93.290001,94.690002,72.358955,7880300
2020-06-03,95.970001,97.730003,95.75,97.18,74.261703,8440200
2020-06-04,96.779999,96.889999,95.160004,96.279999,73.573959,6371700
2020-06-05,99.080002,102.050003,99.050003,100.809998,77.035652,12760100
2020-06-08,102.629997,103.589996,100.870003,103.239998,78.89257,11090700
2020-06-09,100.699997,102.93,99.830002,101.529999,77.585846,10745400
2020-06-10,101.0,101.5,97.559998,97.580002,74.567398,10486300
2020-06-11,92.300003,94.190002,89.120003,89.370003,68.293594,14944800
2020-06-12,93.620003,93.650002,90.010002,92.389999,70.601372,9532400
2020-06-15,89.089996,92.080002,88.209999,91.230003,69.714935,12289500
2020-06-16,94.989998,95.580002,91.489998,94.029999,71.854607,8726700
2020-06-17,93.830002,94.0,91.5,91.540001,69.951813,6019900
2020-06-18,91.0,93.230003,90.099998,91.940002,70.257492,7064100
2020-06-19,94.410004,94.410004,90.550003,90.629997,69.256432,14838800
2020-06-22,90.32,91.690002,89.589996,91.589996,69.990028,5939200
2020-06-23,92.5,93.089996,91.18,91.440002,69.875389,6317700
2020-06-24,89.989998,90.129997,86.860001,87.639999,66.971581,8974500
2020-06-25,87.309998,89.510002,87.160004,89.209999,68.17131,7398000
2020-06-26,88.779999,88.830002,86.18,86.459999,66.069847,13766000
2020-06-29,86.910004,88.57,86.599998,87.669998,66.994492,7022200
2020-06-30,86.599998,89.989998,86.360001,89.230003,68.186584,8263600
2020-07-01,89.279999,90.769997,87.550003,87.620003,66.956299,6379400
2020-07-02,89.370003,90.360001,88.160004,88.309998,67.483566,5832800
2020-07-06,89.5,90.25,87.82,88.57,67.682243,6747500
2020-07-07,87.82,88.080002,86.150002,86.309998,65.955215,5898000
2020-07-08,86.389999,87.800003,85.889999,86.349998,65.985802,6736400
2020-07-09,85.970001,86.32,82.690002,82.739998,63.227154,8833600
2020-07-10,82.5,85.419998,82.5,85.230003,65.129929,6218100
2020-07-13,86.040001,86.93,84.809998,85.400002,65.259842,7074000
2020-07-14,85.389999,88.599998,85.040001,88.349998,67.51413,7440500
2020-07-15,90.18,90.190002,88.209999,88.889999,67.926781,5935200
2020-07-16,88.440002,89.480003,87.349998,88.360001,67.521759,4795700
2020-07-17,88.410004,89.110001,86.910004,87.190002,66.627686,5964000
2020-07-20,86.830002,87.489998,84.800003,85.269997,65.160492,14974800
2020-07-21,86.470001,91.730003,86.360001,91.389999,69.837196,15115000
2020-07-22,89.949997,91.25,88.900002,91.040001,69.569733,10317500
2020-07-23,90.5,91.379997,90.019997,91.010002,69.546822,6586300
2020-07-24,91.480003,92.739998,89.980003,90.129997,68.874336,6620500
2020-07-27,89.760002,91.089996,88.800003,91.040001,69.569733,7599700
2020-07-28,90.470001,91.169998,88.769997,89.110001,68.094902,6787300
2020-07-29,89.480003,90.080002,88.580002,90.07,68.828514,6386900
2020-07-30,88.43,88.5,85.699997,86.269997,65.92466,10112800
2020-07-31,83.25,84.099998,81.510002,83.940002,64.144157,19119800
2020-08-03,83.980003,85.139999,83.800003,84.809998,64.808983,11220100
2020-08-04,84.480003,86.720001,84.279999,86.489998,66.092758,9077900
2020-08-05,88.139999,88.43,86.410004,87.199997,66.635323,7324200
2020-08-06,86.43,87.900002,86.099998,87.470001,66.841644,7035600
2020-08-07,86.879997,87.110001,85.739998,86.800003,66.329674,7185000
2020-08-10,87.940002,89.760002,87.599998,89.730003,68.568687,8150200
2020-08-11,91.949997,93.010002,89.169998,89.620003,68.484619,9074300
2020-08-12,90.800003,91.660004,89.449997,90.720001,69.325203,9057400
2020-08-13,89.870003,91.279999,89.760002,89.82,68.637459,7314600
2020-08-14,89.0,90.589996,88.849998,90.349998,69.04248,6343000
2020-08-17,90.349998,91.580002,89.720001,90.769997,69.363426,10473800
2020-08-18,88.970001,89.370003,87.32,87.629997,67.929321,7981500
2020-08-19,87.300003,87.900002,86.199997,86.389999,66.968109,9120300
2020-08-20,85.419998,86.889999,84.730003,84.809998,65.743301,7872300
2020-08-21,84.669998,85.089996,83.510002,85.080002,65.952621,9003600
2020-08-24,85.599998,87.339996,84.889999,87.199997,67.595993,8738700
2020-08-25,88.010002,88.040001,85.760002,86.129997,66.766548,6835800
2020-08-26,85.709999,85.839996,84.660004,84.779999,65.720032,7486500
2020-08-27,85.160004,85.629997,83.970001,84.910004,65.820824,7438200
2020-08-28,85.050003,85.730003,84.32,85.629997,66.37896,7307900
2020-08-31,85.830002,85.900002,83.870003,83.93,65.061134,9437500
2020-09-01,83.260002,83.629997,82.449997,83.080002,64.402237,8990600
2020-09-02,83.059998,83.959999,82.699997,83.190002,64.487503,10821900
2020-09-03,83.050003,84.489998,81.709999,82.279999,63.782089,16179900
2020-09-04,82.459999,83.639999,80.900002,81.93,63.51078,10516600
2020-09-08,80.5,80.580002,78.040001,78.970001,61.216259,14942500
2020-09-09,79.970001,81.07,79.68,80.029999,62.037926,9269800
2020-09-10,80.629997,80.889999,78.050003,78.150002,60.580582,11845900
2020-09-11,78.239998,78.690002,77.07,77.690002,60.224007,13732400
2020-09-14,77.480003,77.980003,76.919998,77.290001,59.913925,8182800
2020-09-15,77.559998,78.480003,75.959999,76.349998,59.185261,11732000
2020-09-16,76.349998,79.480003,75.959999,78.559998,60.898418,13019000
2020-09-17,77.529999,78.849998,76.370003,78.790001,61.076702,10515100
2020-09-18,77.879997,79.150002,77.5,78.209999,60.62709,14517800
2020-09-21,76.239998,76.650002,74.68,76.300003,59.146503,16199100
2020-09-22,76.150002,77.529999,75.349998,75.529999,58.549595,9155000
2020-09-23,75.589996,75.910004,71.849998,71.949997,55.774448,16649200
2020-09-24,71.25,73.029999,70.5,71.800003,55.658176,15203500
2020-09-25,71.010002,72.480003,70.769997,71.830002,55.681431,11070500
2020-09-28,73.639999,74.760002,73.150002,73.93,57.309315,12863800
2020-09-29,74.0,74.139999,71.110001,71.900002,55.735703,10553000
2020-09-30,72.25,72.889999,71.610001,72.0,55.813213,10466500
2020-10-01,71.510002,71.879997,70.029999,70.419998,54.588402,14930700
2020-10-02,68.919998,71.669998,68.82,71.190002,55.185303,9854800
2020-10-05,71.519997,72.730003,70.709999,72.699997,56.355846,12049800
2020-10-06,73.839996,74.32,72.25,72.300003,56.045753,15294500
2020-10-07,72.169998,73.919998,71.559998,73.779999,57.193031,15410300
2020-10-08,74.389999,75.550003,73.989998,75.220001,58.309299,11590900
2020-10-09,75.860001,76.089996,73.980003,74.0,57.363579,12260900
2020-10-12,73.629997,74.949997,73.199997,74.510002,57.758907,9056900
2020-10-13,74.739998,74.739998,72.779999,73.400002,56.898472,10440300
2020-10-14,73.279999,74.43,72.910004,72.949997,56.549641,7057500
2020-10-15,71.82,73.720001,71.389999,73.510002,56.983727,10052100
2020-10-16,73.519997,74.029999,72.269997,72.889999,56.503109,9305600
2020-10-19,73.110001,73.339996,71.190002,71.279999,55.255074,8357100
2020-10-20,71.910004,72.290001,71.040001,71.68,55.565163,7753200
2020-10-21,71.129997,71.580002,70.730003,70.870003,54.937252,9800600
2020-10-22,70.879997,73.489998,70.57,73.400002,56.898472,9810100
2020-10-23,73.93,74.360001,71.830002,72.57,56.255054,8727200
2020-10-26,71.730003,71.889999,70.239998,70.940002,54.99152,9710900
2020-10-27,70.419998,70.599998,69.489998,69.510002,53.883003,14251700
2020-10-28,67.690002,68.080002,66.330002,66.879997,51.844269,15961900
2020-10-29,66.129997,69.139999,65.160004,68.800003,53.332623,12292200
2020-10-30,69.900002,70.110001,68.080002,69.5,53.875248,17191600
2020-11-02,70.699997,73.080002,69.400002,72.150002,55.929485,11475500
2020-11-03,73.160004,73.300003,71.050003,71.739998,55.611652,8608000
2020-11-04,70.779999,73.589996,69.889999,71.769997,55.634907,10925700
2020-11-05,71.900002,72.970001,71.760002,72.139999,55.921749,10627700
2020-11-06,72.5,73.269997,70.830002,71.150002,55.15432,8366900
2020-11-09,80.0,84.269997,78.260002,79.400002,61.549557,24015200
2020-11-10,81.139999,83.150002,79.709999,83.07,64.394485,15039700
2020-11-11,84.099998,84.489998,81.800003,82.459999,63.921627,11640600
2020-11-12,80.980003,82.239998,79.910004,80.669998,62.534042,8920700
2020-11-13,81.150002,83.349998,81.029999,83.029999,64.363487,10890300
2020-11-16,86.239998,89.18,85.540001,88.959999,68.960327,18980200
2020-11-17,86.400002,87.529999,84.830002,87.040001,68.464783,14329000
2020-11-18,87.370003,87.900002,84.25,84.279999,66.293777,10583700
2020-11-19,83.550003,85.959999,83.059998,85.730003,67.434349,8820200
2020-11-20,85.720001,86.309998,84.879997,85.790001,67.481529,8294600
2020-11-23,87.449997,91.580002,86.760002,91.029999,71.603256,13379300
2020-11-24,93.389999,95.82,93.0,95.620003,75.213707,17257400
2020-11-25,94.68,94.68,92.139999,92.139999,72.476364,10556600
2020-11-27,91.330002,92.589996,90.540001,91.309998,71.823494,4627700
2020-11-30,90.010002,90.849998,86.900002,87.18,68.57489,14288400
2020-12-01,89.279999,89.709999,87.07,87.449997,68.787277,9913600
2020-12-02,87.260002,91.309998,87.099998,89.870003,70.690834,10509600
2020-12-03,90.580002,91.110001,89.07,89.800003,70.63575,8249800
2020-12-04,91.220001,93.449997,90.919998,93.279999,73.373093,10791100
2020-12-07,91.82,92.379997,89.879997,90.760002,71.390892,9398400
2020-12-08,90.339996,92.459999,90.190002,91.540001,72.00441,7627300
2020-12-09,92.199997,93.019997,89.370003,90.440002,71.139175,11129400
2020-12-10,91.550003,94.559998,90.779999,93.349998,73.428131,11992100
2020-12-11,92.529999,93.279999,91.029999,92.449997,72.720207,9584500
2020-12-14,93.400002,93.699997,89.239998,89.440002,70.352577,12198400
2020-12-15,89.419998,90.480003,88.769997,89.370003,70.297531,11775300
2020-12-16,89.199997,89.349998,87.849998,88.690002,69.762657,9892900
2020-12-17,89.540001,89.550003,87.550003,88.410004,69.542419,11748900
2020-12-18,87.980003,88.709999,86.260002,87.190002,68.582756,27427600
2020-12-21,84.349998,86.839996,83.529999,86.089996,67.717514,11430500
2020-12-22,85.440002,85.800003,84.300003,84.360001,66.35672,8585800
2020-12-23,85.0,86.660004,85.0,85.690002,67.402878,7223100
2020-12-24,85.93,85.93,84.809998,85.330002,67.119705,3335600
2020-12-28,85.610001,86.629997,84.620003,84.900002,66.781464,8051900
2020-12-29,85.260002,85.720001,84.050003,84.610001,66.553352,7670800
2020-12-30,84.610001,86.580002,84.540001,85.330002,67.119705,7901800
2020-12-31,84.900002,85.199997,83.959999,84.449997,66.427498,8350700
2021-01-04,85.150002,85.949997,83.889999,84.709999,66.632019,9234900
2021-01-05,85.489998,89.220001,85.32,87.0,68.433296,13414800
2021-01-06,89.0,90.779999,87.82,89.800003,70.63575,13916800
2021-01-07,90.389999,90.82,89.309998,90.220001,70.966133,9286600
2021-01-08,92.080002,92.43,90.449997,91.080002,71.642578,11152100
2021-01-11,89.120003,92.099998,88.57,91.599998,72.051605,10635000
2021-01-12,92.660004,93.919998,91.709999,93.339996,73.420273,10923900
2021-01-13,93.199997,93.519997,91.940002,93.25,73.349503,9723300
2021-01-14,93.940002,96.32,93.790001,95.489998,75.111435,13950200
2021-01-15,94.220001,94.309998,91.709999,92.089996,72.437042,10244600
2021-01-19,93.5,95.029999,93.290001,94.510002,74.340591,9574800
2021-01-20,95.0,95.559998,94.300003,95.379997,75.024918,8735400
2021-01-21,93.860001,94.660004,91.220001,92.010002,72.374115,10393100
2021-01-22,90.400002,92.029999,89.830002,91.730003,72.15387,7810600
2021-01-25,90.620003,91.029999,89.330002,90.900002,71.500999,7689400
2021-01-26,92.199997,92.910004,89.269997,89.360001,70.289658,7827800
2021-01-27,87.529999,90.349998,86.75,88.199997,69.377205,10178500
2021-01-28,88.669998,90.150002,88.25,89.019997,70.022232,8155500
2021-01-29,86.830002,87.339996,84.919998,85.199997,67.017441,14699800
2021-02-01,85.989998,87.300003,84.57,86.410004,67.969215,8073600
2021-02-02,88.010002,88.370003,86.529999,87.059998,68.480507,9233100
2021-02-03,87.050003,89.389999,86.889999,88.959999,69.975037,9256500
2021-02-04,89.510002,89.650002,87.949997,89.0,70.006477,7917600
2021-02-05,89.940002,90.470001,88.639999,89.260002,70.211006,8017300
2021-02-08,90.290001,92.040001,90.010002,91.480003,71.957222,9886600
2021-02-09,91.099998,91.269997,89.809998,90.959999,71.548203,7605500
2021-02-10,91.379997,92.589996,90.599998,92.519997,72.775284,8778800
2021-02-11,92.370003,92.440002,90.080002,92.019997,72.381981,8572400
2021-02-12,91.529999,92.730003,91.349998,92.550003,72.798859,7858300
2021-02-16,93.050003,93.860001,92.610001,93.129997,74.290604,14006000
2021-02-17,95.419998,96.720001,94.199997,95.919998,76.51619,14342300
2021-02-18,95.75,95.779999,94.300003,95.0,75.78231,9030600
2021-02-19,95.129997,96.379997,94.650002,95.800003,76.420471,8913900
2021-02-22,96.989998,99.639999,96.459999,98.389999,78.486534,13178700
2021-02-23,99.970001,100.160004,96.800003,99.629997,79.4757,14874000
2021-02-24,100.330002,104.040001,99.809998,103.309998,82.41127,16116000
2021-02-25,104.900002,104.959999,101.589996,102.349998,81.645477,13219200
2021-02-26,100.300003,101.059998,97.610001,100.0,79.770851,14454100
2021-03-01,102.459999,103.800003,101.400002,102.050003,81.406158,10439900
2021-03-02,101.889999,103.309998,101.709999,102.440002,81.717285,10643500
2021-03-03,103.410004,105.75,103.400002,103.589996,82.634628,14958200
2021-03-04,104.519997,107.580002,103.129997,104.5,83.360535,22994200
2021-03-05,106.959999,109.129997,106.150002,109.0,86.950218,23638200
2021-03-08,109.860001,110.43,108.059998,109.75,87.548531,18033600
2021-03-09,109.07,110.690002,107.879997,109.5,87.349075,19010700
2021-03-10,110.199997,112.010002,109.699997,111.370003,88.840797,17389900
2021-03-11,111.650002,112.550003,110.889999,111.190002,88.69722,10989500
2021-03-12,111.639999,112.699997,110.720001,111.559998,88.992363,10930300
2021-03-15,111.529999,111.910004,108.889999,110.25,87.947365,10488000
2021-03-16,108.529999,108.879997,107.080002,107.639999,85.865356,11698400
2021-03-17,107.209999,108.559998,106.599998,108.029999,86.17646,9168600
2021-03-18,107.010002,107.529999,103.709999,104.120003,83.057404,13246600
2021-03-19,103.940002,104.889999,102.739998,103.379997,82.467102,18491000
2021-03-22,103.059998,104.5,102.309998,102.540001,81.79705,12508500
2021-03-23,101.449997,104.300003,100.690002,101.970001,81.342339,14781700
2021-03-24,102.989998,105.760002,102.910004,104.699997,83.520096,11026800
2021-03-25,102.849998,105.260002,102.07,105.07,83.815239,11138200
2021-03-26,106.540001,107.540001,105.360001,107.480003,85.737732,9820200
2021-03-29,106.400002,107.529999,105.699997,106.919998,85.290993,7542300
2021-03-30,106.059998,106.830002,105.589996,105.93,84.501259,6284600
2021-03-31,105.550003,106.220001,104.599998,104.790001,83.591858,8954400
2021-04-01,105.260002,105.860001,104.209999,105.75,84.357674,8515800
2021-04-05,105.730003,105.830002,104.169998,104.510002,83.368515,8692700
2021-04-06,104.25,105.080002,103.449997,103.580002,82.626656,8125100
2021-04-07,103.470001,104.57,103.260002,104.190002,83.113251,7699300
2021-04-08,103.519997,103.620003,102.07,103.019997,82.179924,8283000
2021-04-09,103.120003,103.68,102.099998,102.919998,82.100166,7163700
2021-04-12,103.669998,103.860001,101.510002,101.779999,81.190765,7845900
2021-04-13,101.559998,102.599998,101.290001,102.239998,81.557724,6829900
2021-04-14,102.650002,105.330002,102.599998,104.269997,83.177078,10194800
2021-04-15,104.010002,104.269997,102.93,103.419998,82.499016,7860500
2021-04-16,103.800003,104.360001,102.43,102.959999,82.132072,7459700
2021-04-19,103.269997,103.830002,102.209999,103.260002,82.371399,7068700
2021-04-20,102.830002,102.989998,100.510002,101.330002,80.83181,9783800
2021-04-21,100.330002,102.989998,100.139999,102.730003,81.948601,8264400
2021-04-22,102.870003,102.870003,100.870003,100.949997,80.528671,9899400
2021-04-23,101.099998,102.169998,100.720001,101.550003,81.007317,6756000
2021-04-26,101.269997,102.669998,101.260002,101.519997,80.983353,5639700
2021-04-27,101.809998,103.099998,101.510002,102.699997,81.924652,6898900
2021-04-28,103.540001,105.860001,103.370003,105.220001,83.934898,8718400
2021-04-29,106.419998,107.650002,105.75,106.900002,85.275032,9740300
2021-04-30,104.980003,105.389999,102.970001,103.07,82.21981,13730000
2021-05-03,103.980003,105.720001,103.220001,105.529999,84.18219,7938100
2021-05-04,105.959999,106.510002,104.849998,106.110001,84.644852,8704300
2021-05-05,107.089996,109.540001,106.82,108.959999,86.91832,12872400
2021-05-06,108.949997,109.129997,107.419998,109.019997,86.966194,9654900
2021-05-07,108.089996,110.669998,107.699997,110.019997,87.763885,10273000
2021-05-10,111.440002,113.110001,109.519997,109.57,87.40493,13586500
2021-05-11,109.059998,109.580002,106.209999,106.699997,85.115501,12754800
2021-05-12,107.0,110.150002,106.720001,107.370003,85.649979,11661900
2021-05-13,106.07,107.870003,105.440002,106.68,85.099541,9706300
2021-05-14,107.800003,109.82,107.800003,109.470001,87.325165,9124100
2021-05-17,109.089996,110.879997,108.970001,110.809998,88.394073,12692900
2021-05-18,108.940002,109.059998,105.970001,106.18,85.73748,12759900
2021-05-19,103.82,104.290001,101.970001,103.199997,83.33123,14762700
2021-05-20,103.07,104.07,101.970001,103.559998,83.621918,9706300
2021-05-21,104.099998,105.199997,103.68,104.120003,84.074104,10352800
2021-05-24,104.949997,105.839996,104.0,105.599998,85.269157,6785600
2021-05-25,105.43,105.620003,103.610001,103.870003,83.872231,7884000
2021-05-26,104.519997,104.910004,103.660004,104.120003,84.074104,9232400
2021-05-27,104.120003,104.910004,102.57,103.010002,83.177811,11703400
2021-05-28,103.620003,104.120003,102.949997,103.790001,83.807632,7278200
2021-06-01,105.300003,107.43,105.300003,106.650002,86.11702,10260600
2021-06-02,107.209999,108.559998,106.209999,108.080002,87.27169,9141800
2021-06-03,107.559998,108.089996,106.559998,107.589996,86.876038,8809300
2021-06-04,108.239998,108.669998,107.209999,108.449997,87.570465,6699300
2021-06-07,108.370003,108.699997,107.57,107.75,87.005211,6748600
2021-06-08,107.650002,108.980003,106.300003,108.730003,87.796555,10559500
2021-06-09,109.059998,109.529999,107.650002,107.779999,87.029442,10146900
2021-06-10,109.059998,110.25,107.25,108.410004,87.538162,13526200
2021-06-11,108.839996,108.970001,107.860001,107.910004,87.134438,7731700
2021-06-14,108.18,108.959999,106.830002,107.970001,87.182861,9051900
2021-06-15,108.410004,110.480003,108.389999,110.300003,89.064285,10540200
2021-06-16,110.029999,110.510002,108.900002,109.669998,88.555573,9283300
2021-06-17,109.239998,109.980003,96.309998,107.07,86.456146,14337800
2021-06-18,105.25,106.269997,102.910004,103.029999,83.193947,22284500
2021-06-21,104.099998,106.440002,103.93,106.050003,85.63253,13591500
2021-06-22,105.330002,106.959999,104.309998,106.400002,85.915154,10230100
2021-06-23,107.360001,108.129997,106.230003,106.269997,85.810158,7792800
2021-06-24,107.139999,107.779999,106.360001,107.139999,86.512665,8724600
2021-06-25,107.589996,108.059998,106.779999,107.300003,86.641869,8102300
2021-06-28,106.949997,107.0,103.660004,103.989998,83.969124,11348400
2021-06-29,104.589996,104.970001,103.610001,103.760002,83.783409,7225500
2021-06-30,103.839996,104.879997,103.720001,104.739998,84.574722,7927500
2021-07-01,106.949997,107.099998,105.739998,106.209999,85.761719,10873200
2021-07-02,105.699997,106.400002,105.040001,106.07,85.648666,7107700
2021-07-06,105.970001,105.970001,103.389999,103.989998,83.969124,10162800
2021-07-07,103.959999,104.900002,102.120003,102.93,83.113205,8245000
2021-07-08,101.5,103.089996,101.220001,102.599998,82.846741,8695500
2021-07-09,103.459999,104.230003,102.360001,104.07,84.033737,8567900
2021-07-12,103.559998,105.019997,103.239998,104.279999,84.2033,9898600
2021-07-13,104.0,104.580002,103.220001,103.93,83.920677,6738000
2021-07-14,104.480003,105.32,101.720001,101.970001,82.338036,9216600
2021-07-15,101.050003,102.25,100.849998,101.300003,81.797035,9665700
2021-07-16,101.629997,101.690002,98.330002,98.620003,79.632996,12199100
2021-07-19,95.82,96.949997,94.519997,95.959999,77.48513,17385500
2021-07-20,95.889999,98.040001,95.050003,96.529999,77.945374,12114600
2021-07-21,97.980003,100.470001,97.699997,99.82,80.601974,11478100
2021-07-22,99.400002,99.410004,97.889999,98.82,79.79451,7694300
2021-07-23,98.800003,99.120003,97.940002,98.860001,79.826797,7570800
2021-07-26,99.459999,101.260002,99.440002,100.949997,81.514404,10227500
2021-07-27,100.050003,100.720001,98.940002,100.610001,81.239883,8332100
2021-07-28,100.900002,101.809998,100.279999,101.18,81.700119,8546100
2021-07-29,102.379997,102.879997,101.940002,102.57,82.822525,8681300
2021-07-30,103.059998,104.050003,100.769997,101.809998,82.208824,12295300
2021-08-02,102.080002,103.980003,101.559998,101.629997,82.063484,8911800
2021-08-03,101.589996,102.910004,100.669998,102.599998,82.846741,8437300
2021-08-04,100.440002,101.900002,100.099998,100.300003,80.989571,10389800
2021-08-05,100.940002,102.43,100.669998,101.230003,81.740509,7986100
2021-08-06,102.019997,102.580002,101.599998,101.949997,82.321869,6475600
2021-08-09,100.910004,101.379997,99.93,100.25,80.949173,9243100
2021-08-10,100.739998,102.32,100.580002,102.080002,82.426865,9762600
2021-08-11,102.040001,102.970001,101.599998,102.849998,83.048592,7079800
2021-08-12,102.860001,103.25,101.779999,102.639999,82.879036,7377600
2021-08-13,102.230003,102.540001,101.639999,101.959999,82.329956,6572600
2021-08-16,100.830002,101.199997,99.910004,100.919998,81.490173,9476600
2021-08-17,100.199997,101.68,99.629997,100.730003,81.336769,10937500
2021-08-18,98.690002,99.419998,96.550003,96.699997,79.135368,12893600
2021-08-19,94.809998,95.309998,92.860001,94.290001,77.163124,17423400
2021-08-20,93.519997,94.879997,93.209999,94.300003,77.171318,9707600
2021-08-23,96.089996,97.0,96.059998,96.730003,79.159927,10277800
2021-08-24,97.5,98.610001,97.389999,97.839996,80.068306,8924900
2021-08-25,97.220001,98.720001,96.720001,98.510002,80.616608,9342300
2021-08-26,98.110001,98.730003,97.199997,97.220001,79.560928,8124800
2021-08-27,98.139999,99.459999,98.050003,98.639999,80.723,10281200
2021-08-30,99.089996,99.309998,97.970001,98.389999,80.518402,8127200
2021-08-31,98.139999,98.410004,96.639999,96.769997,79.192657,15676900
2021-09-01,96.860001,97.07,95.470001,95.709999,78.325195,10557300
2021-09-02,96.639999,98.389999,96.550003,97.709999,79.961922,12340100
2021-09-03,97.400002,98.43,97.379997,97.489998,79.781868,9097000
2021-09-07,97.019997,97.980003,96.739998,97.059998,79.429985,9237800
2021-09-08,97.5,98.470001,96.349998,96.389999,78.881683,10775900
2021-09-09,95.889999,97.620003,95.349998,96.0,78.562531,10219400
2021-09-10,97.599998,97.699997,95.889999,96.07,78.619797,11006000
2021-09-13,97.209999,98.709999,97.059998,97.970001,80.174675,11500900
2021-09-14,98.379997,98.739998,95.980003,96.199997,78.726196,15294100
2021-09-15,96.989998,98.529999,96.989998,98.239998,80.395676,11623400
2021-09-16,98.32,98.589996,96.910004,97.32,79.642776,10616700
2021-09-17,97.110001,98.379997,96.370003,96.760002,79.184479,16006100
2021-09-20,94.639999,95.25,93.309998,94.779999,77.56414,15796100
2021-09-21,95.57,95.889999,94.029999,94.849998,77.621414,10958400
2021-09-22,96.239998,98.779999,96.239998,97.639999,79.904633,13292800
2021-09-23,98.239998,100.269997,97.75,100.059998,81.885071,10094900
2021-09-24,99.650002,100.970001,99.650002,100.599998,82.327003,8225300
2021-09-27,102.589996,103.779999,102.589996,102.970001,84.266495,12697500
2021-09-28,103.910004,104.889999,102.879997,103.360001,84.585632,15560800
2021-09-29,103.209999,104.239998,102.339996,103.330002,84.561081,10268100
2021-09-30,103.419998,103.449997,101.449997,101.449997,83.022583,15319800
2021-10-01,102.220001,104.540001,101.879997,104.330002,85.379471,10854900
2021-10-04,105.0,105.860001,104.110001,104.720001,85.698624,13305400
2021-10-05,106.040001,107.769997,105.419998,105.860001,86.631531,13017300
2021-10-06,104.18,105.349998,103.580002,104.93,85.870476,10630100
2021-10-07,105.610001,106.300003,105.220001,105.68,86.48423,8830900
2021-10-08,106.809998,108.43,106.599998,108.050003,88.423775,10586700
2021-10-11,109.559998,109.629997,106.919998,107.129997,87.670876,9794800
2021-10-12,106.989998,107.580002,106.169998,107.150002,87.687241,9085000
2021-10-13,106.769997,108.339996,106.480003,107.790001,88.210983,9220700
2021-10-14,108.879997,109.160004,108.110001,108.809998,89.045723,7648600
2021-10-15,109.769997,110.029999,109.43,109.610001,89.700394,9968100
2021-10-18,110.220001,110.410004,108.959999,109.559998,89.659492,10677400
2021-10-19,110.160004,111.699997,109.800003,111.699997,91.410789,10362800
2021-10-20,111.089996,113.169998,110.779999,113.160004,92.605583,10811400
2021-10-21,112.709999,112.809998,110.870003,111.739998,91.443474,9372600
2021-10-22,112.220001,112.879997,111.449997,112.800003,92.310974,8673800
2021-10-25,113.529999,114.349998,113.300003,113.849998,93.170258,9579800
2021-10-26,113.980003,114.599998,113.510002,114.099998,93.37484,7463000
2021-10-27,113.220001,113.580002,111.650002,112.07,91.713562,9096100
2021-10-28,111.580002,113.269997,111.580002,113.120003,92.572861,7538200
2021-10-29,114.830002,115.290001,113.150002,114.489998,93.693985,15294200
2021-11-01,115.029999,115.089996,114.050003,114.529999,93.726723,11213800
2021-11-02,114.18,114.190002,113.209999,113.830002,93.153877,9189700
2021-11-03,112.269997,113.269997,111.970001,113.010002,92.482826,10416000
2021-11-04,114.220001,114.260002,112.910004,113.510002,92.891998,9673000
2021-11-05,114.269997,115.050003,113.93,114.739998,93.898575,8102100
2021-11-08,115.089996,115.989998,114.690002,115.150002,94.234116,7695900
2021-11-09,115.269997,116.120003,114.459999,116.0,94.929726,10945900
2021-11-10,115.760002,116.209999,113.660004,114.150002,93.415749,10305100
2021-11-11,113.599998,114.669998,113.57,114.160004,93.423943,7317500
2021-11-12,113.800003,114.309998,113.589996,114.230003,93.481232,8682800
2021-11-15,114.949997,116.949997,114.269997,116.82,95.600777,11050400
2021-11-16,117.110001,118.080002,116.860001,117.279999,95.977219,10566300
2021-11-17,114.870003,116.529999,114.660004,115.419998,95.54673,11108000
2021-11-18,114.849998,115.379997,113.410004,114.449997,94.743759,8368600
2021-11-19,112.510002,113.150002,111.099998,111.910004,92.641121,13532600
2021-11-22,112.019997,115.190002,111.849998,113.910004,94.296745,9947100
2021-11-23,115.190002,116.839996,115.059998,116.300003,96.275238,10366800
2021-11-24,116.809998,118.0,116.68,117.190002,97.011986,8500900
2021-11-26,113.349998,114.830002,112.629997,114.510002,94.793457,11861800
2021-11-29,116.339996,117.169998,114.709999,114.849998,95.074883,12003800
2021-11-30,113.449997,115.860001,112.440002,112.870003,93.435829,24451200
2021-12-01,114.949997,116.059998,112.089996,112.099998,92.798409,12302700
2021-12-02,113.25,115.699997,111.93,115.139999,95.314964,11392400
2021-12-03,116.739998,117.0,113.589996,114.410004,94.71067,10445100
2021-12-06,115.959999,117.449997,115.050003,116.199997,96.192451,9833900
2021-12-07,117.239998,118.660004,117.239998,117.919998,97.616302,11419600
2021-12-08,118.389999,119.260002,117.660004,118.449997,98.055038,8827900
2021-12-09,117.849998,118.599998,117.580002,118.139999,97.798439,8334700
2021-12-10,118.93,119.199997,116.870003,118.339996,97.963982,9090700
2021-12-13,117.459999,117.849998,115.610001,115.879997,95.927551,8533000
2021-12-14,115.739998,116.919998,115.470001,116.220001,96.209007,12245300
2021-12-15,116.32,116.32,113.949997,115.559998,95.662659,11069500
2021-12-16,116.190002,118.190002,115.919998,116.639999,96.556686,11344700
2021-12-17,115.919998,116.459999,113.529999,113.599998,94.040131,22727900
2021-12-20,111.860001,113.709999,110.730003,113.650002,94.081512,13464400
2021-12-21,114.43,116.07,114.290001,115.470001,95.58815,11368200
2021-12-22,115.419998,116.68,114.410004,116.129997,96.134514,8345200
2021-12-23,116.510002,117.919998,116.400002,116.410004,96.366287,7416600
2021-12-27,116.07,118.82,115.410004,118.790001,98.336502,7745500
2021-12-28,118.660004,119.339996,118.040001,118.559998,98.146111,6516000
2021-12-29,118.080002,118.650002,117.290001,117.949997,97.641144,6957400
2021-12-30,118.129997,118.690002,117.339996,117.43,97.210678,6016000
2021-12-31,117.379997,118.089996,117.129997,117.349998,97.144432,5706600
2022-01-03,117.419998,119.690002,117.290001,119.260002,98.725578,10717700
2022-01-04,119.949997,121.980003,119.660004,121.43,100.52195,16413100
2022-01-05,122.239998,123.839996,122.07,122.220001,101.175919,15487100
2022-01-06,123.620003,124.32,121.639999,123.260002,102.03685,13318500
2022-01-07,123.550003,125.540001,122.949997,125.029999,103.50209,14164600
2022-01-10,125.150002,125.690002,123.860001,125.110001,103.568314,12626100
2022-01-11,125.860001,128.0,124.830002,127.970001,105.935875,14609000
2022-01-12,127.989998,128.429993,126.470001,127.330002,105.406067,12469200
2022-01-13,127.139999,128.100006,126.449997,126.800003,104.967331,9691300
2022-01-14,126.760002,129.199997,126.760002,128.960007,106.75544,13281000
2022-01-18,129.690002,130.0,127.870003,129.380005,107.103111,12905500
2022-01-19,129.949997,130.149994,128.539993,128.910004,106.71402,12064300
2022-01-20,128.270004,130.860001,127.879997,128.449997,106.333221,11370400
2022-01-21,127.760002,128.399994,126.230003,126.910004,105.058395,13055700
2022-01-24,124.449997,127.730003,122.839996,127.18,105.281883,19513700
2022-01-25,127.120003,132.740005,125.269997,132.589996,109.760384,19984500
2022-01-26,132.899994,134.710007,131.589996,132.690002,109.84317,17266500
2022-01-27,134.449997,137.0,133.589996,135.369995,112.061691,20654100
2022-01-28,130.0,132.059998,128.070007,130.610001,108.121307,24817800
2022-01-31,130.190002,131.860001,129.330002,131.330002,108.717354,16401800
2022-02-01,130.830002,135.740005,130.509995,134.789993,111.581566,16169700
2022-02-02,134.350006,135.800003,132.800003,135.410004,112.094856,10906700
2022-02-03,134.850006,135.350006,133.190002,134.199997,111.093185,9447700
2022-02-04,135.009995,137.0,135.009995,135.880005,112.483902,13034700
2022-02-07,135.339996,139.429993,134.830002,138.550003,114.694183,18422500
2022-02-08,138.179993,138.429993,135.009995,136.440002,112.947472,11021600
2022-02-09,136.720001,138.339996,136.100006,137.789993,114.065041,10140800
2022-02-10,137.559998,138.789993,135.389999,136.039993,112.616356,11012700
2022-02-11,136.860001,139.440002,136.279999,138.809998,114.909416,12821200
2022-02-14,137.940002,138.050003,135.050003,136.669998,113.137886,15945000
2022-02-15,133.080002,134.839996,132.179993,134.259995,112.309746,11746800
2022-02-16,134.949997,136.160004,133.759995,134.300003,112.343185,11348800
2022-02-17,134.169998,134.580002,132.449997,133.610001,111.766014,10073900
2022-02-18,132.820007,133.910004,132.050003,133.419998,111.607094,10691800
2022-02-22,137.0,137.0,130.520004,132.399994,110.75383,19428700
2022-02-23,132.929993,136.080002,132.559998,135.550003,113.388863,16134200
2022-02-24,137.929993,138.229996,131.720001,134.850006,112.803299,22108900
2022-02-25,135.960007,140.5,135.429993,140.380005,117.429192,28028000
2022-02-28,139.270004,144.0,138.649994,144.0,120.457314,24394300
2022-03-01,145.009995,149.960007,144.699997,149.720001,125.242188,31159900
2022-03-02,150.199997,155.75,150.050003,154.139999,128.939514,31329500
2022-03-03,152.259995,157.119995,151.75,156.220001,130.679443,22492900
2022-03-04,155.789993,159.949997,155.089996,158.649994,132.712204,29034400
2022-03-07,159.899994,162.100006,155.720001,162.039993,135.547943,34824700
2022-03-08,164.309998,174.0,164.100006,170.529999,142.649918,57231000
2022-03-09,162.770004,169.770004,161.210007,166.270004,139.08638,43430000
2022-03-10,168.740005,174.759995,168.289993,170.820007,142.892548,34913600
2022-03-11,165.889999,172.979996,165.880005,170.899994,142.959427,28423600
2022-03-14,166.210007,168.350006,164.300003,166.720001,139.46283,25156200
2022-03-15,159.110001,160.190002,155.259995,158.279999,132.40271,28534400
2022-03-16,158.789993,160.5,156.210007,157.710007,131.925903,22299700
2022-03-17,159.949997,160.990005,157.919998,160.440002,134.209579,15750700
2022-03-18,160.889999,161.729996,158.779999,161.729996,135.288635,23214700
2022-03-21,163.020004,165.580002,162.720001,164.639999,137.7229,13180600
2022-03-22,163.690002,165.259995,162.580002,164.089996,137.262802,11063900
2022-03-23,166.0,167.350006,164.940002,165.860001,138.743469,10755000
2022-03-24,166.429993,167.399994,165.0,166.300003,139.111496,9024800
2022-03-25,165.220001,169.690002,165.160004,169.309998,141.629379,10254700
2022-03-28,165.899994,166.630005,165.130005,166.350006,139.153351,9992000
2022-03-29,163.509995,164.479996,160.5,164.320007,137.455215,15102600
2022-03-30,165.240005,166.350006,163.660004,165.479996,138.425568,9906000
2022-03-31,163.470001,166.160004,162.720001,162.830002,136.208801,10395900
2022-04-01,162.779999,165.949997,162.330002,164.220001,137.371552,8795300
2022-04-04,165.0,165.449997,163.0,164.369995,137.49704,8718600
2022-04-05,165.029999,167.720001,163.100006,163.360001,136.652145,9538200
2022-04-06,164.830002,167.009995,164.330002,164.809998,137.865112,9269000
2022-04-07,165.100006,167.699997,163.419998,167.100006,139.780685,8018400
2022-04-08,167.050003,171.100006,167.020004,169.929993,142.14801,10801200
2022-04-11,168.570007,168.779999,164.910004,165.559998,138.492477,10206100
2022-04-12,168.970001,172.679993,168.149994,169.009995,141.378448,9528400
2022-04-13,170.929993,172.080002,168.289993,171.669998,143.603592,7330700
2022-04-14,170.690002,172.940002,170.559998,171.589996,143.536621,9421100
2022-04-18,173.0,174.539993,171.869995,173.889999,145.460587,7639000
2022-04-19,173.080002,173.690002,171.029999,171.830002,143.737442,6970200
2022-04-20,171.619995,173.580002,171.460007,172.529999,144.322983,7495000
2022-04-21,171.740005,172.440002,163.830002,164.580002,137.672714,14594800
2022-04-22,164.380005,165.470001,160.860001,160.949997,134.636154,12160100
2022-04-25,155.729996,158.360001,151.360001,157.490005,131.741867,15449800
2022-04-26,158.820007,160.369995,156.389999,156.529999,130.938828,9810600
2022-04-27,157.080002,157.919998,154.520004,156.240005,130.696198,10396600
2022-04-28,157.449997,163.0,154.929993,161.789993,135.338837,9366400
2022-04-29,161.279999,162.440002,156.289993,156.669998,131.055908,14713200
2022-05-02,156.309998,160.0,155.149994,159.75,133.632324,11559000
2022-05-03,159.570007,163.429993,159.259995,162.490005,135.924423,8827200
2022-05-04,164.970001,167.889999,163.470001,167.589996,140.190613,9183200
2022-05-05,169.259995,169.5,162.649994,166.259995,139.078033,9807600
2022-05-06,168.270004,170.970001,165.419998,170.690002,142.783768,10418100
2022-05-09,167.75,167.75,158.479996,159.25,133.214111,14110700
2022-05-10,162.210007,164.190002,157.869995,160.779999,134.493988,11636000
2022-05-11,163.580002,167.460007,162.509995,163.160004,136.484848,9105500
2022-05-12,163.220001,164.850006,158.860001,164.710007,137.781464,8936400
2022-05-13,166.5,168.789993,164.880005,167.869995,140.424789,9229900
2022-05-16,169.0,174.970001,168.860001,173.009995,144.724487,13296300
2022-05-17,174.839996,175.649994,172.610001,174.029999,145.577698,12827600
2022-05-18,174.119995,174.130005,165.789993,168.059998,141.740326,13107500
2022-05-19,164.630005,169.639999,162.830002,166.860001,140.728195,10958700
2022-05-20,168.880005,171.039993,164.089996,167.820007,141.537888,9615000
2022-05-23,169.429993,172.960007,169.110001,171.720001,144.827103,10216400
2022-05-24,170.690002,173.580002,169.809998,172.639999,145.602997,9782700
2022-05-25,173.139999,175.990005,172.970001,175.410004,147.939255,10174500
2022-05-26,176.490005,177.929993,175.009995,176.589996,148.934433,11213900
2022-05-27,176.520004,178.350006,175.690002,178.279999,150.359756,10512300
2022-05-31,179.960007,180.960007,173.470001,174.660004,147.306686,20547600
2022-06-01,176.729996,178.130005,174.940002,176.320007,148.706696,8824100
2022-06-02,174.740005,176.509995,174.100006,176.0,148.436798,7441900
2022-06-03,176.0,178.25,176.0,177.600006,149.786255,8435300
2022-06-06,177.899994,178.0,175.509995,176.830002,149.136826,6734200
2022-06-07,177.470001,180.660004,176.919998,180.199997,151.97905,9668300
2022-06-08,180.949997,182.399994,180.25,181.130005,152.763412,8715200
2022-06-09,180.029999,180.639999,177.389999,177.520004,149.718781,9764600
2022-06-10,176.369995,178.570007,173.649994,175.399994,147.930817,9529700
2022-06-13,171.610001,172.0,164.059998,167.330002,141.124603,14614900
2022-06-14,169.369995,172.289993,165.839996,167.550003,141.31015,10269300
2022-06-15,166.779999,167.850006,161.940002,164.259995,138.535385,11565300
2022-06-16,159.940002,160.539993,153.75,155.479996,131.130447,18125900
2022-06-17,154.880005,155.470001,145.789993,148.380005,125.14238,35575100
2022-06-21,152.050003,156.020004,151.440002,154.589996,130.379837,13772000
2022-06-22,148.070007,150.800003,146.330002,147.869995,124.712212,13735800
2022-06-23,148.789993,149.229996,140.149994,142.429993,120.124168,15713700
2022-06-24,145.199997,147.089996,142.600006,144.770004,122.097733,11108300
2022-06-27,145.860001,148.820007,145.600006,147.570007,124.459229,9242400
2022-06-28,150.880005,152.190002,148.110001,149.940002,126.458061,9183300
2022-06-29,151.630005,152.110001,146.089996,146.979996,123.961617,9082900
2022-06-30,144.550003,147.919998,143.410004,144.779999,122.10614,10685000
2022-07-01,146.600006,146.960007,142.470001,146.509995,123.565208,7684600
2022-07-05,143.649994,144.539993,139.410004,142.660004,120.318161,11513100
2022-07-06,141.660004,143.259995,136.800003,140.779999,118.732574,12421200
2022-07-07,144.100006,145.300003,143.080002,143.520004,121.043465,12741800
2022-07-08,144.880005,145.449997,141.089996,142.770004,120.410927,7915500
2022-07-11,141.910004,142.850006,139.929993,141.509995,119.348274,7056800
2022-07-12,138.5,139.619995,137.259995,138.919998,117.163857,8653900
2022-07-13,137.610001,140.729996,137.139999,137.990005,116.379524,9414600
2022-07-14,134.309998,136.160004,132.539993,135.940002,114.650566,10150200
2022-07-15,138.960007,138.960007,136.429993,137.649994,116.092751,7051900
2022-07-18,140.559998,142.139999,139.080002,139.580002,117.720505,7943900
2022-07-19,139.690002,145.009995,139.419998,144.610001,121.962784,9152100
2022-07-20,144.5,147.259995,143.320007,146.520004,123.573631,7856600
2022-07-21,143.119995,145.470001,141.5,145.399994,122.629044,6724200
2022-07-22,145.559998,146.300003,143.419998,144.190002,121.608543,5889500
2022-07-25,145.699997,148.610001,144.179993,148.479996,125.226692,6210900
2022-07-26,149.5,150.679993,146.529999,147.320007,124.248352,6112800
2022-07-27,148.339996,150.199997,146.660004,149.259995,125.884529,6223000
2022-07-28,150.690002,151.470001,148.029999,150.389999,126.837563,6574300
2022-07-29,156.539993,164.660004,155.899994,163.779999,138.130554,17143700
2022-08-01,161.179993,161.860001,159.149994,160.509995,135.372696,8017800
2022-08-02,160.889999,161.470001,158.300003,159.139999,134.217224,5928300
2022-08-03,159.309998,159.960007,154.350006,155.360001,131.029251,8751400
2022-08-04,155.320007,155.440002,150.729996,151.139999,127.470116,10640000
2022-08-05,149.639999,155.009995,149.020004,153.639999,129.578583,7170200
2022-08-08,153.589996,154.979996,153.149994,153.410004,129.384598,5966900
2022-08-09,155.940002,157.800003,154.600006,155.410004,131.071396,5842200
2022-08-10,156.0,156.470001,152.929993,155.820007,131.417175,6145800
2022-08-11,158.110001,161.160004,157.619995,159.619995,134.62207,7888600
2022-08-12,158.25,159.910004,157.139999,159.850006,134.816071,7244700
2022-08-15,155.179993,157.789993,153.440002,156.809998,132.252136,8975200
2022-08-16,157.410004,157.919998,155.820007,156.410004,131.91481,7218400
2022-08-17,156.630005,159.339996,155.509995,157.699997,133.002747,6741100
2022-08-18,157.149994,159.660004,157.089996,159.020004,135.334671,6477500
2022-08-19,158.460007,159.740005,157.619995,157.690002,134.202759,6834200
2022-08-22,156.690002,157.740005,154.419998,156.899994,133.530426,9147000
2022-08-23,159.100006,162.339996,158.710007,161.990005,137.862289,10354800
2022-08-24,161.660004,163.350006,160.669998,163.190002,138.883545,9468100
2022-08-25,163.919998,164.899994,162.610001,164.619995,140.100525,8050700
2022-08-26,164.179993,166.130005,162.460007,163.410004,139.070786,7765800
2022-08-29,163.889999,166.830002,163.639999,164.630005,140.10907,8462600
2022-08-30,162.320007,162.559998,158.759995,160.619995,136.696289,8814300
2022-08-31,157.610001,161.410004,156.149994,158.059998,134.517685,13582700
2022-09-01,156.479996,156.880005,153.229996,155.539993,132.372925,8244400
2022-09-02,158.240005,159.130005,156.720001,157.850006,134.338913,7526600
2022-09-06,159.889999,159.990005,155.710007,157.119995,133.717651,8550000
2022-09-07,154.059998,155.820007,152.619995,155.110001,132.007019,9442100
2022-09-08,155.589996,156.380005,153.380005,155.949997,132.721909,9232500
2022-09-09,158.410004,160.649994,157.529999,159.970001,136.143158,8261100
2022-09-12,162.809998,164.529999,161.25,162.5,138.29631,8920800
2022-09-13,161.410004,162.660004,158.740005,159.410004,135.66658,10308300
2022-09-14,160.940002,163.570007,160.350006,163.270004,138.951645,11160800
2022-09-15,160.679993,161.699997,159.580002,160.619995,136.696289,9665000
2022-09-16,160.520004,161.139999,155.610001,156.449997,133.147415,43741600
2022-09-19,152.929993,156.949997,152.800003,156.899994,133.530426,6813800
2022-09-20,156.039993,156.850006,154.339996,156.279999,133.002747,8955200
2022-09-21,158.309998,158.779999,154.949997,155.009995,131.92189,6877000
2022-09-22,157.600006,158.279999,154.740005,154.889999,131.819794,6981100
2022-09-23,149.75,150.179993,143.660004,144.770004,123.20713,13919700
2022-09-26,143.570007,145.050003,140.889999,140.960007,119.964622,9444000
2022-09-27,142.289993,143.770004,140.460007,141.020004,120.015678,10121000
2022-09-28,142.080002,146.440002,141.399994,145.779999,124.066711,8279800
2022-09-29,144.509995,145.410004,142.270004,144.770004,123.20713,8197600
2022-09-30,144.029999,145.139999,142.490005,143.669998,122.270966,9402700
2022-10-03,148.970001,152.339996,148.300003,151.729996,129.130478,9597400
2022-10-04,154.429993,157.880005,153.630005,157.630005,134.151672,9520200
2022-10-05,155.839996,159.729996,154.800003,158.529999,134.917648,10633100
2022-10-06,157.339996,161.940002,157.199997,161.419998,137.377167,9498300
2022-10-07,162.509995,163.929993,159.059998,160.029999,136.194229,9972500
2022-10-10,161.0,161.470001,156.440002,157.139999,133.73468,5904500
2022-10-11,154.75,159.929993,154.110001,157.169998,133.760193,7533300
2022-10-12,156.139999,158.809998,155.520004,157.639999,134.160202,4942000
2022-10-13,156.350006,165.990005,156.350006,165.279999,140.662247,10227500
2022-10-14,164.039993,165.460007,159.929993,160.139999,136.287811,7327900
2022-10-17,163.289993,164.910004,161.100006,161.309998,137.283569,5890400
2022-10-18,162.360001,163.309998,158.960007,162.720001,138.483566,5631200
2022-10-19,163.589996,169.210007,163.589996,168.0,142.977127,9766800
2022-10-20,169.300003,171.820007,167.940002,168.960007,143.794159,8871500
2022-10-21,169.149994,173.839996,168.850006,173.190002,147.394073,7971300
2022-10-24,172.080002,174.669998,171.610001,173.130005,147.343018,7007700
2022-10-25,173.059998,175.0,172.169998,174.929993,148.874939,7280600
2022-10-26,175.320007,178.479996,175.169998,177.089996,150.713196,6865300
2022-10-27,179.889999,181.399994,177.479996,177.899994,151.402557,9177400
2022-10-28,181.470001,182.860001,176.529999,179.979996,153.172745,10773900
2022-10-31,178.059998,183.839996,178.059998,180.899994,153.955704,13281000
2022-11-01,183.869995,184.5,181.899994,182.220001,155.079117,9185600
2022-11-02,180.929993,182.899994,178.270004,178.5,151.913193,8087500
2022-11-03,177.970001,182.190002,177.410004,181.130005,154.151459,6607800
2022-11-04,184.839996,185.399994,180.600006,183.419998,156.100388,7491900
2022-11-07,182.5,186.380005,182.110001,185.610001,157.964203,7578000
2022-11-08,185.320007,186.25,183.860001,185.339996,157.73439,6308200
2022-11-09,183.610001,183.809998,177.220001,177.929993,151.42807,8021700
2022-11-10,182.229996,182.330002,178.039993,181.300003,154.296158,6981500
2022-11-11,184.050003,187.100006,183.889999,186.460007,158.687561,8428300
2022-11-14,186.309998,189.679993,186.179993,186.550003,158.764175,9722400
2022-11-15,187.119995,188.440002,185.270004,188.050003,160.040756,7747300
2022-11-16,186.539993,187.820007,183.679993,184.990005,157.436523,7941100
2022-11-17,181.509995,184.229996,180.270004,184.089996,157.882507,6550500
2022-11-18,180.960007,183.410004,179.649994,182.990005,156.939072,7661500
2022-11-21,179.729996,181.699997,175.820007,181.240005,155.438232,8432900
2022-11-22,183.75,186.559998,183.080002,185.889999,159.426208,9018000
2022-11-23,183.210007,185.149994,182.580002,184.240005,158.011139,5831200
2022-11-25,184.889999,185.300003,183.309998,183.699997,157.548019,2796400
2022-11-28,180.279999,181.470001,177.960007,178.360001,152.968231,9365500
2022-11-29,180.259995,181.850006,179.649994,181.029999,155.258133,6985400
2022-11-30,182.850006,183.339996,179.619995,183.309998,157.213547,10936700
2022-12-01,184.259995,184.550003,181.440002,182.490005,156.510284,5217400
2022-12-02,181.529999,183.630005,179.929993,181.029999,155.258133,6852300
2022-12-05,182.669998,182.949997,174.630005,176.559998,151.424469,8162200
2022-12-06,175.509995,178.059998,171.119995,172.009995,147.522217,8765000
2022-12-07,171.059998,174.580002,170.850006,172.520004,147.959625,6936300
2022-12-08,176.25,176.399994,172.029999,173.539993,148.834412,8076600
2022-12-09,172.300003,173.190002,167.929993,168.0,144.083115,10754300
2022-12-12,168.929993,170.520004,167.710007,169.75,145.583969,9364900
2022-12-13,173.570007,174.460007,172.479996,173.529999,148.825836,7838800
2022-12-14,174.490005,174.919998,171.270004,172.330002,147.796692,7045500
2022-12-15,170.600006,171.369995,168.059998,171.039993,146.690338,7272900
2022-12-16,168.529999,170.149994,167.100006,168.720001,144.700607,23876000
2022-12-19,170.110001,170.820007,168.25,169.880005,145.69545,7131600
2022-12-20,169.809998,173.289993,169.600006,172.669998,148.088272,6199100
2022-12-21,175.190002,175.960007,173.160004,174.699997,149.829269,5479400
2022-12-22,175.160004,175.210007,168.330002,172.080002,147.58226,5755000
2022-12-23,174.100006,177.580002,173.690002,177.399994,152.144867,6079100
2022-12-27,178.360001,180.229996,177.399994,179.630005,154.057419,5168000
2022-12-28,178.860001,179.300003,175.929993,176.979996,151.784683,4494400
2022-12-29,176.649994,179.199997,176.649994,178.320007,152.933914,4142100
2022-12-30,178.029999,179.949997,177.699997,179.490005,153.937378,5005100
2023-01-03,178.039993,179.0,171.509995,173.990005,149.220352,7565400
2023-01-04,170.949997,174.289993,170.850006,172.139999,147.633698,7684500
2023-01-05,171.5,176.190002,171.240005,175.240005,150.292404,6088200
2023-01-06,177.020004,179.389999,175.699997,176.559998,151.424469,7191200
2023-01-09,178.259995,178.330002,174.380005,175.179993,150.240906,8385600
2023-01-10,176.399994,176.710007,173.720001,176.039993,150.9785,8307000
2023-01-11,177.889999,178.139999,174.300003,175.199997,150.258087,6962600
2023-01-12,175.990005,178.369995,175.899994,177.080002,151.870453,6891400
2023-01-13,177.089996,177.990005,175.679993,177.559998,152.282135,5726300
2023-01-17,178.440002,181.320007,178.179993,180.490005,154.794998,10697700
2023-01-18,180.820007,182.380005,176.940002,177.229996,151.999084,8899200
2023-01-19,176.610001,179.949997,176.160004,179.0,153.517105,5907200
2023-01-20,178.809998,181.360001,177.520004,180.899994,155.146637,10477900
2023-01-23,181.210007,182.550003,180.029999,180.660004,154.940796,8381300
2023-01-24,181.089996,182.0,178.699997,180.830002,155.086594,5989000
2023-01-25,179.289993,180.029999,176.350006,179.080002,153.585739,6727500
2023-01-26,184.990005,187.809998,183.479996,187.789993,161.055756,14307800
2023-01-27,184.229996,184.229996,177.919998,179.449997,153.903076,19654700
2023-01-30,178.0,178.339996,173.669998,174.199997,149.400436,11476000
2023-01-31,172.75,174.630005,171.419998,174.020004,149.246094,14481300
2023-02-01,173.309998,173.660004,169.539993,171.360001,146.964783,11526400
2023-02-02,171.130005,171.429993,166.820007,169.009995,144.949326,10463400
2023-02-03,169.860001,171.550003,168.490005,169.449997,145.32666,8404900
2023-02-06,169.559998,170.119995,167.369995,169.639999,145.489655,7659500
2023-02-07,170.070007,174.389999,169.610001,174.089996,149.306122,10256500
2023-02-08,172.479996,174.070007,169.470001,170.0,145.798386,9784700
2023-02-09,170.229996,170.660004,168.0,168.440002,144.460434,10123400
2023-02-10,170.800003,172.729996,170.779999,171.970001,147.487946,11602400
2023-02-13,171.320007,171.899994,169.770004,171.009995,146.664581,9442900
2023-02-14,170.479996,173.509995,169.979996,172.320007,147.788116,8077300
2023-02-15,169.399994,169.520004,167.5,169.009995,146.230713,8885700
2023-02-16,168.190002,168.660004,166.399994,166.570007,144.119583,6727500
2023-02-17,164.729996,164.839996,161.850006,162.850006,140.900955,9612100
2023-02-21,162.179993,163.75,160.699997,161.0,139.300278,7259700
2023-02-22,160.279999,161.660004,158.910004,160.350006,138.73793,6205900
2023-02-23,162.25,162.839996,160.559998,161.929993,140.104965,6445500
2023-02-24,160.770004,162.600006,159.149994,162.410004,140.520264,5330200
2023-02-27,163.009995,163.369995,161.919998,162.820007,140.874985,6386800
2023-02-28,164.320007,164.320007,160.279999,160.770004,139.101288,10854200
2023-03-01,160.919998,163.589996,160.589996,162.050003,140.208786,7470400
2023-03-02,161.979996,163.490005,161.589996,162.559998,140.650024,5582000
2023-03-03,160.869995,165.580002,160.419998,164.960007,142.726547,6007500
2023-03-06,164.339996,166.800003,163.809998,166.169998,143.773483,7703600
2023-03-07,165.699997,166.600006,163.580002,164.029999,141.921906,7393000
2023-03-08,163.229996,165.289993,161.380005,162.990005,141.022095,5435800
2023-03-09,163.789993,165.490005,160.190002,160.509995,138.876343,6214700
2023-03-10,160.940002,164.669998,158.669998,159.669998,138.149551,7385800
2023-03-13,156.440002,160.949997,153.800003,158.710007,137.31897,10106100
2023-03-14,158.259995,164.020004,157.880005,160.759995,139.092651,10035200
2023-03-15,155.589996,157.949997,152.009995,153.800003,133.070724,14063100
2023-03-16,150.160004,155.470001,149.910004,154.289993,133.494675,12849600
2023-03-17,153.619995,155.380005,150.600006,152.339996,131.80751,33161800
2023-03-20,151.740005,155.779999,151.289993,154.580002,133.745605,8469200
2023-03-21,157.160004,159.570007,156.470001,159.309998,137.838074,9753500
2023-03-22,159.869995,160.059998,155.929993,156.070007,135.034775,6315000
2023-03-23,157.020004,158.759995,153.139999,154.520004,133.693665,7859400
2023-03-24,152.100006,156.649994,151.830002,156.059998,135.026108,6600100
2023-03-27,157.399994,158.479996,155.690002,157.649994,136.401779,7006800
2023-03-28,157.279999,160.190002,156.679993,159.490005,137.993805,5605400
2023-03-29,160.619995,161.320007,159.330002,160.860001,139.179169,7569700
2023-03-30,162.25,163.009995,161.580002,162.389999,140.502975,6322400
2023-03-31,162.699997,163.720001,162.149994,163.160004,141.169174,7041400
2023-04-03,169.800003,171.100006,168.919998,169.949997,147.043991,12868200
2023-04-04,171.139999,171.139999,167.720001,169.039993,146.256668,7521400
2023-04-05,169.259995,170.440002,167.740005,169.880005,146.983459,6478100
2023-04-06,169.350006,169.410004,167.130005,167.649994,145.053986,5803200
2023-04-10,168.490005,169.679993,167.309998,168.289993,145.607758,5923500
2023-04-11,169.070007,170.339996,168.070007,169.220001,146.412415,5469600
2023-04-12,170.449997,171.119995,169.470001,169.820007,146.931519,6157900
2023-04-13,170.25,172.470001,169.820007,172.089996,148.895584,6856600
2023-04-14,172.5,172.880005,171.220001,172.440002,149.19841,4930700
2023-04-17,172.389999,172.539993,170.220001,170.919998,147.88324,7006000
2023-04-18,170.820007,172.389999,170.130005,170.520004,147.53717,8045600
2023-04-19,169.460007,170.740005,169.100006,170.679993,147.675659,5506800
2023-04-20,168.759995,170.059998,168.020004,169.850006,146.957489,5851100
2023-04-21,169.830002,170.589996,168.839996,169.119995,146.325867,7179000
2023-04-24,169.100006,172.380005,168.580002,171.479996,148.367798,7177600
2023-04-25,170.320007,170.399994,168.429993,168.990005,146.213409,5807200
2023-04-26,168.210007,168.949997,165.229996,165.979996,143.609085,5927400
2023-04-27,166.429993,167.389999,165.070007,166.949997,144.448334,6417200
2023-04-28,164.5,168.940002,164.050003,168.580002,145.858658,10036300
2023-05-01,167.710007,168.729996,166.360001,167.240005,144.69928,6099800
2023-05-02,165.320007,165.380005,158.449997,160.039993,138.469666,10701700
2023-05-03,158.149994,159.570007,156.740005,156.830002,135.692337,7538100
2023-05-04,157.110001,158.199997,155.419998,156.220001,135.164551,7500400
2023-05-05,159.300003,161.119995,158.779999,160.210007,138.616776,5802000
2023-05-08,161.570007,162.300003,159.520004,159.580002,138.071686,5028200
2023-05-09,158.110001,160.419998,157.910004,159.119995,137.673706,5019800
2023-05-10,160.440002,160.440002,155.880005,157.089996,135.917297,6161200
2023-05-11,155.380005,156.320007,153.889999,156.220001,135.164551,6666100
2023-05-12,157.0,157.929993,155.559998,156.619995,135.510635,4898900
2023-05-15,157.229996,158.160004,156.229996,157.199997,136.012466,5096700
2023-05-16,156.479996,157.020004,153.330002,153.509995,132.819824,7007700
2023-05-17,154.789993,156.419998,153.960007,155.710007,134.723312,6169600
2023-05-18,152.869995,154.240005,151.529999,154.009995,134.557281,7477700
2023-05-19,154.889999,156.440002,153.990005,155.229996,135.623169,8100900
2023-05-22,153.789993,154.830002,152.089996,152.440002,133.185593,11661000
2023-05-23,154.139999,157.679993,153.839996,156.850006,137.038589,10436200
2023-05-24,157.949997,158.570007,156.289993,157.270004,137.405548,7064000
2023-05-25,154.679993,155.630005,153.5,154.559998,135.037827,7037700
2023-05-26,155.289993,155.630005,153.460007,154.080002,134.618439,7736200
2023-05-30,151.669998,153.259995,151.210007,153.119995,133.779709,7814800
2023-05-31,151.539993,152.419998,150.360001,150.619995,131.595474,13346400
2023-06-01,151.300003,153.740005,149.740005,152.160004,132.940948,9887700
2023-06-02,154.580002,156.75,153.610001,156.259995,136.523087,9464300
2023-06-05,158.449997,158.449997,155.240005,155.509995,135.867783,6443800
2023-06-06,153.330002,156.160004,153.199997,155.789993,136.112473,6176400
2023-06-07,156.550003,160.210007,156.5,159.830002,139.642181,9900000
2023-06-08,160.160004,160.490005,157.089996,159.240005,139.126709,7142200
2023-06-09,159.279999,160.389999,158.619995,158.860001,138.794693,6669500
2023-06-12,157.059998,159.330002,156.229996,157.330002,137.457977,7159600
2023-06-13,158.520004,160.580002,158.270004,158.509995,138.488892,7660800
2023-06-14,159.979996,160.770004,156.149994,157.089996,137.248291,7721100
2023-06-15,157.320007,159.789993,157.320007,158.279999,138.287949,7705400
2023-06-16,158.570007,159.240005,157.259995,157.259995,137.396774,22908100
2023-06-20,156.149994,156.570007,152.240005,153.679993,134.268982,10438700
2023-06-21,152.669998,155.960007,152.5,154.880005,135.317398,7328200
2023-06-22,153.350006,153.589996,151.970001,152.639999,133.360306,7088600
2023-06-23,151.009995,151.699997,150.130005,151.350006,132.233276,15172700
2023-06-26,151.619995,154.970001,151.539993,154.009995,134.557281,7371800
2023-06-27,153.5,154.710007,152.820007,153.529999,134.137909,6581700
2023-06-28,153.440002,155.020004,152.190002,154.919998,135.352341,5773800
2023-06-29,155.429993,156.270004,154.440002,156.240005,136.505615,5633500
2023-06-30,157.460007,157.919998,156.600006,157.350006,137.475433,6346600
2023-07-03,157.179993,158.100006,156.699997,157.210007,137.353104,3272600
2023-07-05,157.699997,157.699997,155.119995,156.309998,136.566757,6318700
2023-07-06,155.199997,155.830002,151.630005,152.880005,133.570023,9203000
2023-07-07,152.139999,155.990005,151.960007,154.220001,134.740768,6602200
2023-07-10,153.929993,155.789993,153.919998,155.25,135.640656,5167900
2023-07-11,156.0,158.410004,155.660004,158.119995,138.148132,5060500
2023-07-12,159.220001,160.339996,158.330002,159.639999,139.476181,6464000
2023-07-13,159.839996,160.600006,156.570007,157.509995,137.615219,8143900
2023-07-14,157.009995,157.020004,153.300003,153.580002,134.18158,7065700
2023-07-17,153.350006,154.139999,152.639999,153.440002,134.059296,4351700
2023-07-18,152.669998,156.070007,152.369995,153.75,134.330124,6798300
2023-07-19,153.830002,155.779999,153.279999,154.690002,135.151382,5653100
2023-07-20,156.160004,157.190002,155.710007,156.399994,136.645386,5866600
2023-07-21,157.529999,158.830002,157.059998,158.690002,138.646179,8760100
2023-07-24,160.470001,164.039993,160.009995,161.820007,141.380829,9722100
2023-07-25,161.910004,163.509995,160.660004,162.559998,142.027344,6767600
2023-07-26,160.880005,162.089996,160.550003,161.339996,140.961456,6056400
2023-07-27,162.089996,162.470001,159.220001,159.660004,139.493637,6470100
2023-07-28,158.410004,159.0,156.509995,158.869995,138.803421,6542300
2023-07-31,161.130005,163.979996,160.619995,163.660004,142.988419,13056300
2023-08-01,163.639999,163.639999,160.550003,162.300003,141.800217,7531400
2023-08-02,161.169998,161.220001,158.059998,159.729996,139.554794,7067100
2023-08-03,159.910004,161.699997,158.850006,159.669998,139.50238,6680700
2023-08-04,160.660004,163.020004,159.039993,159.309998,139.187851,10185400
2023-08-07,161.009995,161.380005,159.080002,159.889999,139.69458,13927400
2023-08-08,157.940002,159.789993,156.220001,159.649994,139.484879,6451300
2023-08-09,160.860001,161.440002,159.309998,159.860001,139.668396,10531500
2023-08-10,160.330002,162.479996,159.619995,160.830002,140.515854,8647100
2023-08-11,160.5,164.169998,160.179993,164.149994,143.416504,6682600
2023-08-14,163.770004,164.25,162.610001,164.029999,143.311676,6060100
2023-08-15,163.399994,163.410004,159.100006,159.240005,139.126709,7876500
2023-08-16,160.520004,161.830002,158.470001,158.630005,138.593735,7920500
2023-08-17,159.179993,162.139999,158.970001,159.75,140.91362,8270500
2023-08-18,158.380005,161.320007,158.160004,160.899994,141.928024,5999200
2023-08-21,161.199997,162.070007,159.449997,160.360001,141.451706,6802300
2023-08-22,160.490005,161.25,158.970001,159.039993,140.287338,6080800
2023-08-23,158.139999,159.410004,156.699997,159.25,140.47258,4975600
2023-08-24,157.729996,159.889999,157.559998,157.940002,139.317047,5989600
2023-08-25,159.070007,159.910004,157.649994,159.119995,140.357941,5291800
2023-08-28,159.529999,161.800003,159.220001,160.210007,141.319412,4386100
2023-08-29,160.910004,160.949997,159.100006,159.960007,141.098862,5374800
2023-08-30,160.589996,161.25,159.929993,160.179993,141.292923,5534900
2023-08-31,161.009995,161.240005,159.929993,161.100006,142.104431,7003700
2023-09-01,162.639999,164.690002,162.639999,164.300003,144.927124,6663000
2023-09-05,165.279999,167.559998,165.199997,166.460007,146.832443,9755800
2023-09-06,166.279999,167.440002,165.580002,166.630005,146.982407,7195500
2023-09-07,167.139999,167.899994,166.279999,166.639999,146.991226,7925900
2023-09-08,167.419998,168.490005,166.710007,167.210007,147.494034,7434400
2023-09-11,168.080002,168.589996,162.869995,163.759995,144.450806,7155100
2023-09-12,165.300003,167.190002,165.100006,166.809998,147.141174,7521100
2023-09-13,167.410004,167.75,165.580002,166.199997,146.603119,5759500
2023-09-14,167.699997,168.5,167.119995,167.229996,147.511658,8822800
2023-09-15,166.210007,168.369995,165.880005,166.5,146.867722,17439700
2023-09-18,167.869995,168.360001,166.399994,167.220001,147.502853,7027600
2023-09-19,168.690002,168.960007,166.429993,167.199997,147.485184,6615100
2023-09-20,167.070007,168.509995,166.600006,166.690002,147.035294,5939100
2023-09-21,167.119995,167.869995,165.050003,165.190002,145.712189,7150000
2023-09-22,166.229996,167.419998,165.940002,166.279999,146.67366,5963000
2023-09-25,166.330002,168.779999,165.990005,168.710007,148.817169,5510000
2023-09-26,167.440002,168.410004,166.979996,167.800003,148.014465,5659200
2023-09-27,169.369995,171.229996,168.809998,171.039993,150.872375,9124400
2023-09-28,170.550003,171.699997,169.429993,170.589996,150.475464,7151800
2023-09-29,170.490005,170.5,167.820007,168.619995,148.737762,7396100
2023-10-02,168.339996,168.570007,165.229996,166.539993,146.903015,6839600
2023-10-03,165.919998,167.360001,165.509995,166.929993,147.24704,6168600
2023-10-04,164.699997,164.979996,161.490005,163.039993,143.815674,9664700
2023-10-05,161.419998,164.75,161.389999,163.899994,144.57431,8073000
2023-10-06,164.309998,164.369995,158.990005,162.229996,143.101196,10190400
2023-10-09,166.380005,168.190002,164.949997,166.720001,147.061798,8183500
2023-10-10,166.770004,167.399994,165.679993,166.539993,146.903015,6512900
2023-10-11,165.070007,165.080002,160.479996,161.100006,142.104431,12570700
2023-10-12,163.259995,163.259995,160.899994,161.229996,142.219086,7397000
2023-10-13,163.410004,164.839996,162.300003,164.059998,144.715439,8042800
2023-10-16,165.339996,165.809998,163.850006,165.399994,145.897446,5446000
2023-10-17,164.830002,168.199997,164.649994,167.589996,147.829208,7538300
2023-10-18,168.470001,169.699997,167.580002,168.919998,149.002365,6893500
2023-10-19,168.699997,170.169998,167.509995,169.100006,149.161163,6580200
2023-10-20,168.410004,169.100006,166.100006,166.830002,147.158813,7458300
2023-10-23,163.300003,164.429993,160.25,160.679993,141.733948,16232400
2023-10-24,160.889999,161.080002,156.470001,156.649994,138.179153,17689900
2023-10-25,156.940002,157.410004,155.169998,155.869995,137.491119,10502400
2023-10-26,155.009995,155.179993,153.630005,154.75,136.503159,10830400
2023-10-27,150.720001,151.25,143.960007,144.350006,127.329468,24524300
2023-10-30,145.660004,146.440002,144.320007,146.089996,128.864304,13857100
2023-10-31,146.100006,146.520004,144.229996,145.729996,128.546738,14261300
2023-11-01,145.979996,146.009995,143.820007,143.979996,127.003075,10819600
2023-11-02,144.539993,149.0,143.830002,148.759995,131.219482,11099100
2023-11-03,148.300003,148.559998,146.149994,147.610001,130.205078,13160000
2023-11-06,148.729996,149.330002,146.690002,147.0,129.666992,10634200
2023-11-07,145.160004,145.610001,143.240005,144.410004,127.382401,15054600
2023-11-08,143.880005,144.649994,142.25,142.399994,125.609375,12654100
2023-11-09,143.050003,143.910004,141.779999,141.940002,125.203621,10359500
2023-11-10,143.289993,143.440002,141.729996,142.949997,126.094551,11988200
2023-11-13,143.149994,144.300003,142.850006,144.0,127.020737,8747700
2023-11-14,144.479996,145.5,143.860001,145.050003,127.946922,11224400
2023-11-15,144.860001,146.639999,144.410004,145.559998,128.39682,10052100
2023-11-16,143.020004,143.509995,140.740005,141.770004,126.364563,14031300
2023-11-17,142.949997,145.190002,142.399994,144.460007,128.762238,11075600
2023-11-20,144.630005,145.690002,144.270004,144.380005,128.690918,8062400
2023-11-21,143.830002,144.300003,142.699997,144.039993,128.387878,6783300
2023-11-22,141.740005,144.389999,140.720001,144.330002,128.646362,7216100
2023-11-24,144.300003,145.940002,144.199997,144.899994,129.154404,3861000
2023-11-27,144.649994,144.820007,142.850006,144.360001,128.673126,9850800
2023-11-28,144.779999,146.520004,144.059998,145.509995,129.698135,9746500
2023-11-29,146.389999,146.490005,143.059998,143.910004,128.272034,16417100
2023-11-30,144.979996,146.009995,142.029999,143.600006,127.995689,16276000
2023-12-01,143.490005,146.509995,142.600006,144.809998,129.074188,11906500
2023-12-04,144.0,145.699997,143.25,144.869995,129.127686,11842800
2023-12-05,144.759995,145.070007,142.630005,142.860001,127.336121,9597600
2023-12-06,141.899994,144.029999,141.350006,142.529999,127.041969,18079700
2023-12-07,143.509995,144.009995,140.990005,142.419998,126.943901,14786700
2023-12-08,143.509995,144.669998,143.119995,144.309998,128.62854,10821700
2023-12-11,144.839996,145.399994,143.820007,144.350006,128.6642,9849600
2023-12-12,143.169998,143.589996,141.75,142.5,127.015236,9863900
2023-12-13,142.169998,144.679993,141.649994,144.610001,128.895966,10641300
2023-12-14,145.850006,149.929993,145.850006,149.929993,133.637848,14960500
2023-12-15,147.320007,149.820007,147.320007,149.350006,133.12088,30850900
2023-12-18,150.830002,152.119995,149.320007,149.679993,133.415009,11561700
2023-12-19,149.960007,151.830002,149.490005,151.639999,135.162018,8738100
2023-12-20,152.149994,153.059998,150.059998,150.25,133.92308,9370000
2023-12-21,150.779999,150.800003,149.220001,150.710007,134.333099,7264700
2023-12-22,151.740005,152.389999,150.75,151.050003,134.636139,6396100
2023-12-26,152.070007,153.009995,151.899994,152.410004,135.848343,5165600
2023-12-27,152.270004,152.970001,151.339996,151.910004,135.402695,5337200
2023-12-28,151.179993,152.020004,149.399994,149.770004,133.495239,8148000
2023-12-29,150.029999,150.229996,148.669998,149.160004,132.951523,7658600
2024-01-02,149.990005,151.479996,149.240005,149.479996,133.236725,8879700
2024-01-03,149.389999,153.190002,148.679993,152.330002,135.777054,10255300
2024-01-04,153.660004,154.350006,150.589996,150.660004,134.288513,8220300
2024-01-05,151.979996,152.029999,149.830002,150.399994,134.056732,7455400
2024-01-08,148.419998,149.699997,146.580002,149.5,133.254562,10038200
2024-01-09,149.949997,149.949997,145.589996,145.699997,129.867508,11784700
2024-01-10,146.020004,146.020004,144.110001,144.5,128.797913,8490400
2024-01-11,145.559998,146.169998,144.619995,145.279999,129.493149,8612500
2024-01-12,147.830002,148.5,146.169998,147.270004,131.266891,9386900
2024-01-16,146.509995,146.580002,143.580002,143.690002,128.075928,9380400
2024-01-17,142.419998,144.020004,142.039993,143.119995,127.567848,8167000
2024-01-18,143.0,143.190002,139.619995,141.820007,126.409103,11187800
2024-01-19,141.729996,142.25,141.009995,142.240005,126.783485,11192500
2024-01-22,141.910004,142.660004,140.919998,142.490005,127.006302,9184600
2024-01-23,141.990005,143.330002,141.899994,142.089996,126.64978,6767200
2024-01-24,142.699997,144.979996,142.220001,144.919998,129.172241,8100000
2024-01-25,146.220001,148.690002,145.229996,148.570007,132.425659,9773600
2024-01-26,148.029999,149.259995,146.979996,149.139999,132.933701,9151900
2024-01-29,149.089996,149.220001,147.110001,149.080002,132.880219,10494800
2024-01-30,148.179993,150.309998,147.710007,150.119995,133.80719,9902900
2024-01-31,150.369995,150.380005,147.339996,147.429993,131.4095,10428000
2024-02-01,148.190002,149.020004,146.520004,147.889999,131.819519,8641100
2024-02-02,150.860001,153.380005,149.550003,152.240005,135.696838,12839100
2024-02-05,151.619995,153.509995,150.789993,152.330002,135.777054,8277800
2024-02-06,152.5,153.539993,151.809998,152.350006,135.794907,6198200
2024-02-07,153.020004,153.779999,151.169998,152.130005,135.59877,6252000
2024-02-08,151.949997,154.300003,151.649994,154.059998,137.319061,9237000
2024-02-09,154.419998,155.320007,150.979996,151.039993,134.627228,9194500
2024-02-12,151.619995,152.610001,151.389999,152.080002,135.554214,6713000
2024-02-13,152.619995,153.070007,149.600006,150.600006,134.235062,6987100
2024-02-14,151.279999,152.199997,150.080002,151.009995,134.600479,5995100
2024-02-15,149.910004,155.089996,149.669998,154.460007,139.177872,8950300
2024-02-16,155.369995,155.770004,154.089996,154.630005,139.33107,7570200
2024-02-20,155.470001,155.610001,153.830002,154.0,138.763397,6977900
2024-02-21,154.570007,155.570007,154.100006,155.440002,140.060898,6628900
2024-02-22,154.820007,156.630005,153.830002,155.429993,140.051895,8874900
2024-02-23,154.869995,154.919998,153.25,154.660004,139.358093,6561600
2024-02-26,154.539993,155.550003,153.830002,154.449997,139.168854,6900800
2024-02-27,153.199997,153.880005,149.899994,152.160004,137.105438,15093800
2024-02-28,152.360001,153.860001,151.779999,152.339996,137.267624,6715900
2024-02-29,152.910004,153.240005,151.479996,152.009995,136.970261,9334400
2024-03-01,153.050003,154.350006,152.25,152.809998,137.691116,7459100
2024-03-04,152.5,152.589996,147.669998,148.880005,134.149963,12503200
2024-03-05,148.830002,150.619995,148.300003,149.589996,134.789688,6985500
2024-03-06,150.830002,152.410004,148.139999,148.330002,133.654358,14692100
2024-03-07,148.5,150.75,148.449997,149.369995,134.591461,8739300
2024-03-08,149.369995,149.990005,148.389999,149.880005,135.05101,7528400
2024-03-11,150.5,152.080002,149.589996,152.0,136.961273,7577100
2024-03-12,151.830002,152.570007,150.789993,151.889999,136.862152,6432900
2024-03-13,153.240005,154.880005,153.149994,153.889999,138.664261,8065600
2024-03-14,153.770004,155.729996,152.759995,155.699997,140.295166,9047200
2024-03-15,155.190002,157.039993,154.419998,155.550003,140.160019,20387200
2024-03-18,156.029999,156.669998,154.940002,155.410004,140.033875,7242700
2024-03-19,155.300003,156.839996,155.009995,156.619995,141.124191,7736700
2024-03-20,155.759995,156.429993,154.229996,154.550003,139.258957,8449100
2024-03-21,154.949997,155.690002,154.410004,154.860001,139.5383,7899100
2024-03-22,155.080002,155.279999,154.160004,154.660004,139.358093,5974700
2024-03-25,155.479996,157.309998,155.270004,156.470001,140.988998,6058700
2024-03-26,156.520004,156.860001,154.649994,155.270004,139.907745,6677900
2024-03-27,154.869995,156.440002,154.850006,156.350006,140.880905,7416900
2024-03-28,157.149994,158.190002,156.369995,157.740005,142.133347,8331600
2024-04-01,158.270004,159.589996,156.940002,159.080002,143.340775,6285700
2024-04-02,160.050003,161.220001,159.020004,159.779999,143.971512,8815400
2024-04-03,160.100006,160.949997,159.720001,160.440002,144.566223,7819700
2024-04-04,160.800003,161.949997,159.820007,160.690002,144.791489,9269700
2024-04-05,161.330002,162.169998,159.860001,161.600006,145.611481,7432800
2024-04-08,161.649994,162.5,160.330002,161.270004,145.314117,7253200
2024-04-09,161.850006,162.529999,160.460007,162.0,145.971878,6576200
2024-04-10,162.210007,162.770004,161.009995,162.669998,146.575607,7525800
2024-04-11,163.619995,163.619995,159.800003,161.889999,145.872757,7682500
2024-04-12,162.289993,163.869995,158.039993,158.960007,143.232635,11071000
2024-04-15,159.940002,160.490005,157.360001,157.589996,141.998184,7236900
2024-04-16,157.300003,157.809998,155.419998,156.279999,140.817795,5541900
2024-04-17,155.990005,157.710007,155.639999,156.399994,140.925949,6733900
2024-04-18,157.139999,158.039993,156.389999,157.570007,141.980164,4979200
2024-04-19,158.75,160.75,158.149994,160.0,144.169754,7734700
2024-04-22,159.949997,162.699997,158.440002,161.919998,145.899765,6779200
2024-04-23,161.309998,162.850006,160.600006,162.850006,146.737778,5597600
2024-04-24,161.880005,163.839996,161.449997,163.570007,147.386536,7610300
2024-04-25,163.699997,165.600006,162.669998,165.279999,148.927383,9702600
2024-04-26,165.229996,166.979996,163.300003,165.889999,149.476974,9736400
2024-04-29,165.910004,167.110001,164.690002,166.330002,149.873444,6364000
2024-04-30,165.970001,166.119995,160.949997,161.270004,145.314117,8457300
2024-05-01,160.779999,161.449997,158.899994,159.630005,143.836365,7713700
2024-05-02,160.410004,161.779999,159.889999,160.729996,144.827515,8597100
2024-05-03,160.660004,160.660004,157.039993,160.25,144.39502,11664500
2024-05-06,160.729996,164.020004,160.729996,162.300003,146.242218,8430300
2024-05-07,162.309998,163.149994,162.020004,162.669998,146.575607,6869900
2024-05-08,161.949997,163.080002,161.539993,162.539993,146.458435,6706400
2024-05-09,163.020004,165.509995,162.729996,165.449997,149.080521,6683300
2024-05-10,166.039993,166.419998,165.020004,165.820007,149.41394,5490900
2024-05-13,166.479996,166.910004,162.979996,164.529999,148.251556,6848300
2024-05-14,164.339996,165.199997,163.020004,163.610001,147.422592,4924000
2024-05-15,163.130005,163.800003,160.169998,163.050003,146.917969,7603100
2024-05-16,161.529999,162.0,160.479996,161.089996,146.617599,6409400
2024-05-17,161.75,162.970001,161.190002,162.669998,148.055679,5497900
2024-05-20,162.720001,163.0,161.070007,161.139999,146.663132,4913800
2024-05-21,160.580002,161.460007,159.740005,159.970001,145.598267,4783300
2024-05-22,159.520004,159.520004,156.520004,157.570007,143.413864,6260500
2024-05-23,157.919998,158.600006,156.330002,156.940002,142.840485,6718400
2024-05-24,158.080002,158.970001,157.300003,157.75,143.577713,4477700
2024-05-28,158.119995,159.419998,157.949997,159.039993,144.751816,6928300
2024-05-29,158.020004,158.490005,156.440002,156.899994,142.804062,5909600
2024-05-30,156.850006,158.460007,156.809998,158.259995,144.041885,6369600
2024-05-31,158.630005,162.580002,158.509995,162.300003,147.718933,10334200
2024-06-03,161.490005,161.679993,156.460007,157.460007,143.313766,9009900
2024-06-04,155.720001,156.350006,154.110001,156.130005,142.103241,6360500
2024-06-05,156.160004,157.020004,154.529999,154.979996,141.05658,7058500
2024-06-06,154.5,156.020004,153.389999,155.929993,141.921204,5215100
2024-06-07,155.710007,157.690002,155.130005,156.080002,142.057724,5887700
2024-06-10,156.410004,158.199997,156.320007,156.740005,142.658447,7074700
2024-06-11,156.169998,156.75,154.479996,156.490005,142.430878,5132000
2024-06-12,157.490005,157.630005,152.399994,154.220001,140.364853,10017400
2024-06-13,153.770004,154.089996,152.229996,152.839996,139.10881,6163000
2024-06-14,153.130005,153.289993,151.970001,152.570007,138.863068,6159100
2024-06-17,152.5,153.929993,151.929993,153.190002,139.427383,6321400
2024-06-18,153.550003,155.949997,152.839996,153.330002,139.554779,6942900
2024-06-20,153.710007,157.410004,153.25,156.639999,142.567429,8336000
2024-06-21,156.800003,157.669998,155.220001,155.279999,141.32962,21289800
2024-06-24,156.270004,159.539993,156.190002,159.309998,144.997559,7971600
2024-06-25,159.119995,159.360001,157.669998,158.460007,144.223923,5985400
2024-06-26,158.460007,158.460007,155.789993,155.949997,141.939407,8637800
2024-06-27,156.699997,156.940002,155.639999,156.320007,142.276184,5568700
2024-06-28,157.520004,158.580002,156.169998,156.419998,142.367188,11283400
2024-07-01,157.160004,158.699997,155.979996,156.520004,142.458221,5584100
2024-07-02,157.679993,157.720001,155.449997,156.75,142.667542,7216800
2024-07-03,156.940002,157.740005,156.559998,156.710007,142.631149,3264200
2024-07-05,156.550003,156.550003,153.679993,154.309998,140.446747,6183100
2024-07-08,153.320007,155.279999,153.320007,154.330002,140.464966,4990700
2024-07-09,153.0,154.759995,152.350006,152.979996,139.236237,5301600
2024-07-10,152.5,155.440002,152.300003,155.130005,141.1931,5416600
2024-07-11,155.0,156.679993,154.220001,155.259995,141.311401,8322500
2024-07-12,156.160004,156.440002,154.559998,155.589996,141.61174,6446300
2024-07-15,156.949997,159.520004,156.369995,158.039993,143.841629,5661200
2024-07-16,157.009995,158.309998,156.149994,157.770004,143.595917,6924200
2024-07-17,158.5,161.479996,158.289993,161.229996,146.745056,7296600
2024-07-18,161.229996,164.279999,160.240005,161.970001,147.418579,6577700
2024-07-19,162.479996,162.699997,158.410004,159.149994,144.851929,6427700
2024-07-22,158.220001,158.979996,156.850006,156.990005,142.886017,5577300
2024-07-23,156.350006,156.600006,153.839996,154.089996,140.246506,6238700
2024-07-24,154.690002,155.699997,153.419998,155.070007,141.138474,5971700
2024-07-25,155.369995,158.259995,154.619995,157.539993,143.386566,5432100
2024-07-26,157.729996,159.039993,157.059998,157.839996,143.659592,5232500
2024-07-29,158.25,158.25,154.860001,156.600006,142.531036,5072000
2024-07-30,156.460007,160.089996,156.440002,159.570007,145.234192,5740900
2024-07-31,161.690002,161.690002,160.050003,160.470001,146.053345,6209200
2024-08-01,158.710007,159.5,152.029999,152.619995,138.908569,16689900
2024-08-02,151.130005,152.039993,147.020004,148.550003,135.204224,13278600
2024-08-05,145.520004,145.770004,143.410004,144.660004,131.663696,13037200
2024-08-06,144.490005,145.089996,143.119995,143.229996,130.362198,9692700
2024-08-07,144.580002,145.729996,142.279999,142.410004,129.615845,8867900
2024-08-08,143.070007,144.820007,142.710007,144.490005,131.508987,7531100
2024-08-09,144.210007,146.110001,143.190002,144.990005,131.964066,7653100
2024-08-12,145.839996,146.740005,139.690002,145.020004,131.991394,8442200
2024-08-13,144.080002,144.550003,143.050003,144.149994,131.199524,7794800
2024-08-14,144.389999,145.240005,143.429993,144.669998,131.672821,5874200
2024-08-15,145.589996,147.520004,145.479996,146.800003,133.611435,6304200
2024-08-16,146.050003,147.619995,145.639999,147.270004,134.03923,6874400
2024-08-19,146.009995,147.729996,145.889999,146.830002,135.134445,5967400
2024-08-20,146.330002,146.509995,144.559998,144.690002,133.164902,7497600
2024-08-21,145.429993,146.639999,144.550003,145.320007,133.744705,5985000
2024-08-22,145.350006,146.330002,145.130005,145.729996,134.12207,4027000
2024-08-23,146.529999,148.089996,146.320007,147.619995,135.861496,4824100
2024-08-26,148.970001,150.089996,147.550003,148.5,136.671432,5780300
2024-08-27,148.669998,149.550003,146.740005,146.949997,135.244888,5100000
2024-08-28,146.440002,147.139999,145.479996,146.0,134.37056,5614400
2024-08-29,146.460007,148.179993,145.440002,147.419998,135.677429,4466700
2024-08-30,146.220001,148.080002,145.699997,147.949997,136.165207,6414800
2024-09-03,145.550003,145.770004,144.279999,144.660004,133.137283,7944700
2024-09-04,144.639999,145.529999,141.669998,142.070007,130.753616,9820700
2024-09-05,143.169998,143.169998,140.600006,140.929993,129.704391,9371100
2024-09-06,141.070007,142.110001,137.869995,138.559998,127.523186,7836400
2024-09-09,138.639999,142.020004,138.539993,140.300003,129.124588,9892300
2024-09-10,140.899994,141.080002,137.089996,138.229996,127.219452,8202500
2024-09-11,138.210007,138.479996,135.369995,137.880005,126.897354,9534000
2024-09-12,138.229996,139.470001,137.419998,139.210007,128.121414,6591500
2024-09-13,139.869995,141.529999,139.710007,140.610001,129.409882,5900700
2024-09-16,141.690002,143.169998,141.070007,142.089996,130.772003,6864300
2024-09-17,141.800003,144.139999,141.740005,143.410004,131.986862,7338800
2024-09-18,143.320007,145.600006,143.190002,143.960007,132.493057,6180300
2024-09-19,145.809998,146.779999,144.929993,144.990005,133.44101,7247400
2024-09-20,145.229996,145.910004,143.440002,145.679993,134.076035,23162900
2024-09-23,146.25,148.419998,145.949997,147.539993,135.787872,6960600
2024-09-24,148.880005,149.100006,146.910004,147.449997,135.705048,6014200
2024-09-25,146.949997,147.410004,143.5,143.970001,132.502258,7888400
2024-09-26,140.899994,143.220001,140.630005,141.990005,130.679962,8046200
2024-09-27,142.979996,145.770004,142.839996,145.490005,133.901169,8049200
2024-09-30,145.369995,147.479996,144.279999,147.270004,135.539398,7491700
2024-10-01,146.350006,150.520004,145.449997,149.699997,137.775803,9489100
2024-10-02,151.679993,152.279999,149.259995,150.949997,138.926285,8105400
2024-10-03,151.309998,152.169998,150.020004,151.25,139.202377,6553300
2024-10-04,152.479996,152.5,150.139999,150.740005,138.733002,7892400
2024-10-07,151.5,152.75,150.690002,151.119995,139.082733,5895900
2024-10-08,149.199997,149.600006,147.729996,148.75,136.901505,5892700
2024-10-09,147.509995,150.369995,147.360001,149.649994,137.729813,4973500
2024-10-10,150.679993,151.550003,149.850006,150.619995,138.622543,4420900
2024-10-11,150.380005,152.330002,150.25,151.419998,139.358841,5051300
2024-10-14,150.520004,151.899994,150.179993,151.779999,139.69014,4214700
2024-10-15,148.800003,149.960007,147.559998,147.729996,135.962753,6704600
2024-10-16,148.350006,149.029999,148.210007,148.729996,136.883087,4303700
2024-10-17,149.259995,151.330002,148.970001,151.199997,139.156357,6593100
2024-10-18,150.820007,151.080002,149.380005,150.75,138.742203,5208200
2024-10-21,152.0,152.479996,150.490005,150.880005,138.861832,5074000
2024-10-22,151.25,151.679993,150.220001,150.919998,138.898636,4416400
2024-10-23,150.360001,151.0,149.289993,150.479996,138.493683,5248600
2024-10-24,151.130005,151.449997,149.380005,150.449997,138.46608,5474300
2024-10-25,151.389999,152.119995,150.460007,150.809998,138.797424,6839900
2024-10-28,148.25,150.699997,148.160004,150.539993,138.548935,8892000
2024-10-29,150.039993,150.419998,147.869995,148.520004,136.689819,6014700
2024-10-30,149.080002,149.649994,147.660004,148.050003,136.257294,5784000
2024-10-31,148.759995,149.570007,147.889999,148.820007,136.965927,8400900
2024-11-01,152.479996,155.929993,151.699997,153.070007,140.877411,11728000
2024-11-04,154.419998,154.419998,152.619995,153.970001,141.705704,6130000
2024-11-05,154.529999,154.669998,152.550003,153.410004,141.190308,5978900
2024-11-06,157.100006,158.610001,156.119995,157.720001,145.157028,12118900
2024-11-07,157.940002,158.009995,156.399994,156.770004,144.282684,8143200
2024-11-08,156.600006,157.580002,155.669998,156.929993,144.429947,6041500
2024-11-11,157.139999,157.940002,155.899994,156.5,144.03418,7771700
2024-11-12,157.300003,157.470001,155.119995,155.289993,142.920563,5681900
2024-11-13,156.070007,159.020004,154.529999,158.720001,146.077362,8824000
2024-11-14,159.839996,161.830002,159.679993,161.800003,148.912033,10111200
2024-11-15,161.520004,162.380005,160.759995,161.419998,148.562286,9022800
2024-11-18,160.559998,161.520004,159.070007,160.759995,149.464127,6075400
2024-11-19,159.979996,160.429993,158.75,159.600006,148.385651,4657400
2024-11-20,159.910004,161.440002,159.779999,161.330002,149.99411,6391300
2024-11-21,162.020004,162.649994,161.289993,161.630005,150.272995,7945200
2024-11-22,161.509995,162.610001,161.149994,162.360001,150.951706,7005900
2024-11-25,162.149994,163.169998,159.830002,160.360001,149.092224,10702400
2024-11-26,162.309998,162.940002,161.399994,162.529999,151.109787,7369500
2024-11-27,162.759995,164.679993,161.610001,162.110001,150.719269,7674500
2024-11-29,162.25,162.75,160.660004,161.929993,150.55191,5077000
2024-12-02,162.289993,162.949997,160.110001,162.210007,150.812256,6229600
2024-12-03,162.979996,163.199997,161.389999,161.919998,150.542633,5900100
2024-12-04,161.830002,161.839996,157.860001,158.320007,147.195602,7862700
2024-12-05,159.289993,160.669998,158.690002,159.330002,148.134613,6358400
2024-12-06,158.75,158.830002,155.169998,155.240005,144.332016,9701700
2024-12-09,157.0,160.080002,156.820007,157.080002,146.042694,9404500
2024-12-10,159.059998,159.520004,156.699997,157.0,145.968353,9126200
2024-12-11,156.860001,157.169998,155.800003,156.210007,145.233826,13764700
2024-12-12,155.869995,156.529999,154.270004,154.710007,143.839233,7621500
2024-12-13,154.869995,154.960007,153.070007,153.869995,143.058243,5816200
2024-12-16,153.889999,153.889999,149.25,149.360001,138.865158,11961200
2024-12-17,148.0,148.649994,146.910004,148.110001,137.703003,11909300
2024-12-18,147.759995,148.669998,143.979996,144.080002,133.956161,10174500
2024-12-19,144.570007,144.759995,140.949997,141.149994,131.23204,16544300
2024-12-20,140.820007,142.850006,140.550003,142.850006,132.812592,32209200
2024-12-23,142.479996,143.350006,141.539993,142.970001,132.924149,8156500
2024-12-24,143.100006,144.039993,142.259995,143.839996,133.733047,3556100
2024-12-26,143.669998,144.309998,142.899994,143.979996,133.863174,4492600
2024-12-27,144.289993,145.710007,143.389999,144.0,133.881775,5296500
2024-12-30,143.789993,143.979996,142.350006,143.070007,133.017151,6194800
2024-12-31,143.520004,145.339996,143.320007,144.839996,134.662766,6137800
2025-01-02,145.479996,148.070007,145.479996,146.710007,136.401382,7170300
2025-01-03,147.539993,148.5,147.300003,147.850006,137.461273,5809000
2025-01-06,148.399994,150.330002,146.869995,147.259995,136.912689,5888700
2025-01-07,148.509995,150.5,147.630005,149.589996,139.078995,7736000
2025-01-08,148.039993,151.179993,148.029999,150.300003,139.739105,7640900
2025-01-10,153.410004,154.339996,150.869995,153.139999,142.379547,11074700
2025-01-13,154.100006,157.350006,154.0,155.350006,144.434265,11774100
2025-01-14,155.210007,156.910004,154.460007,156.899994,145.875351,6830200
2025-01-15,156.880005,158.690002,156.380005,158.330002,147.20488,7900000
2025-01-16,158.029999,159.899994,158.029999,159.380005,148.181107,5578900
2025-01-17,159.130005,161.770004,158.800003,161.470001,150.124237,9260400
2025-01-21,161.149994,161.399994,157.490005,158.240005,147.12117,10131400
2025-01-22,157.679993,158.440002,156.270004,156.410004,145.419785,7232200
2025-01-23,157.630005,157.940002,155.619995,156.009995,145.047882,5979800
2025-01-24,156.460007,157.470001,155.270004,155.649994,144.713196,8003800
2025-01-27,156.330002,157.889999,155.520004,157.229996,146.182159,7141000
2025-01-28,157.710007,158.919998,155.179993,156.210007,145.233826,6425400
2025-01-29,155.720001,156.580002,154.809998,155.690002,144.750381,5630600
2025-01-30,156.559998,157.449997,155.520004,156.320007,145.336121,6931900
2025-01-31,153.759995,154.369995,148.649994,149.190002,138.707092,16726800
2025-02-03,149.0,150.860001,147.800003,149.339996,138.846573,7605000
2025-02-04,148.720001,153.389999,148.720001,153.220001,142.453918,8458100
2025-02-05,152.990005,153.800003,152.289993,152.990005,142.240112,6533700
2025-02-06,154.220001,155.259995,151.059998,151.899994,141.226685,6420500
2025-02-07,152.479996,153.809998,151.919998,152.619995,141.896088,4724900
2025-02-10,154.289993,155.800003,154.059998,155.770004,144.824768,5653800
2025-02-11,156.350006,158.710007,156.119995,157.440002,146.377411,6011800
2025-02-12,156.75,157.470001,154.570007,154.899994,144.015884,6693500
2025-02-13,154.779999,156.419998,153.320007,155.880005,144.927032,7836400
2025-02-14,155.080002,157.449997,154.880005,155.339996,146.026871,5828800
2025-02-18,155.339996,157.309998,154.779999,156.160004,146.797745,5981500
2025-02-19,156.520004,158.360001,156.0,157.229996,147.803574,4945800
2025-02-20,157.5,158.949997,157.070007,158.789993,149.270035,6256200
2025-02-21,158.130005,158.949997,156.820007,156.919998,147.512177,6689800
2025-02-24,157.089996,158.330002,156.75,157.889999,148.423996,5925000
2025-02-25,157.990005,158.990005,155.460007,156.419998,147.042145,6810900
2025-02-26,156.619995,156.690002,154.399994,155.139999,145.838852,6005200
2025-02-27,155.690002,158.289993,154.809998,156.669998,147.277145,7517200
2025-02-28,156.699997,158.669998,154.919998,158.619995,149.110214,8828500
2025-03-03,159.460007,160.089996,151.759995,153.089996,143.911774,9059800
2025-03-04,151.210007,154.149994,150.050003,152.0,142.887115,8826300
2025-03-05,150.149994,151.369995,147.740005,150.809998,141.768463,9288300
2025-03-06,150.509995,153.330002,149.470001,152.949997,143.780167,7314700
2025-03-07,153.949997,157.449997,153.710007,156.339996,146.966934,8562600
2025-03-10,157.190002,160.369995,156.169998,157.570007,148.123199,11750300
2025-03-11,158.429993,158.839996,153.789993,154.080002,144.842422,10466300
2025-03-12,153.639999,154.789993,152.220001,152.669998,143.516953,9710200
2025-03-13,152.259995,154.429993,151.919998,153.610001,144.400589,9022800
2025-03-14,153.990005,157.240005,153.009995,157.020004,147.60614,6671500
2025-03-17,157.220001,159.449997,156.759995,158.720001,149.204254,7615200
2025-03-18,159.740005,161.089996,158.820007,160.809998,151.168945,9289500
2025-03-19,160.970001,164.539993,160.899994,164.050003,154.214691,11503900
2025-03-20,163.130005,165.309998,162.410004,164.770004,154.891525,9545900
2025-03-21,164.490005,164.889999,163.110001,164.75,154.872726,21625500
2025-03-24,164.690002,166.429993,164.320007,165.020004,155.126541,8068000
2025-03-25,166.080002,167.820007,165.110001,165.940002,155.991379,7869200
2025-03-26,167.369995,168.960007,167.25,167.970001,157.899673,10076100
2025-03-27,167.25,168.220001,165.850006,166.649994,156.658813,6862700
2025-03-28,166.699997,167.130005,165.300003,166.089996,156.13237,4923000
2025-03-31,166.190002,168.919998,166.130005,167.289993,157.260437,10675300
2025-04-01,167.289993,168.600006,166.160004,168.509995,158.407288,6378600
2025-04-02,167.399994,167.979996,165.850006,166.470001,156.489609,7044900
2025-04-03,160.119995,161.350006,155.800003,156.119995,146.760117,15501000
2025-04-04,151.759995,152.460007,142.75,143.279999,134.689926,20374700
2025-04-07,138.729996,146.190002,137.289993,140.149994,131.747574,17817000
2025-04-08,144.149994,144.490005,134.869995,136.929993,128.720612,12904400
2025-04-09,135.020004,147.470001,133.880005,146.029999,137.27504,16846800
2025-04-10,143.220001,143.630005,133.449997,134.979996,126.887527,20991200
2025-04-11,135.009995,137.119995,132.039993,135.630005,127.49855,17224400
2025-04-14,138.479996,138.539993,134.100006,135.320007,127.207138,9628200
2025-04-15,134.320007,136.630005,134.25,134.539993,126.473892,9334800
2025-04-16,135.399994,137.550003,134.800003,135.360001,127.244766,8637200
2025-04-17,136.690002,140.240005,136.449997,137.869995,129.604279,8434400
2025-04-21,136.020004,136.289993,132.330002,133.729996,125.712456,9967500
2025-04-22,135.259995,138.240005,134.940002,137.300003,129.068436,7984700
2025-04-23,137.210007,138.550003,135.149994,136.679993,128.485611,10002000
2025-04-24,137.919998,139.399994,137.220001,139.070007,130.732346,7745800
2025-04-25,138.330002,139.050003,137.25,138.729996,130.412689,6878500
2025-04-28,138.970001,140.460007,138.679993,140.100006,131.700577,6715500
2025-04-29,138.690002,140.009995,138.570007,139.300003,130.948532,7343800
2025-04-30,138.0,138.149994,134.139999,136.059998,127.902779,13858000
2025-05-01,135.419998,137.949997,135.119995,136.259995,128.090775,10199800
2025-05-02,137.880005,139.779999,135.289993,138.5,130.196518,12393200
2025-05-05,136.770004,137.0,135.179993,135.5,127.376343,9665000
2025-05-06,136.350006,137.309998,135.039993,135.600006,127.47036,9916200
2025-05-07,136.070007,136.300003,134.619995,135.789993,127.648972,8422100
2025-05-08,136.690002,138.889999,136.470001,137.039993,128.824005,8669300
2025-05-09,138.899994,139.369995,137.699997,138.490005,130.187103,5965700
2025-05-12,142.449997,143.710007,140.570007,141.619995,133.129425,8028200
2025-05-13,141.529999,143.229996,140.919998,142.350006,133.815689,8536800
2025-05-14,141.759995,142.229996,140.729996,141.669998,133.176437,6453600
2025-05-15,140.0,142.460007,139.509995,142.259995,133.731079,7545400
2025-05-16,142.699997,143.0,140.699997,142.100006,133.580688,8200100
2025-05-19,139.470001,139.520004,137.119995,138.490005,131.772827,7713600
2025-05-20,138.289993,138.75,137.029999,137.270004,130.612,6503900
2025-05-21,136.619995,137.130005,135.490005,135.559998,128.98494,9073200
2025-05-22,134.990005,135.990005,133.770004,135.289993,128.728027,8877600
2025-05-23,134.389999,136.789993,134.059998,136.539993,129.917389,7025900
2025-05-27,137.380005,137.970001,136.410004,137.830002,131.144836,8348900
2025-05-28,138.779999,138.789993,135.660004,136.020004,129.422623,6876300
2025-05-29,136.5,137.940002,136.100006,137.910004,131.220947,7554300
2025-05-30,136.880005,137.449997,135.210007,136.699997,130.069641,12858900
2025-06-02,138.490005,138.690002,136.429993,137.839996,131.154343,9076600
2025-06-03,137.649994,140.589996,136.600006,139.550003,132.781387,9001300
2025-06-04,139.419998,140.630005,137.330002,137.369995,130.707138,8735600
2025-06-05,138.149994,138.289993,136.699997,136.899994,130.259933,6342600
2025-06-06,138.089996,140.610001,138.089996,140.210007,133.409409,6563500
2025-06-09,140.550003,142.139999,139.690002,140.759995,133.932709,7159500
2025-06-10,142.220001,144.940002,141.910004,143.350006,136.397095,9841500
2025-06-11,144.190002,145.119995,142.610001,144.779999,137.757721,9256700
2025-06-12,144.5,145.199997,143.429993,144.970001,137.938538,6999400
2025-06-13,147.080002,147.600006,144.539993,145.910004,138.832916,14148000
2025-06-16,145.729996,146.869995,143.740005,146.029999,138.947098,10105100
2025-06-17,147.330002,149.979996,146.5,148.850006,141.630341,11330300
2025-06-18,149.440002,150.169998,147.699997,148.190002,141.002335,9841900
2025-06-20,148.520004,149.899994,147.899994,149.550003,142.296356,23705900
2025-06-23,152.119995,152.149994,146.320007,146.860001,139.736832,10540600
2025-06-24,144.539993,146.389999,143.160004,143.550003,136.587387,10778400
2025-06-25,143.410004,144.199997,142.509995,143.229996,136.282928,7386100
2025-06-26,143.699997,145.080002,143.399994,144.440002,137.434235,7415700
2025-06-27,144.550003,144.669998,142.570007,143.789993,136.815735,9213500
2025-06-30,143.039993,144.100006,142.399994,143.190002,136.244843,6980300
2025-07-01,143.339996,146.270004,142.509995,145.570007,138.50943,8508200
2025-07-02,147.009995,148.009995,145.470001,147.979996,140.802521,8228700
2025-07-03,147.839996,148.979996,147.360001,148.369995,141.173599,5173300
2025-07-07,147.399994,148.169998,145.580002,147.399994,140.250641,9460900
2025-07-08,147.320007,153.240005,147.259995,153.240005,145.807404,14082100
2025-07-09,152.940002,153.960007,152.479996,153.020004,145.598068,9495900
2025-07-10,152.789993,155.279999,151.679993,154.169998,146.692291,8395100
2025-07-11,154.289993,155.889999,153.570007,155.309998,147.776993,8333200
2025-07-14,154.899994,154.899994,151.139999,151.649994,144.294525,10706300
2025-07-15,151.600006,152.309998,150.25,150.690002,143.381073,7346300
2025-07-16,150.759995,151.479996,149.220001,149.919998,142.648422,7923400
2025-07-17,149.160004,151.839996,148.600006,151.380005,144.037628,8359600
2025-07-18,155.020004,155.910004,146.529999,150.039993,142.762604,45782600
2025-07-21,151.199997,151.669998,149.130005,149.679993,142.420059,17982200
2025-07-22,149.259995,150.940002,148.479996,150.039993,142.762604,26196500
2025-07-23,150.910004,153.139999,150.470001,153.119995,145.693222,13162800
2025-07-24,152.690002,156.0,152.199997,155.830002,148.271774,15701000
2025-07-25,155.830002,156.199997,153.960007,154.839996,147.329803,7875500
2025-07-28,155.399994,156.550003,154.949997,156.279999,148.699936,8755400
2025-07-29,156.679993,157.210007,155.449997,157.029999,149.413559,6446000
2025-07-30,156.139999,156.309998,152.699997,153.559998,146.111862,9191700
2025-07-31,152.0,153.929993,151.139999,151.639999,144.285004,10237100
2025-08-01,152.539993,154.649994,150.350006,151.399994,144.056641,10706500
2025-08-04,151.25,152.080002,149.820007,151.039993,143.714096,10116600
2025-08-05,151.029999,153.100006,149.899994,153.039993,145.617081,8604100
2025-08-06,154.479996,155.160004,152.220001,152.779999,145.36972,7840900
2025-08-07,153.789993,155.149994,152.830002,153.160004,145.731277,6510400
2025-08-08,153.990005,155.75,153.5,155.009995,147.491547,6332800
2025-08-11,155.339996,155.929993,152.990005,153.449997,146.007217,6169700
2025-08-12,154.089996,156.050003,153.360001,154.440002,146.949203,6641600
2025-08-13,154.570007,156.009995,154.199997,155.869995,148.309814,6581900
2025-08-14,155.699997,155.699997,154.100006,155.160004,147.634262,7337300
2025-08-15,155.479996,158.539993,155.289993,156.550003,148.956863,11617000
2025-08-18,156.130005,156.490005,154.75,155.320007,147.786514,8174300
2025-08-19,153.460007,153.940002,151.850006,152.0,146.237534,8567500
2025-08-20,152.419998,153.490005,151.929993,153.220001,147.411301,8076300
2025-08-21,152.820007,155.669998,152.729996,155.550003,149.652985,7533600
2025-08-22,155.320007,158.789993,155.320007,158.179993,152.183258,9084300
2025-08-25,157.899994,158.320007,157.169998,158.199997,152.202499,7030000
2025-08-26,157.509995,160.0,156.550003,157.360001,151.394348,10270000
2025-08-27,157.399994,159.990005,157.210007,159.240005,153.203079,7483000
2025-08-28,159.009995,159.520004,157.850006,159.320007,153.280045,6502000
2025-08-29,159.699997,161.100006,159.449997,160.600006,154.51152,6934800
2025-09-02,160.479996,161.860001,159.380005,161.830002,155.694885,8947300
2025-09-03,160.0,161.850006,157.020004,158.059998,152.067825,9556100
2025-09-04,158.059998,159.649994,157.5,157.690002,151.711838,7243000
2025-09-05,156.059998,156.720001,153.490005,153.660004,147.834625,11011700
2025-09-08,153.910004,155.029999,152.880005,154.0,148.161728,9462000
2025-09-09,154.910004,156.990005,154.600006,154.850006,148.979507,7769200
2025-09-10,155.050003,157.919998,155.0,157.789993,151.808029,7440800
2025-09-11,156.5,158.919998,156.009995,158.25,152.25061,6417400
2025-09-12,158.850006,159.779999,157.100006,157.110001,151.153824,5546300
2025-09-15,157.380005,158.320007,156.5,157.309998,151.346237,5030500
2025-09-16,158.25,160.100006,158.119995,159.539993,153.491669,8011000
2025-09-17,159.199997,160.669998,158.610001,160.089996,154.020844,5736800
2025-09-18,160.029999,160.289993,158.089996,158.839996,152.818237,6244200
2025-09-19,159.0,159.0,155.550003,156.210007,150.287949,16734000
2025-09-22,155.619995,157.119995,155.149994,156.050003,150.134018,5244000
2025-09-23,157.119995,159.830002,156.990005,157.419998,151.452057,7181400
2025-09-24,158.320007,160.490005,158.25,159.179993,153.145325,6285200
2025-09-25,159.440002,161.009995,159.350006,160.720001,154.626953,6311000
2025-09-26,160.570007,161.300003,159.509995,160.160004,154.088181,7015200
2025-09-29,159.130005,159.130005,155.559998,156.100006,150.182114,8315100
2025-09-30,154.889999,155.729996,153.929993,155.289993,149.402802,7755700
2025-10-01,154.830002,155.089996,153.190002,154.580002,148.719742,6768400
2025-10-02,153.960007,156.600006,153.320007,153.369995,147.555588,7562400
2025-10-03,153.580002,154.279999,152.229996,153.550003,147.728775,7249300
2025-10-06,153.970001,154.649994,152.919998,154.020004,148.180969,4778900
2025-10-07,153.649994,154.960007,151.279999,154.910004,149.037216,5479600
2025-10-08,154.360001,154.679993,152.839996,153.740005,147.911575,5678000
2025-10-09,154.130005,154.970001,151.559998,151.639999,145.89119,6178600
2025-10-10,150.699997,151.350006,148.889999,148.899994,143.255051,7796600
2025-10-13,150.0,151.979996,149.429993,151.940002,146.179825,5978800
2025-10-14,149.809998,153.460007,149.660004,152.389999,146.612762,6419400
2025-10-15,152.899994,154.210007,151.039993,152.110001,146.343384,5824900
2025-10-16,152.139999,152.729996,150.229996,151.710007,145.958557,5276800
2025-10-17,152.259995,154.190002,152.199997,153.080002,147.276611,7735500
2025-10-20,153.429993,154.720001,153.179993,154.479996,148.623535,5676500
2025-10-21,154.740005,155.289993,153.210007,153.789993,147.959671,6304900
2025-10-22,154.649994,155.979996,153.610001,155.570007,149.672211,6036700
2025-10-23,158.199997,158.589996,156.119995,156.559998,150.624664,9810900
2025-10-24,157.419998,157.630005,155.429993,155.559998,149.662582,4979900
2025-10-27,155.800003,156.5,154.869995,155.279999,149.393188,4884400
2025-10-28,154.899994,156.229996,153.889999,154.130005,148.286789,5066500
2025-10-29,153.860001,156.149994,153.860001,155.100006,149.220016,7344400
2025-10-30,155.229996,155.229996,153.240005,153.520004,147.699936,8971200
2025-10-31,155.729996,159.179993,155.110001,157.720001,151.740692,11136100
2025-11-03,157.410004,157.720001,153.570007,154.039993,148.200211,8512200
2025-11-04,153.429993,153.759995,152.149994,153.389999,147.574844,6976800
2025-11-05,153.529999,154.399994,152.660004,152.660004,146.872543,5894700
2025-11-06,152.910004,154.789993,152.679993,152.940002,147.141922,6466300
2025-11-07,153.429993,156.169998,153.429993,155.020004,149.143051,9835900
2025-11-10,155.419998,155.979996,152.369995,155.649994,149.749176,8436800
2025-11-11,156.75,157.990005,155.899994,156.240005,150.316818,6361400
2025-11-12,155.580002,155.789993,152.080002,153.320007,147.507523,11670900
2025-11-13,154.0,156.199997,153.929993,155.580002,149.681824,7998700
2025-11-14,156.229996,157.949997,154.809998,157.619995,151.64447,8484800
2025-11-17,157.720001,157.889999,154.440002,154.820007,148.950653,8745000
2025-11-18,152.5,154.279999,151.759995,153.619995,149.446793,10813400
2025-11-19,151.160004,151.960007,150.25,151.699997,147.578949,7539900
2025-11-20,152.539993,153.039993,150.050003,150.309998,146.226685,7623400
2025-11-21,150.440002,151.009995,148.75,149.979996,145.90567,9248400
2025-11-24,149.820007,150.119995,147.740005,149.75,145.681915,14181100
2025-11-25,148.899994,149.899994,148.270004,148.529999,144.495056,11447900
2025-11-26,148.259995,150.460007,148.199997,149.509995,145.448441,7578900
2025-11-28,149.460007,151.520004,149.259995,151.130005,147.024429,3848600
2025-12-01,151.75,153.949997,151.5,152.539993,148.396118,8209000
2025-12-02,152.020004,152.460007,149.259995,150.25,146.168335,9196300
2025-12-03,151.039993,152.5,150.979996,151.589996,147.471924,8060200
2025-12-04,151.75,152.940002,151.220001,152.259995,148.123718,7254700
2025-12-05,152.0,152.630005,149.830002,150.0,145.925125,12659800
2025-12-08,149.25,150.070007,147.660004,148.710007,144.670181,10237200
2025-12-09,149.050003,150.100006,148.220001,148.490005,144.456146,8916700
2025-12-10,149.179993,151.800003,148.699997,151.410004,147.296814,10976300
2025-12-11,150.830002,151.940002,150.100006,150.720001,146.625549,8414200
2025-12-12,151.149994,151.550003,149.630005,149.990005,145.915421,5848100
2025-12-15,149.839996,150.100006,148.429993,149.800003,145.73056,7503000
2025-12-16,148.539993,148.820007,146.490005,146.75,142.763412,11290500
2025-12-17,147.5,149.869995,147.350006,149.520004,145.45816,8805300
2025-12-18,148.850006,149.270004,147.080002,147.690002,143.677887,6998800
2025-12-19,147.960007,149.009995,147.190002,147.75,143.736252,21701400
2025-12-22,148.809998,150.490005,148.699997,149.800003,145.73056,8143600
2025-12-23,150.039993,151.080002,149.850006,150.509995,146.421249,4663700
2025-12-24,150.380005,150.990005,150.100006,150.5,146.411545,2227600
2025-12-26,150.380005,151.139999,149.649994,150.020004,145.944595,3706900
2025-12-29,151.0,151.639999,150.089996,150.990005,146.888229,5589100
2025-12-30,151.5,152.669998,151.470001,152.309998,148.172379,5150500
2025-12-31,152.389999,152.550003,151.669998,152.410004,148.269653,4953100
2026-01-02,152.169998,155.899994,151.25,155.899994,151.664841,6862100
2026-01-05,165.75,165.75,159.309998,163.850006,159.398895,35094900
2026-01-06,164.880005,165.050003,156.110001,156.539993,152.28746,20564900
2026-01-07,157.440002,158.009995,154.899994,155.199997,150.983871,13537900
2026-01-08,155.5,160.440002,155.210007,159.25,154.923843,12929600
2026-01-09,160.559998,162.699997,159.940002,162.110001,157.706161,12549600
2026-01-12,162.699997,163.559998,160.710007,162.339996,157.929901,9796800
2026-01-13,163.470001,166.130005,163.300003,163.869995,159.418335,12068600
2026-01-14,164.100006,169.369995,164.100006,167.240005,162.696777,16414900
2026-01-15,165.770004,167.330002,165.100006,166.160004,161.646133,8097400
2026-01-16,166.589996,167.289993,165.809998,166.259995,161.743408,9745800
2026-01-20,166.710007,167.649994,165.149994,165.300003,160.809494,11142500
2026-01-21,167.0,168.479996,166.059998,166.729996,162.200638,10918500
2026-01-22,166.259995,167.559998,165.729996,166.660004,162.132538,8957400
2026-01-23,167.949997,168.440002,166.440002,166.720001,162.190918,8368700
2026-01-26,168.330002,168.410004,166.770004,167.5,162.949738,8912600
2026-01-27,167.770004,169.350006,166.649994,169.050003,164.457626,9784900
2026-01-28,169.960007,170.419998,168.199997,169.929993,165.313705,9200200
2026-01-29,172.649994,174.919998,171.039993,171.190002,166.53949,16786600
2026-01-30,172.619995,177.300003,171.270004,176.899994,172.09436,22946600
2026-02-02,173.440002,176.270004,172.649994,174.029999,169.302307,14235300
2026-02-03,173.880005,178.820007,173.75,178.039993,173.203384,18425400
2026-02-04,178.880005,182.589996,178.880005,181.229996,176.306732,16170500
2026-02-05,179.639999,180.460007,177.410004,179.229996,174.361053,10474100
2026-02-06,180.300003,182.100006,179.509995,180.860001,175.946793,9901800
2026-02-09,181.009995,182.820007,179.949997,182.600006,177.639526,12021300
2026-02-10,182.729996,182.949997,180.860001,182.259995,177.308746,7458200
2026-02-11,183.940002,186.520004,183.550003,185.820007,180.772049,10502100
2026-02-12,185.800003,185.800003,182.089996,182.399994,177.444946,9673700
2026-02-13,182.539993,184.839996,181.720001,183.740005,178.748566,9034700
2026-02-17,183.300003,183.800003,178.740005,180.550003,177.363434,9849000
2026-02-18,183.229996,183.919998,181.979996,183.869995,180.624847,10313400
2026-02-19,185.289993,187.899994,184.740005,184.779999,181.518768,10773300
2026-02-20,184.589996,184.889999,182.320007,183.929993,180.683777,9566200
2026-02-23,184.669998,186.630005,184.050003,184.910004,181.646484,7047200
2026-02-24,185.289993,185.960007,183.850006,185.339996,182.068893,7451800
2026-02-25,185.839996,185.979996,182.509995,184.220001,180.968658,9440700
2026-02-26,182.899994,186.259995,181.759995,184.160004,180.909729,7133800
2026-02-27,186.0,187.550003,183.770004,186.759995,183.463837,12035500
2026-03-02,190.330002,191.440002,187.220001,189.600006,186.253708,15809100
2026-03-03,190.520004,191.559998,187.419998,188.770004,185.43837,14004200
2026-03-04,187.449997,188.460007,184.149994,186.029999,182.746719,11054400
2026-03-05,186.600006,189.970001,186.490005,189.899994,186.548416,13567200
2026-03-06,190.880005,192.410004,188.119995,189.940002,186.587708,13073100
2026-03-09,191.0,191.649994,188.110001,189.440002,186.096527,15987500
2026-03-10,188.630005,189.179993,185.639999,186.289993,183.002121,11999600
2026-03-11,186.589996,191.860001,186.490005,191.789993,188.40506,11371700
2026-03-12,192.580002,198.880005,191.770004,196.970001,193.493637,27151800
2026-03-13,196.0,197.630005,194.690002,196.820007,193.346298,13017000
2026-03-16,196.600006,197.839996,195.580002,196.839996,193.365921,12683900
2026-03-17,197.490005,200.580002,196.460007,197.970001,194.475998,14018600
2026-03-18,199.220001,200.729996,198.509995,198.610001,195.104691,13305000
2026-03-19,199.789993,202.440002,199.0,201.440002,197.88475,16918400
2026-03-20,201.399994,205.080002,201.0,201.729996,198.169617,35849500
2026-03-23,198.630005,205.360001,197.369995,205.210007,201.588211,15735700
2026-03-24,206.050003,209.789993,205.809998,206.789993,203.14032,16695500
2026-03-25,206.0,207.240005,204.619995,205.149994,201.529251,8865000
2026-03-26,206.029999,209.210007,205.160004,207.789993,204.122665,11085600
2026-03-27,208.149994,212.460007,206.25,211.149994,207.423355,13907800
2026-03-30,213.259995,214.710007,210.289993,210.710007,206.99115,10409000
2026-03-31,210.899994,213.100006,201.960007,206.899994,203.248367,17403900
2026-04-01,201.990005,204.779999,194.910004,197.410004,193.925873,23051900
2026-04-02,202.509995,205.479996,198.039993,198.970001,195.458344,11528000
2026-04-06,198.5,199.770004,196.350006,198.860001,195.350281,8245700
2026-04-07,199.970001,204.619995,199.240005,201.539993,197.982971,11672600
2026-04-08,191.410004,193.169998,188.600006,192.889999,189.485641,17195400
2026-04-09,194.309998,196.669998,189.270004,190.360001,187.00029,11634000
2026-04-10,189.710007,190.960007,186.470001,188.550003,185.222244,11151400
2026-04-13,191.449997,192.610001,189.720001,191.779999,188.395233,12000200
2026-04-14,188.600006,189.169998,184.600006,187.020004,183.719254,12111000
2026-04-15,186.360001,187.240005,184.039993,184.910004,181.646484,8661600
2026-04-16,185.619995,188.229996,185.339996,188.149994,184.8293,8013200
2026-04-17,181.889999,184.300003,177.740005,183.990005,180.742722,15720600
2026-04-20,184.5,186.270004,182.830002,183.25,180.015778,9661100
2026-04-21,183.970001,186.369995,182.339996,185.979996,182.697601,9799000
2026-04-22,187.270004,189.419998,186.119995,186.320007,183.031601,8708300
2026-04-23,187.119995,188.419998,185.5,187.600006,184.289017,6684700
2026-04-24,185.229996,186.419998,183.199997,185.210007,181.941193,9626700
2026-04-27,186.190002,188.369995,183.669998,184.779999,181.518768,10836600
2026-04-28,188.279999,189.960007,186.550003,188.360001,185.035599,10754900
2026-04-29,190.130005,192.619995,189.5,192.220001,188.827469,8644600
2026-04-30,190.25,194.130005,188.5,193.309998,189.898239,11748600
2026-05-01,191.300003,194.089996,189.75,190.630005,187.265549,10435900
2026-05-04,190.850006,193.710007,187.970001,192.279999,188.886398,8229500
2026-05-05,191.220001,193.669998,190.449997,192.639999,189.240051,5642800
2026-05-06,185.589996,186.779999,183.139999,185.160004,181.892075,11082900
2026-05-07,181.580002,183.440002,179.529999,182.5,179.279007,12194000
2026-05-08,182.039993,182.729996,180.740005,181.619995,178.414551,13053000
2026-05-11,183.0,185.199997,183.0,184.740005,181.479492,12042100
2026-05-12,186.5,186.889999,184.660004,185.949997,182.668121,8995100
2026-05-13,185.809998,186.009995,183.960007,186.0,182.717255,7554700
2026-05-14,186.190002,187.570007,185.25,186.639999,183.345947,6222400
2026-05-15,188.600006,191.5,187.899994,191.100006,187.727234,11210800
2026-05-18,191.169998,196.199997,189.029999,196.119995,192.65863,9869700
2026-05-19,194.929993,198.869995,193.470001,197.25,195.543457,11819200
2026-05-20,196.25,198.190002,191.270004,191.330002,189.674683,14564900
2026-05-21,193.789993,194.160004,189.0,191.009995,189.357437,9051200
2026-05-22,190.369995,192.0,189.800003,191.429993,189.773804,7209600
2026-05-26,190.0,190.490005,183.899994,184.710007,183.111954,14264600
2026-05-27,181.850006,183.720001,180.669998,182.399994,180.82193,9442800
2026-05-28,183.710007,185.259995,182.089996,183.029999,181.446487,8725400
2026-05-29,182.720001,182.970001,180.399994,182.460007,180.881424,13886500
2026-06-01,184.380005,187.940002,184.020004,185.830002,184.22226,8850500
2026-06-02,184.880005,188.449997,184.880005,187.550003,185.927383,6549800
2026-06-03,188.889999,191.479996,187.960007,189.710007,188.068695,7983700
2026-06-04,189.0,190.100006,187.669998,188.350006,186.720459,5163200
2026-06-05,189.059998,189.610001,186.589996,187.309998,185.689453,6310900
2026-06-08,188.699997,191.029999,188.5,189.240005,187.602768,6113000
2026-06-09,188.5,189.380005,185.470001,186.759995,185.144211,8469900
2026-06-10,189.190002,192.690002,188.229996,189.800003,188.157913,10041800
2026-06-11,191.809998,192.25,185.550003,185.820007,184.212357,9274100
2026-06-12,185.080002,188.399994,184.360001,187.220001,185.600235,8703400
2026-06-15,178.899994,181.669998,177.759995,180.399994,178.839233,10184900
2026-06-16,178.619995,180.25,178.330002,180.110001,178.551743,6663500
2026-06-17,179.009995,180.080002,177.100006,177.580002,176.04364,8430000
2026-06-18,175.639999,175.639999,172.229996,173.630005,172.127808,19146100
2026-06-22,174.080002,175.449997,172.860001,175.059998,173.545441,11108900
2026-06-23,175.779999,176.399994,174.699997,175.979996,174.457474,6555300
2026-06-24,173.889999,173.990005,170.860001,171.449997,169.966675,10634600
2026-06-25,170.220001,172.770004,169.270004,172.240005,170.749847,7954200
2026-06-26,172.240005,172.25,169.929993,171.059998,169.580048,13102200
2026-06-29,171.369995,171.600006,168.369995,168.470001,167.012451,8813700
2026-06-30,169.699997,170.460007,165.199997,165.759995,164.325897,19428800
2026-07-01,164.779999,167.470001,164.779999,165.690002,164.2565,9175500
2026-07-02,168.279999,169.550003,167.399994,169.199997,167.73613,9561800
2026-07-06,168.860001,169.259995,167.160004,168.100006,166.64566,9974300
2026-07-07,170.139999,174.610001,170.0,174.009995,172.504517,9748900
2026-07-08,176.800003,178.580002,174.949997,175.970001,174.447571,9921800
2026-07-09,174.630005,175.589996,173.899994,174.050003,172.544174,6582400
2026-07-10,174.970001,176.419998,173.509995,176.399994,174.87384,5996600
2026-07-13,179.020004,182.380005,179.020004,182.199997,180.623657,7685100
2026-07-14,182.75,183.360001,180.630005,181.759995,180.187469,6823300
2026-07-15,182.169998,182.399994,178.580002,181.600006,180.02887,6665700
2026-07-16,182.570007,184.830002,181.949997,183.860001,182.269302,6257600
2026-07-17,187.470001,188.149994,185.5,187.380005,185.75885,7058300
2026-07-20,186.289993,190.350006,185.929993,189.710007,188.068695,7767000
2026-07-21,190.5,191.259995,189.320007,191.070007,189.416931,6892400
2026-07-22,193.399994,193.699997,191.940002,192.979996,191.310394,6142400
2026-07-23,196.300003,197.690002,194.020004,194.419998,192.737946,8150000
2026-07-24,194.460007,196.869995,193.800003,194.789993,193.104736,6700400
2026-07-27,188.669998,192.490005,188.669998,190.0,188.356186,7369200
2026-07-28,191.470001,191.970001,186.729996,187.580002,185.957123,7406800
2026-07-29,192.5,193.559998,190.779999,191.860001,190.200089,8101200
2026-07-30,189.910004,193.119995,189.309998,192.309998,190.646194,6645000
2026-07-31,195.110001,197.550003,191.539993,196.830002,195.12709,9958100
2026-08-03,195.380005,195.860001,191.809998,193.179993,191.508667,9544100
2026-08-04,190.149994,191.470001,186.339996,190.399994,188.752716,9455900
2026-08-05,191.190002,191.380005,186.270004,186.410004,184.797241,8260600
2026-08-06,188.970001,189.779999,187.020004,189.229996,187.592834,7182100
2026-08-07,186.210007,187.75,185.869995,186.559998,184.945938,7098800
2026-08-10,188.880005,194.990005,188.880005,194.910004,193.223709,13667300
2026-08-11,194.25,197.460007,194.25,196.660004,194.958572,6049800
2026-08-12,195.220001,197.399994,194.580002,196.600006,194.899094,7366200
2026-08-13,195.0,198.100006,193.75,197.699997,195.989563,5908900
2026-08-14,198.869995,201.630005,198.360001,200.0,198.269669,7910500
2026-08-17,200.729996,203.679993,199.800003,202.699997,200.946304,8357800
2026-08-18,205.029999,206.220001,203.710007,205.740005,203.960007,7701600
2026-08-19,205.050003,207.679993,204.259995,205.759995,205.759995,8689900
2026-08-20,208.899994,208.979996,205.520004,205.770004,205.770004,8200600
2026-08-21,205.929993,207.820007,205.009995,205.270004,205.270004,7359100
2026-08-24,203.669998,205.300003,201.75,203.089996,203.089996,5853900
2026-08-25,201.029999,202.059998,199.789993,199.889999,199.889999,8176800
2026-08-26,198.729996,202.389999,198.119995,200.210007,200.210007,6863100
2026-08-27,199.570007,200.880005,197.820007,199.770004,199.770004,8112300
2026-08-28,199.979996,202.240005,199.559998,201.860001,201.860001,5275300
