date,open,high,low,close,adj_close,volume
2005-01-03,23.639999,23.790001,23.049999,23.07,13.334917,64246900
2005-01-04,23.190001,23.209999,22.35,22.610001,13.069031,93729100
2005-01-05,22.469999,22.780001,22.370001,22.389999,12.941862,73848800
2005-01-06,22.58,22.73,22.41,22.459999,12.98232,63440900
2005-01-07,22.73,22.93,22.469999,22.799999,13.178847,82523000
2005-01-10,22.91,23.02,22.75,22.879999,13.225094,65393900
2005-01-11,22.709999,22.780001,22.4,22.540001,13.028561,114083400
2005-01-12,23.219999,23.33,22.870001,23.16,13.386933,143219700
2005-01-13,23.110001,23.209999,22.75,22.82,13.190409,73856600
2005-01-14,22.959999,23.129999,22.9,23.02,13.306018,65148200
2005-01-18,22.870001,22.950001,22.639999,22.940001,13.25977,63728200
2005-01-19,22.959999,22.969999,22.549999,22.6,13.063243,71776900
2005-01-20,22.52,22.83,22.4,22.58,13.051682,68547100
2005-01-21,22.58,22.709999,22.379999,22.42,12.959199,80971200
2005-01-24,22.49,22.540001,21.889999,21.99,12.710659,83759500
2005-01-25,22.219999,22.540001,22.17,22.26,12.86672,94826800
2005-01-26,22.49,22.59,22.299999,22.42,12.959199,69891500
2005-01-27,22.379999,22.52,22.17,22.309999,12.895615,78986900
2005-01-28,22.35,22.57,22.08,22.24,12.855159,76572300
2005-01-31,22.450001,22.549999,22.27,22.450001,12.976542,60540400
2005-02-01,22.49,22.75,22.389999,22.629999,13.080585,67031800
2005-02-02,22.66,22.76,22.5,22.58,13.051682,73565400
2005-02-03,22.49,22.639999,22.17,22.379999,12.982073,60735900
2005-02-04,22.379999,23.02,22.370001,23.0,13.341718,67594800
2005-02-07,22.93,23.18,22.879999,22.91,13.289512,53757300
2005-02-08,22.950001,23.5,22.93,23.41,13.579558,85233700
2005-02-09,23.42,23.48,23.16,23.299999,13.515746,69909500
2005-02-10,23.440001,23.59,23.219999,23.5,13.631762,74162700
2005-02-11,23.23,24.34,23.18,24.17,14.020409,101956900
2005-02-14,24.040001,24.389999,24.0,24.309999,14.101614,59197400
2005-02-15,24.190001,24.629999,24.16,24.469999,14.194435,80599700
2005-02-16,24.309999,24.4,24.129999,24.139999,14.003008,85307400
2005-02-17,24.200001,24.32,23.549999,23.629999,13.707169,80239800
2005-02-18,23.67,24.08,23.639999,24.02,13.933393,58126700
2005-02-22,23.77,24.41,23.639999,23.76,13.782579,80059700
2005-02-23,23.92,23.93,23.049999,23.309999,13.52155,92071900
2005-02-24,23.309999,23.719999,23.15,23.700001,13.747777,78619300
2005-02-25,23.66,24.120001,23.57,24.09,13.974006,73552200
2005-02-28,24.16,24.49,23.860001,23.99,13.915997,78925000
2005-03-01,24.360001,24.76,24.33,24.620001,14.281443,84308400
2005-03-02,24.4,24.799999,24.35,24.52,14.223448,78910100
2005-03-03,24.5,24.6,24.23,24.5,14.211829,85790700
2005-03-04,24.700001,25.01,24.49,24.68,14.316255,66040200
2005-03-07,24.68,25.469999,24.549999,25.110001,14.565681,88515000
2005-03-08,24.969999,25.43,24.780001,24.799999,14.385854,55791600
2005-03-09,24.870001,25.23,24.75,24.84,14.409059,64168700
2005-03-10,24.93,25.120001,24.34,24.85,14.414861,81906000
2005-03-11,25.059999,25.1,24.0,24.200001,14.037815,114213100
2005-03-14,24.25,24.43,24.110001,24.27,14.078417,45827400
2005-03-15,24.35,24.42,23.83,23.879999,13.85219,47097500
2005-03-16,23.559999,24.040001,23.51,23.540001,13.654962,59791000
2005-03-17,23.51,23.67,23.35,23.41,13.579558,49047800
2005-03-18,23.610001,23.66,23.370001,23.41,13.579558,62777800
2005-03-21,23.459999,23.66,23.25,23.5,13.631762,39608900
2005-03-22,23.57,23.66,23.0,23.02,13.353327,49092300
2005-03-23,23.02,23.51,22.959999,23.389999,13.567952,54286400
2005-03-24,23.52,23.610001,23.18,23.18,13.446137,34664000
2005-03-28,23.34,23.65,23.27,23.299999,13.515746,42922000
2005-03-29,23.34,23.4,23.049999,23.15,13.428731,53920200
2005-03-30,23.280001,23.540001,23.0,23.49,13.625957,62360100
2005-03-31,23.51,23.540001,23.129999,23.23,13.475142,41543800
2005-04-01,23.34,23.440001,22.9,23.01,13.347521,68253800
2005-04-04,23.1,23.110001,22.65,22.93,13.301117,60426700
2005-04-05,23.0,23.25,22.969999,23.129999,13.417133,48086400
2005-04-06,23.209999,23.309999,23.0,23.049999,13.370728,53942200
2005-04-07,23.02,23.42,23.02,23.41,13.579558,53264800
2005-04-08,23.379999,23.700001,23.25,23.290001,13.50994,45961000
2005-04-11,23.299999,23.34,23.049999,23.120001,13.411334,41972300
2005-04-12,23.120001,23.25,22.639999,23.219999,13.46934,84545900
2005-04-13,23.139999,23.18,22.700001,22.82,13.237311,54061100
2005-04-14,22.74,22.799999,22.469999,22.49,13.045884,68014000
2005-04-15,22.219999,22.5,21.940001,22.120001,12.831257,92484400
2005-04-18,22.23,22.49,22.1,22.209999,12.883456,53761600
2005-04-19,22.51,22.690001,22.299999,22.629999,13.127096,83774200
2005-04-20,23.4,23.440001,22.629999,22.66,13.144491,110176600
2005-04-21,22.98,23.389999,22.93,23.360001,13.55055,87063100
2005-04-22,23.27,23.309999,23.059999,23.24,13.480943,65435600
2005-04-25,23.33,23.549999,23.209999,23.41,13.579558,53857700
2005-04-26,23.23,23.9,23.190001,23.32,13.52735,71256500
2005-04-27,23.18,23.620001,23.1,23.51,13.637558,56785200
2005-04-28,23.35,23.620001,23.120001,23.190001,13.451937,57393400
2005-04-29,23.43,23.59,23.059999,23.52,13.643361,55078900
2005-05-02,23.5,23.57,23.35,23.549999,13.660764,41187800
2005-05-03,23.459999,23.91,23.42,23.83,13.823181,67738300
2005-05-04,23.82,24.200001,23.67,24.110001,14.032722,62027600
2005-05-05,24.129999,24.48,24.1,24.26,14.120016,64257800
2005-05-06,24.440001,24.5,24.309999,24.49,14.253881,54715400
2005-05-09,24.41,24.799999,24.34,24.799999,14.434313,57982700
2005-05-10,24.610001,24.83,24.200001,24.67,14.358649,59638900
2005-05-11,24.74,24.799999,24.360001,24.77,14.416852,58065800
2005-05-12,24.790001,25.049999,24.049999,24.84,14.457607,82029500
2005-05-13,25.0,25.299999,24.9,25.120001,14.620564,67874000
2005-05-16,25.07,25.35,25.0,25.33,14.742785,45569200
2005-05-17,25.17,25.719999,25.15,25.700001,14.958144,62302100
2005-05-18,25.709999,26.030001,25.6,25.93,15.092006,68753500
2005-05-19,25.940001,26.059999,25.809999,26.01,15.138573,51994800
2005-05-20,25.91,26.389999,25.85,26.35,15.336459,53930700
2005-05-23,26.5,26.639999,26.209999,26.5,15.42376,65404500
2005-05-24,26.379999,26.98,26.35,26.959999,15.691504,76674100
2005-05-25,26.82,27.049999,26.700001,27.0,15.714777,81197900
2005-05-26,27.120001,27.389999,27.07,27.370001,15.930132,59779000
2005-05-27,27.18,27.4,27.059999,27.389999,15.941767,49826600
2005-05-31,27.26,27.379999,26.9,26.959999,15.691504,62666000
2005-06-01,26.799999,27.52,26.780001,27.290001,15.883566,77530200
2005-06-02,27.190001,27.74,27.17,27.59,16.058178,54343400
2005-06-03,27.65,27.75,27.25,27.33,15.906848,55343100
2005-06-06,27.4,27.440001,26.950001,27.17,15.813716,47224400
2005-06-07,27.299999,27.450001,26.860001,26.860001,15.633291,60604200
2005-06-08,27.1,27.200001,26.950001,27.1,15.77299,42500000
2005-06-09,27.209999,27.74,27.049999,27.700001,16.122194,76005400
2005-06-10,27.51,27.51,26.790001,26.98,15.703143,74824000
2005-06-13,26.91,27.139999,26.74,27.0,15.714777,49858500
2005-06-14,26.92,27.15,26.690001,26.700001,15.540167,37499600
2005-06-15,26.860001,26.98,26.25,26.940001,15.679855,60011300
2005-06-16,26.969999,27.299999,26.809999,27.120001,15.784625,51069500
2005-06-17,27.389999,27.610001,27.059999,27.120001,15.784625,58919300
2005-06-20,26.92,27.17,26.700001,26.9,15.656574,35186800
2005-06-21,26.91,27.26,26.870001,27.18,15.819545,48227300
2005-06-22,27.309999,27.41,27.049999,27.110001,15.7788,32816100
2005-06-23,27.15,27.530001,26.77,26.77,15.580911,61673000
2005-06-24,26.860001,26.889999,26.049999,26.1,15.190952,63600500
2005-06-27,26.15,26.26,25.82,25.860001,15.051263,47178400
2005-06-28,25.77,26.440001,25.73,26.33,15.32482,55753700
2005-06-29,26.299999,26.43,26.1,26.25,15.278258,33784300
2005-06-30,26.41,26.49,26.01,26.02,15.144391,45129600
2005-07-01,26.23,26.370001,26.1,26.209999,15.254968,30414000
2005-07-05,26.129999,26.76,26.08,26.68,15.528529,42739100
2005-07-06,26.719999,26.99,26.459999,26.5,15.42376,45479700
2005-07-07,26.27,26.559999,26.15,26.559999,15.458674,45597400
2005-07-08,26.639999,27.280001,26.58,27.280001,15.877748,45807100
2005-07-11,27.389999,27.700001,27.34,27.700001,16.122194,45578400
2005-07-12,27.639999,27.860001,27.43,27.75,16.1513,40837400
2005-07-13,27.690001,27.799999,27.540001,27.59,16.058178,44086700
2005-07-14,27.9,28.129999,27.73,27.879999,16.226963,68554200
2005-07-15,27.959999,28.33,27.809999,28.299999,16.47142,43558000
2005-07-18,28.209999,28.32,28.0,28.23,16.430676,36667600
2005-07-19,28.620001,28.84,28.41,28.709999,16.710051,90418200
2005-07-20,27.09,27.450001,26.85,27.440001,15.970867,125881500
2005-07-21,27.52,27.540001,26.98,27.030001,15.732241,62008800
2005-07-22,27.16,27.24,26.75,26.75,15.569268,54527900
2005-07-25,26.85,26.91,26.43,26.52,15.435404,49767600
2005-07-26,26.66,27.0,26.530001,26.889999,15.650755,51978200
2005-07-27,26.85,27.129999,26.620001,27.059999,15.749701,48199200
2005-07-28,27.07,27.43,26.959999,27.34,15.912663,54438300
2005-07-29,27.290001,27.34,27.139999,27.139999,15.796261,41287900
2005-08-01,27.24,27.379999,27.1,27.110001,15.7788,34737200
2005-08-02,27.190001,27.629999,27.15,27.559999,16.040714,40887400
2005-08-03,27.469999,27.66,27.450001,27.639999,16.134104,32677200
2005-08-04,27.48,27.549999,27.01,27.01,15.766363,45198700
2005-08-05,27.02,27.09,26.629999,26.77,15.626272,46185700
2005-08-08,26.870001,26.98,26.0,26.709999,15.591247,27948300
2005-08-09,26.799999,27.190001,26.74,26.9,15.702157,46902400
2005-08-10,26.98,27.42,26.790001,26.879999,15.690482,61089200
2005-08-11,26.52,26.82,26.360001,26.82,15.655452,58664800
2005-08-12,26.42,26.549999,26.18,26.309999,15.357757,63074500
2005-08-15,26.25,26.67,26.23,26.530001,15.486184,34077200
2005-08-16,26.18,26.280001,25.969999,26.0,15.176805,57319000
2005-08-17,26.059999,26.18,25.950001,26.09,15.229332,46718500
2005-08-18,25.969999,26.1,25.809999,25.879999,15.106754,37985700
2005-08-19,25.940001,25.98,25.610001,25.65,14.972497,38310800
2005-08-22,25.75,26.23,25.74,26.059999,15.211823,39766100
2005-08-23,26.209999,26.280001,25.709999,25.719999,15.013358,46010000
2005-08-24,25.67,26.09,25.51,25.530001,14.902451,47565800
2005-08-25,25.469999,25.66,25.42,25.459999,14.86159,31624200
2005-08-26,25.48,25.6,25.309999,25.41,14.832399,37205900
2005-08-29,25.360001,25.83,25.32,25.73,15.019194,37652200
2005-08-30,25.65,25.700001,25.389999,25.57,14.925804,41536900
2005-08-31,25.629999,25.780001,25.459999,25.719999,15.013358,41497200
2005-09-01,25.58,25.629999,25.24,25.26,14.744851,49495400
2005-09-02,25.379999,25.42,25.200001,25.280001,14.756523,33334500
2005-09-06,25.48,25.74,25.43,25.700001,15.001689,37063400
2005-09-07,25.629999,25.75,25.469999,25.66,14.978335,35810100
2005-09-08,25.67,26.120001,25.629999,26.09,15.229332,55398500
2005-09-09,25.85,25.870001,25.190001,25.25,14.739011,99695900
2005-09-12,25.32,25.32,24.9,24.99,14.587243,50565500
2005-09-13,24.860001,25.17,24.85,24.9,14.534709,57202700
2005-09-14,24.91,25.040001,24.440001,24.49,14.29538,59291600
2005-09-15,24.610001,24.709999,24.33,24.549999,14.3304,51583200
2005-09-16,24.76,24.92,24.68,24.809999,14.482172,72332800
2005-09-19,24.799999,24.870001,24.450001,24.68,14.406286,37848500
2005-09-20,24.75,25.049999,24.469999,24.48,14.289541,41848200
2005-09-21,24.82,24.84,24.48,24.5,14.301222,48989500
2005-09-22,24.48,24.74,24.309999,24.559999,14.33624,42372800
2005-09-23,24.530001,24.559999,24.35,24.379999,14.231178,41386700
2005-09-26,24.459999,24.5,24.16,24.219999,14.137783,52193800
2005-09-27,24.24,24.42,23.799999,23.83,13.910123,57300400
2005-09-28,23.950001,24.17,23.870001,23.950001,13.980169,68717500
2005-09-29,23.99,24.52,23.92,24.48,14.289541,55900900
2005-09-30,24.469999,24.68,24.43,24.65,14.388775,37520600
2005-10-03,24.74,24.959999,24.58,24.6,14.359591,49168200
2005-10-04,24.639999,24.92,24.41,24.5,14.301222,52847800
2005-10-05,24.549999,24.59,24.07,24.07,14.050221,45711500
2005-10-06,24.120001,24.24,23.5,23.76,13.869265,61527000
2005-10-07,23.85,23.959999,23.74,23.82,13.904284,30718200
2005-10-10,23.85,23.889999,23.33,23.42,13.670801,38495300
2005-10-11,23.52,23.58,23.290001,23.42,13.670801,41646800
2005-10-12,23.08,23.290001,22.790001,23.24,13.565734,77117900
2005-10-13,23.33,23.469999,22.91,23.200001,13.54238,68060200
2005-10-14,23.23,23.290001,23.0,23.23,13.559894,44232300
2005-10-17,23.18,23.48,23.120001,23.459999,13.694145,45289800
2005-10-18,23.58,23.99,23.48,23.719999,13.845916,78862600
2005-10-19,22.99,23.709999,22.75,23.690001,13.828403,91423500
2005-10-20,23.59,23.780001,23.450001,23.620001,13.787547,62486500
2005-10-21,23.76,23.85,23.129999,23.15,13.513194,63304300
2005-10-24,23.26,23.32,22.9,23.1,13.484011,53173300
2005-10-25,22.940001,23.299999,22.83,23.110001,13.48984,54626000
2005-10-26,23.059999,23.299999,22.99,23.07,13.466496,51506100
2005-10-27,23.040001,23.190001,22.83,22.84,13.33224,41690800
2005-10-28,22.98,23.370001,22.780001,23.33,13.618265,55358800
2005-10-31,23.440001,23.690001,23.42,23.5,13.717498,58127600
2005-11-01,23.18,23.27,22.530001,22.65,13.221333,84900700
2005-11-02,22.74,23.4,22.700001,23.370001,13.64161,63804900
2005-11-03,23.540001,23.98,23.530001,23.889999,13.993053,63945100
2005-11-04,23.98,24.01,23.66,23.99,14.051621,37057500
2005-11-07,24.08,24.549999,23.950001,24.5,14.350347,49974300
2005-11-08,24.379999,24.66,24.209999,24.549999,14.379625,39967500
2005-11-09,24.5,24.860001,24.459999,24.799999,14.526062,39819700
2005-11-10,25.209999,25.32,24.92,25.24,14.783785,82211500
2005-11-11,25.389999,25.450001,25.059999,25.129999,14.71935,40317600
2005-11-14,25.200001,25.41,25.17,25.370001,14.85993,31035000
2005-11-15,25.18,25.360001,25.040001,25.08,14.690059,37542700
2005-11-16,25.1,25.15,24.610001,24.91,14.590491,49435300
2005-11-17,25.15,25.25,24.91,25.110001,14.707636,39396500
2005-11-18,25.32,25.41,25.07,25.299999,14.818922,38919000
2005-11-21,25.33,25.5,25.07,25.25,14.789639,34916400
2005-11-22,25.08,26.26,25.059999,26.16,15.322647,86040000
2005-11-23,26.139999,26.92,26.08,26.639999,15.6038,80686900
2005-11-25,26.58,27.15,26.540001,26.809999,15.703375,45653800
2005-11-28,26.940001,27.1,26.74,26.860001,15.732659,78716200
2005-11-29,26.950001,27.129999,26.719999,26.780001,15.685803,56364700
2005-11-30,26.74,26.860001,26.620001,26.68,15.627234,50114500
2005-12-01,26.940001,27.290001,26.790001,27.18,15.920099,49840000
2005-12-02,27.129999,27.49,27.110001,27.43,16.066532,51722600
2005-12-05,27.280001,27.280001,26.790001,26.9,15.756093,47747700
2005-12-06,27.040001,27.129999,26.620001,26.67,15.621369,50918500
2005-12-07,26.67,26.690001,26.030001,26.15,15.316792,65558600
2005-12-08,26.32,26.32,25.34,25.700001,15.05322,104607200
2005-12-09,25.280001,26.120001,25.17,26.08,15.275793,80102100
2005-12-12,26.190001,26.82,26.120001,26.620001,15.592089,75565800
2005-12-13,26.360001,26.889999,26.309999,26.719999,15.650661,46475500
2005-12-14,26.67,26.85,26.49,26.629999,15.597942,107658500
2005-12-15,26.59,26.9,26.52,26.58,15.568658,69675900
2005-12-16,26.58,26.68,26.379999,26.379999,15.451506,72050600
2005-12-19,26.370001,26.450001,25.780001,25.780001,15.100079,45251900
2005-12-20,25.799999,26.1,25.67,25.809999,15.117645,45877700
2005-12-21,25.85,26.190001,25.6,25.879999,15.158646,34541900
2005-12-22,25.889999,26.08,25.790001,25.969999,15.211363,26452100
2005-12-23,26.0,26.15,25.879999,25.969999,15.211363,16616900
2005-12-27,26.030001,26.1,25.43,25.459999,14.91264,28968400
2005-12-28,25.52,25.639999,25.360001,25.440001,14.900922,26518000
2005-12-29,25.41,25.549999,25.01,25.07,14.684211,26749300
2005-12-30,25.01,25.15,24.870001,24.959999,14.619778,31681600
2006-01-03,25.190001,25.639999,24.9,25.57,14.977074,56401200
2006-01-04,25.6,25.940001,25.59,25.91,15.176224,46188800
2006-01-05,25.93,26.469999,25.91,26.27,15.387082,54876800
2006-01-06,26.48,26.629999,26.209999,26.309999,15.41051,45703200
2006-01-09,26.389999,26.51,26.09,26.469999,15.504229,39457800
2006-01-10,26.290001,26.41,25.92,26.120001,15.299219,47031300
2006-01-11,26.129999,26.33,25.9,26.139999,15.310935,52999900
2006-01-12,26.049999,26.52,25.870001,25.969999,15.211363,54026700
2006-01-13,25.959999,26.18,25.540001,25.790001,15.105932,46308900
2006-01-17,25.59,25.75,25.32,25.52,14.947779,88055500
2006-01-18,22.870001,23.059999,22.360001,22.6,13.237459,282028400
2006-01-19,22.799999,22.870001,22.389999,22.4,13.12031,196293400
2006-01-20,22.440001,22.469999,21.75,21.76,12.745447,155195000
2006-01-23,21.92,21.93,21.1,21.35,12.505299,155081900
2006-01-24,21.530001,21.59,21.24,21.280001,12.464301,105641800
2006-01-25,21.4,21.42,21.1,21.209999,12.423296,110311300
2006-01-26,21.4,21.75,21.27,21.49,12.5873,101961600
2006-01-27,21.75,21.9,21.549999,21.67,12.692736,75188600
2006-01-30,21.83,21.93,21.59,21.65,12.681017,60422500
2006-01-31,21.690001,21.709999,21.25,21.26,12.452587,79350800
2006-02-01,21.24,21.59,21.23,21.549999,12.622444,71658400
2006-02-02,21.559999,21.68,21.18,21.200001,12.417443,87473400
2006-02-03,21.139999,21.17,20.73,20.74,12.205577,101402300
2006-02-06,20.85,20.85,20.5,20.610001,12.12907,66858200
2006-02-07,20.620001,20.940001,20.52,20.67,12.164386,95298200
2006-02-08,20.780001,20.84,20.540001,20.67,12.164386,77601800
2006-02-09,20.77,21.25,20.719999,21.0,12.358591,81803900
2006-02-10,21.02,21.34,20.809999,21.290001,12.529251,83023300
2006-02-13,21.18,21.440001,21.07,21.129999,12.435096,65889500
2006-02-14,21.18,21.469999,21.129999,21.370001,12.576334,60125600
2006-02-15,21.35,21.469999,21.209999,21.35,12.564566,67175700
2006-02-16,21.360001,21.450001,21.18,21.35,12.564566,70607000
2006-02-17,21.0,21.040001,20.559999,20.610001,12.12907,116649100
2006-02-21,20.66,20.75,20.5,20.620001,12.134959,67212800
2006-02-22,20.42,20.450001,19.9,20.15,11.858359,138566500
2006-02-23,20.18,20.49,19.879999,20.290001,11.940752,85297300
2006-02-24,20.190001,20.530001,20.129999,20.360001,11.981944,73154000
2006-02-27,20.469999,20.790001,20.43,20.52,12.076107,87156900
2006-02-28,20.549999,21.01,20.5,20.6,12.123189,93248100
2006-03-01,20.73,21.0,20.67,20.799999,12.240885,80722800
2006-03-02,20.68,20.84,20.379999,20.49,12.058453,86237800
2006-03-03,19.969999,20.48,19.860001,20.32,11.9584,202812000
2006-03-06,20.43,20.559999,20.23,20.299999,11.94664,81728300
2006-03-07,20.15,20.200001,19.83,20.059999,11.805392,90707500
2006-03-08,20.01,20.190001,19.82,20.01,11.775968,82850000
2006-03-09,20.049999,20.16,19.73,19.75,11.622959,69718300
2006-03-10,19.83,20.02,19.780001,19.85,11.681807,61506700
2006-03-13,19.950001,20.5,19.690001,19.73,11.611188,80524700
2006-03-14,19.73,19.9,19.639999,19.76,11.628848,69318400
2006-03-15,19.790001,19.969999,19.73,19.92,11.723004,69788800
2006-03-16,20.049999,20.08,19.639999,19.65,11.564111,66058200
2006-03-17,19.75,19.77,19.4,19.540001,11.499373,110821300
2006-03-20,19.450001,19.950001,19.450001,19.620001,11.546453,58650100
2006-03-21,19.780001,20.32,19.6,19.780001,11.640611,124284600
2006-03-22,19.66,20.040001,19.6,19.98,11.758312,84910700
2006-03-23,19.98,20.16,19.690001,19.700001,11.593534,84336400
2006-03-24,19.75,19.82,19.309999,19.6,11.534681,60424100
2006-03-27,19.620001,19.92,19.620001,19.75,11.622959,60280300
2006-03-28,19.75,19.860001,19.559999,19.58,11.522914,72692200
2006-03-29,19.610001,19.959999,19.51,19.82,11.66415,78986300
2006-03-30,19.9,20.030001,19.65,19.700001,11.593534,70641700
2006-03-31,19.780001,19.879999,19.35,19.459999,11.45229,87499200
2006-04-03,19.68,19.700001,19.34,19.35,11.387556,73344300
2006-04-04,19.389999,19.5,19.25,19.299999,11.35813,67093000
2006-04-05,19.34,19.530001,19.280001,19.48,11.464063,73019400
2006-04-06,19.49,19.6,19.33,19.379999,11.40521,51707700
2006-04-07,19.459999,19.559999,19.24,19.24,11.322821,54523300
2006-04-10,19.299999,19.469999,19.25,19.360001,11.393441,52152400
2006-04-11,19.43,19.459999,19.120001,19.16,11.275738,60169600
2006-04-12,19.139999,19.27,19.1,19.120001,11.252198,44072500
2006-04-13,19.190001,19.59,19.17,19.450001,11.446404,77378500
2006-04-17,19.41,19.530001,18.99,19.190001,11.293395,76273800
2006-04-18,19.26,19.48,18.6,19.389999,11.411097,78082100
2006-04-19,19.32,19.6,19.200001,19.559999,11.511142,103771800
2006-04-20,19.77,19.940001,19.4,19.450001,11.446404,127052000
2006-04-21,19.52,20.0,19.02,19.059999,11.216886,92182400
2006-04-24,18.93,19.25,18.9,18.91,11.128618,67594200
2006-04-25,18.940001,19.200001,18.75,19.15,11.269858,90281100
2006-04-26,19.15,19.58,19.120001,19.49,11.469951,85359800
2006-04-27,19.389999,20.200001,19.200001,20.08,11.817164,134460200
2006-04-28,19.99,20.27,19.91,19.98,11.758312,89978400
2006-05-01,20.059999,20.16,19.459999,19.49,11.469951,75869800
2006-05-02,19.639999,19.719999,19.51,19.59,11.528799,52909500
2006-05-03,19.52,19.870001,19.120001,19.16,11.333592,68692200
2006-05-04,19.280001,19.450001,19.209999,19.34,11.440068,42441200
2006-05-05,19.43,19.65,19.370001,19.51,11.540628,51087200
2006-05-08,19.639999,20.219999,19.639999,20.110001,11.895544,102795400
2006-05-09,19.93,20.1,19.790001,19.9,11.771325,66287600
2006-05-10,19.85,19.98,19.5,19.58,11.582035,60520500
2006-05-11,19.58,19.6,19.209999,19.360001,11.4519,56976700
2006-05-12,19.280001,19.52,19.030001,19.040001,11.262614,66530900
2006-05-15,19.059999,19.35,19.0,19.32,11.428238,62462200
2006-05-16,19.26,19.35,18.93,19.059999,11.27444,67068600
2006-05-17,18.959999,19.02,18.65,18.66,11.037834,83390900
2006-05-18,18.73,18.889999,18.49,18.65,11.031917,76112600
2006-05-19,18.0,18.48,17.940001,18.360001,10.860376,189166200
2006-05-22,18.129999,18.450001,17.969999,18.01,10.653344,84566300
2006-05-23,18.129999,18.27,17.889999,17.950001,10.617852,89346200
2006-05-24,18.01,18.059999,17.76,17.889999,10.58236,108894700
2006-05-25,17.969999,18.059999,17.74,18.049999,10.677011,68212600
2006-05-26,18.129999,18.309999,18.01,18.219999,10.777562,61157600
2006-05-30,18.209999,18.219999,17.77,17.809999,10.535043,65587400
2006-05-31,17.889999,18.190001,17.77,18.02,10.659259,76030000
2006-06-01,18.049999,18.15,17.790001,18.040001,10.671089,76997200
2006-06-02,18.07,18.309999,17.959999,18.23,10.783477,71258300
2006-06-05,18.26,18.35,17.889999,17.98,10.635599,63914200
2006-06-06,18.049999,18.059999,17.67,17.790001,10.523213,82277100
2006-06-07,17.780001,17.790001,17.33,17.389999,10.286596,108997200
2006-06-08,17.24,17.360001,17.049999,17.110001,10.120971,114389700
2006-06-09,17.110001,17.26,17.1,17.16,10.150546,83418800
2006-06-12,17.25,17.35,16.75,16.860001,9.97309,64666000
2006-06-13,16.790001,17.290001,16.75,17.120001,10.126888,116064700
2006-06-14,17.49,17.85,17.49,17.73,10.487718,117591300
2006-06-15,17.799999,18.17,17.77,18.120001,10.718414,71506000
2006-06-16,18.059999,18.469999,18.040001,18.299999,10.824889,83664700
2006-06-19,18.51,18.639999,18.200001,18.24,10.789394,61509400
2006-06-20,18.280001,18.41,18.07,18.15,10.736156,50887900
2006-06-21,18.219999,18.6,18.200001,18.4,10.884042,53899700
2006-06-22,18.450001,18.540001,18.15,18.25,10.795308,45409300
2006-06-23,18.25,18.290001,18.0,18.0,10.647425,48909400
2006-06-26,18.15,18.33,18.120001,18.280001,10.813057,36205800
2006-06-27,18.65,18.700001,18.049999,18.049999,10.677011,61133200
2006-06-28,18.120001,18.709999,18.07,18.66,11.037834,65687300
2006-06-29,18.76,19.360001,18.67,19.32,11.428238,76666000
2006-06-30,19.280001,19.32,18.940001,19.0,11.23895,54002100
2006-07-03,19.27,19.389999,19.139999,19.360001,11.4519,25048100
2006-07-05,19.200001,19.26,18.74,18.75,11.091069,51632300
2006-07-06,18.809999,18.940001,18.75,18.85,11.150225,35026000
2006-07-07,18.709999,18.950001,18.5,18.559999,10.978683,57542500
2006-07-10,18.639999,18.719999,18.110001,18.18,10.753906,43060600
2006-07-11,18.059999,18.67,18.0,18.67,11.043747,76813100
2006-07-12,18.57,18.58,17.870001,17.879999,10.576447,76732200
2006-07-13,17.809999,18.08,17.690001,17.719999,10.481803,78659200
2006-07-14,17.719999,18.1,17.68,17.879999,10.576447,65420500
2006-07-17,17.84,18.120001,17.67,17.84,10.552786,63855500
2006-07-18,17.950001,18.27,17.629999,18.209999,10.771647,69040900
2006-07-19,18.25,18.639999,18.049999,18.49,10.937279,84949400
2006-07-20,17.969999,18.0,17.07,17.1,10.115055,136083600
2006-07-21,17.0,17.4,16.84,17.15,10.144632,82603200
2006-07-24,17.18,17.66,17.15,17.48,10.339838,54838700
2006-07-25,17.48,17.77,17.309999,17.540001,10.375324,47364300
2006-07-26,17.59,17.74,17.25,17.5,10.351663,58194900
2006-07-27,17.74,17.879999,17.42,17.469999,10.33392,54399100
2006-07-28,17.6,18.26,17.58,18.18,10.753906,67306400
2006-07-31,18.08,18.16,17.98,18.0,10.647425,42813200
2006-08-01,17.889999,17.889999,17.5,17.66,10.446311,39658000
2006-08-02,17.66,17.790001,17.559999,17.59,10.404903,41676800
2006-08-03,17.49,17.5,17.219999,17.33,10.309714,58432000
2006-08-04,17.610001,17.67,17.26,17.49,10.404903,52987200
2006-08-07,17.379999,17.49,17.26,17.32,10.303768,32853500
2006-08-08,17.450001,17.65,17.290001,17.360001,10.327566,45404900
2006-08-09,17.610001,17.83,17.34,17.4,10.35136,56902300
2006-08-10,17.370001,17.82,17.299999,17.75,10.559582,56529900
2006-08-11,17.66,17.790001,17.360001,17.41,10.357312,41429700
2006-08-14,17.540001,18.040001,17.530001,17.870001,10.63097,61408800
2006-08-15,18.17,18.18,17.940001,18.129999,10.78564,49983300
2006-08-16,18.27,18.690001,18.129999,18.610001,11.071201,68487700
2006-08-17,18.68,18.700001,18.34,18.559999,11.041453,63929800
2006-08-18,18.4,18.530001,18.33,18.4,10.946271,61895700
2006-08-21,18.299999,18.35,18.08,18.25,10.857031,55186800
2006-08-22,18.17,18.41,18.08,18.34,10.910575,67402200
2006-08-23,18.48,18.559999,18.24,18.379999,10.934368,58397100
2006-08-24,18.379999,18.57,18.309999,18.559999,11.041453,48177800
2006-08-25,18.450001,19.0,18.43,18.9,11.24372,67059700
2006-08-28,19.059999,19.450001,19.02,19.379999,11.529274,68405300
2006-08-29,19.459999,19.700001,19.209999,19.68,11.707748,74624700
2006-08-30,19.629999,20.0,19.559999,19.84,11.80293,70874700
2006-08-31,19.82,19.84,19.530001,19.57,11.642307,46176100
2006-09-01,19.9,19.950001,19.549999,19.879999,11.826729,68302800
2006-09-05,19.950001,20.02,19.639999,19.99,11.892165,80198200
2006-09-06,19.629999,19.82,19.27,19.309999,11.487633,76688700
2006-09-07,19.23,19.5,19.059999,19.219999,11.434088,76842800
2006-09-08,19.26,19.540001,19.200001,19.450001,11.570915,49942000
2006-09-11,19.25,19.559999,19.120001,19.4,11.541169,57210500
2006-09-12,19.379999,19.870001,19.32,19.75,11.749391,58584500
2006-09-13,19.780001,19.99,19.6,19.83,11.796982,63946600
2006-09-14,19.75,19.82,19.5,19.780001,11.767234,53450900
2006-09-15,19.92,19.959999,19.49,19.51,11.606612,71462900
2006-09-18,19.459999,19.75,19.440001,19.65,11.689899,54073800
2006-09-19,19.65,19.700001,19.24,19.42,11.553071,62041700
2006-09-20,19.51,19.690001,19.440001,19.49,11.594717,60897400
2006-09-21,19.450001,19.66,19.139999,19.190001,11.416239,59113600
2006-09-22,19.18,19.360001,19.030001,19.07,11.344853,48765500
2006-09-25,19.17,19.51,19.030001,19.41,11.547116,55961500
2006-09-26,19.389999,19.98,19.32,19.959999,11.87432,95999900
2006-09-27,20.059999,20.75,20.049999,20.389999,12.130128,131829700
2006-09-28,20.459999,20.83,20.450001,20.77,12.356192,98036700
2006-09-29,20.9,20.950001,20.52,20.57,12.237215,73305600
2006-10-02,20.559999,20.75,20.4,20.440001,12.159879,51710400
2006-10-03,20.4,20.790001,20.17,20.57,12.237215,80567600
2006-10-04,20.5,20.879999,20.49,20.82,12.385943,78890600
2006-10-05,20.799999,20.98,20.66,20.780001,12.362143,53715500
2006-10-06,20.610001,20.700001,20.41,20.629999,12.272911,63556800
2006-10-09,20.52,20.790001,20.459999,20.620001,12.266957,46476300
2006-10-10,20.530001,21.02,20.42,20.889999,12.427588,73980400
2006-10-11,20.76,21.280001,20.74,20.889999,12.427588,106865400
2006-10-12,21.110001,21.549999,20.950001,21.49,12.784525,81941100
2006-10-13,21.4,21.85,21.379999,21.6,12.84997,78944400
2006-10-16,21.93,22.030001,21.559999,21.610001,12.855915,93626600
2006-10-17,21.190001,21.23,20.83,20.9,12.433535,117951400
2006-10-18,21.6,21.629999,21.030001,21.110001,12.558466,115013500
2006-10-19,21.0,21.190001,20.629999,21.030001,12.510875,73635800
2006-10-20,21.18,21.450001,21.049999,21.33,12.689342,61151200
2006-10-23,21.280001,21.6,21.120001,21.450001,12.760729,53105200
2006-10-24,21.459999,21.84,21.450001,21.620001,12.861865,62841600
2006-10-25,21.549999,21.84,21.530001,21.719999,12.921352,53309500
2006-10-26,21.75,21.83,21.610001,21.77,12.951102,44042700
2006-10-27,21.68,21.77,20.9,21.1,12.552514,99919800
2006-10-30,21.02,21.33,20.959999,21.26,12.6477,41171900
2006-10-31,21.32,21.43,21.190001,21.34,12.695292,55491300
2006-11-01,21.370001,21.42,20.959999,21.02,12.504921,57883600
2006-11-02,20.639999,20.92,20.57,20.68,12.302654,68204800
2006-11-03,20.66,20.690001,20.35,20.51,12.26081,47924400
2006-11-06,20.42,20.91,20.32,20.82,12.446129,47833000
2006-11-07,20.780001,21.17,20.73,20.799999,12.434167,48489800
2006-11-08,20.719999,20.9,20.5,20.709999,12.38037,52943400
2006-11-09,20.82,20.969999,20.379999,20.42,12.207007,52833700
2006-11-10,20.49,20.639999,20.42,20.58,12.302652,31864200
2006-11-13,20.610001,21.07,20.58,21.0,12.553728,45829100
2006-11-14,21.17,21.93,21.110001,21.879999,13.079792,74391100
2006-11-15,21.93,22.370001,21.76,22.32,13.342813,104300100
2006-11-16,22.33,22.41,22.059999,22.33,13.348797,65568900
2006-11-17,22.190001,22.5,21.84,22.1,13.211304,56835000
2006-11-20,21.870001,22.35,21.5,22.27,13.31293,65794500
2006-11-21,22.190001,22.27,21.379999,21.57,12.894474,87522600
2006-11-22,21.809999,21.84,21.540001,21.73,12.990118,41640800
2006-11-24,21.459999,21.75,21.42,21.59,12.906424,23076000
2006-11-27,21.469999,21.49,20.950001,21.02,12.565682,52691900
2006-11-28,20.91,21.129999,20.76,20.98,12.541765,53901800
2006-11-29,21.209999,21.450001,21.1,21.24,12.697197,55212100
2006-11-30,21.24,21.49,21.07,21.4,12.792844,47485000
2006-12-01,21.32,21.4,20.6,20.93,12.511882,65117600
2006-12-04,21.09,21.450001,20.809999,21.219999,12.685241,62659300
2006-12-05,21.209999,21.4,21.110001,21.120001,12.625464,33748700
2006-12-06,21.139999,21.209999,20.83,20.9,12.493953,46963900
2006-12-07,21.01,21.25,20.639999,20.65,12.344495,55815100
2006-12-08,20.66,20.85,20.540001,20.68,12.362433,41723600
2006-12-11,20.620001,20.92,20.6,20.700001,12.374394,37802100
2006-12-12,20.68,20.84,20.469999,20.73,12.392326,45888000
2006-12-13,20.879999,20.889999,20.66,20.700001,12.374394,47987600
2006-12-14,20.73,21.139999,20.41,20.77,12.416234,49471000
2006-12-15,20.99,21.200001,20.860001,20.959999,12.529817,81300400
2006-12-18,21.049999,21.299999,20.66,20.84,12.458087,48970900
2006-12-19,20.65,20.719999,20.459999,20.66,12.350481,47440100
2006-12-20,20.700001,20.940001,20.57,20.6,12.314608,30772600
2006-12-21,20.6,20.67,20.209999,20.370001,12.177118,48988800
2006-12-22,20.360001,20.43,20.08,20.08,12.00375,35337100
2006-12-26,20.030001,20.290001,20.030001,20.15,12.045597,30535300
2006-12-27,20.26,20.5,20.219999,20.4,12.195047,31892600
2006-12-28,20.4,20.48,20.33,20.42,12.207007,29665000
2006-12-29,20.34,20.530001,20.23,20.25,12.10538,37099300
2007-01-03,20.450001,20.879999,20.139999,20.35,12.165161,69001200
2007-01-04,20.629999,21.33,20.559999,21.17,12.655356,88902300
2007-01-05,21.09,21.15,20.76,21.1,12.613509,64550800
2007-01-08,21.25,21.34,20.950001,21.01,12.559711,52839100
2007-01-09,21.18,21.209999,20.860001,21.030001,12.571667,54381000
2007-01-10,21.09,21.620001,21.030001,21.52,12.864579,76346900
2007-01-11,21.610001,22.049999,21.030001,21.92,13.103696,99263900
2007-01-12,21.790001,22.15,21.620001,22.129999,13.229229,90707700
2007-01-16,22.1,22.299999,21.780001,22.299999,13.330867,132197800
2007-01-17,21.25,21.5,20.780001,21.040001,12.577642,192479200
2007-01-18,20.889999,20.9,20.5,20.65,12.344495,101259500
2007-01-19,20.620001,20.870001,20.6,20.82,12.446129,64459100
2007-01-22,20.92,21.02,20.65,20.790001,12.428193,77064300
2007-01-23,20.85,20.879999,20.459999,20.549999,12.284721,66796000
2007-01-24,20.6,20.879999,20.57,20.84,12.458087,55953800
2007-01-25,20.870001,21.040001,20.6,20.6,12.314608,57199100
2007-01-26,20.690001,20.9,20.51,20.530001,12.272758,62234300
2007-01-29,20.799999,21.139999,20.700001,20.889999,12.487972,99681400
2007-01-30,21.09,21.129999,20.82,20.93,12.511882,61693700
2007-01-31,20.959999,21.02,20.690001,20.959999,12.529817,47840000
2007-02-01,20.98,21.139999,20.870001,21.110001,12.619487,50473200
2007-02-02,21.139999,21.25,21.030001,21.23,12.691221,55291300
2007-02-05,21.219999,21.41,21.17,21.280001,12.789186,63384700
2007-02-06,21.370001,21.49,21.08,21.309999,12.807213,56861600
2007-02-07,21.379999,21.67,21.24,21.51,12.927413,57645400
2007-02-08,21.299999,21.42,21.18,21.360001,12.83726,40270500
2007-02-09,21.42,21.540001,20.92,21.030001,12.638939,80404400
2007-02-12,20.93,20.98,20.75,20.799999,12.500703,48013400
2007-02-13,20.889999,20.950001,20.700001,20.870001,12.542774,55316100
2007-02-14,20.959999,21.299999,20.940001,21.139999,12.705041,56559400
2007-02-15,21.209999,21.35,21.129999,21.309999,12.807213,44728000
2007-02-16,21.26,21.4,21.15,21.23,12.759134,47511800
2007-02-20,21.059999,21.32,20.9,21.18,12.729086,47945200
2007-02-21,20.969999,20.99,20.73,20.879999,12.548785,69355500
2007-02-22,21.0,21.07,20.780001,20.969999,12.602873,52430400
2007-02-23,20.83,21.0,20.75,20.76,12.476663,75768100
2007-02-26,20.809999,21.0,20.52,20.85,12.530759,72228200
2007-02-27,20.49,20.6,20.01,20.030001,12.037941,99034300
2007-02-28,20.049999,20.200001,19.799999,19.860001,11.935768,102774400
2007-03-01,19.52,19.799999,19.34,19.59,11.773505,108287900
2007-03-02,19.51,19.6,19.200001,19.219999,11.551129,95602100
2007-03-05,18.98,19.459999,18.9,19.110001,11.485022,88237400
2007-03-06,19.34,19.4,19.15,19.4,11.659304,66882600
2007-03-07,19.360001,19.450001,19.08,19.120001,11.491031,68343100
2007-03-08,19.280001,19.32,19.16,19.23,11.557137,46507200
2007-03-09,19.360001,19.42,19.049999,19.1,11.47901,51056700
2007-03-12,19.110001,19.639999,19.09,19.48,11.707391,68184600
2007-03-13,19.290001,19.49,19.120001,19.120001,11.491031,66226600
2007-03-14,19.190001,19.24,18.959999,19.23,11.557137,70074300
2007-03-15,19.209999,19.299999,19.01,19.139999,11.503049,52048300
2007-03-16,19.15,19.219999,19.049999,19.15,11.509062,56509100
2007-03-19,19.200001,19.280001,18.950001,19.110001,11.485022,59139800
2007-03-20,19.040001,19.129999,18.92,18.99,11.412901,62861900
2007-03-21,19.049999,19.360001,18.91,19.34,11.62325,61537800
2007-03-22,19.24,19.309999,19.110001,19.16,11.51507,50898400
2007-03-23,19.190001,19.360001,19.16,19.27,11.581178,37566600
2007-03-26,19.26,19.34,19.049999,19.290001,11.593204,39226400
2007-03-27,19.25,19.27,19.040001,19.059999,11.454967,50285100
2007-03-28,18.98,19.049999,18.860001,18.860001,11.334773,50042600
2007-03-29,19.01,19.1,18.75,19.09,11.473004,71000900
2007-03-30,19.08,19.18,18.9,19.129999,11.497042,60162400
2007-04-02,19.15,19.24,19.030001,19.129999,11.497042,54240600
2007-04-03,19.219999,19.4,19.190001,19.309999,11.605222,53274700
2007-04-04,19.35,19.440001,19.23,19.379999,11.647293,49475500
2007-04-05,19.290001,19.58,19.26,19.58,11.767491,36683100
2007-04-09,19.879999,20.24,19.85,20.1,12.080009,117593100
2007-04-10,20.1,20.74,20.07,20.68,12.428587,94796500
2007-04-11,20.59,20.73,20.42,20.469999,12.302381,90710100
2007-04-12,20.379999,20.549999,20.25,20.5,12.320414,63681100
2007-04-13,20.41,20.48,20.25,20.459999,12.296367,44046400
2007-04-16,20.41,20.73,20.389999,20.690001,12.4346,56647300
2007-04-17,20.67,21.0,20.66,20.98,12.608879,104587400
2007-04-18,21.32,21.48,21.0,21.35,12.831251,112621700
2007-04-19,21.16,21.9,21.139999,21.809999,13.10771,97553200
2007-04-20,22.049999,22.200001,21.66,22.16,13.318055,120196700
2007-04-23,22.030001,22.129999,21.790001,21.91,13.167811,55767600
2007-04-24,21.950001,22.09,21.74,21.940001,13.185843,85220200
2007-04-25,21.99,22.299999,21.799999,22.26,13.378155,68950800
2007-04-26,22.129999,22.219999,22.0,22.09,13.275987,62587700
2007-04-27,21.92,22.09,21.82,21.870001,13.143773,48819400
2007-04-30,21.780001,21.85,21.48,21.5,12.921399,60430900
2007-05-01,21.559999,21.83,21.450001,21.799999,13.101697,60719800
2007-05-02,21.809999,22.07,21.75,21.93,13.179823,68653800
2007-05-03,22.110001,22.129999,21.709999,21.74,13.133314,71127400
2007-05-04,21.950001,22.02,21.809999,21.9,13.229967,53037600
2007-05-07,21.92,22.129999,21.85,21.959999,13.266212,36978500
2007-05-08,21.98,22.200001,21.799999,22.15,13.380998,49529000
2007-05-09,22.040001,22.51,21.950001,22.469999,13.574315,72643900
2007-05-10,22.360001,22.700001,22.049999,22.209999,13.417247,65528600
2007-05-11,22.32,22.4,22.139999,22.280001,13.459531,46752400
2007-05-14,22.360001,22.440001,21.99,22.120001,13.362874,50199300
2007-05-15,22.08,22.360001,21.9,22.01,13.296419,57409000
2007-05-16,22.049999,22.24,21.91,22.18,13.399117,60776000
2007-05-17,22.299999,22.459999,22.18,22.23,13.429326,58022700
2007-05-18,22.690001,22.75,22.51,22.700001,13.713257,68319300
2007-05-21,22.700001,22.889999,22.530001,22.629999,13.670964,51141900
2007-05-22,22.889999,23.08,22.690001,22.99,13.888456,66447600
2007-05-23,22.99,23.139999,22.65,22.67,13.695127,63578800
2007-05-24,22.719999,22.75,21.82,21.969999,13.272259,86970900
2007-05-25,22.120001,22.299999,22.040001,22.16,13.387033,38037600
2007-05-29,22.17,22.43,22.120001,22.299999,13.471615,48537900
2007-05-30,22.07,22.299999,21.85,22.08,13.338714,58288200
2007-05-31,22.139999,22.190001,21.92,22.18,13.399117,49304200
2007-06-01,22.34,22.6,22.32,22.360001,13.507858,48706100
2007-06-04,22.24,22.540001,22.120001,22.16,13.387033,48184200
2007-06-05,22.120001,22.24,21.860001,21.959999,13.266212,55921800
2007-06-06,21.879999,21.969999,21.459999,21.49,12.982283,69039300
2007-06-07,21.32,21.629999,21.290001,21.309999,12.873543,65427200
2007-06-08,21.450001,21.879999,21.35,21.83,13.187677,60978800
2007-06-11,21.75,22.08,21.690001,21.93,13.248089,42220000
2007-06-12,21.860001,22.5,21.84,22.200001,13.411201,59703700
2007-06-13,22.27,22.879999,22.200001,22.67,13.695127,75402700
2007-06-14,22.639999,23.530001,22.629999,23.23,14.033437,85675800
2007-06-15,23.98,24.25,23.799999,24.24,14.643587,159229100
2007-06-18,24.18,24.309999,23.809999,24.17,14.601298,56919200
2007-06-19,24.040001,24.450001,23.959999,24.1,14.559002,67154400
2007-06-20,24.219999,24.35,23.9,23.940001,14.462355,62999600
2007-06-21,23.870001,24.379999,23.790001,24.290001,14.673793,56127800
2007-06-22,24.190001,24.23,23.690001,23.700001,14.317365,70452900
2007-06-25,23.75,23.889999,23.299999,23.48,14.184464,50088600
2007-06-26,23.58,23.719999,23.34,23.379999,14.124052,49305100
2007-06-27,23.290001,23.85,23.280001,23.790001,14.371735,50784400
2007-06-28,24.129999,24.17,23.860001,23.92,14.450271,47660000
2007-06-29,23.959999,24.219999,23.549999,23.74,14.341533,50633200
2007-07-02,23.879999,24.299999,23.860001,24.27,14.661711,48790600
2007-07-03,24.309999,24.6,24.26,24.59,14.855021,29204400
2007-07-05,24.48,24.690001,24.43,24.6,14.861068,36687300
2007-07-06,24.52,24.85,24.51,24.68,14.909395,51408200
2007-07-09,24.809999,25.02,24.790001,24.959999,15.078535,76331300
2007-07-10,24.780001,25.18,24.75,24.969999,15.084575,64931900
2007-07-11,24.82,24.9,24.450001,24.57,14.842935,56054600
2007-07-12,24.75,26.0,24.57,26.0,15.706808,134702600
2007-07-13,25.799999,26.0,25.68,25.969999,15.688698,64189600
2007-07-16,25.93,26.040001,25.83,25.950001,15.67661,50045600
2007-07-17,26.059999,26.52,25.98,26.33,15.906171,122061900
2007-07-18,24.959999,25.34,24.809999,25.059999,15.138947,134435700
2007-07-19,25.129999,25.32,25.09,25.26,15.259774,62612300
2007-07-20,25.280001,25.299999,24.48,24.549999,14.830859,95624900
2007-07-23,24.620001,24.969999,24.57,24.719999,14.933557,56431300
2007-07-24,24.41,24.9,24.41,24.530001,14.818776,68543100
2007-07-25,24.68,24.719999,24.370001,24.5,14.800648,50743000
2007-07-26,24.34,24.440001,23.629999,24.0,14.4986,86328700
2007-07-27,23.889999,24.049999,23.530001,23.540001,14.220708,79410500
2007-07-30,23.620001,24.15,23.549999,23.85,14.407985,69472300
2007-07-31,24.1,24.18,23.59,23.620001,14.269035,61619000
2007-08-01,23.559999,23.959999,23.219999,23.799999,14.377772,92766600
2007-08-02,23.77,24.43,23.59,24.299999,14.679832,74873100
2007-08-03,24.27,24.49,23.879999,23.91,14.511707,77219000
2007-08-06,24.049999,24.200001,23.780001,24.129999,14.645237,64096700
2007-08-07,24.040001,24.32,23.75,24.129999,14.645237,59835600
2007-08-08,24.33,24.77,24.18,24.68,14.979049,75754600
2007-08-09,24.32,24.74,23.92,23.92,14.51778,71677400
2007-08-10,23.85,24.34,23.5,23.98,14.554195,68821100
2007-08-13,24.190001,24.32,23.959999,24.02,14.57848,50460400
2007-08-14,24.059999,24.379999,23.780001,23.799999,14.444946,55469500
2007-08-15,23.780001,23.99,23.209999,23.219999,14.092929,63242900
2007-08-16,23.23,23.59,22.09,23.1,14.020102,118374800
2007-08-17,23.9,24.0,23.34,23.700001,14.384254,94355000
2007-08-20,23.799999,24.290001,23.66,24.110001,14.633095,57345400
2007-08-21,23.91,24.049999,23.709999,23.889999,14.499575,58065500
2007-08-22,24.1,24.200001,23.940001,24.15,14.65738,51215500
2007-08-23,24.290001,24.32,24.0,24.23,14.705928,38610600
2007-08-24,24.190001,24.879999,24.07,24.790001,15.045811,51695900
2007-08-27,24.709999,24.709999,24.370001,24.450001,14.839451,45799500
2007-08-28,24.25,24.51,23.93,23.959999,14.54206,56189600
2007-08-29,24.290001,25.200001,24.219999,25.09,15.227887,82168400
2007-08-30,24.91,25.620001,24.889999,25.280001,15.343206,68903300
2007-08-31,25.559999,25.799999,25.530001,25.75,15.628467,56843900
2007-09-04,25.82,26.43,25.75,26.18,15.889444,77887400
2007-09-05,25.99,26.200001,25.790001,25.99,15.774127,59594700
2007-09-06,26.02,26.23,25.879999,26.15,15.87123,49595300
2007-09-07,25.690001,25.74,25.26,25.469999,15.458524,65685000
2007-09-10,25.92,26.219999,25.24,25.35,15.385687,107382200
2007-09-11,25.51,25.889999,25.26,25.66,15.573839,61962300
2007-09-12,25.51,25.85,25.33,25.459999,15.452456,60821100
2007-09-13,25.57,25.639999,25.25,25.35,15.385687,65045000
2007-09-14,24.940001,25.190001,24.6,24.93,15.130784,66854900
2007-09-17,24.870001,25.08,24.76,24.85,15.082225,46370300
2007-09-18,24.950001,25.49,24.889999,25.41,15.422109,72076600
2007-09-19,25.629999,25.780001,25.43,25.68,15.585979,69117900
2007-09-20,25.51,25.959999,25.48,25.809999,15.664884,51971400
2007-09-21,26.01,26.049999,25.76,25.870001,15.701298,70411400
2007-09-24,25.98,26.24,25.82,25.98,15.768064,50334900
2007-09-25,25.83,26.17,25.76,25.889999,15.713438,50665900
2007-09-26,25.98,26.360001,25.799999,25.91,15.725574,68642200
2007-09-27,26.09,26.1,25.700001,25.76,15.63453,47541400
2007-09-28,25.719999,26.02,25.67,25.860001,15.69523,44063300
2007-10-01,26.040001,26.549999,25.860001,26.370001,16.004761,54672800
2007-10-02,26.280001,26.58,26.16,26.379999,16.010826,45948000
2007-10-03,25.889999,26.049999,25.57,25.809999,15.664884,76290500
2007-10-04,25.799999,25.83,25.370001,25.6,15.53742,44415700
2007-10-05,25.799999,25.940001,25.49,25.540001,15.501007,72211600
2007-10-08,25.5,25.76,25.469999,25.66,15.573839,34606900
2007-10-09,25.68,25.860001,25.549999,25.84,15.68309,43878600
2007-10-10,25.879999,25.93,25.629999,25.879999,15.707366,38317200
2007-10-11,25.870001,26.18,25.16,25.43,15.434248,91274900
2007-10-12,25.6,25.68,25.33,25.549999,15.507079,48670300
2007-10-15,25.639999,26.07,25.57,25.75,15.628467,74615900
2007-10-16,25.719999,25.98,25.27,25.48,15.46459,107955700
2007-10-17,26.790001,26.98,26.25,26.719999,16.217186,187866100
2007-10-18,26.51,26.98,26.469999,26.969999,16.368923,66200000
2007-10-19,26.84,26.85,26.27,26.299999,15.962276,80777400
2007-10-22,25.950001,26.690001,25.85,26.639999,16.168631,62800500
2007-10-23,26.620001,26.82,26.16,26.799999,16.265741,67310100
2007-10-24,26.33,26.389999,25.459999,26.01,15.786272,89794300
2007-10-25,26.18,26.25,25.530001,25.889999,15.713438,57691300
2007-10-26,26.26,26.450001,25.780001,25.940001,15.743781,61642300
2007-10-29,26.049999,26.35,26.0,26.26,15.937999,53264600
2007-10-30,26.110001,26.370001,26.1,26.27,15.94407,41449000
2007-10-31,26.370001,26.9,26.35,26.9,16.326433,64819100
2007-11-01,26.700001,27.08,26.5,26.5,16.083666,86590500
2007-11-02,26.75,26.959999,26.4,26.799999,16.265741,58633800
2007-11-05,26.58,27.030001,26.440001,26.84,16.358997,55392500
2007-11-06,26.959999,27.52,26.959999,27.49,16.755171,69334400
2007-11-07,27.24,27.540001,26.870001,26.9,16.395561,71488100
2007-11-08,26.889999,26.969999,25.290001,25.93,15.804347,91404900
2007-11-09,25.360001,25.65,25.0,25.15,15.328935,71692500
2007-11-12,25.41,25.57,25.1,25.370001,15.463033,72660600
2007-11-13,25.59,26.139999,25.290001,26.139999,15.932343,62116600
2007-11-14,26.5,26.52,25.77,25.85,15.755587,63262500
2007-11-15,25.84,26.059999,25.280001,25.530001,15.560552,67012000
2007-11-16,25.530001,25.780001,25.17,25.51,15.548361,80440400
2007-11-19,25.450001,25.6,25.1,25.17,15.341128,52318600
2007-11-20,25.35,25.75,24.91,25.52,15.554456,74694200
2007-11-21,25.23,25.290001,24.540001,24.629999,15.011999,69533000
2007-11-23,24.780001,25.1,24.549999,25.07,15.280181,36581600
2007-11-26,25.040001,25.32,24.32,24.370001,14.853528,53157500
2007-11-27,24.75,25.16,24.49,25.110001,15.304558,62931100
2007-11-28,25.540001,26.309999,25.5,26.190001,15.962818,60141900
2007-11-29,26.07,26.469999,26.01,26.34,16.054239,43272300
2007-11-30,26.66,26.66,25.719999,26.08,15.895766,65565000
2007-12-03,26.030001,26.780001,26.01,26.25,15.999387,56131600
2007-12-04,25.84,26.52,25.83,26.309999,16.035957,44505400
2007-12-05,26.889999,27.459999,26.889999,27.219999,16.590603,68523700
2007-12-06,27.219999,27.99,27.17,27.98,17.053825,60508000
2007-12-07,27.77,27.9,27.57,27.73,16.901453,47506200
2007-12-10,27.559999,27.879999,27.25,27.780001,16.931927,45473800
2007-12-11,27.790001,27.82,26.91,26.93,16.413853,67572400
2007-12-12,27.43,27.719999,26.889999,27.280001,16.62718,56574000
2007-12-13,26.98,27.5,26.809999,27.16,16.554031,53456100
2007-12-14,26.82,26.84,26.190001,26.290001,16.023769,68738500
2007-12-17,26.23,26.280001,25.379999,25.719999,15.676353,64820000
2007-12-18,25.92,26.139999,25.59,25.91,15.792162,44708400
2007-12-19,25.85,26.25,25.82,26.190001,15.962818,33581900
2007-12-20,26.530001,26.530001,26.01,26.41,16.09691,40096600
2007-12-21,26.76,26.959999,26.58,26.959999,16.432137,58620800
2007-12-24,26.82,27.370001,26.75,27.309999,16.645462,22486400
2007-12-26,27.200001,27.469999,27.129999,27.450001,16.730789,21346200
2007-12-27,27.360001,27.42,26.77,26.83,16.352901,29577500
2007-12-28,27.110001,27.27,26.65,26.76,16.31023,35391400
2007-12-31,26.629999,27.0,26.59,26.66,16.249285,23687800
2008-01-02,26.280001,26.34,24.950001,25.35,15.450834,84278800
2008-01-03,25.370001,25.4,24.379999,24.67,15.036377,85190500
2008-01-04,23.459999,23.6,22.35,22.67,13.817369,174093400
2008-01-07,22.799999,23.030001,22.360001,22.879999,13.945371,112063700
2008-01-08,22.92,23.129999,22.23,22.26,13.567481,80520800
2008-01-09,22.4,22.870001,22.26,22.75,13.866139,73239600
2008-01-10,22.57,22.700001,22.200001,22.540001,13.738142,81185100
2008-01-11,22.25,22.360001,21.77,21.99,13.402921,75915200
2008-01-14,22.889999,23.200001,22.41,23.08,14.067268,85033000
2008-01-15,23.0,23.200001,22.51,22.690001,13.829568,129312400
2008-01-16,20.030001,20.389999,19.700001,19.879999,12.116868,309347600
2008-01-17,20.02,20.049999,19.209999,19.33,11.781645,172761000
2008-01-18,19.389999,19.65,18.950001,19.0,11.58051,143864100
2008-01-22,18.200001,19.0,18.049999,18.610001,11.34281,146951600
2008-01-23,18.33,20.209999,18.24,19.98,12.17782,173781800
2008-01-24,20.15,20.74,20.07,20.690001,12.610564,90383900
2008-01-25,21.27,21.280001,20.0,20.0,12.19001,104701200
2008-01-28,19.879999,20.299999,19.620001,20.290001,12.366765,68633200
2008-01-29,20.440001,20.610001,20.25,20.5,12.494765,78365800
2008-01-30,20.360001,21.219999,20.290001,20.690001,12.610564,96055500
2008-01-31,20.440001,21.34,20.360001,21.1,12.86046,100753400
2008-02-01,21.4,21.82,21.219999,21.77,13.268829,66087600
2008-02-04,21.74,21.75,21.16,21.200001,12.921412,65724200
2008-02-05,20.690001,20.870001,20.1,20.120001,12.337646,85581600
2008-02-06,20.139999,20.43,19.9,19.92,12.214996,73305800
2008-02-07,19.66,20.360001,19.5,20.049999,12.294719,76942200
2008-02-08,19.959999,20.33,19.950001,20.27,12.429622,54170800
2008-02-11,20.4,20.82,20.15,20.68,12.681041,53777900
2008-02-12,20.700001,20.99,20.559999,20.9,12.815942,57734900
2008-02-13,21.059999,21.280001,20.860001,21.209999,13.006031,49788900
2008-02-14,20.959999,20.99,20.459999,20.459999,12.546133,71583500
2008-02-15,20.309999,20.540001,19.98,20.110001,12.331508,78256600
2008-02-19,20.4,20.68,20.049999,20.16,12.362168,65726300
2008-02-20,20.18,20.51,20.16,20.379999,12.497071,72005800
2008-02-21,20.610001,20.99,20.129999,20.299999,12.448022,78890400
2008-02-22,20.469999,20.5,19.51,19.82,12.153676,134283800
2008-02-25,19.75,19.98,19.52,19.940001,12.227268,82397200
2008-02-26,19.799999,20.870001,19.77,20.690001,12.687171,81112100
2008-02-27,20.24,20.889999,20.23,20.77,12.736223,80981700
2008-02-28,20.540001,20.719999,20.32,20.49,12.564527,56138700
2008-02-29,20.33,20.389999,19.940001,19.969999,12.245666,77164100
2008-03-03,20.059999,20.379999,19.93,20.01,12.270189,75603600
2008-03-04,19.65,20.049999,19.440001,20.0,12.264057,124099900
2008-03-05,20.040001,20.23,19.84,20.200001,12.386696,62225500
2008-03-06,20.1,20.219999,19.83,19.870001,12.184344,65547200
2008-03-07,19.809999,20.389999,19.75,20.07,12.306978,73715200
2008-03-10,20.110001,20.5,19.969999,20.120001,12.337646,66986800
2008-03-11,20.48,21.219999,20.450001,21.200001,12.999898,78159700
2008-03-12,21.17,21.49,20.98,21.120001,12.950846,53034800
2008-03-13,20.82,21.49,20.74,21.280001,13.048956,66660600
2008-03-14,21.24,21.440001,20.530001,20.66,12.66877,80049300
2008-03-17,20.17,21.15,20.15,20.85,12.785279,67466600
2008-03-18,21.299999,21.75,21.190001,21.75,13.337162,72379700
2008-03-19,21.530001,21.73,21.08,21.09,12.93245,69668600
2008-03-20,21.469999,21.76,21.09,21.75,13.337162,67373400
2008-03-24,21.76,22.450001,21.75,22.129999,13.570179,53798700
2008-03-25,22.32,22.4,22.030001,22.27,13.656028,48236100
2008-03-26,22.030001,22.07,21.709999,21.860001,13.404619,51872200
2008-03-27,21.879999,21.91,21.09,21.09,12.93245,71530200
2008-03-28,21.200001,21.43,20.73,20.790001,12.748492,59424400
2008-03-31,20.709999,21.33,20.67,21.18,12.987636,48072200
2008-04-01,21.51,22.0,21.4,21.969999,13.472066,55507200
2008-04-02,22.030001,22.030001,21.65,21.85,13.39848,43778700
2008-04-03,21.700001,22.1,21.530001,21.93,13.447537,45300800
2008-04-04,21.940001,22.18,21.67,21.870001,13.41075,41385700
2008-04-07,21.92,22.09,21.66,21.75,13.337162,39684800
2008-04-08,21.389999,21.540001,21.040001,21.08,12.926316,55225500
2008-04-09,21.059999,21.43,20.77,21.42,13.134807,63451700
2008-04-10,21.57,22.440001,21.549999,22.08,13.539525,72043600
2008-04-11,21.809999,21.91,21.110001,21.24,13.024428,66927100
2008-04-14,21.120001,21.299999,20.639999,20.690001,12.687171,60084300
2008-04-15,20.91,20.940001,20.5,20.91,12.822076,93477400
2008-04-16,22.43,22.48,21.860001,22.129999,13.570179,109029400
2008-04-17,22.17,22.299999,21.92,22.110001,13.557919,57733400
2008-04-18,22.57,22.629999,22.23,22.549999,13.827724,68281200
2008-04-21,22.5,22.58,22.33,22.459999,13.772536,47810500
2008-04-22,22.280001,22.41,21.870001,21.99,13.484334,56298500
2008-04-23,22.190001,22.57,22.0,22.559999,13.833854,61977900
2008-04-24,22.58,23.02,22.34,22.690001,13.913576,51298500
2008-04-25,22.629999,22.639999,22.059999,22.559999,13.833854,47604400
2008-04-28,22.43,22.84,22.33,22.709999,13.925836,47695200
2008-04-29,22.629999,22.799999,22.450001,22.620001,13.870652,40664300
2008-04-30,22.73,22.76,22.139999,22.26,13.649899,56505700
2008-05-01,22.360001,23.41,22.360001,23.290001,14.281497,71506000
2008-05-02,23.610001,23.66,23.129999,23.58,14.459327,59077200
2008-05-05,23.379999,23.889999,23.18,23.25,14.342118,38631100
2008-05-06,23.08,23.709999,23.08,23.58,14.545681,46003800
2008-05-07,23.6,23.74,23.139999,23.17,14.29277,54228300
2008-05-08,23.379999,23.610001,23.110001,23.4,14.434645,50106000
2008-05-09,23.139999,23.57,23.129999,23.370001,14.416143,40044600
2008-05-12,23.360001,23.709999,23.200001,23.639999,14.582695,34425100
2008-05-13,23.639999,23.93,23.6,23.76,14.656716,39476600
2008-05-14,23.85,24.290001,23.76,23.84,14.70607,59397400
2008-05-15,23.92,24.99,23.85,24.969999,15.40312,77447300
2008-05-16,24.99,25.0,24.52,25.0,15.421636,59985800
2008-05-19,25.200001,25.290001,24.790001,24.879999,15.347611,61246100
2008-05-20,24.549999,24.620001,23.799999,24.09,14.860289,73929600
2008-05-21,23.879999,24.200001,23.52,23.66,14.595036,64445700
2008-05-22,23.82,24.129999,23.73,23.879999,14.730742,41170000
2008-05-23,23.74,23.82,23.08,23.41,14.440815,59073500
2008-05-27,23.290001,23.719999,23.27,23.6,14.558022,52821500
2008-05-28,23.799999,23.809999,23.139999,23.469999,14.477832,50288400
2008-05-29,23.27,23.32,22.799999,23.139999,14.274264,54937400
2008-05-30,23.280001,23.549999,23.07,23.18,14.298939,55484500
2008-06-02,23.049999,23.379999,22.82,23.200001,14.311277,50569500
2008-06-03,23.299999,23.690001,22.85,22.940001,14.150894,65482900
2008-06-04,22.809999,23.68,22.809999,23.48,14.483996,57510100
2008-06-05,23.620001,24.0,23.35,23.870001,14.724577,51960800
2008-06-06,23.66,23.700001,22.9,22.9,14.126218,69864000
2008-06-09,23.08,23.1,22.34,22.76,14.039854,57224700
2008-06-10,22.309999,22.9,22.309999,22.68,13.990509,56570700
2008-06-11,22.540001,22.639999,21.790001,21.809999,13.453835,59797500
2008-06-12,22.049999,22.610001,21.879999,22.049999,13.601886,60253600
2008-06-13,22.24,22.700001,22.190001,22.66,13.978171,43003400
2008-06-16,22.450001,23.08,22.41,22.860001,14.101542,44772000
2008-06-17,22.940001,23.01,22.57,22.58,13.928823,43990500
2008-06-18,22.35,22.68,22.209999,22.280001,13.743754,41535000
2008-06-19,22.209999,23.1,22.139999,22.85,14.095377,48519900
2008-06-20,22.73,22.74,22.309999,22.370001,13.799273,71018300
2008-06-23,22.5,22.709999,22.309999,22.360001,13.793109,46279200
2008-06-24,22.200001,22.809999,22.18,22.41,13.823951,46126600
2008-06-25,22.43,23.0,22.42,22.65,13.971999,54778100
2008-06-26,22.360001,22.52,21.59,21.59,13.318127,56482100
2008-06-27,21.6,21.84,21.219999,21.49,13.25643,60068800
2008-06-30,21.41,21.9,21.34,21.48,13.250268,50166900
2008-07-01,21.290001,21.83,21.120001,21.57,13.305788,66857400
2008-07-02,21.629999,21.809999,20.870001,20.93,12.910991,47772900
2008-07-03,20.620001,20.799999,20.26,20.66,12.744437,41363800
2008-07-07,20.780001,21.26,20.290001,20.709999,12.775281,47325800
2008-07-08,20.700001,21.129999,20.309999,20.92,12.904824,58443500
2008-07-09,20.860001,20.9,19.76,19.809999,12.220099,68343100
2008-07-10,19.85,20.77,19.709999,20.620001,12.719762,93629500
2008-07-11,20.280001,21.18,19.99,20.639999,12.732099,74358200
2008-07-14,21.02,21.15,20.32,20.469999,12.627232,49072300
2008-07-15,20.25,21.18,20.219999,20.709999,12.775281,100047200
2008-07-16,21.030001,21.15,20.23,20.91,12.898653,87306000
2008-07-17,21.25,22.4,21.040001,21.99,13.564867,94030200
2008-07-18,21.889999,22.17,21.469999,22.09,13.626556,54733400
2008-07-21,22.200001,22.25,21.950001,22.09,13.626556,48686600
2008-07-22,21.719999,22.120001,21.629999,22.09,13.626556,74321500
2008-07-23,22.200001,22.620001,22.02,22.299999,13.756099,56708400
2008-07-24,22.049999,22.139999,21.620001,21.67,13.367472,61416300
2008-07-25,21.799999,22.08,21.559999,22.01,13.577209,40234600
2008-07-28,21.870001,22.0,21.610001,21.67,13.367472,49863200
2008-07-29,21.67,22.25,21.639999,22.23,13.712914,47493600
2008-07-30,22.299999,22.450001,21.280001,22.23,13.712914,52616100
2008-07-31,21.99,22.6,21.92,22.190001,13.688241,65269400
2008-08-01,22.42,22.52,21.98,22.35,13.786942,42123200
2008-08-04,22.4,22.65,22.17,22.52,13.891808,41598200
2008-08-05,22.75,23.049999,22.459999,23.02,14.289073,54578500
2008-08-06,22.940001,23.030001,22.459999,22.799999,14.152511,49927000
2008-08-07,22.719999,24.049999,22.700001,23.67,14.692543,113395100
2008-08-08,23.74,24.299999,23.6,24.23,15.04015,69455500
2008-08-11,24.1,24.74,23.93,24.379999,15.133257,51679900
2008-08-12,24.299999,24.59,24.049999,24.52,15.220151,51900400
2008-08-13,24.290001,24.75,24.030001,24.120001,14.971867,46340500
2008-08-14,23.91,24.49,23.76,24.360001,15.120842,50431900
2008-08-15,24.35,24.5,24.18,24.26,15.058765,43120100
2008-08-18,24.299999,24.379999,23.879999,24.01,14.903585,45839600
2008-08-19,23.809999,24.08,23.48,23.59,14.642884,66159500
2008-08-20,23.74,23.799999,23.15,23.389999,14.518737,54152400
2008-08-21,23.129999,23.27,22.799999,23.049999,14.307693,54971900
2008-08-22,23.200001,23.52,22.92,23.49,14.580811,45352600
2008-08-25,23.27,23.360001,22.93,22.969999,14.258034,42328200
2008-08-26,22.93,23.18,22.65,23.15,14.369766,39519900
2008-08-27,23.1,23.58,23.02,23.41,14.531152,39153600
2008-08-28,23.59,23.709999,23.459999,23.59,14.642884,30305300
2008-08-29,23.280001,23.4,22.85,22.870001,14.195963,53554000
2008-09-02,23.27,23.48,22.469999,22.58,14.015958,44071100
2008-09-03,22.59,22.59,21.51,21.540001,13.370402,73837200
2008-09-04,21.469999,21.51,20.5,20.52,12.73726,87863800
2008-09-05,20.35,20.84,20.15,20.610001,12.793128,67373000
2008-09-08,20.98,21.1,20.52,20.969999,13.016583,63278600
2008-09-09,20.809999,20.9,20.219999,20.33,12.619326,71239500
2008-09-10,20.709999,20.719999,20.139999,20.16,12.513799,66190200
2008-09-11,19.969999,20.200001,19.67,20.190001,12.532421,85607000
2008-09-12,19.860001,20.209999,19.58,20.16,12.513799,61077400
2008-09-15,19.459999,20.18,19.33,19.360001,12.01722,75521100
2008-09-16,18.790001,19.85,18.549999,19.48,12.09171,103752800
2008-09-17,19.26,19.5,18.549999,18.549999,11.514432,93136100
2008-09-18,18.780001,19.690001,17.91,19.26,11.955148,126532800
2008-09-19,20.16,20.219999,18.360001,19.23,11.936525,107675000
2008-09-22,19.139999,19.51,18.469999,18.5,11.483398,48899300
2008-09-23,18.639999,19.209999,18.5,18.629999,11.564089,64671800
2008-09-24,18.77,19.02,18.52,18.700001,11.607541,67876800
2008-09-25,18.940001,19.0,18.52,18.57,11.526848,69705600
2008-09-26,18.219999,19.4,18.190001,19.200001,11.917906,68353700
2008-09-29,18.76,19.0,17.27,17.27,10.71991,93067800
2008-09-30,18.08,18.799999,17.799999,18.73,11.626169,84089900
2008-10-01,18.5,18.690001,18.059999,18.52,11.495811,74450600
2008-10-02,18.24,18.26,17.129999,17.200001,10.676456,80680400
2008-10-03,17.5,17.91,17.200001,17.309999,10.744739,83407600
2008-10-06,16.969999,17.42,16.190001,16.93,10.508861,111110100
2008-10-07,17.08,17.4,16.0,16.02,9.943999,90115400
2008-10-08,15.61,16.83,15.49,16.25,10.086768,124271200
2008-10-09,16.709999,17.049999,15.54,15.6,9.683296,106013200
2008-10-10,15.01,15.89,14.26,15.19,9.428802,166831600
2008-10-13,16.18,17.08,15.69,16.99,10.546106,99262800
2008-10-14,17.43,17.459999,15.63,15.93,9.888137,124442300
2008-10-15,16.139999,16.42,14.98,14.99,9.304657,141131200
2008-10-16,15.23,15.97,14.48,15.88,9.8571,120891700
2008-10-17,15.36,16.309999,15.27,15.5,9.621223,93872200
2008-10-20,15.5,16.110001,15.44,16.040001,9.956415,74062300
2008-10-21,15.71,15.89,15.21,15.25,9.466043,78715200
2008-10-22,15.19,15.19,14.25,14.58,9.05016,78516000
2008-10-23,14.6,14.95,13.9,14.51,9.006705,85195700
2008-10-24,13.39,14.85,13.37,14.28,8.863942,96012400
2008-10-27,14.06,14.86,13.86,14.25,8.845318,80541800
2008-10-28,14.58,15.91,14.36,15.86,9.844687,102361500
2008-10-29,15.6,15.77,14.91,14.94,9.273623,99351500
2008-10-30,15.49,16.43,15.28,16.17,10.037108,134857200
2008-10-31,15.97,16.49,15.62,16.030001,9.950209,94902700
2008-11-03,16.129999,16.34,15.6,15.64,9.708124,54065800
2008-11-04,16.18,16.389999,15.81,16.26,10.092972,71411200
2008-11-05,16.040001,16.120001,14.95,15.06,9.429293,68927600
2008-11-06,14.6,14.78,13.78,13.87,8.684216,108708400
2008-11-07,14.08,14.76,14.02,14.63,9.160065,73428200
2008-11-10,15.01,15.06,14.23,14.35,8.98475,52853700
2008-11-11,14.03,14.18,13.46,13.93,8.721787,84853800
2008-11-12,13.55,13.97,13.51,13.52,8.465075,72675400
2008-11-13,13.04,14.44,12.87,14.43,9.034837,143460400
2008-11-14,14.07,14.12,13.24,13.32,8.339851,74873700
2008-11-17,13.21,13.48,13.0,13.0,8.139493,60210900
2008-11-18,13.12,13.23,12.51,13.11,8.20837,96916400
2008-11-19,13.01,13.26,12.47,12.49,7.820176,73707700
2008-11-20,12.28,13.15,12.17,12.23,7.657387,114060100
2008-11-21,12.45,13.17,12.06,13.11,8.20837,104114400
2008-11-24,13.33,13.7,13.12,13.56,8.490122,98132700
2008-11-25,13.78,13.85,13.11,13.13,8.220891,84213900
2008-11-26,13.04,13.99,13.01,13.97,8.746827,71468300
2008-11-28,13.79,14.03,13.68,13.8,8.640388,26023500
2008-12-01,13.46,13.57,12.55,12.56,7.864006,60830800
2008-12-02,12.92,13.33,12.62,13.28,8.31481,63839000
2008-12-03,12.74,13.67,12.72,13.66,8.552731,77247200
2008-12-04,13.36,13.49,12.72,12.77,7.995492,78387100
2008-12-05,12.71,13.35,12.38,13.29,8.321073,85179900
2008-12-08,13.56,14.01,13.45,13.94,8.728044,78042400
2008-12-09,13.64,14.69,13.49,14.3,8.953445,88120000
2008-12-10,14.26,14.8,13.75,14.27,8.934659,74889000
2008-12-11,14.24,14.6,13.98,14.01,8.771872,73846300
2008-12-12,13.7,14.83,13.69,14.75,9.235198,69873000
2008-12-15,14.75,14.94,14.32,14.59,9.13502,60647200
2008-12-16,14.72,15.68,14.62,15.64,9.792439,100659300
2008-12-17,15.41,15.52,15.02,15.26,9.554515,66997400
2008-12-18,15.06,15.19,14.09,14.26,8.928401,74156300
2008-12-19,14.42,14.82,14.26,14.44,9.041103,72433900
2008-12-22,14.48,14.58,14.0,14.34,8.978491,42388700
2008-12-23,14.44,14.49,14.02,14.07,8.809443,33805400
2008-12-24,14.06,14.33,14.05,14.23,8.909618,11410800
2008-12-26,14.21,14.31,14.06,14.18,8.878311,14813900
2008-12-29,14.24,14.35,13.91,14.13,8.847005,31939500
2008-12-30,14.32,14.8,14.31,14.69,9.19763,37105200
2008-12-31,14.71,14.92,14.56,14.66,9.178848,34063800
2009-01-02,14.69,15.25,14.47,15.2,9.516949,52208200
2009-01-05,15.07,15.29,14.81,14.91,9.335377,57320400
2009-01-06,15.09,15.51,15.08,15.37,9.623389,61631400
2009-01-07,14.79,15.06,14.34,14.44,9.041103,131389200
2009-01-08,14.45,14.57,14.25,14.55,9.109974,63101600
2009-01-09,14.59,14.6,14.02,14.15,8.859529,45551100
2009-01-12,14.16,14.3,13.62,13.79,8.634125,54082500
2009-01-13,13.59,14.18,13.45,13.67,8.558991,65565100
2009-01-14,13.46,13.63,12.97,13.08,8.189585,69549600
2009-01-15,13.01,13.45,12.71,13.29,8.321073,73153900
2009-01-16,13.88,13.96,13.27,13.74,8.602822,83985300
2009-01-20,13.56,13.74,12.81,12.86,8.051842,71563900
2009-01-21,13.01,13.26,12.5,13.26,8.302283,56622000
2009-01-22,12.83,13.07,12.55,12.82,8.026793,72704000
2009-01-23,12.85,13.39,12.58,13.12,8.214632,63162200
2009-01-26,13.08,13.58,13.03,13.38,8.377421,49562500
2009-01-27,13.51,13.95,13.5,13.81,8.646648,45615800
2009-01-28,14.13,14.27,13.79,14.01,8.771872,57065400
2009-01-29,13.85,13.85,13.31,13.37,8.37116,51354500
2009-01-30,13.45,13.5,12.9,12.9,8.076884,47000100
2009-02-02,12.82,13.71,12.75,13.63,8.53395,69886500
2009-02-03,13.67,13.79,13.29,13.73,8.596562,56695700
2009-02-04,13.78,14.56,13.71,13.88,8.780002,77692400
2009-02-05,13.65,14.4,13.53,14.25,9.014052,61024500
2009-02-06,14.44,14.88,14.21,14.73,9.317681,62677300
2009-02-09,14.64,15.05,14.54,14.91,9.431547,64735500
2009-02-10,14.78,15.15,14.04,14.08,8.906515,94001200
2009-02-11,14.26,14.32,13.73,14.08,8.906515,57378700
2009-02-12,13.81,14.0,13.49,14.0,8.855911,76366300
2009-02-13,13.91,14.26,13.85,13.88,8.780002,55953700
2009-02-17,13.56,13.73,13.21,13.21,8.356184,60690300
2009-02-18,13.32,13.7,13.09,13.36,8.451073,51305600
2009-02-19,13.33,13.38,12.67,12.68,8.020926,56175100
2009-02-20,12.53,13.02,12.53,12.78,8.084182,73617900
2009-02-23,12.9,12.91,12.05,12.08,7.641385,88416500
2009-02-24,12.17,12.81,12.09,12.73,8.052555,74644300
2009-02-25,12.72,13.48,12.58,13.03,8.242325,108225000
2009-02-26,13.32,13.6,12.66,12.71,8.039904,69012700
2009-02-27,12.5,13.14,12.49,12.74,8.058879,69764500
2009-03-02,12.51,13.02,12.31,12.31,7.786881,64495900
2009-03-03,12.48,12.63,12.14,12.28,7.767901,76602000
2009-03-04,12.7,13.05,12.36,12.76,8.071532,84412100
2009-03-05,12.56,12.86,12.3,12.31,7.786881,76644500
2009-03-06,12.43,12.92,12.07,12.41,7.850133,79191400
2009-03-09,12.33,13.0,12.3,12.55,7.938693,87044700
2009-03-10,12.8,13.95,12.75,13.92,8.805306,92478000
2009-03-11,14.05,14.1,13.64,13.96,8.83061,82085400
2009-03-12,14.24,14.6,13.88,14.52,9.184846,84846000
2009-03-13,14.57,14.7,14.21,14.7,9.298707,66631100
2009-03-16,14.79,14.85,14.14,14.25,9.014052,72651200
2009-03-17,14.32,14.9,14.25,14.9,9.42522,64928700
2009-03-18,14.9,15.41,14.72,15.24,9.640292,91361600
2009-03-19,15.39,15.39,14.72,15.15,9.583364,66560800
2009-03-20,15.19,15.4,14.35,14.65,9.267081,84639100
2009-03-23,15.02,15.54,14.94,15.52,9.817408,64167500
2009-03-24,15.26,15.41,15.0,15.0,9.488478,59468600
2009-03-25,15.08,15.71,14.71,14.94,9.450527,94510300
2009-03-26,15.23,15.89,15.18,15.82,10.007179,77554300
2009-03-27,15.49,15.66,15.26,15.42,9.754155,45694300
2009-03-30,15.09,15.1,14.48,14.72,9.311362,55433000
2009-03-31,14.91,15.37,14.9,15.03,9.507455,62044500
2009-04-01,14.77,15.32,14.62,15.03,9.507455,75052800
2009-04-02,15.38,16.0,15.26,15.7,9.931271,77688000
2009-04-03,15.63,15.96,15.35,15.95,10.089413,51137100
2009-04-06,15.65,15.87,15.45,15.86,10.032483,47650800
2009-04-07,15.6,15.78,15.26,15.45,9.773133,52741800
2009-04-08,15.35,15.73,15.15,15.27,9.659268,68332300
2009-04-09,15.62,16.07,15.6,15.98,10.108386,58560100
2009-04-13,15.81,16.09,15.56,15.98,10.108386,45423200
2009-04-14,15.98,16.389999,15.8,16.01,10.127368,92083600
2009-04-15,15.36,15.68,15.11,15.62,9.880669,152727500
2009-04-16,15.84,15.93,15.4,15.89,10.051463,68775100
2009-04-17,15.88,15.89,15.45,15.6,9.868015,67299700
2009-04-20,15.36,15.37,15.0,15.0,9.488478,66489000
2009-04-21,14.98,15.52,14.96,15.36,9.716203,85204200
2009-04-22,15.19,16.110001,15.08,15.67,9.912298,95293600
2009-04-23,15.68,15.79,15.1,15.53,9.823737,74517400
2009-04-24,15.61,15.74,15.3,15.62,9.880669,67621900
2009-04-27,15.31,15.63,15.21,15.28,9.665594,64601800
2009-04-28,15.12,15.41,15.04,15.05,9.520105,55510200
2009-04-29,15.2,15.55,15.07,15.35,9.709873,60855600
2009-04-30,15.61,16.16,15.5,15.78,9.981874,77775200
2009-05-01,15.76,15.85,15.48,15.81,10.000857,50861600
2009-05-04,16.290001,16.74,16.139999,16.66,10.538533,88096300
2009-05-05,16.530001,16.530001,15.93,16.16,10.30888,67894300
2009-05-06,16.43,16.440001,15.97,16.120001,10.283364,66328400
2009-05-07,16.309999,16.370001,15.48,15.77,10.06009,90338200
2009-05-08,15.87,15.93,15.2,15.29,9.753883,94098000
2009-05-11,15.09,15.63,15.0,15.37,9.804919,69490100
2009-05-12,15.49,15.53,15.0,15.21,9.702851,73714000
2009-05-13,15.36,15.47,15.09,15.13,9.651817,75872500
2009-05-14,15.16,15.69,15.15,15.54,9.913365,71224300
2009-05-15,15.54,15.61,15.15,15.19,9.690095,61813300
2009-05-18,15.32,15.55,15.18,15.52,9.900606,44691600
2009-05-19,15.47,15.91,15.27,15.65,9.983541,59048200
2009-05-20,15.81,16.049999,15.49,15.58,9.938888,60337700
2009-05-21,15.36,15.43,15.05,15.18,9.683716,59548500
2009-05-22,15.23,15.26,15.01,15.05,9.600784,44344900
2009-05-26,15.01,15.51,15.0,15.48,9.875091,64342900
2009-05-27,15.5,15.86,15.34,15.46,9.862332,60488000
2009-05-28,15.56,15.72,15.15,15.72,10.028193,59109200
2009-05-29,15.75,15.79,15.24,15.72,10.028193,77293300
2009-06-01,16.030001,16.59,15.97,16.5,10.525779,75465600
2009-06-02,16.25,16.540001,16.049999,16.190001,10.328017,58397000
2009-06-03,15.97,16.040001,15.72,15.94,10.168535,49799000
2009-06-04,15.98,16.25,15.88,16.129999,10.289745,49080500
2009-06-05,16.299999,16.450001,15.79,15.92,10.155778,62834200
2009-06-08,15.86,16.1,15.61,15.92,10.155778,44070000
2009-06-09,16.209999,16.610001,16.129999,16.42,10.474743,64051300
2009-06-10,16.58,16.610001,16.15,16.459999,10.500257,48782300
2009-06-11,16.49,16.700001,16.299999,16.35,10.430087,53221200
2009-06-12,16.24,16.309999,16.02,16.309999,10.404571,47621900
2009-06-15,16.049999,16.17,15.72,15.98,10.194051,60420500
2009-06-16,16.049999,16.190001,15.8,15.86,10.117503,54084700
2009-06-17,15.83,16.290001,15.81,16.139999,10.296124,59351300
2009-06-18,16.16,16.219999,15.84,15.87,10.123883,57990500
2009-06-19,16.049999,16.18,15.85,16.01,10.213193,71511000
2009-06-22,15.9,16.17,15.63,15.68,10.002679,70833600
2009-06-23,15.88,15.99,15.61,15.81,10.085609,70659600
2009-06-24,16.040001,16.32,15.99,16.1,10.270607,53321600
2009-06-25,16.049999,16.35,15.91,16.309999,10.404571,55503100
2009-06-26,16.18,16.43,16.139999,16.290001,10.391812,70252000
2009-06-29,16.450001,16.66,16.27,16.379999,10.449224,59308200
2009-06-30,16.379999,16.639999,16.24,16.549999,10.557675,67489500
2009-07-01,16.67,17.309999,16.67,17.040001,10.870254,92515000
2009-07-02,16.870001,16.950001,16.68,16.719999,10.666121,54945500
2009-07-06,16.610001,16.84,16.370001,16.540001,10.551291,47324300
2009-07-07,16.83,16.93,16.200001,16.25,10.366297,69194600
2009-07-08,16.309999,16.360001,15.78,15.94,10.168535,80897100
2009-07-09,16.09,16.280001,15.96,16.02,10.219573,65658200
2009-07-10,15.98,16.219999,15.86,16.040001,10.232329,51148600
2009-07-13,16.15,16.540001,15.9,16.49,10.519396,61791800
2009-07-14,16.5,16.889999,16.459999,16.83,10.736292,95548700
2009-07-15,17.99,18.190001,17.719999,18.049999,11.514562,186137900
2009-07-16,17.940001,18.59,17.940001,18.5,11.801629,90052900
2009-07-17,18.5,18.809999,18.25,18.790001,11.986629,84212400
2009-07-20,18.860001,18.93,18.52,18.9,12.056794,77865900
2009-07-21,18.9,18.92,18.51,18.9,12.056794,63780400
2009-07-22,18.870001,19.280001,18.84,19.139999,12.209904,141096200
2009-07-23,19.09,19.58,18.99,19.48,12.426799,151443300
2009-07-24,19.129999,19.4,19.01,19.360001,12.350245,51683400
2009-07-27,19.290001,19.49,19.15,19.469999,12.420415,42326100
2009-07-28,19.290001,19.459999,19.049999,19.370001,12.356622,60037100
2009-07-29,19.290001,19.440001,19.110001,19.4,12.375761,50331700
2009-07-30,19.57,19.799999,19.299999,19.33,12.331106,60640900
2009-07-31,19.34,19.559999,19.25,19.25,12.280074,47557600
2009-08-03,19.48,19.559999,19.18,19.370001,12.356622,44330800
2009-08-04,19.209999,19.379999,19.15,19.32,12.324727,46880800
2009-08-05,19.27,19.299999,18.860001,18.860001,12.1191,60035000
2009-08-06,18.93,19.18,18.559999,18.700001,12.016289,66862100
2009-08-07,18.91,19.0,18.5,18.5,11.887774,59429500
2009-08-10,18.6,18.83,18.559999,18.76,12.054845,46899600
2009-08-11,18.700001,18.950001,18.620001,18.639999,11.977735,32772600
2009-08-12,18.690001,19.09,18.66,18.809999,12.086967,52940100
2009-08-13,18.969999,19.08,18.780001,19.049999,12.241191,44091800
2009-08-14,18.969999,19.0,18.58,18.77,12.061272,43590800
2009-08-17,18.43,18.58,18.41,18.450001,11.855645,48360500
2009-08-18,18.5,18.870001,18.459999,18.77,12.061272,42482600
2009-08-19,18.549999,18.889999,18.51,18.799999,12.080546,48165500
2009-08-20,18.73,18.809999,18.559999,18.709999,12.022716,44858000
2009-08-21,18.889999,18.92,18.549999,18.889999,12.138379,55163300
2009-08-24,18.969999,19.0,18.66,18.76,12.054845,38709600
2009-08-25,18.76,19.25,18.74,19.1,12.273324,62060100
2009-08-26,19.209999,19.49,19.129999,19.43,12.485373,61587600
2009-08-27,19.35,19.530001,19.16,19.469999,12.511073,51412600
2009-08-28,20.26,20.65,20.17,20.25,13.012292,105102800
2009-08-31,20.09,20.379999,19.969999,20.32,13.057272,53486200
2009-09-01,20.219999,20.58,19.66,19.719999,12.671722,74478300
2009-09-02,19.620001,19.83,19.469999,19.469999,12.511073,41572500
2009-09-03,19.610001,19.629999,19.23,19.42,12.478943,47507500
2009-09-04,19.43,19.690001,19.280001,19.639999,12.620313,47277800
2009-09-08,19.879999,19.99,19.549999,19.799999,12.723131,45582000
2009-09-09,19.799999,20.15,19.610001,19.93,12.806663,48804700
2009-09-10,19.879999,20.08,19.65,19.76,12.697426,49461000
2009-09-11,19.9,19.940001,19.370001,19.51,12.536777,59413200
2009-09-14,19.309999,19.49,19.280001,19.360001,12.440391,52416900
2009-09-15,19.540001,19.709999,19.360001,19.549999,12.562487,48283500
2009-09-16,19.700001,19.75,19.440001,19.65,12.626739,49554100
2009-09-17,19.629999,19.889999,19.219999,19.41,12.472521,64594100
2009-09-18,19.52,19.700001,19.370001,19.559999,12.568907,53493800
2009-09-21,19.469999,19.76,19.42,19.540001,12.55606,36161000
2009-09-22,19.629999,19.73,19.450001,19.530001,12.549631,38173500
2009-09-23,19.629999,20.24,19.6,19.879999,12.774534,72090600
2009-09-24,19.9,20.0,19.450001,19.540001,12.55606,52362100
2009-09-25,19.450001,19.59,19.299999,19.370001,12.446816,39476400
2009-09-28,19.41,19.93,19.4,19.74,12.684574,37809400
2009-09-29,19.67,19.780001,19.440001,19.48,12.517505,42035200
2009-09-30,19.610001,19.790001,19.25,19.57,12.575334,64725300
2009-10-01,19.49,19.530001,18.889999,18.9,12.144802,70648800
2009-10-02,18.950001,19.219999,18.950001,18.969999,12.189783,58171800
2009-10-05,19.120001,19.27,18.950001,19.1,12.273324,56630400
2009-10-06,19.299999,19.780001,19.280001,19.629999,12.61389,74185400
2009-10-07,19.629999,19.870001,19.469999,19.75,12.690999,49526400
2009-10-08,19.74,19.98,19.5,19.879999,12.774534,74199400
2009-10-09,19.84,20.32,19.809999,20.17,12.960886,55944900
2009-10-12,20.379999,20.65,20.24,20.4,13.108674,65087300
2009-10-13,20.51,20.690001,20.35,20.49,13.166509,116652700
2009-10-14,21.26,21.27,20.780001,20.83,13.384983,164972400
2009-10-15,20.809999,20.93,20.540001,20.67,13.282174,80532900
2009-10-16,20.469999,20.57,20.02,20.18,12.96731,75760800
2009-10-19,20.290001,20.48,20.049999,20.41,13.115107,68147600
2009-10-20,20.469999,20.58,20.110001,20.18,12.96731,67829000
2009-10-21,20.17,20.42,19.66,19.860001,12.761687,88171800
2009-10-22,19.870001,20.18,19.620001,20.120001,12.928753,66659000
2009-10-23,20.4,20.4,19.610001,19.780001,12.710276,82639200
2009-10-26,19.780001,20.040001,19.559999,19.83,12.742409,63005700
2009-10-27,20.01,20.129999,19.67,19.74,12.684574,68171500
2009-10-28,19.6,19.75,19.02,19.030001,12.228339,87595200
2009-10-29,19.17,19.41,19.1,19.219999,12.35043,77273500
2009-10-30,19.309999,19.34,18.74,19.110001,12.279744,92276300
2009-11-02,19.049999,19.15,18.75,19.01,12.215491,63613700
2009-11-03,18.629999,18.65,18.309999,18.5,11.887774,101618400
2009-11-04,18.610001,18.83,18.5,18.59,12.036692,85837100
2009-11-05,18.719999,19.110001,18.620001,18.889999,12.230938,66146600
2009-11-06,18.809999,19.110001,18.74,18.93,12.256835,44158900
2009-11-09,19.15,19.459999,19.120001,19.459999,12.599999,51383100
2009-11-10,19.43,19.690001,19.42,19.5,12.6259,59517800
2009-11-11,19.65,19.9,19.639999,19.84,12.846052,61333700
2009-11-12,20.0,20.5,19.629999,19.68,12.742449,77009600
2009-11-13,19.719999,19.950001,19.58,19.82,12.833098,43957400
2009-11-16,20.110001,20.32,20.01,20.23,13.098563,64782200
2009-11-17,20.1,20.35,20.0,20.32,13.156835,37596600
2009-11-18,20.24,20.280001,20.0,20.120001,13.027336,43215700
2009-11-19,19.4,19.4,18.950001,19.299999,12.496401,108665100
2009-11-20,19.16,19.309999,19.08,19.24,12.457556,49130500
2009-11-23,19.48,19.5,19.32,19.4,12.561152,42994500
2009-11-24,19.440001,19.5,19.25,19.389999,12.554676,52428500
2009-11-25,19.49,19.5,19.280001,19.34,12.522299,46706900
2009-11-27,18.91,19.25,18.82,19.110001,12.373382,35747700
2009-11-30,19.110001,19.26,19.0,19.200001,12.431657,48593600
2009-12-01,19.459999,19.690001,19.450001,19.66,12.729499,47225800
2009-12-02,19.700001,19.84,19.549999,19.719999,12.768351,35774000
2009-12-03,19.76,20.08,19.700001,19.870001,12.865472,49758300
2009-12-04,20.190001,20.59,20.15,20.459999,13.247485,86311300
2009-12-07,20.209999,20.51,20.190001,20.370001,13.189209,47082900
2009-12-08,20.25,20.280001,19.799999,19.99,12.94317,63988900
2009-12-09,19.99,20.08,19.709999,20.01,12.956117,53660100
2009-12-10,20.16,20.23,20.030001,20.15,13.046759,43211800
2009-12-11,20.200001,20.23,19.809999,19.9,12.884897,39141600
2009-12-14,20.02,20.110001,19.9,19.98,12.936691,35705000
2009-12-15,19.84,20.059999,19.68,19.799999,12.820148,43142500
2009-12-16,19.5,19.799999,19.280001,19.379999,12.548199,96648500
2009-12-17,19.24,19.290001,19.07,19.07,12.347484,52267400
2009-12-18,19.209999,19.709999,19.1,19.629999,12.710073,98974800
2009-12-21,19.98,20.33,19.0,20.09,13.007914,56874600
2009-12-22,20.15,20.299999,19.950001,20.040001,12.975544,36092900
2009-12-23,20.059999,20.24,20.030001,20.1,13.014392,30573800
2009-12-24,20.200001,20.35,20.18,20.33,13.163311,12189200
2009-12-28,20.41,20.5,20.16,20.299999,13.143886,27397000
2009-12-29,20.41,20.48,20.23,20.4,13.208632,29331800
2009-12-30,20.25,20.6,20.25,20.59,13.331658,26273600
2009-12-31,20.6,20.719999,20.4,20.4,13.208632,26429200
2010-01-04,20.790001,21.030001,20.73,20.879999,13.519425,47800900
2010-01-05,20.940001,20.99,20.6,20.870001,13.51295,52357700
2010-01-06,20.809999,20.93,20.67,20.799999,13.467628,40037400
2010-01-07,20.73,20.76,20.34,20.6,13.33813,54041500
2010-01-08,20.540001,20.889999,20.4,20.83,13.487051,48234700
2010-01-11,21.110001,21.15,20.82,20.950001,13.564748,51086400
2010-01-12,20.870001,20.9,20.379999,20.610001,13.344606,69958400
2010-01-13,20.719999,21.08,20.440001,20.959999,13.571223,71446700
2010-01-14,21.110001,21.549999,21.049999,21.48,13.907912,150821600
2010-01-15,21.389999,21.4,20.77,20.799999,13.467628,198078600
2010-01-19,20.9,21.17,20.85,21.049999,13.629496,82573500
2010-01-20,20.99,21.139999,20.85,21.08,13.648923,65670100
2010-01-21,21.15,21.309999,20.68,20.84,13.493528,73633300
2010-01-22,20.77,20.790001,19.809999,19.91,12.891371,116302400
2010-01-25,20.24,20.58,20.139999,20.32,13.156835,73785600
2010-01-26,20.18,20.379999,19.950001,20.0,12.94964,65298900
2010-01-27,20.0,20.33,19.82,20.24,13.105039,74926200
2010-01-28,20.299999,20.389999,19.68,19.92,12.897838,76974600
2010-01-29,20.129999,20.23,19.299999,19.4,12.561152,96053900
2010-02-01,19.469999,19.75,19.440001,19.610001,12.697124,50338300
2010-02-02,19.68,20.040001,19.559999,19.91,12.891371,63332500
2010-02-03,19.780001,19.879999,19.469999,19.68,12.844378,45582300
2010-02-04,19.57,19.58,18.950001,19.02,12.413622,90931100
2010-02-05,19.1,19.58,19.0,19.469999,12.707322,88711700
2010-02-08,19.48,19.790001,19.299999,19.35,12.628997,62563200
2010-02-09,19.639999,19.889999,19.440001,19.65,12.824798,69454100
2010-02-10,19.59,19.870001,19.450001,19.690001,12.850904,56250600
2010-02-11,19.629999,20.200001,19.549999,20.059999,13.092382,58837300
2010-02-12,19.959999,20.68,19.790001,20.43,13.333872,91108900
2010-02-16,20.620001,20.85,20.549999,20.719999,13.523149,69083400
2010-02-17,20.860001,20.860001,20.530001,20.66,13.483983,47296700
2010-02-18,20.639999,20.85,20.549999,20.84,13.601465,42613600
2010-02-19,20.719999,20.969999,20.58,20.82,13.588412,40760000
2010-02-22,20.950001,20.959999,20.65,20.870001,13.621043,38730600
2010-02-23,20.84,20.950001,20.290001,20.389999,13.307765,62245300
2010-02-24,20.52,20.809999,20.5,20.700001,13.510087,51070100
2010-02-25,20.370001,20.66,20.219999,20.629999,13.464406,48789400
2010-02-26,20.6,20.68,20.43,20.530001,13.399137,47795300
2010-03-01,20.68,20.940001,20.620001,20.870001,13.621043,51203300
2010-03-02,20.99,21.09,20.58,20.700001,13.510087,59399000
2010-03-03,20.76,20.82,20.440001,20.52,13.39261,49909900
2010-03-04,20.6,20.610001,20.26,20.530001,13.399137,62750100
2010-03-05,20.66,20.84,20.450001,20.790001,13.568835,45879700
2010-03-08,20.809999,20.879999,20.700001,20.77,13.555779,35742100
2010-03-09,20.68,21.200001,20.66,20.940001,13.666734,83168700
2010-03-10,20.950001,21.290001,20.91,21.190001,13.829899,58435600
2010-03-11,21.139999,21.27,20.99,21.25,13.869055,53778700
2010-03-12,21.309999,21.370001,21.18,21.27,13.882111,39584500
2010-03-15,21.16,21.32,21.049999,21.17,13.816844,34378000
2010-03-16,21.23,22.040001,21.200001,22.01,14.36508,123060900
2010-03-17,22.059999,22.35,21.91,22.24,14.515183,77805900
2010-03-18,22.190001,22.35,22.01,22.200001,14.489088,54458500
2010-03-19,22.25,22.389999,21.809999,21.99,14.352024,77998500
2010-03-22,21.870001,22.299999,21.84,22.24,14.515183,47405700
2010-03-23,22.389999,22.75,22.360001,22.67,14.795842,64740900
2010-03-24,22.530001,22.67,22.32,22.43,14.639198,54729000
2010-03-25,22.690001,22.73,22.309999,22.35,14.586979,52428700
2010-03-26,22.43,22.59,22.07,22.24,14.515183,45700500
2010-03-29,22.42,22.49,22.26,22.33,14.573932,34467900
2010-03-30,22.4,22.540001,22.18,22.34,14.580458,37886300
2010-03-31,22.32,22.5,22.200001,22.290001,14.547825,45983800
2010-04-01,22.4,22.639999,22.200001,22.389999,14.613088,45491000
2010-04-05,22.48,22.65,22.34,22.59,14.743625,34942900
2010-04-06,22.43,22.48,22.26,22.4,14.619617,47056500
2010-04-07,22.43,22.68,22.25,22.450001,14.65225,62539800
2010-04-08,22.379999,22.41,22.16,22.309999,14.560878,40824500
2010-04-09,22.4,22.57,22.360001,22.549999,14.717514,45528700
2010-04-12,22.690001,22.73,22.440001,22.540001,14.710989,49353000
2010-04-13,22.65,22.82,22.469999,22.77,14.861103,122395600
2010-04-14,23.57,23.690001,23.27,23.52,15.350597,159980600
2010-04-15,23.83,24.370001,23.799999,24.219999,15.807457,110819600
2010-04-16,24.059999,24.16,23.77,23.92,15.611663,102974900
2010-04-19,23.91,24.040001,23.540001,24.0,15.663872,71310800
2010-04-20,24.200001,24.25,23.9,24.120001,15.742195,65991400
2010-04-21,24.1,24.129999,23.540001,23.799999,15.533352,73899300
2010-04-22,23.549999,24.059999,23.32,23.99,15.657347,73666100
2010-04-23,23.950001,24.059999,23.73,24.040001,15.689983,56963700
2010-04-26,24.08,24.129999,23.809999,23.82,15.546391,57727600
2010-04-27,23.73,23.879999,23.299999,23.35,15.239652,78937600
2010-04-28,23.41,23.459999,22.91,23.26,15.180905,109052100
2010-04-29,23.33,23.51,23.299999,23.49,15.331021,59059400
2010-04-30,23.450001,23.459999,22.809999,22.84,14.906793,81864000
2010-05-03,22.98,23.440001,22.9,23.26,15.180905,55449900
2010-05-04,22.93,22.950001,22.4,22.559999,14.724043,90704300
2010-05-05,22.1,22.379999,21.9,22.17,14.571551,96854100
2010-05-06,22.15,22.379999,19.9,21.51,14.137762,160695900
2010-05-07,21.26,21.700001,20.459999,21.309999,14.00631,139360500
2010-05-10,22.290001,22.559999,22.16,22.549999,14.821312,112607400
2010-05-11,22.32,22.860001,22.1,22.280001,14.643852,102689700
2010-05-12,22.6,23.139999,22.49,23.09,15.176241,83343400
2010-05-13,23.030001,23.17,22.360001,22.5,14.788449,62099000
2010-05-14,22.190001,22.209999,21.530001,21.889999,14.387522,83526200
2010-05-17,21.75,22.049999,21.41,22.02,14.472965,64550400
2010-05-18,22.139999,22.23,21.33,21.43,14.085185,76636100
2010-05-19,21.52,21.709999,21.0,21.6,14.19691,89530600
2010-05-20,21.02,21.24,20.629999,20.790001,13.664536,106551000
2010-05-21,20.41,21.17,20.18,20.91,13.743402,111769100
2010-05-24,20.950001,21.219999,20.610001,20.67,13.585662,56436100
2010-05-25,20.120001,20.870001,20.030001,20.85,13.703966,96151400
2010-05-26,21.1,21.5,20.700001,20.700001,13.605375,85666800
2010-05-27,21.16,21.799999,21.120001,21.76,14.302078,83236800
2010-05-28,21.68,21.75,21.23,21.42,14.078607,72712600
2010-06-01,21.299999,21.74,21.129999,21.18,13.920867,57164500
2010-06-02,21.389999,21.83,21.16,21.809999,14.334942,61537200
2010-06-03,21.959999,22.0,21.469999,21.9,14.394099,54614400
2010-06-04,21.540001,21.6,20.790001,20.950001,13.769693,67919400
2010-06-07,20.940001,21.030001,20.24,20.309999,13.349045,65435200
2010-06-08,20.219999,20.23,19.74,20.18,13.263604,91377800
2010-06-09,20.389999,20.6,19.860001,19.93,13.099283,58981200
2010-06-10,20.35,20.6,20.25,20.549999,13.506783,57168300
2010-06-11,20.309999,20.75,20.280001,20.639999,13.565942,49491800
2010-06-14,20.950001,21.139999,20.82,20.889999,13.73026,68877500
2010-06-15,21.110001,21.559999,21.01,21.48,14.118042,62082000
2010-06-16,21.41,21.65,21.209999,21.49,14.124619,43764600
2010-06-17,21.59,21.690001,21.200001,21.52,14.144336,37270900
2010-06-18,21.559999,21.65,21.18,21.4,14.065463,64872600
2010-06-21,21.67,21.690001,21.059999,21.190001,13.927439,48844300
2010-06-22,21.129999,21.33,20.860001,20.98,13.789408,58831100
2010-06-23,20.940001,21.02,20.66,20.809999,13.677675,61352400
2010-06-24,20.620001,20.790001,20.200001,20.32,13.355617,62003900
2010-06-25,20.4,20.41,19.889999,20.030001,13.165012,94683200
2010-06-28,20.110001,20.59,19.91,20.360001,13.381912,54468400
2010-06-29,20.0,20.049999,19.65,19.790001,13.007268,79050800
2010-06-30,19.700001,20.030001,19.4,19.450001,12.783798,64294700
2010-07-01,19.43,19.620001,19.0,19.25,12.652349,88020000
2010-07-02,19.209999,19.370001,18.959999,19.200001,12.619483,58093400
2010-07-06,19.549999,19.76,19.25,19.48,12.803517,60697600
2010-07-07,19.459999,20.17,19.389999,20.139999,13.237311,72806800
2010-07-08,20.34,20.360001,19.83,20.1,13.21102,65407600
2010-07-09,20.059999,20.280001,19.959999,20.24,13.303038,52843800
2010-07-12,20.309999,20.65,20.299999,20.57,13.519938,56587900
2010-07-13,20.969999,22.280001,20.82,21.01,13.809127,103191800
2010-07-14,22.059999,22.25,21.280001,21.360001,14.039172,199002600
2010-07-15,21.34,21.59,21.01,21.51,14.137762,118558200
2010-07-16,21.43,21.48,21.0,21.02,13.815698,80451500
2010-07-19,21.17,21.610001,21.16,21.59,14.190347,63430400
2010-07-20,21.16,21.73,21.1,21.65,14.229779,72666400
2010-07-21,21.57,21.65,21.18,21.26,13.973445,71775300
2010-07-22,21.35,21.98,21.34,21.780001,14.315227,74465500
2010-07-23,21.639999,21.719999,21.33,21.690001,14.256069,62115500
2010-07-26,21.68,21.74,21.41,21.709999,14.26921,50929500
2010-07-27,21.68,21.74,21.389999,21.58,14.183771,53975800
2010-07-28,21.639999,21.690001,21.290001,21.33,14.019454,51673900
2010-07-29,21.389999,21.48,20.76,21.030001,13.822276,83811400
2010-07-30,20.77,20.92,20.58,20.6,13.539651,67395900
2010-08-02,20.9,21.280001,20.73,21.15,13.901147,50316200
2010-08-03,21.01,21.030001,20.709999,20.870001,13.717112,60929200
2010-08-04,20.809999,20.860001,20.450001,20.73,13.729033,85639700
2010-08-05,20.639999,20.790001,20.459999,20.67,13.689299,44475000
2010-08-06,20.450001,20.809999,20.41,20.65,13.67605,50833800
2010-08-09,20.790001,20.790001,20.41,20.65,13.67605,46082800
2010-08-10,20.110001,20.17,19.700001,19.82,13.126365,136352400
2010-08-11,19.530001,19.58,19.299999,19.43,12.868073,99079200
2010-08-12,19.17,19.73,19.08,19.450001,12.881319,86580600
2010-08-13,19.33,19.49,19.15,19.15,12.682637,57384800
2010-08-16,19.139999,19.559999,19.110001,19.469999,12.894567,48721100
2010-08-17,19.719999,19.870001,19.5,19.530001,12.9343,60836400
2010-08-18,19.530001,19.780001,19.469999,19.59,12.97404,58982400
2010-08-19,18.969999,19.129999,18.809999,18.9,12.517063,159900400
2010-08-20,18.92,19.0,18.76,18.91,12.523687,95174400
2010-08-23,18.92,18.98,18.6,18.700001,12.384608,71954400
2010-08-24,18.559999,18.68,18.389999,18.41,12.192546,75107400
2010-08-25,18.26,18.59,18.18,18.48,12.238901,63350600
2010-08-26,18.6,18.610001,18.120001,18.18,12.04022,69586000
2010-08-27,18.23,18.52,17.809999,18.370001,12.166057,135184300
2010-08-30,18.25,18.309999,17.940001,17.959999,11.894522,73718900
2010-08-31,17.879999,17.92,17.6,17.67,11.702462,111601400
2010-09-01,17.940001,18.27,17.889999,18.139999,12.01373,73611500
2010-09-02,18.23,18.33,18.08,18.280001,12.106452,53192100
2010-09-03,18.52,18.59,18.200001,18.43,12.205793,59143200
2010-09-07,18.360001,18.41,18.049999,18.120001,12.000487,58636500
2010-09-08,18.040001,18.049999,17.75,17.9,11.854786,101747000
2010-09-09,18.049999,18.08,17.93,18.0,11.921017,65019600
2010-09-10,17.950001,18.1,17.84,17.969999,11.901144,68814700
2010-09-13,18.219999,18.559999,18.200001,18.559999,12.291886,73870900
2010-09-14,18.530001,18.799999,18.34,18.74,12.4111,64479500
2010-09-15,18.73,18.77,18.540001,18.719999,12.397854,56107300
2010-09-16,18.700001,18.98,18.58,18.969999,12.563422,69165800
2010-09-17,19.030001,19.08,18.67,18.809999,12.457457,70436600
2010-09-20,18.889999,18.959999,18.690001,18.93,12.536932,44935100
2010-09-21,18.879999,19.27,18.84,19.139999,12.676015,69131400
2010-09-22,19.040001,19.25,18.889999,19.01,12.589919,61569400
2010-09-23,18.85,19.309999,18.75,18.98,12.570041,51954700
2010-09-24,19.23,19.450001,19.18,19.42,12.861447,55749300
2010-09-27,19.4,19.43,19.18,19.24,12.742239,51071000
2010-09-28,19.309999,19.57,19.1,19.51,12.921053,61019600
2010-09-29,19.48,19.620001,19.120001,19.24,12.742239,62484300
2010-09-30,19.34,19.6,19.110001,19.200001,12.71575,75382200
2010-10-01,19.469999,20.35,18.879999,19.32,12.795223,41275000
2010-10-04,19.25,19.299999,18.77,18.870001,12.497194,67082000
2010-10-05,19.08,19.290001,19.030001,19.15,12.682637,61004600
2010-10-06,19.209999,19.370001,19.129999,19.309999,12.788599,54990000
2010-10-07,19.370001,19.540001,19.209999,19.4,12.848205,51794600
2010-10-08,19.4,19.58,19.209999,19.52,12.927675,46528700
2010-10-11,19.59,19.75,19.530001,19.559999,12.954163,52722400
2010-10-12,19.65,19.799999,19.440001,19.77,13.093246,94743400
2010-10-13,19.98,20.030001,19.16,19.24,12.742239,173827300
2010-10-14,19.309999,19.459999,19.200001,19.32,12.795223,59255900
2010-10-15,19.440001,19.469999,19.200001,19.32,12.795223,64052800
2010-10-18,19.26,19.32,18.969999,19.190001,12.709127,54985100
2010-10-19,19.01,19.389999,18.9,19.209999,12.722372,85409800
2010-10-20,19.299999,19.780001,19.290001,19.639999,13.007147,84884600
2010-10-21,19.75,19.860001,19.57,19.76,13.086622,74287500
2010-10-22,19.790001,19.93,19.75,19.84,13.139611,50129800
2010-10-25,19.950001,20.0,19.799999,19.870001,13.159475,45769400
2010-10-26,19.790001,20.110001,19.73,20.040001,13.272065,56344600
2010-10-27,19.93,20.200001,19.809999,20.190001,13.371404,48151900
2010-10-28,20.290001,20.530001,20.02,20.469999,13.556839,71144000
2010-10-29,20.450001,20.559999,20.01,20.049999,13.278683,60774400
2010-11-01,20.35,20.67,20.34,20.57,13.623075,51593700
2010-11-02,20.639999,20.700001,20.290001,20.34,13.470748,60959100
2010-11-03,20.34,20.52,20.219999,20.48,13.669643,53044600
2010-11-04,20.66,21.02,20.559999,20.969999,13.996705,66048200
2010-11-05,21.01,21.290001,20.969999,21.24,14.176918,55960500
2010-11-08,21.34,21.5,21.17,21.23,14.170245,53006900
2010-11-09,21.200001,21.35,21.030001,21.16,14.123524,46639500
2010-11-10,21.15,21.17,20.82,21.040001,14.043432,48072100
2010-11-11,20.690001,21.23,20.549999,21.209999,14.156898,69682800
2010-11-12,21.440001,21.809999,21.33,21.530001,14.370484,100662400
2010-11-15,21.65,21.66,21.26,21.299999,14.216964,50076900
2010-11-16,21.129999,21.27,20.879999,21.07,14.063451,62890100
2010-11-17,21.02,21.219999,20.93,21.08,14.070128,44262100
2010-11-18,21.049999,21.24,20.92,21.02,14.030074,68847000
2010-11-19,20.969999,21.200001,20.879999,21.139999,14.110175,49134200
2010-11-22,20.92,21.280001,20.879999,21.25,14.183596,40328600
2010-11-23,21.040001,21.219999,20.809999,21.09,14.076805,44856200
2010-11-24,21.23,21.57,21.17,21.389999,14.277043,42449700
2010-11-26,21.24,21.43,21.1,21.34,14.24367,19147500
2010-11-29,21.15,21.450001,21.120001,21.33,14.236992,46887900
2010-11-30,21.18,21.299999,21.07,21.16,14.123524,52406500
2010-12-01,21.459999,21.6,21.42,21.48,14.337111,52939300
2010-12-02,21.5,21.77,21.48,21.700001,14.483958,48095800
2010-12-03,21.629999,21.780001,21.620001,21.690001,14.477278,43907400
2010-12-06,21.610001,21.76,21.549999,21.700001,14.483958,31861200
2010-12-07,21.84,21.860001,21.58,21.58,14.403858,46991400
2010-12-08,21.690001,21.9,21.66,21.82,14.56405,68959600
2010-12-09,22.01,22.07,21.719999,21.809999,14.557375,79874700
2010-12-10,21.91,21.98,21.799999,21.91,14.624119,52407700
2010-12-13,22.01,22.02,21.34,21.5,14.350467,78296300
2010-12-14,21.4,21.559999,21.299999,21.469999,14.330441,41699300
2010-12-15,21.35,21.5,21.280001,21.280001,14.203621,42701400
2010-12-16,21.35,21.389999,21.25,21.299999,14.216964,35224900
2010-12-17,21.309999,21.49,21.27,21.459999,14.323764,57138100
2010-12-20,21.389999,21.43,21.200001,21.23,14.170245,34211900
2010-12-21,21.27,21.27,21.08,21.1,14.083474,34102300
2010-12-22,20.950001,21.02,20.809999,20.889999,13.94331,49206900
2010-12-23,20.84,20.92,20.700001,20.84,13.90994,27960800
2010-12-27,20.75,20.860001,20.65,20.84,13.90994,18604300
2010-12-28,20.809999,20.93,20.76,20.879999,13.936631,21169600
2010-12-29,20.940001,21.059999,20.879999,20.940001,13.976686,20848400
2010-12-30,20.950001,21.08,20.93,21.02,14.030074,18876000
2010-12-31,21.030001,21.059999,20.940001,21.030001,14.036755,15743700
2011-01-03,21.01,21.049999,20.780001,20.85,13.91661,58223800
2011-01-04,21.120001,21.200001,21.049999,21.15,14.116849,75206200
2011-01-05,21.190001,21.209999,20.9,20.940001,13.976686,61810500
2011-01-06,20.67,20.82,20.549999,20.77,13.863213,116669000
2011-01-07,20.709999,20.77,20.27,20.66,13.789792,74806100
2011-01-10,20.709999,20.77,20.57,20.690001,13.809814,51449700
2011-01-11,20.83,21.120001,20.74,21.049999,14.050102,64452600
2011-01-12,21.27,21.33,21.07,21.299999,14.216964,53380600
2011-01-13,21.26,21.32,21.08,21.290001,14.210299,104066300
2011-01-14,21.35,21.42,20.969999,21.08,14.070128,154888800
2011-01-18,21.030001,21.200001,20.940001,21.08,14.070128,55272100
2011-01-19,21.07,21.129999,20.950001,21.01,14.023401,43339000
2011-01-20,20.940001,20.950001,20.620001,20.950001,13.983356,56170800
2011-01-21,20.950001,21.040001,20.809999,20.82,13.896588,63697600
2011-01-24,21.030001,21.24,20.93,21.24,14.176918,82375700
2011-01-25,21.280001,21.57,21.17,21.549999,14.38384,72327200
2011-01-26,21.77,21.9,21.66,21.75,14.517327,57196100
2011-01-27,21.76,21.940001,21.65,21.75,14.517327,58069200
2011-01-28,21.76,21.889999,21.35,21.459999,14.323764,55193100
2011-01-31,21.549999,21.639999,21.030001,21.459999,14.323764,90844300
2011-02-01,21.49,21.700001,21.280001,21.48,14.337111,60971000
2011-02-02,21.48,21.709999,21.469999,21.559999,14.390512,46928100
2011-02-03,21.41,21.65,21.299999,21.57,14.519068,39846000
2011-02-04,21.469999,21.700001,21.43,21.68,14.593119,39353500
2011-02-07,21.74,21.860001,21.629999,21.690001,14.599842,43643100
2011-02-08,21.65,21.68,21.4,21.639999,14.566189,48215100
2011-02-09,21.530001,21.6,21.42,21.459999,14.445036,44601400
2011-02-10,21.43,21.84,21.35,21.799999,14.673892,56661800
2011-02-11,21.629999,21.85,21.52,21.76,14.64697,43716600
2011-02-14,21.629999,21.799999,21.5,21.57,14.519068,45134600
2011-02-15,21.48,21.549999,21.280001,21.450001,14.438302,50640200
2011-02-16,21.57,21.879999,21.43,21.75,14.640237,55214100
2011-02-17,21.68,22.059999,21.67,21.969999,14.788319,50185500
2011-02-18,22.09,22.209999,22.01,22.139999,14.902744,55060500
2011-02-22,21.950001,22.190001,21.73,21.809999,14.680622,64515600
2011-02-23,21.700001,21.719999,21.01,21.15,14.236364,83648300
2011-02-24,21.1,21.41,21.030001,21.290001,14.330605,54496400
2011-02-25,21.52,22.0,21.459999,21.860001,14.714282,53475700
2011-02-28,21.75,21.84,21.370001,21.469999,14.451761,66390100
2011-03-01,21.610001,21.690001,21.35,21.389999,14.39792,57987400
2011-03-02,21.42,21.700001,21.4,21.49,14.46522,52192300
2011-03-03,21.66,21.879999,21.65,21.790001,14.667163,50504000
2011-03-04,21.879999,22.08,21.4,21.559999,14.51234,64664800
2011-03-07,21.690001,21.74,21.08,21.209999,14.276756,57520200
2011-03-08,21.26,21.26,21.02,21.129999,14.222902,57165700
2011-03-09,21.08,21.34,20.940001,21.200001,14.270024,60415900
2011-03-10,20.940001,21.02,20.719999,20.790001,13.99405,69121300
2011-03-11,20.629999,20.959999,20.610001,20.870001,14.0479,45640700
2011-03-14,20.66,20.879999,20.620001,20.84,14.027699,48954200
2011-03-15,20.23,20.33,20.01,20.18,13.58344,80464000
2011-03-16,20.030001,20.370001,19.709999,19.809999,13.334391,84812700
2011-03-17,20.02,20.059999,19.799999,19.9,13.394974,59048300
2011-03-18,19.98,20.15,19.879999,19.93,13.415161,74001300
2011-03-21,19.9,20.389999,19.879999,20.190001,13.590182,43392300
2011-03-22,20.18,20.209999,19.98,20.15,13.56325,45962800
2011-03-23,20.09,20.360001,20.01,20.290001,13.657488,37924600
2011-03-24,20.51,20.51,20.280001,20.379999,13.718072,49378300
2011-03-25,20.299999,20.6,20.209999,20.370001,13.711337,52478400
2011-03-28,20.440001,20.66,20.33,20.34,13.691147,37109400
2011-03-29,20.27,20.290001,19.98,20.280001,13.650753,59545200
2011-03-30,20.42,20.459999,20.110001,20.459999,13.771915,54565700
2011-03-31,20.290001,20.370001,19.940001,20.18,13.58344,87528000
2011-04-01,20.379999,20.379999,19.559999,19.719999,13.273814,82621500
2011-04-04,19.790001,19.799999,19.360001,19.49,13.118997,69372800
2011-04-05,19.59,19.879999,19.549999,19.709999,13.267082,62605700
2011-04-06,19.860001,19.950001,19.709999,19.950001,13.428632,56267400
2011-04-07,19.92,20.09,19.82,20.030001,13.48248,51606400
2011-04-08,20.040001,20.200001,19.950001,20.02,13.475751,46474900
2011-04-11,20.07,20.200001,20.01,20.120001,13.543056,43166300
2011-04-12,20.01,20.07,19.690001,19.76,13.300744,52110300
2011-04-13,19.879999,19.950001,19.719999,19.780001,13.314202,38977500
2011-04-14,19.639999,19.66,19.41,19.58,13.179574,52706900
2011-04-15,19.6,19.75,19.530001,19.75,13.294002,44283000
2011-04-18,19.530001,19.74,19.450001,19.620001,13.206506,46481400
2011-04-19,19.67,19.98,19.620001,19.860001,13.368049,81426500
2011-04-20,21.209999,21.440001,20.940001,21.41,14.411376,174554500
2011-04-21,21.389999,21.49,21.190001,21.459999,14.445036,77640100
2011-04-25,21.370001,22.01,21.33,21.940001,14.768136,81676700
2011-04-26,21.82,22.530001,21.809999,22.48,15.131615,105300000
2011-04-27,22.540001,22.68,22.33,22.629999,15.232576,68452900
2011-04-28,22.450001,22.870001,22.450001,22.799999,15.347002,55000000
2011-04-29,22.799999,23.190001,22.629999,23.15,15.582596,156189000
2011-05-02,23.02,23.18,22.809999,22.91,15.421048,71970500
2011-05-03,22.809999,23.459999,22.67,23.23,15.636443,110500000
2011-05-04,23.049999,23.559999,22.719999,23.5,15.942402,137107200
2011-05-05,23.43,23.860001,23.17,23.610001,16.017031,94292200
2011-05-06,23.459999,23.59,23.129999,23.25,15.7728,100005900
2011-05-09,23.129999,23.200001,22.65,22.76,15.440383,73296400
2011-05-10,22.85,23.200001,22.82,23.030001,15.623554,66314300
2011-05-11,23.290001,23.629999,23.200001,23.41,15.881346,85800000
2011-05-12,23.25,23.83,23.23,23.709999,16.084866,66300000
2011-05-13,23.66,23.799999,23.360001,23.41,15.881346,53099500
2011-05-16,23.32,23.950001,23.27,23.639999,16.037382,74471600
2011-05-17,23.370001,23.57,23.08,23.549999,15.976319,86074100
2011-05-18,23.6,23.959999,23.52,23.879999,16.200191,65592900
2011-05-19,23.32,23.870001,23.200001,23.540001,15.969538,98367500
2011-05-20,23.459999,23.540001,23.15,23.219999,15.752451,63124700
2011-05-23,22.92,23.030001,22.76,22.860001,15.508228,64900000
2011-05-24,22.889999,22.91,22.59,22.610001,15.338624,51736300
2011-05-25,22.52,22.83,22.41,22.68,15.386109,49375900
2011-05-26,22.620001,22.639999,22.450001,22.5,15.263998,44432200
2011-05-27,22.459999,22.52,22.110001,22.209999,15.067263,67162300
2011-05-31,22.450001,22.639999,22.32,22.51,15.270785,59575300
2011-06-01,22.450001,22.48,21.98,22.0,14.924801,56011400
2011-06-02,22.01,22.33,21.860001,22.09,14.985861,53445700
2011-06-03,21.790001,22.1,21.67,21.73,14.741634,53937700
2011-06-06,21.74,21.950001,21.66,21.83,14.809472,49667100
2011-06-07,22.040001,22.440001,22.0,22.059999,14.965499,60300000
2011-06-08,21.959999,22.129999,21.73,21.82,14.802688,49513200
2011-06-09,21.870001,22.01,21.700001,21.76,14.761988,36986100
2011-06-10,21.73,21.799999,21.26,21.379999,14.50419,53233300
2011-06-13,21.43,21.6,21.280001,21.389999,14.510983,43550000
2011-06-14,21.6,21.92,21.549999,21.82,14.802688,51995000
2011-06-15,21.68,21.83,21.4,21.42,14.531332,48556700
2011-06-16,21.459999,21.790001,21.27,21.42,14.531332,53634800
2011-06-17,21.68,21.68,21.07,21.190001,14.375298,96504000
2011-06-20,21.190001,21.42,21.17,21.33,14.470275,37358400
2011-06-21,21.459999,21.690001,21.219999,21.65,14.687362,55384300
2011-06-22,21.540001,21.610001,21.379999,21.4,14.517763,37679600
2011-06-23,21.200001,21.719999,21.059999,21.709999,14.728063,54189000
2011-06-24,21.610001,21.74,21.18,21.200001,14.382083,124407700
2011-06-27,21.17,21.48,21.0,21.34,14.477061,45183400
2011-06-28,21.42,21.540001,21.26,21.49,14.578815,36515100
2011-06-29,21.530001,21.57,21.309999,21.389999,14.510983,31660400
2011-06-30,21.48,22.219999,21.48,22.16,15.033341,53930200
2011-07-01,22.209999,22.58,22.1,22.530001,15.284351,35837100
2011-07-05,22.690001,22.690001,22.360001,22.440001,15.223304,33358200
2011-07-06,22.450001,22.82,22.440001,22.75,15.433601,43269800
2011-07-07,22.889999,23.389999,22.860001,23.23,15.759233,53107000
2011-07-08,22.959999,23.200001,22.809999,23.09,15.664254,35838800
2011-07-11,22.84,22.98,22.73,22.85,15.501443,34663100
2011-07-12,22.620001,22.719999,22.24,22.450001,15.230082,51048100
2011-07-13,22.57,22.73,22.32,22.48,15.250439,43265500
2011-07-14,22.559999,22.700001,22.209999,22.27,15.107973,47571900
2011-07-15,22.27,22.559999,22.200001,22.370001,15.175811,49959400
2011-07-18,22.290001,22.43,22.08,22.280001,15.114751,45195400
2011-07-19,22.440001,23.1,22.440001,23.059999,15.6439,55706900
2011-07-20,23.1,23.219999,22.9,22.99,15.596426,57158800
2011-07-21,22.35,22.879999,22.17,22.809999,15.474303,80125400
2011-07-22,22.940001,23.25,22.780001,23.129999,15.691393,45085500
2011-07-25,22.940001,23.280001,22.799999,23.030001,15.623554,40716100
2011-07-26,23.030001,23.15,22.83,22.9,15.535358,45573600
2011-07-27,22.65,22.75,22.35,22.530001,15.284351,59198500
2011-07-28,22.469999,22.879999,22.33,22.549999,15.297918,36736700
2011-07-29,22.35,22.620001,22.219999,22.33,15.148681,51897500
2011-08-01,22.57,22.690001,21.9,22.24,15.087611,51674300
2011-08-02,22.01,22.190001,21.709999,21.719999,14.734853,56976600
2011-08-03,21.6,21.969999,21.35,21.809999,14.940355,65640300
2011-08-04,21.469999,21.809999,20.84,20.85,14.282731,86743900
2011-08-05,21.0,21.200001,20.209999,20.790001,14.241639,101800300
2011-08-08,20.24,20.870001,20.08,20.110001,13.775817,137491600
2011-08-09,20.280001,20.620001,19.52,20.6,14.111476,116628500
2011-08-10,20.27,20.51,19.77,19.93,13.652512,95403800
2011-08-11,20.139999,21.0,20.07,20.76,14.22108,75327100
2011-08-12,20.780001,20.91,20.559999,20.65,14.145732,54183200
2011-08-15,20.75,20.93,20.629999,20.889999,14.310136,46288900
2011-08-16,20.74,21.07,20.5,20.790001,14.241639,44763700
2011-08-17,20.58,20.98,20.4,20.67,14.159427,51304900
2011-08-18,20.15,20.18,19.549999,19.77,13.542907,92196400
2011-08-19,19.610001,19.959999,19.16,19.190001,13.145597,79157400
2011-08-22,19.549999,19.68,19.26,19.379999,13.275753,48904000
2011-08-23,19.360001,19.709999,19.299999,19.709999,13.501811,54210800
2011-08-24,19.58,19.879999,19.370001,19.799999,13.563461,53521400
2011-08-25,19.83,19.879999,19.4,19.42,13.303152,51597200
2011-08-26,19.43,19.969999,19.27,19.77,13.542907,53819400
2011-08-29,19.940001,20.309999,19.83,20.299999,13.905974,40646100
2011-08-30,20.190001,20.35,19.92,20.24,13.864871,39098800
2011-08-31,20.23,20.41,20.02,20.129999,13.789515,55288500
2011-09-01,20.280001,20.35,19.99,19.99,13.693616,40781200
2011-09-02,19.799999,19.93,19.57,19.639999,13.453856,42807600
2011-09-06,19.25,19.58,19.16,19.540001,13.385357,44255600
2011-09-07,20.02,20.139999,19.860001,20.08,13.755271,46090100
2011-09-08,20.049999,20.299999,19.809999,19.9,13.631966,42985100
2011-09-09,19.75,20.219999,19.66,19.700001,13.494959,61406600
2011-09-12,19.530001,20.290001,19.52,20.280001,13.892269,53318000
2011-09-13,20.32,20.9,20.209999,20.76,14.22108,60222400
2011-09-14,20.889999,21.4,20.709999,21.120001,14.467692,58352700
2011-09-15,21.309999,21.67,21.219999,21.540001,14.755402,53239300
2011-09-16,21.65,22.09,21.43,21.969999,15.049962,90738900
2011-09-19,21.77,22.059999,21.629999,21.93,15.022559,57738000
2011-09-20,21.99,22.469999,21.860001,22.200001,15.207516,71495200
2011-09-21,22.18,22.5,21.9,21.940001,15.029416,66811700
2011-09-22,21.549999,21.9,21.34,21.620001,14.810203,94232800
2011-09-23,21.389999,22.27,21.219999,22.16,15.180117,74135600
2011-09-26,22.16,22.440001,21.790001,22.24,15.23491,64847800
2011-09-27,22.5,22.98,22.370001,22.540001,15.440429,88219700
2011-09-28,22.610001,22.709999,22.299999,22.309999,15.282866,74789100
2011-09-29,22.379999,22.6,21.870001,22.209999,15.21436,85510500
2011-09-30,21.93,22.07,21.33,21.34,14.618396,64453700
2011-10-03,21.18,21.4,20.57,20.620001,14.12518,95768300
2011-10-04,20.450001,21.27,20.4,21.219999,14.53619,77896900
2011-10-05,21.25,21.969999,21.059999,21.85,14.967757,70932100
2011-10-06,21.92,22.049999,21.67,22.030001,15.09106,58483000
2011-10-07,22.07,22.5,21.91,22.290001,15.269172,58425800
2011-10-10,22.48,22.889999,22.469999,22.879999,15.673331,40172800
2011-10-11,22.76,23.0,22.610001,22.99,15.748686,50604700
2011-10-12,23.0,23.280001,22.98,23.120001,15.837738,59913300
2011-10-13,23.02,23.459999,22.959999,23.389999,16.022697,51288900
2011-10-14,23.440001,23.5,23.25,23.5,16.098049,44894100
2011-10-17,23.32,23.6,23.139999,23.280001,15.947341,47936100
2011-10-18,23.17,23.49,23.07,23.4,16.029543,85272200
2011-10-19,24.01,24.5,23.860001,24.24,16.604959,139956200
2011-10-20,23.879999,23.879999,23.35,23.610001,16.173399,88682000
2011-10-21,23.860001,24.25,23.799999,24.030001,16.461109,123273100
2011-10-24,24.049999,24.790001,24.02,24.59,16.844719,138273600
2011-10-25,24.469999,24.85,24.389999,24.629999,16.872122,60939200
2011-10-26,24.799999,24.84,24.34,24.700001,16.920073,58249900
2011-10-27,24.93,25.200001,24.85,25.129999,17.214638,84559200
2011-10-28,24.870001,25.030001,24.73,24.98,17.111881,44897400
2011-10-31,24.57,24.92,24.49,24.540001,16.810467,43121800
2011-11-01,24.110001,24.35,23.82,23.9,16.372053,68002400
2011-11-02,24.02,24.059999,23.549999,23.85,16.337801,56626000
2011-11-03,23.790001,24.23,23.280001,24.200001,16.724829,58297700
2011-11-04,24.040001,24.07,23.66,23.74,16.406916,46476000
2011-11-07,23.700001,24.309999,23.629999,24.280001,16.780115,51137900
2011-11-08,24.48,24.77,24.26,24.75,17.104937,55961900
2011-11-09,24.24,24.32,23.799999,23.84,16.476027,56872200
2011-11-10,24.139999,24.25,23.74,24.059999,16.628071,45508700
2011-11-11,24.309999,24.9,24.299999,24.85,17.174044,43867200
2011-11-14,24.780001,24.9,24.48,24.629999,17.022003,49418100
2011-11-15,24.66,25.459999,24.620001,25.34,17.512688,77391300
2011-11-16,25.129999,25.5,24.879999,24.940001,17.236248,74241700
2011-11-17,24.9,24.950001,24.120001,24.34,16.821587,62125300
2011-11-18,24.17,24.43,24.02,24.290001,16.787027,45683600
2011-11-21,24.030001,24.15,23.35,23.57,16.289425,58579300
2011-11-22,23.379999,23.530001,23.09,23.24,16.061367,48479200
2011-11-23,23.040001,23.139999,22.690001,22.700001,15.688163,52698400
2011-11-25,22.549999,23.219999,22.51,22.73,15.708892,28346900
2011-11-28,23.280001,23.57,23.25,23.459999,16.213409,39753000
2011-11-29,23.49,23.9,23.42,23.58,16.296339,44191100
2011-11-30,24.280001,24.940001,24.23,24.91,17.215508,73450200
2011-12-01,24.870001,24.969999,24.4,24.92,17.222425,51820400
2011-12-02,25.01,25.139999,24.6,24.639999,17.028917,41486500
2011-12-05,25.030001,25.200001,24.790001,25.01,17.284618,42526800
2011-12-06,25.09,25.48,25.0,25.35,17.519608,49516000
2011-12-07,25.33,25.780001,25.129999,25.66,17.733849,54791500
2011-12-08,25.450001,25.530001,24.629999,24.709999,17.077288,58000600
2011-12-09,24.41,25.1,24.379999,25.01,17.284618,44071500
2011-12-12,24.18,24.290001,23.610001,24.0,16.586601,94831300
2011-12-13,24.049999,24.059999,23.42,23.559999,16.282522,78519000
2011-12-14,23.48,23.559999,23.139999,23.309999,16.109743,56395100
2011-12-15,23.58,23.67,23.25,23.309999,16.109743,38692600
2011-12-16,23.469999,23.889999,23.23,23.23,16.054447,94567200
2011-12-19,23.389999,23.48,23.049999,23.1,15.964611,42243000
2011-12-20,23.49,23.98,23.440001,23.84,16.476027,46309500
2011-12-21,23.950001,24.09,23.43,23.68,16.365446,45222100
2011-12-22,23.83,24.1,23.76,24.02,16.600433,32002200
2011-12-23,24.129999,24.4,24.040001,24.4,16.863049,24832700
2011-12-27,24.450001,24.700001,24.4,24.559999,16.973621,24136000
2011-12-28,24.52,24.559999,24.18,24.23,16.745556,23703400
2011-12-29,24.360001,24.58,24.280001,24.549999,16.966721,22319300
2011-12-30,24.43,24.620001,24.25,24.25,16.75938,21710100
2012-01-03,24.620001,24.889999,24.389999,24.540001,16.959799,44845600
2012-01-04,24.57,25.129999,24.530001,25.110001,17.353739,47504000
2012-01-05,25.059999,25.450001,24.98,25.4,17.554157,49490600
2012-01-06,25.209999,25.4,25.01,25.25,17.450487,36343500
2012-01-09,25.4,25.559999,25.219999,25.469999,17.602533,47478600
2012-01-10,25.709999,25.92,25.51,25.59,17.685469,41060900
2012-01-11,25.43,25.889999,25.34,25.799999,17.830601,57170000
2012-01-12,25.85,25.9,25.540001,25.75,17.796041,44420500
2012-01-13,25.690001,25.719999,25.1,25.139999,17.374466,63313400
2012-01-17,25.18,25.4,24.969999,25.040001,17.305359,60438600
2012-01-18,25.129999,25.48,25.01,25.389999,17.547247,62687000
2012-01-19,25.52,25.68,25.370001,25.629999,17.713102,64946300
2012-01-20,25.870001,26.469999,25.5,26.379999,18.23144,101272500
2012-01-23,26.35,26.889999,26.34,26.709999,18.459501,69663500
2012-01-24,26.700001,26.98,26.610001,26.9,18.590818,56220400
2012-01-25,26.84,26.950001,26.5,26.9,18.590818,54757900
2012-01-26,26.950001,27.0,26.6,26.75,18.487158,61678200
2012-01-27,26.66,26.84,26.59,26.73,18.473328,50587400
2012-01-30,26.51,26.799999,26.27,26.74,18.48024,60694100
2012-01-31,26.790001,26.799999,26.280001,26.42,18.259089,45325300
2012-02-01,26.74,26.84,26.51,26.549999,18.34893,46330600
2012-02-02,26.59,26.74,26.459999,26.49,18.307457,34780300
2012-02-03,26.67,26.950001,26.58,26.74,18.627916,42191600
2012-02-06,26.549999,26.73,26.360001,26.719999,18.613985,36772600
2012-02-07,26.629999,26.74,26.43,26.639999,18.558256,33101300
2012-02-08,26.66,26.99,26.610001,26.85,18.704546,37072100
2012-02-09,26.91,27.0,26.790001,26.860001,18.711514,35754200
2012-02-10,26.74,26.790001,26.450001,26.700001,18.600052,33616000
2012-02-13,26.83,26.84,26.52,26.700001,18.600052,24723000
2012-02-14,26.57,26.780001,26.5,26.780001,18.655779,25409300
2012-02-15,26.879999,26.879999,26.5,26.58,18.516455,35832700
2012-02-16,26.4,26.950001,26.35,26.83,18.690609,42450700
2012-02-17,26.860001,27.5,26.82,27.370001,19.066792,74254100
2012-02-21,27.34,27.370001,27.01,27.16,18.920494,34911800
2012-02-22,27.059999,27.35,26.51,26.73,18.620945,51973800
2012-02-23,26.559999,26.860001,26.35,26.66,18.572186,33800100
2012-02-24,26.719999,26.799999,26.450001,26.700001,18.600052,39309500
2012-02-27,26.52,27.200001,26.450001,26.889999,18.732414,46022400
2012-02-28,26.93,27.299999,26.82,27.24,18.976231,32820500
2012-02-29,27.25,27.299999,26.84,26.879999,18.725443,41856200
2012-03-01,27.059999,27.139999,26.709999,26.860001,18.711514,39413000
2012-03-02,26.9,27.030001,26.77,26.92,18.753311,29632800
2012-03-05,26.91,26.91,26.360001,26.540001,18.488586,32332200
2012-03-06,26.25,26.629999,26.200001,26.610001,18.53735,37196700
2012-03-07,26.58,27.0,26.52,26.91,18.746346,32720900
2012-03-08,27.0,27.040001,26.75,26.84,18.697578,37261600
2012-03-09,26.940001,27.17,26.870001,27.07,18.857803,29396700
2012-03-12,27.0,27.08,26.91,26.99,18.802069,24006900
2012-03-13,27.120001,27.5,27.120001,27.49,19.150385,33796800
2012-03-14,27.450001,27.9,27.34,27.459999,19.129496,46835700
2012-03-15,27.5,27.85,27.43,27.75,19.331511,34191900
2012-03-16,27.82,27.959999,27.700001,27.73,19.317577,54672100
2012-03-19,27.66,27.9,27.540001,27.74,19.324537,26937200
2012-03-20,27.65,27.9,27.559999,27.75,19.331511,22684900
2012-03-21,27.790001,27.889999,27.700001,27.780001,19.352413,22212900
2012-03-22,27.73,27.950001,27.610001,27.9,19.436008,23395100
2012-03-23,27.940001,27.99,27.68,27.879999,19.422071,24899500
2012-03-26,28.01,28.26,27.959999,28.190001,19.638029,32799700
2012-03-27,28.24,28.280001,28.07,28.190001,19.638029,24365100
2012-03-28,28.129999,28.25,27.799999,27.799999,19.366343,35152000
2012-03-29,27.75,28.18,27.67,28.16,19.617132,39616000
2012-03-30,28.389999,28.450001,28.02,28.120001,19.589266,43024400
2012-04-02,28.040001,28.450001,27.99,28.379999,19.77039,28853500
2012-04-03,28.309999,28.370001,27.950001,28.110001,19.582304,34152500
2012-04-04,27.870001,28.030001,27.6,27.93,19.456902,30845100
2012-04-05,27.870001,28.1,27.799999,28.07,19.554434,22033800
2012-04-09,27.73,27.9,27.59,27.76,19.338476,22965500
2012-04-10,27.700001,27.860001,27.41,27.450001,19.122522,36272100
2012-04-11,27.68,28.0,27.629999,27.85,19.401175,26668200
2012-04-12,27.969999,28.52,27.93,28.48,19.84005,37053200
2012-04-13,28.35,28.389999,28.08,28.09,19.568371,34480900
2012-04-16,28.26,28.549999,28.139999,28.41,19.791286,37480000
2012-04-17,28.450001,28.780001,28.41,28.469999,19.833088,61288000
2012-04-18,27.58,28.110001,27.459999,27.950001,19.470837,72249100
2012-04-19,27.870001,28.09,27.440001,27.690001,19.289709,43035900
2012-04-20,27.719999,27.969999,27.57,27.6,19.227018,38058500
2012-04-23,27.33,27.57,27.24,27.450001,19.122522,37791200
2012-04-24,27.35,27.6,27.24,27.309999,19.024994,35010600
2012-04-25,27.43,27.91,27.35,27.860001,19.408142,40854600
2012-04-26,27.799999,28.299999,27.75,28.219999,19.65893,46644900
2012-04-27,28.110001,28.530001,28.1,28.379999,19.77039,33310200
2012-04-30,28.42,28.540001,28.290001,28.4,19.784328,28810500
2012-05-01,28.469999,29.049999,28.370001,28.950001,20.167467,43316200
2012-05-02,28.82,29.27,28.719999,29.18,20.327688,40434700
2012-05-03,29.26,29.27,28.42,28.559999,20.040003,41219000
2012-05-04,28.32,28.379999,27.84,27.9,19.576897,34573600
2012-05-07,27.83,27.98,27.65,27.76,19.478664,37385900
2012-05-08,27.48,27.6,27.01,27.370001,19.205002,53087400
2012-05-09,27.08,27.35,26.75,27.190001,19.078705,40599300
2012-05-10,27.34,27.459999,26.959999,27.24,19.113783,36239000
2012-05-11,27.26,27.950001,27.200001,27.629999,19.387444,34937400
2012-05-14,27.35,27.4,26.879999,27.02,18.959419,39447300
2012-05-15,27.049999,27.25,26.82,26.879999,18.861177,35712100
2012-05-16,26.91,26.99,26.49,26.5,18.594538,44629300
2012-05-17,26.469999,26.66,26.190001,26.190001,18.377026,31503200
2012-05-18,26.24,26.57,26.049999,26.07,18.292826,43444900
2012-05-21,26.059999,26.190001,25.68,26.15,18.348957,41389400
2012-05-22,26.27,26.280001,25.780001,26.030001,18.264755,46037700
2012-05-23,25.469999,25.51,24.92,25.440001,17.850758,61969600
2012-05-24,25.57,25.780001,25.309999,25.65,17.998108,37129200
2012-05-25,25.719999,25.85,25.57,25.74,18.061262,19122200
2012-05-29,26.040001,26.32,25.860001,26.09,18.306858,35052800
2012-05-30,25.9,26.190001,25.799999,26.129999,18.334921,33089800
2012-05-31,25.780001,26.07,25.700001,25.84,18.131426,42240200
2012-06-01,25.4,25.709999,25.120001,25.139999,17.640257,40246400
2012-06-04,25.280001,25.360001,24.84,25.040001,17.570089,39903700
2012-06-05,25.040001,25.57,25.0,25.43,17.843737,29491300
2012-06-06,25.51,26.110001,25.43,26.07,18.292826,33553600
2012-06-07,26.370001,26.43,25.889999,25.940001,18.201603,29534200
2012-06-08,25.879999,26.48,25.85,26.41,18.531391,26750500
2012-06-11,26.549999,26.629999,25.959999,25.99,18.236685,28041300
2012-06-12,26.120001,26.540001,26.049999,26.52,18.608576,29132000
2012-06-13,26.459999,26.870001,26.34,26.540001,18.622612,30496500
2012-06-14,26.58,27.059999,26.42,26.98,18.931345,38301200
2012-06-15,27.02,27.440001,26.879999,27.34,19.183956,51838900
2012-06-18,27.290001,27.610001,27.219999,27.42,19.240095,30432300
2012-06-19,27.59,27.629999,27.25,27.51,19.303242,30060200
2012-06-20,27.48,27.75,27.379999,27.639999,19.394459,28164900
2012-06-21,27.51,27.59,26.610001,26.709999,18.741898,47571100
2012-06-22,26.879999,26.959999,26.67,26.940001,18.903278,100360700
2012-06-25,26.6,26.65,25.879999,26.049999,18.278791,41787800
2012-06-26,26.16,26.280001,25.74,26.01,18.250719,34935400
2012-06-27,26.110001,26.34,26.059999,26.219999,18.398069,23642100
2012-06-28,26.0,26.030001,25.450001,25.83,18.124414,40166600
2012-06-29,26.280001,26.65,26.209999,26.65,18.699791,35082300
2012-07-02,26.51,26.73,26.389999,26.67,18.713833,21739700
2012-07-03,26.719999,26.860001,26.559999,26.860001,18.847153,12515500
2012-07-05,26.809999,26.84,26.370001,26.549999,18.629627,20324500
2012-07-06,26.440001,26.5,25.93,26.16,18.355972,32515300
2012-07-09,26.049999,26.209999,25.809999,26.17,18.362997,27910200
2012-07-10,25.85,26.42,25.440001,25.559999,17.934965,47231600
2012-07-11,25.57,25.620001,25.219999,25.389999,17.815681,34809100
2012-07-12,25.16,25.17,24.68,24.74,17.359585,53147600
2012-07-13,24.799999,25.389999,24.76,25.25,17.717442,35972100
2012-07-16,25.23,25.309999,25.0,25.129999,17.63324,36984500
2012-07-17,25.33,25.66,24.85,25.379999,17.808662,63631500
2012-07-18,25.200001,26.42,25.049999,26.209999,18.39105,67503500
2012-07-19,26.35,26.35,25.82,26.059999,18.285807,36555800
2012-07-20,25.870001,26.0,25.5,25.52,17.906898,48844000
2012-07-23,25.049999,25.360001,24.799999,25.26,17.724463,36378200
2012-07-24,25.190001,25.219999,24.790001,25.01,17.549038,33637600
2012-07-25,25.02,25.530001,25.0,25.129999,17.63324,34407600
2012-07-26,25.59,25.84,25.34,25.5,17.892868,37808200
2012-07-27,25.68,26.07,25.469999,26.02,18.257732,33344000
2012-07-30,25.98,26.200001,25.68,25.76,18.0753,25878100
2012-07-31,25.76,26.040001,25.700001,25.700001,18.033203,26616900
2012-08-01,25.83,26.0,25.67,25.93,18.194584,29207700
2012-08-02,25.74,26.26,25.68,25.91,18.18055,34309900
2012-08-03,26.25,26.35,25.98,26.23,18.566319,30692600
2012-08-06,26.219999,26.559999,26.200001,26.309999,18.622948,24613200
2012-08-07,26.459999,26.639999,26.35,26.5,18.757431,27077800
2012-08-08,26.48,26.74,26.299999,26.6,18.828217,27034400
2012-08-09,26.639999,26.889999,26.57,26.700001,18.898996,26465300
2012-08-10,26.700001,26.9,26.530001,26.879999,19.026405,24930300
2012-08-13,26.76,26.83,26.41,26.690001,18.891918,23619700
2012-08-14,26.799999,26.809999,26.379999,26.48,18.743277,27470400
2012-08-15,26.23,26.469999,26.190001,26.27,18.594633,26081000
2012-08-16,26.440001,26.65,26.34,26.59,18.821133,25699700
2012-08-17,26.57,26.629999,26.209999,26.33,18.637098,30376900
2012-08-20,26.219999,26.33,26.1,26.23,18.566319,25600800
2012-08-21,26.33,26.34,25.99,26.110001,18.481377,31661300
2012-08-22,25.889999,26.01,25.66,25.73,18.2124,33619400
2012-08-23,25.58,25.59,24.93,25.040001,17.724003,51397600
2012-08-24,25.049999,25.07,24.700001,24.91,17.631981,45187500
2012-08-27,24.860001,24.940001,24.75,24.84,17.582439,34424700
2012-08-28,24.790001,25.01,24.68,25.0,17.695684,33119500
2012-08-29,24.93,24.959999,24.540001,24.67,17.462111,60462600
2012-08-30,24.57,24.639999,24.15,24.27,17.178978,37182200
2012-08-31,24.5,25.0,24.48,24.83,17.575359,43447800
2012-09-04,25.030001,25.059999,24.27,24.42,17.285152,40688000
2012-09-05,24.4,24.780001,24.190001,24.389999,17.263912,38595800
2012-09-06,24.469999,25.1,24.459999,25.1,17.766476,40187600
2012-09-07,24.129999,24.700001,24.01,24.190001,17.122347,86282100
2012-09-10,23.950001,24.6,23.17,23.26,16.464071,80584600
2012-09-11,23.299999,23.65,23.200001,23.34,16.520695,54237700
2012-09-12,23.389999,23.58,23.059999,23.190001,16.414524,44862700
2012-09-13,23.01,23.41,22.83,23.360001,16.534851,52998300
2012-09-14,23.450001,23.540001,23.23,23.370001,16.541933,47983700
2012-09-17,23.290001,23.440001,23.16,23.309999,16.499472,36169000
2012-09-18,23.309999,23.52,23.139999,23.370001,16.541933,41948200
2012-09-19,23.5,23.51,23.139999,23.15,16.386204,39459800
2012-09-20,23.09,23.18,22.99,23.18,16.407442,33083000
2012-09-21,23.219999,23.27,23.01,23.129999,16.372051,56246600
2012-09-24,22.93,22.950001,22.52,22.799999,16.138472,48846500
2012-09-25,22.950001,22.969999,22.51,22.540001,15.954437,49535100
2012-09-26,22.57,22.75,22.48,22.65,16.032291,49734700
2012-09-27,22.76,23.139999,22.65,23.09,16.343742,43872200
2012-09-28,23.059999,23.059999,22.59,22.66,16.039368,47920800
2012-10-01,22.75,23.17,22.68,22.76,16.110161,55261300
2012-10-02,22.889999,23.0,22.66,22.84,16.166784,36381100
2012-10-03,22.860001,22.969999,22.49,22.549999,15.961516,49772700
2012-10-04,22.58,22.620001,22.27,22.469999,15.904889,52980100
2012-10-05,22.66,22.9,22.58,22.68,16.053532,38344600
2012-10-08,22.620001,22.620001,22.4,22.51,15.9332,29698200
2012-10-09,22.16,22.190001,21.85,21.9,15.501426,66317400
2012-10-10,21.9,22.0,21.700001,21.76,15.402333,47188900
2012-10-11,21.870001,21.879999,21.52,21.68,15.345705,36817700
2012-10-12,21.58,21.85,21.4,21.48,15.204139,46274000
2012-10-15,21.530001,21.9,21.5,21.73,15.381089,49513800
2012-10-16,21.99,22.469999,21.950001,22.35,15.819946,80707000
2012-10-17,21.27,21.98,21.27,21.790001,15.42356,99053800
2012-10-18,21.82,21.860001,21.6,21.67,15.338624,42921800
2012-10-19,21.67,21.690001,21.219999,21.27,15.055495,55622300
2012-10-22,21.4,21.57,21.299999,21.459999,15.189983,36500300
2012-10-23,21.32,21.77,21.299999,21.59,15.281997,47194400
2012-10-24,21.73,21.74,21.41,21.459999,15.189983,33237800
2012-10-25,21.58,21.75,21.51,21.690001,15.352778,79226400
2012-10-26,21.77,22.02,21.6,21.950001,15.536819,92415400
2012-10-31,22.01,22.09,21.59,21.629999,15.31031,40612800
2012-11-01,21.76,22.41,21.719999,22.26,15.75624,50359300
2012-11-02,22.389999,22.540001,22.02,22.059999,15.614676,51737600
2012-11-05,22.02,22.110001,21.719999,21.84,15.618252,48797400
2012-11-06,21.73,22.0,21.629999,21.73,15.539586,49860500
2012-11-07,21.540001,21.549999,20.9,20.91,14.95319,70960100
2012-11-08,20.9,21.129999,20.82,20.83,14.89598,38090000
2012-11-09,20.809999,21.139999,20.799999,20.799999,14.874522,35017900
2012-11-12,20.879999,20.91,20.65,20.77,14.853078,27267000
2012-11-13,20.57,20.82,20.18,20.280001,14.502663,56379200
2012-11-14,20.42,20.5,19.950001,19.959999,14.273823,58961300
2012-11-15,20.01,20.290001,19.98,20.030001,14.323877,45733800
2012-11-16,20.07,20.26,19.77,20.190001,14.438299,50855500
2012-11-19,19.99,20.450001,19.73,20.25,14.481209,69433800
2012-11-20,19.879999,19.879999,19.35,19.51,13.952018,85743300
2012-11-21,19.52,19.549999,19.23,19.360001,13.844749,95636000
2012-11-23,19.530001,19.84,19.51,19.719999,14.102198,51711900
2012-11-26,19.690001,19.92,19.620001,19.889999,14.223764,67047900
2012-11-27,19.950001,20.190001,19.92,19.93,14.252366,44893200
2012-11-28,19.889999,20.110001,19.639999,20.09,14.366795,43226300
2012-11-29,19.83,20.040001,19.459999,19.530001,13.966322,64926300
2012-11-30,19.629999,19.77,19.42,19.57,13.994926,51427800
2012-12-03,19.879999,19.92,19.5,19.540001,13.973475,50637000
2012-12-04,19.629999,20.049999,19.610001,19.969999,14.280977,57942400
2012-12-05,19.940001,20.02,19.74,19.85,14.195156,45847000
2012-12-06,19.99,20.290001,19.969999,20.16,14.416847,46291200
2012-12-07,20.33,20.360001,20.030001,20.16,14.416847,41701200
2012-12-10,20.15,20.17,19.98,20.08,14.359635,27273200
2012-12-11,20.16,20.74,20.15,20.65,14.767256,51036500
2012-12-12,20.860001,20.99,20.540001,20.67,14.781562,48354700
2012-12-13,20.629999,20.92,20.440001,20.49,14.652839,41607600
2012-12-14,20.52,20.74,20.35,20.530001,14.681441,34149500
2012-12-17,20.549999,20.690001,20.360001,20.57,14.71005,34959900
2012-12-18,20.68,20.99,20.57,20.959999,14.98894,41601200
2012-12-19,21.07,21.309999,20.860001,21.1,15.08906,52804600
2012-12-20,21.209999,21.24,20.879999,21.030001,15.039008,34005500
2012-12-21,20.66,20.85,20.48,20.77,14.853078,61993100
2012-12-24,20.65,20.73,20.51,20.639999,14.760109,14193100
2012-12-26,20.74,20.93,20.639999,20.65,14.767256,22488700
2012-12-27,20.700001,20.76,20.309999,20.51,14.667137,31704300
2012-12-28,20.35,20.49,20.209999,20.23,14.466902,25906900
2012-12-31,20.25,20.66,20.16,20.620001,14.7458,41139500
2013-01-02,21.15,21.379999,21.049999,21.379999,15.289294,47623000
2013-01-03,21.4,21.48,21.139999,21.32,15.246389,41054100
2013-01-04,21.360001,21.389999,21.049999,21.16,15.131969,30142500
2013-01-07,21.280001,21.450001,21.18,21.25,15.196328,36352100
2013-01-08,21.23,21.559999,21.02,21.09,15.081913,48672000
2013-01-09,21.219999,21.469999,21.200001,21.450001,15.339358,34290000
2013-01-10,21.610001,21.82,21.530001,21.799999,15.589647,44621600
2013-01-11,21.799999,22.07,21.77,22.0,15.732671,44944700
2013-01-14,21.98,22.129999,21.75,22.0,15.732671,35724500
2013-01-15,21.950001,22.129999,21.780001,21.879999,15.646858,33990300
2013-01-16,21.91,22.200001,21.85,22.110001,15.811335,36763700
2013-01-17,22.120001,23.059999,22.110001,22.68,16.21895,101020600
2013-01-18,21.360001,21.440001,21.030001,21.25,15.196328,143760400
2013-01-22,21.280001,21.290001,21.030001,21.17,15.139121,51127400
2013-01-23,21.200001,21.219999,21.040001,21.110001,15.096213,42432300
2013-01-24,21.1,21.18,20.93,20.950001,14.981796,58396800
2013-01-25,21.040001,21.07,20.879999,20.959999,14.98894,107632800
2013-01-28,21.01,21.09,20.99,21.049999,15.053303,105398300
2013-01-29,21.09,21.299999,21.01,21.280001,15.217783,105703100
2013-01-30,21.290001,21.459999,21.219999,21.370001,15.282147,34151300
2013-01-31,21.299999,21.32,21.02,21.040001,15.04616,36534100
2013-02-01,21.190001,21.360001,21.09,21.360001,15.274999,31867100
2013-02-04,21.299999,21.379999,21.15,21.16,15.131969,38345600
2013-02-05,21.139999,21.33,21.059999,21.18,15.309062,30076500
2013-02-06,21.16,21.200001,20.91,20.99,15.171725,32361000
2013-02-07,20.969999,20.969999,20.700001,20.809999,15.041619,41015200
2013-02-08,20.9,21.09,20.879999,21.0,15.178952,28150100
2013-02-11,21.0,21.059999,20.92,21.030001,15.200637,18897200
2013-02-12,21.030001,21.25,20.99,21.190001,15.316287,28391400
2013-02-13,21.219999,21.299999,21.15,21.25,15.359652,21267200
2013-02-14,21.129999,21.280001,21.059999,21.23,15.345196,35262200
2013-02-15,21.23,21.299999,20.99,21.120001,15.265693,33809100
2013-02-19,21.18,21.209999,21.059999,21.09,15.243999,31061600
2013-02-20,21.09,21.1,20.700001,20.73,14.983795,46119800
2013-02-21,20.75,20.76,20.120001,20.25,14.636845,60754500
2013-02-22,20.32,20.49,20.1,20.42,14.759725,34534800
2013-02-25,20.57,20.65,20.23,20.23,14.622387,41525600
2013-02-26,20.49,20.85,20.41,20.58,14.875373,67247100
2013-02-27,20.6,21.040001,20.51,20.93,15.128359,46966600
2013-02-28,20.91,21.08,20.82,20.879999,15.09221,34808000
2013-03-01,20.790001,21.190001,20.66,21.030001,15.200637,45695700
2013-03-04,21.16,21.290001,20.959999,21.27,15.374113,47545800
2013-03-05,21.34,21.59,21.299999,21.51,15.547579,38796400
2013-03-06,21.530001,21.790001,21.51,21.75,15.721058,37188900
2013-03-07,21.799999,21.99,21.75,21.889999,15.822251,42380000
2013-03-08,21.950001,22.040001,21.469999,21.58,15.598181,44990500
2013-03-11,21.530001,21.74,21.280001,21.690001,15.677691,42148200
2013-03-12,21.66,21.73,21.450001,21.639999,15.641545,28617300
2013-03-13,21.559999,21.700001,21.459999,21.66,15.656005,24617400
2013-03-14,21.74,21.85,21.51,21.65,15.648777,28836500
2013-03-15,21.610001,21.700001,21.27,21.379999,15.453617,52949600
2013-03-18,21.24,21.49,21.190001,21.26,15.366879,35154400
2013-03-19,21.26,21.360001,21.01,21.139999,15.280148,42546000
2013-03-20,21.309999,21.360001,21.110001,21.18,15.309062,29919000
2013-03-21,21.01,21.139999,20.9,21.040001,15.20787,32607200
2013-03-22,21.15,21.34,21.08,21.33,15.417473,30803200
2013-03-25,21.389999,21.42,21.08,21.15,15.287378,32740700
2013-03-26,21.280001,21.77,21.25,21.77,15.735511,39548500
2013-03-27,21.620001,21.98,21.51,21.83,15.77888,45370900
2013-03-28,21.85,21.91,21.6,21.84,15.786114,33336700
2013-04-01,21.67,21.700001,21.32,21.43,15.48976,33718100
2013-04-02,21.52,21.58,21.32,21.459999,15.511448,28166700
2013-04-03,21.450001,21.5,21.01,21.049999,15.215091,36620800
2013-04-04,21.049999,21.190001,20.959999,21.139999,15.280148,28702500
2013-04-05,20.940001,20.969999,20.75,20.940001,15.135585,36721600
2013-04-08,20.889999,21.09,20.799999,21.09,15.243999,34213000
2013-04-09,21.110001,21.889999,21.059999,21.75,15.721058,61518700
2013-04-10,21.719999,22.42,21.709999,22.26,16.089685,67102900
2013-04-11,21.73,21.91,21.49,21.83,15.77888,59295600
2013-04-12,21.74,21.799999,21.469999,21.68,15.670462,34028000
2013-04-15,21.5,21.709999,21.360001,21.379999,15.453617,38459200
2013-04-16,21.469999,21.93,21.42,21.92,15.843935,64767000
2013-04-17,21.790001,22.139999,21.57,21.93,15.85116,79461200
2013-04-18,22.049999,22.4,21.9,22.24,16.075233,76237300
2013-04-19,22.27,22.450001,22.209999,22.440001,16.219793,49101000
2013-04-22,22.48,22.940001,22.35,22.879999,16.537828,52817000
2013-04-23,22.98,23.450001,22.93,23.379999,16.899235,62494100
2013-04-24,23.280001,23.790001,23.25,23.66,17.101618,54282000
2013-04-25,23.65,23.870001,23.32,23.379999,16.899235,109178000
2013-04-26,23.309999,23.559999,23.139999,23.4,16.913692,101377300
2013-04-29,23.440001,23.83,23.4,23.76,17.173899,102141600
2013-04-30,23.719999,24.0,23.639999,23.950001,17.311232,41468900
2013-05-01,23.82,24.17,23.809999,23.99,17.340145,38373800
2013-05-02,23.73,24.15,23.67,24.110001,17.426882,33486300
2013-05-03,24.219999,24.219999,23.950001,23.959999,17.481609,30085800
2013-05-06,24.17,24.209999,23.85,23.91,17.445124,31009100
2013-05-07,23.969999,24.25,23.940001,24.15,17.620232,38605600
2013-05-08,24.040001,24.290001,23.959999,24.25,17.693188,24900600
2013-05-09,24.200001,24.57,24.1,24.360001,17.773449,31333900
2013-05-10,24.42,24.540001,24.35,24.5,17.875597,22554800
2013-05-13,24.41,24.49,24.030001,24.08,17.569164,28535200
2013-05-14,24.08,24.17,23.780001,23.84,17.394051,36694400
2013-05-15,23.889999,24.200001,23.809999,24.200001,17.656713,33568900
2013-05-16,24.059999,24.4,23.93,23.940001,17.467014,29812900
2013-05-17,24.120001,24.219999,23.9,24.040001,17.539972,36277400
2013-05-20,24.08,24.25,24.0,24.08,17.569164,31324400
2013-05-21,24.1,24.25,24.0,24.15,17.620232,37917900
2013-05-22,24.129999,24.530001,23.940001,24.07,17.561863,49686400
2013-05-23,23.879999,24.120001,23.84,24.049999,17.547274,38132900
2013-05-24,23.92,24.040001,23.58,23.92,17.452421,30861700
2013-05-28,24.16,24.4,24.0,24.08,17.569164,31153700
2013-05-29,23.959999,24.379999,23.889999,24.27,17.707787,31653900
2013-05-30,24.280001,24.5,24.209999,24.209999,17.664005,26299900
2013-05-31,24.23,24.709999,24.129999,24.280001,17.71508,47793200
2013-06-03,24.879999,25.450001,24.83,25.24,18.415508,76493500
2013-06-04,25.559999,25.98,25.35,25.360001,18.503067,68515500
2013-06-05,25.110001,25.280001,24.65,24.700001,18.021521,53335200
2013-06-06,24.75,24.940001,24.27,24.65,17.985041,40020000
2013-06-07,24.4,24.700001,24.219999,24.59,17.941267,35539400
2013-06-10,24.709999,25.09,24.639999,25.01,18.247704,29780800
2013-06-11,24.83,25.08,24.629999,24.709999,18.028816,27077800
2013-06-12,24.959999,25.0,24.41,24.459999,17.846413,24535200
2013-06-13,24.459999,25.01,24.4,24.99,18.23311,27707000
2013-06-14,25.02,25.139999,24.84,24.92,18.182034,24762700
2013-06-17,25.110001,25.35,24.91,25.1,18.313374,42643200
2013-06-18,25.07,25.65,25.07,25.469999,18.583326,36674300
2013-06-19,25.49,25.68,25.0,25.0,18.24041,28843900
2013-06-20,24.73,24.75,24.1,24.190001,17.649416,63565700
2013-06-21,24.309999,24.35,24.09,24.200001,17.656713,67754000
2013-06-24,24.08,24.219999,23.41,23.58,17.204346,49145200
2013-06-25,23.83,23.940001,23.57,23.879999,17.423237,34571300
2013-06-26,24.200001,24.24,23.889999,24.01,17.518089,33645000
2013-06-27,24.1,24.35,24.01,24.049999,17.547274,25564500
2013-06-28,23.93,24.41,23.73,24.23,17.678602,80413900
2013-07-01,24.35,24.42,23.84,23.889999,17.430534,29698200
2013-07-02,23.870001,24.040001,23.540001,23.719999,17.306499,28290100
2013-07-03,23.700001,23.9,23.450001,23.76,17.335682,18167200
2013-07-05,23.950001,24.08,23.68,24.059999,17.554564,17830400
2013-07-08,23.860001,23.91,23.030001,23.190001,16.919802,68826600
2013-07-09,23.299999,23.42,23.110001,23.139999,16.88332,34739800
2013-07-10,23.139999,23.299999,22.639999,23.25,16.963577,50037500
2013-07-11,23.559999,24.0,23.469999,23.99,17.503496,41313800
2013-07-12,23.950001,24.0,23.65,23.9,17.437828,34561900
2013-07-15,23.84,23.969999,23.76,23.940001,17.467014,25650100
2013-07-16,24.0,24.299999,23.9,24.25,17.693188,34496100
2013-07-17,24.299999,24.43,24.040001,24.15,17.620232,44084200
2013-07-18,23.469999,23.610001,23.16,23.24,16.95628,77863900
2013-07-19,23.110001,23.15,22.809999,23.040001,16.810354,45866700
2013-07-22,23.07,23.120001,22.73,22.77,16.613358,35890900
2013-07-23,22.85,22.99,22.639999,22.75,16.598768,28521400
2013-07-24,22.93,23.0,22.629999,22.93,16.730104,33432700
2013-07-25,22.85,23.059999,22.82,23.059999,16.824951,114558100
2013-07-26,22.940001,23.26,22.9,23.26,16.970873,110474500
2013-07-29,23.17,23.299999,23.07,23.24,16.95628,85543100
2013-07-30,23.299999,23.5,23.280001,23.379999,17.058428,28855200
2013-07-31,23.370001,23.459999,23.26,23.34,17.029243,27679200
2013-08-01,23.41,23.49,23.02,23.200001,16.927099,37832700
2013-08-02,23.18,23.219999,23.0,23.219999,16.941689,36242100
2013-08-05,23.0,23.02,22.85,22.92,16.886435,20869000
2013-08-06,22.879999,22.93,22.709999,22.799999,16.798021,28843300
2013-08-07,22.709999,22.790001,22.549999,22.700001,16.724344,23350900
2013-08-08,22.75,22.780001,22.41,22.450001,16.540154,34792500
2013-08-09,22.41,22.549999,22.309999,22.51,16.584362,25145400
2013-08-12,22.48,22.700001,22.450001,22.639999,16.680138,23520400
2013-08-13,22.690001,22.700001,22.389999,22.52,16.591736,26099200
2013-08-14,22.4,22.74,22.35,22.57,16.628571,23202500
2013-08-15,22.280001,22.41,21.969999,22.030001,16.230715,40451200
2013-08-16,22.059999,22.190001,21.889999,21.91,16.142305,30079000
2013-08-19,22.08,22.700001,22.049999,22.280001,16.414913,43412200
2013-08-20,22.309999,22.68,22.299999,22.52,16.591736,32084300
2013-08-21,22.540001,22.58,22.059999,22.17,16.333866,32403300
2013-08-22,22.26,22.389999,22.17,22.26,16.400171,17380600
2013-08-23,22.34,22.57,22.33,22.440001,16.532791,23088700
2013-08-26,22.4,22.52,22.23,22.27,16.407545,22267800
2013-08-27,22.120001,22.219999,22.0,22.190001,16.348602,37638500
2013-08-28,22.200001,22.41,22.129999,22.290001,16.422281,28090000
2013-08-29,22.24,22.43,22.049999,22.059999,16.252819,28303500
2013-08-30,22.24,22.25,21.9,21.98,16.193878,33896300
2013-09-03,22.209999,22.24,21.969999,22.07,16.260189,26427300
2013-09-04,22.379999,22.780001,22.280001,22.639999,16.680138,37941800
2013-09-05,22.68,22.73,22.49,22.6,16.650669,22552800
2013-09-06,22.690001,22.82,22.4,22.67,16.702242,27606600
2013-09-09,22.719999,23.030001,22.700001,22.91,16.879061,27770600
2013-09-10,23.07,23.129999,22.93,22.98,16.930637,31705400
2013-09-11,22.91,22.98,22.709999,22.809999,16.805386,45815300
2013-09-12,22.780001,22.84,22.6,22.629999,16.672768,29517900
2013-09-13,23.049999,23.459999,23.040001,23.440001,17.269547,61134800
2013-09-16,23.629999,23.709999,23.35,23.389999,17.2327,30088500
2013-09-17,23.690001,23.889999,23.67,23.74,17.49057,37540700
2013-09-18,23.85,23.92,23.559999,23.9,17.608452,31975400
2013-09-19,23.959999,24.09,23.84,23.91,17.61582,28261400
2013-09-20,23.940001,23.959999,23.57,23.77,17.512674,47069000
2013-09-23,23.700001,23.85,23.610001,23.620001,17.402164,22437100
2013-09-24,23.58,23.85,23.58,23.700001,17.461103,24410100
2013-09-25,23.780001,23.809999,23.58,23.700001,17.461103,19879900
2013-09-26,23.75,23.799999,23.200001,23.41,17.24744,32003300
2013-09-27,23.209999,23.389999,22.879999,22.98,16.930637,28924100
2013-09-30,22.719999,23.17,22.6,22.92,16.886435,32489600
2013-10-01,22.940001,23.040001,22.700001,22.83,16.820124,25888800
2013-10-02,22.709999,22.9,22.67,22.889999,16.86433,23205400
2013-10-03,22.82,22.84,22.5,22.6,16.650669,34888500
2013-10-04,22.6,22.85,22.6,22.809999,16.805386,22550000
2013-10-07,22.709999,23.0,22.57,22.83,16.820124,21321300
2013-10-08,22.870001,22.879999,22.48,22.48,16.562263,36111200
2013-10-09,22.51,22.959999,22.48,22.59,16.643307,40435400
2013-10-10,22.99,23.219999,22.92,23.1,17.019053,39189400
2013-10-11,22.83,23.26,22.82,23.26,17.136929,24550600
2013-10-14,23.09,23.49,23.030001,23.450001,17.276915,27176700
2013-10-15,23.4,23.59,23.32,23.389999,17.2327,42957700
2013-10-16,23.26,23.74,23.219999,23.700001,17.461103,47723400
2013-10-17,23.58,23.940001,23.49,23.92,17.623188,28694900
2013-10-18,23.860001,23.98,23.68,23.879999,17.593718,29579100
2013-10-21,23.940001,24.17,23.82,24.139999,17.785278,35297600
2013-10-22,24.17,24.200001,24.01,24.07,17.733702,29010800
2013-10-23,23.93,24.049999,23.559999,23.74,17.49057,31651100
2013-10-24,23.860001,23.969999,23.780001,23.780001,17.520042,47590200
2013-10-25,24.110001,24.24,24.02,24.24,17.85895,59634700
2013-10-28,24.18,24.49,24.17,24.360001,17.947357,65581600
2013-10-29,24.4,24.67,24.35,24.52,18.065235,29961700
2013-10-30,24.530001,24.68,24.4,24.5,18.050505,24091800
2013-10-31,24.52,24.73,24.43,24.469999,18.028408,30901400
2013-11-01,24.51,24.65,24.219999,24.33,17.925255,28302100
2013-11-04,24.32,24.4,24.15,24.26,17.873684,26639800
2013-11-05,23.92,24.110001,23.77,24.030001,17.869965,22849900
2013-11-06,24.059999,24.309999,23.889999,24.25,18.033564,25525700
2013-11-07,24.370001,24.379999,24.0,24.059999,17.892273,25631100
2013-11-08,24.030001,24.120001,23.84,24.09,17.914587,31502900
2013-11-11,24.040001,24.290001,23.93,24.17,17.974077,19236500
2013-11-12,23.99,24.5,23.98,24.43,18.167425,37813500
2013-11-13,24.25,24.620001,24.200001,24.6,18.293852,22990300
2013-11-14,24.43,24.5,24.35,24.389999,18.137678,20198900
2013-11-15,24.4,24.549999,24.25,24.52,18.234344,22866500
2013-11-18,24.610001,24.700001,24.48,24.6,18.293852,24712500
2013-11-19,24.74,24.870001,24.610001,24.700001,18.368217,24870200
2013-11-20,24.700001,24.82,24.459999,24.559999,18.264097,20288600
2013-11-21,24.610001,25.290001,24.52,25.23,18.76235,44050600
2013-11-22,24.5,24.51,23.84,23.870001,17.750986,77908100
2013-11-25,24.02,24.02,23.5,23.75,17.661741,43389300
2013-11-26,23.790001,23.84,23.52,23.65,17.587378,30600800
2013-11-27,23.639999,23.92,23.52,23.9,17.773294,28419200
2013-11-29,23.9,23.99,23.76,23.84,17.728672,13802900
2013-12-02,24.0,24.0,23.65,23.700001,17.624556,25685300
2013-12-03,23.690001,23.73,23.4,23.549999,17.513014,35066400
2013-12-04,23.52,23.85,23.52,23.74,17.654303,43501500
2013-12-05,23.82,24.35,23.75,24.26,18.041002,45399100
2013-12-06,24.969999,25.25,24.75,24.82,18.457449,53871400
2013-12-09,24.84,25.08,24.68,24.93,18.539251,29614700
2013-12-10,24.889999,24.969999,24.66,24.82,18.457449,18203700
2013-12-11,24.74,24.879999,24.4,24.42,18.159986,24682400
2013-12-12,24.719999,24.889999,24.42,24.469999,18.197176,21917800
2013-12-13,24.209999,24.49,24.16,24.290001,18.063318,20631200
2013-12-16,24.33,24.709999,24.33,24.450001,18.182301,25061100
2013-12-17,24.42,24.77,24.379999,24.66,18.338465,28158500
2013-12-18,24.709999,25.200001,24.530001,25.15,18.702856,42680500
2013-12-19,25.120001,25.24,24.889999,25.139999,18.695423,31880600
2013-12-20,25.110001,25.35,25.040001,25.059999,18.635923,55380100
2013-12-23,25.27,25.43,25.18,25.32,18.829279,28120800
2013-12-24,25.379999,25.620001,25.35,25.43,18.911076,12157900
2013-12-26,25.43,25.700001,25.43,25.700001,19.111872,16957000
2013-12-27,25.75,25.799999,25.48,25.6,19.037506,12970600
2013-12-30,25.67,25.85,25.6,25.85,19.223408,19787200
2013-12-31,25.809999,26.040001,25.77,25.959999,19.305212,22808100
2014-01-02,25.780001,25.82,25.469999,25.790001,19.178793,31833300
2014-01-03,25.860001,25.9,25.6,25.780001,19.171358,27796700
2014-01-06,25.77,25.790001,25.450001,25.459999,18.933386,28682300
2014-01-07,25.540001,25.73,25.469999,25.59,19.030066,19665100
2014-01-08,25.639999,25.709999,25.299999,25.43,18.911076,29680500
2014-01-09,25.42,25.549999,25.25,25.309999,18.821842,20878000
2014-01-10,25.5,25.85,25.5,25.530001,18.985441,30588800
2014-01-13,25.629999,25.99,25.42,25.5,18.963135,40274500
2014-01-14,26.01,26.549999,25.9,26.51,19.714222,74142900
2014-01-15,26.719999,27.120001,26.610001,26.67,19.83321,58277700
2014-01-16,26.639999,26.74,26.33,26.540001,19.736534,48960800
2014-01-17,25.360001,25.860001,25.25,25.85,19.223408,111758900
2014-01-21,25.790001,25.799999,25.27,25.59,19.030066,42286400
2014-01-22,25.389999,25.540001,25.15,25.309999,18.821842,48749900
2014-01-23,25.17,25.25,24.9,25.129999,18.687984,40241000
2014-01-24,24.879999,25.190001,24.790001,24.809999,18.450012,34838700
2014-01-27,24.77,24.99,24.66,24.719999,18.383085,32564900
2014-01-28,24.709999,25.049999,24.57,24.9,18.516949,32453800
2014-01-29,24.75,24.959999,24.629999,24.68,18.35334,27145700
2014-01-30,24.75,24.889999,24.540001,24.74,18.397957,24610100
2014-01-31,24.450001,24.65,24.4,24.540001,18.249228,28623300
2014-02-03,24.5,24.51,23.889999,23.950001,17.810471,52868200
2014-02-04,23.99,24.040001,23.58,23.82,17.713795,50816300
2014-02-05,23.700001,23.76,23.5,23.52,17.65749,32476200
2014-02-06,23.6,24.08,23.549999,23.99,18.010342,28008400
2014-02-07,24.200001,24.26,23.77,24.209999,18.175501,30808400
2014-02-10,24.110001,24.370001,24.059999,24.290001,18.235567,24571300
2014-02-11,24.35,24.52,24.33,24.469999,18.370701,17911700
2014-02-12,24.51,24.690001,24.370001,24.549999,18.430761,25874100
2014-02-13,24.43,24.74,24.309999,24.700001,18.543371,22922000
2014-02-14,24.58,24.76,24.41,24.76,18.588415,20539700
2014-02-18,24.67,24.780001,24.549999,24.76,18.588415,17738100
2014-02-19,24.65,24.719999,24.42,24.5,18.393219,25686000
2014-02-20,24.540001,24.85,24.5,24.74,18.573395,20193800
2014-02-21,24.950001,24.959999,24.35,24.42,18.33316,30579800
2014-02-24,24.51,24.879999,24.41,24.629999,18.490822,24145500
2014-02-25,24.67,24.709999,24.459999,24.620001,18.483313,21539100
2014-02-26,24.74,24.98,24.610001,24.799999,18.618444,19820200
2014-02-27,24.799999,24.799999,24.51,24.76,18.588415,20863900
2014-02-28,24.790001,24.85,24.57,24.76,18.588415,23482700
2014-03-03,24.549999,24.59,24.299999,24.5,18.393219,25728500
2014-03-04,24.719999,24.780001,24.5,24.610001,18.475805,23661200
2014-03-05,24.700001,24.709999,24.4,24.5,18.393219,21036200
2014-03-06,24.57,24.65,24.379999,24.629999,18.490822,22371700
2014-03-07,24.700001,24.85,24.57,24.639999,18.498329,25373400
2014-03-10,24.610001,24.889999,24.58,24.84,18.648476,24908100
2014-03-11,24.780001,24.85,24.610001,24.73,18.565893,26656800
2014-03-12,24.65,24.879999,24.610001,24.76,18.588415,21244800
2014-03-13,24.799999,25.0,24.43,24.57,18.445772,26243300
2014-03-14,24.48,24.65,24.4,24.5,18.393219,21807200
2014-03-17,24.639999,24.82,24.49,24.700001,18.543371,18525800
2014-03-18,24.68,24.9,24.549999,24.82,18.633459,26344000
2014-03-19,24.85,25.25,24.77,25.02,18.783607,34229400
2014-03-20,25.0,25.59,24.940001,25.43,19.091412,37009100
2014-03-21,25.610001,25.68,25.16,25.17,18.896219,56861900
2014-03-24,25.209999,25.379999,24.92,25.120001,18.858685,36950600
2014-03-25,25.190001,25.67,25.17,25.459999,19.113934,32317400
2014-03-26,25.59,25.74,25.32,25.379999,19.053875,26442800
2014-03-27,25.360001,25.75,25.290001,25.309999,19.001326,27201100
2014-03-28,25.41,25.809999,25.32,25.620001,19.234055,22884500
2014-03-31,25.65,26.059999,25.620001,25.809999,19.376698,29336300
2014-04-01,25.799999,26.0,25.639999,25.99,19.511826,23778700
2014-04-02,25.959999,26.049999,25.639999,25.889999,19.436752,22464700
2014-04-03,26.15,26.459999,26.139999,26.41,19.827139,38581300
2014-04-04,26.49,26.73,26.110001,26.16,19.639454,47918000
2014-04-07,26.299999,26.74,26.200001,26.49,19.887196,49813500
2014-04-08,26.360001,26.98,26.35,26.91,20.202511,56699500
2014-04-09,26.93,27.02,26.73,26.98,20.255064,34481800
2014-04-10,27.01,27.09,26.360001,26.43,19.842157,40478200
2014-04-11,26.27,26.59,26.17,26.18,19.654476,36121100
2014-04-14,26.309999,26.65,26.139999,26.559999,19.939753,26957900
2014-04-15,26.51,26.83,26.360001,26.77,20.09741,45074400
2014-04-16,26.98,27.24,26.6,26.93,20.217529,59033600
2014-04-17,26.879999,27.16,26.790001,27.040001,20.300106,38108500
2014-04-21,27.049999,27.049999,26.73,26.950001,20.232544,20398600
2014-04-22,26.91,26.98,26.66,26.84,20.14996,29601600
2014-04-23,26.799999,26.969999,26.719999,26.75,20.082396,25574300
2014-04-24,26.809999,26.959999,26.639999,26.75,20.082396,25432800
2014-04-25,26.65,26.719999,26.190001,26.26,19.714527,33614400
2014-04-28,26.17,26.389999,26.01,26.33,19.767082,33472800
2014-04-29,26.360001,26.66,26.35,26.48,19.879698,22146000
2014-04-30,26.32,26.700001,26.219999,26.690001,20.037344,25863900
2014-05-01,26.51,26.67,26.389999,26.450001,19.857172,19755200
2014-05-02,26.559999,26.639999,26.4,26.41,19.827139,24235200
2014-05-05,26.16,26.26,25.99,26.17,19.815777,20738900
2014-05-06,26.16,26.379999,26.0,26.200001,19.838499,21818000
2014-05-07,26.26,26.450001,26.219999,26.370001,19.967222,24692800
2014-05-08,26.32,26.530001,26.219999,26.34,19.944511,24166900
2014-05-09,26.370001,26.41,26.219999,26.299999,19.914221,20324400
2014-05-12,26.41,26.540001,26.299999,26.370001,19.967222,20607800
2014-05-13,26.49,26.540001,26.33,26.450001,20.0278,20525000
2014-05-14,26.49,26.52,26.33,26.33,19.936934,17811900
2014-05-15,26.33,26.5,26.01,26.01,19.694632,31752700
2014-05-16,26.049999,26.07,25.74,25.82,19.550764,30017200
2014-05-19,25.75,26.09,25.75,26.040001,19.71735,22679600
2014-05-20,26.02,26.17,25.879999,26.040001,19.71735,22292600
2014-05-21,26.1,26.25,26.0,26.200001,19.838499,18721300
2014-05-22,26.209999,26.27,26.08,26.15,19.800638,15926500
2014-05-23,26.15,26.299999,26.139999,26.290001,19.906643,17172200
2014-05-27,26.33,26.74,26.18,26.709999,20.22467,27271900
2014-05-28,26.700001,26.940001,26.66,26.879999,20.35339,27150100
2014-05-29,26.91,26.959999,26.719999,26.959999,20.413967,20638900
2014-05-30,26.940001,27.32,26.93,27.32,20.686558,43641000
2014-06-02,27.309999,27.35,27.120001,27.26,20.641129,20264900
2014-06-03,27.219999,27.700001,27.120001,27.66,20.944004,33256300
2014-06-04,27.51,27.76,27.5,27.6,20.898571,21612500
2014-06-05,27.559999,27.66,27.43,27.66,20.944004,26546200
2014-06-06,27.780001,28.209999,27.73,28.17,21.330172,34795600
2014-06-09,28.1,28.42,27.83,27.91,21.133307,39933000
2014-06-10,27.85,28.33,27.719999,28.24,21.383177,34256900
2014-06-11,28.139999,28.209999,27.799999,27.93,21.148447,27747700
2014-06-12,27.860001,28.1,27.77,27.959999,21.171156,31211400
2014-06-13,29.75,30.059999,29.559999,29.870001,22.617399,122194300
2014-06-16,29.719999,30.15,29.67,30.01,22.72341,36407800
2014-06-17,29.879999,30.1,29.84,29.950001,22.677979,28440600
2014-06-18,29.879999,29.98,29.67,29.93,22.662838,34412300
2014-06-19,29.969999,30.09,29.889999,30.09,22.783991,27166600
2014-06-20,30.07,30.200001,30.030001,30.200001,22.867279,39826400
2014-06-23,30.1,30.309999,29.85,30.23,22.889996,26528900
2014-06-24,30.16,30.83,30.09,30.5,23.094439,53397600
2014-06-25,30.48,31.0,30.450001,30.879999,23.38217,44293300
2014-06-26,30.809999,30.9,30.610001,30.780001,23.30645,26722300
2014-06-27,30.870001,31.0,30.700001,30.93,23.420036,30776300
2014-06-30,30.870001,31.0,30.66,30.9,23.397314,21558400
2014-07-01,30.99,31.09,30.870001,30.98,23.457888,28240000
2014-07-02,30.99,31.049999,30.799999,30.98,23.457888,16831200
2014-07-03,31.08,31.360001,31.02,31.139999,23.579037,20437600
2014-07-07,31.09,31.200001,30.92,31.030001,23.49575,22233400
2014-07-08,31.0,31.08,30.700001,30.790001,23.314024,37608700
2014-07-09,30.84,30.98,30.690001,30.889999,23.38974,28302400
2014-07-10,30.6,31.33,30.440001,31.26,23.669907,32455100
2014-07-11,31.26,31.450001,31.040001,31.25,23.662331,20045000
2014-07-14,31.41,31.58,31.34,31.49,23.844063,24244600
2014-07-15,31.58,31.799999,31.16,31.709999,24.010639,61006100
2014-07-16,33.310001,34.740002,33.209999,34.650002,26.236797,135834600
2014-07-17,34.200001,34.360001,33.630001,33.700001,25.517456,70591100
2014-07-18,33.799999,33.84,33.389999,33.700001,25.517456,46528800
2014-07-21,33.549999,34.23,33.540001,34.060001,25.790051,32097200
2014-07-22,34.16,34.830002,34.07,34.790001,26.342806,42915100
2014-07-23,34.68,34.709999,34.299999,34.5,26.123215,26077000
2014-07-24,34.380001,34.669998,34.099998,34.25,25.933916,33180400
2014-07-25,34.150002,34.369999,33.93,34.25,25.933916,31614000
2014-07-28,34.23,34.32,33.880001,34.23,25.918774,30972200
2014-07-29,34.27,34.369999,34.09,34.189999,25.888487,26141700
2014-07-30,34.310001,34.57,34.040001,34.349998,26.009636,32782800
2014-07-31,34.09,34.25,33.810001,33.889999,25.661329,35431200
2014-08-01,33.75,34.029999,33.610001,33.740002,25.547747,33472400
2014-08-04,33.790001,34.09,33.549999,34.049999,25.782478,27250100
2014-08-05,33.759998,33.779999,32.599998,32.82,25.01643,49845100
2014-08-06,32.599998,33.189999,32.389999,32.849998,25.039301,27923900
2014-08-07,32.93,33.150002,32.540001,32.68,24.909723,27820100
2014-08-08,32.779999,33.0,32.540001,32.599998,24.848747,35484000
2014-08-11,32.82,33.240002,32.810001,33.02,25.168879,27718600
2014-08-12,32.91,33.150002,32.68,33.130001,25.252733,24805600
2014-08-13,33.240002,34.150002,33.23,34.099998,25.992088,36291000
2014-08-14,34.049999,34.23,33.740002,33.939999,25.870134,25458000
2014-08-15,34.099998,34.209999,33.709999,34.169998,26.045443,28577600
2014-08-18,34.259998,34.470001,33.98,34.41,26.228376,27232200
2014-08-19,34.5,34.5,34.25,34.34,26.17503,29281900
2014-08-20,34.23,34.509998,34.18,34.5,26.296986,27140300
2014-08-21,34.459999,35.189999,34.450001,35.150002,26.792427,37164900
2014-08-22,35.200001,35.200001,34.91,34.939999,26.632364,21196700
2014-08-25,35.09,35.150002,34.650002,34.810001,26.53327,18614500
2014-08-26,34.790001,35.049999,34.689999,34.799999,26.525652,19664700
2014-08-27,34.889999,34.939999,34.630001,34.790001,26.518034,17168900
2014-08-28,34.610001,34.810001,34.610001,34.650002,26.41132,18908900
2014-08-29,34.810001,34.939999,34.669998,34.919998,26.617119,32302800
2014-09-02,34.759998,34.91,34.43,34.57,26.350344,32094800
2014-09-03,34.82,34.880001,34.450001,34.57,26.350344,26668800
2014-09-04,34.529999,35.09,34.52,34.91,26.609493,27632400
2014-09-05,34.919998,35.119999,34.830002,35.0,26.678099,20841900
2014-09-08,34.959999,35.560001,34.880001,35.330002,26.92964,24859600
2014-09-09,35.290001,35.290001,34.849998,34.91,26.609493,22333100
2014-09-10,34.849998,35.130001,34.669998,35.02,26.69335,19964200
2014-09-11,34.790001,35.02,34.529999,35.02,26.69335,21949000
2014-09-12,34.900002,34.91,34.5,34.619999,26.388449,26732600
2014-09-15,34.709999,34.77,34.23,34.540001,26.327477,22438000
2014-09-16,34.470001,35.080002,34.470001,34.93,26.624744,20875700
2014-09-17,34.91,35.200001,34.740002,34.98,26.662863,26278900
2014-09-18,35.119999,35.169998,34.860001,35.169998,26.80768,23809600
2014-09-19,35.16,35.220001,34.82,34.82,26.540892,46851900
2014-09-22,34.779999,35.029999,34.549999,34.709999,26.457047,25447700
2014-09-23,34.709999,34.709999,34.380001,34.419998,26.236002,25690700
2014-09-24,34.400002,34.849998,34.369999,34.75,26.487545,18829000
2014-09-25,34.68,34.790001,33.880001,34.139999,26.022579,34639700
2014-09-26,34.259998,34.360001,33.630001,34.259998,26.114052,25882300
2014-09-29,34.060001,34.990002,33.939999,34.900002,26.601885,29003100
2014-09-30,34.900002,35.0,34.41,34.82,26.540892,35274600
2014-10-01,34.610001,34.779999,33.84,33.990002,25.908249,35086600
2014-10-02,33.959999,34.0,33.259998,33.52,25.54999,32910800
2014-10-03,33.66,34.18,33.470001,34.029999,25.93874,25834600
2014-10-06,34.150002,34.48,33.869999,34.110001,25.999714,24321100
2014-10-07,34.040001,34.049999,33.419998,33.470001,25.51189,25972100
2014-10-08,33.490002,34.369999,33.139999,34.27,26.12167,34960600
2014-10-09,34.150002,34.43,33.580002,33.619999,25.626223,28185700
2014-10-10,32.619999,32.860001,30.5,31.91,24.322805,80917600
2014-10-13,31.719999,32.369999,31.469999,31.469999,23.987417,42110200
2014-10-14,31.99,32.669998,31.709999,32.139999,24.498119,68671000
2014-10-15,30.540001,31.65,29.65,31.280001,23.842604,92305200
2014-10-16,30.889999,31.51,30.75,30.85,23.514837,47787400
2014-10-17,31.200001,31.709999,30.969999,31.379999,23.918821,37504500
2014-10-20,31.040001,31.700001,30.9,31.58,24.071266,30523700
2014-10-21,31.67,32.619999,31.58,32.610001,24.856365,33278400
2014-10-22,32.66,32.869999,32.220001,32.27,24.597206,26725600
2014-10-23,32.720001,32.91,32.599998,32.689999,24.917349,22254900
2014-10-24,32.720001,33.330002,32.57,33.18,25.29084,27814300
2014-10-27,33.080002,33.299999,32.77,33.200001,25.306087,23751900
2014-10-28,33.23,33.75,33.23,33.740002,25.717688,21857800
2014-10-29,33.759998,33.970001,33.509998,33.919998,25.854885,24615200
2014-10-30,33.580002,33.610001,32.400002,32.580002,24.833502,55217900
2014-10-31,33.740002,34.009998,32.630001,34.009998,25.923491,52089700
2014-11-03,33.810001,34.48,33.790001,34.310001,26.152164,28703600
2014-11-04,34.25,34.779999,34.209999,34.540001,26.327477,34695900
2014-11-05,34.049999,34.099998,33.599998,33.759998,25.901665,34705500
2014-11-06,33.689999,34.23,33.41,33.82,25.947697,25240600
2014-11-07,33.98,34.0,33.189999,33.580002,25.763563,27604500
2014-11-10,33.43,33.490002,33.080002,33.259998,25.518044,30653600
2014-11-11,33.360001,33.540001,33.200001,33.310001,25.556412,19676600
2014-11-12,33.23,33.419998,33.0,33.380001,25.610111,22864200
2014-11-13,33.349998,33.860001,33.34,33.68,25.840288,26449300
2014-11-14,33.75,33.970001,33.349998,33.950001,26.04743,18104600
2014-11-17,33.82,34.25,33.759998,34.240002,26.26993,17646300
2014-11-18,34.189999,34.900002,34.16,34.709999,26.630522,30674800
2014-11-19,34.689999,34.790001,34.25,34.349998,26.354324,21289600
2014-11-20,34.139999,35.970001,34.0,35.950001,27.581894,61994700
2014-11-21,35.98,36.459999,35.5,35.59,27.3057,56721600
2014-11-24,35.889999,36.43,35.84,36.25,27.812067,33321100
2014-11-25,36.360001,36.48,36.150002,36.32,27.865767,29093200
2014-11-26,36.369999,36.990002,36.279999,36.900002,28.310764,24060000
2014-11-28,37.040001,37.689999,36.939999,37.25,28.57929,19128500
2014-12-01,37.209999,37.619999,36.900002,37.169998,28.517912,30904000
2014-12-02,37.18,37.599998,37.18,37.599998,28.847818,28361100
2014-12-03,37.68,37.889999,37.41,37.43,28.717382,30660800
2014-12-04,37.400002,37.459999,37.040001,37.459999,28.740412,23359100
2014-12-05,37.57,37.900002,37.52,37.669998,28.901525,20527600
2014-12-08,37.459999,37.73,36.939999,37.200001,28.540936,28134800
2014-12-09,36.669998,37.09,36.299999,36.889999,28.303083,28487300
2014-12-10,36.93,37.02,36.299999,36.419998,27.942493,27499900
2014-12-11,36.5,37.209999,36.439999,36.700001,28.157318,25088200
2014-12-12,36.450001,36.82,36.220001,36.23,27.796719,29322500
2014-12-15,36.389999,36.779999,35.900002,35.919998,27.558876,30633400
2014-12-16,35.860001,36.5,35.560001,35.560001,27.282673,31166300
2014-12-17,35.619999,36.330002,35.330002,36.240002,27.804388,31637700
2014-12-18,36.75,37.02,36.43,37.02,28.402824,32128100
2014-12-19,37.02,37.16,36.23,36.369999,27.904125,76786800
2014-12-22,36.389999,37.259998,36.389999,37.209999,28.548599,29227100
2014-12-23,37.400002,37.700001,37.299999,37.43,28.717382,22169700
2014-12-24,37.470001,37.599998,37.18,37.439999,28.725058,12109100
2014-12-26,37.52,37.740002,37.52,37.549999,28.809464,14037200
2014-12-29,37.450001,37.52,37.169998,37.18,28.525581,12203300
2014-12-30,37.080002,37.189999,36.759998,36.759998,28.203341,15214100
2014-12-31,36.630001,37.040001,36.290001,36.290001,27.842756,20393600
2015-01-02,36.669998,37.16,36.110001,36.360001,27.896458,23605600
2015-01-05,36.200001,36.450001,35.939999,35.950001,27.581894,32785000
2015-01-06,36.080002,36.23,35.259998,35.279999,27.067848,30847600
2015-01-07,35.639999,36.07,35.27,36.02,27.635597,27725200
2015-01-08,36.369999,37.0,36.259998,36.689999,28.149647,31765400
2015-01-09,36.77,37.110001,36.400002,36.759998,28.203341,22850500
2015-01-12,36.900002,37.0,36.23,36.599998,28.080589,29400800
2015-01-13,36.869999,37.490002,36.290001,36.5,28.003874,31478000
2015-01-14,36.330002,36.91,35.91,36.349998,27.888784,34250300
2015-01-15,36.529999,36.880001,36.029999,36.189999,27.766037,47181800
2015-01-16,36.119999,36.66,35.509998,36.450001,27.965513,62812200
2015-01-20,36.099998,36.459999,35.57,36.09,27.689306,35929400
2015-01-21,35.849998,36.68,35.77,36.48,27.988525,27442600
2015-01-22,36.560001,37.0,36.139999,36.91,28.31843,31809900
2015-01-23,36.959999,37.029999,36.380001,36.450001,27.965513,27427100
2015-01-26,36.189999,36.299999,35.57,35.810001,27.474476,30906800
2015-01-27,34.400002,34.720001,33.549999,34.189999,26.231565,58456200
2015-01-28,34.470001,34.700001,33.720001,33.779999,25.917006,34929100
2015-01-29,33.84,34.279999,33.459999,34.209999,26.246908,29569400
2015-01-30,33.700001,33.990002,33.0,33.040001,25.349255,38719700
2015-02-02,33.060001,33.75,32.650002,33.650002,25.817268,38733800
2015-02-03,33.779999,34.049999,32.610001,33.700001,25.855631,36038300
2015-02-04,33.669998,33.84,33.299999,33.599998,25.963808,25052800
2015-02-05,33.68,33.990002,33.450001,33.939999,26.22654,20491400
2015-02-06,33.919998,34.0,33.139999,33.299999,25.731989,29342400
2015-02-09,33.0,33.240002,32.669998,32.93,25.446083,28705500
2015-02-10,33.200001,33.73,33.049999,33.700001,26.041088,20200000
2015-02-11,33.669998,33.759998,33.32,33.549999,25.925175,18364200
2015-02-12,33.98,34.130001,33.759998,34.130001,26.373365,20056700
2015-02-13,34.25,34.369999,33.950001,34.360001,26.551086,18037900
2015-02-17,34.400002,34.75,34.259998,34.740002,26.844725,19374100
2015-02-18,34.650002,34.709999,34.189999,34.27,26.481541,19992900
2015-02-19,34.25,34.419998,34.049999,34.209999,26.435175,11017500
2015-02-20,34.150002,34.57,33.91,34.41,26.58972,20955600
2015-02-23,34.400002,34.5,33.580002,33.759998,26.087452,25565500
2015-02-24,33.610001,34.490002,33.509998,34.41,26.58972,29607500
2015-02-25,34.029999,34.150002,33.73,33.950001,26.234264,24686300
2015-02-26,33.619999,33.880001,33.43,33.650002,26.002451,25928400
2015-02-27,33.630001,33.639999,33.209999,33.25,25.693354,24427300
2015-03-02,33.290001,34.130001,33.119999,34.060001,26.319271,25406400
2015-03-03,33.950001,34.380001,33.91,34.099998,26.350178,27332000
2015-03-04,33.860001,34.41,33.720001,34.119999,26.365639,23005800
2015-03-05,34.259998,34.5,33.59,33.73,26.064266,21225800
2015-03-06,33.540001,33.68,33.080002,33.189999,25.646988,32373100
2015-03-09,33.200001,33.27,32.48,32.720001,25.28381,33058800
2015-03-10,32.240002,32.41,31.5,31.700001,24.495621,50278900
2015-03-11,31.969999,32.959999,31.950001,32.330002,24.982437,49683600
2015-03-12,31.01,31.6,30.58,30.799999,23.800163,107402400
2015-03-13,30.629999,30.98,30.360001,30.93,23.90062,47954700
2015-03-16,30.93,31.110001,30.65,30.83,23.823341,33074600
2015-03-17,30.58,30.73,30.41,30.59,23.63789,29215600
2015-03-18,30.41,31.200001,30.299999,30.889999,23.869703,39834100
2015-03-19,30.780001,31.1,30.690001,30.74,23.753801,27414200
2015-03-20,30.99,31.620001,30.93,31.309999,24.194254,64777100
2015-03-23,31.290001,31.790001,31.200001,31.200001,24.109249,29694000
2015-03-24,31.16,31.32,30.74,30.790001,23.792435,28471400
2015-03-25,30.809999,30.889999,29.860001,29.889999,23.09697,37691000
2015-03-26,29.5,30.4,29.309999,30.08,23.243788,45450100
2015-03-27,30.01,33.0,29.85,32.0,24.727442,73857200
2015-03-30,31.66,32.099998,31.299999,31.459999,24.310163,51391500
2015-03-31,31.43,31.93,31.200001,31.27,24.163345,32098500
2015-04-01,31.129999,31.32,30.65,30.809999,23.807888,31532100
2015-04-02,30.799999,31.23,30.67,30.809999,23.807888,20909600
2015-04-06,30.809999,31.25,30.450001,31.040001,23.985617,21490900
2015-04-07,31.07,31.59,31.0,31.26,24.155613,23258300
2015-04-08,31.23,31.559999,31.059999,31.309999,24.194254,18250300
2015-04-09,30.68,31.620001,30.57,31.24,24.140162,34167600
2015-04-10,31.33,31.940001,31.33,31.93,24.673353,28084900
2015-04-13,31.809999,32.049999,31.709999,31.73,24.518803,23489000
2015-04-14,31.68,31.940001,31.27,31.49,24.333344,39754000
2015-04-15,32.259998,32.990002,32.07,32.830002,25.368813,61083500
2015-04-16,32.849998,32.990002,32.700001,32.869999,25.399714,28903200
2015-04-17,32.509998,32.700001,32.220001,32.470001,25.090622,30593600
2015-04-20,32.610001,32.790001,32.529999,32.73,25.291533,20649300
2015-04-21,32.93,32.970001,32.279999,32.43,25.059715,19023800
2015-04-22,32.41,32.720001,32.029999,32.700001,25.268347,21144200
2015-04-23,32.040001,32.41,32.009998,32.349998,24.9979,23775300
2015-04-24,32.41,32.48,32.02,32.080002,24.789263,22759900
2015-04-27,32.080002,32.689999,32.080002,32.5,25.113802,25869600
2015-04-28,32.299999,33.040001,32.23,33.02,25.515625,29572800
2015-04-29,32.560001,33.0,32.549999,32.889999,25.415171,21819000
2015-04-30,32.709999,32.849998,32.299999,32.549999,25.152443,22013300
2015-05-01,32.630001,33.490002,32.619999,33.419998,25.824718,27091200
2015-05-04,33.27,33.5,33.220001,33.43,25.832445,21397300
2015-05-05,33.0,33.099998,32.57,32.639999,25.404367,29779200
2015-05-06,32.5,32.790001,31.93,32.220001,25.077478,31985400
2015-05-07,32.27,32.630001,32.18,32.240002,25.093048,21475300
2015-05-08,32.509998,32.880001,32.34,32.799999,25.528902,26926500
2015-05-11,32.68,32.709999,32.43,32.689999,25.443287,18358600
2015-05-12,32.439999,32.5,32.0,32.25,25.100828,24530200
2015-05-13,32.27,32.900002,32.27,32.639999,25.404367,20470800
2015-05-14,32.860001,33.130001,32.77,32.970001,25.661219,21098900
2015-05-15,33.09,33.119999,32.75,32.990002,25.676783,17149700
2015-05-18,32.98,33.41,32.849998,33.41,26.003679,23689500
2015-05-19,33.360001,33.380001,32.990002,33.150002,25.801308,21867100
2015-05-20,33.060001,33.5,33.009998,33.369999,25.972546,21359800
2015-05-21,33.209999,33.560001,33.07,33.549999,26.112642,21269800
2015-05-22,33.470001,33.509998,33.32,33.450001,26.034813,20845000
2015-05-26,33.27,33.290001,32.84,33.099998,25.762394,28594500
2015-05-27,33.200001,33.849998,33.130001,33.709999,26.237169,30172700
2015-05-28,33.740002,34.150002,33.68,34.009998,26.470667,27065700
2015-05-29,34.240002,34.75,34.209999,34.459999,26.820917,43545500
2015-06-01,34.369999,34.59,33.68,33.91,26.39283,46734500
2015-06-02,33.639999,33.75,33.139999,33.27,25.894712,36351100
2015-06-03,33.169998,33.240002,32.59,32.73,25.474417,38138700
2015-06-04,32.509998,32.720001,32.200001,32.310001,25.147524,33761800
2015-06-05,32.279999,32.299999,31.83,31.84,24.781708,27778500
2015-06-08,31.809999,31.950001,31.209999,31.299999,24.36142,38171600
2015-06-09,31.33,31.66,31.15,31.25,24.322508,33976700
2015-06-10,31.459999,32.16,31.370001,31.82,24.766148,33336800
2015-06-11,31.950001,32.099998,31.84,31.85,24.789497,24293600
2015-06-12,31.719999,32.099998,31.200001,31.32,24.376989,31629800
2015-06-15,31.120001,31.51,30.940001,31.389999,24.431469,23175000
2015-06-16,31.26,31.76,31.129999,31.639999,24.626051,20254500
2015-06-17,31.75,32.09,31.690001,31.950001,24.867336,28194200
2015-06-18,32.080002,32.5,32.0,32.380001,25.202007,27722400
2015-06-19,32.400002,32.57,31.959999,32.07,24.96073,39008400
2015-06-22,32.259998,32.389999,32.080002,32.259998,25.108608,23608400
2015-06-23,32.310001,32.34,31.93,32.09,24.97629,17995900
2015-06-24,32.150002,32.150002,31.879999,31.91,24.836195,23313900
2015-06-25,32.02,32.32,31.99,31.99,24.898462,22743300
2015-06-26,31.51,31.530001,30.76,31.02,24.143496,62157200
2015-06-29,30.700001,30.98,30.309999,30.389999,23.653152,35194500
2015-06-30,30.629999,30.690001,30.15,30.42,23.676497,34412200
2015-07-01,30.49,30.549999,30.01,30.18,23.4897,27178900
2015-07-02,30.18,30.92,30.1,30.559999,23.785461,27105200
2015-07-06,30.24,30.450001,29.84,30.040001,23.380737,32468100
2015-07-07,29.870001,29.93,29.09,29.9,23.27177,43833700
2015-07-08,29.4,29.67,29.15,29.5,22.960447,45223800
2015-07-09,29.719999,29.889999,28.82,28.93,22.516802,47167800
2015-07-10,29.200001,29.35,28.940001,29.17,22.7036,31423800
2015-07-13,29.27,29.82,29.190001,29.73,23.139465,26452400
2015-07-14,29.66,30.110001,29.440001,29.65,23.077196,39778300
2015-07-15,29.65,29.99,29.469999,29.690001,23.108326,47852500
2015-07-16,30.469999,30.48,29.1,29.9,23.27177,81166700
2015-07-17,29.66,29.799999,29.1,29.469999,22.937092,43697600
2015-07-20,29.620001,29.620001,29.07,29.1,22.649118,33812900
2015-07-21,28.959999,29.26,28.67,28.719999,22.353361,45191000
2015-07-22,28.57,28.85,28.43,28.610001,22.267736,36387200
2015-07-23,28.66,28.969999,28.43,28.6,22.259954,33775200
2015-07-24,28.530001,28.639999,28.059999,28.059999,21.839663,31621000
2015-07-27,28.07,28.42,27.620001,28.35,22.065374,42161100
2015-07-28,28.51,29.18,28.440001,28.959999,22.540154,33182400
2015-07-29,28.950001,29.129999,28.790001,29.01,22.579067,26470200
2015-07-30,29.1,29.450001,28.85,28.91,22.50123,26582400
2015-07-31,29.120001,29.120001,28.77,28.950001,22.532368,27158800
2015-08-03,29.0,29.35,28.9,29.049999,22.610203,26213600
2015-08-04,28.98,29.15,28.860001,29.129999,22.672472,25741700
2015-08-05,29.190001,29.389999,29.02,29.120001,22.85297,23622700
2015-08-06,29.16,29.23,28.85,29.01,22.76664,27958200
2015-08-07,28.799999,28.959999,28.690001,28.879999,22.664612,25606100
2015-08-10,29.07,29.68,29.059999,29.639999,23.261057,22807400
2015-08-11,29.469999,29.48,28.959999,28.969999,22.735254,23758900
2015-08-12,28.66,29.57,28.66,29.459999,23.119793,33589100
2015-08-13,29.4,29.450001,28.870001,28.870001,22.656771,18821900
2015-08-14,28.92,29.040001,28.82,29.02,22.774492,14302700
2015-08-17,28.83,29.200001,28.709999,29.08,22.821581,15548300
2015-08-18,28.950001,29.049999,28.799999,28.91,22.688158,19182600
2015-08-19,28.65,28.799999,28.280001,28.360001,22.256527,30530100
2015-08-20,28.030001,28.24,27.530001,27.530001,21.605158,31936600
2015-08-21,27.33,27.629999,26.559999,26.559999,20.843912,52288400
2015-08-24,25.200001,27.629999,24.870001,26.25,20.600632,83234200
2015-08-25,27.040001,27.15,25.870001,25.870001,20.302412,59371900
2015-08-26,26.51,27.34,26.08,27.299999,21.424656,47386700
2015-08-27,27.719999,27.91,27.01,27.719999,21.754267,38649400
2015-08-28,27.67,28.610001,27.450001,28.42,22.303619,43452400
2015-08-31,28.33,29.129999,28.16,28.540001,22.397785,42401800
2015-09-01,27.91,28.17,27.66,27.82,21.832748,44144000
2015-09-02,28.35,28.6,28.139999,28.6,22.44488,34618800
2015-09-03,28.799999,29.42,28.690001,29.08,22.821581,38665900
2015-09-04,28.57,28.9,28.41,28.52,22.382099,29116500
2015-09-08,28.98,29.5,28.950001,29.5,23.151188,27805000
2015-09-09,29.719999,30.120001,29.17,29.24,22.947134,30774100
2015-09-10,29.18,29.66,28.9,29.27,22.970686,25195800
2015-09-11,29.08,29.52,29.040001,29.469999,23.127642,21786900
2015-09-14,29.469999,29.530001,29.09,29.389999,23.064859,24065100
2015-09-15,29.559999,29.940001,29.48,29.73,23.331692,29819000
2015-09-16,29.620001,29.790001,29.4,29.77,23.363081,25957800
2015-09-17,29.620001,30.200001,29.549999,29.709999,23.315992,29805200
2015-09-18,29.219999,29.42,28.809999,29.02,22.774492,60693400
2015-09-21,29.09,29.34,28.940001,29.16,22.884357,24417100
2015-09-22,28.67,28.9,28.48,28.67,22.499813,28576200
2015-09-23,29.02,29.09,28.59,28.74,22.554749,25984000
2015-09-24,28.379999,28.67,27.870001,28.48,22.350706,32754700
2015-09-25,28.940001,29.120001,28.629999,28.809999,22.609682,29192300
2015-09-28,28.68,29.360001,28.639999,28.76,22.570446,42291000
2015-09-29,28.83,29.35,28.76,29.24,22.947134,34169600
2015-09-30,29.559999,30.32,29.540001,30.139999,23.653448,41051700
2015-10-01,30.209999,30.280001,29.459999,30.0,23.543579,29832800
2015-10-02,29.67,30.530001,29.530001,30.51,23.943823,27901500
2015-10-05,30.73,31.379999,30.559999,31.209999,24.49317,34842500
2015-10-06,31.16,31.85,31.110001,31.74,24.909103,34899800
2015-10-07,32.0,32.419998,31.719999,32.32,25.364288,36930100
2015-10-08,32.23,32.599998,31.98,32.52,25.521235,27794600
2015-10-09,32.369999,32.549999,31.940001,32.139999,25.223019,24209900
2015-10-12,32.16,32.32,32.0,32.209999,25.277952,18795000
2015-10-13,32.029999,32.48,31.98,32.040001,25.144545,35588600
2015-10-14,31.389999,32.93,30.85,32.799999,25.740976,75954800
2015-10-15,32.84,33.060001,32.459999,32.75,25.701738,37634800
2015-10-16,32.75,33.200001,32.48,33.040001,25.929329,29371300
2015-10-19,32.880001,33.619999,32.869999,33.59,26.360962,37624000
2015-10-20,33.400002,33.700001,33.310001,33.439999,26.243242,24416100
2015-10-21,33.669998,34.049999,33.32,33.369999,26.188305,31928800
2015-10-22,33.700001,34.5,33.59,34.400002,26.996639,39572600
2015-10-23,34.540001,35.029999,34.400002,34.900002,27.38903,42796600
2015-10-26,34.77,34.959999,34.549999,34.59,27.145752,22646900
2015-10-27,34.41,34.549999,34.310001,34.470001,27.051573,22630100
2015-10-28,34.470001,34.709999,34.119999,34.709999,27.239916,21908400
2015-10-29,34.200001,34.290001,33.77,34.029999,26.706264,21325200
2015-10-30,34.099998,34.290001,33.860001,33.860001,26.572851,24693900
2015-11-02,33.73,34.279999,33.639999,34.110001,26.769047,21743100
2015-11-03,34.0,34.41,33.98,34.310001,26.926008,18167000
2015-11-04,34.27,34.27,33.900002,34.150002,26.989231,20762100
2015-11-05,34.099998,34.200001,33.73,34.0,26.870686,16486100
2015-11-06,33.93,33.970001,33.41,33.84,26.744242,23701700
2015-11-09,33.599998,33.830002,33.080002,33.349998,26.356981,24168700
2015-11-10,33.169998,33.27,32.810001,33.209999,26.246336,22451700
2015-11-11,33.16,33.380001,32.799999,32.860001,25.969723,19864700
2015-11-12,32.709999,32.919998,32.389999,32.400002,25.60618,23265400
2015-11-13,32.27,32.380001,31.959999,32.110001,25.376991,23673200
2015-11-16,32.09,32.259998,31.93,32.099998,25.369083,29899700
2015-11-17,32.150002,32.880001,32.009998,32.639999,25.795855,22636400
2015-11-18,32.73,33.240002,32.619999,33.16,26.206816,18619800
2015-11-19,33.220001,34.73,33.130001,34.299999,27.107773,45381600
2015-11-20,34.48,35.290001,34.48,34.66,27.392292,41137700
2015-11-23,34.66,34.849998,34.41,34.48,27.250034,20152900
2015-11-24,34.330002,34.439999,33.900002,34.360001,27.155197,21413500
2015-11-25,34.259998,34.740002,34.139999,34.450001,27.226322,17939400
2015-11-27,34.540001,34.68,34.400002,34.459999,27.234232,6620900
2015-11-30,34.549999,34.900002,34.43,34.77,27.479227,21785800
2015-12-01,35.0,35.200001,34.709999,35.09,27.732132,23560200
2015-12-02,35.09,35.41,34.810001,34.830002,27.526646,18688200
2015-12-03,34.970001,34.990002,34.0,34.040001,26.902302,30131100
2015-12-04,34.110001,35.029999,34.0,34.939999,27.613581,24901000
2015-12-07,34.790001,35.169998,34.75,34.990002,27.653103,17731900
2015-12-08,34.669998,34.950001,34.419998,34.75,27.463417,13380200
2015-12-09,34.880001,35.220001,34.509998,34.810001,27.510841,22548300
2015-12-10,34.849998,35.07,34.66,34.77,27.479227,17400700
2015-12-11,34.310001,34.650002,34.200001,34.27,27.084064,21251400
2015-12-14,34.380001,34.48,33.880001,34.470001,27.242138,19357100
2015-12-15,34.650002,35.349998,34.639999,35.18,27.803259,24365900
2015-12-16,35.360001,35.470001,34.77,35.299999,27.898092,23257900
2015-12-17,35.32,35.369999,34.759998,34.91,27.589861,24963600
2015-12-18,34.73,34.75,33.860001,33.869999,26.767946,41336600
2015-12-21,34.110001,34.299999,33.82,34.240002,27.060358,18006800
2015-12-22,34.360001,34.779999,34.27,34.73,27.447613,18422000
2015-12-23,34.950001,35.049999,34.779999,35.0,27.661001,12526500
2015-12-24,35.07,35.259998,34.959999,34.98,27.645191,5893800
2015-12-28,34.950001,35.0,34.57,34.93,27.605679,9449400
2015-12-29,35.009998,35.59,35.009998,35.439999,28.008738,14188600
2015-12-30,35.380001,35.450001,34.950001,34.990002,27.653103,11566800
2015-12-31,34.82,34.959999,34.439999,34.450001,27.226322,14736700
2016-01-04,33.880001,34.009998,33.459999,33.990002,26.862789,27882200
2016-01-05,33.959999,34.0,33.529999,33.830002,26.736336,16709500
2016-01-06,33.25,33.52,32.799999,33.080002,26.143602,25491300
2016-01-07,32.279999,33.009998,31.84,31.84,25.163603,37680500
2016-01-08,32.09,32.220001,31.43,31.51,24.902803,29953800
2016-01-11,31.809999,32.220001,31.68,32.060001,25.337477,27732400
2016-01-12,32.759998,32.889999,32.27,32.68,25.827465,28587700
2016-01-13,32.759998,32.93,31.83,31.91,25.218925,34445700
2016-01-14,31.969999,32.869999,31.799999,32.740002,25.874893,48728200
2016-01-15,29.73,30.5,29.450001,29.76,23.519749,76373900
2016-01-19,29.98,30.059999,29.48,29.799999,23.551367,28878100
2016-01-20,29.35,29.870001,29.209999,29.59,23.385399,39598200
2016-01-21,29.65,30.030001,29.24,29.66,23.44072,30157400
2016-01-22,30.120001,30.24,29.51,29.93,23.65411,25326500
2016-01-25,29.99,30.219999,29.57,29.6,23.393303,26441000
2016-01-26,29.610001,30.049999,29.610001,29.940001,23.662003,24754900
2016-01-27,29.879999,30.219999,29.639999,29.809999,23.559269,26384100
2016-01-28,30.02,30.18,29.75,29.969999,23.685717,22028100
2016-01-29,30.209999,31.030001,30.1,31.02,24.515547,38311400
2016-02-01,30.719999,31.120001,30.639999,30.82,24.357483,19015100
2016-02-02,30.450001,30.49,29.629999,29.799999,23.551367,24994300
2016-02-03,29.719999,29.719999,28.52,29.34,23.391909,44660100
2016-02-04,29.139999,29.879999,29.110001,29.77,23.734737,29257800
2016-02-05,29.58,29.76,28.91,29.040001,23.152723,27957500
2016-02-08,28.74,28.98,28.299999,28.82,22.977325,28725900
2016-02-09,28.49,29.15,28.41,28.809999,22.969358,22902600
2016-02-10,28.879999,29.0,28.190001,28.23,22.506939,27267800
2016-02-11,27.83,28.41,27.68,28.219999,22.498968,28450200
2016-02-12,28.57,28.700001,28.139999,28.639999,22.833815,19699000
2016-02-16,28.75,28.950001,28.360001,28.780001,22.945436,30705200
2016-02-17,28.860001,29.620001,28.73,29.469999,23.49555,27691700
2016-02-18,29.530001,29.76,29.379999,29.42,23.455692,20623300
2016-02-19,29.200001,29.33,28.709999,28.709999,22.889627,42056700
2016-02-22,29.110001,29.540001,29.0,29.35,23.399879,23893100
2016-02-23,29.299999,29.35,28.6,28.799999,22.961382,26638200
2016-02-24,28.52,29.299999,28.379999,29.190001,23.272318,21593600
2016-02-25,29.32,29.620001,28.950001,29.620001,23.615143,17571400
2016-02-26,29.879999,30.08,29.700001,29.799999,23.758656,19902200
2016-02-29,29.719999,30.139999,29.58,29.59,23.591227,22903100
2016-03-01,29.93,30.530001,29.75,30.370001,24.213099,25502600
2016-03-02,30.299999,30.870001,30.120001,30.540001,24.348639,23779800
2016-03-03,31.129999,31.35,30.540001,30.58,24.380526,25625200
2016-03-04,30.5,30.860001,30.049999,30.629999,24.420385,20356800
2016-03-07,30.59,31.120001,30.5,30.940001,24.667547,18858200
2016-03-08,30.83,30.879999,30.379999,30.559999,24.364574,19104900
2016-03-09,30.83,31.040001,30.67,30.870001,24.611732,14707800
2016-03-10,31.139999,31.4,30.379999,31.25,24.914694,29584800
2016-03-11,31.67,31.790001,31.530001,31.76,25.321306,22811200
2016-03-14,31.66,31.690001,31.299999,31.43,25.058205,17438600
2016-03-15,31.34,31.65,31.059999,31.65,25.233604,16927700
2016-03-16,31.49,31.799999,31.17,31.690001,25.265497,26298400
2016-03-17,31.76,32.169998,31.700001,31.98,25.496706,22865300
2016-03-18,32.16,32.689999,32.060001,32.68,26.05479,49934200
2016-03-21,32.23,32.419998,31.950001,32.34,25.783722,21760900
2016-03-22,32.16,32.459999,31.950001,32.32,25.767773,22200400
2016-03-23,32.470001,32.470001,31.98,32.0,25.512648,18765300
2016-03-24,31.870001,31.950001,31.700001,31.879999,25.416971,14211900
2016-03-28,31.870001,32.0,31.620001,31.9,25.43292,11433000
2016-03-29,31.93,32.439999,31.73,32.380001,25.815613,15313200
2016-03-30,32.450001,32.75,32.290001,32.709999,26.078705,16598000
2016-03-31,32.529999,32.66,32.32,32.349998,25.791691,17880000
2016-04-01,32.27,32.470001,32.099998,32.450001,25.871422,18049700
2016-04-04,32.200001,32.380001,31.74,32.0,25.512648,21581600
2016-04-05,31.889999,32.119999,31.719999,31.9,25.43292,20080000
2016-04-06,31.969999,32.23,31.77,32.080002,25.576429,15740600
2016-04-07,31.889999,31.9,31.35,31.549999,25.153877,23738200
2016-04-08,31.76,32.02,31.48,31.629999,25.217659,17031900
2016-04-11,31.9,32.34,31.66,31.67,25.249548,19707700
2016-04-12,31.879999,31.940001,31.379999,31.860001,25.401031,16774200
2016-04-13,31.969999,32.18,31.950001,32.130001,25.616295,19968100
2016-04-14,31.780001,31.889999,31.549999,31.799999,25.353193,21620900
2016-04-15,31.790001,31.889999,31.379999,31.459999,25.082119,28782800
2016-04-18,31.43,31.719999,31.379999,31.65,25.233604,21566600
2016-04-19,31.700001,31.809999,31.4,31.6,25.193743,33619300
2016-04-20,31.32,32.259998,31.25,32.0,25.512648,57629800
2016-04-21,31.940001,32.060001,31.809999,31.969999,25.488728,28431400
2016-04-22,31.74,31.860001,31.219999,31.639999,25.225636,29625600
2016-04-25,31.360001,31.5,31.200001,31.389999,25.026314,19315700
2016-04-26,31.389999,31.700001,31.17,31.4,25.03429,20976400
2016-04-27,31.25,31.799999,31.190001,31.75,25.31333,20006200
2016-04-28,31.450001,31.709999,31.030001,31.110001,24.80308,25146400
2016-04-29,30.860001,30.870001,30.1,30.280001,24.141346,36443700
2016-05-02,30.450001,30.690001,30.360001,30.610001,24.404446,21086600
2016-05-03,30.41,30.559999,30.09,30.360001,24.205124,27111100
2016-05-04,30.17,30.209999,29.700001,29.85,24.004084,23278800
2016-05-05,29.870001,30.02,29.75,29.9,24.044294,23393300
2016-05-06,29.610001,30.110001,29.52,30.040001,24.156874,19632200
2016-05-09,30.08,30.17,29.76,29.799999,23.963879,16888300
2016-05-10,30.0,30.18,29.82,30.139999,24.237297,17013800
2016-05-11,30.16,30.25,29.969999,30.059999,24.172956,15754200
2016-05-12,30.110001,30.24,29.57,29.76,23.931709,20826700
2016-05-13,29.860001,30.200001,29.84,29.91,24.052338,19999600
2016-05-16,29.9,30.559999,29.879999,30.389999,24.438332,21826100
2016-05-17,30.57,30.57,29.860001,29.98,24.108625,25709900
2016-05-18,30.030001,30.25,29.780001,29.99,24.116667,22469900
2016-05-19,29.77,29.93,29.5,29.629999,23.827168,21740900
2016-05-20,29.73,30.379999,29.700001,30.15,24.245329,22777300
2016-05-23,30.23,30.48,30.129999,30.23,24.309664,20881900
2016-05-24,30.5,31.120001,30.450001,31.059999,24.977118,23699200
2016-05-25,31.200001,31.57,31.15,31.389999,25.242485,18359600
2016-05-26,31.49,31.629999,31.4,31.49,25.322899,12692300
2016-05-27,31.6,31.65,31.450001,31.57,25.387239,13341300
2016-05-31,31.51,31.65,31.309999,31.59,25.403322,23040200
2016-06-01,31.620001,31.719999,31.469999,31.66,25.459606,17753500
2016-06-02,31.559999,31.76,31.450001,31.76,25.540026,14140100
2016-06-03,31.74,31.74,31.4,31.620001,25.427446,15777500
2016-06-06,31.639999,31.82,31.58,31.68,25.475691,15139600
2016-06-07,31.75,32.02,31.700001,31.879999,25.636522,19339100
2016-06-08,31.799999,32.0,31.790001,31.889999,25.644562,12732100
2016-06-09,31.68,32.0,31.68,31.940001,25.684774,11276800
2016-06-10,31.700001,32.240002,31.65,32.040001,25.765186,35749100
2016-06-13,32.049999,32.5,32.040001,32.169998,25.86973,23004800
2016-06-14,32.009998,32.240002,31.790001,32.139999,25.845602,18754300
2016-06-15,32.25,32.259998,31.59,31.610001,25.419403,23783300
2016-06-16,31.440001,31.77,31.219999,31.690001,25.483736,18547900
2016-06-17,31.73,31.809999,31.469999,31.76,25.540026,27047900
2016-06-20,32.07,32.439999,32.009998,32.169998,25.86973,21961600
2016-06-21,32.259998,32.380001,32.09,32.32,25.990351,15476500
2016-06-22,32.299999,32.630001,32.25,32.290001,25.966228,18304800
2016-06-23,32.580002,33.0,32.5,32.990002,26.52914,22048800
2016-06-24,31.799999,32.32,31.4,31.549999,25.371153,38094300
2016-06-27,31.41,31.41,30.440001,30.719999,24.703701,34965100
2016-06-28,30.969999,31.200001,30.809999,31.190001,25.081654,23693900
2016-06-29,31.35,31.98,31.309999,31.93,25.676731,22771100
2016-06-30,32.0,32.880001,31.969999,32.799999,26.376347,34528900
2016-07-01,32.639999,32.889999,32.470001,32.75,26.336136,17084600
2016-07-05,32.5,32.73,32.459999,32.68,26.279846,20107200
2016-07-06,32.799999,33.0,32.380001,32.970001,26.513056,21070200
2016-07-07,32.959999,33.549999,32.959999,33.200001,26.698019,26119400
2016-07-08,33.650002,34.0,33.5,34.0,27.341339,23341900
2016-07-11,34.040001,34.5,34.040001,34.380001,27.646923,23820700
2016-07-12,34.509998,34.970001,34.48,34.939999,28.097246,28064100
2016-07-13,35.040001,35.25,34.880001,35.009998,28.153534,29120900
2016-07-14,35.130001,35.299999,34.959999,35.200001,28.306324,25296400
2016-07-15,35.259998,35.290001,34.900002,35.07,28.201784,23661900
2016-07-18,35.18,35.200001,34.950001,35.049999,28.185698,19347200
2016-07-19,34.889999,35.16,34.849998,35.150002,28.266117,20395400
2016-07-20,35.299999,35.93,35.060001,35.689999,28.700356,42994200
2016-07-21,34.330002,34.490002,33.860001,34.27,27.558455,63708600
2016-07-22,34.380001,34.700001,34.259998,34.66,27.872076,33033700
2016-07-25,34.619999,34.759998,34.57,34.689999,27.896204,20277700
2016-07-26,34.75,35.23,34.700001,35.09,28.217873,29644400
2016-07-27,35.0,35.279999,34.630001,34.830002,28.008789,23601800
2016-07-28,34.830002,34.830002,34.52,34.77,27.960539,21667400
2016-07-29,34.77,34.919998,34.599998,34.860001,28.032911,18171200
2016-08-01,34.82,34.91,34.560001,34.849998,28.024876,18824400
2016-08-02,34.810001,34.869999,34.330002,34.560001,27.791666,20057300
2016-08-03,34.099998,34.279999,33.990002,34.25,27.751152,18388800
2016-08-04,34.290001,34.619999,34.220001,34.580002,28.018538,16362600
2016-08-05,34.799999,35.130001,34.700001,34.98,28.342638,20046200
2016-08-08,34.900002,35.169998,34.860001,35.040001,28.391251,19497300
2016-08-09,35.040001,35.16,34.84,34.919998,28.294018,12578900
2016-08-10,35.0,35.0,34.5,34.529999,27.978024,19579000
2016-08-11,34.66,34.740002,34.490002,34.68,28.099558,16364100
2016-08-12,34.52,34.759998,34.439999,34.57,28.010429,15708300
2016-08-15,34.700001,35.16,34.630001,34.91,28.285913,18931100
2016-08-16,34.77,35.209999,34.77,35.209999,28.528994,16320900
2016-08-17,35.169998,35.209999,34.77,35.02,28.375044,18221600
2016-08-18,34.959999,35.09,34.75,34.970001,28.334524,16085200
2016-08-19,34.84,35.27,34.740002,35.240002,28.553303,16417600
2016-08-22,35.200001,35.450001,35.119999,35.360001,28.650534,14941400
2016-08-23,35.5,35.689999,35.299999,35.400002,28.682945,18316000
2016-08-24,35.32,35.41,35.02,35.150002,28.480385,16343500
2016-08-25,35.049999,35.220001,34.900002,35.09,28.431765,12428000
2016-08-26,35.110001,35.580002,35.049999,35.259998,28.569498,14469900
2016-08-29,35.48,35.669998,35.150002,35.549999,28.804478,15264300
2016-08-30,35.59,35.740002,35.52,35.700001,28.926025,15183200
2016-08-31,35.619999,35.900002,35.580002,35.889999,29.07996,20562700
2016-09-01,35.990002,36.040001,35.580002,36.02,29.185297,18925800
2016-09-02,36.209999,36.330002,35.950001,36.080002,29.233917,16726700
2016-09-06,36.380001,36.599998,36.169998,36.57,29.630939,22337800
2016-09-07,36.650002,36.650002,36.380001,36.459999,29.541805,18495600
2016-09-08,36.349998,36.59,36.119999,36.439999,29.525606,20356500
2016-09-09,36.099998,36.389999,35.439999,35.439999,28.715353,29457900
2016-09-12,35.189999,36.119999,35.060001,36.080002,29.233917,22796600
2016-09-13,35.75,35.880001,35.32,35.610001,28.853096,23591300
2016-09-14,35.509998,35.82,35.400002,35.619999,28.861204,14074500
2016-09-15,35.740002,36.650002,35.540001,36.560001,29.622837,23736000
2016-09-16,37.720001,38.049999,37.25,37.669998,30.522217,74577900
2016-09-19,37.689999,38.02,37.09,37.16,30.108988,30531700
2016-09-20,37.419998,37.43,36.939999,37.139999,30.092779,24796900
2016-09-21,37.209999,37.459999,36.860001,37.450001,30.343958,21233700
2016-09-22,37.599998,37.830002,37.439999,37.549999,30.424978,17013400
2016-09-23,37.450001,37.650002,37.119999,37.189999,30.133297,18062500
2016-09-26,36.919998,36.939999,36.599998,36.650002,29.695759,25518800
2016-09-27,36.900002,37.220001,36.630001,37.18,30.125195,22391600
2016-09-28,37.310001,37.5,37.150002,37.439999,30.335854,19020800
2016-09-29,37.490002,37.529999,37.0,37.32,30.238625,17675000
2016-09-30,37.470001,37.919998,37.439999,37.75,30.587034,24279300
2016-10-03,37.689999,37.950001,37.529999,37.66,30.514118,14113600
2016-10-04,37.77,37.939999,37.330002,37.540001,30.416891,14393100
2016-10-05,37.75,38.310001,37.639999,37.990002,30.781498,22420800
2016-10-06,37.84,38.16,37.580002,38.07,30.846317,15171400
2016-10-07,38.080002,38.220001,37.779999,38.099998,30.870615,16942500
2016-10-10,38.25,38.360001,37.900002,38.02,30.805799,14954300
2016-10-11,37.91,38.0,36.82,37.27,30.198112,27650500
2016-10-12,37.200001,37.25,36.810001,37.130001,30.084686,14053900
2016-10-13,36.849998,37.130001,36.459999,36.970001,29.955034,16936000
2016-10-14,37.189999,37.700001,37.16,37.450001,30.343958,19123900
2016-10-17,37.549999,37.720001,37.240002,37.290001,30.214321,15788100
2016-10-18,37.970001,38.049999,37.529999,37.75,30.587034,42907800
2016-10-19,36.07,36.09,35.23,35.509998,28.772064,75229000
2016-10-20,35.41,35.669998,35.099998,35.43,28.707251,25669500
2016-10-21,35.209999,35.400002,34.810001,35.150002,28.480385,20813200
2016-10-24,35.43,35.490002,35.110001,35.259998,28.569498,21524700
2016-10-25,35.139999,35.25,35.009998,35.099998,28.439863,17860300
2016-10-26,35.040001,35.209999,34.740002,34.919998,28.294018,19977600
2016-10-27,35.099998,35.23,34.75,34.810001,28.204897,14634700
2016-10-28,34.869999,35.169998,34.709999,34.740002,28.148172,22296400
2016-10-31,34.919998,35.080002,34.84,34.869999,28.253506,19188600
2016-11-01,34.900002,35.16,34.27,34.52,27.969915,25368200
2016-11-02,34.599998,34.900002,34.470001,34.599998,28.034739,21416400
2016-11-03,34.450001,34.52,33.869999,33.93,27.700018,19400000
2016-11-04,33.529999,33.93,33.419998,33.610001,27.438782,21914700
2016-11-07,34.240002,34.75,34.150002,34.689999,28.320475,19296600
2016-11-08,34.599998,34.950001,34.490002,34.740002,28.361296,14833100
2016-11-09,34.130001,34.849998,33.669998,34.75,28.369459,25999400
2016-11-10,34.950001,34.950001,34.029999,34.5,28.165359,28249900
2016-11-11,34.57,34.869999,34.34,34.610001,28.255169,22665000
2016-11-14,34.560001,34.73,34.200001,34.48,28.149035,22558900
2016-11-15,34.639999,35.290001,34.610001,34.91,28.500071,20676100
2016-11-16,34.900002,34.919998,34.540001,34.84,28.442932,18565500
2016-11-17,34.810001,35.02,34.630001,35.02,28.58988,15748500
2016-11-18,34.900002,35.0,34.639999,34.950001,28.532736,16806900
2016-11-21,35.099998,35.200001,34.84,34.98,28.557224,14259500
2016-11-22,35.18,35.5,35.110001,35.48,28.965424,22327400
2016-11-23,35.48,35.52,35.099998,35.200001,28.736837,15843100
2016-11-25,35.110001,35.450001,35.110001,35.439999,28.932766,6372800
2016-11-28,35.43,35.66,35.209999,35.509998,28.98991,13549000
2016-11-29,35.639999,35.639999,35.27,35.310001,28.826622,19581000
2016-11-30,35.200001,35.299999,34.700001,34.700001,28.32864,27016100
2016-12-01,34.860001,34.93,33.560001,33.759998,27.561232,29618700
2016-12-02,33.720001,34.259998,33.599998,34.16,27.887785,21492500
2016-12-05,34.310001,34.419998,33.970001,34.389999,28.075562,14462000
2016-12-06,34.389999,34.75,34.299999,34.720001,28.344963,15297700
2016-12-07,34.669998,35.57,34.450001,35.5,28.981747,21710300
2016-12-08,35.48,36.029999,35.220001,35.700001,29.145033,19966500
2016-12-09,35.75,35.900002,35.59,35.759998,29.194002,16326900
2016-12-12,35.779999,36.09,35.669998,35.970001,29.365456,21985800
2016-12-13,36.009998,36.889999,35.93,36.799999,30.043058,35773600
2016-12-14,36.700001,36.889999,36.459999,36.549999,29.838953,30819400
2016-12-15,36.740002,37.16,36.529999,36.790001,30.034895,23721500
2016-12-16,36.720001,36.869999,36.09,36.310001,29.643013,38212800
2016-12-19,36.34,36.950001,36.27,36.889999,30.116529,18744300
2016-12-20,36.950001,37.240002,36.889999,37.209999,30.377771,18551800
2016-12-21,37.25,37.349998,36.91,36.98,30.190002,14323600
2016-12-22,37.23,37.240002,36.810001,36.93,30.149189,10793900
2016-12-23,36.93,36.98,36.77,36.970001,30.181835,6287300
2016-12-27,36.91,37.330002,36.91,37.07,30.263472,9033700
2016-12-28,37.099998,37.200001,36.580002,36.630001,29.904266,12868600
2016-12-29,36.509998,36.720001,36.43,36.66,29.928757,8447300
2016-12-30,36.790001,36.799999,36.200001,36.27,29.610373,17468000
2017-01-03,36.610001,36.93,36.27,36.599998,29.879778,20196500
2017-01-04,36.709999,36.77,36.34,36.41,29.724661,15915700
2017-01-05,36.450001,36.720001,36.310001,36.349998,29.675676,13986000
2017-01-06,36.59,36.68,36.189999,36.48,29.781813,15114000
2017-01-09,36.48,36.889999,36.48,36.610001,29.887938,19461400
2017-01-10,36.549999,36.93,36.529999,36.540001,29.830788,15918800
2017-01-11,36.509998,37.0,36.509998,36.950001,30.165512,22398400
2017-01-12,36.830002,36.830002,36.32,36.709999,29.969568,20391900
2017-01-13,36.709999,36.860001,36.619999,36.790001,30.034895,15072200
2017-01-17,36.669998,36.830002,36.59,36.799999,30.043058,20195200
2017-01-18,36.889999,37.009998,36.610001,36.759998,30.010395,15382500
2017-01-19,36.509998,36.91,36.509998,36.57,29.855286,13654500
2017-01-20,36.759998,37.029999,36.580002,36.939999,30.157349,23950900
2017-01-23,37.07,37.209999,36.549999,36.77,30.018564,27752600
2017-01-24,36.84,37.740002,36.810001,37.619999,30.712488,35140900
2017-01-25,37.869999,38.0,37.52,37.799999,30.859436,32276400
2017-01-26,37.82,37.919998,37.419998,37.560001,30.663506,34144800
2017-01-27,38.0,38.450001,37.810001,37.98,31.006393,44368600
2017-01-30,37.740002,37.84,37.330002,37.419998,30.54921,23954700
2017-01-31,37.220001,37.369999,36.639999,36.82,30.05938,27059100
2017-02-01,36.82,36.950001,36.02,36.52,29.814461,28380600
2017-02-02,36.259998,36.700001,36.200001,36.68,29.945089,31916900
2017-02-03,36.689999,36.82,36.450001,36.52,30.027304,21038100
2017-02-06,36.509998,36.509998,36.150002,36.27,29.821756,21427000
2017-02-07,36.450001,36.52,36.240002,36.349998,29.887526,18581900
2017-02-08,36.34,36.650002,36.139999,36.380001,29.912205,20807400
2017-02-09,36.5,36.5,35.400002,35.459999,29.155756,47802700
2017-02-10,35.259998,35.43,34.84,35.34,29.057085,44106500
2017-02-13,35.57,35.849998,35.34,35.799999,29.435316,28180600
2017-02-14,35.84,35.959999,35.529999,35.93,29.542204,25734800
2017-02-15,35.98,36.060001,35.669998,36.049999,29.640862,18452200
2017-02-16,36.18,36.560001,36.099998,36.41,29.936865,21317500
2017-02-17,36.32,36.48,36.099998,36.48,29.994421,18909900
2017-02-21,36.529999,36.650002,36.330002,36.52,30.027304,20556000
2017-02-22,36.34,36.400002,35.790001,36.07,29.657312,29904400
2017-02-23,36.240002,36.299999,35.900002,36.18,29.747759,22775000
2017-02-24,36.139999,36.529999,35.950001,36.529999,30.035532,18617600
2017-02-27,36.419998,36.68,36.27,36.509998,30.019083,14065200
2017-02-28,36.419998,36.459999,36.0,36.200001,29.764194,24977000
2017-03-01,35.849998,36.099998,35.439999,35.93,29.542204,34085900
2017-03-02,35.93,36.02,35.650002,35.91,29.525755,23602100
2017-03-03,35.939999,36.09,35.669998,35.900002,29.517536,17538100
2017-03-06,35.790001,35.799999,35.419998,35.57,29.246201,24416700
2017-03-07,35.540001,35.799999,35.389999,35.799999,29.435316,23434900
2017-03-08,35.669998,35.900002,35.529999,35.619999,29.287315,20920100
2017-03-09,35.599998,35.939999,35.5,35.82,29.451763,23616800
2017-03-10,36.119999,36.299999,35.779999,35.91,29.525755,25402300
2017-03-13,35.849998,36.040001,34.939999,35.16,28.909094,53582900
2017-03-14,35.060001,35.23,34.66,35.18,28.925539,28586900
2017-03-15,34.939999,35.169998,34.68,35.099998,28.859758,27996100
2017-03-16,35.169998,35.360001,35.07,35.139999,28.892654,19616100
2017-03-17,35.310001,35.330002,35.099998,35.27,28.99954,30778900
2017-03-20,35.369999,35.630001,35.259998,35.43,29.13109,17322300
2017-03-21,35.59,35.599998,35.0,35.040001,28.810432,22814500
2017-03-22,35.220001,35.459999,35.0,35.369999,29.081757,19144500
2017-03-23,35.490002,35.490002,35.02,35.27,28.99954,20640400
2017-03-24,35.650002,35.73,35.119999,35.16,28.909094,22188000
2017-03-27,35.07,35.5,34.939999,35.389999,29.098202,16992200
2017-03-28,35.34,35.709999,35.209999,35.599998,29.270864,18398100
2017-03-29,35.52,35.700001,35.439999,35.57,29.246201,17202600
2017-03-30,35.580002,35.889999,35.52,35.75,29.394207,16433000
2017-03-31,35.75,36.25,35.740002,36.07,29.657312,21438400
2017-04-03,36.189999,36.740002,36.119999,36.16,29.73131,32013600
2017-04-04,36.119999,36.380001,35.990002,36.279999,29.829967,18918000
2017-04-05,36.43,36.759998,36.169998,36.220001,29.780651,22455500
2017-04-06,36.130001,36.279999,36.029999,36.029999,29.624422,20198200
2017-04-07,36.07,36.32,35.990002,36.029999,29.624422,15689500
2017-04-10,36.02,36.09,35.610001,35.799999,29.435316,19973700
2017-04-11,35.77,35.790001,35.209999,35.740002,29.385984,22711800
2017-04-12,35.869999,36.009998,35.5,35.630001,29.29554,19289800
2017-04-13,35.549999,35.759998,35.25,35.25,28.983097,15764000
2017-04-17,35.439999,35.59,35.330002,35.48,29.172205,12560700
2017-04-18,35.43,35.810001,35.299999,35.77,29.410646,12321100
2017-04-19,35.970001,36.220001,35.889999,35.91,29.525755,16594600
2017-04-20,36.18,36.27,35.860001,36.18,29.747759,22968300
2017-04-21,36.200001,36.419998,35.849998,36.32,29.86286,20390500
2017-04-24,36.669998,36.849998,36.459999,36.75,30.216421,26305800
2017-04-25,36.77,37.0,36.66,36.869999,30.315079,22066800
2017-04-26,36.779999,37.23,36.779999,36.93,30.364422,27241000
2017-04-27,36.869999,37.5,36.779999,37.43,30.77552,39890000
2017-04-28,36.099998,36.490002,35.880001,36.150002,29.723089,56769300
2017-05-01,36.110001,36.400002,35.939999,36.310001,29.854631,24825600
2017-05-02,36.369999,37.029999,36.349998,36.970001,30.397301,35813000
2017-05-03,36.720001,37.169998,36.619999,36.98,30.63172,22040300
2017-05-04,36.990002,37.110001,36.639999,36.849998,30.524038,16437100
2017-05-05,36.860001,36.93,36.5,36.82,30.499195,18119200
2017-05-08,36.73,36.849998,36.48,36.540001,30.26726,17660200
2017-05-09,36.48,36.75,36.279999,36.369999,30.126429,17819100
2017-05-10,36.27,36.380001,35.93,36.009998,29.828241,25133800
2017-05-11,35.91,36.0,35.450001,35.689999,29.563177,21508900
2017-05-12,35.720001,35.740002,35.400002,35.529999,29.430643,19730800
2017-05-15,35.529999,35.720001,35.419998,35.630001,29.513479,22120100
2017-05-16,35.75,35.889999,35.419998,35.82,29.670853,22291800
2017-05-17,35.669998,35.990002,35.02,35.040001,29.024757,26670200
2017-05-18,35.189999,35.470001,35.080002,35.220001,29.173855,17171900
2017-05-19,35.150002,35.549999,35.130001,35.400002,29.322952,18340100
2017-05-22,35.48,36.110001,35.380001,35.77,29.629436,14638100
2017-05-23,35.869999,35.990002,35.560001,35.860001,29.703985,16903700
2017-05-24,35.98,36.18,35.889999,36.119999,29.919363,20640600
2017-05-25,36.119999,36.389999,36.060001,36.259998,30.035318,13148500
2017-05-26,36.259998,36.330002,36.130001,36.259998,30.035318,11145500
2017-05-30,36.27,36.439999,36.09,36.18,29.969061,13026900
2017-05-31,36.310001,36.380001,35.869999,36.110001,29.911076,17741900
2017-06-01,36.119999,36.130001,35.799999,36.119999,29.919363,17510900
2017-06-02,36.27,36.330002,36.0,36.32,30.085024,19127400
2017-06-05,36.299999,36.5,36.200001,36.34,30.101595,11685700
2017-06-06,36.16,36.450001,35.98,36.130001,29.927643,18420900
2017-06-07,36.130001,36.57,36.099998,36.259998,30.035318,17192000
2017-06-08,36.34,36.529999,36.16,36.48,30.217564,17154200
2017-06-09,36.5,36.560001,35.310001,35.709999,29.579746,33322100
2017-06-12,35.59,36.009998,35.41,35.73,29.596312,28488300
2017-06-13,35.68,35.950001,35.529999,35.880001,29.72056,20588200
2017-06-14,35.990002,36.049999,35.220001,35.529999,29.430643,19149000
2017-06-15,35.209999,35.48,35.139999,35.310001,29.248402,20410000
2017-06-16,35.279999,35.330002,35.009998,35.209999,29.165571,30762800
2017-06-19,35.610001,35.610001,35.32,35.509998,29.414074,21583800
2017-06-20,35.450001,35.450001,34.84,34.860001,28.875648,21536500
2017-06-21,34.330002,34.599998,34.09,34.580002,28.643724,27138500
2017-06-22,34.560001,34.630001,34.290001,34.360001,28.461491,24602900
2017-06-23,34.209999,34.549999,34.099998,34.189999,28.320675,29260900
2017-06-26,34.259998,34.509998,34.029999,34.07,28.221279,18854800
2017-06-27,34.0,34.150002,33.650002,33.650002,27.873377,27078900
2017-06-28,33.77,34.240002,33.740002,34.200001,28.328962,25940100
2017-06-29,33.919998,34.099998,33.34,33.540001,27.782265,25215700
2017-06-30,33.869999,33.93,33.529999,33.740002,27.947927,24432000
2017-07-03,33.509998,34.029999,33.43,33.459999,27.715996,12676900
2017-07-05,33.52,34.43,33.490002,34.34,28.444923,30010800
2017-07-06,34.119999,34.290001,33.560001,33.630001,27.85681,20733200
2017-07-07,33.700001,34.119999,33.700001,33.880001,28.063889,18304500
2017-07-10,33.25,33.740002,33.23,33.650002,27.873377,29918400
2017-07-11,33.639999,33.93,33.43,33.919998,28.097021,25737500
2017-07-12,34.279999,34.389999,33.939999,34.25,28.370371,23768300
2017-07-13,34.330002,34.400002,34.119999,34.240002,28.362099,15046200
2017-07-14,34.48,34.709999,34.27,34.68,28.726557,16316400
2017-07-17,34.740002,34.740002,34.360001,34.470001,28.552614,21044400
2017-07-18,34.43,34.580002,34.25,34.529999,28.602304,14362800
2017-07-19,34.68,34.68,34.459999,34.560001,28.627157,17036200
2017-07-20,34.540001,34.84,34.48,34.75,28.78454,17506200
2017-07-21,34.540001,34.82,34.400002,34.73,28.767973,22245000
2017-07-24,34.73,34.799999,34.380001,34.5,28.577457,16146300
2017-07-25,34.549999,34.740002,34.400002,34.669998,28.718277,18096700
2017-07-26,34.700001,34.970001,34.59,34.75,28.78454,15499300
2017-07-27,34.779999,35.25,34.669998,34.970001,28.966774,43062800
2017-07-28,35.130001,35.860001,35.0,35.310001,29.248402,36291500
2017-07-31,35.470001,35.740002,35.32,35.470001,29.380947,27057000
2017-08-01,35.66,36.43,35.57,36.349998,30.109869,38710200
2017-08-02,36.330002,36.669998,36.060001,36.639999,30.350098,35004300
2017-08-03,36.549999,36.59,36.150002,36.490002,30.452745,26611300
2017-08-04,36.450001,36.560001,36.099998,36.299999,30.294176,20520300
2017-08-07,36.389999,36.549999,36.220001,36.43,30.40266,18169300
2017-08-08,36.369999,36.700001,36.299999,36.41,30.385967,22819900
2017-08-09,36.279999,36.66,36.02,36.59,30.536198,22796800
2017-08-10,36.400002,36.560001,36.110001,36.139999,30.160654,22693300
2017-08-11,36.259998,36.400002,35.790001,35.869999,29.93531,19275100
2017-08-14,36.119999,36.470001,36.080002,36.34,30.32756,18469400
2017-08-15,36.299999,36.32,35.82,36.0,30.043806,21706600
2017-08-16,35.98,36.07,35.560001,35.810001,29.88525,22014000
2017-08-17,35.599998,35.68,35.169998,35.169998,29.35113,19525000
2017-08-18,35.290001,35.310001,34.990002,35.009998,29.217607,16231400
2017-08-21,35.09,35.279999,34.700001,34.919998,29.142494,26493300
2017-08-22,35.02,35.189999,34.619999,34.650002,28.917177,26097800
2017-08-23,34.540001,34.810001,34.380001,34.66,28.92551,19648100
2017-08-24,34.700001,34.889999,34.549999,34.709999,28.967232,14301900
2017-08-25,34.82,34.93,34.580002,34.669998,28.933861,14726800
2017-08-28,34.779999,34.799999,34.59,34.650002,28.917177,20712900
2017-08-29,34.509998,34.75,34.459999,34.73,28.983927,15843700
2017-08-30,34.75,34.959999,34.630001,34.889999,29.117458,18565000
2017-08-31,34.939999,35.18,34.869999,35.07,29.267675,16366800
2017-09-01,35.240002,35.389999,35.07,35.09,29.284359,12822000
2017-09-05,35.02,35.330002,34.93,35.02,29.22596,18772000
2017-09-06,35.220001,35.939999,35.110001,35.759998,29.843512,28076400
2017-09-07,35.880001,35.950001,35.330002,35.540001,29.65992,16297100
2017-09-08,35.419998,35.540001,35.080002,35.189999,29.367826,14125000
2017-09-11,35.490002,36.0,35.139999,35.77,29.851858,20037600
2017-09-12,35.880001,36.34,35.740002,36.09,30.118923,19489900
2017-09-13,36.0,36.400002,35.970001,36.330002,30.31921,15509800
2017-09-14,36.189999,36.700001,36.16,36.48,30.444399,18093900
2017-09-15,36.549999,37.080002,36.220001,37.0,30.878365,33596100
2017-09-18,37.0,37.330002,36.799999,37.0,30.878365,19393800
2017-09-19,37.200001,37.299999,37.02,37.23,31.070314,23850500
2017-09-20,37.23,37.290001,36.66,37.07,30.936773,23957500
2017-09-21,36.990002,37.27,36.849998,37.200001,31.045265,22954200
2017-09-22,36.950001,37.220001,36.950001,37.18,31.028582,21631800
2017-09-25,37.049999,37.23,36.849998,37.16,31.011892,23180800
2017-09-26,37.209999,37.639999,37.0,37.470001,31.270599,29790400
2017-09-27,37.619999,37.689999,37.099998,37.540001,31.329023,25981400
2017-09-28,37.32,37.880001,37.290001,37.830002,31.57103,21171400
2017-09-29,37.84,38.150002,37.700001,38.080002,31.779686,23217300
2017-10-02,38.119999,39.09,38.080002,39.040001,32.580833,37394500
2017-10-03,38.950001,39.700001,38.950001,39.380001,32.864586,34002200
2017-10-04,39.389999,39.400002,38.860001,39.34,32.831207,28368800
2017-10-05,39.5,39.650002,39.209999,39.529999,32.989761,17710300
2017-10-06,39.599998,39.889999,39.419998,39.630001,33.073219,18887500
2017-10-09,39.68,39.880001,39.52,39.860001,33.265179,18494100
2017-10-10,39.93,39.950001,39.380001,39.650002,33.08992,29890000
2017-10-11,39.48,39.669998,39.060001,39.299999,32.797836,30754700
2017-10-12,39.349998,39.389999,38.98,39.189999,32.706024,18286900
2017-10-13,39.439999,39.810001,39.279999,39.669998,33.106613,16829400
2017-10-16,39.709999,39.790001,39.439999,39.759998,33.181709,12489100
2017-10-17,39.560001,39.869999,39.369999,39.790001,33.206753,15532800
2017-10-18,39.799999,40.290001,39.599998,40.25,33.590649,21424600
2017-10-19,39.880001,40.330002,39.830002,40.09,33.457119,19222700
2017-10-20,40.330002,40.450001,40.099998,40.43,33.740856,18335700
2017-10-23,40.549999,41.040001,40.400002,40.830002,34.074696,28647000
2017-10-24,41.0,41.049999,40.720001,40.950001,34.174828,19652400
2017-10-25,40.889999,41.060001,40.490002,40.779999,34.032959,24031700
2017-10-26,40.91,41.580002,40.709999,41.349998,34.508648,38247400
2017-10-27,43.299999,45.0,43.099998,44.400002,37.054031,90028300
2017-10-30,44.48,45.189999,43.880001,44.369999,37.028999,48161500
2017-10-31,45.200001,45.799999,44.650002,45.490002,37.963703,47000900
2017-11-01,45.970001,46.709999,45.59,46.709999,38.981842,47813700
2017-11-02,46.610001,47.23,46.209999,47.099998,39.307308,44602300
2017-11-03,47.200001,47.299999,45.599998,46.34,38.673058,39298100
2017-11-06,46.599998,46.740002,46.09,46.700001,39.204449,34035000
2017-11-07,46.700001,47.09,46.389999,46.779999,39.271626,24461400
2017-11-08,46.619999,46.700001,46.279999,46.700001,39.204449,21565800
2017-11-09,46.049999,46.389999,45.650002,46.299999,38.868664,25570400
2017-11-10,46.040001,46.09,45.380001,45.580002,38.264229,24095400
2017-11-13,45.259998,45.939999,45.25,45.75,38.406937,18999000
2017-11-14,45.700001,45.919998,45.32,45.860001,38.499283,22201200
2017-11-15,45.389999,45.810001,45.169998,45.459999,38.163483,17157200
2017-11-16,45.630001,46.07,45.459999,45.650002,38.322983,26439400
2017-11-17,45.5,45.619999,44.619999,44.630001,37.466709,63798000
2017-11-20,44.73,45.119999,44.5,44.619999,37.458313,22420000
2017-11-21,44.720001,45.220001,44.709999,44.939999,37.72694,21871000
2017-11-22,44.939999,44.950001,44.540001,44.650002,37.483494,19538300
2017-11-24,44.549999,44.779999,44.43,44.75,37.567448,6465800
2017-11-27,44.419998,44.610001,44.27,44.490002,37.349171,18202100
2017-11-28,44.650002,44.84,44.32,44.73,37.550655,20194100
2017-11-29,44.849998,45.09,43.77,43.950001,36.895847,27036900
2017-11-30,44.360001,45.200001,44.330002,44.84,37.642994,34145300
2017-12-01,44.73,44.84,43.529999,44.68,37.508682,26656300
2017-12-04,45.02,45.299999,44.330002,44.490002,37.349171,28000800
2017-12-05,44.599998,44.900002,43.23,43.439999,36.467705,30626900
2017-12-06,43.139999,43.720001,42.669998,43.450001,36.476097,27710800
2017-12-07,43.459999,43.599998,42.779999,43.080002,36.165489,32708400
2017-12-08,43.349998,43.580002,43.110001,43.349998,36.392151,23154700
2017-12-11,43.279999,43.779999,43.25,43.66,36.652397,20425900
2017-12-12,43.470001,43.619999,43.080002,43.330002,36.375362,16557400
2017-12-13,43.650002,43.66,43.240002,43.34,36.383751,21399500
2017-12-14,43.43,43.57,43.02,43.259998,36.316586,19644900
2017-12-15,43.400002,44.84,43.07,44.560001,37.407948,47477000
2017-12-18,45.150002,46.349998,45.040001,46.259998,38.835087,50369300
2017-12-19,46.299999,47.259998,45.889999,47.040001,39.489895,41421100
2017-12-20,47.470001,47.639999,46.66,47.560001,39.92643,40935000
2017-12-21,47.540001,47.59,46.560001,46.759998,39.254833,42963500
2017-12-22,46.330002,47.02,46.02,46.700001,39.204449,33913500
2017-12-26,46.279999,46.470001,45.950001,46.080002,38.683979,15533300
2017-12-27,46.110001,46.360001,46.0,46.110001,38.70916,13359700
2017-12-28,46.360001,46.360001,45.950001,46.220001,38.801506,9504400
2017-12-29,46.209999,46.490002,46.09,46.16,38.751129,17394500
2018-01-02,46.380001,46.900002,46.209999,46.849998,39.330383,23370800
2018-01-03,45.470001,46.209999,43.650002,45.259998,37.995583,116479000
2018-01-04,43.52,44.650002,42.689999,44.43,37.298801,89209100
2018-01-05,44.43,45.150002,43.900002,44.740002,37.559052,41824000
2018-01-08,44.27,44.84,43.959999,44.740002,37.559052,33733800
2018-01-09,44.700001,44.84,43.490002,43.619999,36.618813,44282300
2018-01-10,43.330002,43.599998,42.439999,42.5,35.678589,45735000
2018-01-11,42.799999,43.580002,42.450001,43.41,36.442516,35371500
2018-01-12,43.450001,43.599998,43.009998,43.240002,36.299801,29973600
2018-01-16,43.549999,43.790001,42.889999,43.139999,36.215851,38367200
2018-01-17,43.549999,44.450001,43.509998,44.389999,37.265232,32368600
2018-01-18,44.400002,44.740002,44.169998,44.48,37.340778,26826500
2018-01-19,44.619999,44.889999,44.25,44.82,37.626209,25780200
2018-01-22,44.799999,45.790001,44.790001,45.75,38.406937,27706800
2018-01-23,45.810001,46.09,45.630001,46.060001,38.667183,22135100
2018-01-24,45.900002,46.130001,44.959999,45.509998,38.20546,32464200
2018-01-25,45.880001,46.369999,45.169998,45.299999,38.029167,36758700
2018-01-26,48.380001,50.150002,48.119999,50.080002,42.041958,86916100
2018-01-29,49.599998,50.849998,49.369999,49.98,41.958012,46304000
2018-01-30,49.48,50.060001,48.740002,48.790001,40.959007,32814600
2018-01-31,49.23,49.25,47.560001,48.139999,40.413334,41619900
2018-02-01,47.700001,48.470001,47.450001,47.650002,40.00198,28840400
2018-02-02,47.32,47.790001,46.099998,46.150002,38.742737,28663000
2018-02-05,46.349998,47.259998,44.5,44.52,37.374359,47869000
2018-02-06,44.02,44.93,43.029999,44.91,37.95755,58145400
2018-02-07,44.580002,46.299999,44.34,45.200001,38.202652,37508400
2018-02-08,45.279999,45.419998,42.740002,42.75,36.131935,43151300
2018-02-09,43.5,44.279999,42.040001,43.950001,37.146164,49301100
2018-02-12,44.150002,45.16,44.09,44.830002,37.889935,28379500
2018-02-13,44.59,44.779999,44.259998,44.459999,37.577202,19517600
2018-02-14,44.07,45.509998,44.040001,45.380001,38.354782,19922000
2018-02-15,45.880001,45.990002,44.950001,45.919998,38.811188,23536800
2018-02-16,45.82,46.59,45.509998,45.560001,38.506916,21475200
2018-02-20,45.459999,46.709999,45.389999,46.32,39.149254,25512000
2018-02-21,46.669998,47.060001,45.919998,45.939999,38.828094,27527500
2018-02-22,46.139999,46.560001,45.619999,45.799999,38.709755,16946400
2018-02-23,46.34,47.790001,46.310001,47.73,40.340977,26040900
2018-02-26,48.200001,49.130001,48.099998,49.110001,41.507347,26992300
2018-02-27,49.369999,50.900002,49.310001,49.91,42.183495,43624100
2018-02-28,50.18,50.34,49.279999,49.290001,41.659473,35541200
2018-03-01,49.5,49.720001,47.470001,47.84,40.433949,36326600
2018-03-02,47.200001,49.049999,46.959999,48.98,41.397469,33310600
2018-03-05,48.57,49.799999,48.040001,49.75,42.048264,30826500
2018-03-06,50.16,51.330002,50.150002,50.709999,42.859653,39132300
2018-03-07,50.18,51.490002,50.099998,51.32,43.375217,31801900
2018-03-08,51.790001,52.080002,50.470001,50.740002,42.885002,29481200
2018-03-09,51.27,52.299999,51.0,52.189999,44.110531,32727900
2018-03-12,51.860001,51.950001,50.5,51.52,43.544258,32044400
2018-03-13,52.52,53.779999,51.389999,51.779999,43.764,45573900
2018-03-14,52.060001,52.18,51.310001,51.860001,43.831623,24993500
2018-03-15,52.23,52.299999,50.880001,50.880001,43.003338,25631200
2018-03-16,51.169998,51.700001,50.990002,51.169998,43.248436,42559800
2018-03-19,50.740002,51.23,49.93,50.830002,42.961067,31115200
2018-03-20,50.880001,51.810001,50.849998,51.549999,43.569614,22215000
2018-03-21,51.549999,52.169998,51.169998,51.560001,43.578068,23239500
2018-03-22,50.740002,51.959999,50.599998,50.830002,42.961067,30916000
2018-03-23,50.59,50.990002,49.360001,49.360001,41.718647,37683900
2018-03-26,50.740002,52.490002,50.32,52.48,44.35564,39306200
2018-03-27,53.009998,53.25,50.779999,51.189999,43.265335,38777000
2018-03-28,50.5,50.700001,49.009998,49.599998,41.92149,37970900
2018-03-29,49.98,52.080002,49.869999,52.080002,44.017567,45265800
2018-04-02,51.689999,52.040001,47.290001,48.919998,41.346756,67187800
2018-04-03,49.0,49.959999,48.41,49.75,42.048264,39432400
2018-04-04,48.099998,50.16,48.009998,49.990002,42.251122,30370000
2018-04-05,50.009998,50.720001,49.970001,50.380001,42.580723,25115400
2018-04-06,49.790001,50.400002,48.5,48.790001,41.236889,28215200
2018-04-09,49.16,51.110001,49.16,49.549999,41.87923,31437000
2018-04-10,51.119999,51.490002,50.34,51.27,43.332962,25906400
2018-04-11,50.990002,51.73,50.82,51.099998,43.189266,17568400
2018-04-12,51.490002,53.27,51.450001,52.720001,44.558487,29781400
2018-04-13,53.060001,53.209999,51.599998,51.860001,43.831623,20884900
2018-04-16,52.290001,52.529999,51.790001,52.400002,44.288029,18855500
2018-04-17,52.91,53.700001,52.889999,53.540001,45.251541,21228700
2018-04-18,53.52,54.360001,53.34,53.610001,45.310715,22164700
2018-04-19,52.950001,52.959999,51.610001,52.220001,44.135891,25422400
2018-04-20,52.169998,52.279999,50.880001,51.529999,43.552704,26910100
2018-04-23,51.689999,51.889999,50.849998,51.099998,43.189266,21706700
2018-04-24,51.869999,53.639999,51.139999,51.450001,43.4851,42494700
2018-04-25,51.860001,52.099998,50.599998,51.380001,43.425938,25752800
2018-04-26,52.259998,53.27,52.07,53.049999,44.837402,39575000
2018-04-27,55.439999,55.790001,52.23,52.73,44.56694,69888100
2018-04-30,52.560001,53.369999,51.209999,51.619999,43.628769,36417400
2018-05-01,51.639999,53.419998,51.439999,53.330002,45.074051,27600800
2018-05-02,53.09,53.200001,52.150002,52.310001,44.211964,25778300
2018-05-03,51.889999,52.560001,51.209999,52.279999,44.1866,28561000
2018-05-04,51.619999,52.84,51.0,52.779999,44.866665,25642500
2018-05-07,52.860001,53.580002,52.830002,53.330002,45.334194,20285700
2018-05-08,53.290001,53.630001,52.799999,53.630001,45.589222,21026800
2018-05-09,53.759998,54.369999,53.189999,54.34,46.19276,19827500
2018-05-10,54.549999,55.0,54.099998,54.98,46.736805,18715900
2018-05-11,54.619999,55.189999,54.43,54.669998,46.473282,15405000
2018-05-14,54.77,55.240002,54.740002,54.900002,46.668804,21878200
2018-05-15,54.580002,54.75,53.560001,53.919998,45.835728,21712600
2018-05-16,54.169998,54.700001,53.959999,54.639999,46.447796,16260500
2018-05-17,54.549999,55.439999,54.419998,54.810001,46.592297,16872600
2018-05-18,54.529999,54.540001,53.470001,53.5,45.478703,23679900
2018-05-21,54.360001,55.220001,53.860001,54.32,46.175762,25367400
2018-05-22,54.73,55.049999,54.049999,54.450001,46.286266,19009600
2018-05-23,54.0,55.23,53.84,55.209999,46.932312,20555400
2018-05-24,55.18,55.299999,54.130001,54.75,46.541298,19667100
2018-05-25,54.799999,55.5,54.540001,55.439999,47.127846,18550000
2018-05-29,55.119999,55.810001,54.810001,55.32,47.025833,24253500
2018-05-30,55.889999,56.200001,55.619999,55.68,47.331852,24711500
2018-05-31,55.669998,55.860001,55.060001,55.200001,46.923817,30962100
2018-06-01,55.84,57.099998,55.799999,57.080002,48.521961,31183200
2018-06-04,57.009998,57.599998,56.779999,56.830002,48.309444,22538100
2018-06-05,56.900002,57.119999,56.220001,56.529999,48.054413,21687000
2018-06-06,56.529999,57.060001,56.080002,57.029999,48.479454,22955400
2018-06-07,56.919998,57.0,55.619999,55.880001,47.501873,27596100
2018-06-08,55.560001,55.700001,54.66,55.049999,46.79631,30822900
2018-06-11,54.799999,55.09,54.259998,54.52,46.345779,25752400
2018-06-12,54.869999,55.029999,54.220001,54.82,46.600796,23294900
2018-06-13,54.98,55.700001,54.91,55.029999,46.779316,22631400
2018-06-14,55.450001,55.860001,55.18,55.540001,47.212852,23419800
2018-06-15,55.169998,55.380001,54.580002,55.110001,46.847324,39194700
2018-06-18,54.299999,54.299999,52.34,53.220001,45.240681,40764400
2018-06-19,52.139999,52.950001,51.880001,52.93,44.994167,31780900
2018-06-20,53.189999,53.75,52.689999,53.459999,45.444698,21403000
2018-06-21,54.380001,54.529999,51.939999,52.189999,44.365116,44435600
2018-06-22,52.619999,53.09,52.299999,52.5,44.628639,34682100
2018-06-25,51.169998,51.75,49.91,50.709999,43.10701,45356500
2018-06-26,49.950001,50.41,49.360001,49.669998,42.222946,37543000
2018-06-27,49.34,50.060001,48.75,48.759998,41.449379,33338800
2018-06-28,48.580002,49.490002,48.5,49.25,41.865917,29055700
2018-06-29,49.529999,50.110001,49.5,49.709999,42.256943,28906500
2018-07-02,49.040001,50.27,48.830002,50.200001,42.67347,23755500
2018-07-03,50.580002,50.860001,49.43,49.470001,42.052929,16327900
2018-07-05,49.98,50.959999,49.75,50.75,43.141014,26163500
2018-07-06,50.77,51.5,50.400002,51.369999,43.668053,19968000
2018-07-09,51.639999,51.889999,51.0,51.860001,44.084595,21361600
2018-07-10,52.099998,52.259998,51.84,52.16,44.339615,17362900
2018-07-11,51.689999,51.869999,51.189999,51.200001,43.523552,18665600
2018-07-12,52.049999,52.48,51.73,52.349998,44.501122,20292700
2018-07-13,52.400002,52.419998,51.759998,52.220001,44.390617,13749300
2018-07-16,52.150002,52.32,51.869999,52.009998,44.212101,15951500
2018-07-17,51.049999,51.880001,51.009998,51.75,43.991085,15754500
2018-07-18,51.869999,51.970001,51.470001,51.720001,43.965584,14649000
2018-07-19,51.599998,52.009998,51.049999,51.98,44.1866,15954600
2018-07-20,51.830002,52.07,51.330002,51.91,44.127102,17380500
2018-07-23,51.77,52.5,51.330002,52.310001,44.467133,15945500
2018-07-24,52.759998,53.299999,52.080002,52.18,44.356613,17788700
2018-07-25,52.209999,52.450001,51.09,52.43,44.569138,19854800
2018-07-26,52.450001,53.18,51.869999,52.16,44.339615,28282500
2018-07-27,48.759998,49.200001,47.48,47.68,40.531292,67816700
2018-07-30,47.630001,47.990002,46.43,47.689999,40.539806,35696600
2018-07-31,48.240002,48.68,47.689999,48.099998,40.888329,36581200
2018-08-01,48.060001,48.91,48.0,48.810001,41.491886,28060700
2018-08-02,48.5,49.52,48.200001,49.48,42.06142,26452500
2018-08-03,49.5,49.779999,49.169998,49.630001,42.188938,22008200
2018-08-06,48.77,49.310001,48.32,49.299999,42.163284,26669000
2018-08-07,49.43,49.830002,49.41,49.700001,42.505379,28322700
2018-08-08,49.599998,50.130001,49.439999,49.959999,42.727741,21990600
2018-08-09,49.860001,50.599998,49.720001,50.139999,42.88168,23795600
2018-08-10,48.509998,49.169998,48.299999,48.849998,41.778419,28712400
2018-08-13,48.919998,49.240002,48.380001,48.450001,41.436321,17070600
2018-08-14,48.669998,48.759998,47.650002,48.119999,41.154106,23061600
2018-08-15,47.779999,48.0,46.900002,47.459999,40.589649,26739900
2018-08-16,47.75,47.950001,47.049999,47.169998,40.341629,24358000
2018-08-17,47.0,47.389999,46.330002,47.099998,40.281754,26382000
2018-08-20,47.049999,47.119999,46.189999,46.5,39.768612,24334000
2018-08-21,46.66,47.849998,46.639999,47.619999,40.726475,19254300
2018-08-22,47.25,47.349998,46.919998,47.049999,40.238995,23182500
2018-08-23,46.860001,47.169998,46.709999,46.98,40.179131,31343200
2018-08-24,47.290001,47.889999,47.080002,47.66,40.760685,18214700
2018-08-27,48.0,48.389999,47.630001,48.349998,41.350811,17170300
2018-08-28,48.549999,48.790001,48.310001,48.57,41.538952,13472400
2018-08-29,48.700001,48.860001,48.400002,48.75,41.692905,13479100
2018-08-30,48.52,48.830002,48.09,48.240002,41.256729,16418800
2018-08-31,47.959999,48.560001,47.919998,48.43,41.419224,16484000
2018-09-04,48.380001,48.43,47.560001,47.959999,41.017262,15682900
2018-09-05,47.75,48.119999,47.470001,47.720001,40.812,20857200
2018-09-06,47.759998,47.959999,47.209999,47.259998,40.418594,19318100
2018-09-07,46.91,47.48,46.360001,46.450001,39.725849,25958300
2018-09-10,46.560001,46.759998,46.23,46.299999,39.597565,21522400
2018-09-11,46.0,46.029999,44.889999,44.93,38.425884,32455300
2018-09-12,44.560001,44.98,44.060001,44.93,38.425884,29778700
2018-09-13,45.68,45.849998,45.110001,45.57,38.97324,18657100
2018-09-14,45.779999,45.970001,45.349998,45.540001,38.947578,22998700
2018-09-17,45.290001,45.900002,45.189999,45.419998,38.844959,17603200
2018-09-18,45.580002,46.529999,45.41,46.099998,39.42651,20528100
2018-09-19,46.09,46.439999,45.889999,46.150002,39.469273,15918900
2018-09-20,46.779999,47.360001,46.52,47.200001,40.367275,21999300
2018-09-21,47.119999,47.419998,46.369999,46.66,39.905449,52650600
2018-09-24,46.310001,47.0,46.150002,46.91,40.119255,17847000
2018-09-25,46.220001,46.389999,45.799999,45.91,39.264015,23389900
2018-09-26,46.040001,46.299999,45.580002,45.700001,39.084423,23957700
2018-09-27,45.91,46.169998,45.73,45.880001,39.238373,15415500
2018-09-28,45.619999,47.75,45.459999,47.290001,40.444248,46223500
2018-10-01,46.790001,47.220001,46.200001,46.450001,39.725849,23796200
2018-10-02,47.509998,48.880001,47.32,48.099998,41.136993,42121100
2018-10-03,48.619999,49.720001,48.560001,48.759998,41.701454,39211900
2018-10-04,48.84,48.860001,47.619999,48.130001,41.162655,30108300
2018-10-05,48.23,48.34,46.66,47.029999,40.221889,28901400
2018-10-08,46.959999,47.349998,46.52,47.029999,40.221889,19376800
2018-10-09,47.18,47.619999,46.540001,46.549999,39.811378,23285700
2018-10-10,46.060001,46.119999,44.799999,44.799999,38.314705,43109500
2018-10-11,45.150002,45.610001,43.73,44.23,37.827225,43648800
2018-10-12,45.27,45.34,44.23,44.880001,38.383129,32087400
2018-10-15,44.630001,45.139999,44.439999,44.529999,38.083794,21633000
2018-10-16,44.900002,46.009998,44.830002,45.939999,39.28968,21472000
2018-10-17,46.0,46.330002,45.540001,45.889999,39.246918,23124400
2018-10-18,45.650002,45.75,44.830002,44.970001,38.460098,26638800
2018-10-19,45.02,45.18,43.860001,44.0,37.63052,28368500
2018-10-22,44.5,45.34,44.099998,45.009998,38.494312,34508800
2018-10-23,44.18,45.09,43.91,44.5,38.058132,38590300
2018-10-24,44.16,44.360001,42.360001,42.419998,36.279232,33631800
2018-10-25,43.540001,44.939999,43.279999,44.310001,37.895641,48255300
2018-10-26,45.59,46.439999,44.700001,45.689999,39.075867,67280400
2018-10-29,46.5,46.75,44.439999,45.400002,38.82785,35732200
2018-10-30,45.529999,47.880001,45.459999,47.759998,40.846214,43975200
2018-10-31,48.290001,48.560001,46.830002,46.880001,40.093609,33369100
2018-11-01,46.950001,48.470001,46.860001,48.220001,41.23962,28335300
2018-11-02,48.130001,48.25,46.75,47.110001,40.290306,30759800
2018-11-05,47.34,48.25,46.919998,47.970001,41.025814,23751200
2018-11-06,47.799999,47.919998,47.029999,47.25,40.664356,23839600
2018-11-07,47.630001,48.75,47.59,48.720001,41.929466,29913200
2018-11-08,48.490002,49.290001,48.459999,48.990002,42.161827,26581700
2018-11-09,48.790001,49.029999,47.869999,48.110001,41.404484,21761400
2018-11-12,47.709999,47.799999,46.599998,46.650002,40.14798,24412800
2018-11-13,46.990002,48.25,46.990002,47.389999,40.78484,29315900
2018-11-14,47.849998,47.970001,46.889999,47.09,40.526653,25632700
2018-11-15,47.009998,48.240002,46.720001,48.110001,41.404484,29581000
2018-11-16,47.77,49.049999,47.689999,48.830002,42.024128,31670600
2018-11-19,48.610001,49.150002,47.779999,48.0,41.309826,26859000
2018-11-20,47.400002,48.119999,47.09,47.389999,40.78484,29200800
2018-11-21,47.849998,47.880001,47.02,47.029999,40.475014,19011400
2018-11-23,46.689999,47.07,46.52,46.540001,40.05331,8906900
2018-11-26,47.27,47.459999,46.700001,47.450001,40.836487,20723000
2018-11-27,46.939999,48.220001,46.59,48.07,41.37006,27621000
2018-11-28,47.939999,48.880001,47.650002,48.860001,42.049953,28003200
2018-11-29,48.490002,48.560001,47.630001,47.700001,41.051636,23592500
2018-11-30,47.950001,49.32,47.560001,49.310001,42.437237,43313700
2018-12-03,50.0,50.5,49.529999,50.130001,43.142941,30870400
2018-12-04,49.52,49.599998,47.68,47.75,41.09465,35397700
2018-12-06,46.799999,48.389999,46.52,48.369999,41.628246,31661700
2018-12-07,47.939999,48.060001,46.23,46.240002,39.795128,34016400
2018-12-10,46.279999,47.459999,46.009998,47.209999,40.629925,23289000
2018-12-11,47.900002,48.59,47.130001,47.380001,40.776245,23851000
2018-12-12,48.580002,48.639999,47.41,47.830002,41.163521,31305000
2018-12-13,48.259998,48.580002,47.860001,48.290001,41.559391,19526000
2018-12-14,47.889999,48.759998,47.849998,47.860001,41.189331,26372100
2018-12-17,47.860001,48.41,46.66,47.080002,40.518047,26598700
2018-12-18,47.470001,48.450001,47.360001,47.740002,41.086052,29014300
2018-12-19,47.490002,47.73,45.380001,45.57,39.21851,39717600
2018-12-20,45.41,46.310001,45.009998,45.540001,39.192699,37750900
2018-12-21,45.75,46.650002,44.799999,44.84,38.590256,52768300
2018-12-24,44.630001,45.169998,43.540001,43.59,37.514481,19241600
2018-12-26,44.0,46.200001,43.509998,46.189999,39.752094,28677600
2018-12-27,45.619999,46.380001,44.669998,46.360001,39.898407,29970700
2018-12-28,46.509998,47.740002,46.299999,46.75,40.234051,24758700
2018-12-31,47.09,47.48,46.549999,46.93,40.38895,20490400
2019-01-02,45.959999,47.470001,45.77,47.080002,40.518047,18774600
2019-01-03,46.150002,46.279999,44.389999,44.490002,38.289036,32267300
2019-01-04,45.84,47.57,45.540001,47.220001,40.638535,35447300
2019-01-07,47.099998,48.0,46.75,47.439999,40.827873,22736800
2019-01-08,47.799999,48.029999,46.779999,47.740002,41.086052,22749200
2019-01-09,47.959999,48.57,47.779999,48.009998,41.318424,22554500
2019-01-10,47.75,48.650002,47.41,48.560001,41.791763,27202600
2019-01-11,48.099998,49.290001,48.049999,48.93,42.110195,21751300
2019-01-14,48.459999,48.830002,48.299999,48.349998,41.611042,19193900
2019-01-15,48.709999,49.130001,48.439999,48.599998,41.826187,22480800
2019-01-16,48.599998,48.889999,48.080002,48.130001,41.421692,19057700
2019-01-17,48.0,48.84,47.91,48.470001,41.71431,17448700
2019-01-18,49.110001,49.380001,48.689999,49.189999,42.333954,29874600
2019-01-22,48.959999,48.98,47.869999,48.27,41.542183,25940700
2019-01-23,48.41,48.799999,47.52,47.939999,41.258179,18960700
2019-01-24,48.700001,50.040001,48.599998,49.759998,42.824512,50578300
2019-01-25,46.849998,47.43,45.75,47.040001,40.48362,86455700
2019-01-28,46.130001,46.73,46.049999,46.709999,40.199619,35928700
2019-01-29,46.779999,46.970001,46.330002,46.540001,40.05331,20988300
2019-01-30,46.68,47.68,46.450001,47.540001,40.913933,26931700
2019-01-31,46.700001,47.18,46.099998,47.119999,40.552471,43051300
2019-02-01,47.060001,49.049999,47.009998,48.73,41.938076,37442900
2019-02-04,48.619999,49.240002,48.240002,49.220001,42.359768,20905000
2019-02-05,49.18,50.720001,49.18,50.009998,43.039665,31641600
2019-02-06,49.950001,50.639999,49.82,49.900002,43.217213,21647800
2019-02-07,49.5,49.849998,48.68,49.23,42.636936,27825900
2019-02-08,48.77,49.02,48.009998,48.84,42.299168,18851200
2019-02-11,49.02,49.32,48.580002,48.77,42.238544,18004100
2019-02-12,49.360001,50.139999,49.27,50.009998,43.312477,18050100
2019-02-13,50.130001,50.810001,50.0,50.470001,43.710873,17712800
2019-02-14,50.41,51.040001,50.349998,50.810001,44.005341,17545400
2019-02-15,51.25,51.669998,51.09,51.66,44.741508,22520400
2019-02-19,51.349998,51.709999,51.34,51.400002,44.516327,15611800
2019-02-20,51.630001,51.73,51.060001,51.389999,44.507664,21607700
2019-02-21,51.32,51.84,51.209999,51.41,44.524986,16162100
2019-02-22,52.700001,52.98,52.060001,52.490002,45.460358,31934100
2019-02-25,53.060001,53.610001,52.860001,53.099998,45.988659,20711800
2019-02-26,53.009998,53.369999,52.91,53.23,46.101246,16082200
2019-02-27,52.759998,53.380001,52.509998,53.240002,46.109905,17590300
2019-02-28,52.919998,53.18,52.810001,52.959999,45.867405,18388800
2019-03-01,53.439999,53.68,52.889999,53.299999,46.16188,18359300
2019-03-04,53.75,54.099998,53.209999,53.939999,46.716164,21706100
2019-03-05,53.849998,53.990002,53.110001,53.68,46.490982,21057700
2019-03-06,53.630001,53.650002,52.939999,52.950001,45.858746,14740500
2019-03-07,52.77,52.990002,52.360001,52.599998,45.555626,17803000
2019-03-08,51.970001,52.560001,51.700001,52.48,45.451691,16793900
2019-03-11,52.880001,53.650002,52.57,53.349998,46.205177,18963000
2019-03-12,53.34,53.959999,53.18,53.57,46.395718,20782100
2019-03-13,54.0,54.57,53.650002,54.369999,47.088562,25522300
2019-03-14,54.299999,54.450001,53.330002,53.439999,46.283119,26647100
2019-03-15,53.68,54.689999,53.68,54.330002,47.053925,46512500
2019-03-18,54.419998,54.509998,53.869999,54.099998,46.854729,16274000
2019-03-19,54.470001,54.650002,54.0,54.169998,46.915356,18274800
2019-03-20,54.060001,54.400002,53.610001,53.82,46.612221,24325300
2019-03-21,53.919998,54.990002,53.84,54.639999,47.322418,19127200
2019-03-22,54.400002,54.619999,53.209999,53.259998,46.127228,21438400
2019-03-25,52.970001,53.549999,52.380001,52.779999,45.71151,16971400
2019-03-26,53.32,53.77,53.040001,53.439999,46.283119,17724300
2019-03-27,53.59,53.860001,52.939999,53.16,46.040615,19656000
2019-03-28,53.25,53.439999,52.77,53.110001,45.997318,13607900
2019-03-29,53.799999,54.040001,53.48,53.700001,46.508312,18736100
2019-04-01,54.34,54.57,54.099998,54.509998,47.209827,17830400
2019-04-02,54.529999,54.799999,54.23,54.360001,47.079918,13704500
2019-04-03,55.029999,55.990002,54.889999,55.48,48.049919,24552800
2019-04-04,55.27,56.139999,55.27,55.919998,48.430996,16520500
2019-04-05,55.75,55.950001,54.869999,55.599998,48.153839,19268400
2019-04-08,55.279999,55.740002,55.200001,55.68,48.223133,11758800
2019-04-09,55.349998,55.43,54.900002,55.32,47.91135,13339700
2019-04-10,55.32,55.860001,55.32,55.75,48.283752,13084000
2019-04-11,55.759998,56.07,55.630001,55.799999,48.327061,10845800
2019-04-12,56.209999,56.490002,55.84,56.419998,48.864037,12910200
2019-04-15,56.459999,56.560001,55.919998,56.279999,48.742783,11676900
2019-04-16,56.66,57.470001,56.07,56.709999,49.115189,30301900
2019-04-17,58.439999,59.59,58.119999,58.560001,50.717442,38788400
2019-04-18,58.709999,58.880001,58.119999,58.490002,50.656822,20464200
2019-04-22,58.150002,58.830002,57.880001,58.82,50.942604,12327500
2019-04-23,58.889999,58.98,58.5,58.779999,50.907967,17739900
2019-04-24,58.52,59.290001,58.139999,58.720001,50.856007,17723700
2019-04-25,58.299999,58.380001,57.23,57.610001,49.894665,27949900
2019-04-26,52.740002,53.09,51.52,52.43,45.408382,72364500
2019-04-29,52.169998,52.43,51.0,51.110001,44.26516,42142300
2019-04-30,51.0,51.43,50.869999,51.040001,44.204548,27130900
2019-05-01,51.099998,51.599998,50.740002,50.759998,43.962032,20467600
2019-05-02,50.799999,51.330002,50.119999,50.549999,43.780174,22655400
2019-05-03,51.080002,51.82,50.73,51.75,44.819458,25656600
2019-05-06,50.25,51.279999,50.189999,51.220001,44.632107,26245200
2019-05-07,50.599998,50.880001,49.93,50.48,43.987293,29713400
2019-05-08,50.200001,50.790001,49.07,49.240002,42.906773,36812400
2019-05-09,47.900002,48.290001,46.049999,46.619999,40.623753,59642200
2019-05-10,46.439999,46.799999,45.099998,46.200001,40.257778,42522800
2019-05-13,45.330002,45.639999,44.700001,44.759998,39.002991,39091900
2019-05-14,45.18,45.490002,44.869999,45.169998,39.360252,24706500
2019-05-15,44.919998,45.75,44.759998,45.619999,39.752369,23407900
2019-05-16,45.470001,45.950001,45.419998,45.529999,39.673946,19954700
2019-05-17,45.18,45.73,44.759998,44.889999,39.116272,22500400
2019-05-20,44.0,44.52,43.450001,43.560001,37.957336,28675000
2019-05-21,44.34,44.779999,44.18,44.459999,38.74157,25543400
2019-05-22,44.150002,44.459999,43.849998,44.0,38.340733,16932500
2019-05-23,43.369999,44.740002,42.860001,44.529999,38.802563,35783900
2019-05-24,44.59,45.049999,44.490002,44.57,38.837433,27168100
2019-05-28,44.66,44.689999,43.299999,43.57,37.966045,34779900
2019-05-29,43.349998,44.529999,43.330002,44.23,38.541161,28450300
2019-05-30,44.299999,45.029999,44.23,44.73,38.976849,21618900
2019-05-31,44.18,44.970001,43.93,44.040001,38.375595,25532500
2019-06-03,44.25,44.59,43.200001,43.459999,37.870197,31155700
2019-06-04,44.16,44.860001,43.77,44.790001,39.029129,28094900
2019-06-05,45.110001,45.18,44.189999,44.549999,38.819996,20802000
2019-06-06,44.75,45.169998,44.509998,45.099998,39.299255,19076200
2019-06-07,45.25,46.119999,45.099998,46.029999,40.109638,24370300
2019-06-10,46.23,47.189999,46.200001,46.799999,40.780602,20806100
2019-06-11,47.259998,47.32,46.52,46.849998,40.824177,18415500
2019-06-12,46.669998,46.669998,46.25,46.32,40.362339,15900600
2019-06-13,46.599998,46.959999,46.529999,46.700001,40.693462,12267600
2019-06-14,45.830002,46.419998,45.549999,46.189999,40.249065,15381100
2019-06-17,46.139999,46.529999,45.799999,46.130001,40.196777,12643300
2019-06-18,46.75,48.0,46.599998,47.369999,41.27729,25732300
2019-06-19,47.48,47.580002,47.0,47.07,41.015881,17436400
2019-06-20,47.869999,48.049999,46.869999,47.189999,41.120441,20126800
2019-06-21,46.950001,47.73,46.799999,47.459999,41.355724,31096300
2019-06-24,47.400002,47.849998,47.169998,47.630001,41.503849,14479900
2019-06-25,47.560001,47.68,46.799999,46.849998,40.824177,16665600
2019-06-26,47.650002,48.48,47.560001,48.189999,41.991817,21886300
2019-06-27,48.150002,48.419998,47.240002,47.459999,41.355724,23062900
2019-06-28,47.77,48.200001,47.68,47.869999,41.712978,26646200
2019-07-01,49.290001,49.450001,47.75,48.049999,41.869823,27423300
2019-07-02,47.91,48.220001,47.689999,48.119999,41.93082,15381600
2019-07-03,48.18,48.560001,48.0,48.52,42.279373,10739100
2019-07-05,48.029999,48.18,47.439999,48.080002,41.895977,14339200
2019-07-08,47.619999,47.950001,47.07,47.82,41.669407,16564300
2019-07-09,47.360001,47.799999,47.130001,47.75,41.608402,17853200
2019-07-10,47.919998,48.610001,47.900002,48.209999,42.009247,16032300
2019-07-11,48.560001,48.779999,48.310001,48.599998,42.349087,16615100
2019-07-12,49.0,49.93,48.810001,49.919998,43.49931,20148700
2019-07-15,50.0,50.25,49.77,50.119999,43.673576,14345100
2019-07-16,49.91,50.0,48.959999,49.169998,42.845772,17131400
2019-07-17,49.5,49.700001,49.240002,49.389999,43.037472,11928600
2019-07-18,49.279999,49.990002,48.889999,49.939999,43.516739,15671600
2019-07-19,49.959999,50.66,49.91,50.27,43.804295,29141100
2019-07-22,50.009998,51.52,49.889999,51.349998,44.74538,21688000
2019-07-23,52.0,52.0,51.299999,51.75,45.093941,18413500
2019-07-24,51.98,52.970001,51.799999,52.919998,46.113457,20896400
2019-07-25,52.509998,52.599998,51.880001,52.16,45.451202,27765400
2019-07-26,52.689999,53.5,51.529999,51.59,44.954517,36401500
2019-07-29,51.529999,52.560001,50.779999,52.509998,45.756184,21897500
2019-07-30,51.709999,52.310001,51.560001,51.700001,45.050369,16487700
2019-07-31,51.509998,51.720001,50.049999,50.549999,44.048294,24169800
2019-08-01,50.52,51.889999,49.470001,49.5,43.133331,34020800
2019-08-02,49.09,49.360001,48.5,48.68,42.418797,27881600
2019-08-05,47.759998,47.959999,46.57,46.970001,40.928738,38936600
2019-08-06,47.150002,47.560001,46.77,46.959999,41.196301,26119600
2019-08-07,46.299999,46.880001,45.970001,46.73,40.994522,29440400
2019-08-08,46.16,47.369999,45.91,47.169998,41.380527,30643700
2019-08-09,46.939999,47.0,45.779999,45.98,40.336586,24975500
2019-08-12,45.759998,46.07,45.439999,45.599998,40.003235,18494300
2019-08-13,45.490002,47.049999,45.360001,46.84,41.091026,28959500
2019-08-14,46.060001,46.630001,45.650002,45.869999,40.240086,25650200
2019-08-15,46.099998,46.18,45.439999,45.700001,40.09095,21896000
2019-08-16,46.34,46.68,46.060001,46.5,40.792767,22701800
2019-08-19,47.459999,47.599998,47.040001,47.23,41.433163,21403600
2019-08-20,47.029999,47.119999,46.459999,46.599998,40.880486,23113300
2019-08-21,47.110001,47.290001,46.889999,47.150002,41.362988,15915000
2019-08-22,47.279999,47.43,46.689999,46.779999,41.038403,19783000
2019-08-23,46.349998,46.630001,44.799999,44.959999,39.44178,32814000
2019-08-26,45.82,45.82,45.25,45.560001,39.968143,22080500
2019-08-27,45.869999,46.119999,45.5,45.790001,40.169907,16925500
2019-08-28,45.700001,45.91,45.369999,45.790001,40.169907,14888800
2019-08-29,46.459999,47.220001,46.400002,46.869999,41.117352,17803800
2019-08-30,47.240002,47.790001,47.16,47.41,41.591076,16922600
2019-09-03,47.119999,47.220001,46.5,46.98,41.213848,15003800
2019-09-04,47.560001,48.950001,47.540001,48.919998,42.915745,23450700
2019-09-05,49.93,51.169998,49.869999,50.099998,43.950909,30014200
2019-09-06,50.25,50.990002,50.07,50.919998,44.670265,17067900
2019-09-09,51.060001,52.029999,51.02,51.59,45.258026,20749700
2019-09-10,51.330002,51.84,50.830002,51.82,45.459808,18532000
2019-09-11,51.599998,52.790001,51.380001,52.790001,46.310753,18968900
2019-09-12,53.0,53.330002,52.07,53.009998,46.503746,23308700
2019-09-13,52.759998,53.0,52.23,52.540001,46.091438,18010800
2019-09-16,51.900002,52.290001,51.700001,52.200001,45.793175,13354600
2019-09-17,52.049999,52.139999,51.349998,51.950001,45.573845,19641100
2019-09-18,52.130001,52.130001,51.16,51.740002,45.389626,14906800
2019-09-19,51.700001,51.990002,51.5,51.57,45.240494,11428400
2019-09-20,51.599998,51.880001,50.560001,50.720001,44.49482,37067900
2019-09-23,50.830002,51.23,50.389999,50.900002,44.652718,18916600
2019-09-24,51.099998,51.18,49.639999,49.82,43.705284,28197400
2019-09-25,49.75,51.209999,49.419998,51.02,44.757999,19486700
2019-09-26,50.98,51.150002,50.34,50.919998,44.670265,11351800
2019-09-27,50.630001,51.220001,50.34,50.779999,44.547455,14845700
2019-09-30,51.189999,51.599998,50.939999,51.529999,45.205399,13652100
2019-10-01,51.970001,52.240002,50.43,50.759998,44.529903,18413100
2019-10-02,50.310001,50.369999,48.98,49.389999,43.328056,20078700
2019-10-03,49.5,50.07,48.529999,50.029999,43.889507,16320100
2019-10-04,50.349998,50.970001,50.029999,50.919998,44.670265,12644900
2019-10-07,50.700001,51.23,50.560001,50.619999,44.407082,12081400
2019-10-08,50.16,50.48,49.610001,49.73,43.626324,17409100
2019-10-09,50.470001,50.790001,50.150002,50.48,44.284275,11834900
2019-10-10,50.41,51.779999,50.400002,51.110001,44.836956,13907900
2019-10-11,52.0,52.790001,51.82,52.09,45.696674,24072500
2019-10-14,51.900002,51.950001,51.439999,51.639999,45.301895,15016800
2019-10-15,51.93,53.07,51.830002,52.650002,46.187935,18878100
2019-10-16,52.349998,52.560001,52.119999,52.450001,46.012482,14769300
2019-10-17,52.639999,52.84,51.380001,51.860001,45.494904,16533900
2019-10-18,51.75,51.82,51.029999,51.360001,45.056271,16974100
2019-10-21,51.52,52.169998,51.34,52.130001,45.731754,12189000
2019-10-22,51.900002,52.32,51.889999,52.009998,45.626484,13114300
2019-10-23,51.369999,51.959999,51.200001,51.720001,45.372078,15887500
2019-10-24,52.09,52.43,51.43,52.23,45.819489,23413000
2019-10-25,54.189999,56.610001,53.919998,56.459999,49.530304,59767700
2019-10-28,56.380001,56.810001,56.060001,56.759998,49.793484,32307500
2019-10-29,56.369999,57.240002,56.240002,56.34,49.425041,18155800
2019-10-30,56.32,56.630001,55.619999,56.599998,49.653126,15248000
2019-10-31,56.330002,56.599998,55.619999,56.529999,49.591724,19249700
2019-11-01,55.939999,56.650002,55.619999,56.509998,49.574169,17953500
2019-11-04,56.93,57.799999,56.849998,57.610001,50.539169,19068000
2019-11-05,57.470001,58.349998,57.209999,57.549999,50.486534,20865400
2019-11-06,57.490002,57.709999,56.98,57.599998,50.808483,17721000
2019-11-07,58.0,58.549999,57.860001,58.049999,51.205429,16962800
2019-11-08,57.849998,58.299999,57.310001,58.27,51.399498,11888900
2019-11-11,57.970001,58.5,57.900002,58.349998,51.470058,11228900
2019-11-12,58.400002,58.799999,58.029999,58.200001,51.337742,11952500
2019-11-13,57.869999,57.970001,57.349998,57.889999,51.064297,15332700
2019-11-14,57.610001,58.040001,57.57,57.810001,50.993732,12119000
2019-11-15,58.169998,58.700001,57.619999,57.959999,51.126053,16112100
2019-11-18,57.700001,58.48,57.57,58.25,51.381851,16097500
2019-11-19,58.48,58.650002,57.75,58.349998,51.470058,17061900
2019-11-20,58.259998,58.360001,57.369999,57.900002,51.07312,18542300
2019-11-21,57.490002,58.299999,57.41,58.220001,51.355389,16139000
2019-11-22,58.34,58.650002,57.490002,57.610001,50.817314,15690200
2019-11-25,58.0,58.84,58.0,58.810001,51.87582,15011700
2019-11-26,58.950001,59.130001,58.450001,58.900002,51.955212,22338700
2019-11-27,58.529999,58.59,57.91,58.509998,51.611187,18184200
2019-11-29,58.150002,58.299999,57.790001,58.049999,51.205429,9481100
2019-12-02,58.549999,58.689999,57.470001,57.66,50.861416,19154500
2019-12-03,56.860001,56.860001,55.75,56.07,49.458889,25737400
2019-12-04,56.66,56.66,55.860001,56.02,49.414787,18881400
2019-12-05,56.41,56.41,55.759998,56.080002,49.467716,17673700
2019-12-06,56.66,56.990002,56.419998,56.810001,50.111637,16476800
2019-12-09,56.540001,56.959999,56.5,56.529999,49.864658,14298600
2019-12-10,56.709999,56.830002,56.439999,56.59,49.917576,16157900
2019-12-11,56.91,57.169998,56.580002,57.07,50.340988,20051100
2019-12-12,56.75,58.049999,56.610001,57.549999,50.764385,27883300
2019-12-13,57.549999,58.34,57.380001,57.790001,50.976086,22795200
2019-12-16,58.209999,58.57,57.650002,57.700001,50.896706,19131200
2019-12-17,58.0,58.099998,57.130001,57.299999,50.543869,21653100
2019-12-18,57.389999,57.459999,56.939999,57.169998,50.429192,28261000
2019-12-19,57.169998,57.990002,56.970001,57.959999,51.126053,18865100
2019-12-20,58.32,59.049999,57.889999,58.950001,51.999317,49953000
2019-12-23,59.060001,59.779999,59.040001,59.23,52.246304,23593000
2019-12-24,59.25,59.48,59.16,59.41,52.405083,6313200
2019-12-26,59.41,59.849998,59.349998,59.82,52.766735,11480300
2019-12-27,59.91,60.48,59.900002,60.080002,52.996078,14085800
2019-12-30,59.990002,60.049999,59.380001,59.619999,52.590317,12750500
2019-12-31,59.619999,59.93,59.360001,59.849998,52.79319,14432900
2020-01-02,60.240002,60.970001,60.220001,60.84,53.666473,18056000
2020-01-03,59.810001,60.700001,59.810001,60.099998,53.013714,15293900
2020-01-06,59.59,60.200001,59.330002,59.93,52.863766,17755200
2020-01-07,59.779999,59.799999,58.889999,58.93,51.98167,21876100
2020-01-08,58.889999,59.32,58.52,58.970001,52.016956,23133500
2020-01-09,59.049999,59.509998,58.830002,59.299999,52.308052,18813300
2020-01-10,59.57,60.080002,58.869999,58.939999,51.99049,15200600
2020-01-13,59.169998,59.779999,59.080002,59.59,52.563847,16453300
2020-01-14,59.490002,59.740002,59.189999,59.43,52.422722,17051200
2020-01-15,59.299999,59.650002,58.75,58.939999,51.99049,18498800
2020-01-16,59.259998,59.84,59.07,59.66,52.625603,21365500
2020-01-17,59.98,60.0,59.240002,59.599998,52.572666,21803400
2020-01-21,59.810001,61.25,59.790001,60.549999,53.41066,28358500
2020-01-22,61.040001,62.849998,60.970001,62.73,55.333626,29475100
2020-01-23,62.860001,63.709999,62.810001,63.32,55.854057,42778700
2020-01-24,66.57,69.290001,66.459999,68.470001,60.396835,84711000
2020-01-27,66.720001,67.419998,65.599998,65.690002,57.944614,30764000
2020-01-28,66.5,67.580002,65.940002,67.309998,59.373596,30915400
2020-01-29,67.629997,68.059998,66.169998,66.330002,58.509148,18055800
2020-01-30,65.639999,66.5,64.93,66.470001,58.632637,18522400
2020-01-31,65.800003,65.980003,63.669998,63.93,56.392128,25268400
2020-02-03,64.459999,65.040001,64.300003,64.419998,56.824364,16646600
2020-02-04,65.769997,66.059998,64.919998,65.459999,57.741726,20970800
2020-02-05,66.690002,67.599998,66.129997,67.339996,59.400063,23401400
2020-02-06,67.300003,67.400002,66.769997,67.089996,59.470982,17408000
2020-02-07,66.860001,67.300003,66.010002,66.019997,58.522499,18134600
2020-02-10,65.559998,66.400002,65.440002,66.389999,58.850471,22299300
2020-02-11,66.830002,67.709999,66.57,67.410004,59.754646,17975600
2020-02-12,67.599998,68.089996,67.309998,67.459999,59.798965,15586600
2020-02-13,66.989998,67.650002,66.739998,67.440002,59.781227,11602700
2020-02-14,67.519997,67.860001,66.82,67.269997,59.630543,13405500
2020-02-18,66.660004,66.690002,65.879997,66.139999,58.628868,12758400
2020-02-19,66.389999,67.199997,66.18,67.110001,59.488712,13551200
2020-02-20,67.040001,67.290001,64.559998,65.449997,58.017223,26452600
2020-02-21,65.18,65.25,64.040001,64.339996,57.033279,20775900
2020-02-24,61.610001,62.77,61.32,61.759998,54.746277,26903100
2020-02-25,61.990002,62.279999,59.459999,59.73,52.946808,34495700
2020-02-26,60.110001,60.82,59.27,59.650002,52.875896,26190100
2020-02-27,57.93,58.509998,55.799999,55.830002,49.489716,42226900
2020-02-28,54.299999,56.380001,53.599998,55.52,49.21492,60721700
2020-03-02,55.790001,58.220001,54.52,58.18,51.57283,43140300
2020-03-03,58.029999,59.02,55.400002,55.970001,49.613823,49740300
2020-03-04,57.009998,58.709999,56.16,58.68,52.016052,29223100
2020-03-05,57.060001,58.66,56.610001,56.959999,50.491383,29099200
2020-03-06,55.18,56.009998,54.540001,55.77,49.436523,36259200
2020-03-09,51.919998,52.709999,50.0,50.849998,45.07526,56197000
2020-03-10,52.759998,54.0,50.43,53.98,47.849812,36569000
2020-03-11,52.389999,53.540001,51.009998,51.66,45.793274,38563500
2020-03-12,47.990002,50.09,45.369999,45.540001,40.368294,50661700
2020-03-13,48.259998,55.0,47.740002,54.43,48.248707,48805100
2020-03-16,47.509998,52.25,43.630001,44.610001,39.543907,53878900
2020-03-17,45.759998,51.630001,45.200001,50.080002,44.392704,52085200
2020-03-18,46.709999,50.049999,45.200001,47.610001,42.203209,49309900
2020-03-19,47.84,49.23,45.16,45.939999,40.722862,44538000
2020-03-20,46.509998,49.419998,45.470001,45.830002,40.625355,52344000
2020-03-23,46.02,50.490002,45.91,49.580002,43.94949,46698500
2020-03-24,53.139999,54.639999,51.349998,52.400002,46.449238,50019800
2020-03-25,52.48,53.790001,49.91,51.259998,45.438698,41106100
2020-03-26,51.740002,55.950001,51.66,55.540001,49.232647,41459800
2020-03-27,53.419998,54.639999,52.07,52.369999,46.422642,31633500
2020-03-30,52.990002,56.099998,52.830002,55.490002,49.188328,31628600
2020-03-31,55.060001,55.799999,53.220001,54.119999,47.973911,48074700
2020-04-01,52.5,54.689999,51.43,51.880001,45.988297,29586600
2020-04-02,51.290001,54.560001,51.220001,54.349998,48.177792,27810000
2020-04-03,53.849998,55.130001,52.73,54.130001,47.982777,23906100
2020-04-06,56.630001,58.77,56.119999,58.43,51.794441,32323400
2020-04-07,59.939999,61.490002,58.209999,58.400002,51.767853,41410000
2020-04-08,58.990002,59.509998,57.91,58.98,52.28199,26719500
2020-04-09,59.360001,59.720001,56.060001,57.139999,50.650936,40499700
2020-04-13,56.57,58.77,56.57,58.700001,52.033779,23251900
2020-04-14,60.040001,60.900002,59.509998,60.66,53.771202,25674000
2020-04-15,59.740002,59.830002,58.389999,58.869999,52.184483,22841600
2020-04-16,59.610001,60.959999,58.810001,60.790001,53.886433,24433500
2020-04-17,62.02,62.130001,59.830002,60.360001,53.505264,27385600
2020-04-20,59.279999,60.040001,58.889999,59.18,52.45927,26420300
2020-04-21,58.110001,58.599998,55.93,56.360001,49.959522,25248000
2020-04-22,58.27,60.5,57.810001,60.099998,53.274784,23350400
2020-04-23,59.669998,60.099998,58.810001,59.040001,52.335178,35092000
2020-04-24,56.200001,59.400002,56.099998,59.259998,52.530178,50187000
2020-04-27,59.720001,59.830002,58.389999,59.470001,52.716335,25902200
2020-04-28,59.990002,60.220001,58.259998,58.75,52.078102,28784700
2020-04-29,59.439999,62.029999,59.32,61.799999,54.781734,30451500
2020-04-30,61.369999,61.540001,59.75,59.98,53.168423,26279900
2020-05-01,58.830002,59.32,57.310001,57.470001,50.94347,21194800
2020-05-04,57.119999,58.07,56.310001,57.990002,51.404415,18957200
2020-05-05,58.790001,59.299999,58.349998,58.75,52.078102,17252100
2020-05-06,59.040001,59.950001,58.939999,59.18,52.7556,17848700
2020-05-07,59.93,60.099998,58.919998,59.169998,52.746693,14733500
2020-05-08,59.669998,59.779999,59.049999,59.669998,53.19241,20384500
2020-05-11,59.740002,60.84,59.709999,60.130001,53.602474,18684400
2020-05-12,60.220001,60.639999,58.259998,58.389999,52.051361,16754900
2020-05-13,58.450001,59.23,56.900002,57.740002,51.471931,21065000
2020-05-14,57.32,59.150002,56.099998,59.080002,52.666454,21569400
2020-05-15,57.400002,58.369999,56.959999,58.279999,51.9533,21373300
2020-05-18,59.740002,60.279999,59.360001,59.919998,53.415264,20428700
2020-05-19,60.130001,61.77,59.849998,60.290001,53.74511,21865000
2020-05-20,61.16,63.490002,61.02,63.099998,56.250057,30584000
2020-05-21,63.099998,63.799999,61.82,61.98,55.251644,20987700
2020-05-22,61.98,62.32,61.419998,62.259998,55.501247,14103000
2020-05-26,63.68,64.139999,62.119999,62.34,55.572563,20933600
2020-05-27,62.32,63.59,61.07,63.560001,56.660133,19886300
2020-05-28,63.0,63.450001,61.490002,61.700001,55.002033,17253500
2020-05-29,61.900002,63.66,61.619999,62.93,56.098518,33393900
2020-06-01,62.490002,62.66,61.66,61.860001,55.144676,14317700
2020-06-02,61.700001,62.169998,60.830002,62.119999,55.376434,20702400
2020-06-03,62.450001,62.540001,61.529999,61.93,55.207066,16737300
2020-06-04,61.740002,63.470001,61.34,62.970001,56.134174,22010100
2020-06-05,63.360001,65.110001,63.16,64.339996,57.355442,26813100
2020-06-08,63.970001,64.150002,62.939999,63.669998,56.758186,21546200
2020-06-09,62.990002,63.709999,62.900002,63.040001,56.196571,23594100
2020-06-10,62.790001,64.290001,62.75,63.869999,56.936466,21367800
2020-06-11,63.07,63.299999,59.52,59.700001,53.219154,26998200
2020-06-12,60.110001,60.959999,58.119999,59.330002,52.88932,30419800
2020-06-15,59.330002,60.360001,58.580002,60.099998,53.575722,29651700
2020-06-16,61.490002,61.650002,59.490002,60.400002,53.843163,23226600
2020-06-17,60.740002,61.279999,60.060001,60.490002,53.923393,20454800
2020-06-18,60.349998,60.509998,59.32,60.080002,53.557903,24899700
2020-06-19,60.650002,60.889999,59.099998,59.619999,53.147839,60336100
2020-06-22,59.73,60.549999,58.830002,60.09,53.566826,22846000
2020-06-23,60.189999,60.470001,59.860001,59.919998,53.415264,22809600
2020-06-24,59.639999,59.810001,58.669998,59.09,52.675373,27764500
2020-06-25,58.98,59.09,57.48,58.509998,52.158329,21906900
2020-06-26,58.490002,58.73,57.07,57.5,51.257977,38477500
2020-06-29,57.470001,58.349998,56.759998,58.27,51.944389,22150300
2020-06-30,58.709999,59.98,58.540001,59.830002,53.335041,31542100
2020-07-01,59.91,60.029999,58.759998,58.810001,52.425766,14748100
2020-07-02,59.189999,59.810001,58.970001,59.130001,52.711021,15578600
2020-07-06,58.720001,59.619999,58.599998,59.540001,53.076527,20536700
2020-07-07,59.07,59.57,58.139999,58.310001,51.980042,15996500
2020-07-08,58.450001,58.700001,57.93,58.610001,52.247478,13277900
2020-07-09,58.200001,58.75,57.700001,58.419998,52.078106,20683700
2020-07-10,57.950001,59.689999,57.830002,59.529999,53.067604,17742300
2020-07-13,59.84,60.619999,58.389999,58.580002,52.220737,19082900
2020-07-14,57.869999,59.25,57.349998,58.98,52.577316,24190900
2020-07-15,59.029999,59.34,58.419998,59.029999,52.621887,19986300
2020-07-16,58.540001,59.360001,58.400002,59.139999,52.719948,12425900
2020-07-17,59.419998,60.459999,59.279999,60.0,53.486584,16322800
2020-07-20,60.080002,61.380001,59.34,61.150002,54.511742,16868700
2020-07-21,61.52,61.93,60.439999,60.700001,54.110596,19803700
2020-07-22,61.310001,61.77,60.619999,61.049999,54.422596,18959900
2020-07-23,61.259998,61.740002,59.98,60.400002,53.843163,43518600
2020-07-24,52.150002,52.18,49.5,50.59,45.09811,182269900
2020-07-27,51.029999,51.139999,49.470001,49.57,44.188835,107526500
2020-07-28,49.48,50.23,49.139999,49.240002,43.894665,62362600
2020-07-29,49.490002,49.5,47.900002,48.07,42.851673,60500800
2020-07-30,47.830002,48.5,47.59,47.990002,42.780354,39735200
2020-07-31,48.130001,48.32,46.970001,47.73,42.548576,46536000
2020-08-03,48.27,48.630001,47.740002,48.299999,43.056694,31767100
2020-08-04,48.599998,49.139999,48.5,49.130001,43.796597,29045800
2020-08-05,49.720001,49.720001,48.66,48.919998,43.609402,29438600
2020-08-06,48.790001,48.82,48.099998,48.57,43.591442,23795500
2020-08-07,48.529999,48.650002,47.700001,48.029999,43.106789,36765200
2020-08-10,48.200001,49.389999,48.060001,49.220001,44.174816,37442600
2020-08-11,49.630001,49.73,48.060001,48.189999,43.250393,35348100
2020-08-12,48.669998,49.259998,48.240002,49.189999,44.147888,30659800
2020-08-13,49.259998,49.330002,48.389999,48.560001,43.582466,24774500
2020-08-14,48.73,49.209999,48.650002,48.889999,43.878647,22321200
2020-08-17,49.110001,49.310001,48.73,48.93,43.914539,20018300
2020-08-18,49.259998,49.57,48.619999,48.650002,43.663246,19251400
2020-08-19,48.790001,48.98,48.25,48.330002,43.376045,27775000
2020-08-20,49.810001,50.200001,49.0,49.169998,44.12994,55081300
2020-08-21,49.02,49.310001,48.650002,49.279999,44.228672,34621500
2020-08-24,49.259998,49.400002,48.82,49.139999,44.10302,36295300
2020-08-25,49.349998,49.880001,49.209999,49.43,44.3633,38384300
2020-08-26,49.389999,49.669998,49.23,49.549999,44.471001,28616600
2020-08-27,49.790001,49.93,49.169998,49.400002,44.336369,24420600
2020-08-28,49.57,50.799999,49.459999,50.43,45.260796,35384700
2020-08-31,51.0,51.5,50.32,50.950001,45.727489,46114100
2020-09-01,50.91,51.0,50.220001,50.790001,45.583897,30472800
2020-09-02,51.209999,52.68,51.09,52.25,46.89423,53000700
2020-09-03,52.5,52.619999,50.139999,50.389999,45.224892,47394300
2020-09-04,50.529999,51.23,49.490002,50.080002,44.946667,43318400
2020-09-08,49.259998,49.900002,48.849998,48.91,43.896595,39752700
2020-09-09,49.529999,49.970001,49.040001,49.619999,44.53381,33437300
2020-09-10,50.0,50.09,48.709999,48.959999,43.94146,32649100
2020-09-11,49.259998,50.049999,48.950001,49.279999,44.228672,29333600
2020-09-14,48.849998,49.720001,48.849998,49.41,44.345352,27212500
2020-09-15,49.790001,50.599998,49.73,50.0,44.874866,27598300
2020-09-16,50.509998,51.029999,50.169998,50.369999,45.20694,26531400
2020-09-17,49.369999,50.490002,49.299999,50.32,45.162064,26959900
2020-09-18,50.330002,50.5,49.040001,49.889999,44.776142,50123500
2020-09-21,49.389999,49.75,48.830002,49.720001,44.623569,27377100
2020-09-22,49.889999,50.209999,49.470001,49.950001,44.82999,22290900
2020-09-23,49.830002,50.150002,48.66,48.82,43.815815,30078800
2020-09-24,48.529999,49.639999,48.419998,49.16,44.120972,29343400
2020-09-25,48.959999,50.279999,48.75,49.939999,44.821026,26633400
2020-09-28,50.509998,51.459999,50.16,51.43,46.158287,29652200
2020-09-29,51.310001,51.740002,50.950001,51.189999,45.942886,19558200
2020-09-30,51.240002,52.380001,51.150002,51.779999,46.472408,27711300
2020-10-01,52.400002,52.720001,51.990002,52.240002,46.885269,22127600
2020-10-02,51.5,51.98,50.990002,51.009998,45.781345,25811800
2020-10-05,51.299999,51.810001,51.27,51.689999,46.39164,20883200
2020-10-06,51.709999,52.700001,51.23,51.369999,46.104439,25642800
2020-10-07,51.849998,52.900002,51.790001,52.669998,47.271187,21978700
2020-10-08,52.91,53.580002,52.669998,53.369999,47.899433,22369500
2020-10-09,53.549999,53.849998,52.669998,52.82,47.405804,24343900
2020-10-12,53.549999,54.200001,53.209999,53.880001,48.357159,27303500
2020-10-13,54.27,54.290001,53.619999,53.830002,48.312283,20005800
2020-10-14,54.009998,54.400002,53.509998,53.549999,48.060986,21874200
2020-10-15,52.75,53.98,52.619999,53.849998,48.330227,18272900
2020-10-16,53.900002,54.700001,53.900002,54.16,48.608463,23414400
2020-10-19,54.470001,56.23,53.84,54.580002,48.985401,43537200
2020-10-20,54.599998,54.700001,53.27,53.43,47.953285,27224900
2020-10-21,53.139999,54.07,52.82,53.5,48.016109,21866000
2020-10-22,53.119999,54.220001,53.07,53.900002,48.375111,41522700
2020-10-23,48.349998,48.669998,47.66,48.200001,43.259373,97322500
2020-10-26,47.849998,47.860001,46.25,46.720001,41.931076,54161300
2020-10-27,45.98,46.41,45.360001,45.639999,40.961773,50130500
2020-10-28,44.889999,45.290001,44.200001,44.25,39.71426,45066000
2020-10-29,44.240002,44.470001,43.919998,44.110001,39.588612,36796800
2020-10-30,44.099998,44.799999,43.610001,44.279999,39.741173,46781300
2020-11-02,44.959999,45.060001,44.240002,44.459999,39.902725,33856700
2020-11-03,44.73,45.459999,44.700001,44.849998,40.252762,34349500
2020-11-04,45.110001,46.150002,44.779999,45.700001,41.015625,34748200
2020-11-05,46.150002,46.380001,45.529999,45.68,41.295876,31103200
2020-11-06,45.540001,45.799999,44.900002,45.389999,41.033703,36233700
2020-11-09,46.639999,47.349998,45.540001,45.599998,41.22356,48481700
2020-11-10,45.400002,46.48,45.25,45.439999,41.078907,39224500
2020-11-11,45.900002,46.459999,45.860001,46.349998,41.901569,31496900
2020-11-12,46.130001,46.189999,44.549999,44.950001,40.635937,42881300
2020-11-13,44.990002,45.580002,44.970001,45.459999,41.096985,30884700
2020-11-16,46.040001,46.75,45.790001,46.189999,41.756924,36306300
2020-11-17,45.75,46.119999,45.41,45.529999,41.160271,31118000
2020-11-18,45.549999,45.689999,45.040001,45.060001,40.735382,32817900
2020-11-19,44.919998,45.669998,44.700001,45.619999,41.241634,29469100
2020-11-20,45.66,45.880001,45.330002,45.389999,41.033703,24199300
2020-11-23,45.48,46.209999,45.450001,46.060001,41.639404,35489600
2020-11-24,46.290001,47.299999,46.009998,47.009998,42.498226,33901200
2020-11-25,47.029999,47.18,46.57,47.049999,42.534386,28126900
2020-11-27,47.360001,48.099998,47.360001,47.450001,42.896,15921400
2020-11-30,47.419998,48.5,47.27,48.349998,43.709625,46332700
2020-12-01,48.75,50.23,48.709999,49.560001,44.803497,57768000
2020-12-02,49.220001,50.060001,49.18,49.900002,45.110855,33753500
2020-12-03,49.919998,51.110001,49.779999,50.990002,46.096249,50261200
2020-12-04,51.060001,52.650002,51.0,51.990002,47.000278,39767700
2020-12-07,51.0,51.290001,49.560001,50.200001,45.382065,51040300
2020-12-08,49.830002,50.720001,49.810001,50.689999,45.825047,28956500
2020-12-09,50.279999,50.84,49.73,50.07,45.264553,34068400
2020-12-10,49.66,50.720001,49.59,50.259998,45.43631,33706000
2020-12-11,50.139999,50.139999,49.119999,49.73,44.957176,29398800
2020-12-14,49.82,51.34,49.740002,50.470001,45.626152,33436400
2020-12-15,50.98,51.009998,50.209999,50.669998,45.806965,25465600
2020-12-16,50.709999,51.459999,50.68,51.119999,46.213772,28351000
2020-12-17,51.150002,51.32,50.220001,50.650002,45.788883,26399000
2020-12-18,50.57,50.68,47.110001,47.459999,42.905041,119298400
2020-12-21,46.32,46.450001,45.240002,46.360001,41.910618,53775700
2020-12-22,46.25,46.34,45.77,46.169998,41.738846,32171200
2020-12-23,46.169998,47.029999,46.07,46.57,42.100464,22564200
2020-12-24,46.599998,47.09,46.34,47.07,42.552475,11865600
2020-12-28,47.189999,47.639999,46.860001,47.07,42.552475,21269200
2020-12-29,47.220001,50.669998,46.490002,49.389999,44.649807,84531400
2020-12-30,49.110001,49.189999,48.560001,48.75,44.071232,37385400
2020-12-31,48.75,50.189999,48.720001,49.82,45.03854,28576800
2021-01-04,49.889999,51.389999,49.400002,49.669998,44.902939,46102500
2021-01-05,49.450001,50.830002,49.330002,50.610001,45.752716,24866600
2021-01-06,50.439999,52.150002,50.200001,51.099998,46.195694,36809600
2021-01-07,51.490002,52.689999,51.299999,52.189999,47.181076,32092300
2021-01-08,52.450001,52.529999,51.27,51.650002,46.692905,34625400
2021-01-11,51.290001,52.240002,51.25,51.540001,46.593464,32925000
2021-01-12,51.900002,53.849998,51.560001,53.240002,48.130306,39883900
2021-01-13,59.5,60.25,56.900002,56.950001,51.484245,124070700
2021-01-14,58.450001,60.139999,57.84,59.25,53.563499,74680900
2021-01-15,58.849998,59.650002,57.5,57.580002,52.05378,50265400
2021-01-19,57.939999,58.34,57.099998,57.990002,52.424427,35647100
2021-01-20,58.240002,59.220001,58.09,58.669998,53.039162,28701300
2021-01-21,59.040001,63.950001,58.220001,62.459999,56.465424,86519500
2021-01-22,58.849998,59.619999,56.650002,56.66,51.222073,85729300
2021-01-25,56.380001,56.5,54.060001,55.439999,50.119164,61968500
2021-01-26,55.279999,56.200001,54.849998,55.209999,49.911232,31485900
2021-01-27,54.610001,54.849998,53.299999,53.59,48.446716,49722900
2021-01-28,54.790001,57.400002,54.700001,56.07,50.688698,49202600
2021-01-29,55.98,57.16,55.360001,55.509998,50.182442,37256200
2021-02-01,55.950001,57.389999,55.709999,56.689999,51.249191,26926600
2021-02-02,57.189999,58.279999,56.880001,58.0,52.433472,23580900
2021-02-03,57.889999,58.330002,57.380001,57.68,52.14418,21893200
2021-02-04,57.610001,58.880001,57.189999,58.790001,53.470249,29853800
2021-02-05,59.0,59.080002,58.119999,58.18,52.91544,23432600
2021-02-08,58.380001,59.220001,57.950001,59.16,53.80677,34358300
2021-02-09,58.77,59.310001,57.939999,58.779999,53.461155,28754100
2021-02-10,59.299999,59.419998,58.119999,58.860001,53.53392,16325100
2021-02-11,59.099998,60.990002,58.860001,60.66,55.171043,27539100
2021-02-12,60.599998,62.509998,60.43,61.810001,56.216984,26214200
2021-02-16,62.0,62.869999,61.700001,62.470001,56.817261,26326300
2021-02-17,61.490002,62.189999,61.209999,61.849998,56.253357,21055400
2021-02-18,60.650002,61.98,60.639999,61.610001,56.035072,17846100
2021-02-19,61.91,63.259998,61.849998,63.009998,57.308392,28290100
2021-02-22,61.880001,62.700001,60.66,60.709999,55.216511,32288200
2021-02-23,60.48,61.5,59.169998,61.119999,55.589409,27374600
2021-02-24,60.529999,63.279999,60.380001,63.189999,57.472107,24669900
2021-02-25,62.41,63.540001,60.130001,60.400002,54.934574,36394000
2021-02-26,60.889999,61.689999,59.68,60.779999,55.280178,38216800
2021-03-01,61.720001,63.080002,61.650002,62.880001,57.190159,28495400
2021-03-02,62.799999,63.139999,61.110001,61.240002,55.698547,23320000
2021-03-03,60.639999,61.52,59.700001,59.900002,54.479809,28740400
2021-03-04,59.830002,60.240002,57.91,58.330002,53.051868,40210400
2021-03-05,59.259998,61.18,58.509998,60.740002,55.243805,39511700
2021-03-08,60.470001,61.700001,59.720001,59.849998,54.43433,33112400
2021-03-09,61.18,63.169998,60.84,62.669998,56.999157,36387500
2021-03-10,63.220001,64.120003,62.130001,62.25,56.617168,27160300
2021-03-11,62.939999,64.089996,62.389999,63.310001,57.581253,30701800
2021-03-12,62.650002,63.299999,62.240002,62.900002,57.20834,20173000
2021-03-15,63.610001,63.880001,62.48,63.790001,58.017818,21247400
2021-03-16,64.150002,65.730003,64.080002,64.779999,58.918232,30186600
2021-03-17,64.220001,66.290001,63.709999,65.779999,59.827736,32394700
2021-03-18,65.629997,65.699997,63.650002,63.73,57.963245,30094200
2021-03-19,63.18,64.989998,62.919998,63.759998,57.990528,54951700
2021-03-22,64.82,66.379997,64.559998,65.629997,59.691315,34380100
2021-03-23,66.0,66.050003,63.169998,63.48,57.735863,35160000
2021-03-24,66.580002,67.440002,61.990002,62.040001,56.426163,74584700
2021-03-25,61.66,62.439999,60.98,62.02,56.407978,35401400
2021-03-26,61.799999,64.970001,61.77,64.870003,59.000084,34705800
2021-03-29,64.010002,65.129997,63.610001,64.5,58.66357,26161600
2021-03-30,63.77,64.0,63.150002,63.77,57.999622,20709500
2021-03-31,64.010002,64.489998,63.580002,64.0,58.208809,33013200
2021-04-01,64.720001,64.889999,63.580002,64.550003,58.709045,31416300
2021-04-05,64.949997,66.739998,64.699997,66.540001,60.518978,27947500
2021-04-06,66.059998,66.580002,65.290001,65.559998,59.627651,28771400
2021-04-07,65.669998,66.57,65.360001,66.25,60.255219,17793300
2021-04-08,66.970001,67.290001,66.360001,67.050003,60.982838,22224200
2021-04-09,66.800003,68.400002,66.629997,68.260002,62.083321,27177100
2021-04-12,68.199997,68.489998,64.709999,65.410004,59.491222,51266900
2021-04-13,65.610001,65.629997,64.209999,65.220001,59.31842,26822000
2021-04-14,65.309998,65.379997,63.84,64.190002,58.381618,25768400
2021-04-15,63.970001,65.220001,63.68,65.019997,59.136509,24927700
2021-04-16,65.330002,65.519997,64.57,64.75,58.890934,24625500
2021-04-19,64.699997,64.739998,63.07,63.630001,57.872295,23997700
2021-04-20,63.639999,63.759998,62.41,62.700001,57.02644,19872100
2021-04-21,62.790001,63.779999,62.299999,63.700001,57.935955,24364200
2021-04-22,63.349998,63.91,62.279999,62.57,56.908211,38257600
2021-04-23,59.16,60.0,57.900002,59.240002,53.879532,77479500
2021-04-26,59.099998,59.52,58.459999,58.759998,53.442959,39645900
2021-04-27,58.560001,58.630001,57.77,57.970001,52.724438,38167700
2021-04-28,57.52,58.16,57.150002,57.619999,52.406113,30387400
2021-04-29,57.880001,58.299999,57.470001,58.279999,53.006397,23290600
2021-04-30,57.610001,58.43,57.07,57.529999,52.324261,30731800
2021-05-03,57.860001,57.880001,56.84,57.259998,52.078693,22281700
2021-05-04,56.880001,56.98,55.810001,56.900002,51.751274,35323600
2021-05-05,56.959999,57.299999,56.459999,56.849998,51.705784,21001900
2021-05-06,56.619999,57.25,56.25,57.189999,52.3354,25529300
2021-05-07,57.700001,58.009998,57.240002,57.669998,52.774647,19959000
2021-05-10,57.150002,57.23,55.880001,55.970001,51.218964,35046500
2021-05-11,55.049999,55.630001,54.299999,55.040001,50.367897,35968100
2021-05-12,54.389999,54.650002,53.419998,53.619999,49.068439,30232300
2021-05-13,54.040001,54.389999,53.459999,54.009998,49.425335,29192500
2021-05-14,54.599998,55.849998,54.259998,55.349998,50.651588,28158300
2021-05-17,55.290001,55.889999,54.759998,55.330002,50.633286,20010200
2021-05-18,55.950001,56.139999,54.799999,54.84,50.184875,18703400
2021-05-19,54.07,55.43,53.84,55.360001,50.660732,23769700
2021-05-20,55.57,56.240002,55.360001,55.950001,51.200653,23145200
2021-05-21,56.419998,56.709999,55.98,56.080002,51.319622,17723100
2021-05-24,56.650002,57.389999,56.400002,56.959999,52.12492,19164400
2021-05-25,57.560001,57.560001,56.419998,56.869999,52.042561,22309900
2021-05-26,57.049999,57.23,56.59,56.919998,52.08831,15173600
2021-05-27,57.110001,57.880001,57.0,57.73,52.829548,32387600
2021-05-28,57.549999,57.650002,56.939999,57.119999,52.271332,20303900
2021-06-01,57.610001,57.82,56.59,56.889999,52.060863,20326400
2021-06-02,56.91,57.689999,56.759998,57.48,52.600777,18483600
2021-06-03,56.98,57.099998,56.09,56.240002,51.466038,21831300
2021-06-04,56.549999,57.75,56.540001,57.369999,52.500114,21493800
2021-06-07,57.41,57.439999,56.779999,57.09,52.243885,17364400
2021-06-08,57.450001,57.639999,56.599998,57.0,52.161518,33254500
2021-06-09,57.360001,57.48,56.970001,57.0,52.161518,13904800
2021-06-10,57.150002,58.029999,56.93,57.380001,52.509266,26738100
2021-06-11,57.470001,57.939999,56.950001,57.849998,52.939369,18119700
2021-06-14,58.02,58.200001,57.23,58.189999,53.250507,21784500
2021-06-15,58.209999,58.419998,57.799999,57.990002,53.067482,20806500
2021-06-16,58.150002,58.369999,56.77,57.220001,52.36285,21879700
2021-06-17,57.049999,57.900002,56.700001,57.18,52.326248,21498800
2021-06-18,56.68,56.75,55.099998,55.669998,50.944424,55118300
2021-06-21,55.75,56.040001,55.369999,55.869999,51.127441,19254600
2021-06-22,55.939999,56.279999,55.5,55.869999,51.127441,18682800
2021-06-23,55.869999,55.970001,55.23,55.259998,50.569218,20287900
2021-06-24,55.490002,56.099998,55.34,56.07,51.310459,21209700
2021-06-25,56.02,56.41,55.75,55.91,51.164051,21101200
2021-06-28,56.360001,57.73,56.34,57.48,52.600777,22480900
2021-06-29,57.549999,57.830002,55.880001,56.75,51.932743,26360000
2021-06-30,56.34,56.380001,55.389999,56.139999,51.374527,29891600
2021-07-01,56.130001,56.639999,55.869999,56.009998,51.255558,24871600
2021-07-02,56.549999,56.990002,56.32,56.759998,51.941895,17219400
2021-07-06,56.919998,57.009998,55.700001,56.09,51.328766,26186600
2021-07-07,56.369999,56.450001,55.709999,55.959999,51.209805,14857400
2021-07-08,55.310001,55.720001,54.790001,55.389999,50.688187,19162000
2021-07-09,55.509998,56.110001,55.310001,55.990002,51.237263,18708000
2021-07-12,56.259998,56.759998,56.110001,56.73,51.914444,15392800
2021-07-13,56.619999,57.299999,56.34,56.869999,52.042561,15716000
2021-07-14,57.169998,57.459999,56.330002,56.52,51.722271,16263600
2021-07-15,56.400002,56.400002,55.57,55.810001,51.07254,18917000
2021-07-16,56.049999,56.93,54.900002,54.970001,50.303841,25263800
2021-07-19,54.41,54.810001,53.970001,54.639999,50.001858,27007700
2021-07-20,54.919998,55.560001,54.27,55.240002,50.550922,19867000
2021-07-21,55.18,56.279999,55.009998,56.23,51.456886,18497200
2021-07-22,56.060001,56.540001,55.68,55.959999,51.209805,36691000
2021-07-23,54.580002,54.709999,52.32,53.0,48.501072,67742300
2021-07-26,52.810001,54.540001,52.759998,54.310001,49.699871,32881200
2021-07-27,53.119999,53.200001,52.310001,53.18,48.665783,39878000
2021-07-28,53.029999,53.919998,52.939999,53.07,48.565125,28478800
2021-07-29,53.48,54.099998,53.32,53.700001,49.141651,16886600
2021-07-30,53.650002,53.900002,53.25,53.720001,49.159946,16465700
2021-08-02,53.990002,54.470001,53.540001,53.68,49.123341,18098100
2021-08-03,53.889999,54.16,53.259998,54.060001,49.471096,16375900
2021-08-04,54.25,54.439999,53.700001,53.900002,49.324669,17612700
2021-08-05,53.990002,54.02,53.580002,53.889999,49.635986,15310000
2021-08-06,53.860001,54.130001,53.73,53.919998,49.663612,19256000
2021-08-09,54.080002,54.41,53.830002,54.049999,49.783356,14670100
2021-08-10,54.240002,54.389999,53.509998,53.939999,49.682041,16215700
2021-08-11,54.259998,54.360001,53.84,54.139999,49.866253,18590800
2021-08-12,54.169998,54.18,53.259998,53.540001,49.31361,15070100
2021-08-13,53.5,53.560001,53.060001,53.490002,49.267563,15281100
2021-08-16,53.23,53.490002,53.0,53.470001,49.249142,17690300
2021-08-17,53.169998,53.18,52.220001,52.689999,48.530712,22014900
2021-08-18,52.599998,53.029999,52.110001,52.189999,48.070179,15061700
2021-08-19,52.049999,52.669998,51.580002,52.439999,48.300449,22999400
2021-08-20,52.16,52.380001,51.419998,52.009998,47.904392,25728300
2021-08-23,52.59,53.540001,52.48,53.23,49.028088,23976300
2021-08-24,53.560001,53.970001,53.310001,53.810001,49.562302,20348800
2021-08-25,54.080002,54.23,53.73,53.810001,49.562302,15048400
2021-08-26,53.75,53.75,52.970001,53.130001,48.935978,19570000
2021-08-27,53.360001,53.939999,52.919998,53.889999,49.635986,16525000
2021-08-30,54.259998,54.869999,53.759998,53.939999,49.682041,14581300
2021-08-31,54.439999,54.5,53.66,54.060001,49.792568,22350100
2021-09-01,54.110001,54.16,53.529999,53.669998,49.433353,18615000
2021-09-02,53.799999,53.889999,53.349998,53.73,49.488621,15869500
2021-09-03,53.439999,54.080002,53.32,53.509998,49.285988,13456200
2021-09-07,53.57,53.950001,53.439999,53.650002,49.414932,13915000
2021-09-08,53.73,53.919998,52.990002,53.57,49.34124,18235100
2021-09-09,53.66,53.889999,53.34,53.400002,49.184666,13495800
2021-09-10,53.849998,54.98,53.810001,53.84,49.589931,20324700
2021-09-13,54.610001,55.490002,54.41,54.990002,50.649147,22639200
2021-09-14,55.369999,55.439999,54.27,54.52,50.216251,22072700
2021-09-15,54.669998,55.150002,54.419998,55.119999,50.768894,18796200
2021-09-16,54.860001,54.950001,54.240002,54.830002,50.501785,19863100
2021-09-17,54.59,54.59,53.669998,54.259998,49.976768,35359200
2021-09-20,53.209999,53.5,52.32,52.98,48.797821,35051900
2021-09-21,53.200001,53.450001,52.830002,52.869999,48.696503,17968900
2021-09-22,53.400002,53.869999,53.0,53.5,49.276775,18594100
2021-09-23,53.75,54.299999,53.599998,54.029999,49.764931,16474300
2021-09-24,53.779999,54.419998,53.73,54.220001,49.939938,12976200
2021-09-27,53.939999,54.869999,53.82,54.66,50.345203,13899900
2021-09-28,54.18,54.59,53.959999,54.0,49.737297,24691300
2021-09-29,54.0,54.049999,53.18,53.490002,49.267563,20514300
2021-09-30,53.759998,53.98,53.259998,53.279999,49.074139,20534100
2021-10-01,53.650002,54.110001,53.049999,53.860001,49.608349,19895100
2021-10-04,53.93,54.330002,53.080002,53.470001,49.249142,27353300
2021-10-05,53.549999,54.34,53.48,53.950001,49.69125,18129400
2021-10-06,53.48,54.07,53.07,53.98,49.718887,20059600
2021-10-07,54.32,54.990002,54.119999,54.18,49.903095,20704400
2021-10-08,54.549999,54.580002,53.700001,53.810001,49.562302,16068000
2021-10-11,53.810001,54.41,53.419998,53.439999,49.221504,14398800
2021-10-12,53.57,53.720001,52.009998,52.169998,48.051754,32784300
2021-10-13,52.380001,52.580002,51.869999,52.259998,48.134655,18534000
2021-10-14,52.900002,54.0,52.73,53.900002,49.645199,26586700
2021-10-15,54.200001,54.490002,53.810001,54.459999,50.160992,25231100
2021-10-18,54.189999,54.560001,53.720001,54.470001,50.170193,22407600
2021-10-19,54.630001,55.220001,54.369999,55.209999,50.851784,18392900
2021-10-20,55.25,55.490002,55.080002,55.369999,50.999157,16850300
2021-10-21,54.93,56.07,54.830002,56.0,51.57943,38390900
2021-10-22,50.389999,50.549999,49.139999,49.459999,45.555683,109971900
2021-10-25,49.830002,50.07,49.310001,49.41,45.509632,43178800
2021-10-26,49.400002,49.439999,47.93,48.279999,44.468834,68405400
2021-10-27,48.52,48.82,47.869999,47.889999,44.109619,41081500
2021-10-28,48.139999,48.360001,47.880001,48.080002,44.284626,31317200
2021-10-29,48.099998,49.279999,47.919998,49.0,45.132,42301000
2021-11-01,49.400002,49.599998,49.0,49.549999,45.638584,28013700
2021-11-02,49.610001,49.900002,49.23,49.860001,45.924118,27193300
2021-11-03,49.93,50.450001,49.709999,50.389999,46.41227,23962100
2021-11-04,50.240002,50.349998,49.73,50.310001,46.660839,24806000
2021-11-05,50.549999,51.580002,50.540001,50.919998,47.226589,36816200
2021-11-08,51.459999,51.990002,51.060001,51.549999,47.810894,31647800
2021-11-09,51.540001,51.77,50.77,51.200001,47.486279,22508400
2021-11-10,50.98,51.389999,50.709999,50.759998,47.07819,25040700
2021-11-11,51.009998,51.07,50.41,50.529999,46.864876,25420000
2021-11-12,50.599998,50.900002,50.18,50.310001,46.660839,23884800
2021-11-15,50.41,50.630001,50.119999,50.32,46.670101,24695800
2021-11-16,50.369999,51.150002,50.34,50.610001,46.939075,30927800
2021-11-17,50.599998,50.939999,49.98,50.23,46.586636,23546900
2021-11-18,50.240002,50.240002,48.970001,49.68,46.07653,30658200
2021-11-19,49.599998,49.73,49.240002,49.52,45.928139,27607600
2021-11-22,49.549999,50.849998,49.41,49.830002,46.215652,33389600
2021-11-23,50.16,50.450001,48.639999,49.099998,45.538601,44713300
2021-11-24,48.860001,49.779999,48.630001,49.759998,46.150719,26035800
2021-11-26,48.900002,49.18,48.119999,48.779999,45.24181,25269000
2021-11-29,49.299999,50.130001,48.720001,50.0,46.373314,31478900
2021-11-30,49.5,50.400002,48.68,49.200001,45.631351,49460800
2021-12-01,49.84,50.310001,48.52,48.599998,45.074867,35093500
2021-12-02,48.610001,49.790001,48.330002,49.5,45.909588,37240800
2021-12-03,49.68,50.060001,48.759998,49.25,45.677719,32224900
2021-12-06,49.48,51.209999,49.18,50.990002,47.291512,40336000
2021-12-07,54.66,55.0,52.209999,52.57,48.756901,91731500
2021-12-08,52.57,52.880001,51.380001,51.75,47.996391,37143400
2021-12-09,51.299999,51.59,50.43,50.48,46.818501,31694200
2021-12-10,50.84,51.07,50.049999,50.59,46.920517,23783600
2021-12-13,50.849998,51.02,49.950001,50.0,46.373314,35726900
2021-12-14,49.82,50.27,49.32,49.700001,46.095081,34120400
2021-12-15,49.869999,50.779999,49.330002,50.669998,46.99472,32590300
2021-12-16,50.740002,51.400002,50.580002,50.830002,47.143116,33132300
2021-12-17,50.59,51.02,50.009998,50.619999,46.948349,50102300
2021-12-20,49.91,50.130001,48.959999,49.599998,46.002331,30140300
2021-12-21,49.939999,50.84,49.939999,50.77,47.087475,31956300
2021-12-22,50.639999,51.02,50.209999,50.970001,47.272961,23307900
2021-12-23,51.080002,51.73,51.049999,51.310001,47.588303,25198200
2021-12-27,51.349998,52.060001,51.299999,51.939999,48.1726,20985400
2021-12-28,51.93,52.119999,51.630001,51.759998,48.005653,19290400
2021-12-29,51.810001,52.139999,51.66,51.830002,48.070591,14174800
2021-12-30,51.919998,52.139999,51.650002,51.740002,47.98711,18359400
2021-12-31,51.889999,52.16,51.459999,51.5,47.764523,16319000
2022-01-03,51.650002,53.23,51.599998,53.209999,49.350483,33857600
2022-01-04,53.57,53.939999,52.650002,53.139999,49.285561,45681400
2022-01-05,54.189999,56.169998,53.830002,53.869999,49.962608,59109300
2022-01-06,54.610001,54.669998,53.419998,54.009998,50.092457,35757900
2022-01-07,54.189999,54.389999,53.150002,53.439999,49.563797,30717200
2022-01-10,53.970001,55.310001,53.310001,55.209999,51.205421,49260800
2022-01-11,55.5,56.080002,54.73,55.91,51.854645,39795200
2022-01-12,56.139999,56.279999,54.810001,55.740002,51.696976,29136800
2022-01-13,56.0,56.209999,54.77,54.939999,50.955006,29605400
2022-01-14,54.849998,55.77,54.529999,55.700001,51.659882,30151500
2022-01-18,55.310001,55.650002,54.68,54.759998,50.788059,35313800
2022-01-19,54.630001,54.849998,53.560001,53.619999,49.730743,30595100
2022-01-20,53.860001,54.09,51.939999,52.040001,48.26535,28582600
2022-01-21,52.080002,53.130001,51.950001,52.040001,48.26535,46372400
2022-01-24,51.48,52.130001,49.880001,51.939999,48.1726,64198400
2022-01-25,51.009998,51.619999,50.25,51.0,47.300785,44095400
2022-01-26,51.130001,52.720001,50.75,51.689999,47.940731,54895400
2022-01-27,49.98,50.060001,47.779999,48.049999,44.564758,89642800
2022-01-28,47.709999,48.200001,46.299999,47.73,44.267967,61945400
2022-01-31,47.68,48.869999,47.310001,48.82,45.278908,51828400
2022-02-01,48.779999,49.029999,48.360001,48.950001,45.399483,35386100
2022-02-02,48.25,49.580002,48.09,49.509998,45.918858,37962700
2022-02-03,49.25,49.689999,48.25,48.279999,44.77808,42145800
2022-02-04,47.860001,48.240002,47.130001,48.009998,44.866859,32431500
2022-02-07,48.130001,48.66,47.959999,48.18,45.02573,27558500
2022-02-08,47.98,48.939999,47.900002,48.810001,45.614483,28051200
2022-02-09,49.330002,49.970001,48.830002,49.91,46.642471,35217300
2022-02-10,49.18,49.93,48.759998,48.860001,45.661209,32762700
2022-02-11,48.950001,49.110001,47.5,47.630001,44.511742,37208200
2022-02-14,47.919998,48.18,47.110001,47.580002,44.465015,28456900
2022-02-15,47.700001,48.459999,47.189999,48.439999,45.268703,35837900
2022-02-16,48.060001,48.490002,47.599998,48.23,45.07246,26022900
2022-02-17,47.860001,48.259998,47.380001,47.57,44.455662,32030600
2022-02-18,46.189999,46.209999,44.509998,45.040001,42.091301,76520100
2022-02-22,44.689999,45.41,43.849998,44.689999,41.76421,57093300
2022-02-23,45.169998,45.709999,44.549999,44.650002,41.726837,38176700
2022-02-24,43.900002,46.790001,43.630001,46.720001,43.661312,72740100
2022-02-25,46.93,47.790001,46.25,47.709999,44.586498,39266300
2022-02-28,47.0,47.82,46.849998,47.700001,44.577152,41946100
2022-03-01,47.540001,47.900002,46.220001,46.82,43.754765,53853000
2022-03-02,47.52,48.990002,47.48,48.869999,45.670555,46936500
2022-03-03,48.18,48.549999,47.619999,47.93,44.792091,36389900
2022-03-04,47.369999,48.27,47.369999,48.07,44.922928,38310700
2022-03-07,48.009998,48.540001,47.599998,47.68,44.558468,43813700
2022-03-08,47.689999,48.720001,46.889999,47.5,44.390247,44813900
2022-03-09,48.41,48.459999,46.889999,47.630001,44.511742,36076500
2022-03-10,47.290001,47.310001,46.16,46.66,43.605244,36456000
2022-03-11,47.150002,47.279999,45.77,45.830002,42.829578,27082100
2022-03-14,45.900002,45.98,44.299999,44.400002,41.493198,35993900
2022-03-15,44.5,44.900002,44.07,44.810001,41.876358,34448900
2022-03-16,45.299999,46.630001,45.27,46.630001,43.577209,38885500
2022-03-17,46.32,47.290001,45.73,47.139999,44.053814,28555000
2022-03-18,46.82,47.599998,46.349998,47.450001,44.343513,46237100
2022-03-21,47.459999,47.889999,47.07,47.389999,44.287449,32910900
2022-03-22,47.5,48.470001,47.400002,48.389999,45.221981,27923300
2022-03-23,48.459999,49.580002,48.060001,48.27,45.109829,37126400
2022-03-24,48.66,51.650002,48.59,51.619999,48.240513,51677900
2022-03-25,50.689999,51.98,50.450001,51.830002,48.436775,33239800
2022-03-28,51.360001,51.57,50.560001,51.509998,48.137718,22932400
2022-03-29,52.0,52.290001,51.279999,52.25,48.829266,27303700
2022-03-30,52.25,52.509998,51.220001,51.43,48.062958,24623300
2022-03-31,51.200001,51.259998,49.509998,49.560001,46.315384,43698300
2022-04-01,49.830002,49.900002,47.330002,48.110001,44.960316,46598600
2022-04-04,48.169998,49.23,47.919998,49.200001,45.978954,23784900
2022-04-05,48.830002,48.98,48.02,48.130001,44.979004,25779200
2022-04-06,47.439999,48.169998,47.240002,47.540001,44.427628,31518700
2022-04-07,47.43,47.91,46.77,47.560001,44.44632,24117000
2022-04-08,47.279999,47.580002,46.849998,47.02,43.941669,22167300
2022-04-11,46.900002,47.299999,46.529999,46.57,43.521133,30352500
2022-04-12,47.32,47.91,46.41,46.5,43.455711,29861400
2022-04-13,46.75,47.27,46.549999,47.009998,43.932327,22171300
2022-04-14,46.75,46.75,45.619999,45.669998,42.680054,36181800
2022-04-18,45.529999,46.889999,45.52,46.639999,43.586548,25593100
2022-04-19,46.599998,48.0,46.34,47.93,44.792091,31483100
2022-04-20,48.360001,48.75,47.98,48.110001,44.960316,22787100
2022-04-21,48.619999,48.900002,47.400002,47.5,44.390247,27316900
2022-04-22,47.450001,47.650002,46.5,46.540001,43.493103,28219900
2022-04-25,46.209999,47.139999,46.18,47.060001,43.979053,35999300
2022-04-26,46.689999,46.84,45.509998,45.52,42.539883,35356600
2022-04-27,45.48,46.060001,45.009998,45.220001,42.25951,28320900
2022-04-28,45.790001,47.27,45.540001,46.84,43.773453,41097000
2022-04-29,44.990002,45.360001,43.5,43.59,40.736229,70765900
2022-05-02,43.720001,44.990002,43.509998,44.959999,42.016537,45446500
2022-05-03,44.790001,45.490002,44.23,45.060001,42.109989,40158400
2022-05-04,45.060001,46.639999,44.41,46.540001,43.493103,44625600
2022-05-05,45.599998,45.91,44.130001,44.599998,42.009571,52996700
2022-05-06,44.490002,45.150002,43.84,44.299999,41.726997,40916600
2022-05-09,43.810001,44.200001,42.869999,43.07,40.568439,44925800
2022-05-10,44.349998,44.740002,43.5,44.009998,41.453835,42770000
2022-05-11,44.02,44.290001,42.779999,42.830002,40.342377,40351700
2022-05-12,42.73,42.91,42.009998,42.84,40.351799,42329600
2022-05-13,43.419998,43.84,42.970001,43.599998,41.067654,32034100
2022-05-16,43.419998,43.610001,42.790001,43.080002,40.577862,25071900
2022-05-17,43.82,44.419998,43.650002,44.400002,41.82119,28596600
2022-05-18,43.98,43.98,42.220001,42.349998,39.890259,35218400
2022-05-19,42.32,42.700001,41.720001,42.009998,39.570004,29181000
2022-05-20,42.25,42.290001,40.310001,41.650002,39.230915,44802300
2022-05-23,41.689999,42.25,41.330002,42.0,39.560581,27199500
2022-05-24,41.700001,41.889999,41.099998,41.669998,39.249748,29837500
2022-05-25,41.439999,42.52,41.389999,42.200001,39.748966,26283100
2022-05-26,42.169998,43.68,42.080002,43.48,40.95462,28826700
2022-05-27,43.59,44.549999,43.549999,44.549999,41.962482,30553300
2022-05-31,44.25,44.75,43.650002,44.419998,41.840031,41111500
2022-06-01,44.77,44.93,43.529999,44.110001,41.548031,29885500
2022-06-02,44.189999,44.880001,43.939999,44.84,42.235634,28727600
2022-06-03,44.110001,44.25,43.34,43.389999,40.869854,33174700
2022-06-06,43.810001,44.040001,43.080002,43.34,40.822754,25437100
2022-06-07,43.060001,43.59,42.66,43.529999,41.001717,25168700
2022-06-08,42.25,42.259998,41.029999,41.23,38.835308,59649900
2022-06-09,41.009998,41.349998,40.009998,40.009998,37.686165,39047200
2022-06-10,39.849998,40.080002,39.18,39.18,36.904369,43066200
2022-06-13,38.549999,38.810001,37.669998,37.77,35.576267,50335900
2022-06-14,38.009998,38.200001,37.540001,37.93,35.726978,31351700
2022-06-15,38.560001,39.169998,37.919998,38.650002,36.405155,37652300
2022-06-16,37.700001,37.790001,36.93,37.34,35.171246,45576500
2022-06-17,37.48,38.119999,36.599998,36.970001,34.822739,71393200
2022-06-21,37.360001,38.029999,37.330002,37.73,35.538593,34004900
2022-06-22,37.330002,37.77,37.220001,37.380001,35.208923,32571000
2022-06-23,37.610001,37.619999,36.91,37.41,35.237175,30163000
2022-06-24,37.849998,38.639999,37.740002,38.610001,36.367485,38159900
2022-06-27,38.869999,39.060001,38.470001,38.630001,36.386322,29585300
2022-06-28,38.580002,39.02,37.740002,37.779999,35.585686,37824200
2022-06-29,37.540001,37.599998,37.02,37.290001,35.124153,25437200
2022-06-30,37.209999,38.0,36.73,37.41,35.237175,35141000
2022-07-01,37.09,37.200001,35.880001,36.34,34.229332,40596300
2022-07-05,35.93,36.740002,35.540001,36.689999,34.558994,33215000
2022-07-06,36.82,37.419998,36.459999,36.990002,34.841576,26258300
2022-07-07,37.889999,38.330002,37.73,38.139999,35.924774,33165400
2022-07-08,37.66,38.139999,37.389999,37.990002,35.783493,22566300
2022-07-11,37.66,37.669998,37.029999,37.200001,35.039375,25904300
2022-07-12,37.650002,37.700001,36.990002,37.209999,35.048794,30546300
2022-07-13,36.68,37.43,36.619999,37.209999,35.048794,27059200
2022-07-14,36.990002,38.16,36.290001,37.709999,35.519753,36690700
2022-07-15,38.27,38.669998,37.73,38.619999,36.376896,32892300
2022-07-18,39.099998,39.34,38.529999,38.709999,36.46167,30814400
2022-07-19,39.32,40.73,39.240002,40.220001,37.883976,53095300
2022-07-20,40.209999,40.669998,39.560001,40.560001,38.204227,36387900
2022-07-21,40.509998,40.650002,39.82,40.610001,38.25132,29661200
2022-07-22,40.369999,40.509998,38.939999,39.200001,36.92321,41350000
2022-07-25,39.279999,39.41,38.549999,39.16,36.88554,32263400
2022-07-26,39.099998,39.57,38.880001,38.959999,36.697151,35925500
2022-07-27,39.27,40.419998,39.23,40.18,37.846294,42571600
2022-07-28,40.09,40.119999,39.040001,39.709999,37.403595,56662300
2022-07-29,35.599998,36.619999,35.240002,36.310001,34.201065,125292400
2022-08-01,36.049999,37.689999,36.049999,36.959999,34.813316,52513400
2022-08-02,36.59,36.66,36.0,36.009998,33.918491,53929400
2022-08-03,36.09,36.59,35.259998,36.52,34.398872,59513900
2022-08-04,36.009998,36.099998,35.360001,35.66,33.92791,54046300
2022-08-05,35.349998,35.689999,35.18,35.389999,33.671028,40205100
2022-08-08,35.360001,35.959999,35.200001,35.380001,33.661518,41534600
2022-08-09,35.220001,35.299999,34.400002,34.52,32.843285,48202300
2022-08-10,34.990002,35.400002,34.59,35.369999,33.651997,42243300
2022-08-11,35.639999,36.290001,35.490002,35.59,33.861309,35569700
2022-08-12,35.799999,36.139999,35.669998,36.110001,34.356052,37675200
2022-08-15,36.099998,36.43,35.709999,36.34,34.574886,25400600
2022-08-16,36.16,36.580002,35.700001,36.189999,34.432171,25000200
2022-08-17,35.810001,36.080002,35.27,35.779999,34.042091,29176100
2022-08-18,35.68,36.330002,35.57,36.200001,34.441685,24598200
2022-08-19,35.799999,36.029999,35.189999,35.380001,33.661518,31425500
2022-08-22,35.0,35.060001,33.73,33.84,32.196316,51006100
2022-08-23,33.98,34.389999,33.91,33.950001,32.300976,30687100
2022-08-24,33.970001,33.990002,33.599998,33.860001,32.215347,25105700
2022-08-25,33.869999,34.93,33.82,34.889999,33.195316,29799100
2022-08-26,34.950001,35.029999,33.349998,33.360001,31.739628,44851500
2022-08-29,33.23,33.41,32.810001,32.939999,31.340031,32976800
2022-08-30,33.040001,33.07,32.150002,32.259998,30.693062,40182500
2022-08-31,32.389999,32.389999,31.77,31.92,30.369576,44074500
2022-09-01,31.57,31.83,31.129999,31.76,30.217344,36440700
2022-09-02,32.209999,32.380001,31.059999,31.219999,29.703573,34893300
2022-09-06,31.389999,31.389999,30.33,30.360001,28.885345,46989600
2022-09-07,30.42,30.790001,30.049999,30.65,29.161261,37329500
2022-09-08,30.370001,30.85,29.91,30.75,29.256405,37359500
2022-09-09,31.190001,31.5,31.08,31.459999,29.931917,34069500
2022-09-12,31.74,31.860001,31.1,31.559999,30.02706,38305500
2022-09-13,30.83,30.93,29.25,29.290001,27.867321,71417900
2022-09-14,29.549999,29.77,29.01,29.18,27.762661,40767200
2022-09-15,29.15,29.41,28.709999,28.84,27.439175,39919100
2022-09-16,28.700001,29.32,28.42,29.24,27.819748,72748000
2022-09-19,29.02,29.5,28.9,29.440001,28.010035,33151900
2022-09-20,29.07,29.17,28.709999,28.959999,27.55335,31129000
2022-09-21,29.15,29.59,28.459999,28.469999,27.087151,39977300
2022-09-22,28.4,28.5,28.040001,28.07,26.706577,36092700
2022-09-23,27.9,27.9,27.190001,27.52,26.183292,43491100
2022-09-26,27.559999,27.700001,26.860001,26.969999,25.660007,44786400
2022-09-27,27.4,27.6,26.620001,26.889999,25.583891,44121400
2022-09-28,26.860001,27.280001,26.6,27.129999,25.812235,40433400
2022-09-29,26.780001,26.780001,26.190001,26.379999,25.098661,41831300
2022-09-30,26.299999,26.57,25.74,25.77,24.518293,43821000
2022-10-03,26.33,27.25,26.07,26.969999,25.660007,44096200
2022-10-04,27.43,27.799999,27.09,27.700001,26.354549,42427500
2022-10-05,27.370001,27.84,26.889999,27.639999,26.297464,30120000
2022-10-06,27.440001,27.76,27.0,27.18,25.859808,33985100
2022-10-07,26.17,26.280001,25.65,25.719999,24.47072,57215500
2022-10-10,25.940001,25.99,25.09,25.200001,23.975979,43409300
2022-10-11,25.01,25.48,24.690001,25.040001,23.823755,48134900
2022-10-12,25.049999,25.52,24.66,25.33,24.099665,39634100
2022-10-13,24.73,26.84,24.59,26.42,25.136723,62447000
2022-10-14,26.459999,26.629999,25.76,25.91,24.651493,48185400
2022-10-17,26.309999,26.75,26.17,26.42,25.136723,39416500
2022-10-18,26.74,26.959999,25.540001,25.870001,24.613436,51126900
2022-10-19,25.74,26.25,25.690001,26.0,24.73712,33882300
2022-10-20,26.15,26.950001,25.950001,26.08,24.813238,33247700
2022-10-21,25.85,27.049999,25.790001,26.969999,25.660007,53058700
2022-10-24,26.75,27.48,26.52,27.18,25.859808,43831600
2022-10-25,27.18,27.559999,27.0,27.41,26.078634,32205300
2022-10-26,27.190001,27.799999,26.99,27.209999,25.888346,37111100
2022-10-27,27.450001,27.59,26.129999,26.27,24.994007,56305100
2022-10-28,28.18,29.219999,27.860001,29.07,27.658003,91695700
2022-10-31,29.08,29.18,28.049999,28.43,27.049093,59507700
2022-11-01,28.799999,28.85,27.889999,28.299999,26.925406,44418700
2022-11-02,28.27,28.85,27.41,27.42,26.08815,51956100
2022-11-03,27.450001,27.879999,27.17,27.389999,26.059603,39678200
2022-11-04,27.57,28.24,27.41,28.200001,27.192635,43051900
2022-11-07,28.360001,28.469999,27.889999,28.41,27.39513,34389800
2022-11-08,28.76,28.950001,27.93,28.48,27.462629,36258000
2022-11-09,28.219999,28.299999,27.52,27.52,26.536924,30544800
2022-11-10,28.879999,29.83,28.65,29.76,28.696907,62943900
2022-11-11,28.93,30.629999,28.870001,30.43,29.342974,49826500
2022-11-14,30.34,30.99,30.18,30.35,29.265829,39395300
2022-11-15,31.1,31.34,30.17,30.709999,29.612968,40933200
2022-11-16,30.110001,30.23,29.440001,29.530001,28.475122,35582800
2022-11-17,29.07,29.950001,29.0,29.889999,28.822262,31983300
2022-11-18,30.26,30.26,29.610001,29.870001,28.802979,27122200
2022-11-21,29.66,29.719999,28.91,28.940001,27.9062,36086800
2022-11-22,29.139999,29.860001,29.059999,29.82,28.754765,25584100
2022-11-23,29.73,30.08,29.49,29.67,28.610125,23143900
2022-11-25,29.68,29.68,29.34,29.34,28.29191,11314900
2022-11-28,29.1,29.190001,28.540001,28.73,27.703699,28267900
2022-11-29,28.85,29.18,28.74,28.9,27.867628,24361500
2022-11-30,28.77,30.08,28.219999,30.07,28.995831,72072500
2022-12-01,30.24,30.48,29.52,29.83,28.764406,38896300
2022-12-02,29.17,29.43,28.709999,29.41,28.359409,31546000
2022-12-05,29.42,29.75,28.889999,29.17,28.127985,34040400
2022-12-06,29.190001,29.309999,28.34,28.6,27.578344,27701200
2022-12-07,28.280001,28.549999,28.15,28.33,27.317989,28239900
2022-12-08,28.32,28.6,28.07,28.440001,27.424059,28486100
2022-12-09,28.389999,28.780001,28.190001,28.24,27.231205,25641300
2022-12-12,28.129999,28.709999,27.860001,28.690001,27.665131,35117900
2022-12-13,29.790001,30.09,28.370001,28.73,27.703699,58546800
2022-12-14,28.51,29.120001,28.01,28.26,27.250488,37141100
2022-12-15,27.940001,28.0,27.120001,27.15,26.180141,45682700
2022-12-16,27.0,27.139999,26.450001,26.92,25.958357,81104200
2022-12-19,26.9,26.969999,26.5,26.790001,25.833006,37662500
2022-12-20,26.540001,26.870001,26.42,26.440001,25.495506,31863300
2022-12-21,26.59,26.969999,26.58,26.83,25.871571,28100900
2022-12-22,26.450001,26.450001,25.35,25.969999,25.042294,47478300
2022-12-23,25.92,26.190001,25.68,26.09,25.158009,23600900
2022-12-27,25.85,26.1,25.65,25.940001,25.013367,29548100
2022-12-28,25.84,26.120001,25.5,25.540001,24.627657,26176900
2022-12-29,25.77,26.290001,25.75,26.209999,25.273718,30944800
2022-12-30,25.9,26.459999,25.799999,26.43,25.485863,31030100
2023-01-03,27.049999,27.07,26.370001,26.73,25.775143,31308000
2023-01-04,27.41,27.92,27.16,27.68,26.691208,37665200
2023-01-05,27.440001,27.780001,27.379999,27.559999,26.575495,33552600
2023-01-06,27.93,28.83,27.379999,28.73,27.703699,31788600
2023-01-09,28.84,29.870001,28.84,29.309999,28.262978,37493200
2023-01-10,29.24,29.51,28.92,29.440001,28.388342,23008100
2023-01-11,29.68,29.879999,29.0,29.85,28.783693,30375400
2023-01-12,29.98,30.379999,29.469999,30.290001,29.207973,28963900
2023-01-13,29.969999,30.17,29.809999,30.110001,29.034407,31361900
2023-01-17,30.18,30.26,29.52,29.6,28.542622,34759100
2023-01-18,29.799999,29.82,28.629999,28.809999,27.780844,44199600
2023-01-19,28.610001,28.76,28.24,28.42,27.404776,36886600
2023-01-20,28.42,29.23,28.25,29.219999,28.176195,35158500
2023-01-23,29.33,30.49,29.18,30.27,29.188688,38795800
2023-01-24,29.940001,30.190001,29.73,29.92,28.851189,24855100
2023-01-25,29.52,29.889999,29.17,29.700001,28.639051,28268000
2023-01-26,30.059999,30.110001,29.33,30.09,29.015118,56088100
2023-01-27,27.07,28.24,26.780001,28.16,27.15406,148548200
2023-01-30,27.719999,28.51,27.67,27.950001,26.951567,55145800
2023-01-31,27.780001,28.290001,27.530001,28.26,27.250488,52621600
2023-02-01,27.889999,29.43,27.68,29.07,28.031555,63330600
2023-02-02,29.25,30.299999,28.799999,30.190001,29.111547,62230700
2023-02-03,29.620001,31.17,29.530001,30.32,29.236904,57603100
2023-02-06,29.549999,29.65,28.610001,28.690001,28.002226,48726400
2023-02-07,28.65,29.27,28.43,29.049999,28.353596,50780800
2023-02-08,28.950001,29.120001,28.209999,28.24,27.563015,36479100
2023-02-09,28.68,28.82,27.57,27.73,27.065241,43906400
2023-02-10,27.629999,27.99,27.34,27.799999,27.133564,31232500
2023-02-13,27.870001,28.549999,27.719999,28.549999,27.865582,32347500
2023-02-14,28.379999,28.719999,27.99,28.639999,27.953424,27928900
2023-02-15,28.360001,28.879999,28.16,28.85,28.158392,23359400
2023-02-16,28.5,28.83,28.129999,28.200001,27.523973,28972500
2023-02-17,28.0,28.07,27.379999,27.610001,26.948116,32086200
2023-02-21,27.110001,27.27,26.040001,26.059999,25.435276,63668400
2023-02-22,25.91,26.9,25.299999,25.469999,24.859419,89195300
2023-02-23,25.780001,26.08,25.32,25.610001,24.996063,56473200
2023-02-24,25.219999,25.35,24.92,25.139999,24.537327,44089900
2023-02-27,25.549999,25.58,24.879999,24.9,24.303082,37657000
2023-02-28,24.940001,25.120001,24.73,24.93,24.332365,50255300
2023-03-01,25.030001,25.92,24.969999,25.33,24.722775,47823400
2023-03-02,25.209999,26.299999,25.120001,26.200001,25.57192,48309300
2023-03-03,26.200001,26.48,26.01,26.4,25.767126,36744900
2023-03-06,26.469999,26.540001,25.93,25.99,25.366953,37879800
2023-03-07,25.84,25.99,25.5,25.530001,24.917982,43164600
2023-03-08,25.559999,26.01,25.450001,25.98,25.357193,36071900
2023-03-09,25.98,26.98,25.969999,26.440001,25.806166,54886100
2023-03-10,26.549999,27.52,26.32,27.219999,26.567467,65187000
2023-03-13,26.74,27.309999,26.610001,26.950001,26.30394,50977000
2023-03-14,27.35,28.1,27.25,28.01,27.338528,47689800
2023-03-15,27.73,28.5,27.66,28.41,27.728937,49322800
2023-03-16,28.389999,30.27,28.389999,30.18,29.456507,75779500
2023-03-17,29.92,31.0,29.440001,29.809999,29.095375,80628500
2023-03-20,29.799999,29.9,28.629999,29.16,28.460958,38780100
2023-03-21,29.0,29.17,27.98,28.459999,27.77774,55650800
2023-03-22,28.48,29.120001,28.1,28.129999,27.45565,37415500
2023-03-23,28.379999,29.16,28.219999,29.030001,28.334076,43785500
2023-03-24,29.040001,29.809999,28.93,29.360001,28.656164,55912100
2023-03-27,29.370001,29.73,29.08,29.18,28.48048,34758200
2023-03-28,29.08,29.33,28.629999,29.290001,28.587845,37407900
2023-03-29,29.77,31.889999,29.76,31.52,30.764385,85556200
2023-03-30,31.85,32.580002,31.809999,32.09,31.320719,70077600
2023-03-31,31.799999,32.900002,31.73,32.669998,31.886816,59765000
2023-04-03,32.939999,33.560001,32.540001,32.889999,32.101547,57038300
2023-04-04,32.849998,33.84,32.84,33.099998,32.306507,55714100
2023-04-05,32.799999,32.990002,32.34,32.830002,32.042984,39615700
2023-04-06,32.599998,33.0,32.459999,32.810001,32.023464,28551900
2023-04-10,32.599998,32.759998,32.200001,32.52,31.74041,30534400
2023-04-11,32.66,33.110001,32.32,32.349998,31.574486,27059100
2023-04-12,32.77,32.889999,31.959999,32.02,31.252398,37070800
2023-04-13,31.82,32.43,31.65,32.130001,31.359764,29722300
2023-04-14,32.0,32.240002,31.690001,31.889999,31.125513,24623600
2023-04-17,31.950001,32.639999,31.77,32.139999,31.36952,29601100
2023-04-18,32.43,32.459999,31.780001,31.83,31.066952,26041400
2023-04-19,31.1,31.52,31.08,31.15,30.403252,25746600
2023-04-20,30.76,31.25,30.709999,30.860001,30.120207,30255100
2023-04-21,30.84,30.84,30.23,30.299999,29.573631,28655800
2023-04-24,30.129999,30.370001,29.610001,29.66,28.948973,38732500
2023-04-25,29.440001,29.57,28.870001,28.879999,28.187672,38289900
2023-04-26,29.200001,29.809999,28.84,29.049999,28.353596,41218800
2023-04-27,28.75,29.950001,28.51,29.860001,29.14418,60186200
2023-04-28,31.98,32.57,30.809999,31.059999,30.315411,80252400
2023-05-01,31.110001,31.24,30.280001,30.299999,29.573631,36918500
2023-05-02,30.299999,30.58,29.75,29.77,29.056337,33463400
2023-05-03,30.639999,31.110001,30.25,30.65,29.915239,45554500
2023-05-04,30.440001,31.719999,30.379999,31.24,30.615959,46104000
2023-05-05,31.379999,31.41,30.73,30.99,30.370953,35024600
2023-05-08,30.700001,30.84,30.389999,30.77,30.155346,30882800
2023-05-09,30.379999,30.58,29.91,30.1,29.49873,30706500
2023-05-10,30.290001,30.4,29.49,29.969999,29.371326,40526500
2023-05-11,29.6,29.68,28.82,28.860001,28.283503,47144400
2023-05-12,29.030001,29.1,28.719999,28.950001,28.371704,24153800
2023-05-15,28.9,29.83,28.879999,29.799999,29.204721,28717500
2023-05-16,29.620001,29.9,29.209999,29.219999,28.636309,22812000
2023-05-17,29.52,29.559999,28.68,28.870001,28.293301,41667300
2023-05-18,29.0,29.76,28.870001,29.68,29.087122,36529200
2023-05-19,29.6,30.24,29.5,29.93,29.332127,40683000
2023-05-22,29.85,30.450001,29.82,30.280001,29.675137,28693400
2023-05-23,30.049999,30.200001,29.49,29.51,28.920517,29400900
2023-05-24,29.309999,29.49,28.82,29.0,28.420706,28045800
2023-05-25,28.290001,28.290001,26.860001,27.4,26.852667,78009400
2023-05-26,27.440001,29.09,27.1,29.0,28.420706,71910600
2023-05-30,29.700001,30.040001,29.0,29.99,29.390928,54874800
2023-05-31,29.700001,32.290001,29.67,31.440001,30.811964,136243800
2023-06-01,31.799999,31.940001,31.02,31.129999,30.508154,52667400
2023-06-02,31.4,31.59,30.83,31.309999,30.684559,36521000
2023-06-05,31.309999,31.4,29.83,29.860001,29.263527,48244100
2023-06-06,29.77,31.450001,29.700001,30.959999,30.341551,42295300
2023-06-07,31.030001,31.370001,30.93,31.280001,30.655161,39098000
2023-06-08,31.43,31.85,31.059999,31.82,31.184372,35199000
2023-06-09,31.93,31.99,30.68,31.34,30.713963,40218000
2023-06-12,31.4,33.299999,31.360001,33.07,32.409405,59881600
2023-06-13,33.77,33.950001,33.07,33.91,33.232624,51990000
2023-06-14,33.869999,35.599998,33.799999,35.580002,34.869267,74404300
2023-06-15,35.279999,36.419998,35.220001,35.82,35.104469,67676300
2023-06-16,36.360001,36.799999,35.599998,36.369999,35.643478,110240300
2023-06-20,36.77,37.110001,34.720001,35.0,34.30085,65970200
2023-06-21,34.919998,35.049999,32.830002,32.900002,32.242798,70973500
2023-06-22,32.689999,33.240002,32.130001,32.709999,32.056595,45740300
2023-06-23,32.209999,33.450001,32.029999,33.0,32.340805,46327100
2023-06-26,33.189999,33.990002,33.099998,33.34,32.674011,38952400
2023-06-27,33.220001,34.23,33.009998,34.099998,33.418827,33038900
2023-06-28,33.610001,33.810001,33.029999,33.57,32.899418,33906900
2023-06-29,33.34,33.34,32.490002,32.91,32.252602,38313000
2023-06-30,33.360001,33.560001,33.16,33.439999,32.772011,33811300
2023-07-03,33.540001,33.889999,33.139999,33.619999,32.948418,15753000
2023-07-05,33.310001,33.330002,32.5,32.509998,31.86059,37664700
2023-07-06,31.9,32.040001,31.379999,31.969999,31.331377,41693600
2023-07-07,32.0,32.41,31.82,31.85,31.213774,28356300
2023-07-10,31.870001,32.830002,31.77,32.740002,32.085999,36305700
2023-07-11,32.82,33.360001,32.5,33.299999,32.634808,28148800
2023-07-12,33.689999,34.080002,33.060001,33.98,33.301228,37762200
2023-07-13,34.150002,34.299999,33.619999,33.869999,33.19342,32745800
2023-07-14,33.779999,33.869999,33.0,33.150002,32.487808,30438700
2023-07-17,33.16,34.599998,33.07,34.369999,33.68343,34111200
2023-07-18,34.279999,34.700001,33.830002,34.5,33.810837,29662200
2023-07-19,34.400002,34.84,34.330002,34.459999,33.771633,26486700
2023-07-20,33.700001,34.209999,33.23,33.369999,32.703411,37878000
2023-07-21,33.73,34.25,33.419998,34.02,33.340427,79737000
2023-07-24,33.84,34.459999,33.560001,33.630001,32.958214,25225800
2023-07-25,33.700001,34.34,33.400002,34.099998,33.418827,31771100
2023-07-26,33.720001,34.529999,33.700001,34.360001,33.673637,32643200
2023-07-27,34.82,35.029999,34.110001,34.549999,33.859837,58890800
2023-07-28,36.75,36.990002,35.509998,36.830002,36.094299,90863000
2023-07-31,36.869999,37.189999,35.669998,35.77,35.05547,55630700
2023-08-01,35.82,36.02,35.279999,35.799999,35.084869,24702200
2023-08-02,35.150002,35.18,34.279999,34.389999,33.703033,39052000
2023-08-03,34.290001,35.029999,34.130001,34.869999,34.173447,24817900
2023-08-04,34.48,35.560001,34.48,35.139999,34.561947,26674900
2023-08-07,35.41,35.549999,34.75,35.23,34.650467,22486900
2023-08-08,34.669998,35.099998,33.860001,35.02,34.443924,34753600
2023-08-09,35.0,35.099998,34.23,34.279999,33.716095,28720200
2023-08-10,34.700001,35.09,34.48,34.68,34.109516,30957300
2023-08-11,34.459999,34.950001,34.360001,34.889999,34.316059,28783700
2023-08-14,34.669998,35.709999,34.470001,35.68,35.093063,36896100
2023-08-15,35.41,35.630001,34.75,34.77,34.198036,27420300
2023-08-16,34.52,34.630001,33.459999,33.529999,32.978432,35757300
2023-08-17,33.560001,33.59,32.349998,32.580002,32.044064,39906700
2023-08-18,32.23,32.91,32.18,32.75,32.211262,23701100
2023-08-21,32.599998,33.169998,32.02,33.139999,32.594852,43718200
2023-08-22,33.220001,33.799999,32.830002,32.889999,32.348961,23425300
2023-08-23,32.880001,34.150002,32.799999,33.98,33.421032,32324300
2023-08-24,33.720001,34.09,32.490002,32.59,32.053894,37931000
2023-08-25,32.529999,33.400002,32.349998,33.25,32.703041,27324800
2023-08-28,33.5,33.779999,33.209999,33.619999,33.066956,22341800
2023-08-29,33.490002,34.48,33.470001,34.310001,33.745605,29943600
2023-08-30,34.060001,34.66,33.779999,34.529999,33.961983,26279200
2023-08-31,34.32,35.560001,34.299999,35.139999,34.561947,48157600
2023-09-01,35.790001,36.75,35.73,36.610001,36.007771,43808500
2023-09-05,36.580002,37.41,36.459999,36.709999,36.106125,43379400
2023-09-06,36.560001,37.040001,36.029999,36.98,36.371677,39643400
2023-09-07,36.830002,38.34,36.75,38.18,37.551941,67659700
2023-09-08,38.119999,38.830002,37.709999,38.009998,37.384735,44255200
2023-09-11,38.240002,38.740002,37.84,38.59,37.955196,36349300
2023-09-12,38.650002,40.07,38.650002,38.860001,38.220757,55326600
2023-09-13,38.799999,39.150002,38.25,38.709999,38.073223,35407800
2023-09-14,38.810001,38.900002,38.299999,38.669998,38.033878,30616500
2023-09-15,38.419998,38.52,37.619999,37.880001,37.256878,68881200
2023-09-18,37.619999,38.389999,37.509998,37.990002,37.365067,29322200
2023-09-19,38.040001,38.099998,36.02,36.34,35.74221,53288100
2023-09-20,36.220001,36.25,34.630001,34.689999,34.119347,57660800
2023-09-21,34.57,35.25,34.459999,34.650002,34.080009,45240600
2023-09-22,34.810001,34.889999,34.139999,34.18,33.617744,29232700
2023-09-25,34.0,34.369999,33.77,34.290001,33.725933,21729400
2023-09-26,34.139999,34.779999,33.639999,33.830002,33.273499,34198300
2023-09-27,33.919998,34.830002,33.880001,34.610001,34.040672,44369100
2023-09-28,34.650002,35.66,34.380001,35.18,34.601292,32265300
2023-09-29,35.650002,35.91,35.16,35.549999,34.965206,28763700
2023-10-02,35.610001,35.98,34.98,35.459999,34.876682,26086200
2023-10-03,35.27,36.540001,35.27,35.689999,35.102898,45292600
2023-10-04,36.52,36.52,35.330002,35.93,35.338951,39842200
2023-10-05,35.970001,36.099998,35.599998,35.889999,35.29961,25771200
2023-10-06,35.869999,36.459999,35.18,36.189999,35.594677,33262200
2023-10-09,35.700001,36.169998,35.5,36.060001,35.466816,19376100
2023-10-10,36.139999,36.740002,35.810001,36.43,35.83073,24044100
2023-10-11,36.619999,37.029999,36.380001,36.880001,36.273323,19262600
2023-10-12,36.799999,37.220001,36.389999,36.84,36.233986,23639200
2023-10-13,36.740002,36.790001,35.860001,35.970001,35.378296,28390100
2023-10-16,36.139999,36.939999,36.080002,36.560001,35.958591,29555800
2023-10-17,35.919998,36.349998,35.07,36.060001,35.466816,24993600
2023-10-18,35.52,36.02,35.450001,35.639999,35.053722,22086000
2023-10-19,35.959999,36.360001,35.52,35.669998,35.083233,29201800
2023-10-20,35.650002,36.279999,34.869999,34.919998,34.345566,32303300
2023-10-23,34.599998,35.189999,33.389999,33.849998,33.293167,53924700
2023-10-24,33.639999,34.709999,33.639999,34.59,34.020996,52673900
2023-10-25,34.18,34.450001,32.549999,32.830002,32.289951,44658500
2023-10-26,32.889999,33.220001,32.150002,32.52,31.985046,59142500
2023-10-27,34.66,36.380001,34.599998,35.540001,34.955368,84128200
2023-10-30,35.470001,35.959999,34.919998,35.689999,35.102898,36656300
2023-10-31,35.66,36.57,35.619999,36.5,35.899574,41185200
2023-11-01,36.5,37.32,36.279999,37.290001,36.676582,41710700
2023-11-02,37.580002,37.82,36.91,37.700001,37.079838,35440000
2023-11-03,38.0,38.32,37.669998,38.139999,37.512596,30502700
2023-11-06,38.02,38.200001,37.849998,37.950001,37.44846,23877200
2023-11-07,38.240002,38.900002,37.98,38.77,38.257622,32052000
2023-11-08,38.849998,38.889999,37.75,37.919998,37.418854,33483400
2023-11-09,38.049999,38.52,37.77,37.799999,37.300442,48955800
2023-11-10,38.240002,38.990002,38.240002,38.860001,38.346432,38862500
2023-11-13,38.349998,38.57,38.139999,38.23,37.724758,24558300
2023-11-14,38.799999,39.490002,38.07,39.41,38.889164,45457400
2023-11-15,39.59,40.84,39.580002,40.610001,40.073303,47392100
2023-11-16,41.0,43.400002,40.82,43.349998,42.777092,86405700
2023-11-17,42.91,43.810001,42.560001,43.810001,43.231018,49735000
2023-11-20,43.779999,44.93,43.779999,44.740002,44.148724,44564900
2023-11-21,44.5,44.66,43.299999,43.639999,43.063263,37252100
2023-11-22,44.029999,44.630001,43.540001,43.669998,43.092861,31481200
2023-11-24,43.68,44.0,43.610001,43.959999,43.379028,13037100
2023-11-27,43.650002,44.549999,43.650002,44.080002,43.497448,33339900
2023-11-28,43.689999,44.380001,43.66,44.23,43.645462,24548900
2023-11-29,44.599998,45.34,44.599998,44.939999,44.346077,38982000
2023-11-30,44.650002,45.09,44.41,44.700001,44.109253,46263000
2023-12-01,44.360001,44.360001,42.860001,43.740002,43.161942,43928400
2023-12-04,43.299999,43.310001,41.689999,42.349998,41.79031,50417600
2023-12-05,41.91,42.290001,41.610001,41.919998,41.36599,31859300
2023-12-06,42.48,42.59,41.169998,41.27,40.724583,31992300
2023-12-07,41.75,42.439999,41.18,42.150002,41.592957,29118700
2023-12-08,41.84,42.959999,41.810001,42.700001,42.135689,42815000
2023-12-11,43.16,44.73,43.080002,44.540001,43.951363,48288200
2023-12-12,44.360001,44.439999,43.630001,44.040001,43.457973,31452200
2023-12-13,44.080002,44.720001,43.330002,44.57,43.980972,35216100
2023-12-14,45.009998,47.07,44.650002,45.18,44.582909,70620800
2023-12-15,45.939999,47.27,45.669998,46.16,45.549953,84583400
2023-12-18,46.150002,46.23,45.400002,45.689999,45.086166,27895700
2023-12-19,45.599998,46.68,45.509998,46.66,46.043346,35358800
2023-12-20,46.639999,46.950001,45.700001,45.759998,45.155243,38159100
2023-12-21,46.48,47.119999,46.02,47.080002,46.457798,28320500
2023-12-22,47.25,48.16,47.200001,48.0,47.365639,30095700
2023-12-26,48.919998,50.52,48.709999,50.5,49.8326,60287400
2023-12-27,50.630001,51.279999,50.189999,50.759998,50.089161,52148000
2023-12-28,50.810001,50.869999,50.16,50.389999,49.724056,27705200
2023-12-29,50.299999,50.57,49.77,50.25,49.585903,29288700
2024-01-02,49.200001,49.380001,47.450001,47.799999,47.168282,45905700
2024-01-03,47.099998,47.810001,46.799999,47.049999,46.428196,35858400
2024-01-04,45.720001,47.16,45.240002,46.869999,46.250576,47797800
2024-01-05,47.029999,47.830002,46.639999,46.889999,46.270309,34344000
2024-01-08,47.07,48.759998,46.970001,48.450001,47.809696,42135100
2024-01-09,48.009998,48.560001,47.799999,48.049999,47.414978,30097000
2024-01-10,48.240002,48.299999,46.939999,47.470001,46.842644,31480200
2024-01-11,47.439999,47.84,46.73,47.639999,47.010399,31707900
2024-01-12,47.599998,47.669998,46.610001,47.119999,46.497265,27587900
2024-01-16,46.98,47.220001,46.380001,47.060001,46.438065,43720700
2024-01-17,46.419998,46.419998,45.650002,46.060001,45.451283,33488000
2024-01-18,47.029999,47.57,46.169998,46.740002,46.122292,46681300
2024-01-19,47.0,48.759998,46.439999,48.150002,47.513657,55979800
2024-01-22,48.849998,49.169998,47.639999,48.220001,47.582733,45639500
2024-01-23,48.119999,48.939999,47.32,48.889999,48.243874,37224100
2024-01-24,49.169998,49.77,48.27,49.09,48.441231,49375800
2024-01-25,50.0,50.299999,48.970001,49.549999,48.895157,84845100
2024-01-26,44.18,45.41,43.349998,43.650002,43.073128,127665300
2024-01-29,43.709999,43.990002,42.810001,43.84,43.26062,51790900
2024-01-30,43.669998,43.82,42.889999,42.919998,42.352776,47958800
2024-01-31,42.57,43.790001,42.360001,43.080002,42.510662,51584200
2024-02-01,43.150002,43.57,42.490002,43.360001,42.786961,38819900
2024-02-02,43.0,43.139999,41.599998,42.599998,42.037003,53683500
2024-02-05,42.619999,43.150002,42.43,42.77,42.204754,28890300
2024-02-06,42.700001,42.779999,42.139999,42.740002,42.298779,34068200
2024-02-07,42.889999,43.099998,42.549999,42.779999,42.338364,34269200
2024-02-08,42.720001,42.970001,42.330002,42.5,42.061256,33206500
2024-02-09,42.549999,43.52,42.400002,43.310001,42.862896,51193000
2024-02-12,43.389999,45.040001,43.32,44.029999,43.575459,51107300
2024-02-13,43.0,43.630001,42.759998,43.16,42.714443,36622200
2024-02-14,43.82,44.290001,43.389999,44.189999,43.733807,36186200
2024-02-15,44.759998,45.27,44.02,44.049999,43.595253,44024500
2024-02-16,44.029999,44.220001,43.119999,43.509998,43.060829,29975300
2024-02-20,44.259998,45.169998,43.419998,44.52,44.060402,61514100
2024-02-21,44.48,44.689999,43.080002,43.470001,43.02124,57485200
2024-02-22,44.68,44.68,42.529999,42.98,42.536301,62809300
2024-02-23,43.130001,43.509998,42.66,42.990002,42.546196,33810700
2024-02-26,43.5,43.68,42.82,42.990002,42.546196,27035400
2024-02-27,43.25,43.27,42.509998,42.73,42.288879,25126400
2024-02-28,42.439999,42.450001,41.91,41.990002,41.556522,26928500
2024-02-29,42.369999,43.150002,42.360001,43.049999,42.605576,48875100
2024-03-01,43.41,44.27,43.130001,43.82,43.367626,41426100
2024-03-04,44.27,46.610001,43.849998,45.610001,45.139149,59990800
2024-03-05,44.560001,44.869999,42.689999,43.16,42.714443,56655100
2024-03-06,43.93,45.509998,43.560001,44.509998,44.050503,52652000
2024-03-07,45.549999,46.419998,45.18,46.150002,45.673576,50378200
2024-03-08,46.439999,46.630001,44.0,44.0,43.545769,54916600
2024-03-11,43.869999,44.93,43.66,44.860001,44.396893,35051000
2024-03-12,45.060001,45.27,44.459999,45.240002,44.772968,31795800
2024-03-13,44.509998,44.98,43.200001,43.23,42.783718,53195900
2024-03-14,43.23,43.349998,42.509998,42.75,42.308674,38100000
2024-03-15,42.450001,43.150002,42.349998,42.639999,42.199806,66952900
2024-03-18,43.09,43.380001,42.599998,42.709999,42.269085,27668300
2024-03-19,42.25,42.290001,41.439999,42.049999,41.615898,34673000
2024-03-20,42.990002,43.009998,41.41,42.200001,41.764355,74865000
2024-03-21,42.990002,43.599998,42.32,42.419998,41.982082,50807600
2024-03-22,42.25,42.799999,42.09,42.57,42.130535,28503100
2024-03-25,40.889999,42.220001,40.57,41.830002,41.398174,47276500
2024-03-26,41.950001,42.27,41.66,41.990002,41.556522,39109700
2024-03-27,42.540001,43.830002,42.5,43.77,43.318146,51017800
2024-03-28,43.759998,44.599998,43.709999,44.169998,43.714012,54204200
2024-04-01,44.290001,45.41,44.18,44.52,44.060402,31712600
2024-04-02,43.93,44.080002,43.5,43.939999,43.486389,32748400
2024-04-03,41.400002,41.650002,40.220001,40.330002,39.913658,83718000
2024-04-04,40.59,40.779999,39.700001,39.73,39.319851,57307200
2024-04-05,39.349998,39.459999,38.509998,38.709999,38.310379,67263000
2024-04-08,38.639999,38.860001,37.91,37.98,37.587917,56967800
2024-04-09,38.049999,38.580002,37.330002,38.330002,37.934307,78671700
2024-04-10,38.02,38.220001,37.02,37.200001,36.815968,51108400
2024-04-11,37.43,37.669998,37.080002,37.630001,37.241531,41909100
2024-04-12,36.689999,36.700001,35.599998,35.689999,35.321556,80254800
2024-04-15,36.040001,36.700001,35.889999,36.310001,35.935158,50751600
2024-04-16,36.27,36.509998,35.759998,36.259998,35.88567,30607500
2024-04-17,36.099998,36.130001,35.369999,35.68,35.311661,41173300
2024-04-18,35.419998,35.66,34.77,35.040001,34.678268,42334400
2024-04-19,35.130001,35.130001,34.18,34.200001,33.846943,59070300
2024-04-22,34.419998,34.57,34.080002,34.41,34.054771,39909900
2024-04-23,34.34,34.599998,34.18,34.279999,33.926113,46834000
2024-04-24,34.860001,35.18,34.34,34.5,34.143841,53261100
2024-04-25,34.560001,35.299999,34.5,35.110001,34.747543,66549400
2024-04-26,31.780001,32.240002,30.639999,31.879999,31.55089,119742500
2024-04-29,31.860001,31.91,31.07,31.360001,31.036257,58533300
2024-04-30,31.040001,31.18,30.42,30.469999,30.155445,72346400
2024-05-01,30.17,31.040001,30.02,30.370001,30.056479,60654800
2024-05-02,30.59,30.67,30.190001,30.51,30.195032,50899400
2024-05-03,30.98,31.059999,30.700001,30.9,30.581007,36794800
2024-05-06,31.120001,31.200001,30.73,30.969999,30.774776,36185600
2024-05-07,31.09,31.450001,30.610001,30.68,30.486605,44683400
2024-05-08,30.0,30.15,29.73,30.0,29.810892,63734600
2024-05-09,29.93,30.389999,29.809999,30.09,29.900324,45003400
2024-05-10,30.33,30.459999,29.84,29.85,29.661839,42931300
2024-05-13,30.030001,31.129999,30.0,30.51,30.317677,51459100
2024-05-14,30.620001,31.110001,30.610001,31.049999,30.854273,47759900
2024-05-15,31.379999,31.4,30.809999,31.27,31.072887,36992900
2024-05-16,31.629999,32.259998,31.52,32.029999,31.828094,47752800
2024-05-17,32.060001,32.110001,31.59,31.83,31.629356,41449800
2024-05-20,31.85,32.419998,31.76,32.099998,31.897654,31989000
2024-05-21,31.98,32.240002,31.620001,31.74,31.539923,42975400
2024-05-22,31.91,32.07,31.1,31.42,31.221941,36706400
2024-05-23,31.450001,31.57,29.870001,30.08,29.890387,62014500
2024-05-24,30.290001,31.02,30.129999,30.719999,30.526352,42434500
2024-05-28,30.940001,31.370001,30.66,31.059999,30.86421,36799100
2024-05-29,30.469999,30.67,30.110001,30.129999,29.940071,35848600
2024-05-30,30.209999,30.5,30.059999,30.190001,29.999695,33351000
2024-05-31,30.219999,30.959999,29.940001,30.85,30.655535,95797500
2024-06-03,31.030001,31.07,30.049999,30.290001,30.099064,35544900
2024-06-04,30.75,30.75,29.940001,30.030001,29.840704,51027200
2024-06-05,30.27,30.84,30.01,30.780001,30.585976,44161700
2024-06-06,30.549999,30.59,30.16,30.42,30.228245,34248100
2024-06-07,30.25,30.780001,30.209999,30.74,30.546227,34085500
2024-06-10,30.549999,30.950001,30.290001,30.91,30.715155,37396500
2024-06-11,30.77,31.030001,30.530001,30.92,30.725092,25326900
2024-06-12,31.459999,31.48,30.389999,30.76,30.566101,51323900
2024-06-13,30.379999,30.58,30.139999,30.459999,30.267992,33787200
2024-06-14,30.290001,30.559999,30.209999,30.450001,30.258057,28125900
2024-06-17,30.34,31.0,30.18,30.98,30.784714,36235300
2024-06-18,30.99,31.469999,30.5,30.629999,30.43692,33294700
2024-06-20,30.559999,31.110001,30.450001,30.620001,30.426985,43826300
2024-06-21,30.85,31.360001,30.67,31.09,30.89402,90795200
2024-06-24,31.139999,31.42,30.530001,30.57,30.377298,40611800
2024-06-25,30.700001,30.83,30.290001,30.74,30.546227,29323600
2024-06-26,30.639999,30.68,30.27,30.540001,30.347488,30743000
2024-06-27,30.42,30.66,30.290001,30.59,30.397173,30184300
2024-06-28,30.75,31.309999,30.719999,30.969999,30.774776,41467700
2024-07-01,30.91,31.02,30.610001,30.84,30.645597,32401800
2024-07-02,30.860001,31.309999,30.59,31.07,30.874147,35999300
2024-07-03,31.120001,31.34,30.91,31.23,31.033138,24065700
2024-07-05,31.4,32.34,31.309999,32.02,31.818159,45309400
2024-07-08,33.029999,34.09,32.82,33.990002,33.775742,82315900
2024-07-09,35.02,35.220001,33.720001,34.59,34.37196,97546900
2024-07-10,34.439999,34.970001,34.130001,34.869999,34.650192,52256200
2024-07-11,35.029999,35.150002,33.310001,33.5,33.28883,55213700
2024-07-12,33.77,35.48,33.77,34.490002,34.272591,62792600
2024-07-15,34.700001,35.23,34.310001,34.459999,34.242775,39847900
2024-07-16,34.360001,34.450001,33.84,34.34,34.123535,28409900
2024-07-17,36.080002,37.16,34.400002,34.459999,34.242775,112304200
2024-07-18,34.959999,36.299999,34.529999,34.869999,34.650192,84188600
2024-07-19,34.57,34.580002,32.849998,32.98,32.772106,69628700
2024-07-22,33.279999,33.41,32.759998,33.369999,33.159649,48503700
2024-07-23,32.959999,33.23,32.830002,32.950001,32.742298,29466400
2024-07-24,32.529999,32.799999,31.66,31.700001,31.500175,62216700
2024-07-25,31.370001,31.99,30.950001,31.1,30.903957,49774000
2024-07-26,31.43,31.559999,31.02,31.35,31.152382,38352500
2024-07-29,31.42,31.469999,30.790001,30.83,30.63566,32342200
2024-07-30,30.85,30.91,30.01,30.129999,29.940071,48256600
2024-07-31,30.540001,30.870001,30.280001,30.74,30.546227,56110600
2024-08-01,30.43,30.709999,28.889999,29.049999,28.866879,107672500
2024-08-02,21.940001,21.98,20.42,21.48,21.344599,300895900
2024-08-05,20.200001,20.389999,19.290001,20.110001,19.983234,147385700
2024-08-06,20.32,20.629999,19.75,19.83,19.705,106670400
2024-08-07,19.92,20.25,18.950001,18.99,18.99,97972300
2024-08-08,19.1,20.549999,18.84,20.49,20.49,96836800
2024-08-09,20.08,20.15,19.5,19.709999,19.709999,76394500
2024-08-12,19.870001,19.969999,19.0,19.360001,19.360001,54677600
2024-08-13,19.48,20.48,19.469999,20.469999,20.469999,77511300
2024-08-14,20.49,20.5,19.790001,19.92,19.92,56758200
2024-08-15,20.32,21.059999,20.23,20.690001,20.690001,84814900
2024-08-16,20.530001,20.9,20.41,20.870001,20.870001,48582700
2024-08-19,20.889999,21.860001,20.84,21.52,21.52,65956300
2024-08-20,21.209999,21.23,20.82,20.99,20.99,84161300
2024-08-21,21.07,21.440001,21.07,21.41,21.41,57028900
2024-08-22,21.389999,21.4,20.040001,20.1,20.1,81444700
2024-08-23,20.32,20.93,20.26,20.540001,20.540001,73398400
2024-08-26,20.530001,20.559999,19.950001,20.129999,20.129999,58534800
2024-08-27,20.129999,20.26,19.84,20.07,20.07,43862000
2024-08-28,19.98,20.110001,19.51,19.610001,19.610001,50144900
2024-08-29,19.76,20.6,19.75,20.129999,20.129999,64529700
2024-08-30,21.25,22.120001,21.0,22.040001,22.040001,177785400
2024-09-03,21.540001,21.690001,19.99,20.1,20.1,115305500
2024-09-04,19.76,20.049999,19.280001,19.43,19.43,85871900
2024-09-05,19.280001,19.9,19.24,19.4,19.4,65388800
2024-09-06,19.440001,19.49,18.639999,18.889999,18.889999,92686500
2024-09-09,19.0,19.540001,18.950001,19.07,19.07,64244100
2024-09-10,19.030001,19.110001,18.51,18.98,18.98,55621300
2024-09-11,19.01,19.690001,18.52,19.639999,19.639999,71403100
2024-09-12,19.43,19.540001,19.040001,19.360001,19.360001,51520600
2024-09-13,19.49,19.799999,19.49,19.66,19.66,44236300
2024-09-16,20.030001,21.07,19.76,20.91,20.91,149337000
2024-09-17,21.709999,22.58,21.24,21.469999,21.469999,196249800
2024-09-18,21.360001,21.74,20.719999,20.77,20.77,118727900
2024-09-19,21.280001,21.690001,21.030001,21.139999,21.139999,99829200
2024-09-20,20.889999,23.139999,20.35,21.84,21.84,260377900
2024-09-23,22.43,22.82,22.030001,22.559999,22.559999,184439100
2024-09-24,22.530001,23.110001,22.290001,22.809999,22.809999,113082500
2024-09-25,22.799999,24.059999,22.73,23.540001,23.540001,117013400
2024-09-26,24.280001,24.42,23.25,23.92,23.92,95416900
2024-09-27,24.16,24.66,23.700001,23.91,23.91,85883300
2024-09-30,23.74,23.950001,23.09,23.459999,23.459999,66308200
2024-10-01,23.459999,23.719999,22.26,22.690001,22.690001,86344400
2024-10-02,22.67,23.07,22.35,22.389999,22.389999,59033900
2024-10-03,22.139999,22.73,21.65,22.26,22.26,49565900
2024-10-04,22.700001,22.91,22.299999,22.59,22.59,49845500
2024-10-07,22.4,22.65,22.02,22.379999,22.379999,54928700
2024-10-08,22.25,23.42,22.049999,23.32,23.32,58650500
2024-10-09,23.25,23.48,23.059999,23.459999,23.459999,44759000
2024-10-10,23.190001,23.530001,22.959999,23.219999,23.219999,44874600
2024-10-11,23.049999,23.82,22.98,23.559999,23.559999,43585300
2024-10-14,23.58,23.77,23.27,23.440001,23.440001,35403600
2024-10-15,23.41,23.719999,22.469999,22.66,22.66,68900600
2024-10-16,22.379999,22.540001,21.74,22.309999,22.309999,62151800
2024-10-17,22.719999,22.82,22.4,22.440001,22.440001,43807600
2024-10-18,22.610001,22.82,22.5,22.77,22.77,39971700
2024-10-21,22.610001,22.879999,22.25,22.84,22.84,39727000
2024-10-22,22.73,22.82,22.17,22.4,22.4,50160400
2024-10-23,22.299999,22.43,21.58,21.98,21.98,45799100
2024-10-24,22.09,22.370001,21.969999,22.34,22.34,40554400
2024-10-25,22.42,23.34,22.41,22.68,22.68,67503000
2024-10-28,22.67,23.27,22.559999,22.92,22.92,41915000
2024-10-29,22.870001,23.139999,22.41,22.9,22.9,83422200
2024-10-30,22.42,22.93,22.26,22.299999,22.299999,50941200
2024-10-31,22.15,22.25,21.469999,21.52,21.52,112485500
2024-11-01,23.0,23.58,21.91,23.200001,23.200001,173471100
2024-11-04,22.959999,23.0,22.0,22.52,22.52,84616300
2024-11-05,22.58,23.58,22.4,23.32,23.32,59153300
2024-11-06,24.299999,25.120001,24.049999,25.049999,25.049999,116760500
2024-11-07,25.43,26.379999,25.190001,26.23,26.23,101489300
2024-11-08,26.0,26.43,25.83,26.200001,26.200001,76428000
2024-11-11,25.959999,26.290001,24.83,25.049999,25.049999,80185300
2024-11-12,24.66,24.959999,23.889999,24.16,24.16,62539700
2024-11-13,24.059999,25.139999,24.02,24.92,24.92,58202000
2024-11-14,25.120001,25.610001,24.93,25.030001,25.030001,49252100
2024-11-15,24.809999,24.82,24.23,24.35,24.35,55104900
2024-11-18,24.33,25.02,24.16,24.84,24.84,59589500
2024-11-19,24.5,24.540001,24.1,24.200001,24.200001,61190900
2024-11-20,24.07,24.209999,23.549999,24.01,24.01,50191500
2024-11-21,24.08,24.77,23.83,24.440001,24.440001,58928400
2024-11-22,24.35,24.68,24.139999,24.5,24.5,36784700
2024-11-25,25.040001,25.57,24.76,24.870001,24.870001,91128400
2024-11-26,24.950001,24.99,23.809999,24.049999,24.049999,69613600
2024-11-27,23.83,23.93,23.059999,23.65,23.65,53992300
2024-11-29,23.719999,24.280001,23.6,24.049999,24.049999,36616800
2024-12-02,24.84,25.48,23.440001,23.93,23.93,150497900
2024-12-03,23.68,23.75,22.440001,22.469999,22.469999,138160500
2024-12-04,22.530001,22.540001,21.809999,21.959999,21.959999,104649000
2024-12-05,22.040001,22.190001,20.66,20.799999,20.799999,167993500
2024-12-06,20.950001,21.049999,20.66,20.92,20.92,78539100
2024-12-09,20.92,21.059999,20.73,20.809999,20.809999,68818200
2024-12-10,20.83,20.860001,19.959999,20.16,20.16,90004800
2024-12-11,20.139999,20.25,19.870001,20.120001,20.120001,75209300
2024-12-12,20.02,20.9,19.92,20.780001,20.780001,77695000
2024-12-13,20.6,20.799999,20.25,20.34,20.34,55104100
2024-12-16,20.17,21.1,20.0,20.83,20.83,73832900
2024-12-17,20.639999,20.77,20.290001,20.440001,20.440001,51767200
2024-12-18,20.48,20.58,19.209999,19.299999,19.299999,86041200
2024-12-19,19.530001,19.690001,19.030001,19.059999,19.059999,69117800
2024-12-20,18.969999,19.76,18.9,19.52,19.52,108453700
2024-12-23,19.58,20.23,19.52,20.200001,20.200001,57988400
2024-12-24,20.219999,20.4,19.959999,20.4,20.4,29884000
2024-12-26,20.23,20.67,20.08,20.440001,20.440001,39846200
2024-12-27,20.209999,20.610001,20.09,20.299999,20.299999,48260800
2024-12-30,20.01,20.110001,19.73,19.82,19.82,59608100
2024-12-31,19.99,20.4,19.879999,20.049999,20.049999,49846700
2025-01-02,20.23,20.43,20.0,20.219999,20.219999,46438500
2025-01-03,20.389999,20.67,20.059999,20.559999,20.559999,48983900
2025-01-06,20.83,20.98,19.780001,19.870001,19.870001,83271000
2025-01-07,20.02,20.34,19.9,20.01,20.01,61726100
2025-01-08,19.83,20.120001,19.709999,19.879999,19.879999,47897100
2025-01-10,19.66,19.66,18.91,19.15,19.15,71244600
2025-01-13,18.92,19.25,18.73,19.200001,19.200001,50669000
2025-01-14,19.360001,19.52,18.82,19.200001,19.200001,47147500
2025-01-15,19.4,19.77,19.17,19.719999,19.719999,56306000
2025-01-16,19.75,19.950001,19.4,19.67,19.67,44898100
2025-01-17,21.26,21.620001,20.790001,21.49,21.49,166483900
2025-01-21,22.030001,22.41,21.75,21.77,21.77,96262200
2025-01-22,21.73,22.290001,21.57,21.860001,21.860001,60972600
2025-01-23,21.690001,21.75,21.35,21.57,21.57,55778200
2025-01-24,21.360001,21.41,20.75,20.83,20.83,66300600
2025-01-27,20.809999,21.059999,20.139999,20.290001,20.290001,83582100
2025-01-28,20.34,20.34,19.74,19.799999,19.799999,73411400
2025-01-29,19.870001,20.08,19.66,19.75,19.75,86506800
2025-01-30,19.719999,20.1,19.43,20.01,20.01,108167000
2025-01-31,20.1,20.33,19.379999,19.43,19.43,117081700
2025-02-03,18.969999,19.75,18.780001,19.379999,19.379999,77523100
2025-02-04,19.1,19.530001,19.02,19.290001,19.290001,54098200
2025-02-05,19.190001,19.77,18.91,19.65,19.65,66059200
2025-02-06,19.51,19.700001,19.219999,19.379999,19.379999,45553800
2025-02-07,19.35,19.360001,19.030001,19.1,19.1,58277900
2025-02-10,19.25,20.08,19.24,19.77,19.77,73007300
2025-02-11,19.870001,21.879999,19.860001,20.969999,20.969999,150960700
2025-02-12,21.98,22.559999,20.93,22.48,22.48,162631200
2025-02-13,22.84,24.83,22.790001,24.129999,24.129999,248661300
2025-02-14,24.360001,25.190001,22.860001,23.6,23.6,230254100
2025-02-18,24.6,27.549999,24.49,27.389999,27.389999,284292200
2025-02-19,25.98,26.33,25.459999,25.719999,25.719999,151881700
2025-02-20,25.559999,26.120001,24.48,26.09,26.09,144939600
2025-02-21,25.959999,26.290001,24.84,24.870001,24.870001,111630900
2025-02-24,24.549999,24.799999,23.620001,24.27,24.27,91358100
2025-02-25,24.209999,24.280001,22.77,22.99,22.99,88886500
2025-02-26,23.25,23.82,23.209999,23.52,23.52,67449300
2025-02-27,23.700001,24.4,23.07,23.09,23.09,97871900
2025-02-28,23.02,24.440001,22.639999,23.73,23.73,104133800
2025-03-03,25.0,25.040001,22.52,22.74,22.74,141348700
2025-03-04,22.540001,22.629999,20.76,21.33,21.33,152182200
2025-03-05,21.33,21.360001,20.18,20.809999,20.809999,127219300
2025-03-06,20.26,21.129999,20.0,20.75,20.75,96466400
2025-03-07,20.27,21.200001,20.110001,20.639999,20.639999,81099600
2025-03-10,20.24,20.51,19.65,19.93,19.93,82760600
2025-03-11,19.969999,20.059999,19.290001,19.780001,19.780001,80789000
2025-03-12,20.790001,21.17,20.209999,20.68,20.68,128671100
2025-03-13,23.5,24.530001,23.129999,23.700001,23.700001,243261000
2025-03-14,23.68,24.370001,23.52,24.049999,24.049999,116901600
2025-03-17,24.42,26.15,24.370001,25.690001,25.690001,160723600
2025-03-18,25.549999,26.41,25.389999,25.92,25.92,132488800
2025-03-19,24.9,25.23,24.030001,24.120001,24.120001,135491400
2025-03-20,23.77,24.309999,23.73,23.959999,23.959999,68937600
2025-03-21,23.6,24.700001,23.49,24.26,24.26,94110700
2025-03-24,24.719999,24.99,24.129999,24.219999,24.219999,69169000
2025-03-25,24.18,24.75,24.110001,24.200001,24.200001,51743300
2025-03-26,24.25,24.42,23.25,23.42,23.42,59496700
2025-03-27,23.290001,23.76,22.860001,23.620001,23.620001,57720600
2025-03-28,23.35,23.58,22.559999,22.709999,22.709999,58365300
2025-03-31,22.379999,22.75,21.75,22.709999,22.709999,65832000
2025-04-01,22.559999,22.620001,21.66,22.049999,22.049999,64060400
2025-04-02,21.889999,22.379999,21.700001,21.98,21.98,58878800
2025-04-03,21.4,23.9,20.860001,22.43,22.43,242972100
2025-04-04,21.700001,22.200001,19.700001,19.85,19.85,175014700
2025-04-07,19.139999,20.67,18.559999,19.57,19.57,142491200
2025-04-08,20.059999,20.389999,17.67,18.129999,18.129999,163982700
2025-04-09,18.07,21.73,17.98,21.530001,21.530001,224183500
2025-04-10,20.68,20.82,19.16,19.879999,19.879999,129064900
2025-04-11,19.25,19.799999,18.18,19.74,19.74,128425800
2025-04-14,20.59,21.049999,19.98,20.309999,20.309999,101964400
2025-04-15,20.200001,20.469999,19.809999,19.85,19.85,64056900
2025-04-16,19.34,19.43,18.719999,19.23,19.23,89469700
2025-04-17,18.91,19.1,18.559999,18.93,18.93,85646700
2025-04-21,18.93,18.99,18.25,18.84,18.84,72409900
2025-04-22,19.059999,19.74,19.040001,19.51,19.51,83365600
2025-04-23,20.719999,21.030001,20.309999,20.59,20.59,97188100
2025-04-24,21.040001,21.549999,20.879999,21.49,21.49,117086200
2025-04-25,19.73,20.18,19.34,20.049999,20.049999,147711200
2025-04-28,20.120001,21.08,20.049999,20.51,20.51,96624400
2025-04-29,20.309999,20.85,20.219999,20.34,20.34,70031900
2025-04-30,19.709999,20.18,19.549999,20.1,20.1,68297300
2025-05-01,20.219999,20.65,19.940001,19.98,19.98,72607500
2025-05-02,20.26,20.780001,20.209999,20.620001,20.620001,63298500
2025-05-05,20.389999,20.58,20.24,20.27,20.27,44237000
2025-05-06,19.92,20.120001,19.77,19.940001,19.940001,51330800
2025-05-07,19.969999,20.370001,19.82,20.309999,20.309999,61002600
2025-05-08,21.01,21.24,20.639999,21.0,21.0,71651700
2025-05-09,21.200001,21.450001,20.83,21.42,21.42,51768600
2025-05-12,22.18,22.67,21.879999,22.18,22.18,94578700
2025-05-13,22.360001,22.879999,22.299999,22.559999,22.559999,76850400
2025-05-14,22.35,22.459999,21.459999,21.52,21.52,91584800
2025-05-15,21.23,21.629999,21.190001,21.549999,21.549999,66705500
2025-05-16,21.530001,21.76,21.35,21.66,21.66,55795100
2025-05-19,21.18,21.559999,21.049999,21.379999,21.379999,64279100
2025-05-20,21.33,21.41,21.120001,21.27,21.27,48497400
2025-05-21,21.190001,21.629999,20.59,20.690001,20.690001,62904700
2025-05-22,20.73,20.9,20.51,20.549999,20.549999,56077500
2025-05-23,20.16,20.27,19.940001,20.049999,20.049999,68206100
2025-05-27,20.440001,20.67,20.18,20.549999,20.549999,69504600
2025-05-28,20.57,20.639999,20.33,20.370001,20.370001,46096500
2025-05-29,20.540001,20.6,20.1,20.25,20.25,66372200
2025-05-30,20.26,20.26,19.309999,19.549999,19.549999,114281900
2025-06-02,19.48,19.82,19.370001,19.74,19.74,67885500
2025-06-03,19.75,20.41,19.4,20.290001,20.290001,80401900
2025-06-04,20.34,20.5,20.01,20.25,20.25,71166500
2025-06-05,20.27,20.549999,19.85,19.99,19.99,72458400
2025-06-06,20.17,20.440001,20.030001,20.059999,20.059999,70072800
2025-06-09,20.219999,20.959999,20.219999,20.48,20.48,92893900
2025-06-10,20.5,22.440001,20.280001,22.08,22.08,171457000
2025-06-11,21.780001,21.83,20.379999,20.68,20.68,146784500
2025-06-12,20.5,20.98,20.41,20.77,20.77,78175900
2025-06-13,20.33,20.6,20.1,20.139999,20.139999,87655900
2025-06-16,20.41,20.93,20.299999,20.74,20.74,86745100
2025-06-17,20.629999,21.48,20.620001,20.799999,20.799999,87512200
2025-06-18,20.809999,21.6,20.66,21.49,21.49,94200600
2025-06-20,21.700001,21.889999,20.879999,21.08,21.08,133472800
2025-06-23,21.07,21.58,20.73,21.190001,21.190001,81461000
2025-06-24,21.34,22.690001,21.33,22.549999,22.549999,130368700
2025-06-25,22.58,22.77,22.129999,22.200001,22.200001,64975100
2025-06-26,22.4,22.620001,22.209999,22.5,22.5,63229300
2025-06-27,22.709999,23.379999,22.42,22.690001,22.690001,95542400
2025-06-30,22.969999,22.969999,22.27,22.4,22.4,77102400
2025-07-01,22.33,23.16,22.280001,22.85,22.85,79094900
2025-07-02,22.530001,22.77,21.52,21.879999,21.879999,138245300
2025-07-03,22.15,22.629999,21.99,22.49,22.49,61176000
2025-07-07,22.209999,22.389999,21.860001,22.0,22.0,80725200
2025-07-08,22.18,23.790001,22.129999,23.59,23.59,119545500
2025-07-09,23.290001,23.530001,23.129999,23.440001,23.440001,70247700
2025-07-10,23.629999,24.040001,23.48,23.82,23.82,54599800
2025-07-11,23.559999,23.66,23.16,23.43,23.43,49367900
2025-07-14,23.24,23.4,22.879999,23.299999,23.299999,48420500
2025-07-15,23.57,23.780001,22.9,22.92,22.92,66099400
2025-07-16,22.99,23.129999,22.25,22.690001,22.690001,58865900
2025-07-17,22.66,23.049999,22.59,22.799999,22.799999,49384000
2025-07-18,23.219999,23.59,22.9,23.1,23.1,60195600
2025-07-21,23.4,23.83,23.16,23.26,23.26,61658000
2025-07-22,23.34,23.540001,23.08,23.24,23.24,53969800
2025-07-23,23.26,23.620001,22.92,23.49,23.49,68711700
2025-07-24,23.49,23.58,22.6,22.629999,22.629999,131963300
2025-07-25,20.68,21.049999,20.360001,20.700001,20.700001,245077700
2025-07-28,20.82,21.290001,20.65,20.68,20.68,86105600
2025-07-29,20.690001,20.85,20.34,20.41,20.41,100831500
2025-07-30,20.43,20.620001,20.08,20.34,20.34,67420300
2025-07-31,20.17,20.23,19.66,19.799999,19.799999,90665200
2025-08-01,19.5,19.549999,18.969999,19.309999,19.309999,86496100
2025-08-04,19.52,19.59,19.35,19.5,19.5,69249400
2025-08-05,19.700001,20.540001,19.68,20.190001,20.190001,97338200
2025-08-06,20.120001,20.48,19.870001,20.41,20.41,67074200
2025-08-07,20.0,20.440001,19.6,19.77,19.77,131382800
2025-08-08,20.0,20.02,19.610001,19.950001,19.950001,75415000
2025-08-11,20.450001,21.6,20.440001,20.65,20.65,175545600
2025-08-12,21.200001,21.860001,20.76,21.809999,21.809999,134153600
2025-08-13,21.620001,22.299999,21.360001,22.219999,22.219999,86024400
2025-08-14,21.99,24.200001,21.9,23.860001,23.860001,188052500
2025-08-15,25.01,25.65,24.110001,24.559999,24.559999,310161100
2025-08-18,24.0,24.9,23.209999,23.66,23.66,212515600
2025-08-19,24.940001,26.530001,24.940001,25.309999,25.309999,297659200
2025-08-20,24.9,24.93,23.33,23.540001,23.540001,161149400
2025-08-21,23.530001,23.57,22.780001,23.5,23.5,97718300
2025-08-22,23.65,25.23,23.65,24.799999,24.799999,200266800
2025-08-25,25.5,25.879999,24.440001,24.549999,24.549999,156825600
2025-08-26,24.58,24.74,24.1,24.35,24.35,78558200
2025-08-27,24.190001,24.99,24.049999,24.85,24.85,90934400
2025-08-28,24.959999,25.139999,24.610001,24.93,24.93,60035100
2025-08-29,24.76,24.969999,24.280001,24.35,24.35,63734400
2025-09-02,23.879999,24.24,23.68,24.209999,24.209999,57661800
2025-09-03,24.09,24.09,23.719999,24.0,24.0,47822900
2025-09-04,23.85,24.639999,23.75,24.610001,24.610001,59056500
2025-09-05,24.6,24.709999,24.17,24.49,24.49,55975300
2025-09-08,24.48,24.74,24.120001,24.48,24.48,51122100
2025-09-09,24.530001,24.809999,24.27,24.440001,24.440001,42146200
2025-09-10,24.42,24.870001,24.280001,24.77,24.77,61600700
2025-09-11,24.76,24.93,24.57,24.610001,24.610001,55536900
2025-09-12,24.610001,24.629999,24.049999,24.08,24.08,52672800
2025-09-15,24.33,25.459999,24.219999,24.77,24.77,83951600
2025-09-16,24.82,25.34,24.690001,25.27,25.27,60336600
2025-09-17,25.08,25.26,24.450001,24.9,24.9,63093700
2025-09-18,31.780001,32.380001,30.16,30.57,30.57,523908000
2025-09-19,30.379999,30.629999,29.33,29.58,29.58,225702900
2025-09-22,29.67,30.1,28.73,28.76,28.76,130314500
2025-09-23,28.99,30.200001,28.82,29.34,29.34,126317900
2025-09-24,29.379999,31.700001,29.23,31.219999,31.219999,164458500
2025-09-25,31.610001,34.25,31.209999,33.990002,33.990002,295709300
2025-09-26,35.02,36.299999,34.490002,35.5,35.5,268583300
2025-09-29,34.52,35.049999,33.73,34.48,34.48,152605900
2025-09-30,33.93,34.240002,33.02,33.549999,33.549999,124818400
2025-10-01,33.529999,36.060001,33.5,35.939999,35.939999,162649700
2025-10-02,35.759998,37.57,35.439999,37.299999,37.299999,149361700
2025-10-03,37.950001,38.080002,36.450001,36.830002,36.830002,125359300
2025-10-06,37.189999,38.68,36.43,36.59,36.59,112086100
2025-10-07,36.639999,38.049999,36.349998,37.169998,37.169998,111140200
2025-10-08,36.549999,37.790001,35.91,37.43,37.43,103202100
2025-10-09,37.529999,38.099998,36.860001,37.799999,37.799999,89884700
2025-10-10,38.459999,39.650002,36.299999,36.369999,36.369999,183063300
2025-10-13,36.439999,37.509998,36.279999,37.220001,37.220001,104020700
2025-10-14,36.0,36.549999,34.689999,35.630001,35.630001,117908300
2025-10-15,36.400002,37.490002,35.639999,37.150002,37.150002,99242700
2025-10-16,37.150002,38.02,36.41,36.84,36.84,83357800
2025-10-17,36.360001,38.380001,36.080002,37.009998,37.009998,119394700
2025-10-20,37.57,38.52,37.560001,38.099998,38.099998,80230200
2025-10-21,38.139999,38.349998,37.669998,38.119999,38.119999,73134900
2025-10-22,37.84,37.93,36.040001,36.919998,36.919998,87099900
2025-10-23,36.599998,38.400002,36.43,38.16,38.16,121974200
2025-10-24,40.02,41.119999,37.830002,38.279999,38.279999,246380000
2025-10-27,38.389999,40.669998,38.23,39.540001,39.540001,160007600
2025-10-28,39.59,42.48,39.540001,41.529999,41.529999,181256400
2025-10-29,41.599998,42.040001,40.919998,41.34,41.34,106962900
2025-10-30,40.970001,41.43,40.110001,40.16,40.16,84855500
2025-10-31,40.68,40.830002,39.790001,39.990002,39.990002,80471400
2025-11-03,40.25,40.450001,39.049999,39.5,39.5,61267500
2025-11-04,38.139999,38.25,36.630001,37.029999,37.029999,102250300
2025-11-05,37.419998,38.689999,37.110001,38.380001,38.380001,74631600
2025-11-06,38.34,39.84,36.799999,37.240002,37.240002,77629900
2025-11-07,37.259998,38.27,36.970001,38.130001,38.130001,95521400
2025-11-10,38.93,39.529999,37.970001,38.450001,38.450001,77820300
2025-11-11,38.150002,38.220001,37.490002,37.880001,37.880001,53741900
2025-11-12,38.060001,38.200001,37.349998,37.889999,37.889999,53876000
2025-11-13,37.27,37.310001,35.450001,35.91,35.91,95593200
2025-11-14,35.029999,36.099998,34.619999,35.52,35.52,71716200
2025-11-17,35.450001,35.73,34.23,34.709999,34.709999,72580100
2025-11-18,34.25,34.759998,33.57,34.330002,34.330002,61504800
2025-11-19,34.330002,35.75,34.25,35.110001,35.110001,67115500
2025-11-20,36.0,36.68,33.48,33.619999,33.619999,96389100
2025-11-21,33.509998,34.98,32.889999,34.5,34.5,105641700
2025-11-24,34.970001,36.16,34.689999,35.790001,35.790001,103804200
2025-11-25,35.549999,36.130001,34.68,35.830002,35.830002,62203300
2025-11-26,36.200001,37.240002,36.130001,36.810001,36.810001,54563400
2025-11-28,37.400002,40.59,37.34,40.560001,40.560001,95799500
2025-12-01,39.860001,40.380001,39.599998,40.009998,40.009998,74534900
2025-12-02,40.470001,43.68,40.049999,43.470001,43.470001,167205800
2025-12-03,43.389999,44.02,42.509998,43.759998,43.759998,91957200
2025-12-04,43.259998,43.279999,40.139999,40.5,40.5,107850200
2025-12-05,41.16,42.830002,41.150002,41.41,41.41,103042000
2025-12-08,41.939999,42.119999,39.700001,40.299999,40.299999,93953600
2025-12-09,40.73,41.259998,40.029999,40.5,40.5,61877200
2025-12-10,40.110001,40.990002,38.889999,40.779999,40.779999,75974900
2025-12-11,40.07,40.189999,39.080002,39.509998,39.509998,59096800
2025-12-12,39.25,40.029999,37.619999,37.810001,37.810001,87784500
2025-12-15,38.330002,38.48,37.32,37.509998,37.509998,60898500
2025-12-16,37.580002,37.959999,36.919998,37.310001,37.310001,50490300
2025-12-17,37.59,37.84,35.970001,36.049999,36.049999,54792000
2025-12-18,37.380001,37.490002,35.669998,36.279999,36.279999,69468400
2025-12-19,36.48,37.580002,36.439999,36.82,36.82,163221300
2025-12-22,37.889999,37.900002,36.290001,36.369999,36.369999,51685400
2025-12-23,36.240002,36.799999,36.029999,36.349998,36.349998,35958000
2025-12-24,35.169998,36.18,34.950001,36.16,36.16,37443800
2025-12-26,36.169998,36.490002,35.849998,36.200001,36.200001,28779400
2025-12-29,36.009998,36.799999,35.82,36.68,36.68,38062300
2025-12-30,36.91,38.259998,36.82,37.299999,37.299999,61935300
2025-12-31,37.400002,37.580002,36.869999,36.900002,36.900002,51524700
2026-01-02,37.77,39.860001,37.759998,39.380001,39.380001,95396400
2026-01-05,41.59,42.099998,39.27,39.369999,39.369999,96665400
2026-01-06,39.860001,40.310001,38.950001,40.040001,40.040001,66395100
2026-01-07,40.18,44.57,40.119999,42.630001,42.630001,166028400
2026-01-08,42.619999,43.34,40.68,41.110001,41.110001,88242000
2026-01-09,41.830002,45.73,41.57,45.549999,45.549999,186691400
2026-01-12,44.240002,45.450001,43.889999,44.060001,44.060001,101989100
2026-01-13,45.889999,48.240002,45.220001,47.290001,47.290001,168656400
2026-01-14,48.950001,49.0,47.419998,48.720001,48.720001,148225800
2026-01-15,49.349998,50.389999,47.830002,48.32,48.32,132328900
2026-01-16,49.27,50.209999,46.709999,46.959999,46.959999,127314700
2026-01-20,47.299999,50.23,47.0,48.560001,48.560001,150153000
2026-01-21,50.32,54.41,50.150002,54.25,54.25,220565300
2026-01-22,54.209999,54.599998,53.080002,54.32,54.32,190066400
2026-01-23,46.860001,48.130001,44.450001,45.07,45.07,294675400
2026-01-26,44.279999,44.459999,42.279999,42.490002,42.490002,149407800
2026-01-27,43.970001,44.529999,43.099998,43.93,43.93,121832200
2026-01-28,46.599998,49.290001,46.32,48.779999,48.779999,201995100
2026-01-29,47.560001,48.77,46.990002,48.66,48.66,124256600
2026-01-30,48.98,49.580002,45.959999,46.470001,46.470001,114920100
2026-02-02,45.630001,49.84,45.5,48.810001,48.810001,101414600
2026-02-03,50.060001,51.490002,48.43,49.25,49.25,122205100
2026-02-04,49.540001,49.700001,47.0,48.599998,48.599998,128702300
2026-02-05,47.59,50.860001,46.790001,48.240002,48.240002,114307800
2026-02-06,49.099998,51.299999,48.830002,50.59,50.59,115600200
2026-02-09,49.59,51.220001,47.59,50.240002,50.240002,94841400
2026-02-10,50.41,50.540001,46.77,47.130001,47.130001,99832900
2026-02-11,48.110001,49.549999,46.860001,48.290001,48.290001,107681200
2026-02-12,47.799999,48.950001,46.189999,46.48,46.48,88321200
2026-02-13,45.759998,47.689999,44.970001,46.790001,46.790001,69740400
2026-02-17,45.93,46.830002,45.459999,46.18,46.18,65802200
2026-02-18,45.919998,46.77,44.880001,45.459999,45.459999,65306100
2026-02-19,44.950001,45.169998,43.919998,44.619999,44.619999,72724900
2026-02-20,43.889999,44.389999,42.880001,44.110001,44.110001,90743600
2026-02-23,44.09,44.549999,43.18,43.630001,43.630001,57130900
2026-02-24,44.099998,46.599998,43.540001,46.119999,46.119999,98872300
2026-02-25,46.09,46.970001,45.080002,46.880001,46.880001,75645300
2026-02-26,46.77,46.950001,44.389999,45.459999,45.459999,71457500
2026-02-27,44.459999,46.560001,44.400002,45.610001,45.610001,79327200
2026-03-02,44.200001,45.810001,43.950001,45.5,45.5,60705100
2026-03-03,43.439999,43.689999,42.139999,43.099998,43.099998,83971000
2026-03-04,44.07,46.130001,43.27,45.580002,45.580002,96628100
2026-03-05,44.869999,46.48,44.700001,45.950001,45.950001,78229400
2026-03-06,44.669998,45.18,43.279999,43.419998,43.419998,74698300
2026-03-09,42.740002,45.759998,41.639999,45.580002,45.580002,82937400
2026-03-10,45.41,47.880001,45.41,46.779999,46.779999,85233300
2026-03-11,46.82,48.830002,46.66,47.98,47.98,72480600
2026-03-12,47.400002,47.439999,45.169998,45.25,45.25,85110200
2026-03-13,45.970001,46.650002,45.389999,45.77,45.77,68386200
2026-03-16,47.91,49.169998,45.689999,45.759998,45.759998,114199400
2026-03-17,46.080002,46.080002,43.91,44.060001,44.060001,89061600
2026-03-18,44.200001,45.709999,44.049999,45.029999,45.029999,78056200
2026-03-19,43.990002,46.439999,43.650002,46.18,46.18,74051500
2026-03-20,46.950001,47.549999,43.639999,43.869999,43.869999,162814200
2026-03-23,44.5,45.459999,43.740002,44.009998,44.009998,80772200
2026-03-24,43.540001,44.310001,43.200001,44.060001,44.060001,65323500
2026-03-25,45.849998,47.849998,45.450001,47.18,47.18,97467900
2026-03-26,46.299999,46.599998,43.919998,44.099998,44.099998,82841400
2026-03-27,43.619999,44.130001,42.860001,43.130001,43.130001,70002200
2026-03-30,43.720001,43.990002,40.630001,41.189999,41.189999,84596000
2026-03-31,41.950001,44.23,41.599998,44.130001,44.130001,95294900
2026-04-01,45.0,48.77,44.98,48.029999,48.029999,129598500
2026-04-02,46.060001,50.490002,46.040001,50.380001,50.380001,117134200
2026-04-06,50.880001,52.389999,49.869999,50.779999,50.779999,79978800
2026-04-07,51.91,53.27,51.220001,52.91,52.91,129543800
2026-04-08,55.369999,59.169998,54.799999,58.950001,58.950001,184599900
2026-04-09,58.400002,62.080002,58.389999,61.720001,61.720001,155609900
2026-04-10,61.52,63.389999,60.75,62.380001,62.380001,98624400
2026-04-13,62.18,65.650002,62.18,65.18,65.18,112111000
2026-04-14,65.160004,65.18,62.09,63.810001,63.810001,112796100
2026-04-15,63.77,65.839996,62.880001,64.940002,64.940002,92051500
2026-04-16,64.93,68.610001,64.269997,68.5,68.5,108328300
2026-04-17,68.849998,70.330002,67.739998,68.5,68.5,118831500
2026-04-20,68.449997,69.209999,64.470001,65.699997,65.699997,96851100
2026-04-21,67.139999,67.669998,65.639999,66.260002,66.260002,91402300
2026-04-22,67.940002,68.769997,64.980003,65.269997,65.269997,90267300
2026-04-23,66.099998,68.279999,65.419998,66.779999,66.779999,155141800
2026-04-24,82.199997,85.220001,79.620003,82.540001,82.540001,281405200
2026-04-27,83.669998,87.099998,82.610001,84.989998,84.989998,178820200
2026-04-28,81.279999,84.589996,80.800003,84.519997,84.519997,147773500
2026-04-29,86.139999,94.949997,85.870003,94.75,94.75,235070900
2026-04-30,95.599998,95.690002,91.5,94.480003,94.480003,160597300
2026-05-01,93.199997,100.449997,92.610001,99.620003,99.620003,158502800
2026-05-04,99.18,99.82,95.599998,95.779999,95.779999,119294000
2026-05-05,100.510002,110.480003,100.080002,108.150002,108.150002,198482000
2026-05-06,110.980003,113.5,106.580002,113.010002,113.010002,157320100
2026-05-07,111.019997,114.510002,109.150002,109.620003,109.620003,122699900
2026-05-08,111.809998,130.570007,111.800003,124.919998,124.919998,227681300
2026-05-11,130.880005,132.75,123.919998,129.440002,129.440002,179486500
2026-05-12,124.360001,127.790001,115.0,120.610001,120.610001,172516500
2026-05-13,124.099998,125.0,116.410004,120.290001,120.290001,115364400
2026-05-14,114.660004,118.57,113.169998,115.93,115.93,118279800
2026-05-15,109.790001,110.57,105.019997,108.769997,108.769997,135206000
2026-05-18,113.470001,115.540001,103.849998,108.169998,108.169998,145764000
2026-05-19,106.980003,113.07,102.400002,110.800003,110.800003,150234900
2026-05-20,116.220001,121.940002,114.800003,118.959999,118.959999,165086900
2026-05-21,116.580002,119.410004,113.169998,118.5,118.5,102452500
2026-05-22,120.339996,122.779999,118.089996,119.839996,119.839996,82663000
2026-05-26,122.099998,125.620003,117.349998,123.519997,123.519997,108167300
2026-05-27,124.389999,125.269997,117.0,121.769997,121.769997,93323300
2026-05-28,121.449997,123.080002,116.309998,120.889999,120.889999,97321000
2026-05-29,123.849998,126.639999,113.540001,114.68,114.68,191676100
2026-06-01,109.43,113.300003,106.330002,109.330002,109.330002,134900400
2026-06-02,107.449997,109.0,104.169998,107.93,107.93,106336200
2026-06-03,116.419998,118.290001,110.860001,112.709999,112.709999,118928800
2026-06-04,108.400002,113.139999,107.480003,111.779999,111.779999,77325800
2026-06-05,106.480003,106.480003,98.330002,99.169998,99.169998,145209400
2026-06-08,111.0,112.540001,106.660004,110.269997,110.269997,136973900
2026-06-09,112.989998,114.0,99.459999,107.919998,107.919998,149623100
2026-06-10,106.029999,111.5,104.919998,107.040001,107.040001,122653500
2026-06-11,113.519997,119.440002,110.510002,116.959999,116.959999,188430300
2026-06-12,117.419998,127.599998,115.330002,124.57,124.57,151169400
2026-06-15,129.490005,132.610001,126.660004,127.860001,127.860001,134507500
2026-06-16,125.110001,128.699997,116.0,117.050003,117.050003,132962600
2026-06-17,121.849998,125.199997,118.059998,121.099998,121.099998,115324900
2026-06-18,131.809998,135.479996,127.900002,133.990005,133.990005,233906600
2026-06-22,139.119995,141.449997,136.210007,140.940002,140.940002,127190600
2026-06-23,129.729996,137.979996,128.300003,132.279999,132.279999,132976700
2026-06-24,133.050003,136.080002,127.949997,131.649994,131.649994,104591700
2026-06-25,139.729996,140.720001,125.410004,132.869995,132.869995,122588800
2026-06-26,128.710007,131.229996,125.5,128.320007,128.320007,99475400
2026-06-29,127.0,132.050003,118.5,131.720001,131.720001,106805300
2026-06-30,131.990005,142.350006,131.520004,139.630005,139.630005,116996700
2026-07-01,135.0,135.740005,126.68,127.019997,127.019997,113107200
2026-07-02,128.919998,130.740005,117.629997,120.349998,120.349998,124577600
2026-07-06,122.57,127.300003,121.519997,122.199997,122.199997,86950200
2026-07-07,116.300003,116.470001,108.300003,110.389999,110.389999,140405900
2026-07-08,108.300003,110.489998,104.410004,110.239998,110.239998,105488100
2026-07-09,114.870003,116.769997,111.510002,112.540001,112.540001,99352500
2026-07-10,109.580002,110.849998,107.449997,109.839996,109.839996,70846600
2026-07-13,105.980003,106.169998,101.790001,103.120003,103.120003,100988800
2026-07-14,107.980003,109.190002,103.589996,107.760002,107.760002,91129000
2026-07-15,109.300003,109.610001,99.199997,102.989998,102.989998,120625500
2026-07-16,101.139999,101.879997,95.480003,96.980003,96.980003,107742900
2026-07-17,92.139999,98.050003,89.589996,95.040001,95.040001,126779300
2026-07-20,97.580002,100.980003,96.919998,97.059998,97.059998,89741400
2026-07-21,103.190002,106.339996,101.220001,105.449997,105.449997,105429400
2026-07-22,101.550003,106.849998,101.480003,102.620003,102.620003,78431000
2026-07-23,101.139999,104.18,99.239998,100.230003,100.230003,140806900
2026-07-24,100.360001,101.739998,91.580002,92.32,92.32,181132900
2026-07-27,92.459999,94.980003,86.940002,91.669998,91.669998,133247300
2026-07-28,86.620003,88.279999,83.099998,86.300003,86.300003,154346700
2026-07-29,86.57,88.470001,81.790001,81.879997,81.879997,152394600
2026-07-30,86.510002,94.099998,85.970001,91.129997,91.129997,140322600
2026-07-31,96.720001,97.900002,90.129997,90.199997,90.199997,109039500
2026-08-03,88.400002,91.68,85.620003,91.0,91.0,96633600
2026-08-04,95.239998,101.389999,94.32,100.860001,100.860001,124355100
2026-08-05,99.300003,102.830002,97.900002,101.059998,101.059998,85388400
2026-08-06,98.220001,103.379997,95.599998,99.809998,99.809998,78088100
2026-08-07,102.330002,103.660004,98.029999,101.650002,101.650002,76760600
2026-08-10,98.260002,100.029999,96.300003,97.519997,97.519997,101153400
2026-08-11,96.779999,98.349998,95.349998,97.709999,97.709999,164063600
2026-08-12,101.330002,103.160004,100.120003,100.949997,100.949997,162446700
2026-08-13,101.510002,107.57,100.330002,104.559998,104.559998,116837600
2026-08-14,104.480003,106.870003,102.050003,102.5,102.5,95387500
2026-08-17,103.550003,105.970001,101.800003,103.489998,103.489998,88616800
2026-08-18,99.220001,99.309998,95.25,96.690002,96.690002,121969500
2026-08-19,97.410004,98.199997,91.279999,92.800003,92.800003,110268600
2026-08-20,91.870003,92.68,89.849998,92.129997,92.129997,85654700
2026-08-21,92.709999,92.769997,89.75,90.07,90.07,91670100
2026-08-24,88.860001,88.910004,85.139999,87.260002,87.260002,96903400
2026-08-25,90.059998,90.18,87.290001,87.480003,87.480003,81853800
2026-08-26,86.809998,88.279999,85.629997,88.239998,88.239998,75752800
2026-08-27,89.910004,92.949997,88.459999,92.089996,92.089996,100556800
2026-08-28,90.269997,93.699997,89.050003,89.470001,89.470001,86001600
