date,open,high,low,close,adj_close,volume
2005-01-03,55.400002,55.639999,54.099998,54.209999,29.592913,5258500
2005-01-04,53.98,53.98,52.540001,53.290001,29.090704,9493800
2005-01-05,53.290001,55.0,52.669998,54.630001,29.822214,6969900
2005-01-06,54.630001,55.43,54.27,54.509998,29.756683,3024800
2005-01-07,54.509998,55.009998,54.169998,54.77,29.898617,2158100
2005-01-10,54.700001,55.5,54.349998,55.0,30.024187,3109700
2005-01-11,54.75,55.490002,54.41,55.099998,30.078758,3680200
2005-01-12,54.950001,55.959999,54.950001,55.799999,30.460894,3046700
2005-01-13,55.75,55.990002,55.330002,55.349998,30.215246,2770900
2005-01-14,55.5,56.25,55.5,56.0,30.570065,2538600
2005-01-18,56.009998,56.68,55.860001,56.529999,30.859394,2056700
2005-01-19,56.549999,56.57,55.75,55.889999,30.510029,1468600
2005-01-20,55.450001,56.02,55.0,55.0,30.024187,2390100
2005-01-21,55.009998,55.369999,54.549999,54.75,29.887703,2256100
2005-01-24,54.900002,55.07,54.459999,54.470001,29.734852,1715700
2005-01-25,54.610001,54.919998,54.240002,54.259998,29.620213,1496900
2005-01-26,54.599998,55.27,54.48,55.23,30.149721,1846000
2005-01-27,56.0,57.290001,55.75,56.400002,30.788443,3929400
2005-01-28,57.0,57.09,55.400002,56.380001,30.777506,3091800
2005-01-31,57.849998,57.98,57.139999,57.810001,31.558134,3740500
2005-02-01,57.810001,58.849998,57.549999,58.720001,32.054897,2934300
2005-02-02,58.599998,59.240002,58.549999,58.880001,32.142239,1737700
2005-02-03,58.450001,58.860001,58.220001,58.32,31.836554,1674500
2005-02-04,58.0,58.279999,57.650002,57.650002,31.470795,2536500
2005-02-07,57.599998,58.25,57.400002,58.139999,31.738287,1827800
2005-02-08,58.279999,58.779999,58.25,58.700001,32.043983,1455900
2005-02-09,58.599998,58.75,58.279999,58.450001,31.907518,1196200
2005-02-10,58.450001,59.84,58.310001,59.700001,32.58987,2720300
2005-02-11,59.650002,60.060001,59.139999,59.689999,32.584423,2194600
2005-02-14,59.549999,59.990002,59.369999,59.369999,32.409733,1018500
2005-02-15,59.25,60.09,59.049999,59.959999,32.731819,1735200
2005-02-16,59.650002,60.240002,59.650002,59.950001,32.726357,1361200
2005-02-17,59.799999,59.93,59.299999,59.299999,32.371525,1862000
2005-02-18,59.450001,59.450001,59.049999,59.189999,32.311485,1070700
2005-02-22,59.0,59.57,58.639999,58.669998,32.027603,1472500
2005-02-23,58.75,59.07,58.549999,58.549999,31.962105,2265700
2005-02-24,58.650002,59.349998,58.650002,59.240002,32.338772,2161200
2005-02-25,59.110001,60.0,59.0,59.810001,32.7883,1771000
2005-02-28,59.799999,60.040001,59.18,59.220001,32.464848,1816300
2005-03-01,59.299999,59.810001,59.169998,59.5,32.618366,1407800
2005-03-02,58.799999,60.119999,58.77,59.73,32.744431,1995500
2005-03-03,59.77,60.34,59.310001,59.689999,32.722519,1261200
2005-03-04,59.950001,60.049999,59.540001,59.939999,32.85957,1392600
2005-03-07,59.5,60.400002,59.349998,59.759998,32.760891,2331500
2005-03-08,59.560001,60.52,59.48,60.43,33.128193,2683400
2005-03-09,60.200001,60.540001,60.049999,60.540001,33.188492,1947600
2005-03-10,60.299999,60.849998,60.23,60.529999,33.18301,2150200
2005-03-11,60.150002,60.349998,59.439999,59.490002,32.612877,3969800
2005-03-14,59.599998,60.0,59.400002,59.880001,32.826668,2349100
2005-03-15,60.049999,60.349998,59.799999,60.0,32.89246,2800000
2005-03-16,60.0,60.290001,59.75,59.950001,32.865047,2337000
2005-03-17,59.950001,60.459999,59.799999,60.23,33.018555,2244600
2005-03-18,60.23,60.73,60.130001,60.549999,33.193962,5447000
2005-03-21,60.400002,60.5,59.790001,59.950001,32.865047,2184200
2005-03-22,59.849998,60.560001,59.849998,59.900002,32.83765,2345000
2005-03-23,60.049999,60.27,59.77,59.990002,32.886971,1867400
2005-03-24,60.18,60.580002,59.830002,59.830002,32.799271,1743700
2005-03-28,59.900002,60.610001,59.889999,60.200001,33.00211,1695200
2005-03-29,60.299999,60.5,60.02,60.389999,33.106255,2666000
2005-03-30,60.27,61.470001,60.259998,61.470001,33.698315,2959200
2005-03-31,61.200001,61.209999,60.049999,61.060001,33.473564,2428600
2005-04-01,61.150002,61.490002,60.259998,61.16,33.528393,2404600
2005-04-04,61.66,62.0,60.950001,61.599998,33.769588,3807600
2005-04-05,61.349998,62.599998,61.299999,62.5,34.26297,2590000
2005-04-06,62.5,62.98,62.07,62.099998,34.043694,2572600
2005-04-07,62.029999,62.060001,61.049999,61.669998,33.807968,2471800
2005-04-08,61.450001,61.740002,61.0,61.32,33.6161,1080800
2005-04-11,61.150002,62.349998,61.049999,62.25,34.125919,1692300
2005-04-12,62.049999,62.639999,61.369999,62.110001,34.049175,1877900
2005-04-13,62.0,62.48,61.73,61.950001,33.961449,1548600
2005-04-14,61.900002,62.18,60.799999,61.009998,33.446144,2432400
2005-04-15,60.619999,60.630001,59.299999,59.310001,32.514183,2515300
2005-04-18,58.84,59.549999,58.75,59.240002,32.475826,2142400
2005-04-19,59.259998,59.490002,58.68,58.700001,32.17979,1985800
2005-04-20,58.700001,59.029999,58.389999,58.389999,32.00983,1428400
2005-04-21,58.950001,59.419998,58.75,59.380001,32.552559,1726000
2005-04-22,59.200001,59.41,58.279999,58.799999,32.234612,1169400
2005-04-25,59.0,60.0,58.939999,59.75,32.755428,1773200
2005-04-26,59.950001,60.43,58.68,59.84,32.804745,2536600
2005-04-27,59.84,60.060001,59.549999,59.939999,32.85957,1903200
2005-04-28,59.939999,60.740002,59.799999,60.470001,33.150112,2231100
2005-04-29,60.650002,61.110001,60.209999,60.950001,33.413261,1817600
2005-05-02,61.0,61.869999,60.950001,61.860001,33.912117,1711200
2005-05-03,61.869999,62.700001,61.75,62.41,34.213642,2303800
2005-05-04,62.450001,64.099998,62.400002,63.880001,35.019489,3437800
2005-05-05,63.52,64.050003,62.759998,63.380001,34.745396,2655400
2005-05-06,63.299999,63.779999,62.98,63.029999,34.553535,1389400
2005-05-09,62.950001,63.599998,62.549999,63.450001,34.783772,2153600
2005-05-10,63.450001,63.98,63.25,63.709999,34.926327,2439800
2005-05-11,63.599998,64.949997,63.299999,64.459999,35.337475,3900000
2005-05-12,64.5,65.0,64.339996,64.75,35.496445,2861000
2005-05-13,64.75,64.949997,63.759998,64.019997,35.096249,2520500
2005-05-16,63.700001,64.660004,63.700001,64.5,35.359386,1760700
2005-05-17,63.849998,64.809998,63.830002,64.800003,35.523846,1373700
2005-05-18,64.809998,64.970001,64.68,64.839996,35.545773,1694500
2005-05-19,64.900002,64.900002,64.360001,64.760002,35.501926,1174300
2005-05-20,64.849998,64.849998,64.5,64.540001,35.381321,1480600
2005-05-23,64.650002,64.779999,64.370003,64.730003,35.485485,1495900
2005-05-24,64.940002,65.239998,64.860001,65.07,35.67186,2772800
2005-05-25,64.949997,65.300003,64.620003,64.849998,35.551266,2117300
2005-05-26,65.099998,65.459999,64.940002,65.32,35.808918,2643300
2005-05-27,65.169998,65.449997,65.150002,65.400002,35.990528,1374100
2005-05-31,65.400002,65.400002,64.849998,64.889999,35.709869,1887500
2005-06-01,64.720001,65.029999,64.5,64.860001,35.693363,1470300
2005-06-02,65.089996,65.339996,65.019997,65.18,35.869442,1565600
2005-06-03,65.18,65.360001,64.760002,65.059998,35.803432,1366600
2005-06-06,64.949997,65.029999,64.660004,64.889999,35.709869,997200
2005-06-07,65.0,65.239998,64.779999,64.779999,35.64933,1964000
2005-06-08,64.849998,65.150002,64.620003,64.68,35.594296,2506700
2005-06-09,64.870003,65.25,64.75,65.199997,35.880459,1736100
2005-06-10,65.0,65.300003,64.900002,65.150002,35.852943,1573800
2005-06-13,65.010002,65.389999,64.550003,64.580002,35.539276,1671500
2005-06-14,64.5,64.580002,64.160004,64.459999,35.473225,2377100
2005-06-15,64.480003,64.690002,63.880001,64.230003,35.346649,2190000
2005-06-16,64.300003,64.339996,64.0,64.18,35.319149,2786100
2005-06-17,64.400002,64.940002,64.239998,64.660004,35.583286,2343200
2005-06-20,64.639999,65.089996,64.339996,64.739998,35.627327,1499500
2005-06-21,64.75,64.959999,64.559998,64.860001,35.693363,1384600
2005-06-22,64.830002,65.199997,64.650002,64.82,35.671341,1573900
2005-06-23,64.790001,65.0,64.260002,64.260002,35.363174,1903700
2005-06-24,64.199997,64.57,63.5,63.509998,34.950432,3226700
2005-06-27,63.400002,63.720001,62.869999,63.5,34.944927,1398000
2005-06-28,63.5,64.419998,63.450001,64.419998,35.451214,1470400
2005-06-29,64.300003,64.440002,63.599998,64.150002,35.302643,1670600
2005-06-30,64.300003,65.220001,64.300003,64.870003,35.698864,2688900
2005-07-01,64.870003,64.870003,64.360001,64.550003,35.522758,1217800
2005-07-05,64.599998,64.599998,63.84,63.98,35.209087,1817500
2005-07-06,63.98,64.190002,62.91,63.0,34.669777,1497200
2005-07-07,63.0,63.639999,62.369999,62.84,34.581718,2206800
2005-07-08,62.810001,62.91,62.34,62.5,34.394615,2459800
2005-07-11,62.099998,62.330002,61.689999,61.77,33.992893,3269800
2005-07-12,62.150002,62.189999,61.639999,61.880001,34.053432,1874500
2005-07-13,61.599998,61.700001,61.220001,61.48,33.833302,2087100
2005-07-14,62.150002,62.279999,61.400002,61.650002,33.926846,1957100
2005-07-15,61.650002,61.889999,61.400002,61.75,33.981892,2245300
2005-07-18,61.639999,61.639999,60.93,61.470001,33.827797,1783200
2005-07-19,61.57,61.709999,61.509998,61.580002,33.888329,1864800
2005-07-20,61.5,61.98,61.139999,61.75,33.981892,1878000
2005-07-21,61.759998,62.189999,61.41,61.650002,33.926846,1741200
2005-07-22,61.799999,62.110001,61.650002,62.0,34.119461,1576600
2005-07-25,62.0,62.830002,61.700001,62.509998,34.400127,2005200
2005-07-26,64.949997,65.239998,63.43,63.990002,35.214577,3978200
2005-07-27,64.5,64.540001,63.810001,64.059998,35.253105,2309300
2005-07-28,64.199997,64.260002,62.919998,63.099998,34.7248,3260500
2005-07-29,63.0,63.139999,62.279999,62.400002,34.339577,2128300
2005-08-01,63.349998,63.349998,61.709999,62.450001,34.367104,1775900
2005-08-02,62.650002,63.080002,62.619999,62.970001,34.653267,2468300
2005-08-03,63.0,63.049999,62.599998,62.950001,34.642246,1106100
2005-08-04,62.75,63.099998,62.700001,62.82,34.570717,1819400
2005-08-05,62.700001,63.139999,62.669998,62.830002,34.576218,1360900
2005-08-08,62.830002,63.529999,62.830002,63.200001,34.77985,1644900
2005-08-09,63.279999,63.549999,62.57,62.759998,34.537704,1761200
2005-08-10,62.790001,63.119999,62.360001,62.639999,34.471684,1923300
2005-08-11,62.599998,63.150002,62.470001,63.110001,34.730324,1439100
2005-08-12,62.950001,63.150002,62.150002,62.450001,34.367104,1463100
2005-08-15,62.349998,62.849998,62.299999,62.619999,34.460655,1086300
2005-08-16,62.330002,62.91,62.330002,62.540001,34.416634,1484700
2005-08-17,62.599998,63.0,62.5,62.91,34.620239,668800
2005-08-18,62.91,62.98,62.599998,62.650002,34.477154,1402800
2005-08-19,62.950001,62.970001,62.400002,62.459999,34.372612,1137300
2005-08-22,62.509998,63.049999,62.490002,63.049999,34.697292,1274700
2005-08-23,63.080002,63.32,62.540001,63.049999,34.697292,1378600
2005-08-24,63.049999,63.060001,61.98,62.290001,34.279068,1917100
2005-08-25,62.5,62.5,61.700001,62.049999,34.146973,2476900
2005-08-26,61.900002,61.959999,61.459999,61.759998,33.987385,1488400
2005-08-29,61.610001,62.900002,61.599998,62.669998,34.488174,2001800
2005-08-30,62.419998,62.509998,61.900002,62.259998,34.399773,2098400
2005-08-31,62.279999,62.279999,61.34,62.240002,34.388725,2218400
2005-09-01,62.599998,62.619999,61.759998,61.82,34.156666,1578200
2005-09-02,61.759998,62.09,61.549999,61.580002,34.024067,1286300
2005-09-06,61.75,62.389999,61.709999,62.150002,34.338993,1356500
2005-09-07,62.599998,62.889999,62.450001,62.869999,34.736805,1586400
2005-09-08,62.939999,62.939999,62.639999,62.75,34.670513,1123500
2005-09-09,62.799999,63.0,62.639999,62.75,34.670513,1104900
2005-09-12,63.049999,63.200001,62.470001,62.73,34.659447,1402200
2005-09-13,62.700001,63.5,62.41,62.529999,34.548939,1568700
2005-09-14,62.700001,62.82,61.880001,62.189999,34.361084,1489800
2005-09-15,62.200001,62.75,62.099998,62.369999,34.460552,1041700
2005-09-16,62.389999,62.91,62.009998,62.380001,34.46608,4480500
2005-09-19,62.48,62.48,62.0,62.200001,34.366611,1793500
2005-09-20,62.18,62.18,61.5,61.610001,34.040638,1900800
2005-09-21,61.619999,61.849998,60.509998,60.560001,33.460484,2526300
2005-09-22,60.560001,60.599998,59.82,60.419998,33.383125,2998300
2005-09-23,60.57,61.68,60.57,61.290001,33.863827,1658900
2005-09-26,61.5,61.98,61.110001,61.41,33.930145,1209200
2005-09-27,61.299999,61.900002,61.279999,61.599998,34.035126,1732100
2005-09-28,61.91,61.919998,61.099998,61.43,33.941177,1550100
2005-09-29,61.549999,61.549999,60.540001,60.950001,33.675964,1738000
2005-09-30,60.900002,61.299999,60.619999,61.040001,33.725704,2465300
2005-10-03,61.200001,61.529999,60.709999,61.41,33.930145,1525300
2005-10-04,61.419998,61.700001,60.470001,60.52,33.438389,2036400
2005-10-05,60.27,60.630001,60.0,60.099998,33.206326,2377300
2005-10-06,60.25,60.779999,60.02,60.48,33.416294,1784300
2005-10-07,60.650002,60.68,60.009998,60.330002,33.333408,1412100
2005-10-10,60.169998,60.77,60.07,60.470001,33.410759,1015500
2005-10-11,60.400002,60.709999,59.52,59.57,32.913502,1614900
2005-10-12,59.59,60.110001,58.970001,59.490002,32.869305,1514500
2005-10-13,59.5,59.950001,58.5,59.290001,32.758789,1296800
2005-10-14,59.599998,60.880001,59.34,60.720001,33.548889,1802700
2005-10-17,60.599998,61.27,60.080002,61.18,33.803059,1491500
2005-10-18,60.950001,61.189999,60.439999,60.889999,33.642818,1695400
2005-10-19,61.5,62.779999,61.0,62.709999,34.648392,2367800
2005-10-20,62.450001,62.860001,61.279999,61.639999,34.057205,1897700
2005-10-21,61.639999,62.049999,60.709999,60.799999,33.59309,2831100
2005-10-24,60.799999,62.43,60.740002,62.349998,34.449493,2041000
2005-10-25,62.099998,62.110001,60.779999,61.23,33.830685,2892900
2005-10-26,61.349998,61.369999,59.880001,60.07,33.189747,2678600
2005-10-27,60.080002,60.459999,59.759998,59.82,33.051624,2186500
2005-10-28,60.400002,61.34,60.220001,61.32,33.880386,1488100
2005-10-31,61.32,61.68,60.360001,60.560001,33.460484,2158000
2005-11-01,60.5,60.919998,59.860001,59.950001,33.123444,2480800
2005-11-02,60.099998,60.310001,59.849998,59.98,33.140038,3093400
2005-11-03,59.970001,60.330002,59.830002,59.970001,33.134502,2190200
2005-11-04,59.959999,60.25,58.880001,59.16,32.686966,3212800
2005-11-07,59.25,59.740002,59.240002,59.68,32.974277,2810600
2005-11-08,59.43,59.779999,59.369999,59.5,32.874828,2363200
2005-11-09,59.5,59.889999,59.110001,59.240002,32.731155,2243800
2005-11-10,59.25,59.400002,58.889999,59.169998,32.692501,2784400
2005-11-11,59.049999,59.5,59.049999,59.389999,32.814045,1945200
2005-11-14,59.5,59.82,59.0,59.790001,33.035061,2059400
2005-11-15,59.549999,60.540001,59.549999,60.0,33.151073,2322000
2005-11-16,60.419998,60.830002,60.049999,60.419998,33.383125,1500900
2005-11-17,60.389999,60.959999,60.389999,60.959999,33.681484,1277400
2005-11-18,61.0,61.0,59.959999,59.959999,33.128986,2288600
2005-11-21,60.099998,61.970001,60.080002,61.18,33.803059,2906700
2005-11-22,60.950001,61.189999,60.450001,60.599998,33.482578,2447700
2005-11-23,60.599998,60.700001,59.990002,60.09,33.200809,3113300
2005-11-25,60.389999,60.849998,60.259998,60.650002,33.510208,1471300
2005-11-28,60.950001,60.98,60.25,60.369999,33.355518,2262700
2005-11-29,60.5,61.139999,60.400002,60.900002,33.816387,3651200
2005-11-30,61.02,61.240002,60.450001,60.599998,33.649799,2350200
2005-12-01,61.75,62.389999,61.57,61.900002,34.371674,2924400
2005-12-02,61.75,61.970001,61.330002,61.630001,34.221745,1482000
2005-12-05,61.650002,61.939999,61.259998,61.52,34.160667,2546100
2005-12-06,61.540001,62.599998,61.529999,62.060001,34.460514,1960800
2005-12-07,62.220001,62.299999,61.810001,62.299999,34.593769,1867600
2005-12-08,62.330002,62.509998,61.810001,62.380001,34.63821,1737200
2005-12-09,62.450001,63.099998,62.43,62.919998,34.938046,1664500
2005-12-12,62.950001,63.060001,62.0,62.130001,34.499386,1616000
2005-12-13,62.07,63.32,62.060001,63.130001,35.054661,1846100
2005-12-14,63.130001,63.849998,63.130001,63.169998,35.076874,1674000
2005-12-15,63.450001,63.869999,63.400002,63.740002,35.393379,1144400
2005-12-16,64.089996,64.279999,63.419998,63.810001,35.43224,2284900
2005-12-19,63.0,63.150002,62.439999,62.630001,34.77702,2119700
2005-12-20,62.599998,63.240002,62.389999,62.759998,34.849209,1572600
2005-12-21,62.759998,63.299999,62.75,63.040001,35.004665,1789500
2005-12-22,63.040001,63.52,63.0,63.5,35.260098,1411500
2005-12-23,63.5,63.75,63.200001,63.560001,35.29343,879500
2005-12-27,63.630001,64.0,63.52,63.57,35.298985,1391700
2005-12-28,63.57,63.84,63.349998,63.810001,35.43224,886000
2005-12-29,63.75,63.889999,63.52,63.52,35.271214,850800
2005-12-30,63.27,63.75,63.23,63.630001,35.332302,1048300
2006-01-03,63.299999,63.77,62.52,63.549999,35.287865,2379500
2006-01-04,63.639999,64.75,63.630001,64.480003,35.804291,2552000
2006-01-05,64.25,64.580002,63.900002,64.519997,35.826496,1747900
2006-01-06,64.400002,65.639999,64.349998,65.470001,36.354019,2449100
2006-01-09,65.449997,65.900002,65.400002,65.900002,36.592796,2286400
2006-01-10,65.150002,65.940002,65.0,65.940002,36.614979,1607500
2006-01-11,65.940002,66.349998,65.610001,66.260002,36.792675,1788200
2006-01-12,65.959999,66.489998,65.449997,66.120003,36.714947,2019200
2006-01-13,65.25,66.010002,65.010002,65.790001,36.531715,2189200
2006-01-17,65.25,65.959999,65.209999,65.720001,36.492836,1655300
2006-01-18,65.730003,65.730003,65.169998,65.360001,36.292919,1745800
2006-01-19,65.25,65.599998,65.0,65.489998,36.365112,1532200
2006-01-20,65.489998,65.629997,64.760002,64.879997,36.026398,1592900
2006-01-23,65.349998,65.830002,65.150002,65.400002,36.315144,1875500
2006-01-24,65.650002,66.139999,65.5,65.699997,36.481712,1845100
2006-01-25,65.699997,65.870003,64.940002,65.010002,36.098576,1671900
2006-01-26,66.989998,67.919998,66.650002,66.989998,37.198017,3977200
2006-01-27,66.910004,66.989998,66.0,66.18,36.748253,2491400
2006-01-30,66.330002,66.690002,65.959999,66.660004,37.014778,2806700
2006-01-31,66.199997,68.0,66.199997,67.650002,37.564518,3562200
2006-02-01,67.709999,68.330002,67.610001,67.970001,37.742188,2997900
2006-02-02,67.870003,68.25,67.669998,68.120003,37.825497,2197900
2006-02-03,68.0,68.940002,67.93,68.919998,38.269714,2493600
2006-02-06,68.480003,70.199997,68.400002,70.019997,38.880516,4093600
2006-02-07,69.800003,70.0,69.5,69.720001,38.713928,2543600
2006-02-08,69.699997,70.059998,69.589996,69.940002,38.836075,1852700
2006-02-09,69.940002,70.870003,69.599998,70.620003,39.213692,2097400
2006-02-10,70.370003,71.410004,70.32,71.370003,39.630146,2601600
2006-02-13,70.900002,71.879997,70.559998,71.620003,39.76897,2034800
2006-02-14,71.559998,73.0,71.480003,72.669998,40.351994,4052800
2006-02-15,72.339996,72.480003,71.360001,71.830002,39.885574,3085900
2006-02-16,71.419998,71.980003,71.419998,71.919998,39.935547,1518300
2006-02-17,71.580002,72.980003,71.419998,72.839996,40.4464,2627900
2006-02-21,72.5,73.260002,71.610001,72.980003,40.524143,2960200
2006-02-22,72.980003,73.989998,72.879997,73.980003,41.079418,2552300
2006-02-23,73.5,73.809998,73.110001,73.489998,40.807323,2120200
2006-02-24,73.489998,74.970001,73.459999,74.580002,41.412579,2386000
2006-02-27,74.050003,74.660004,74.050003,74.059998,41.289928,2113400
2006-02-28,73.629997,73.760002,72.239998,72.870003,40.626488,3020500
2006-03-01,72.68,73.650002,72.629997,73.330002,40.882946,1574400
2006-03-02,73.099998,73.839996,72.779999,73.309998,40.871788,2214600
2006-03-03,73.290001,74.370003,72.980003,73.5,40.977722,2144700
2006-03-06,73.699997,73.699997,72.519997,72.690002,40.526134,1642500
2006-03-07,72.379997,73.43,72.25,73.120003,40.765858,2010500
2006-03-08,73.279999,73.5,73.080002,73.419998,40.933105,2004500
2006-03-09,73.43,74.169998,73.139999,73.589996,41.027893,2034400
2006-03-10,73.580002,74.629997,73.230003,74.330002,41.440449,2170200
2006-03-13,74.330002,74.949997,73.5,73.519997,40.988869,2128400
2006-03-14,73.519997,74.370003,73.169998,74.07,41.295498,1917900
2006-03-15,74.209999,74.639999,73.82,74.220001,41.379128,1933100
2006-03-16,74.470001,76.029999,74.400002,75.849998,42.287907,3812300
2006-03-17,75.949997,76.290001,75.629997,75.949997,42.343643,2885300
2006-03-20,76.190002,76.980003,76.010002,76.730003,42.778511,2158300
2006-03-21,76.839996,77.779999,76.160004,76.300003,42.53878,2721200
2006-03-22,76.300003,76.559998,75.75,76.5,42.650295,2835700
2006-03-23,76.5,76.5,75.599998,75.970001,42.354794,1253400
2006-03-24,75.699997,76.32,75.059998,75.989998,42.36594,1987400
2006-03-27,75.5,76.040001,75.290001,75.93,42.332481,1625400
2006-03-28,75.93,76.199997,75.449997,75.580002,42.137367,1620200
2006-03-29,75.57,75.980003,75.339996,75.5,42.092766,1477100
2006-03-30,75.300003,75.790001,75.0,75.230003,41.942234,1570400
2006-03-31,75.029999,75.540001,74.989998,75.129997,41.886482,2164400
2006-04-03,75.379997,75.379997,74.25,74.349998,41.451603,1771700
2006-04-04,74.150002,75.18,73.099998,75.0,41.814003,2129500
2006-04-05,74.970001,75.099998,74.480003,74.879997,41.747097,2013000
2006-04-06,74.519997,74.790001,74.019997,74.480003,41.524097,1329400
2006-04-07,74.75,75.099998,73.349998,73.809998,41.150555,1633000
2006-04-10,73.779999,74.139999,73.459999,73.940002,41.223022,1215800
2006-04-11,73.839996,73.93,72.599998,73.120003,40.765858,1742300
2006-04-12,73.169998,73.400002,72.410004,72.82,40.59861,1744200
2006-04-13,72.949997,73.099998,72.5,72.830002,40.604179,1036100
2006-04-17,73.18,73.610001,73.0,73.57,41.01675,1040500
2006-04-18,74.0,75.449997,74.0,75.150002,41.897633,2324200
2006-04-19,75.339996,75.989998,75.0,75.980003,42.360374,1259100
2006-04-20,75.93,77.019997,75.769997,76.800003,42.817562,1799900
2006-04-21,76.989998,77.040001,76.230003,77.040001,42.951359,1312900
2006-04-24,77.0,77.949997,76.75,77.589996,43.257984,2195500
2006-04-25,77.589996,77.620003,75.269997,76.199997,42.483025,2309800
2006-04-26,75.949997,76.18,74.57,75.57,42.131779,2912400
2006-04-27,75.099998,76.0,74.650002,75.669998,42.187534,2329800
2006-04-28,75.519997,76.300003,75.0,75.900002,42.315758,2115200
2006-05-01,76.0,76.989998,75.669998,76.980003,42.917892,1980400
2006-05-02,76.709999,77.089996,76.510002,76.910004,42.878853,1787000
2006-05-03,76.910004,76.910004,75.879997,75.940002,42.338066,1497200
2006-05-04,76.099998,76.379997,75.68,75.690002,42.198692,1406400
2006-05-05,76.349998,77.0,76.169998,76.389999,42.588943,1569100
2006-05-08,76.389999,77.040001,76.169998,76.370003,42.577793,1515300
2006-05-09,76.370003,76.5,75.510002,75.839996,42.282314,1354200
2006-05-10,76.0,77.010002,76.0,76.68,42.750622,1261400
2006-05-11,76.400002,76.830002,76.059998,76.230003,42.499748,1296100
2006-05-12,75.910004,76.099998,74.580002,74.620003,41.602131,1642700
2006-05-15,74.870003,75.580002,74.699997,75.440002,42.059315,1565200
2006-05-16,75.480003,75.980003,75.239998,75.75,42.232132,1407100
2006-05-17,74.919998,75.099998,73.32,73.32,40.877384,1985500
2006-05-18,73.400002,73.860001,72.919998,73.059998,40.732407,1641100
2006-05-19,73.25,74.610001,73.059998,74.330002,41.440449,1932200
2006-05-22,73.690002,74.400002,73.449997,74.019997,41.267624,2269400
2006-05-23,74.019997,74.150002,72.739998,72.739998,40.553993,1698000
2006-05-24,72.699997,72.75,71.739998,72.209999,40.258514,2745400
2006-05-25,72.5,72.900002,72.339996,72.68,40.520546,1316100
2006-05-26,72.620003,72.650002,71.760002,72.330002,40.325432,2217700
2006-05-30,71.82,73.25,71.75,72.620003,40.655724,1753500
2006-05-31,72.769997,72.790001,72.0,72.489998,40.582939,1703100
2006-06-01,72.150002,73.410004,72.150002,73.230003,40.997234,1459400
2006-06-02,73.400002,73.480003,72.610001,73.120003,40.935642,900600
2006-06-05,73.120003,73.120003,72.360001,72.68,40.689312,1487200
2006-06-06,73.0,73.040001,70.75,70.949997,39.720791,2366200
2006-06-07,70.849998,71.57,70.510002,71.0,39.748783,1589100
2006-06-08,71.379997,72.760002,70.580002,72.620003,40.655724,2596100
2006-06-09,72.349998,73.269997,72.050003,72.059998,40.34222,1631000
2006-06-12,72.0,72.18,70.800003,70.800003,39.636814,1270800
2006-06-13,70.93,71.239998,70.080002,70.220001,39.312111,2154800
2006-06-14,69.93,70.32,69.870003,70.0,39.188946,2740200
2006-06-15,70.0,71.800003,69.989998,71.559998,40.06229,1632600
2006-06-16,71.199997,71.68,70.919998,71.32,39.927944,1901500
2006-06-19,71.43,71.599998,70.650002,70.949997,39.720791,940200
2006-06-20,70.75,71.510002,70.75,70.970001,39.73201,1357200
2006-06-21,70.879997,71.75,70.800003,71.459999,40.00631,1351800
2006-06-22,71.489998,71.519997,70.889999,71.139999,39.827152,807900
2006-06-23,70.800003,71.809998,70.769997,71.309998,39.922333,1235700
2006-06-26,71.5,71.559998,70.959999,71.290001,39.911152,860900
2006-06-27,71.370003,71.68,70.389999,70.419998,39.424072,1454700
2006-06-28,70.43,70.849998,70.290001,70.440002,39.435268,1338500
2006-06-29,70.75,71.5,70.5,71.339996,39.939114,1717800
2006-06-30,71.650002,72.0,71.57,71.739998,40.163071,1660700
2006-07-03,72.099998,72.559998,72.010002,72.5,40.588551,885000
2006-07-05,72.860001,73.18,72.419998,72.919998,40.823681,2603100
2006-07-06,72.919998,73.690002,72.739998,73.5,41.148396,2176000
2006-07-07,73.349998,73.849998,72.919998,73.220001,40.991619,1134200
2006-07-10,73.419998,74.790001,73.300003,74.440002,41.67466,1692700
2006-07-11,74.349998,75.5,74.120003,75.300003,42.156113,1624200
2006-07-12,75.349998,75.75,74.410004,74.900002,41.932167,1875000
2006-07-13,74.900002,75.220001,74.349998,74.730003,41.837009,2625100
2006-07-14,74.360001,75.300003,73.300003,75.300003,42.156113,2507200
2006-07-17,75.300003,75.980003,75.0,75.410004,42.21769,2593200
2006-07-18,75.599998,75.599998,73.519997,74.540001,41.730614,1796500
2006-07-19,74.900002,75.949997,74.830002,75.370003,42.195293,1936500
2006-07-20,75.050003,76.43,75.050003,75.75,42.408028,2039200
2006-07-21,76.099998,76.809998,75.510002,75.629997,42.340858,2133300
2006-07-24,76.050003,76.889999,75.93,76.779999,42.984665,1535600
2006-07-25,78.010002,78.599998,76.790001,78.470001,43.930817,3605000
2006-07-26,78.529999,78.949997,77.989998,78.279999,43.824421,2914900
2006-07-27,78.290001,79.599998,78.099998,79.370003,44.434647,3618700
2006-07-28,79.480003,80.589996,79.379997,80.489998,45.061684,2987400
2006-07-31,80.099998,80.290001,79.0,79.68,44.608215,2446700
2006-08-01,79.099998,80.669998,79.059998,80.389999,45.005699,2022600
2006-08-02,80.989998,81.919998,80.669998,81.550003,45.655121,2551300
2006-08-03,81.349998,81.779999,80.120003,81.559998,45.660698,2289100
2006-08-04,81.629997,83.540001,81.629997,83.540001,46.769192,4263100
2006-08-07,81.599998,82.25,80.019997,81.199997,45.459164,3243800
2006-08-08,81.68,83.050003,81.379997,83.029999,46.483685,3813200
2006-08-09,83.029999,83.970001,81.209999,81.360001,45.548748,2981400
2006-08-10,81.5,82.599998,81.220001,82.400002,46.130978,2728900
2006-08-11,82.5,82.550003,81.5,81.82,45.806259,1372300
2006-08-14,82.730003,83.449997,82.230003,83.050003,46.494892,1876500
2006-08-15,83.349998,83.580002,82.970001,83.260002,46.61245,1843600
2006-08-16,83.68,83.879997,83.400002,83.870003,46.953972,2515600
2006-08-17,83.870003,83.940002,83.480003,83.580002,46.791588,2286600
2006-08-18,83.330002,83.940002,83.330002,83.550003,46.774792,1384300
2006-08-21,83.550003,83.839996,82.919998,83.620003,46.813961,1023200
2006-08-22,83.849998,83.940002,82.970001,83.040001,46.489288,1605700
2006-08-23,83.190002,84.32,83.040001,84.32,47.205856,1760800
2006-08-24,84.300003,84.419998,83.440002,83.449997,46.7188,2213600
2006-08-25,83.300003,83.400002,82.620003,83.080002,46.511677,2068600
2006-08-28,83.0,83.940002,83.0,83.919998,46.981918,1638900
2006-08-29,83.870003,83.989998,83.080002,83.080002,46.511677,2042700
2006-08-30,82.110001,82.279999,81.410004,82.260002,46.219517,3650600
2006-08-31,81.849998,83.199997,81.660004,82.599998,46.410534,3710200
2006-09-01,83.57,84.290001,82.849998,83.68,47.017357,3842200
2006-09-05,83.800003,84.349998,83.290001,83.699997,47.028584,2040500
2006-09-06,83.699997,83.769997,83.010002,83.25,46.775738,1984500
2006-09-07,83.349998,83.75,83.029999,83.5,46.916218,1775000
2006-09-08,83.599998,83.93,83.419998,83.419998,46.871288,1525600
2006-09-11,83.099998,83.760002,82.550003,82.760002,46.500439,2295900
2006-09-12,82.75,82.809998,81.160004,81.699997,45.90485,3758700
2006-09-13,81.669998,82.339996,80.779999,82.239998,46.20826,2229800
2006-09-14,82.25,83.279999,82.040001,82.760002,46.500439,1494800
2006-09-15,83.050003,83.5,82.790001,83.0,46.635269,2511300
2006-09-18,83.25,83.25,81.839996,81.849998,45.989147,2450700
2006-09-19,81.589996,82.400002,81.43,82.230003,46.202641,1679900
2006-09-20,82.650002,83.300003,82.620003,82.849998,46.55101,1447800
2006-09-21,82.849998,83.279999,82.220001,82.519997,46.365589,2045700
2006-09-22,82.730003,83.260002,82.510002,82.849998,46.55101,1176200
2006-09-25,82.93,85.099998,82.910004,84.900002,47.70285,2509700
2006-09-26,85.150002,86.150002,85.089996,85.440002,48.006264,2650700
2006-09-27,85.349998,86.089996,84.959999,85.139999,47.837688,1876900
2006-09-28,85.400002,85.730003,84.839996,85.599998,48.096169,1324500
2006-09-29,86.449997,86.449997,85.68,86.059998,48.354618,1655700
2006-10-02,86.400002,87.389999,86.32,86.949997,48.85466,1775000
2006-10-03,86.959999,87.940002,86.610001,86.800003,48.770401,1722400
2006-10-04,86.800003,87.879997,86.660004,87.879997,49.377197,1422400
2006-10-05,87.879997,87.940002,86.669998,87.760002,49.309814,1915200
2006-10-06,87.199997,87.529999,86.330002,87.379997,49.096287,1411400
2006-10-09,87.5,88.709999,87.349998,88.580002,49.770527,1831400
2006-10-10,88.349998,88.940002,88.07,88.699997,49.837944,2350000
2006-10-11,88.690002,88.690002,87.120003,87.800003,49.332264,1891400
2006-10-12,88.470001,88.68,88.040001,88.559998,49.759308,2119100
2006-10-13,88.629997,88.75,88.07,88.599998,49.781776,1372400
2006-10-16,88.440002,88.949997,88.120003,88.599998,49.781776,1432400
2006-10-17,88.599998,88.599998,87.279999,87.550003,49.191822,1483700
2006-10-18,87.949997,88.400002,87.559998,88.089996,49.49522,1310400
2006-10-19,88.089996,88.739998,87.459999,87.940002,49.410923,1530900
2006-10-20,88.110001,88.139999,86.370003,87.0,48.882782,2060900
2006-10-23,87.0,88.290001,87.0,88.190002,49.551395,1941500
2006-10-24,89.150002,89.889999,88.010002,89.110001,50.068333,2703300
2006-10-25,88.5,88.510002,85.860001,86.669998,48.69733,2929700
2006-10-26,86.400002,86.5,82.699997,85.010002,47.764641,5269800
2006-10-27,84.5,84.989998,83.739998,84.610001,47.539898,2310600
2006-10-30,85.849998,87.339996,85.769997,87.029999,48.899632,2672200
2006-10-31,87.050003,87.139999,86.449997,86.93,48.843426,1774600
2006-11-01,87.150002,87.940002,86.900002,87.309998,49.056965,3049400
2006-11-02,88.099998,88.099998,86.589996,87.059998,48.91647,2002000
2006-11-03,87.0,87.269997,86.300003,87.0,48.882782,1606200
2006-11-06,87.330002,88.18,87.059998,87.690002,49.270481,2948000
2006-11-07,87.599998,88.110001,87.269997,87.489998,49.158077,1736000
2006-11-08,86.830002,87.010002,85.18,86.449997,48.573738,4738600
2006-11-09,86.449997,86.75,85.169998,85.370003,47.966911,2872800
2006-11-10,85.120003,86.279999,84.889999,85.75,48.180424,2237200
2006-11-13,85.510002,87.360001,85.510002,86.860001,48.804115,2726200
2006-11-14,87.0,88.040001,86.760002,88.040001,49.467129,2219200
2006-11-15,88.0,88.959999,87.940002,88.540001,49.748051,1805500
2006-11-16,88.470001,89.730003,88.400002,89.480003,50.276211,1372000
2006-11-17,89.279999,89.580002,88.93,89.150002,50.090797,1066100
2006-11-20,89.970001,89.970001,88.809998,89.269997,50.158203,1447000
2006-11-21,89.279999,90.050003,88.970001,90.050003,50.596458,1880900
2006-11-22,90.050003,90.470001,89.099998,89.489998,50.281822,1188700
2006-11-24,89.349998,89.68,89.150002,89.330002,50.191917,321900
2006-11-27,88.949997,89.089996,87.639999,87.82,49.343506,1349600
2006-11-28,87.900002,89.75,87.800003,89.650002,50.371704,1743400
2006-11-29,89.599998,90.790001,89.239998,90.620003,51.11631,1647000
2006-11-30,91.139999,91.139999,89.209999,90.449997,51.020409,1588700
2006-12-01,90.550003,90.93,90.0,90.349998,50.963989,1763300
2006-12-04,90.150002,92.160004,90.129997,92.139999,51.973686,1391700
2006-12-05,92.290001,92.68,91.489998,92.410004,52.126019,2142500
2006-12-06,92.190002,92.809998,91.82,92.279999,52.05267,1310500
2006-12-07,92.580002,92.669998,91.330002,91.639999,51.691635,1037900
2006-12-08,91.459999,91.839996,90.889999,91.82,51.793201,1088700
2006-12-11,91.449997,91.669998,91.059998,91.330002,51.516777,937200
2006-12-12,91.199997,91.360001,90.610001,90.919998,51.285538,1583200
2006-12-13,91.18,91.370003,89.940002,89.940002,50.732735,1753300
2006-12-14,90.720001,90.870003,89.949997,90.25,50.907612,1646100
2006-12-15,90.230003,90.360001,89.910004,90.040001,50.789158,2301500
2006-12-18,90.019997,90.529999,89.849998,90.18,50.868103,1317100
2006-12-19,90.050003,92.029999,90.0,91.849998,51.810139,1288500
2006-12-20,91.599998,92.099998,91.43,91.599998,51.669106,1531000
2006-12-21,92.150002,92.5,91.43,91.940002,51.86087,1372800
2006-12-22,92.360001,92.440002,91.150002,91.699997,51.725517,770800
2006-12-26,92.139999,92.550003,91.769997,92.349998,52.092148,849300
2006-12-27,92.739998,92.949997,92.449997,92.949997,52.430592,756300
2006-12-28,92.809998,93.239998,92.190002,92.309998,52.069588,741900
2006-12-29,92.089996,92.68,91.949997,92.07,51.9342,911100
2007-01-03,91.599998,92.510002,91.510002,91.93,51.855236,1753900
2007-01-04,92.050003,92.230003,91.080002,91.690002,51.719875,1942900
2007-01-05,91.690002,92.57,91.370003,92.019997,51.905994,1954600
2007-01-08,91.550003,94.199997,91.540001,93.690002,52.848015,2002400
2007-01-09,94.029999,94.669998,93.25,93.599998,52.797237,1501600
2007-01-10,93.300003,94.849998,92.860001,94.580002,53.350029,1305100
2007-01-11,94.550003,95.760002,94.120003,95.660004,53.959232,1949700
2007-01-12,95.410004,96.68,95.32,96.309998,54.325901,1760500
2007-01-16,96.050003,97.480003,96.029999,97.0,54.715073,1551800
2007-01-17,97.25,97.419998,96.07,96.5,54.433056,2229900
2007-01-18,96.120003,97.379997,96.120003,96.800003,54.602272,1562600
2007-01-19,96.970001,97.75,96.290001,97.269997,54.867367,1578400
2007-01-22,97.279999,97.290001,95.599998,96.769997,54.585323,3031700
2007-01-23,96.699997,98.75,96.5,98.739998,55.696564,3159400
2007-01-24,98.199997,98.209999,96.5,97.139999,54.794067,3100300
2007-01-25,98.5,98.75,97.440002,97.440002,54.963303,2715700
2007-01-26,98.75,98.75,96.209999,96.669998,54.528938,2306300
2007-01-29,96.330002,96.620003,95.949997,96.059998,54.184872,3140600
2007-01-30,96.0,96.360001,95.82,96.239998,54.286396,1851000
2007-01-31,96.199997,97.300003,96.160004,97.190002,54.822266,1893500
2007-02-01,96.900002,98.529999,96.720001,98.459999,55.538628,2281900
2007-02-02,97.849998,99.0,97.580002,98.459999,55.538628,2322000
2007-02-05,98.0,99.379997,97.860001,99.080002,55.888359,1763800
2007-02-06,99.389999,101.32,99.190002,101.290001,57.134972,3627000
2007-02-07,100.919998,101.839996,100.669998,101.519997,57.264694,2205500
2007-02-08,101.519997,101.779999,100.660004,100.879997,56.903702,1300000
2007-02-09,100.760002,101.589996,100.720001,101.160004,57.061626,1075700
2007-02-12,101.160004,101.93,101.129997,101.629997,57.326748,1690800
2007-02-13,101.639999,102.610001,101.519997,102.260002,57.682117,1632200
2007-02-14,102.379997,102.809998,102.0,102.32,57.715942,1010100
2007-02-15,102.139999,103.459999,102.040001,103.339996,58.291321,1233800
2007-02-16,102.660004,103.260002,101.580002,101.949997,57.507236,1854700
2007-02-20,101.699997,102.790001,101.449997,102.790001,57.981075,2235300
2007-02-21,102.760002,103.419998,102.269997,102.550003,57.845692,1242900
2007-02-22,103.239998,103.5,101.120003,101.550003,57.281628,3377500
2007-02-23,101.589996,102.32,101.129997,102.110001,57.5975,1630900
2007-02-26,102.07,102.339996,101.0,101.470001,57.236488,1383700
2007-02-27,101.160004,101.339996,96.330002,97.57,55.227097,2717300
2007-02-28,96.75,98.839996,95.839996,97.260002,55.051655,3070100
2007-03-01,96.25,98.089996,92.68,97.82,55.36861,2382400
2007-03-02,97.660004,97.940002,95.440002,95.440002,54.021477,2296700
2007-03-05,94.959999,97.540001,94.800003,96.5,54.621433,2866100
2007-03-06,96.889999,97.519997,96.349998,96.900002,54.847878,1898900
2007-03-07,96.860001,97.099998,96.309998,96.540001,54.644085,1256100
2007-03-08,97.400002,97.980003,96.720001,97.18,55.006367,1324700
2007-03-09,97.559998,97.830002,96.599998,96.889999,54.842205,1176400
2007-03-12,96.650002,100.019997,96.650002,100.0,56.602558,2120300
2007-03-13,99.519997,99.739998,96.870003,96.870003,54.830914,2067900
2007-03-14,97.089996,98.349998,95.949997,98.139999,55.549755,2120300
2007-03-15,97.940002,98.279999,97.449997,98.050003,55.498798,1425800
2007-03-16,98.43,98.470001,97.720001,97.800003,55.357285,1702800
2007-03-19,98.0,99.059998,98.0,98.970001,56.019539,1150400
2007-03-20,98.599998,98.690002,97.75,98.379997,55.685574,1181000
2007-03-21,98.540001,99.849998,98.389999,99.849998,56.517628,1191800
2007-03-22,99.5,99.589996,97.760002,97.910004,55.419559,1656800
2007-03-23,98.0,99.25,97.940002,99.150002,56.121407,1305700
2007-03-26,99.160004,99.18,97.5,98.419998,55.708229,1168700
2007-03-27,98.040001,98.610001,97.339996,98.18,55.572357,1439800
2007-03-28,97.669998,98.169998,96.949997,97.18,55.006367,1365400
2007-03-29,97.910004,98.489998,97.589996,98.099998,55.527107,1338100
2007-03-30,98.339996,98.809998,96.720001,97.019997,54.915787,1799300
2007-04-02,97.349998,97.489998,96.339996,96.93,54.864849,1855100
2007-04-03,97.239998,97.599998,96.970001,97.279999,55.062965,2212700
2007-04-04,97.510002,97.709999,96.879997,97.050003,54.932789,1718300
2007-04-05,96.75,97.040001,96.510002,96.709999,54.740318,1653600
2007-04-09,96.989998,98.18,96.870003,98.029999,55.487476,1135200
2007-04-10,98.400002,98.639999,97.75,98.050003,55.498798,787800
2007-04-11,98.209999,98.339996,96.400002,96.610001,54.683731,1838600
2007-04-12,96.0,96.75,95.650002,96.160004,54.429016,2063300
2007-04-13,96.160004,96.349998,95.620003,96.239998,54.474289,1513400
2007-04-16,96.339996,96.529999,95.82,96.0,54.338459,1671200
2007-04-17,95.989998,96.220001,95.650002,95.959999,54.315804,1526000
2007-04-18,95.559998,96.769997,95.480003,96.370003,54.547886,1376000
2007-04-19,96.949997,96.949997,95.339996,95.629997,54.129032,1539200
2007-04-20,95.989998,96.25,95.370003,95.400002,53.998814,2975100
2007-04-23,95.419998,97.879997,95.419998,97.07,54.944073,2219600
2007-04-24,98.339996,98.339996,93.690002,94.82,53.670536,4301300
2007-04-25,94.82,95.849998,94.0,95.5,54.055428,3758100
2007-04-26,95.050003,95.25,93.190002,93.5,52.923367,3251200
2007-04-27,93.809998,96.900002,93.75,96.690002,54.728989,2798700
2007-04-30,96.5,97.160004,95.989998,96.139999,54.41769,2262600
2007-05-01,96.400002,96.529999,95.669998,96.230003,54.468624,1602500
2007-05-02,96.459999,97.0,96.0,96.07,54.378048,1623900
2007-05-03,96.480003,96.480003,96.050003,96.400002,54.564861,1296800
2007-05-04,96.75,97.0,96.230003,96.639999,54.700691,949600
2007-05-07,97.0,98.169998,96.919998,98.07,55.510117,1696100
2007-05-08,97.760002,98.370003,97.120003,98.220001,55.595009,1509700
2007-05-09,98.209999,99.0,97.800003,98.760002,55.900658,1489600
2007-05-10,98.699997,99.470001,98.410004,98.599998,55.81012,2169100
2007-05-11,98.660004,99.5,98.449997,98.839996,55.945953,1460400
2007-05-14,98.68,99.25,98.300003,99.199997,56.1497,1349000
2007-05-15,99.199997,100.050003,99.080002,99.510002,56.325169,2365300
2007-05-16,99.790001,100.099998,99.220001,99.639999,56.398785,1537300
2007-05-17,99.300003,99.470001,98.360001,98.449997,55.725208,1381800
2007-05-18,98.599998,98.660004,97.93,98.160004,55.561077,1363200
2007-05-21,97.809998,99.370003,97.800003,98.790001,55.917671,1883400
2007-05-22,97.709999,97.709999,94.0,94.220001,53.330933,4822300
2007-05-23,94.209999,94.889999,94.089996,94.360001,53.410145,3215000
2007-05-24,94.75,96.629997,94.550003,96.209999,54.457302,4232500
2007-05-25,96.18,97.919998,96.18,97.010002,54.910145,2182800
2007-05-29,97.019997,98.43,96.849998,98.300003,55.640324,2082900
2007-05-30,98.300003,98.559998,96.860001,98.220001,55.793659,1922000
2007-05-31,98.620003,98.620003,97.209999,98.099998,55.725513,1589800
2007-06-01,98.230003,98.599998,97.089996,97.43,55.344921,1559200
2007-06-04,96.980003,97.410004,96.849998,97.199997,55.214268,1076400
2007-06-05,96.699997,96.699997,95.110001,96.199997,54.646229,2224900
2007-06-06,96.190002,96.989998,95.949997,96.650002,54.901825,2556000
2007-06-07,97.540001,99.349998,95.25,95.25,54.106567,2227800
2007-06-08,95.389999,96.889999,95.019997,96.889999,55.03817,1802900
2007-06-11,97.0,97.059998,96.120003,96.25,54.674641,1440100
2007-06-12,95.800003,95.940002,95.169998,95.25,54.106567,1782300
2007-06-13,95.400002,95.57,94.540001,95.540001,54.271313,2548300
2007-06-14,95.900002,97.459999,95.120003,97.209999,55.219971,1892800
2007-06-15,97.550003,97.790001,96.339996,96.550003,54.84502,1865900
2007-06-18,97.099998,97.419998,95.209999,95.32,54.146343,1576300
2007-06-19,95.139999,96.989998,95.139999,96.800003,54.987026,1903400
2007-06-20,96.800003,97.059998,95.0,95.089996,54.015697,1665800
2007-06-21,94.849998,95.349998,94.650002,95.089996,54.015697,2235700
2007-06-22,94.93,95.0,93.139999,93.389999,53.050018,2308600
2007-06-25,93.769997,94.330002,93.32,94.019997,53.407883,1918700
2007-06-26,94.419998,94.900002,93.720001,94.190002,53.504452,2119600
2007-06-27,93.550003,94.75,93.379997,94.419998,53.635105,1594200
2007-06-28,93.580002,94.300003,93.059998,93.400002,53.055683,2249900
2007-06-29,93.599998,94.989998,93.449997,94.129997,53.470352,2071800
2007-07-02,94.669998,95.379997,94.120003,94.660004,53.771431,1628400
2007-07-03,95.330002,95.870003,94.970001,95.470001,54.231529,672200
2007-07-05,95.849998,97.059998,95.529999,96.699997,54.930237,1857800
2007-07-06,96.599998,96.959999,96.25,96.629997,54.890499,1174900
2007-07-09,96.43,97.589996,96.43,96.959999,55.077934,1148800
2007-07-10,96.349998,96.5,94.18,94.18,53.49876,2076500
2007-07-11,94.209999,95.160004,94.110001,94.589996,53.731693,1339800
2007-07-12,95.400002,97.389999,94.589996,97.389999,55.322163,1931200
2007-07-13,97.5,97.690002,96.599998,97.339996,55.293785,1281600
2007-07-16,96.800003,97.019997,96.120003,96.800003,54.987026,1299200
2007-07-17,96.480003,99.139999,96.209999,98.559998,55.986809,1910000
2007-07-18,98.330002,98.769997,96.900002,98.489998,55.947044,2072300
2007-07-19,98.849998,99.18,98.550003,98.980003,56.225399,1559400
2007-07-20,98.139999,99.169998,97.279999,97.889999,55.606201,1721500
2007-07-23,98.68,99.900002,98.279999,99.519997,56.532135,1685500
2007-07-24,102.0,107.330002,100.419998,103.089996,58.560043,8506200
2007-07-25,104.230003,104.690002,100.260002,101.900002,57.884094,4656600
2007-07-26,102.389999,104.199997,99.349998,100.580002,57.134281,6121400
2007-07-27,100.379997,101.120003,99.269997,99.279999,56.395805,2364600
2007-07-30,100.099998,101.629997,99.769997,100.5,57.088833,3175300
2007-07-31,101.5,102.160004,98.480003,98.480003,55.941372,2841100
2007-08-01,98.870003,102.400002,98.550003,101.699997,57.770477,2775000
2007-08-02,102.0,102.760002,101.18,102.379997,58.156769,3131500
2007-08-03,101.68,102.610001,99.370003,99.370003,56.446911,2296500
2007-08-06,99.910004,101.129997,99.379997,100.849998,57.287636,1937400
2007-08-07,100.199997,100.25,97.650002,98.260002,55.816402,3053000
2007-08-08,98.519997,98.690002,93.68,94.669998,53.777115,5364800
2007-08-09,94.5,95.599998,91.190002,91.360001,51.896854,7594900
2007-08-10,90.32,95.93,88.860001,94.309998,53.572605,6694000
2007-08-13,95.639999,99.449997,95.639999,98.0,55.668686,3994400
2007-08-14,98.080002,98.330002,95.510002,96.059998,54.566689,2764000
2007-08-15,96.75,97.169998,94.650002,94.830002,53.868008,2378100
2007-08-16,93.610001,96.150002,92.690002,95.5,54.248592,4047400
2007-08-17,98.480003,98.480003,95.279999,96.220001,54.657585,2729200
2007-08-20,96.0,96.970001,94.839996,96.199997,54.646229,1548300
2007-08-21,95.099998,96.610001,94.849998,95.510002,54.254292,1493600
2007-08-22,95.309998,98.260002,95.309998,97.790001,55.549397,2522200
2007-08-23,98.0,98.75,96.279999,96.93,55.060898,1667100
2007-08-24,97.339996,100.019997,97.150002,100.019997,56.816174,1834600
2007-08-27,99.5,102.5,99.120003,102.410004,58.173809,2416900
2007-08-28,102.139999,102.139999,97.739998,97.790001,55.549397,4124500
2007-08-29,98.610001,99.779999,98.510002,99.709999,56.640102,2146300
2007-08-30,99.709999,99.709999,98.349998,98.650002,56.235329,1758200
2007-08-31,99.779999,100.330002,98.980003,99.139999,56.514652,1439100
2007-09-04,99.25,99.25,97.610001,98.82,56.332241,1787500
2007-09-05,98.559998,99.239998,97.389999,98.870003,56.360744,2132500
2007-09-06,98.860001,99.230003,97.809998,98.389999,56.087109,1436300
2007-09-07,97.5,98.25,96.470001,96.639999,55.089546,2133300
2007-09-10,96.900002,98.400002,96.709999,97.510002,55.585487,1707900
2007-09-11,97.879997,98.529999,94.970001,97.989998,55.859104,1663200
2007-09-12,97.699997,98.870003,97.0,97.620003,55.64819,1628500
2007-09-13,98.650002,100.160004,98.370003,99.639999,56.799675,2229500
2007-09-14,99.230003,101.57,98.730003,101.339996,57.768776,2251300
2007-09-17,100.339996,101.230003,99.07,99.410004,56.668598,2619900
2007-09-18,100.949997,102.160004,100.279999,102.099998,58.202,2286400
2007-09-19,101.860001,103.389999,100.830002,101.190002,57.683273,2272100
2007-09-20,100.989998,101.889999,100.690002,101.040001,57.597752,1660100
2007-09-21,101.989998,103.470001,101.040001,103.199997,58.829056,2877000
2007-09-24,103.809998,104.010002,102.089996,102.349998,58.344555,2102300
2007-09-25,102.300003,105.120003,102.279999,104.959999,59.832352,2604900
2007-09-26,105.110001,107.0,104.419998,105.720001,60.265583,3564200
2007-09-27,105.589996,106.889999,103.809998,106.790001,60.875553,4207100
2007-09-28,106.849998,108.75,106.489998,108.489998,61.844608,2847300
2007-10-01,108.150002,109.860001,108.059998,108.739998,61.987141,3328300
2007-10-02,109.010002,110.309998,107.330002,107.790001,61.445583,3313400
2007-10-03,107.110001,107.480003,106.639999,106.949997,60.966743,1833200
2007-10-04,107.550003,109.900002,107.050003,109.0,62.135368,2640800
2007-10-05,109.75,109.989998,108.300003,108.699997,61.964314,1841000
2007-10-08,108.400002,109.57,108.019997,109.0,62.135368,1342100
2007-10-09,109.169998,111.760002,109.010002,111.400002,63.503483,2812900
2007-10-10,110.970001,112.0,109.849998,110.739998,63.127235,3252300
2007-10-11,111.599998,113.739998,111.440002,111.879997,63.777073,2600700
2007-10-12,111.870003,112.059998,110.760002,111.669998,63.657372,1729100
2007-10-15,111.970001,112.110001,109.57,110.699997,63.104427,1562700
2007-10-16,110.879997,111.0,109.57,110.68,63.093025,1689200
2007-10-17,111.68,111.68,108.57,109.93,62.665497,2032300
2007-10-18,109.870003,111.040001,108.209999,109.010002,62.14106,1758900
2007-10-19,108.459999,108.989998,106.0,106.160004,60.516415,2921100
2007-10-22,105.400002,107.809998,103.639999,107.239998,61.13203,2408200
2007-10-23,107.760002,108.389999,106.18,106.970001,60.978127,2459500
2007-10-24,106.160004,108.900002,103.330002,108.019997,61.576698,2437500
2007-10-25,108.400002,111.0,107.75,110.150002,62.790894,2771500
2007-10-26,110.599998,111.099998,107.5,108.610001,61.91301,2089000
2007-10-29,108.120003,109.739998,108.099998,109.239998,62.272137,1367700
2007-10-30,109.010002,110.059998,107.860001,108.239998,61.702091,1720200
2007-10-31,108.830002,110.279999,107.75,110.040001,62.728188,2746700
2007-11-01,109.0,110.510002,108.550003,108.830002,62.038433,1893900
2007-11-02,110.059998,110.849998,108.779999,110.120003,62.773815,1690300
2007-11-05,108.0,110.720001,108.0,109.400002,62.36335,1787400
2007-11-06,109.419998,109.989998,107.790001,109.449997,62.391876,2176000
2007-11-07,109.639999,110.080002,107.900002,108.080002,61.610893,1996500
2007-11-08,107.099998,108.889999,105.870003,107.18,61.097855,2773900
2007-11-09,105.980003,110.739998,105.980003,109.349998,62.334892,3166100
2007-11-12,109.379997,110.379997,107.650002,108.730003,61.98143,2574800
2007-11-13,109.089996,112.339996,108.989998,112.25,63.987999,3200500
2007-11-14,113.0,113.0,110.82,111.900002,63.788475,3076500
2007-11-15,111.68,112.5,110.809998,112.080002,63.891098,2405600
2007-11-16,113.0,113.0,110.040001,111.370003,63.486362,2274500
2007-11-19,110.449997,112.510002,110.449997,111.230003,63.406586,3037400
2007-11-20,111.300003,111.699997,108.260002,109.870003,62.631275,3031700
2007-11-21,109.18,109.730003,108.279999,108.279999,61.724903,2295900
2007-11-23,108.779999,111.089996,108.169998,111.010002,63.281143,850800
2007-11-26,110.790001,112.040001,107.800003,108.169998,61.662216,1939400
2007-11-27,108.510002,109.800003,107.220001,108.239998,61.702091,2871300
2007-11-28,109.269997,111.559998,108.0,111.230003,63.406586,2461700
2007-11-29,110.650002,112.93,109.910004,112.0,64.087486,2075700
2007-11-30,113.120003,113.5,110.129997,110.669998,63.326443,2282900
2007-12-03,111.449997,111.93,109.769997,109.779999,62.817165,2252500
2007-12-04,109.339996,110.709999,108.959999,109.120003,62.439522,2065200
2007-12-05,109.910004,111.25,108.809998,109.139999,62.450958,1886000
2007-12-06,109.099998,110.519997,107.779999,110.370003,63.154781,2072300
2007-12-07,110.349998,111.360001,109.75,111.010002,63.520988,1457000
2007-12-10,111.540001,111.540001,109.82,110.720001,63.355076,1250200
2007-12-11,110.790001,111.5,107.529999,107.760002,61.661301,1833500
2007-12-12,108.010002,109.699997,107.32,108.309998,61.976017,3086500
2007-12-13,107.739998,109.779999,107.739998,109.290001,62.536816,1717300
2007-12-14,108.5,111.129997,108.300003,110.480003,63.217728,1957600
2007-12-17,109.779999,110.739998,108.779999,108.910004,62.319351,2100100
2007-12-18,109.480003,110.209999,107.5,108.18,61.90163,2604000
2007-12-19,108.940002,108.940002,107.029999,108.25,61.941673,2375900
2007-12-20,108.82,108.82,106.330002,107.720001,61.638428,1835200
2007-12-21,108.760002,110.529999,108.360001,110.480003,63.217728,2314700
2007-12-24,110.010002,111.68,110.010002,111.279999,63.675488,456800
2007-12-26,111.0,111.459999,108.900002,109.529999,62.674129,981900
2007-12-27,109.300003,109.43,107.540001,107.720001,61.638428,1208500
2007-12-28,107.559998,108.839996,106.349998,106.779999,61.100555,1488800
2007-12-31,106.309998,107.25,105.260002,105.260002,60.230782,1329500
2008-01-02,105.769997,107.199997,104.940002,105.349998,60.28228,2753000
2008-01-03,105.489998,108.809998,104.709999,107.93,61.758598,2435800
2008-01-04,107.230003,107.370003,105.629997,106.5,60.940346,2319100
2008-01-07,107.360001,107.940002,104.93,106.260002,60.803017,2749500
2008-01-08,106.260002,108.209999,106.169998,106.300003,60.825905,3160500
2008-01-09,106.879997,108.769997,106.419998,108.529999,62.101906,2602400
2008-01-10,107.93,109.879997,107.32,108.540001,62.107639,2639600
2008-01-11,107.580002,110.25,107.5,109.459999,62.634075,3117000
2008-01-14,110.120003,110.120003,107.150002,108.089996,61.850163,2724500
2008-01-15,106.970001,108.629997,106.379997,106.809998,61.117702,3033600
2008-01-16,106.110001,107.099998,105.160004,105.860001,60.574104,3042400
2008-01-17,105.970001,107.120003,101.93,102.150002,58.451206,3592600
2008-01-18,102.650002,104.330002,101.07,101.879997,58.296722,3291200
2008-01-22,97.010002,102.18,90.440002,101.019997,57.804604,4440500
2008-01-23,98.309998,102.040001,97.059998,101.690002,58.188007,3977200
2008-01-24,102.739998,106.809998,102.110001,105.900002,60.596981,3713600
2008-01-25,107.07,107.07,104.970001,105.489998,60.362385,3280100
2008-01-28,105.43,107.050003,105.43,106.870003,61.152046,2832200
2008-01-29,107.019997,107.470001,105.900002,106.440002,60.905979,1992000
2008-01-30,106.919998,108.449997,106.269997,106.529999,60.957497,2171900
2008-01-31,105.309998,108.349998,104.599998,107.919998,61.75285,2894100
2008-02-01,108.169998,109.800003,106.870003,108.120003,61.867329,2658200
2008-02-04,108.150002,110.150002,106.010002,109.779999,62.817165,2666700
2008-02-05,109.349998,109.660004,107.139999,107.769997,61.66703,2364800
2008-02-06,108.720001,108.720001,105.18,105.599998,60.425339,2369400
2008-02-07,104.949997,106.940002,104.620003,105.830002,60.556927,2981000
2008-02-08,105.82,106.260002,104.760002,105.760002,60.516891,1725800
2008-02-11,105.540001,107.790001,105.529999,107.610001,61.575459,1583300
2008-02-12,108.059998,108.059998,106.599998,107.209999,61.346588,2208900
2008-02-13,107.209999,109.150002,107.010002,108.870003,62.296455,1871400
2008-02-14,108.739998,109.5,106.599998,107.099998,61.283649,1293300
2008-02-15,107.07,107.519997,105.0,105.760002,60.516891,2095600
2008-02-19,106.760002,108.0,105.809998,107.339996,61.420994,1814800
2008-02-20,106.610001,107.32,105.849998,107.07,61.266491,1270300
2008-02-21,107.239998,107.940002,104.739998,105.0,60.082012,2958700
2008-02-22,105.269997,105.510002,103.169998,105.120003,60.150677,1678600
2008-02-25,105.389999,106.639999,104.279999,106.629997,61.014729,1749500
2008-02-26,105.900002,106.449997,105.330002,105.949997,60.625618,1712800
2008-02-27,105.400002,106.720001,105.110001,105.360001,60.288021,1693800
2008-02-28,104.650002,105.800003,103.650002,105.160004,60.414406,1833500
2008-02-29,104.0,104.330002,102.870003,103.199997,59.288391,1958900
2008-03-03,103.269997,104.0,102.410004,104.0,59.747978,1731000
2008-03-04,102.599998,104.089996,102.129997,103.720001,59.587101,1872900
2008-03-05,103.599998,104.900002,102.889999,104.709999,60.155853,2059400
2008-03-06,103.400002,104.93,103.400002,104.150002,59.834145,1927600
2008-03-07,103.129997,104.599998,102.769997,103.18,59.276886,1736300
2008-03-10,102.290001,103.010002,100.150002,100.32,57.633808,2369800
2008-03-11,100.059998,101.699997,99.370003,101.660004,58.403648,3281800
2008-03-12,102.0,102.18,100.120003,100.449997,57.708538,1985300
2008-03-13,99.550003,101.400002,98.5,101.110001,58.087696,2132700
2008-03-14,101.980003,102.68,99.010002,100.540001,57.760197,2891700
2008-03-17,98.349998,101.110001,98.349998,100.050003,57.478718,3285300
2008-03-18,101.75,101.75,99.910004,101.550003,58.340466,3538000
2008-03-19,101.839996,103.25,100.709999,100.709999,57.85788,2353200
2008-03-20,100.849998,101.849998,98.449997,100.050003,57.478718,3444100
2008-03-24,100.260002,101.309998,99.769997,100.779999,57.898098,1710900
2008-03-25,101.269997,102.290001,100.0,102.0,58.598984,1363800
2008-03-26,101.669998,101.669998,100.559998,101.230003,58.156609,1361300
2008-03-27,101.599998,101.599998,99.900002,100.040001,57.47295,1336600
2008-03-28,100.379997,100.889999,99.760002,100.18,57.553379,1552200
2008-03-31,100.339996,100.610001,98.440002,99.300003,57.04784,2439400
2008-04-01,99.959999,101.510002,99.279999,101.330002,58.214054,2040000
2008-04-02,101.220001,102.0,100.029999,100.209999,57.570641,2501500
2008-04-03,99.809998,100.120003,98.5,99.029999,56.892704,3389500
2008-04-04,99.540001,101.339996,99.0,100.809998,57.915318,2384800
2008-04-07,101.580002,102.830002,101.07,102.25,58.742619,2555300
2008-04-08,102.25,104.139999,102.25,103.489998,59.454967,2658400
2008-04-09,103.400002,104.209999,102.559998,103.110001,59.236671,1531000
2008-04-10,103.32,103.32,102.349998,102.809998,59.064346,1258000
2008-04-11,102.449997,103.699997,101.879997,103.010002,59.179249,1492200
2008-04-14,102.769997,104.080002,102.769997,103.32,59.357311,1305400
2008-04-15,104.18,104.18,101.910004,103.110001,59.236671,1956000
2008-04-16,103.120003,104.650002,103.0,104.650002,60.121414,2064900
2008-04-17,104.139999,105.150002,104.0,104.360001,59.954796,1303700
2008-04-18,105.690002,106.459999,105.089996,106.239998,61.034859,1714800
2008-04-21,106.160004,106.599998,104.809998,106.57,61.224449,1481200
2008-04-22,103.879997,105.25,103.18,103.790001,59.627316,2116300
2008-04-23,103.989998,108.0,103.790001,107.879997,61.977058,2638100
2008-04-24,107.169998,107.529999,105.870003,106.599998,61.24168,1681200
2008-04-25,106.889999,107.980003,106.190002,107.629997,61.833408,1202100
2008-04-28,107.010002,108.309998,106.410004,106.650002,61.270386,1562500
2008-04-29,106.309998,107.080002,105.550003,105.889999,60.833782,1500700
2008-04-30,106.150002,107.290001,105.589996,106.040001,60.919956,1572100
2008-05-01,105.760002,107.830002,105.760002,107.720001,61.885113,1428300
2008-05-02,108.449997,108.449997,105.779999,106.93,61.431271,1729200
2008-05-05,106.459999,107.889999,106.07,106.620003,61.253166,1691400
2008-05-06,106.230003,106.949997,105.699997,106.529999,61.201458,1334000
2008-05-07,106.379997,107.18,105.010002,105.919998,60.851025,2051700
2008-05-08,106.110001,106.550003,105.309998,105.839996,60.805054,1300500
2008-05-09,105.5,106.279999,104.940002,105.839996,60.805054,950400
2008-05-12,105.839996,107.050003,105.529999,106.970001,61.454239,1101000
2008-05-13,107.230003,108.660004,107.230003,108.5,62.333244,1742200
2008-05-14,108.699997,110.0,108.5,108.709999,62.453865,1853800
2008-05-15,108.980003,109.230003,108.080002,109.059998,62.654953,1420400
2008-05-16,109.510002,109.650002,108.089996,109.160004,62.712399,1778900
2008-05-19,108.980003,110.599998,108.5,109.940002,63.160488,1726200
2008-05-20,109.629997,109.970001,108.330002,109.089996,62.672184,1489700
2008-05-21,109.080002,109.989998,106.82,106.949997,61.442753,1496600
2008-05-22,106.889999,107.699997,106.599998,107.089996,61.523148,1173300
2008-05-23,107.25,108.669998,106.949997,107.419998,61.712765,1331100
2008-05-27,107.269997,108.43,106.790001,107.349998,61.67255,998800
2008-05-28,107.290001,108.209999,106.940002,107.690002,61.867886,1639400
2008-05-29,107.699997,108.910004,106.32,108.610001,62.640747,1921700
2008-05-30,108.720001,109.879997,108.419998,109.440002,63.119434,1804100
2008-06-02,109.230003,109.870003,108.089996,109.160004,62.957932,1755200
2008-06-03,109.75,109.75,107.290001,107.830002,62.19088,2360300
2008-06-04,107.32,109.089996,107.32,108.489998,62.571526,1696100
2008-06-05,108.459999,108.489998,106.529999,107.669998,62.098576,2505000
2008-06-06,106.980003,106.980003,103.699997,103.75,59.837738,3129900
2008-06-09,104.379997,104.379997,101.75,102.650002,59.203323,2801800
2008-06-10,102.120003,104.050003,101.669998,102.980003,59.393627,1921000
2008-06-11,102.559998,103.970001,102.470001,102.690002,59.226391,1794500
2008-06-12,102.989998,105.370003,102.690002,102.790001,59.284023,1963000
2008-06-13,103.5,104.120003,102.760002,104.07,60.022312,1962000
2008-06-16,102.400002,103.790001,102.309998,102.550003,59.14563,1949100
2008-06-17,102.550003,103.400002,101.389999,101.589996,58.591961,1437400
2008-06-18,101.150002,102.440002,100.720001,100.959999,58.2286,1456900
2008-06-19,101.440002,103.910004,100.75,103.339996,59.601234,1829300
2008-06-20,102.980003,103.339996,101.239998,102.07,58.868797,2148400
2008-06-23,102.699997,104.339996,102.040001,104.129997,60.0569,2122400
2008-06-24,103.550003,104.839996,103.550003,103.940002,59.947285,1844500
2008-06-25,104.120003,105.0,103.699997,103.830002,59.883858,2661800
2008-06-26,103.239998,103.610001,99.5,99.5,57.386532,2699800
2008-06-27,99.800003,100.769997,99.370003,99.620003,57.455761,3265600
2008-06-30,99.650002,99.75,97.800003,98.660004,56.902096,3720500
2008-07-01,99.019997,101.489998,98.910004,101.089996,58.303558,2881100
2008-07-02,101.550003,102.279999,100.07,100.300003,57.847946,1956100
2008-07-03,100.940002,101.879997,100.760002,101.480003,58.528519,1658900
2008-07-07,101.709999,103.660004,101.370003,102.620003,59.185997,3525100
2008-07-08,102.720001,104.269997,102.260002,103.809998,59.872318,3712900
2008-07-09,104.129997,104.129997,102.309998,102.309998,59.00721,2873900
2008-07-10,102.309998,103.639999,101.769997,103.510002,59.699314,2665800
2008-07-11,102.540001,103.730003,101.5,102.68,59.220604,2932900
2008-07-14,103.510002,103.510002,100.620003,101.989998,58.822628,2145400
2008-07-15,101.379997,102.739998,100.779999,101.650002,58.62656,3040800
2008-07-16,101.25,102.050003,98.730003,100.739998,58.10173,4298300
2008-07-17,100.809998,101.480003,98.010002,100.260002,57.82489,3685900
2008-07-18,100.239998,101.389999,99.739998,100.989998,58.245869,2327400
2008-07-21,100.82,102.339996,100.400002,101.589996,58.591961,2621600
2008-07-22,100.830002,104.93,100.830002,103.879997,59.912708,4131500
2008-07-23,103.900002,107.43,103.419998,106.839996,61.6199,2863500
2008-07-24,106.889999,106.889999,104.440002,104.75,60.414486,2716500
2008-07-25,105.540001,105.800003,104.5,104.620003,60.3395,1685400
2008-07-28,104.599998,105.489998,103.050003,103.349998,59.607063,2653300
2008-07-29,102.779999,104.5,102.779999,103.919998,59.93576,1929300
2008-07-30,104.389999,106.379997,103.389999,104.129997,60.0569,2264300
2008-07-31,103.68,105.75,103.400002,104.330002,60.172237,1976300
2008-08-01,104.5,105.150002,102.860001,103.970001,59.964619,1688200
2008-08-04,104.0,105.75,103.730003,104.599998,60.327984,1271200
2008-08-05,105.489998,108.129997,105.059998,108.099998,62.3466,2648700
2008-08-06,107.900002,107.980003,106.160004,107.389999,61.937111,2564900
2008-08-07,106.910004,108.599998,106.5,108.290001,62.456139,2253900
2008-08-08,107.949997,112.059998,107.599998,112.059998,64.630524,3093700
2008-08-11,111.739998,113.010002,110.07,112.879997,65.103424,4045000
2008-08-12,112.82,114.410004,111.980003,114.389999,65.974358,4132400
2008-08-13,113.949997,114.800003,111.089996,112.970001,65.155373,4197800
2008-08-14,112.550003,113.720001,111.019997,113.18,65.276474,2956800
2008-08-15,113.379997,117.040001,113.290001,116.669998,67.289337,4938500
2008-08-18,116.730003,116.730003,114.019997,115.25,66.470329,3169000
2008-08-19,114.510002,116.050003,114.510002,115.739998,66.752953,2727800
2008-08-20,115.809998,115.809998,113.019997,114.25,65.893585,4144800
2008-08-21,113.760002,115.389999,112.550003,115.040001,66.34922,2238000
2008-08-22,115.349998,115.980003,114.239998,115.769997,66.770248,2390500
2008-08-25,115.029999,115.410004,113.639999,114.260002,65.899391,1679500
2008-08-26,114.529999,115.690002,113.690002,115.589996,66.666443,1949400
2008-08-27,115.150002,116.300003,115.07,115.900002,66.845245,1845300
2008-08-28,116.029999,120.300003,115.800003,119.589996,69.224312,3542300
2008-08-29,119.18,119.18,116.089996,116.440002,67.40094,3841500
2008-09-02,117.599998,118.18,116.169998,117.440002,67.979774,3641600
2008-09-03,117.07,118.190002,115.660004,116.400002,67.377777,2291800
2008-09-04,115.809998,116.0,112.949997,113.82,65.884346,2671300
2008-09-05,112.879997,116.339996,112.519997,115.720001,66.984169,3306300
2008-09-08,118.010002,118.129997,115.550003,117.830002,68.205513,2938300
2008-09-09,119.0,119.82,115.839996,115.889999,67.082565,3019500
2008-09-10,116.370003,116.370003,113.800003,114.089996,66.040649,3220100
2008-09-11,113.230003,115.220001,110.260002,115.099998,66.62529,2328500
2008-09-12,115.0,117.269997,114.449997,117.269997,67.881378,2264400
2008-09-15,115.309998,117.190002,110.879997,111.690002,64.651398,6054600
2008-09-16,110.089996,113.300003,106.120003,112.029999,64.848213,5852900
2008-09-17,110.370003,112.330002,106.019997,106.029999,61.37513,3922200
2008-09-18,106.739998,114.889999,106.510002,113.82,65.884346,4961000
2008-09-19,117.5,117.5,108.199997,110.879997,64.182526,5822000
2008-09-22,109.760002,111.5,106.199997,108.199997,62.631207,2823100
2008-09-23,108.25,109.860001,106.010002,107.529999,62.243389,2678100
2008-09-24,107.660004,109.110001,106.580002,107.650002,62.312874,1899400
2008-09-25,108.709999,111.650002,107.900002,110.510002,63.968365,2357200
2008-09-26,109.370003,112.870003,107.010002,112.550003,65.149208,2092600
2008-09-29,111.32,115.010002,107.550003,109.980003,63.661564,3425400
2008-09-30,110.260002,112.309998,108.190002,109.669998,63.482117,3572600
2008-10-01,108.900002,109.699997,107.489998,108.849998,63.007488,2879500
2008-10-02,108.199997,109.610001,102.870003,104.269997,60.356358,3982300
2008-10-03,105.57,107.32,104.660004,105.010002,60.784702,2837900
2008-10-06,103.309998,105.120003,101.349998,102.620003,59.401253,3407100
2008-10-07,103.800003,105.82,99.0,99.0,57.305832,5152000
2008-10-08,97.019997,101.480003,96.0,98.0,56.726986,5655600
2008-10-09,98.25,100.120003,91.660004,92.0,53.253902,4987100
2008-10-10,88.900002,94.080002,81.760002,87.480003,50.637508,8172500
2008-10-13,89.519997,90.519997,87.910004,90.260002,52.246708,4474800
2008-10-14,93.400002,96.849998,92.190002,95.769997,55.436165,4773000
2008-10-15,95.940002,95.940002,86.800003,87.470001,50.631714,3067500
2008-10-16,95.239998,95.239998,84.809998,92.610001,53.606976,3543300
2008-10-17,90.260002,94.75,87.75,90.75,52.530346,3212300
2008-10-20,91.989998,94.089996,90.629997,93.220001,53.960094,3701800
2008-10-21,89.339996,90.75,84.059998,84.190002,48.733109,7339200
2008-10-22,82.910004,84.980003,78.330002,79.769997,46.174618,5796400
2008-10-23,79.940002,81.410004,75.360001,79.639999,46.099373,5599400
2008-10-24,75.010002,79.650002,75.010002,75.839996,43.89975,3953000
2008-10-27,75.269997,76.209999,72.400002,72.639999,42.047432,4722300
2008-10-28,73.870003,80.489998,73.440002,80.279999,46.469826,4338800
2008-10-29,80.300003,82.419998,78.339996,78.610001,45.503159,3465500
2008-10-30,80.709999,83.370003,78.809998,82.18,47.569656,3302400
2008-10-31,82.150002,85.860001,80.860001,85.050003,49.230907,3922900
2008-11-03,84.949997,85.629997,83.040001,83.980003,48.611565,2411500
2008-11-04,85.489998,86.379997,84.279999,85.910004,49.72871,2947900
2008-11-05,86.32,86.669998,83.190002,84.389999,48.848892,3043700
2008-11-06,83.5,84.0,76.220001,76.82,44.467003,4631100
2008-11-07,77.18,79.419998,75.699997,78.75,45.584183,2508200
2008-11-10,80.269997,81.25,76.330002,77.510002,44.866421,2588500
2008-11-11,76.010002,76.720001,73.599998,74.410004,43.07198,3060900
2008-11-12,73.419998,73.870003,71.190002,71.699997,41.503311,2317200
2008-11-13,71.959999,75.230003,68.82,75.209999,43.535061,3340700
2008-11-14,73.690002,76.769997,71.639999,72.260002,41.827454,2782700
2008-11-17,71.239998,73.160004,69.870003,70.989998,41.092331,1987400
2008-11-18,70.709999,73.919998,70.010002,73.120003,42.325279,3964100
2008-11-19,73.540001,74.970001,68.809998,69.330002,40.131447,2576400
2008-11-20,68.779999,72.089996,67.379997,67.970001,39.344223,4021300
2008-11-21,68.07,72.980003,68.07,72.68,42.070587,4106300
2008-11-24,73.68,74.419998,71.410004,72.739998,42.10532,2754800
2008-11-25,74.129997,75.019997,71.150002,73.029999,42.273182,3336300
2008-11-26,71.540001,73.550003,70.279999,73.529999,42.897434,2046400
2008-11-28,73.699997,77.110001,73.279999,77.110001,44.985992,1258900
2008-12-01,76.419998,76.790001,70.980003,71.07,41.462265,2883000
2008-12-02,72.129997,74.830002,71.050003,73.629997,42.955765,3252400
2008-12-03,73.699997,77.110001,72.099998,76.910004,44.869305,3971900
2008-12-04,76.0,78.870003,75.120003,77.150002,45.009335,3671800
2008-12-05,76.349998,80.620003,74.690002,80.190002,46.782848,3718500
2008-12-08,81.459999,83.360001,80.190002,81.650002,47.634644,2939200
2008-12-09,80.75,82.839996,80.099998,80.769997,47.121231,3090000
2008-12-10,80.559998,82.0,77.839996,79.190002,46.199482,2848800
2008-12-11,78.959999,79.510002,75.779999,76.199997,44.455116,4117500
2008-12-12,74.830002,77.879997,74.199997,77.800003,45.388565,2788100
2008-12-15,78.230003,78.230003,74.239998,75.860001,44.256737,3002100
2008-12-16,76.300003,78.5,74.57,78.410004,45.744419,3417500
2008-12-17,77.139999,79.879997,76.339996,78.910004,46.036125,1910600
2008-12-18,79.099998,80.489998,78.209999,78.639999,45.878616,2016100
2008-12-19,79.25,81.489998,77.779999,80.010002,46.677868,4692300
2008-12-22,79.900002,79.900002,77.519997,78.919998,46.041954,2175700
2008-12-23,79.279999,79.82,78.0,78.279999,45.668579,1597200
2008-12-24,78.209999,79.839996,77.720001,79.220001,46.216965,468600
2008-12-26,79.150002,81.519997,78.889999,81.110001,47.319603,1023900
2008-12-29,81.0,81.68,79.860001,80.540001,46.987061,1263000
2008-12-30,81.099998,84.309998,80.790001,84.290001,49.174797,1705500
2008-12-31,84.290001,84.970001,83.93,84.080002,49.052303,1562800
2009-01-02,84.339996,85.900002,82.010002,85.550003,49.909904,1696800
2009-01-05,85.290001,85.349998,82.839996,83.849998,48.918125,2472800
2009-01-06,85.209999,85.220001,83.279999,84.099998,49.06395,2860100
2009-01-07,83.330002,83.330002,81.209999,81.830002,47.739666,2860500
2009-01-08,81.309998,81.449997,79.790001,80.809998,47.144585,2966100
2009-01-09,81.260002,81.879997,79.690002,80.760002,47.115414,2868800
2009-01-12,80.75,81.080002,79.099998,79.660004,46.473671,2183700
2009-01-13,79.339996,80.650002,77.690002,80.25,46.817867,3246700
2009-01-14,79.449997,80.839996,77.879997,78.800003,45.971924,3673800
2009-01-15,78.559998,79.529999,77.330002,79.480003,46.368664,3103700
2009-01-16,80.730003,82.57,79.970001,82.160004,47.932152,3449400
2009-01-20,81.639999,82.360001,78.040001,78.629997,45.872761,2957300
2009-01-21,79.610001,80.18,78.0,80.029999,46.689541,2758100
2009-01-22,77.949997,85.589996,76.699997,85.080002,49.635696,6176400
2009-01-23,83.550003,84.089996,80.190002,80.980003,47.243748,5824300
2009-01-26,80.720001,83.190002,80.269997,82.519997,48.142193,3279300
2009-01-27,83.120003,83.599998,80.449997,82.480003,48.118866,2894200
2009-01-28,83.720001,84.0,81.349998,82.57,48.171368,2569800
2009-01-29,82.470001,83.720001,81.809998,83.110001,48.486397,2489900
2009-01-30,82.910004,83.989998,81.440002,82.040001,47.862164,2438500
2009-02-02,81.0,81.0,77.839996,79.18,46.193626,3852800
2009-02-03,79.889999,80.580002,76.839996,79.900002,46.613686,4093400
2009-02-04,79.970001,82.389999,79.860001,81.059998,47.290421,2541900
2009-02-05,80.400002,82.459999,79.099998,81.620003,47.617126,2782000
2009-02-06,81.129997,81.370003,77.550003,79.370003,46.304474,6036600
2009-02-09,79.370003,81.620003,79.099998,81.5,47.547104,3751500
2009-02-10,80.809998,81.75,77.43,77.989998,45.499397,3957200
2009-02-11,78.879997,79.120003,77.110001,77.489998,45.207684,2779800
2009-02-12,77.040001,77.419998,75.0,77.379997,45.143513,3804100
2009-02-13,76.980003,79.440002,76.260002,78.470001,45.779419,3045800
2009-02-17,76.809998,76.809998,74.529999,75.639999,44.128403,2847800
2009-02-18,75.989998,78.419998,74.980003,77.029999,44.939339,3980800
2009-02-19,77.769997,77.849998,76.57,77.160004,45.015171,3304900
2009-02-20,75.459999,78.489998,75.309998,77.75,45.359379,4162200
2009-02-23,77.580002,77.900002,73.699997,73.870003,43.095783,3235700
2009-02-24,74.32,75.260002,72.730003,74.440002,43.428322,3256600
2009-02-25,73.93,73.980003,69.669998,70.459999,41.106377,5704700
2009-02-26,70.900002,71.5,68.730003,68.93,40.541763,3600300
2009-02-27,67.440002,67.720001,63.110001,63.110001,37.118668,7543900
2009-03-02,60.630001,61.880001,59.689999,59.959999,35.265976,6767600
2009-03-03,60.09,61.5,58.43,59.349998,34.9072,6494900
2009-03-04,60.689999,63.23,59.709999,61.950001,36.436413,6697500
2009-03-05,60.630001,61.5,59.290001,59.91,35.236568,5184600
2009-03-06,60.02,61.119999,57.41,58.849998,34.613117,3970600
2009-03-09,58.18,59.400002,57.549999,58.240002,34.254341,3073200
2009-03-10,59.099998,59.5,57.959999,59.009998,34.707226,4987600
2009-03-11,59.349998,60.0,57.959999,58.18,34.219044,4016300
2009-03-12,58.18,61.380001,57.740002,61.02,35.88942,5404500
2009-03-13,61.41,62.0,60.459999,61.200001,35.995289,4028800
2009-03-16,61.549999,65.790001,60.939999,64.610001,38.0009,4718800
2009-03-17,64.650002,65.739998,63.200001,65.660004,38.618469,3099900
2009-03-18,65.410004,67.879997,64.160004,66.839996,39.312508,3206900
2009-03-19,67.620003,68.82,66.0,68.220001,40.124157,4269800
2009-03-20,68.269997,69.779999,67.449997,67.779999,39.865372,4196500
2009-03-23,68.900002,69.830002,67.349998,69.139999,40.665268,3413000
2009-03-24,68.540001,70.059998,68.089996,68.089996,40.047691,3892500
2009-03-25,68.970001,69.839996,67.07,68.480003,40.277081,3556700
2009-03-26,68.889999,72.830002,68.889999,72.669998,42.741455,4025900
2009-03-27,71.970001,72.779999,70.739998,71.279999,41.923931,3603700
2009-03-30,69.709999,70.279999,68.339996,69.010002,40.588818,3003700
2009-03-31,69.269997,70.629997,67.290001,69.029999,40.600567,3500100
2009-04-01,67.529999,69.040001,66.400002,67.589996,39.753613,4311100
2009-04-02,68.910004,70.489998,68.589996,69.169998,40.682919,3669700
2009-04-03,68.980003,69.5,65.720001,67.309998,39.588936,5308900
2009-04-06,66.870003,73.470001,65.209999,73.279999,43.100231,12102000
2009-04-07,71.989998,75.800003,71.849998,73.790001,43.4002,8492500
2009-04-08,73.93,74.18,72.019997,72.699997,42.759106,3424500
2009-04-09,74.019997,74.589996,72.449997,73.32,43.123772,2680000
2009-04-13,72.639999,74.230003,72.25,73.790001,43.4002,2931200
2009-04-14,73.309998,73.879997,72.0,72.910004,42.882626,2519100
2009-04-15,72.459999,74.410004,72.269997,74.330002,43.717819,2677800
2009-04-16,74.830002,78.220001,74.290001,77.580002,45.629311,4494800
2009-04-17,77.639999,78.029999,76.529999,76.940002,45.252903,3099400
2009-04-20,76.099998,76.660004,75.010002,75.730003,44.541248,2462100
2009-04-21,76.0,77.5,75.209999,76.040001,44.723583,3159400
2009-04-22,74.720001,76.75,74.519997,74.849998,44.023647,3231100
2009-04-23,75.730003,77.449997,74.32,77.360001,45.499928,2807500
2009-04-24,77.410004,77.550003,76.279999,77.080002,45.335228,1947500
2009-04-27,76.449997,79.099998,75.68,78.059998,45.911629,2110400
2009-04-28,77.129997,78.040001,76.730003,77.129997,45.364651,1804600
2009-04-29,78.029999,80.059998,77.889999,79.080002,46.511555,1534200
2009-04-30,79.559998,80.629997,77.639999,78.529999,46.188072,2385700
2009-05-01,78.669998,82.239998,78.620003,81.589996,47.987839,3275200
2009-05-04,81.269997,81.589996,79.900002,80.339996,47.252636,3771700
2009-05-05,79.980003,80.779999,79.18,79.68,46.864464,2828800
2009-05-06,80.43,80.889999,79.139999,80.480003,47.334984,2083700
2009-05-07,80.599998,80.620003,78.830002,79.68,46.864464,3397700
2009-05-08,80.279999,82.459999,80.279999,82.459999,48.49955,2217700
2009-05-11,81.519997,81.519997,79.800003,80.349998,47.258514,2578100
2009-05-12,80.510002,81.849998,79.360001,81.610001,47.999611,2144100
2009-05-13,80.459999,80.900002,79.440002,80.529999,47.364407,2353600
2009-05-14,80.550003,81.57,80.18,80.870003,47.564384,1842600
2009-05-15,80.730003,80.900002,79.050003,79.93,47.01149,2238700
2009-05-18,79.5,80.639999,79.059998,80.550003,47.376156,1858500
2009-05-19,79.849998,80.989998,79.300003,80.540001,47.370277,2344500
2009-05-20,80.940002,83.309998,80.730003,82.480003,48.511299,3289000
2009-05-21,81.639999,81.760002,80.349998,81.480003,47.923126,2148300
2009-05-22,81.800003,82.480003,81.139999,81.440002,47.899616,1130400
2009-05-26,81.110001,83.860001,81.059998,83.260002,48.970058,1986700
2009-05-27,83.419998,83.470001,81.699997,81.779999,48.099594,1675100
2009-05-28,81.199997,83.25,80.629997,82.989998,49.153854,1878000
2009-05-29,83.0,83.980003,81.75,83.629997,49.532921,1648600
2009-06-01,83.75,85.290001,83.690002,84.160004,49.846832,3337400
2009-06-02,83.860001,84.82,83.169998,84.370003,49.971203,2202300
2009-06-03,83.639999,84.550003,82.629997,83.239998,49.301926,2408700
2009-06-04,83.660004,84.760002,83.550003,84.5,50.048203,1704500
2009-06-05,85.339996,87.059998,84.650002,86.169998,51.037327,1975600
2009-06-08,84.82,86.370003,84.199997,85.849998,50.847805,1550300
2009-06-09,85.599998,86.0,83.199997,84.010002,49.757992,2360000
2009-06-10,84.349998,84.489998,81.610001,82.93,49.118324,2645900
2009-06-11,83.18,84.389999,82.110001,82.220001,48.697815,2271000
2009-06-12,81.690002,82.879997,81.610001,82.769997,49.023552,2313600
2009-06-15,82.110001,82.529999,81.220001,82.07,48.608955,2095800
2009-06-16,82.480003,82.849998,81.459999,81.809998,48.45496,1559600
2009-06-17,81.860001,82.550003,81.209999,82.050003,48.597099,2055100
2009-06-18,82.360001,84.360001,81.5,83.489998,49.450005,2068900
2009-06-19,84.199997,84.199997,82.440002,82.550003,48.893253,2701400
2009-06-22,82.339996,82.790001,81.309998,81.480003,48.259495,1770000
2009-06-23,81.82,81.910004,80.089996,81.349998,48.182507,2130700
2009-06-24,81.589996,82.529999,79.139999,79.519997,47.098618,2911400
2009-06-25,79.160004,81.330002,79.160004,81.129997,48.0522,2444000
2009-06-26,80.980003,81.550003,80.610001,80.970001,47.95742,1947200
2009-06-29,81.370003,82.279999,80.639999,82.040001,48.591175,1069200
2009-06-30,82.040001,82.040001,80.300003,80.650002,47.767906,1746800
2009-07-01,80.959999,81.32,80.400002,80.639999,47.762005,1919000
2009-07-02,79.809998,79.910004,78.019997,79.519997,47.098618,2128000
2009-07-06,78.870003,80.709999,78.379997,80.5,47.679058,1797800
2009-07-07,80.190002,80.480003,77.599998,78.0,46.198349,2592300
2009-07-08,78.110001,78.709999,77.769997,78.400002,46.435268,2177100
2009-07-09,78.599998,78.949997,77.720001,78.279999,46.364193,1457400
2009-07-10,78.010002,78.379997,77.0,77.910004,46.145058,1672100
2009-07-13,78.050003,80.410004,77.669998,80.0,47.382923,2176300
2009-07-14,79.949997,81.559998,79.610001,81.190002,48.087734,1431100
2009-07-15,81.779999,82.300003,80.690002,81.25,48.12328,2796000
2009-07-16,81.489998,82.919998,81.089996,82.489998,48.857723,1369700
2009-07-17,82.099998,82.480003,80.610001,81.089996,48.028522,2513600
2009-07-20,81.239998,82.150002,80.269997,82.110001,48.632656,2415800
2009-07-21,80.160004,80.269997,74.360001,75.129997,44.498486,13750100
2009-07-22,75.839996,77.690002,75.199997,76.25,45.161823,5789000
2009-07-23,76.43,76.550003,74.629997,75.349998,44.628788,3915800
2009-07-24,75.199997,75.730003,73.93,74.080002,43.876579,4357800
2009-07-27,74.139999,74.650002,73.110001,74.550003,44.154961,2769600
2009-07-28,73.709999,75.419998,73.699997,75.07,44.46294,2798000
2009-07-29,74.410004,75.330002,73.790001,74.709999,44.249725,3575900
2009-07-30,74.620003,76.190002,74.529999,74.650002,44.214184,3836400
2009-07-31,74.860001,75.910004,74.620003,74.760002,44.279354,3200100
2009-08-03,75.400002,75.889999,73.349998,75.75,44.865715,3236900
2009-08-04,75.510002,75.790001,75.0,75.470001,44.699856,4111000
2009-08-05,75.32,75.599998,73.919998,74.32,44.018726,3541200
2009-08-06,74.669998,75.699997,73.959999,75.699997,44.83609,3751100
2009-08-07,75.93,77.160004,75.120003,76.760002,45.463928,2317900
2009-08-10,76.68,76.730003,75.510002,76.120003,45.084854,1794700
2009-08-11,76.099998,76.099998,75.050003,75.209999,44.545856,2463100
2009-08-12,75.300003,76.339996,75.0,75.650002,44.806477,2688900
2009-08-13,75.489998,75.769997,74.75,75.400002,44.658413,1906200
2009-08-14,75.529999,75.75,74.110001,74.589996,44.178638,2002700
2009-08-17,73.830002,74.589996,73.599998,73.959999,43.805523,2363800
2009-08-18,74.209999,74.800003,73.610001,74.099998,43.88842,2262700
2009-08-19,73.779999,74.129997,73.209999,73.739998,43.675201,2215300
2009-08-20,73.720001,74.730003,73.5,74.620003,44.196419,3000400
2009-08-21,75.190002,75.379997,74.220001,74.919998,44.374107,3465600
2009-08-24,75.269997,75.269997,73.730003,74.709999,44.249725,4085200
2009-08-25,75.25,75.959999,74.199997,74.43,44.083881,5364200
2009-08-26,74.279999,75.089996,73.989998,74.580002,44.172737,4200800
2009-08-27,74.970001,75.949997,74.660004,75.540001,44.741333,3974700
2009-08-28,75.739998,75.870003,74.510002,74.949997,44.729374,3394200
2009-08-31,74.900002,75.07,73.790001,74.980003,44.747284,2359500
2009-09-01,76.0,77.0,74.970001,75.599998,45.117313,5558400
2009-09-02,75.339996,75.93,74.419998,74.559998,44.496632,4288300
2009-09-03,74.970001,75.339996,73.449997,74.879997,44.687595,3931900
2009-09-04,74.910004,75.580002,74.5,75.279999,44.926327,2305900
2009-09-08,75.190002,75.690002,73.650002,74.169998,44.263889,5616900
2009-09-09,73.860001,74.099998,72.57,73.129997,43.643227,7230100
2009-09-10,73.260002,73.910004,72.199997,73.559998,43.899834,4890400
2009-09-11,73.809998,75.779999,73.25,75.639999,45.141178,6050700
2009-09-14,74.910004,76.449997,74.459999,75.589996,45.111317,2820200
2009-09-15,75.660004,76.389999,75.019997,75.699997,45.176971,3151400
2009-09-16,76.050003,76.730003,75.510002,76.160004,45.451504,3678700
2009-09-17,76.139999,80.199997,75.529999,79.559998,47.480583,7449600
2009-09-18,79.889999,80.330002,79.029999,80.080002,47.79092,5548400
2009-09-21,79.5,80.139999,78.769997,79.239998,47.289612,2533700
2009-09-22,79.82,79.860001,79.150002,79.559998,47.480583,2568700
2009-09-23,79.889999,79.889999,78.660004,78.830002,47.044933,4498500
2009-09-24,78.730003,78.730003,76.93,76.949997,45.922966,3330400
2009-09-25,77.660004,78.32,77.230003,77.889999,46.483936,3792900
2009-09-28,78.269997,78.849998,77.870003,78.400002,46.788303,2460200
2009-09-29,78.669998,79.32,78.25,79.050003,47.176216,2605000
2009-09-30,79.209999,79.209999,77.639999,78.080002,46.597351,4209800
2009-10-01,77.949997,78.120003,76.589996,76.610001,45.720055,3259000
2009-10-02,76.669998,76.669998,75.089996,75.370003,44.980049,3634900
2009-10-05,75.5,75.93,74.779999,74.989998,44.753254,4254000
2009-10-06,75.360001,76.339996,74.989998,76.18,45.46344,2772000
2009-10-07,76.010002,76.010002,73.589996,74.029999,44.18034,5652100
2009-10-08,74.410004,74.470001,72.889999,73.0,43.565643,6681700
2009-10-09,73.199997,76.059998,73.059998,75.82,45.248589,5309400
2009-10-12,75.300003,75.330002,74.080002,74.419998,44.413086,4642300
2009-10-13,74.790001,74.860001,73.720001,74.099998,44.222122,2520900
2009-10-14,74.790001,75.599998,73.730003,75.150002,44.84874,3016700
2009-10-15,74.870003,75.370003,74.440002,74.870003,44.681644,1941600
2009-10-16,74.449997,75.970001,74.169998,75.440002,45.021832,3132200
2009-10-19,75.639999,77.379997,75.040001,76.989998,45.94685,3658200
2009-10-20,72.720001,73.480003,71.919998,71.989998,42.962883,12745700
2009-10-21,71.339996,71.379997,69.400002,69.660004,41.572384,11012200
2009-10-22,70.150002,72.0,69.959999,71.580002,42.718204,7127100
2009-10-23,71.660004,72.690002,71.480003,72.190002,43.082237,5315600
2009-10-26,72.529999,72.529999,71.050003,71.470001,42.652569,4729100
2009-10-27,71.32,71.489998,69.940002,70.010002,41.781242,5433600
2009-10-28,70.029999,70.209999,68.199997,68.32,40.772671,5465600
2009-10-29,68.540001,69.639999,67.389999,69.489998,41.470924,4762900
2009-10-30,69.389999,69.669998,68.440002,68.790001,41.05315,3955400
2009-11-02,69.040001,69.389999,68.330002,68.870003,41.100925,2754600
2009-11-03,68.5,69.410004,67.900002,69.400002,41.417206,3479100
2009-11-04,69.620003,71.739998,69.169998,70.400002,42.013981,4248600
2009-11-05,70.82,72.860001,70.68,72.860001,43.482101,3835000
2009-11-06,72.190002,73.93,72.190002,73.769997,44.025166,3442100
2009-11-09,74.099998,75.650002,73.769997,75.589996,45.111317,3188000
2009-11-10,75.400002,75.540001,74.400002,74.599998,44.520504,2789000
2009-11-11,75.040001,75.82,74.730003,75.080002,44.806961,2430000
2009-11-12,75.0,75.120003,73.68,74.099998,44.222122,3618400
2009-11-13,74.160004,76.190002,74.160004,76.07,45.397793,3105100
2009-11-16,76.360001,77.599998,76.32,76.980003,45.940872,2859000
2009-11-17,76.860001,77.029999,75.849998,76.309998,45.541019,2096500
2009-11-18,76.410004,76.800003,75.089996,75.360001,44.974075,2767300
2009-11-19,75.190002,75.449997,73.809998,75.279999,44.926327,2505500
2009-11-20,74.919998,76.349998,74.660004,76.099998,45.415688,2844200
2009-11-23,76.620003,77.32,76.580002,77.279999,46.119904,2249100
2009-11-24,77.300003,77.639999,76.32,77.559998,46.287003,2692500
2009-11-25,77.410004,78.669998,77.199997,78.599998,46.907661,3050700
2009-11-27,76.599998,77.550003,76.120003,77.099998,46.384274,1284900
2009-11-30,76.980003,77.419998,76.129997,77.230003,46.462479,2930000
2009-12-01,77.730003,79.150002,77.5,78.93,47.48521,2864300
2009-12-02,78.989998,79.080002,77.440002,78.190002,47.040035,3013400
2009-12-03,78.269997,78.669998,77.32,77.470001,46.606857,1730100
2009-12-04,78.470001,79.650002,77.769997,78.209999,47.052059,2955700
2009-12-07,78.43,79.040001,77.980003,78.669998,47.328785,2140200
2009-12-08,78.209999,78.470001,77.010002,77.660004,46.72118,1400500
2009-12-09,76.879997,76.879997,74.43,75.400002,45.361526,5475400
2009-12-10,75.519997,76.18,75.220001,75.980003,45.710484,3215100
2009-12-11,76.489998,77.449997,76.040001,76.779999,46.19175,2844500
2009-12-14,77.050003,78.370003,76.809998,77.82,46.817432,3194000
2009-12-15,77.5,77.830002,77.150002,77.610001,46.691078,2545500
2009-12-16,78.199997,78.470001,77.419998,77.459999,46.600834,2362400
2009-12-17,77.129997,77.300003,76.019997,76.080002,45.770626,4610100
2009-12-18,76.389999,76.599998,75.769997,76.339996,45.92704,3271000
2009-12-21,76.389999,77.410004,76.18,76.269997,45.884933,2558500
2009-12-22,76.07,76.879997,75.410004,75.650002,45.51194,1947900
2009-12-23,75.93,76.080002,75.139999,75.230003,45.259258,2211000
2009-12-24,75.610001,75.699997,74.949997,75.110001,45.187069,828800
2009-12-28,75.120003,75.769997,74.769997,75.699997,45.542004,1672000
2009-12-29,75.959999,77.220001,75.959999,76.660004,46.119553,2303900
2009-12-30,76.290001,77.080002,75.82,76.120003,45.794697,1673800
2009-12-31,76.300003,76.389999,75.190002,75.349998,45.331448,1414000
2010-01-04,75.870003,76.949997,75.519997,76.849998,46.233856,2408300
2010-01-05,76.620003,77.790001,76.550003,77.650002,46.715168,2356500
2010-01-06,76.099998,77.190002,75.849998,76.510002,46.029312,5208100
2010-01-07,76.169998,76.199997,73.610001,74.410004,44.76593,7038300
2010-01-08,74.349998,75.940002,74.32,75.610001,45.487862,3629400
2010-01-11,75.760002,76.190002,75.190002,75.970001,45.704437,1973500
2010-01-12,75.75,76.470001,75.309998,75.959999,45.698437,2119000
2010-01-13,76.160004,77.019997,75.709999,76.879997,46.251919,2245100
2010-01-14,76.790001,77.029999,76.150002,76.839996,46.227848,1954500
2010-01-15,76.959999,77.190002,76.330002,76.760002,46.179729,2041900
2010-01-19,76.800003,78.699997,76.550003,78.309998,47.112221,3765500
2010-01-20,77.809998,78.300003,76.82,78.110001,46.991875,3128200
2010-01-21,78.050003,78.580002,76.470001,76.980003,46.312073,2304400
2010-01-22,76.75,77.309998,75.5,75.580002,45.46983,2072100
2010-01-25,76.25,77.480003,75.82,76.760002,46.179729,2559200
2010-01-26,76.419998,77.349998,75.849998,76.779999,46.19175,2835100
2010-01-27,76.690002,77.339996,76.0,77.129997,46.402325,3054500
2010-01-28,78.43,78.470001,75.25,76.150002,45.812759,3542400
2010-01-29,76.160004,76.449997,74.370003,74.519997,44.832096,3249800
2010-02-01,75.339996,75.339996,74.279999,74.889999,45.05471,2781100
2010-02-02,75.0,76.760002,74.889999,76.550003,46.053368,2995600
2010-02-03,76.18,76.949997,75.839996,76.690002,46.137604,2647600
2010-02-04,76.25,77.120003,75.949997,76.0,45.722496,4992800
2010-02-05,75.849998,76.620003,74.040001,75.720001,45.554039,5029700
2010-02-08,75.68,75.860001,74.470001,74.529999,44.83812,4308100
2010-02-09,75.169998,75.989998,74.699997,75.449997,45.391617,3697800
2010-02-10,75.349998,75.589996,74.699997,75.110001,45.187069,2798600
2010-02-11,74.900002,76.419998,74.510002,76.349998,45.933056,3432500
2010-02-12,75.730003,75.959999,75.019997,75.580002,45.46983,2478500
2010-02-16,75.919998,76.330002,75.480003,76.029999,45.740536,2531400
2010-02-17,76.150002,76.769997,75.519997,76.370003,45.945091,2060100
2010-02-18,76.169998,77.440002,76.150002,77.330002,46.52264,2687400
2010-02-19,77.190002,77.459999,76.639999,77.209999,46.450447,2801000
2010-02-22,77.190002,77.730003,76.550003,76.940002,46.28801,3029100
2010-02-23,76.839996,78.050003,76.739998,76.900002,46.263947,2900000
2010-02-24,77.169998,77.690002,76.93,77.559998,46.661018,2379300
2010-02-25,76.0,77.040001,75.620003,76.989998,46.697411,2047900
2010-02-26,76.889999,77.940002,76.699997,77.760002,47.164425,2636000
2010-03-01,77.75,79.419998,77.690002,78.860001,47.831638,2436600
2010-03-02,79.220001,80.089996,78.970001,79.209999,48.043919,2727900
2010-03-03,79.730003,80.050003,78.720001,78.849998,47.825554,1958900
2010-03-04,79.190002,79.830002,78.610001,79.269997,48.080292,1850000
2010-03-05,79.419998,81.330002,79.419998,81.269997,49.293381,3194500
2010-03-08,81.190002,81.970001,81.07,81.089996,49.184196,2440100
2010-03-09,81.010002,82.449997,80.839996,82.220001,49.869614,2553800
2010-03-10,82.489998,82.959999,82.230003,82.580002,50.087952,2308000
2010-03-11,82.199997,83.239998,80.32,83.029999,50.360882,3114300
2010-03-12,83.089996,83.349998,82.580002,83.089996,50.397274,2008600
2010-03-15,83.139999,84.260002,83.059998,84.120003,51.022022,2630900
2010-03-16,84.300003,84.989998,84.139999,84.620003,51.325283,4087500
2010-03-17,84.769997,85.199997,84.5,84.860001,51.470848,2587500
2010-03-18,84.739998,86.129997,84.339996,85.940002,52.125912,2923100
2010-03-19,86.900002,87.18,86.099998,86.900002,52.70821,4031700
2010-03-22,85.389999,86.349998,85.120003,85.709999,51.986431,3012700
2010-03-23,85.5,85.75,84.419998,84.779999,51.422329,3327800
2010-03-24,84.68,84.709999,83.459999,83.879997,50.876453,2092500
2010-03-25,83.93,84.580002,83.489998,83.529999,50.664146,1531900
2010-03-26,83.940002,84.580002,83.529999,84.239998,51.094784,1674200
2010-03-29,84.540001,85.230003,84.529999,84.82,51.446617,1343400
2010-03-30,84.699997,85.029999,83.610001,84.089996,51.003838,1546900
2010-03-31,83.879997,83.879997,82.889999,83.220001,50.476139,2260600
2010-04-01,83.610001,84.25,83.199997,83.879997,50.876453,1856400
2010-04-05,84.0,84.489998,83.57,83.839996,50.852192,1151700
2010-04-06,83.620003,83.620003,82.279999,82.519997,50.051563,2228900
2010-04-07,82.220001,82.809998,81.970001,82.190002,49.851379,1615300
2010-04-08,82.230003,82.589996,81.989998,82.190002,49.851379,1323100
2010-04-09,82.440002,82.82,81.879997,82.790001,50.215328,1077100
2010-04-12,82.720001,83.199997,82.529999,82.919998,50.294155,1137800
2010-04-13,82.839996,82.919998,82.139999,82.599998,50.10009,1273300
2010-04-14,82.629997,82.690002,81.489998,82.610001,50.106152,1855800
2010-04-15,82.68,83.580002,82.610001,83.220001,50.476139,1451200
2010-04-16,83.309998,83.540001,82.029999,82.989998,50.336632,2595500
2010-04-19,82.949997,84.279999,82.870003,84.199997,51.070538,2264400
2010-04-20,84.519997,85.419998,84.260002,84.970001,51.53759,2275800
2010-04-21,84.839996,86.849998,84.290001,86.25,52.313927,2372300
2010-04-22,85.889999,86.779999,85.410004,86.669998,52.568684,2704400
2010-04-23,86.730003,86.919998,85.940002,86.919998,52.720337,1332900
2010-04-26,87.029999,87.059998,85.919998,86.089996,52.216896,1550200
2010-04-27,85.989998,86.269997,84.190002,84.5,51.252495,2892600
2010-04-28,84.879997,85.230003,83.889999,84.959999,51.531502,1758900
2010-04-29,85.440002,86.650002,85.440002,86.370003,52.386742,1534300
2010-04-30,86.239998,86.870003,84.889999,84.889999,51.48904,1555400
2010-05-03,85.290001,86.980003,85.029999,86.75,52.617207,1485200
2010-05-04,86.279999,86.309998,85.0,85.400002,51.798374,2416100
2010-05-05,84.440002,85.940002,84.440002,84.839996,51.458733,2062500
2010-05-06,84.5,85.730003,78.739998,82.849998,50.251713,3665700
2010-05-07,82.330002,83.260002,80.550003,81.269997,49.293381,4108400
2010-05-10,83.980003,84.889999,82.639999,83.620003,50.718723,2659400
2010-05-11,83.010002,83.949997,82.639999,83.099998,50.403339,2421000
2010-05-12,83.489998,84.019997,82.959999,83.410004,50.591393,2433900
2010-05-13,83.449997,83.919998,82.059998,82.349998,49.948433,2181700
2010-05-14,81.779999,82.160004,80.099998,80.790001,49.002262,2417100
2010-05-17,80.970001,81.699997,80.18,81.309998,49.317661,2599600
2010-05-18,81.610001,82.709999,80.629997,81.0,49.129623,3007200
2010-05-19,80.769997,81.010002,78.980003,80.5,48.826355,2572500
2010-05-20,79.32,79.599998,77.550003,77.550003,47.037064,3519400
2010-05-21,76.269997,81.190002,76.059998,81.160004,49.226665,5904300
2010-05-24,80.760002,81.110001,79.669998,79.800003,48.40176,2511900
2010-05-25,78.559998,80.760002,78.190002,80.400002,48.765701,4258200
2010-05-26,80.940002,81.370003,79.709999,79.730003,48.359329,3549200
2010-05-27,80.599998,80.599998,79.620003,80.559998,49.25193,2488700
2010-05-28,80.419998,80.75,79.720001,79.919998,48.860634,1907900
2010-06-01,79.849998,80.900002,78.970001,79.169998,48.402107,1806500
2010-06-02,79.300003,79.839996,78.459999,79.800003,48.787262,2551100
2010-06-03,79.809998,80.32,79.339996,79.709999,48.732269,1797900
2010-06-04,78.760002,78.760002,77.169998,77.389999,47.313869,2274200
2010-06-07,77.989998,77.989998,76.220001,76.32,46.659714,2469900
2010-06-08,76.300003,77.279999,75.739998,77.0,47.075443,2301600
2010-06-09,77.040001,78.540001,77.0,77.339996,47.283291,2256100
2010-06-10,77.970001,78.830002,77.519997,78.470001,47.974148,2099500
2010-06-11,77.809998,78.860001,77.419998,78.75,48.145317,1455800
2010-06-14,79.25,80.669998,79.25,79.669998,48.707802,2311200
2010-06-15,80.190002,80.889999,79.949997,80.839996,49.423103,2167000
2010-06-16,80.459999,81.599998,80.419998,81.199997,49.643192,1208800
2010-06-17,80.959999,81.449997,79.989998,80.949997,49.490364,1826400
2010-06-18,81.089996,81.089996,80.010002,80.690002,49.331387,2606000
2010-06-21,81.449997,81.699997,79.610001,80.07,48.952358,2147700
2010-06-22,79.959999,81.139999,79.769997,79.860001,48.823963,1894200
2010-06-23,80.07,80.57,79.239998,79.690002,48.720028,2231200
2010-06-24,79.440002,80.019997,78.0,78.120003,47.760174,1728200
2010-06-25,78.120003,78.5,77.580002,78.050003,47.717381,3091600
2010-06-28,78.349998,78.639999,77.580002,77.580002,47.430027,1602600
2010-06-29,77.080002,77.339996,74.620003,75.150002,45.944424,3106900
2010-06-30,75.0,75.519997,74.360001,74.5,45.547028,2659600
2010-07-01,74.5,74.959999,73.779999,74.459999,45.522579,2332400
2010-07-02,74.739998,75.019997,73.889999,74.440002,45.510345,1499900
2010-07-06,75.029999,75.32,73.650002,74.330002,45.443089,1810400
2010-07-07,74.279999,75.480003,73.800003,75.410004,46.103359,2167600
2010-07-08,75.580002,76.209999,75.220001,76.150002,46.555801,2065400
2010-07-09,75.93,76.010002,74.610001,75.239998,45.999432,1996800
2010-07-12,74.940002,75.199997,74.239998,74.739998,45.693764,1551300
2010-07-13,75.099998,75.980003,75.099998,75.529999,46.176723,1958800
2010-07-14,75.220001,76.230003,75.040001,75.5,46.158394,2442300
2010-07-15,75.580002,76.150002,75.010002,75.949997,46.433498,2153300
2010-07-16,75.610001,76.089996,73.830002,73.93,45.198524,1960300
2010-07-19,74.339996,74.739998,73.730003,74.050003,45.271904,1370100
2010-07-20,73.150002,73.980003,72.349998,73.900002,45.180199,2911300
2010-07-21,74.279999,74.589996,73.139999,73.660004,45.033474,3112900
2010-07-22,74.410004,74.809998,73.779999,74.25,45.394188,3105000
2010-07-23,74.379997,74.830002,73.900002,73.949997,45.21077,2886600
2010-07-26,73.849998,75.269997,73.849998,74.879997,45.779343,3181300
2010-07-27,75.300003,76.339996,74.779999,74.870003,45.77322,3358000
2010-07-28,75.07,75.669998,74.25,75.239998,45.999432,1762700
2010-07-29,75.709999,75.709999,74.129997,74.949997,45.822128,1919000
2010-07-30,74.260002,75.440002,74.260002,75.150002,45.944424,2686900
2010-08-02,75.839996,76.0,74.980003,75.900002,46.402927,1776000
2010-08-03,75.809998,75.809998,75.269997,75.43,46.115604,1829100
2010-08-04,75.589996,75.589996,74.910004,75.019997,45.864918,2626700
2010-08-05,74.5,75.68,74.25,75.029999,45.871033,2706200
2010-08-06,74.400002,75.07,74.199997,75.07,45.895496,1323600
2010-08-09,75.18,75.739998,75.139999,75.599998,46.219543,979400
2010-08-10,75.239998,75.25,73.620003,75.050003,45.883274,2133800
2010-08-11,74.099998,74.199997,72.75,73.120003,44.70332,2661100
2010-08-12,72.370003,72.93,72.0,72.480003,44.312027,2164700
2010-08-13,72.239998,73.519997,72.220001,72.720001,44.458771,2095300
2010-08-16,72.419998,72.419998,71.510002,71.940002,43.981915,3378200
2010-08-17,72.400002,73.370003,71.959999,72.419998,44.27536,3620000
2010-08-18,72.5,73.910004,72.290001,73.660004,45.033474,2956300
2010-08-19,73.330002,73.720001,72.660004,73.080002,44.678875,3112800
2010-08-20,72.480003,73.349998,72.480003,73.199997,44.752239,2467900
2010-08-23,73.68,73.720001,72.410004,72.480003,44.312027,2499400
2010-08-24,71.940002,72.089996,71.129997,71.25,43.56007,2416100
2010-08-25,70.790001,72.080002,70.0,71.669998,43.816837,2501000
2010-08-26,71.739998,72.32,71.330002,71.540001,43.73735,1332900
2010-08-27,71.93,72.300003,71.18,72.269997,44.183674,1738900
2010-08-30,70.650002,71.139999,70.139999,70.220001,43.307888,1867000
2010-08-31,69.93,70.199997,69.360001,69.519997,42.876163,2714200
2010-09-01,70.089996,70.639999,69.779999,69.93,43.129025,3227300
2010-09-02,69.779999,70.32,69.650002,70.32,43.36956,2828500
2010-09-03,70.779999,70.93,70.379997,70.720001,43.616272,2039200
2010-09-07,70.660004,70.699997,69.489998,69.589996,42.919334,2059700
2010-09-08,68.849998,69.610001,68.620003,68.860001,42.469109,3570900
2010-09-09,69.699997,69.93,69.150002,69.370003,42.783649,1887900
2010-09-10,69.389999,70.559998,69.190002,70.379997,43.406559,2240300
2010-09-13,71.07,71.18,69.07,69.449997,42.832989,2685600
2010-09-14,69.449997,69.580002,68.410004,68.480003,42.234756,2993500
2010-09-15,68.410004,68.769997,68.190002,68.480003,42.234756,2186700
2010-09-16,68.379997,68.839996,68.260002,68.510002,42.253239,1673700
2010-09-17,68.809998,70.129997,68.769997,69.75,43.018021,3766700
2010-09-20,70.0,70.919998,69.519997,70.709999,43.610088,2863400
2010-09-21,70.580002,72.059998,70.510002,71.650002,44.189838,3115300
2010-09-22,71.349998,72.300003,71.209999,71.800003,44.282341,2687000
2010-09-23,71.389999,72.160004,71.199997,71.669998,44.20216,2329400
2010-09-24,71.709999,73.190002,71.309998,73.129997,45.102615,2708000
2010-09-27,73.239998,73.449997,72.360001,72.379997,44.640053,2355800
2010-09-28,72.510002,72.599998,71.82,72.470001,44.695576,1722900
2010-09-29,72.160004,72.400002,71.330002,71.889999,44.337868,3270300
2010-09-30,72.330002,72.489998,71.099998,71.279999,43.961639,3425200
2010-10-01,71.529999,71.550003,69.0,69.610001,42.931671,7529800
2010-10-04,69.629997,70.540001,69.25,69.349998,42.771317,3407800
2010-10-05,69.959999,70.870003,69.349998,70.599998,43.542252,2748800
2010-10-06,70.379997,71.5,70.379997,70.900002,43.72728,3682500
2010-10-07,70.989998,71.160004,70.25,70.629997,43.56073,1797300
2010-10-08,70.860001,70.870003,69.970001,70.099998,43.233864,2951700
2010-10-11,70.18,70.610001,69.550003,70.480003,43.468239,2211300
2010-10-12,70.68,70.769997,69.57,70.550003,43.511414,2087500
2010-10-13,70.959999,71.260002,70.730003,71.120003,43.862946,2303600
2010-10-14,71.150002,71.43,70.07,70.199997,43.295532,2459800
2010-10-15,70.699997,70.889999,69.650002,70.019997,43.184547,2776800
2010-10-18,69.900002,70.190002,69.5,70.040001,43.196861,2649200
2010-10-19,68.489998,69.699997,67.870003,69.470001,42.845329,6314400
2010-10-20,69.440002,69.970001,69.330002,69.830002,43.067356,2924900
2010-10-21,69.830002,71.889999,69.830002,71.839996,44.307018,3994100
2010-10-22,71.769997,71.839996,71.150002,71.779999,44.269993,2166400
2010-10-25,72.279999,72.690002,71.279999,71.410004,44.041821,2488700
2010-10-26,71.059998,72.129997,71.059998,71.800003,44.282341,2236800
2010-10-27,71.300003,71.550003,70.459999,70.889999,43.721107,2856600
2010-10-28,71.349998,71.669998,70.32,71.019997,43.80127,1847500
2010-10-29,70.809998,71.519997,70.75,71.290001,43.967808,1560700
2010-11-01,71.709999,72.199997,70.949997,71.470001,44.078808,1575200
2010-11-02,72.0,72.449997,70.900002,71.639999,44.183674,2471000
2010-11-03,71.769997,71.940002,70.389999,70.93,43.745781,3339700
2010-11-04,71.489998,72.120003,70.599998,71.959999,44.381027,2782600
2010-11-05,71.889999,73.699997,71.860001,73.269997,45.188972,3674100
2010-11-08,73.360001,73.589996,72.989998,73.290001,45.201279,2121700
2010-11-09,73.339996,73.400002,72.230003,72.550003,44.744907,2094900
2010-11-10,72.459999,72.459999,71.68,71.919998,44.356342,2471500
2010-11-11,71.230003,71.25,69.910004,70.110001,43.240044,4855500
2010-11-12,69.900002,70.300003,69.470001,69.489998,42.857647,2846000
2010-11-15,69.730003,70.110001,69.370003,69.370003,42.783649,2479500
2010-11-16,69.160004,69.489998,68.110001,68.68,42.358101,2720400
2010-11-17,68.82,69.07,67.709999,68.550003,42.277935,3621600
2010-11-18,68.910004,69.309998,68.089996,69.150002,42.64798,7819600
2010-11-19,69.150002,69.739998,69.099998,69.43,42.820656,7133700
2010-11-22,69.330002,69.410004,68.139999,68.639999,42.333427,7876000
2010-11-23,68.239998,68.910004,68.139999,68.32,42.136074,2363000
2010-11-24,68.650002,69.220001,68.5,69.160004,42.65414,2770500
2010-11-26,68.589996,69.110001,68.419998,68.800003,42.432102,1441500
2010-11-29,68.0,68.400002,67.709999,68.199997,42.525623,2555700
2010-11-30,67.699997,68.470001,67.68,68.040001,42.425877,2383200
2010-12-01,68.650002,69.540001,68.650002,69.400002,43.273876,2426500
2010-12-02,69.660004,70.099998,69.419998,69.800003,43.523304,3108600
2010-12-03,69.470001,69.959999,68.510002,69.18,43.136703,2765500
2010-12-06,69.25,69.269997,68.510002,68.779999,42.887299,1917200
2010-12-07,69.339996,69.769997,68.940002,69.449997,43.305069,2523900
2010-12-08,69.370003,69.830002,68.730003,68.730003,42.856113,2555700
2010-12-09,68.949997,69.059998,68.019997,68.309998,42.594227,3693500
2010-12-10,68.389999,68.919998,68.309998,68.839996,42.924694,3243600
2010-12-13,68.860001,69.029999,68.379997,68.620003,42.787518,2834900
2010-12-14,68.830002,70.32,68.739998,70.019997,43.66048,2808700
2010-12-15,69.690002,70.080002,69.529999,69.720001,43.473431,1869900
2010-12-16,69.900002,70.419998,69.300003,70.370003,43.878735,1782200
2010-12-17,70.279999,70.279999,69.57,70.07,43.69165,2826900
2010-12-20,69.790001,70.160004,69.440002,69.650002,43.429768,2407900
2010-12-21,70.040001,70.190002,69.5,69.800003,43.523304,2749300
2010-12-22,69.690002,69.779999,69.309998,69.349998,43.242718,3104900
2010-12-23,69.43,69.580002,69.0,69.25,43.180355,2121000
2010-12-27,69.0,69.410004,68.809998,69.309998,43.217793,1310400
2010-12-28,69.370003,69.639999,68.949997,69.580002,43.386124,1445100
2010-12-29,69.730003,69.870003,69.099998,69.129997,43.105537,1764600
2010-12-30,69.309998,69.529999,68.650002,68.690002,42.831165,2316000
2010-12-31,68.830002,69.959999,68.650002,69.910004,43.591892,2489600
2011-01-03,70.199997,70.379997,69.620003,69.870003,43.566959,2004700
2011-01-04,69.82,70.620003,69.699997,70.309998,43.841305,2702200
2011-01-05,70.129997,71.959999,70.010002,71.919998,44.845222,4465400
2011-01-06,72.459999,73.959999,72.190002,73.18,45.630878,6454300
2011-01-07,73.190002,73.889999,72.75,73.629997,45.911469,4151400
2011-01-10,73.75,74.18,73.160004,73.589996,45.886539,4649300
2011-01-11,74.0,74.0,73.379997,73.650002,45.923943,4606400
2011-01-12,74.139999,74.349998,73.790001,74.239998,46.291843,2910300
2011-01-13,74.209999,74.879997,73.75,73.839996,46.042404,2894900
2011-01-14,73.660004,74.610001,73.519997,74.5,46.45396,2509000
2011-01-18,75.029999,76.889999,75.0,76.540001,47.725983,3789000
2011-01-19,76.230003,78.669998,76.230003,77.660004,48.424358,5078800
2011-01-20,77.580002,79.330002,77.379997,79.32,49.459435,4772000
2011-01-21,79.75,80.160004,79.129997,79.220001,49.397087,4231500
2011-01-24,78.879997,79.18,77.660004,78.029999,48.655052,6903800
2011-01-25,77.860001,79.129997,77.639999,79.07,49.303555,3051300
2011-01-26,78.940002,79.0,77.519997,78.389999,48.879539,2835900
2011-01-27,79.959999,81.0,78.57,79.099998,49.322247,3045800
2011-01-28,79.339996,80.5,77.790001,78.199997,48.761055,4376600
2011-01-31,78.879997,79.629997,78.589996,79.599998,49.634029,2266000
2011-02-01,79.68,81.0,79.629997,80.589996,50.251347,2682200
2011-02-02,80.309998,81.660004,80.110001,81.07,50.550636,1930700
2011-02-03,81.010002,81.440002,80.379997,80.720001,50.332382,3770000
2011-02-04,80.900002,80.93,80.209999,80.709999,50.326172,3479200
2011-02-07,80.699997,81.739998,80.559998,81.519997,50.831207,3884400
2011-02-08,81.489998,81.849998,81.129997,81.400002,50.75642,1856700
2011-02-09,81.309998,82.43,81.07,82.269997,51.29887,1755300
2011-02-10,81.849998,82.139999,81.349998,81.889999,51.061916,1905600
2011-02-11,81.57,81.919998,81.139999,81.690002,50.937229,2612400
2011-02-14,81.769997,81.989998,80.099998,80.919998,50.457096,1786400
2011-02-15,80.730003,81.730003,80.220001,81.480003,50.80629,1902900
2011-02-16,81.389999,81.459999,80.540001,81.279999,50.681587,3279600
2011-02-17,81.099998,82.089996,80.970001,81.900002,51.068157,1953400
2011-02-18,81.949997,82.089996,81.419998,81.809998,51.012062,1522800
2011-02-22,81.32,81.419998,79.980003,80.18,49.995701,1808400
2011-02-23,80.300003,80.779999,79.620003,80.139999,49.970745,1991100
2011-02-24,80.139999,80.720001,79.879997,80.220001,50.020626,1500500
2011-02-25,79.690002,80.279999,79.029999,80.110001,50.423458,1982300
2011-02-28,80.510002,80.580002,79.010002,79.160004,49.825504,2426600
2011-03-01,79.470001,80.050003,78.800003,79.120003,49.800316,1960500
2011-03-02,79.309998,79.879997,78.870003,79.459999,50.014336,1629600
2011-03-03,79.839996,80.889999,79.839996,80.779999,50.845146,1692200
2011-03-04,80.699997,80.800003,78.900002,79.849998,50.2598,2088900
2011-03-07,79.940002,80.5,78.949997,79.300003,49.913612,1863600
2011-03-08,79.32,80.519997,79.32,80.269997,50.524166,1878700
2011-03-09,80.199997,80.790001,79.959999,80.480003,50.656345,2155800
2011-03-10,79.739998,80.190002,78.82,79.040001,49.749966,1931200
2011-03-11,79.080002,80.779999,78.830002,80.470001,50.650047,2444500
2011-03-14,79.739998,80.720001,79.589996,80.470001,50.650047,5269100
2011-03-15,79.419998,80.199997,78.419998,79.68,50.152809,2415700
2011-03-16,79.279999,80.099998,78.199997,78.410004,49.353443,2594100
2011-03-17,79.790001,80.980003,79.449997,80.410004,50.612297,2919800
2011-03-18,81.419998,81.489998,80.099998,80.529999,50.687824,3355800
2011-03-21,81.32,81.690002,81.139999,81.230003,51.128418,2278100
2011-03-22,81.379997,81.669998,81.010002,81.300003,51.17247,1253500
2011-03-23,80.980003,81.339996,80.599998,81.18,51.096966,1757900
2011-03-24,81.639999,81.75,80.610001,80.800003,50.857761,1982700
2011-03-25,81.099998,81.18,80.339996,80.370003,50.587101,1923400
2011-03-28,80.769997,81.0,80.110001,80.260002,50.517868,1329800
2011-03-29,80.239998,80.57,79.57,80.349998,50.574532,1586700
2011-03-30,80.5,80.669998,79.720001,79.760002,50.203171,2277300
2011-03-31,79.839996,80.68,79.779999,80.400002,50.605984,2897200
2011-04-01,80.5,81.339996,80.360001,80.980003,50.971069,1544600
2011-04-04,80.75,81.239998,80.5,80.989998,50.977348,1803900
2011-04-05,80.550003,81.629997,80.410004,81.110001,51.052876,2005200
2011-04-06,81.110001,81.75,80.849998,81.489998,51.292065,1779800
2011-04-07,81.290001,81.800003,80.910004,81.790001,51.480892,1674700
2011-04-08,81.800003,81.919998,80.199997,80.5,50.668938,1939100
2011-04-11,80.339996,81.220001,80.040001,80.510002,50.675243,1823300
2011-04-12,80.519997,80.519997,80.019997,80.370003,50.587101,1861900
2011-04-13,80.440002,80.870003,77.830002,78.309998,49.290466,4249600
2011-04-14,77.870003,78.540001,75.809998,77.730003,48.925423,3854000
2011-04-15,78.010002,78.370003,77.480003,78.190002,49.214958,2517600
2011-04-18,77.459999,77.529999,76.540001,76.900002,48.403008,2916700
2011-04-19,77.230003,77.5,76.82,77.010002,48.472229,1992600
2011-04-20,77.669998,78.730003,77.589996,77.879997,49.01984,1976000
2011-04-21,77.860001,78.059998,77.610001,77.779999,48.956913,1905100
2011-04-25,77.480003,77.860001,77.080002,77.440002,48.742882,2458600
2011-04-26,77.970001,79.610001,77.839996,79.040001,49.749966,3000000
2011-04-27,79.07,79.809998,78.709999,79.160004,49.825504,1727900
2011-04-28,79.190002,79.32,78.489998,79.059998,49.762547,2402300
2011-04-29,79.059998,79.449997,78.879997,79.25,49.882156,2078500
2011-05-02,79.349998,79.900002,78.540001,78.739998,49.561138,3125000
2011-05-03,78.519997,80.169998,78.5,79.889999,50.284992,2288100
2011-05-04,79.919998,80.349998,78.779999,78.910004,49.668152,4356900
2011-05-05,78.809998,80.400002,78.510002,79.809998,50.234608,2296200
2011-05-06,80.470001,80.800003,79.580002,79.949997,50.322754,2047200
2011-05-09,80.019997,80.510002,79.629997,79.93,50.310146,1705300
2011-05-10,80.239998,80.459999,79.419998,79.449997,50.008034,2189700
2011-05-11,79.5,80.199997,79.239998,79.379997,49.963955,2275400
2011-05-12,79.330002,80.360001,79.25,80.07,50.398281,1550900
2011-05-13,80.040001,80.389999,79.419998,79.589996,50.096165,1669000
2011-05-16,79.389999,80.519997,79.269997,80.339996,50.568226,2439800
2011-05-17,79.839996,80.379997,78.839996,79.559998,50.077278,2005500
2011-05-18,79.589996,80.169998,79.129997,80.010002,50.360512,1312100
2011-05-19,80.5,80.830002,80.080002,80.379997,50.593414,1045100
2011-05-20,80.370003,80.370003,79.529999,79.75,50.196854,1694000
2011-05-23,79.019997,79.800003,78.790001,79.230003,49.869572,1832600
2011-05-24,79.160004,79.330002,78.510002,78.599998,49.473015,2384800
2011-05-25,78.519997,78.599998,78.0,78.459999,49.384914,2328500
2011-05-26,78.349998,78.68,77.540001,77.739998,48.931721,2994500
2011-05-27,77.080002,77.540001,76.68,77.260002,49.103313,1796100
2011-05-31,77.269997,78.110001,77.269997,77.900002,49.510067,2369600
2011-06-01,77.760002,78.110001,75.739998,75.760002,48.149975,2613800
2011-06-02,75.779999,76.389999,75.68,75.730003,48.13092,2307000
2011-06-03,75.220001,76.459999,75.099998,76.279999,48.480465,2560600
2011-06-06,76.199997,77.599998,76.099998,77.379997,49.179577,3200700
2011-06-07,77.449997,77.720001,77.260002,77.290001,49.122398,2277500
2011-06-08,77.220001,77.75,77.019997,77.120003,49.014343,2398800
2011-06-09,77.129997,78.019997,76.800003,77.889999,49.503708,1896100
2011-06-10,77.650002,78.010002,77.209999,77.300003,49.128738,2404900
2011-06-13,77.720001,79.080002,77.510002,78.860001,50.12022,3048000
2011-06-14,79.389999,80.0,79.110001,79.639999,50.615944,2552100
2011-06-15,79.080002,80.0,78.989998,79.629997,50.609573,2217700
2011-06-16,79.57,80.349998,79.300003,79.910004,50.787533,2493100
2011-06-17,80.470001,81.150002,79.790001,80.010002,50.851101,3135700
2011-06-20,79.720001,80.830002,79.720001,80.339996,51.060837,4146300
2011-06-21,80.709999,80.949997,80.190002,80.650002,51.25787,1863900
2011-06-22,80.639999,80.940002,79.949997,80.010002,50.851101,1709600
2011-06-23,79.879997,80.040001,78.57,79.690002,50.647739,1812000
2011-06-24,79.779999,79.809998,79.120003,79.199997,50.3363,1905000
2011-06-27,79.43,79.889999,79.029999,79.669998,50.63501,1192800
2011-06-28,79.790001,79.839996,79.239998,79.440002,50.488865,1651600
2011-06-29,79.650002,80.620003,79.550003,80.370003,51.079895,1630500
2011-06-30,80.400002,81.269997,80.089996,80.970001,51.46122,1487100
2011-07-01,80.870003,82.010002,80.690002,81.970001,52.096786,1200900
2011-07-05,81.629997,81.629997,80.639999,80.970001,51.46122,1310400
2011-07-06,80.970001,81.93,80.93,81.620003,51.87434,2339400
2011-07-07,82.230003,82.230003,81.239998,81.360001,51.709103,1950500
2011-07-08,80.589996,81.029999,80.309998,80.510002,51.1689,2071200
2011-07-11,79.730003,80.110001,79.510002,79.980003,50.83205,1733800
2011-07-12,79.870003,80.0,79.25,79.709999,50.660435,1975900
2011-07-13,80.07,80.879997,79.440002,79.669998,50.63501,1824700
2011-07-14,79.629997,79.720001,78.940002,79.199997,50.3363,1574500
2011-07-15,79.459999,79.459999,77.610001,78.370003,49.808784,2322800
2011-07-18,78.120003,78.139999,76.959999,77.440002,49.217709,1574100
2011-07-19,77.510002,78.669998,77.470001,78.400002,49.827854,1790900
2011-07-20,78.400002,78.800003,77.989998,78.32,49.777008,1431600
2011-07-21,78.790001,80.389999,78.589996,80.160004,50.946438,1794700
2011-07-22,79.879997,80.0,78.980003,79.599998,50.590523,1272300
2011-07-25,78.910004,79.739998,78.529999,79.300003,50.399849,1514700
2011-07-26,81.339996,81.989998,79.940002,80.82,51.365925,3087900
2011-07-27,80.279999,80.580002,77.220001,77.459999,49.230427,2930800
2011-07-28,77.449997,77.849998,74.440002,75.290001,47.851261,4943700
2011-07-29,74.620003,76.940002,74.589996,75.730003,48.13092,3452100
2011-08-01,76.110001,76.110001,73.43,74.459999,47.323753,3494100
2011-08-02,73.959999,75.110001,73.620003,73.68,46.828003,4183000
2011-08-03,73.540001,74.010002,72.349998,73.559998,46.751732,3432800
2011-08-04,72.879997,72.959999,71.300003,71.32,45.328091,3333000
2011-08-05,72.040001,73.980003,71.980003,72.82,46.281437,6414600
2011-08-08,71.650002,72.870003,68.769997,68.900002,43.790043,4897200
2011-08-09,69.449997,70.989998,67.059998,70.879997,45.048447,8253700
2011-08-10,69.480003,69.800003,66.68,66.870003,42.499844,4806500
2011-08-11,66.989998,69.699997,66.360001,68.839996,43.751892,3298900
2011-08-12,69.660004,70.349998,68.07,69.120003,43.929863,3262300
2011-08-15,69.830002,70.480003,69.419998,70.260002,44.654415,3031300
2011-08-16,69.989998,71.93,69.370003,70.690002,44.927696,3184000
2011-08-17,71.0,71.660004,70.620003,71.190002,45.245464,2366900
2011-08-18,69.739998,69.959999,68.32,69.379997,44.095093,4174800
2011-08-19,68.330002,70.230003,68.169998,69.389999,44.10146,3031700
2011-08-22,70.400002,70.769997,69.400002,69.919998,44.438301,1990200
2011-08-23,70.230003,71.980003,70.110001,71.879997,45.684006,2530900
2011-08-24,71.769997,73.290001,71.519997,73.260002,46.561073,1710300
2011-08-25,73.529999,73.75,71.730003,72.040001,45.785694,2004400
2011-08-26,71.709999,73.269997,70.519997,73.25,46.554726,1842500
2011-08-29,73.809998,74.459999,73.139999,74.07,47.075863,1869100
2011-08-30,73.209999,74.57,72.5,74.099998,47.576679,2193800
2011-08-31,74.580002,74.75,73.669998,74.190002,47.634487,1814500
2011-09-01,74.400002,75.0,72.949997,73.050003,46.902538,2352800
2011-09-02,72.139999,72.660004,71.129997,71.370003,45.823875,2202800
2011-09-06,69.669998,71.330002,69.099998,71.220001,45.727547,2347900
2011-09-07,72.099998,73.18,71.43,72.940002,46.831882,1668400
2011-09-08,72.550003,73.0,71.82,71.940002,46.189835,1735700
2011-09-09,71.160004,71.980003,70.529999,71.57,45.952274,2546700
2011-09-12,70.5,72.290001,70.5,72.239998,46.382446,2527900
2011-09-13,72.620003,74.220001,72.160004,72.709999,46.684231,3090600
2011-09-14,73.07,74.5,72.610001,73.580002,47.242802,2807500
2011-09-15,73.760002,75.5,73.760002,75.440002,48.437046,2038400
2011-09-16,75.279999,76.209999,74.510002,76.029999,48.815861,4099500
2011-09-19,75.059998,77.040001,74.839996,76.690002,49.239635,3547000
2011-09-20,76.940002,76.989998,75.32,75.440002,48.437046,3063100
2011-09-21,75.470001,75.730003,72.650002,72.650002,46.645702,4054200
2011-09-22,70.870003,74.209999,70.769997,73.139999,46.96032,5399200
2011-09-23,73.480003,74.720001,71.739998,72.089996,46.286148,4777100
2011-09-26,72.980003,73.800003,72.190002,73.779999,47.371231,4816700
2011-09-27,75.169998,75.230003,73.709999,74.269997,47.685825,2929300
2011-09-28,74.300003,74.919998,73.239998,73.32,47.075871,1831200
2011-09-29,74.25,74.389999,71.0,72.489998,46.542969,3619300
2011-09-30,71.690002,73.400002,71.529999,72.639999,46.639275,3346500
2011-10-03,72.580002,73.290001,71.110001,71.160004,45.68903,2724100
2011-10-04,70.449997,72.760002,70.370003,72.699997,46.677807,2300000
2011-10-05,73.099998,73.769997,71.970001,72.489998,46.542969,2974300
2011-10-06,72.269997,73.730003,72.110001,73.129997,46.953892,2150800
2011-10-07,73.599998,74.800003,73.080002,74.0,47.512493,2385800
2011-10-10,75.239998,75.809998,74.510002,75.75,48.636097,1543000
2011-10-11,75.459999,76.599998,75.459999,76.32,49.00206,1597200
2011-10-12,76.629997,76.919998,75.959999,76.129997,48.880077,1437000
2011-10-13,75.900002,76.589996,75.279999,76.410004,49.059834,1138000
2011-10-14,77.010002,77.099998,75.730003,75.989998,48.790184,1745000
2011-10-17,75.75,76.449997,74.559998,74.720001,47.974754,2477000
2011-10-18,74.800003,76.419998,74.239998,75.980003,48.783772,1959500
2011-10-19,75.900002,76.68,75.209999,75.470001,48.456303,1226700
2011-10-20,75.75,76.050003,74.809998,75.699997,48.603973,1368600
2011-10-21,76.410004,77.400002,75.639999,77.400002,49.695496,2122300
2011-10-24,77.389999,78.860001,76.57,78.730003,50.549442,2207100
2011-10-25,78.660004,79.900002,78.050003,78.889999,50.652168,3274900
2011-10-26,78.940002,78.940002,75.639999,76.349998,49.021336,4405800
2011-10-27,78.019997,78.300003,75.220001,75.650002,48.571896,3157700
2011-10-28,75.720001,76.690002,75.059998,75.43,48.43063,2244700
2011-10-31,75.279999,77.0,75.089996,75.900002,48.732395,3272200
2011-11-01,74.559998,75.059998,73.480003,73.989998,47.506046,2709200
2011-11-02,74.730003,75.290001,74.330002,74.519997,47.846355,1968600
2011-11-03,75.160004,76.209999,74.599998,76.089996,48.854382,1411900
2011-11-04,75.529999,76.519997,74.739998,76.519997,49.130482,2933000
2011-11-07,76.43,78.419998,75.959999,78.260002,50.247665,2541900
2011-11-08,78.419998,78.870003,77.540001,78.389999,50.331142,2209200
2011-11-09,77.019997,77.529999,76.559998,76.949997,49.406574,2773000
2011-11-10,77.300003,77.400002,75.769997,76.129997,48.880077,2608300
2011-11-11,76.940002,77.809998,76.779999,77.419998,49.70834,1728900
2011-11-14,77.330002,77.949997,77.230003,77.349998,49.663376,1497800
2011-11-15,77.120003,78.139999,77.010002,77.849998,49.984413,1405800
2011-11-16,77.099998,77.32,75.769997,75.93,48.751663,2368200
2011-11-17,75.75,75.980003,74.389999,75.160004,48.257282,2895000
2011-11-18,75.599998,75.720001,74.940002,75.099998,48.21875,6630400
2011-11-21,74.160004,74.889999,72.370003,74.489998,47.827084,8533400
2011-11-22,74.510002,74.940002,73.57,74.470001,47.814243,2297300
2011-11-23,73.760002,74.57,73.550003,73.949997,47.480373,2479700
2011-11-25,74.019997,76.230003,74.0,75.389999,48.404942,2001900
2011-11-28,76.809998,78.0,76.0,78.0,50.080715,5886500
2011-11-29,77.290001,77.290001,76.349998,76.510002,49.76202,2644800
2011-11-30,78.029999,78.860001,77.730003,78.150002,50.828693,2998500
2011-12-01,78.139999,79.489998,78.110001,78.980003,51.368515,1896800
2011-12-02,79.550003,79.800003,77.230003,77.82,50.614052,2421700
2011-12-05,78.559998,78.660004,77.599998,78.110001,50.80267,2524900
2011-12-06,77.800003,78.489998,77.620003,77.910004,50.672588,1498300
2011-12-07,77.940002,78.050003,77.370003,77.57,50.451443,2092300
2011-12-08,77.470001,77.650002,76.419998,76.519997,49.768539,1797200
2011-12-09,77.050003,77.699997,77.019997,77.419998,50.353905,1239700
2011-12-12,77.440002,77.470001,76.400002,76.889999,50.009178,1450200
2011-12-13,77.379997,77.769997,76.459999,76.730003,49.905128,1642200
2011-12-14,76.720001,76.870003,76.019997,76.290001,49.618935,1439800
2011-12-15,77.07,77.519997,76.760002,76.919998,50.028679,1972300
2011-12-16,77.620003,77.879997,76.32,77.099998,50.145775,4215600
2011-12-19,77.279999,77.690002,76.599998,76.82,49.963657,1393200
2011-12-20,77.940002,78.870003,77.830002,78.529999,51.075844,1749900
2011-12-21,78.449997,79.690002,78.019997,79.629997,51.791267,1820700
2011-12-22,79.82,81.029999,79.629997,80.809998,52.558762,2793300
2011-12-23,81.0,81.459999,80.669998,81.410004,52.948997,1927500
2011-12-27,81.330002,81.660004,80.940002,81.32,52.890453,1483200
2011-12-28,81.68,81.779999,80.849998,80.940002,52.643299,840400
2011-12-29,80.959999,81.739998,80.879997,81.519997,53.020512,1123700
2011-12-30,81.650002,81.860001,80.860001,80.900002,52.617271,1474700
2012-01-03,82.120003,82.989998,81.769997,82.019997,53.345749,2273600
2012-01-04,80.949997,81.449997,80.370003,80.910004,52.623783,2242700
2012-01-05,80.660004,80.68,79.050003,80.07,52.077454,2616100
2012-01-06,80.410004,80.410004,79.650002,79.980003,52.018913,4274300
2012-01-09,80.349998,80.349998,79.760002,80.040001,52.057941,1861500
2012-01-10,80.629997,81.199997,80.360001,80.620003,52.435173,1846700
2012-01-11,80.489998,81.129997,80.489998,80.779999,52.539227,1245900
2012-01-12,81.120003,81.769997,80.760002,81.690002,53.1311,1822300
2012-01-13,81.160004,81.529999,80.800003,81.519997,53.020512,1475600
2012-01-17,82.050003,82.099998,81.349998,81.639999,53.098576,1953700
2012-01-18,81.589996,82.279999,81.339996,82.279999,53.514851,1155900
2012-01-19,82.25,83.709999,81.849998,83.709999,54.444904,1959400
2012-01-20,83.150002,83.440002,82.540001,82.779999,53.840042,2461700
2012-01-23,82.830002,82.860001,81.900002,82.540001,53.683937,1716700
2012-01-24,82.550003,82.809998,82.120003,82.239998,53.488811,1139000
2012-01-25,82.040001,82.269997,81.25,81.730003,53.157116,2421500
2012-01-26,82.470001,82.949997,81.290001,82.470001,53.638382,2733700
2012-01-27,82.0,82.550003,81.660004,82.019997,53.345749,1952500
2012-01-30,81.32,82.129997,81.290001,82.010002,53.339245,3109900
2012-01-31,82.199997,82.400002,81.699997,82.32,53.540859,2878600
2012-02-01,82.540001,83.720001,82.260002,83.519997,54.321331,2114100
2012-02-02,83.559998,83.699997,82.900002,83.169998,54.093708,1298800
2012-02-03,83.410004,84.730003,83.25,84.589996,55.017262,3366800
2012-02-06,84.379997,85.400002,84.339996,85.25,55.446518,2028300
2012-02-07,85.0,86.639999,85.0,86.629997,56.34407,2871300
2012-02-08,86.57,87.709999,86.139999,87.639999,57.000946,3394000
2012-02-09,87.660004,88.07,87.400002,88.010002,57.241619,2865000
2012-02-10,87.129997,87.720001,87.0,87.510002,56.916431,1928200
2012-02-13,87.639999,88.25,86.980003,88.230003,57.384705,2583400
2012-02-14,87.730003,88.550003,87.660004,88.449997,57.527786,1676700
2012-02-15,87.68,87.919998,86.769997,86.93,56.539177,3474000
2012-02-16,86.849998,87.209999,86.059998,86.400002,56.194466,2298500
2012-02-17,86.720001,88.309998,86.620003,87.989998,57.228622,2734000
2012-02-21,87.860001,87.900002,86.790001,87.150002,56.68227,1738700
2012-02-22,87.339996,88.089996,87.260002,87.620003,56.987961,1241400
2012-02-23,87.809998,88.389999,87.57,88.290001,57.423733,7431200
2012-02-24,88.480003,90.150002,88.400002,89.529999,58.230236,7279200
2012-02-27,89.519997,90.0,89.080002,89.410004,58.152176,2905000
2012-02-28,88.849998,88.860001,88.0,88.699997,58.342926,1866000
2012-02-29,88.879997,89.309998,88.389999,88.410004,58.152176,2832200
2012-03-01,88.610001,88.970001,88.139999,88.370003,58.125866,1608300
2012-03-02,88.400002,89.050003,88.300003,88.5,58.211361,1334200
2012-03-05,89.019997,89.080002,88.559998,88.68,58.329758,1458500
2012-03-06,87.980003,88.839996,87.68,87.779999,57.737804,1442200
2012-03-07,87.809998,88.07,87.410004,87.959999,57.856201,1280500
2012-03-08,88.57,89.0,88.260002,88.379997,58.13245,1159400
2012-03-09,88.82,89.120003,88.220001,88.910004,58.481064,1177800
2012-03-12,88.709999,89.290001,88.620003,89.0,58.540249,1113600
2012-03-13,89.379997,89.709999,88.800003,89.650002,58.967808,1626500
2012-03-14,89.860001,91.010002,89.779999,90.419998,59.474277,2039300
2012-03-15,90.400002,90.68,89.93,90.300003,59.395336,1382000
2012-03-16,90.300003,90.5,89.25,89.32,58.750706,2116300
2012-03-19,88.919998,89.690002,88.889999,89.559998,58.908619,900000
2012-03-20,89.290001,89.559998,88.639999,89.339996,58.763897,1355500
2012-03-21,89.309998,89.720001,89.260002,89.449997,58.836231,1289800
2012-03-22,89.120003,89.660004,88.839996,89.400002,58.80336,1412400
2012-03-23,89.599998,89.879997,89.199997,89.769997,59.046711,1032600
2012-03-26,90.230003,90.769997,90.089996,90.639999,59.618965,1340000
2012-03-27,90.639999,91.089996,90.550003,90.849998,59.757114,1119700
2012-03-28,90.779999,91.080002,89.32,89.690002,58.99411,1353700
2012-03-29,89.470001,89.690002,88.830002,89.629997,58.954632,1331500
2012-03-30,90.0,90.160004,89.599998,89.860001,59.105923,1275100
2012-04-02,89.410004,91.610001,89.410004,91.160004,59.960999,1678000
2012-04-03,91.019997,91.419998,90.650002,91.07,59.901798,1257700
2012-04-04,90.860001,90.949997,90.260002,90.339996,59.421635,1632700
2012-04-05,90.040001,90.769997,89.830002,90.150002,59.296677,1808400
2012-04-09,89.360001,89.360001,88.709999,88.739998,58.369267,1331600
2012-04-10,88.5,88.639999,87.669998,87.669998,57.665424,1441100
2012-04-11,88.370003,88.949997,88.230003,88.489998,58.204777,1386800
2012-04-12,88.800003,90.410004,88.699997,90.169998,59.309834,1467900
2012-04-13,89.93,90.589996,89.290001,89.300003,58.737595,1481300
2012-04-16,89.550003,89.800003,89.080002,89.57,58.915176,2807200
2012-04-17,89.540001,90.779999,89.029999,90.599998,59.592674,1373200
2012-04-18,90.290001,90.769997,89.93,90.370003,59.44138,946800
2012-04-19,90.699997,90.970001,90.029999,90.339996,59.421635,1500100
2012-04-20,90.449997,91.239998,90.32,90.839996,59.750511,1118800
2012-04-23,89.989998,90.739998,89.940002,90.529999,59.546616,1414300
2012-04-24,90.629997,91.290001,90.529999,91.129997,59.941277,1291400
2012-04-25,91.739998,91.889999,90.620003,90.980003,59.842625,1843400
2012-04-26,91.410004,92.239998,91.110001,91.699997,60.316193,1976200
2012-04-27,92.080002,92.089996,91.199997,91.300003,60.053101,1526500
2012-04-30,91.099998,91.099998,90.459999,90.540001,59.553188,1146200
2012-05-01,90.610001,91.019997,90.160004,90.550003,59.559788,1629300
2012-05-02,89.709999,90.290001,89.709999,90.080002,59.250633,2000800
2012-05-03,89.830002,90.080002,89.230003,89.470001,58.849407,1459400
2012-05-04,89.279999,89.550003,87.830002,87.830002,57.770668,2082600
2012-05-07,87.779999,88.110001,86.980003,87.309998,57.428631,2172100
2012-05-08,86.989998,87.220001,86.25,87.129997,57.310246,1669100
2012-05-09,86.529999,86.910004,85.919998,85.949997,56.534084,1756900
2012-05-10,86.589996,86.910004,86.0,86.120003,56.645908,1317200
2012-05-11,86.18,86.330002,85.169998,85.209999,56.047371,1919300
2012-05-14,84.660004,85.400002,84.169998,85.199997,56.040779,1186500
2012-05-15,85.029999,85.370003,84.419998,84.589996,55.639576,1403600
2012-05-16,84.93,85.32,84.290001,84.330002,55.468533,1319000
2012-05-17,84.220001,84.300003,82.779999,82.830002,54.481915,1398700
2012-05-18,83.160004,83.779999,82.599998,82.779999,54.44902,1563200
2012-05-21,83.25,83.660004,82.519997,83.629997,55.008129,1250100
2012-05-22,83.599998,84.230003,83.089996,83.690002,55.047573,1532600
2012-05-23,83.370003,83.480003,82.190002,83.349998,54.823944,1572500
2012-05-24,83.580002,83.580002,82.510002,83.370003,54.837097,5978900
2012-05-25,83.25,83.620003,82.620003,82.709999,54.402966,6308500
2012-05-29,83.290001,83.690002,82.830002,83.660004,55.027832,7994200
2012-05-30,82.400002,83.25,81.519997,82.800003,55.121048,1959200
2012-05-31,82.739998,83.470001,82.620003,82.800003,55.121048,1613900
2012-06-01,81.639999,82.019997,81.010002,81.220001,54.069214,1797300
2012-06-04,81.230003,81.959999,80.440002,81.050003,53.956024,1506700
2012-06-05,80.809998,80.919998,80.139999,80.82,53.802929,1416600
2012-06-06,81.790001,82.440002,81.279999,82.379997,54.841434,3648700
2012-06-07,83.040001,83.650002,82.690002,83.150002,55.354065,1777100
2012-06-08,82.940002,83.410004,82.650002,83.290001,55.447231,1117400
2012-06-11,83.790001,83.790001,82.389999,82.459999,54.894722,886400
2012-06-12,83.080002,83.790001,82.75,83.370003,55.5005,1475000
2012-06-13,82.970001,83.440002,82.400002,82.669998,55.034508,1132900
2012-06-14,82.849998,83.599998,82.440002,83.330002,55.473881,1358200
2012-06-15,83.379997,83.889999,83.169998,83.449997,55.553753,1708000
2012-06-18,83.480003,84.839996,83.339996,84.760002,56.42585,1500800
2012-06-19,85.019997,85.610001,84.440002,85.300003,56.785336,1498700
2012-06-20,85.160004,85.269997,84.120003,84.540001,56.279388,1156900
2012-06-21,85.18,85.529999,84.269997,84.370003,56.166218,1618200
2012-06-22,84.730003,85.5,84.220001,85.349998,56.8186,1567400
2012-06-25,84.669998,85.25,84.169998,84.25,56.086342,1532200
2012-06-26,84.559998,84.68,83.150002,83.379997,55.507156,1480900
2012-06-27,83.43,85.18,83.43,84.910004,56.525696,1245800
2012-06-28,84.089996,84.75,83.459999,84.529999,56.272732,1049700
2012-06-29,86.0,87.089996,86.0,87.080002,57.970299,2172800
2012-07-02,87.32,87.650002,86.510002,87.160004,58.02356,1088000
2012-07-03,87.220001,87.510002,87.089996,87.510002,58.256546,1076400
2012-07-05,87.160004,87.540001,86.849998,87.0,57.917042,1738700
2012-07-06,86.43,87.0,86.110001,86.860001,57.82383,893000
2012-07-09,86.889999,87.550003,86.82,87.389999,58.176678,1384000
2012-07-10,87.669998,88.230003,86.709999,87.019997,57.930344,963200
2012-07-11,87.099998,87.300003,86.519997,86.839996,57.810516,1402100
2012-07-12,86.410004,86.610001,85.650002,86.019997,57.264637,1610200
2012-07-13,86.129997,87.330002,86.099998,87.25,58.083477,1378300
2012-07-16,87.010002,87.220001,86.160004,87.139999,58.010227,1118300
2012-07-17,87.139999,87.809998,86.720001,87.43,58.203281,1300400
2012-07-18,87.400002,88.669998,87.269997,88.599998,58.982166,1154000
2012-07-19,88.800003,88.800003,87.769997,88.510002,58.922226,1234700
2012-07-20,88.07,88.489998,87.379997,87.709999,58.389694,1348300
2012-07-23,86.900002,87.290001,86.57,86.910004,57.857124,1541200
2012-07-24,87.489998,89.160004,86.93,87.790001,58.442947,2029800
2012-07-25,88.120003,88.220001,86.559998,87.68,58.369705,2346300
2012-07-26,88.650002,88.870003,87.959999,88.550003,58.948887,1356800
2012-07-27,88.739998,90.510002,88.650002,90.199997,60.04731,1495600
2012-07-30,89.589996,89.849998,88.779999,89.080002,59.301712,1482300
2012-07-31,89.18,89.610001,88.970001,89.269997,59.428211,2256200
2012-08-01,89.860001,90.0,88.800003,88.959999,59.221836,3683000
2012-08-02,88.739998,88.830002,87.470001,88.449997,58.882298,1395600
2012-08-03,89.43,89.559998,88.470001,89.389999,59.508083,1046300
2012-08-06,89.610001,89.839996,88.940002,88.989998,59.241798,837900
2012-08-07,89.440002,90.5,89.120003,90.32,60.127216,1330200
2012-08-08,90.25,91.0,89.709999,90.889999,60.50666,1084200
2012-08-09,90.480003,90.629997,90.0,90.540001,60.27367,1066900
2012-08-10,90.349998,91.150002,90.199997,91.029999,60.599831,1010900
2012-08-13,90.709999,91.18,90.540001,91.120003,60.659763,1079700
2012-08-14,91.190002,91.68,90.900002,91.349998,60.812893,1086300
2012-08-15,90.989998,91.690002,90.720001,91.510002,60.919407,763400
2012-08-16,91.519997,92.239998,91.330002,92.050003,61.278912,4808000
2012-08-17,92.339996,92.5,91.779999,92.400002,61.511887,1574200
2012-08-20,92.120003,93.5,92.120003,93.32,62.124329,1570200
2012-08-21,93.709999,93.989998,93.110001,93.800003,62.443886,1868700
2012-08-22,93.470001,93.5,92.669998,93.029999,61.93129,1614100
2012-08-23,93.0,93.0,91.699997,92.199997,61.378742,1423600
2012-08-24,91.760002,92.68,91.699997,92.449997,61.545158,1483800
2012-08-27,92.639999,93.0,92.209999,92.279999,61.432014,945600
2012-08-28,91.860001,92.699997,91.379997,92.480003,61.56514,1817900
2012-08-29,92.550003,92.75,91.82,91.919998,61.192326,969800
2012-08-30,91.029999,91.32,90.519997,90.93,61.19907,908300
2012-08-31,91.370003,91.760002,90.769997,91.139999,61.340405,1087400
2012-09-04,91.190002,91.389999,90.010002,90.529999,60.929852,959200
2012-09-05,90.440002,91.580002,90.339996,91.529999,61.602859,1401900
2012-09-06,92.0,92.849998,91.599998,92.830002,62.477833,1220600
2012-09-07,92.809998,92.980003,92.029999,92.18,62.040344,1161600
2012-09-10,91.790001,92.480003,91.720001,92.029999,61.939415,719400
2012-09-11,92.0,92.5,91.830002,92.239998,62.080765,969100
2012-09-12,92.489998,92.940002,92.260002,92.419998,62.2019,1086400
2012-09-13,92.43,93.449997,91.949997,93.129997,62.679737,1325200
2012-09-14,93.139999,93.199997,92.019997,92.519997,62.269203,1782200
2012-09-17,92.290001,92.949997,92.0,92.209999,62.060551,4665600
2012-09-18,91.93,92.089996,91.059998,91.769997,61.764404,1339200
2012-09-19,91.720001,92.349998,91.559998,92.239998,62.080765,1353300
2012-09-20,91.730003,91.889999,91.120003,91.18,61.367363,1574100
2012-09-21,91.349998,91.739998,91.050003,91.290001,61.441338,2995900
2012-09-24,91.349998,91.489998,90.389999,91.040001,61.273083,1503800
2012-09-25,91.199997,91.889999,91.050003,91.5,61.58271,1899400
2012-09-26,91.489998,92.669998,91.489998,91.910004,61.858673,1185600
2012-09-27,92.18,92.5,91.43,92.459999,62.228809,1424400
2012-09-28,92.279999,93.699997,92.080002,93.379997,62.84803,1780600
2012-10-01,93.370003,93.980003,93.059998,93.440002,62.888371,1707700
2012-10-02,93.550003,93.699997,92.279999,93.160004,62.699955,1382100
2012-10-03,93.279999,93.650002,92.830002,93.089996,62.652824,1326800
2012-10-04,93.580002,94.589996,93.5,94.519997,63.615246,1359300
2012-10-05,94.800003,94.900002,94.129997,94.370003,63.514294,1172800
2012-10-08,94.199997,94.589996,94.0,94.010002,63.272011,628600
2012-10-09,94.07,94.82,93.709999,93.720001,63.076847,806100
2012-10-10,93.82,93.82,92.480003,92.709999,62.397083,1000700
2012-10-11,93.190002,93.440002,92.699997,92.720001,62.403835,533400
2012-10-12,93.059998,93.889999,92.5,92.959999,62.565334,969200
2012-10-15,92.75,92.940002,92.419998,92.5,62.255726,1258100
2012-10-16,92.860001,93.410004,92.709999,93.370003,62.841274,1162800
2012-10-17,93.629997,93.980003,93.239998,93.580002,62.982616,1004600
2012-10-18,93.580002,94.400002,93.190002,94.32,63.48064,1165700
2012-10-19,94.209999,94.300003,92.690002,92.889999,62.51823,1518900
2012-10-22,92.650002,93.110001,92.0,92.769997,62.437485,762800
2012-10-23,92.279999,92.440002,91.389999,91.949997,61.885548,1222400
2012-10-24,92.089996,94.959999,92.089996,93.919998,63.211445,2011200
2012-10-25,94.519997,94.730003,92.809998,93.550003,62.962444,1111700
2012-10-26,92.860001,93.68,92.260002,92.839996,62.484573,1469000
2012-10-31,94.449997,94.540001,93.029999,93.669998,63.04319,1171500
2012-11-01,93.769997,94.860001,93.660004,94.190002,63.393173,1189100
2012-11-02,94.5,94.800003,93.5,93.720001,63.076847,2363400
2012-11-05,93.489998,94.400002,92.849998,94.099998,63.332584,1712100
2012-11-06,94.150002,95.919998,93.879997,94.870003,63.850807,1879700
2012-11-07,92.489998,93.370003,89.379997,91.150002,61.34713,3714000
2012-11-08,89.269997,90.980003,89.269997,89.919998,60.519321,1773500
2012-11-09,89.5,90.760002,89.160004,89.980003,60.559711,1782200
2012-11-12,89.82,90.139999,89.089996,89.809998,60.445271,1550800
2012-11-13,89.07,91.07,89.0,90.18,60.694302,2297200
2012-11-14,90.470001,90.589996,87.879997,88.110001,59.301136,1932600
2012-11-15,88.019997,88.540001,87.080002,87.580002,58.944386,1551800
2012-11-16,87.830002,88.75,87.209999,88.459999,59.53669,1651800
2012-11-19,88.830002,90.5,88.650002,90.480003,60.896214,2026200
2012-11-20,90.489998,90.580002,89.32,90.18,60.694302,1516000
2012-11-21,90.5,90.790001,90.309998,90.510002,60.916382,860300
2012-11-23,90.739998,91.900002,90.669998,91.830002,61.804802,652300
2012-11-26,92.309998,93.360001,91.75,93.290001,62.787449,2015200
2012-11-27,93.120003,94.0,92.730003,93.099998,62.659573,1824100
2012-11-28,92.550003,93.699997,91.849998,93.699997,63.063389,1621900
2012-11-29,92.5,93.419998,92.089996,93.040001,63.397263,2116000
2012-11-30,93.339996,94.099998,93.040001,93.300003,63.574409,1651400
2012-12-03,93.25,93.43,91.540001,91.550003,62.382004,1782300
2012-12-04,91.360001,92.300003,91.25,91.480003,62.334297,2098500
2012-12-05,91.629997,92.080002,90.699997,91.529999,62.368317,1860800
2012-12-06,91.580002,91.940002,90.800003,91.480003,62.334297,1678000
2012-12-07,91.580002,92.0,91.150002,91.900002,62.620476,1064200
2012-12-10,91.75,92.699997,91.540001,92.410004,62.967999,1183200
2012-12-11,92.720001,93.0,91.910004,92.0,62.688618,1380400
2012-12-12,92.309998,92.75,91.690002,91.809998,62.559135,1505100
2012-12-13,91.510002,91.660004,89.809998,89.989998,61.319016,2434700
2012-12-14,90.0,90.059998,88.839996,88.959999,60.617142,1697000
2012-12-17,89.190002,90.779999,88.790001,90.419998,61.611992,1670700
2012-12-18,90.540001,93.010002,90.400002,92.93,63.322319,5676100
2012-12-19,92.970001,93.669998,92.190002,92.910004,63.308697,1932400
2012-12-20,92.5,92.970001,91.900002,92.5,63.029293,2310500
2012-12-21,91.190002,93.470001,91.169998,93.129997,63.458576,3926200
2012-12-24,93.150002,93.150002,92.519997,92.769997,63.213314,656800
2012-12-26,92.769997,93.18,92.0,92.029999,62.709053,979700
2012-12-27,92.089996,92.989998,91.720001,92.830002,63.254162,1733800
2012-12-28,92.279999,92.639999,91.089996,91.339996,62.238873,1612200
2012-12-31,90.800003,92.400002,89.720001,92.290001,62.886238,1999200
2013-01-02,93.790001,94.169998,92.580002,93.269997,63.553993,2245600
2013-01-03,93.519997,94.309998,93.07,93.550003,63.744797,1828100
2013-01-04,93.93,94.0,93.07,93.900002,63.983253,1739300
2013-01-07,93.43,94.360001,93.410004,94.220001,64.201286,1335700
2013-01-08,93.800003,93.800003,92.459999,92.959999,63.342747,1340600
2013-01-09,93.169998,94.040001,92.610001,93.989998,64.044579,1289800
2013-01-10,94.279999,94.349998,93.559998,94.110001,64.126373,1634300
2013-01-11,94.459999,94.769997,93.629997,93.709999,63.853786,1174300
2013-01-14,93.089996,93.940002,93.089996,93.910004,63.990063,850100
2013-01-15,93.489998,94.339996,93.349998,94.019997,64.065033,1239200
2013-01-16,93.769997,93.809998,93.040001,93.550003,63.744797,1150600
2013-01-17,93.959999,95.0,93.709999,94.75,64.562462,1343700
2013-01-18,94.75,94.910004,93.879997,93.970001,64.03096,2414700
2013-01-22,94.0,95.610001,93.790001,95.330002,64.957657,1613600
2013-01-23,94.720001,96.07,94.019997,96.07,65.461906,2417000
2013-01-24,96.519997,96.519997,92.900002,93.25,63.540344,4129600
2013-01-25,93.239998,93.260002,92.279999,92.389999,62.954372,3366100
2013-01-28,92.489998,92.489998,89.019997,89.32,60.862465,4172000
2013-01-29,89.449997,90.519997,89.300003,89.849998,61.223598,3028500
2013-01-30,89.879997,89.980003,88.029999,88.209999,60.106102,6843500
2013-01-31,88.059998,88.379997,86.720001,86.870003,59.193027,5312000
2013-02-01,87.519997,87.790001,86.370003,87.220001,59.431541,3427400
2013-02-04,86.540001,87.110001,86.370003,86.699997,59.077194,2837700
2013-02-05,87.489998,87.529999,86.589996,87.010002,59.288433,2888300
2013-02-06,86.699997,87.599998,86.610001,87.599998,59.690449,2524000
2013-02-07,87.400002,88.050003,86.849998,87.440002,59.58144,1963100
2013-02-08,87.43,88.230003,87.43,88.010002,59.969822,1936900
2013-02-11,87.989998,88.010002,87.209999,87.529999,59.642769,1781700
2013-02-12,87.779999,87.989998,87.010002,87.260002,59.458794,1746900
2013-02-13,87.309998,87.489998,86.489998,87.059998,59.322502,1899900
2013-02-14,86.480003,87.360001,85.879997,87.080002,59.336117,2400200
2013-02-15,87.080002,87.870003,87.050003,87.870003,59.874432,2562400
2013-02-19,87.949997,88.230003,87.410004,88.230003,60.119751,2442200
2013-02-20,87.93,88.480003,87.720001,87.730003,59.779034,2883900
2013-02-21,87.650002,87.800003,87.099998,87.559998,59.663204,1955700
2013-02-22,87.900002,88.669998,87.650002,88.120003,60.044785,6849200
2013-02-25,88.43,89.080002,87.709999,87.879997,59.881268,10852400
2013-02-26,88.080002,88.339996,87.040001,87.300003,59.486046,12053400
2013-02-27,85.910004,88.580002,85.910004,88.330002,60.99131,2665700
2013-02-28,88.589996,88.790001,87.940002,88.0,60.76347,2281700
2013-03-01,87.75,88.370003,87.089996,88.169998,60.880829,1866200
2013-03-04,87.839996,87.889999,86.510002,87.099998,60.14201,1765900
2013-03-05,87.099998,88.089996,86.900002,87.809998,60.632267,1492500
2013-03-06,88.099998,88.419998,87.709999,88.360001,61.012039,1684400
2013-03-07,88.540001,89.279999,88.419998,88.790001,61.308941,1416200
2013-03-08,89.160004,90.199997,88.980003,89.989998,62.137554,1771100
2013-03-11,89.790001,90.580002,89.699997,90.540001,62.517292,2104000
2013-03-12,90.230003,90.440002,89.949997,90.370003,62.399906,2116100
2013-03-13,90.639999,92.489998,90.300003,92.300003,63.732578,2079100
2013-03-14,92.290001,92.540001,92.010002,92.540001,63.89827,1879400
2013-03-15,92.089996,92.800003,92.019997,92.739998,64.036385,2516400
2013-03-18,91.809998,93.139999,91.699997,92.360001,63.774002,1491200
2013-03-19,92.730003,93.57,92.459999,92.870003,64.126175,1465500
2013-03-20,93.230003,93.5,92.230003,92.239998,63.691143,1849800
2013-03-21,92.0,92.449997,91.650002,91.68,63.304478,1571500
2013-03-22,92.169998,92.839996,91.800003,92.260002,63.704952,1560400
2013-03-25,92.610001,93.0,91.910004,92.309998,63.739475,1324400
2013-03-26,92.75,93.75,92.629997,93.699997,64.699265,1974100
2013-03-27,93.239998,94.669998,93.040001,94.470001,65.230942,1904300
2013-03-28,94.389999,96.589996,94.389999,96.519997,66.646461,3824000
2013-04-01,96.139999,96.449997,94.779999,95.0,65.596909,2139300
2013-04-02,95.5,95.639999,94.690002,95.010002,65.603806,1676500
2013-04-03,95.279999,96.459999,95.040001,95.089996,65.659065,2627100
2013-04-04,95.489998,96.129997,95.260002,95.400002,65.8731,1465100
2013-04-05,94.830002,95.209999,94.0,94.529999,65.272385,2581700
2013-04-08,94.580002,95.099998,94.040001,95.089996,65.659065,1197700
2013-04-09,95.32,95.510002,94.309998,95.410004,65.880005,1432700
2013-04-10,95.860001,96.370003,95.690002,95.980003,66.27359,1372100
2013-04-11,96.339996,97.57,96.269997,97.300003,67.185059,1868000
2013-04-12,96.900002,97.25,96.25,97.18,67.102196,1235000
2013-04-15,96.559998,97.150002,95.239998,95.440002,65.900719,1636300
2013-04-16,96.07,96.339996,95.620003,96.260002,66.466949,1516900
2013-04-17,95.889999,96.07,94.699997,95.559998,65.983589,1883900
2013-04-18,95.849998,95.949997,94.540001,95.019997,65.610718,1287800
2013-04-19,95.5,96.5,95.360001,96.279999,66.480759,1487500
2013-04-22,96.599998,96.669998,95.669998,95.849998,66.183815,1378500
2013-04-23,98.25,99.489998,95.860001,97.059998,67.019302,2489300
2013-04-24,97.629997,98.279999,97.550003,97.690002,67.454338,1913400
2013-04-25,96.040001,98.650002,96.0,98.269997,67.854828,2109700
2013-04-26,98.269997,99.400002,98.139999,98.970001,68.338173,1634800
2013-04-29,98.989998,99.209999,98.57,99.059998,68.400322,1232000
2013-04-30,98.599998,99.199997,98.339996,99.089996,68.421036,1813500
2013-05-01,98.900002,100.239998,98.769997,99.349998,68.600555,1957100
2013-05-02,99.529999,101.120003,99.160004,100.669998,69.512024,1805400
2013-05-03,101.0,102.150002,100.839996,102.010002,70.437271,2356600
2013-05-06,101.720001,102.889999,101.57,102.190002,70.561562,2300200
2013-05-07,102.25,102.889999,102.029999,102.879997,71.037994,1497800
2013-05-08,102.559998,102.610001,101.690002,101.800003,70.292282,1972700
2013-05-09,102.0,102.279999,101.059998,101.349998,69.98159,2024000
2013-05-10,101.230003,101.949997,101.230003,101.940002,70.388947,1307500
2013-05-13,101.879997,102.25,101.5,101.889999,70.354416,1327000
2013-05-14,102.0,102.889999,101.800003,102.870003,71.03109,1115100
2013-05-15,101.800003,104.089996,101.32,104.050003,71.845871,2214200
2013-05-16,103.919998,104.650002,103.779999,104.0,71.811363,1574300
2013-05-17,104.529999,106.410004,104.529999,106.410004,73.475449,2610700
2013-05-20,105.93,107.0,105.830002,106.559998,73.579025,1501100
2013-05-21,106.779999,107.099998,106.099998,106.989998,73.875916,1452000
2013-05-22,106.82,107.93,106.260002,106.489998,73.53067,2119500
2013-05-23,105.68,106.790001,105.459999,106.300003,73.399498,4760300
2013-05-24,106.080002,107.099998,105.529999,107.059998,73.924286,4807100
2013-05-28,107.760002,108.800003,107.550003,107.75,74.400688,5380200
2013-05-29,107.150002,107.709999,106.580002,107.309998,74.096886,1546300
2013-05-30,107.629997,108.550003,107.019997,107.029999,74.704132,2068600
2013-05-31,106.669998,107.790001,105.830002,105.830002,73.866554,1975800
2013-06-03,106.0,106.0,104.650002,105.440002,73.59436,2035200
2013-06-04,105.239998,105.82,104.660004,105.07,73.336105,1554900
2013-06-05,104.860001,104.93,103.440002,103.589996,72.303093,1333500
2013-06-06,103.800003,104.510002,103.040001,104.370003,72.847511,1652600
2013-06-07,104.559998,107.459999,104.419998,107.360001,74.934456,1826600
2013-06-10,107.440002,107.639999,106.419998,106.669998,74.452858,1108500
2013-06-11,105.959999,106.660004,105.220001,105.959999,73.957291,1139100
2013-06-12,106.910004,107.400002,106.300003,107.050003,74.718109,1597200
2013-06-13,107.040001,108.290001,106.620003,107.970001,75.360245,1831000
2013-06-14,107.75,108.459999,107.209999,107.699997,75.171753,1053100
2013-06-17,108.25,109.25,107.739998,108.269997,75.569595,1144300
2013-06-18,108.580002,109.260002,108.32,108.849998,75.974426,1656600
2013-06-19,108.760002,109.089996,106.900002,106.93,74.634354,1566000
2013-06-20,106.260002,106.93,105.0,105.040001,73.315163,2591400
2013-06-21,105.5,106.129997,105.0,105.059998,73.329124,2836100
2013-06-24,104.709999,104.919998,103.510002,103.830002,72.470619,1419200
2013-06-25,104.5,104.610001,103.540001,103.669998,72.358948,1467900
2013-06-26,104.5,105.910004,104.360001,105.769997,73.824661,1666600
2013-06-27,106.150002,107.629997,106.010002,107.360001,74.934456,2536000
2013-06-28,107.110001,108.860001,107.110001,108.459999,75.702202,2717300
2013-07-01,108.459999,108.849998,107.889999,108.059998,75.423027,1509100
2013-07-02,107.959999,107.959999,105.940002,106.400002,74.26442,1587000
2013-07-03,106.290001,107.379997,105.540001,107.199997,74.822754,651600
2013-07-05,107.580002,108.669998,107.370003,108.660004,75.841827,731800
2013-07-08,109.050003,109.389999,108.720001,109.169998,76.197769,1102500
2013-07-09,109.730003,110.309998,109.150002,109.57,76.476974,1150900
2013-07-10,109.620003,111.68,109.480003,111.519997,77.838013,1397000
2013-07-11,112.379997,113.160004,112.019997,113.099998,78.940842,1118300
2013-07-12,113.120003,113.57,111.779999,112.529999,78.543007,1459400
2013-07-15,112.75,114.370003,112.459999,114.370003,79.827255,1446000
2013-07-16,114.330002,114.510002,112.57,112.599998,78.591835,1274500
2013-07-17,112.989998,114.080002,112.900002,114.080002,79.624825,1130600
2013-07-18,114.18,115.389999,114.07,115.389999,80.539207,1058200
2013-07-19,114.980003,115.629997,114.690002,115.550003,80.650879,1713900
2013-07-22,115.800003,115.900002,115.18,115.650002,80.720673,1129200
2013-07-23,118.199997,119.610001,117.010002,117.919998,82.305054,2643500
2013-07-24,118.57,120.379997,118.230003,119.120003,83.142632,2220700
2013-07-25,117.599998,119.519997,117.300003,119.5,83.40786,2833300
2013-07-26,119.0,120.050003,118.809998,120.0,83.756851,1675800
2013-07-29,118.82,120.389999,118.809998,119.989998,83.749863,1726900
2013-07-30,120.519997,120.919998,119.480003,120.089996,83.819649,1584600
2013-07-31,120.440002,121.57,119.32,120.120003,83.840614,1852200
2013-08-01,120.760002,122.239998,120.75,122.169998,85.271446,1238500
2013-08-02,123.120003,124.080002,121.940002,123.769997,86.388206,1842300
2013-08-05,123.550003,124.629997,123.230003,124.150002,86.653442,1166200
2013-08-06,124.040001,124.529999,123.870003,124.260002,86.730194,1597700
2013-08-07,124.0,124.699997,123.699997,124.540001,86.925629,1372100
2013-08-08,125.0,125.0,123.809998,124.639999,86.995438,1358700
2013-08-09,124.510002,124.699997,123.599998,124.019997,86.562706,1307800
2013-08-12,123.839996,124.18,122.980003,123.0,85.850777,1376200
2013-08-13,123.269997,124.300003,123.0,124.059998,86.590614,1481600
2013-08-14,124.0,124.279999,123.349998,123.620003,86.283508,1045300
2013-08-15,122.75,123.360001,121.830002,122.129997,85.243523,1191700
2013-08-16,121.830002,122.779999,121.699997,122.199997,85.292389,1400300
2013-08-19,121.919998,122.580002,121.25,121.910004,85.089966,1191700
2013-08-20,121.919998,123.970001,121.919998,122.410004,85.438965,1545400
2013-08-21,122.370003,123.93,121.870003,122.93,85.801918,1455900
2013-08-22,123.32,124.57,123.050003,123.709999,86.346306,4718000
2013-08-23,123.720001,126.300003,123.589996,126.0,87.944695,4927100
2013-08-26,126.0,126.730003,125.099998,125.190002,87.379333,1311100
2013-08-27,124.449997,125.82,122.800003,123.139999,85.948494,1315200
2013-08-28,123.260002,124.0,123.220001,123.300003,86.060143,1207700
2013-08-29,122.43,123.050003,122.029999,122.339996,86.194016,1333600
2013-08-30,122.580002,122.669998,121.720001,122.419998,86.250351,1847000
2013-09-03,123.349998,124.360001,123.099998,123.629997,87.102867,1525400
2013-09-04,123.349998,124.860001,123.25,124.269997,87.553795,1360300
2013-09-05,123.580002,124.360001,123.07,124.139999,87.462212,1337200
2013-09-06,124.540001,124.879997,122.540001,123.730003,87.173347,1662600
2013-09-09,123.970001,124.870003,123.82,124.07,87.412872,1220200
2013-09-10,124.690002,125.800003,124.339996,125.07,88.117424,1352500
2013-09-11,124.910004,126.57,124.910004,126.57,89.174248,1143300
2013-09-12,126.309998,127.389999,126.199997,126.540001,89.153107,1886100
2013-09-13,126.970001,127.32,126.019997,127.25,89.653328,973200
2013-09-16,128.210007,129.169998,127.900002,128.460007,90.505844,1418000
2013-09-17,128.470001,129.759995,128.210007,129.639999,91.337204,1169300
2013-09-18,129.649994,130.889999,128.449997,130.839996,92.182648,1386500
2013-09-19,131.0,131.600006,130.199997,130.389999,91.865593,1403500
2013-09-20,130.440002,130.630005,128.0,128.0,90.181732,2284900
2013-09-23,128.119995,128.860001,127.0,127.620003,89.914032,1138700
2013-09-24,127.879997,129.220001,127.879997,128.139999,90.280373,1309100
2013-09-25,127.690002,128.449997,127.290001,127.860001,90.083099,1062300
2013-09-26,128.149994,129.949997,128.009995,129.850006,91.485146,1525700
2013-09-27,129.589996,129.850006,128.070007,129.240005,91.055382,1308900
2013-09-30,128.080002,128.580002,127.25,127.550003,89.864716,1588500
2013-10-01,127.769997,128.300003,127.440002,127.5,89.829491,1377500
2013-10-02,127.110001,127.150002,124.099998,125.080002,88.124496,3204200
2013-10-03,124.910004,124.919998,122.099998,122.830002,86.539261,2668500
2013-10-04,123.150002,123.410004,121.519997,122.5,86.306755,2490300
2013-10-07,122.169998,124.959999,121.830002,123.559998,87.053543,1950700
2013-10-08,123.629997,123.949997,122.389999,122.459999,86.278557,1080200
2013-10-09,122.620003,123.139999,121.75,122.029999,85.975616,1531000
2013-10-10,122.709999,126.699997,122.709999,126.68,89.251717,1323200
2013-10-11,126.209999,126.580002,125.75,126.169998,88.892433,1260000
2013-10-14,125.839996,127.629997,125.330002,127.5,89.829491,790600
2013-10-15,127.470001,127.629997,125.720001,125.900002,88.702194,1109500
2013-10-16,126.660004,127.989998,126.029999,127.860001,90.083099,1494000
2013-10-17,127.57,129.449997,127.089996,129.360001,91.139923,857700
2013-10-18,129.610001,129.610001,128.649994,128.899994,90.815819,1447500
2013-10-21,128.899994,129.059998,125.089996,125.300003,88.279472,3450600
2013-10-22,129.589996,130.179993,127.290001,130.050003,91.626038,2784200
2013-10-23,130.0,132.029999,130.0,131.979996,92.985832,1672200
2013-10-24,132.020004,132.990005,131.389999,132.619995,93.436729,1125400
2013-10-25,132.410004,134.190002,131.899994,134.0,94.409019,1578100
2013-10-28,133.759995,134.380005,132.949997,133.229996,93.866531,1316400
2013-10-29,133.399994,133.889999,132.869995,133.660004,94.169472,1231100
2013-10-30,134.119995,134.960007,133.320007,133.720001,94.211746,1196100
2013-10-31,134.009995,134.779999,133.160004,133.339996,93.944008,1516500
2013-11-01,133.539993,136.839996,133.429993,134.550003,94.796516,2135000
2013-11-04,135.0,136.0,134.910004,135.740005,95.634956,833400
2013-11-05,135.330002,136.360001,135.050003,135.470001,95.444733,885700
2013-11-06,135.529999,136.929993,135.529999,136.869995,96.431061,921900
2013-11-07,136.889999,138.149994,136.089996,136.199997,95.959053,1285400
2013-11-08,136.169998,138.149994,136.009995,138.110001,97.304703,1281400
2013-11-11,137.919998,137.919998,136.300003,137.149994,96.628304,1029900
2013-11-12,137.149994,137.240005,136.399994,137.229996,96.684692,1485100
2013-11-13,136.539993,137.380005,135.539993,137.259995,96.705841,1667500
2013-11-14,137.740005,138.399994,137.0,138.289993,97.431488,886200
2013-11-15,137.929993,138.039993,136.389999,137.449997,96.839676,2043000
2013-11-18,137.619995,138.850006,137.619995,137.850006,97.121513,897700
2013-11-19,138.110001,139.350006,137.720001,138.970001,97.910614,1047000
2013-11-20,138.839996,138.839996,136.990005,137.190002,96.656494,858600
2013-11-21,137.630005,139.009995,137.259995,138.669998,97.699242,3642300
2013-11-22,139.070007,140.940002,138.770004,140.880005,99.256287,4836800
2013-11-25,141.160004,142.130005,140.800003,141.759995,99.876289,6402400
2013-11-26,141.5,143.419998,141.309998,143.059998,100.792206,2432600
2013-11-27,142.089996,144.429993,142.089996,143.940002,102.363853,1896400
2013-11-29,143.869995,144.270004,141.240005,141.669998,100.749481,1553300
2013-12-02,141.850006,142.5,139.429993,139.699997,99.348541,1676600
2013-12-03,139.309998,139.699997,137.699997,138.770004,98.687172,1987300
2013-12-04,138.570007,138.679993,135.389999,136.229996,96.880821,2163400
2013-12-05,136.259995,137.559998,136.009995,136.660004,97.186607,1190800
2013-12-06,137.899994,138.5,137.220001,138.190002,98.274681,1416600
2013-12-09,138.5,139.289993,138.289993,138.929993,98.800957,1389100
2013-12-10,138.710007,139.860001,138.399994,139.309998,99.071175,1197900
2013-12-11,139.5,139.5,137.240005,137.460007,97.755554,1163200
2013-12-12,137.220001,138.679993,137.220001,137.979996,98.125336,1193900
2013-12-13,138.639999,139.199997,138.199997,139.029999,98.872055,1017100
2013-12-16,139.130005,140.410004,139.029999,140.050003,99.597443,1270700
2013-12-17,140.460007,140.990005,139.860001,140.850006,100.166374,1161700
2013-12-18,140.929993,143.990005,140.0,143.729996,102.214508,2282800
2013-12-19,143.75,143.75,141.869995,142.990005,101.688225,1530400
2013-12-20,143.389999,144.929993,142.899994,144.210007,102.555855,1953600
2013-12-23,144.949997,146.0,144.740005,145.059998,103.160316,1806100
2013-12-24,145.169998,146.279999,145.0,146.139999,103.928391,726700
2013-12-26,146.339996,149.210007,146.179993,148.839996,105.848503,1498600
2013-12-27,149.259995,149.990005,147.520004,148.130005,105.343582,711400
2013-12-30,148.039993,148.770004,146.009995,146.979996,104.525726,835600
2013-12-31,147.309998,148.860001,147.309998,148.660004,105.720512,693000
2014-01-02,147.050003,147.789993,145.839996,146.070007,103.878616,1115900
2014-01-03,146.5,147.330002,146.479996,147.059998,104.582649,843400
2014-01-06,147.300003,148.089996,146.100006,146.279999,104.027946,1134800
2014-01-07,149.0,149.300003,147.5,148.610001,105.684937,1684100
2014-01-08,148.389999,149.100006,147.710007,148.5,105.606728,1222700
2014-01-09,149.0,150.429993,148.539993,148.729996,105.770226,1646600
2014-01-10,148.990005,149.690002,147.550003,149.449997,106.282326,1245800
2014-01-13,153.699997,154.350006,150.509995,150.919998,107.327705,3449000
2014-01-14,151.130005,151.929993,149.190002,151.419998,107.683319,2575800
2014-01-15,151.419998,154.339996,151.100006,153.5,109.162537,2294200
2014-01-16,153.0,153.520004,152.619995,153.490005,109.155388,1378700
2014-01-17,153.729996,153.990005,153.009995,153.820007,109.390121,2016300
2014-01-21,154.0,156.539993,153.789993,154.100006,109.589211,2274600
2014-01-22,155.0,157.050003,154.259995,156.649994,111.402626,2646600
2014-01-23,157.110001,158.429993,150.300003,150.490005,107.021919,3944100
2014-01-24,151.330002,151.330002,146.679993,147.759995,105.080475,3496200
2014-01-27,148.119995,149.089996,145.119995,147.020004,104.554222,2851400
2014-01-28,147.009995,148.820007,146.800003,148.279999,105.450249,2676000
2014-01-29,147.139999,148.240005,146.5,147.350006,104.788872,2501000
2014-01-30,148.589996,150.289993,147.669998,148.660004,105.720512,1931600
2014-01-31,147.070007,151.990005,145.940002,150.910004,107.32061,2618200
2014-02-03,150.539993,152.0,147.419998,147.740005,105.066208,2307200
2014-02-04,147.789993,148.970001,144.690002,148.179993,105.379158,2205000
2014-02-05,147.740005,151.970001,147.429993,150.389999,106.950844,2728100
2014-02-06,149.729996,152.639999,149.5,151.740005,107.910866,2073800
2014-02-07,151.899994,155.699997,151.059998,155.130005,110.321663,2072700
2014-02-10,154.75,155.410004,153.509995,153.979996,109.503853,2375000
2014-02-11,154.570007,158.320007,154.179993,157.559998,112.049774,2242200
2014-02-12,158.710007,159.449997,157.970001,158.919998,113.016975,1851100
2014-02-13,157.660004,160.759995,156.539993,159.800003,113.642761,2461600
2014-02-14,159.800003,163.240005,159.309998,162.889999,115.840263,2556400
2014-02-18,161.529999,163.949997,161.529999,162.699997,115.705116,1985200
2014-02-19,162.600006,164.710007,162.009995,162.649994,115.669579,1762400
2014-02-20,163.0,165.889999,162.919998,164.270004,116.821686,2112600
2014-02-21,165.0,165.440002,163.369995,164.330002,116.864288,2377600
2014-02-24,165.619995,168.410004,164.800003,166.139999,118.15152,2534300
2014-02-25,166.580002,167.429993,163.100006,163.610001,116.35228,2278400
2014-02-26,163.300003,164.410004,160.809998,160.830002,114.375252,2691000
2014-02-27,160.399994,161.669998,159.509995,161.440002,115.766403,3075100
2014-02-28,161.149994,163.309998,161.149994,162.300003,116.383163,2232700
2014-03-03,160.820007,164.210007,160.520004,163.550003,117.279495,1709000
2014-03-04,164.289993,166.169998,164.289993,165.639999,118.778183,1748200
2014-03-05,166.229996,167.429993,165.5,166.820007,119.624306,1889200
2014-03-06,166.850006,167.479996,166.399994,166.839996,119.638695,1378300
2014-03-07,167.5,167.869995,165.970001,166.570007,119.445045,1403500
2014-03-10,165.690002,166.699997,165.110001,165.479996,118.663475,1377100
2014-03-11,165.369995,165.699997,163.720001,163.800003,117.458771,1738200
2014-03-12,163.470001,164.0,162.0,163.860001,117.501816,1503100
2014-03-13,164.529999,165.110001,162.320007,162.830002,116.763153,1404600
2014-03-14,162.539993,164.600006,162.149994,162.419998,116.469177,1386100
2014-03-17,163.440002,164.649994,163.080002,164.070007,117.652344,1466300
2014-03-18,164.850006,165.089996,163.850006,163.979996,117.587845,1652400
2014-03-19,164.369995,164.580002,160.009995,160.899994,115.379196,2068200
2014-03-20,161.119995,162.470001,159.369995,159.929993,114.683624,3228500
2014-03-21,161.0,161.369995,157.399994,157.399994,112.86937,4247800
2014-03-24,158.529999,159.369995,157.009995,158.190002,113.435928,1997300
2014-03-25,158.75,161.130005,158.580002,160.570007,115.14254,2099700
2014-03-26,160.839996,162.089996,159.619995,159.639999,114.475693,1299200
2014-03-27,159.289993,159.949997,158.020004,158.880005,113.930717,1857000
2014-03-28,159.529999,161.369995,159.240005,160.539993,115.12104,1191800
2014-03-31,162.25,163.550003,161.600006,163.240005,117.057182,1458700
2014-04-01,163.520004,164.130005,162.529999,163.710007,117.394234,981900
2014-04-02,164.0,164.770004,162.679993,164.699997,118.104134,1050300
2014-04-03,165.0,165.130005,163.699997,163.75,117.42289,1254600
2014-04-04,164.949997,164.949997,159.419998,159.610001,114.45417,1622500
2014-04-07,159.380005,160.610001,157.479996,157.740005,113.113228,1315200
2014-04-08,157.570007,157.800003,154.75,156.649994,112.331566,1782800
2014-04-09,158.029999,159.949997,156.919998,158.830002,113.894844,1124300
2014-04-10,159.080002,159.649994,155.309998,155.429993,111.456734,1499300
2014-04-11,154.970001,155.389999,153.539993,153.820007,110.302261,2024200
2014-04-14,155.0,157.160004,154.289993,155.820007,111.736397,1356100
2014-04-15,155.550003,157.589996,154.210007,157.389999,112.862221,1160500
2014-04-16,158.440002,159.470001,156.869995,159.440002,114.332237,1167900
2014-04-17,158.25,160.490005,158.25,160.25,114.913071,1544900
2014-04-21,163.240005,163.240005,160.360001,161.490005,115.802254,1303700
2014-04-22,164.679993,164.710007,156.199997,156.690002,112.360298,2674100
2014-04-23,156.809998,162.429993,155.820007,161.979996,116.153625,2862400
2014-04-24,162.429993,162.589996,159.600006,160.619995,115.178368,1398300
2014-04-25,160.220001,161.490005,158.690002,161.089996,115.515427,1803400
2014-04-28,161.330002,162.270004,159.800003,161.369995,115.716248,1352700
2014-04-29,161.300003,162.529999,160.910004,161.990005,116.16082,1225900
2014-04-30,162.020004,164.380005,161.350006,164.139999,117.70256,1615800
2014-05-01,163.720001,164.839996,162.320007,162.850006,116.777534,1301700
2014-05-02,163.0,164.110001,162.699997,163.899994,117.530449,1133100
2014-05-05,163.5,165.369995,162.789993,165.119995,118.405304,945500
2014-05-06,164.660004,165.300003,163.190002,163.490005,117.236458,1026600
2014-05-07,164.0,164.470001,162.570007,164.199997,117.74556,1173300
2014-05-08,164.179993,165.350006,163.639999,164.389999,117.88179,1024700
2014-05-09,164.149994,165.199997,163.380005,165.179993,118.448334,837900
2014-05-12,165.5,167.169998,165.300003,166.919998,119.696091,1051900
2014-05-13,166.919998,167.979996,166.330002,167.639999,120.212349,968400
2014-05-14,167.990005,168.0,164.850006,165.259995,118.505714,1165600
2014-05-15,164.820007,165.419998,162.770004,163.539993,117.272331,1061100
2014-05-16,163.690002,164.289993,162.009995,162.100006,116.239685,1739200
2014-05-19,162.149994,163.240005,161.699997,162.300003,116.383163,1460200
2014-05-20,162.490005,162.5,159.889999,160.570007,115.14254,907600
2014-05-21,161.160004,162.080002,160.850006,161.889999,116.089111,859500
2014-05-22,162.070007,162.380005,161.259995,161.820007,116.038925,823200
2014-05-23,162.669998,163.240005,161.899994,162.639999,116.626915,1663400
2014-05-27,163.130005,163.229996,162.009995,162.949997,116.84922,1294500
2014-05-28,163.429993,164.600006,161.869995,162.100006,116.239685,1831500
2014-05-29,161.119995,163.389999,160.580002,163.149994,117.96048,1489200
2014-05-30,162.729996,163.960007,162.289993,163.649994,118.322021,2121200
2014-06-02,163.880005,164.410004,162.630005,164.110001,118.654549,1012600
2014-06-03,164.110001,164.479996,163.190002,163.889999,118.495537,850900
2014-06-04,163.490005,164.720001,162.990005,164.520004,118.950981,871300
2014-06-05,164.529999,166.509995,164.529999,166.330002,120.259659,996100
2014-06-06,166.529999,167.229996,166.350006,167.169998,120.867043,891000
2014-06-09,166.210007,168.869995,165.699997,168.080002,121.524963,1351000
2014-06-10,167.990005,168.070007,166.279999,167.339996,120.98999,1002700
2014-06-11,166.520004,166.940002,164.029999,164.529999,118.958321,1297500
2014-06-12,164.300003,164.759995,162.179993,162.639999,117.591728,857100
2014-06-13,162.960007,164.589996,162.660004,164.039993,118.604004,750200
2014-06-16,163.860001,165.630005,163.529999,165.139999,119.399277,889300
2014-06-17,165.0,165.639999,163.550003,164.240005,118.748596,858100
2014-06-18,164.130005,164.220001,162.050003,163.789993,118.42321,1028200
2014-06-19,164.009995,165.619995,163.300003,164.199997,118.719589,1045800
2014-06-20,163.75,165.699997,163.75,165.399994,119.587227,1862900
2014-06-23,165.270004,165.809998,163.320007,163.949997,118.538895,829500
2014-06-24,163.279999,164.5,162.460007,162.509995,117.497787,812500
2014-06-25,162.649994,162.910004,161.440002,162.449997,117.454369,988400
2014-06-26,162.809998,162.809998,160.509995,162.050003,117.165207,988400
2014-06-27,162.279999,162.929993,161.860001,162.699997,117.635109,1102200
2014-06-30,162.759995,162.830002,160.360001,160.729996,116.2108,1234500
2014-07-01,160.039993,161.770004,158.589996,160.639999,116.145721,1358200
2014-07-02,160.770004,160.880005,158.199997,158.979996,114.94548,1309800
2014-07-03,159.800003,160.380005,159.110001,159.899994,115.610703,687200
2014-07-07,159.25,159.710007,157.710007,158.300003,114.453842,1164700
2014-07-08,158.440002,158.440002,156.960007,157.210007,113.665756,970900
2014-07-09,158.119995,158.729996,157.429993,157.929993,114.186302,827400
2014-07-10,156.229996,159.039993,156.229996,158.179993,114.367073,815700
2014-07-11,158.130005,160.619995,157.929993,160.309998,115.907074,1073600
2014-07-14,160.779999,161.979996,160.5,161.809998,116.991653,1045100
2014-07-15,161.729996,163.490005,161.470001,162.619995,117.577248,1312000
2014-07-16,163.080002,163.460007,161.149994,161.550003,116.803665,947800
2014-07-17,161.110001,163.199997,160.559998,161.330002,116.6446,1190600
2014-07-18,161.820007,162.539993,161.059998,162.490005,117.483284,1074700
2014-07-21,162.0,163.669998,161.190002,162.979996,117.837585,1201200
2014-07-22,164.5,168.179993,164.389999,167.869995,121.373169,2174500
2014-07-23,167.759995,169.210007,167.220001,168.100006,121.539436,1808500
2014-07-24,168.529999,170.119995,167.820007,169.970001,122.891464,1617600
2014-07-25,169.330002,170.690002,169.190002,170.039993,122.942047,2112300
2014-07-28,169.990005,170.570007,168.300003,170.0,122.913193,1989600
2014-07-29,170.5,170.660004,169.240005,169.330002,122.428772,1063100
2014-07-30,170.240005,171.360001,168.839996,170.179993,123.043266,1077200
2014-07-31,169.080002,169.240005,166.970001,166.970001,120.722412,1935900
2014-08-01,166.720001,168.770004,166.190002,167.119995,120.830879,1535900
2014-08-04,167.559998,168.580002,167.029999,168.289993,121.676804,1196400
2014-08-05,167.789993,169.160004,166.559998,166.929993,120.693451,1218900
2014-08-06,166.080002,166.080002,162.710007,163.050003,117.888176,1883000
2014-08-07,164.279999,164.619995,162.520004,162.949997,117.81588,1087100
2014-08-08,163.110001,166.190002,163.100006,165.800003,119.876442,1196000
2014-08-11,166.860001,166.929993,166.0,166.149994,120.129509,801800
2014-08-12,166.149994,167.149994,165.259995,165.779999,119.861961,779500
2014-08-13,166.149994,169.399994,166.149994,169.089996,122.255203,1079100
2014-08-14,169.339996,170.210007,168.860001,169.5,122.551666,1030000
2014-08-15,169.910004,170.5,167.940002,169.160004,122.305824,1062400
2014-08-18,170.199997,172.100006,170.039993,171.520004,124.012123,766400
2014-08-19,172.020004,172.399994,171.289993,172.130005,124.453163,841100
2014-08-20,172.149994,175.470001,172.130005,175.309998,126.752327,1351100
2014-08-21,174.919998,175.490005,174.179993,175.100006,126.600533,1088200
2014-08-22,174.710007,176.130005,174.360001,175.149994,126.636696,801400
2014-08-25,175.75,177.070007,175.429993,176.529999,127.634468,866400
2014-08-26,176.970001,177.009995,176.039993,176.610001,127.692337,1036500
2014-08-27,176.990005,177.190002,176.0,176.520004,127.627281,1115200
2014-08-28,174.669998,175.050003,173.740005,174.100006,126.833191,1455800
2014-08-29,174.759995,175.089996,173.75,174.0,126.760277,1532000
2014-09-02,175.139999,175.309998,173.070007,173.800003,126.614639,1547700
2014-09-03,174.940002,175.639999,173.210007,173.5,126.396103,1454800
2014-09-04,173.990005,174.490005,172.759995,173.039993,126.061005,1109000
2014-09-05,173.169998,174.649994,172.369995,174.580002,127.182838,983600
2014-09-08,174.520004,175.570007,174.360001,174.770004,127.321289,926500
2014-09-09,175.600006,176.350006,174.839996,174.940002,127.445122,1418300
2014-09-10,174.960007,175.029999,173.720001,174.589996,127.190147,2210500
2014-09-11,174.380005,174.770004,173.580002,174.199997,126.905991,1299200
2014-09-12,174.169998,174.990005,173.710007,174.429993,127.07354,759400
2014-09-15,174.419998,175.779999,173.919998,175.600006,127.925911,678500
2014-09-16,175.130005,177.940002,175.020004,177.190002,129.084229,1186800
2014-09-17,177.779999,179.649994,177.449997,178.800003,130.257172,1152600
2014-09-18,179.369995,179.720001,178.300003,179.570007,130.8181,1040400
2014-09-19,180.490005,181.220001,180.220001,180.740005,131.670456,1896300
2014-09-22,179.720001,180.759995,178.759995,178.990005,130.395569,1097400
2014-09-23,178.529999,178.979996,175.919998,176.339996,128.464996,1451100
2014-09-24,176.279999,178.5,176.279999,178.389999,129.958481,959400
2014-09-25,178.100006,178.740005,176.259995,177.440002,129.266373,1739100
2014-09-26,177.539993,182.270004,177.539993,181.580002,132.28244,1877700
2014-09-29,181.800003,182.789993,180.110001,181.360001,132.122131,1579900
2014-09-30,182.600006,184.089996,182.130005,182.779999,133.156616,1981200
2014-10-01,181.149994,181.149994,177.080002,177.889999,129.594177,1901400
2014-10-02,177.660004,178.300003,175.789993,176.350006,128.472321,1468900
2014-10-03,177.669998,179.339996,176.919998,178.339996,129.921997,2463700
2014-10-06,179.619995,179.699997,176.669998,176.919998,128.887558,1486300
2014-10-07,176.399994,176.559998,173.0,173.020004,126.046379,1182700
2014-10-08,173.270004,176.550003,171.830002,176.350006,128.472321,1677600
2014-10-09,176.320007,176.559998,173.550003,174.550003,127.161018,1581500
2014-10-10,174.679993,176.779999,173.699997,174.470001,127.102715,1668600
2014-10-13,173.970001,176.449997,172.779999,172.880005,125.944405,1473800
2014-10-14,173.550003,177.75,173.139999,176.110001,128.297455,1585300
2014-10-15,174.009995,176.020004,170.259995,175.190002,127.627266,2180500
2014-10-16,173.229996,176.729996,172.449997,174.720001,127.284828,1972800
2014-10-17,176.839996,177.889999,175.860001,176.240005,128.392181,2360100
2014-10-20,175.929993,176.369995,173.929993,175.529999,127.874954,2054900
2014-10-21,170.149994,173.850006,166.279999,172.610001,125.747658,4106600
2014-10-22,171.0,177.839996,170.710007,176.009995,128.224579,3805700
2014-10-23,177.089996,181.630005,177.089996,180.669998,131.619461,2442900
2014-10-24,181.669998,181.759995,179.419998,181.330002,132.100281,1550700
2014-10-27,181.690002,183.100006,180.699997,183.0,133.316879,1071400
2014-10-28,184.100006,185.550003,182.679993,185.550003,135.174591,1809200
2014-10-29,186.029999,186.779999,184.910004,186.429993,135.815659,1663700
2014-10-30,185.960007,189.619995,184.830002,189.289993,137.899155,1586100
2014-10-31,191.399994,191.919998,189.660004,190.570007,138.831711,1699900
2014-11-03,191.300003,191.929993,188.630005,190.75,138.962799,1145900
2014-11-04,190.839996,192.940002,190.289993,190.789993,138.991943,1667900
2014-11-05,192.190002,192.339996,188.279999,189.729996,138.219727,1743800
2014-11-06,190.0,190.470001,189.080002,189.880005,138.329071,995100
2014-11-07,189.380005,189.410004,184.910004,186.149994,135.611679,2569400
2014-11-10,186.460007,187.259995,185.759995,186.990005,136.223663,1296200
2014-11-11,187.0,188.440002,186.740005,187.119995,136.318344,881400
2014-11-12,186.929993,187.820007,186.350006,186.869995,136.136261,789300
2014-11-13,187.179993,189.050003,186.929993,187.970001,136.937561,990600
2014-11-14,187.990005,188.0,185.910004,186.600006,135.939514,1665700
2014-11-17,186.690002,187.179993,185.360001,185.509995,135.145462,1160900
2014-11-18,185.279999,187.240005,184.5,186.559998,135.910385,1775200
2014-11-19,186.070007,186.759995,185.410004,186.0,135.50238,1167500
2014-11-20,185.649994,185.979996,184.389999,185.559998,135.18187,1021600
2014-11-21,187.960007,188.279999,187.179993,187.929993,136.908447,1328200
2014-11-24,188.279999,189.259995,188.0,188.820007,137.556793,1127000
2014-11-25,188.820007,190.039993,188.550003,188.669998,137.44754,1808100
2014-11-26,187.5,189.550003,187.130005,189.149994,138.901566,1320600
2014-11-28,189.619995,192.580002,189.0,191.559998,140.67128,940900
2014-12-01,190.929993,191.880005,190.020004,191.100006,140.333496,1538300
2014-12-02,190.669998,191.570007,189.320007,190.110001,139.606537,1659900
2014-12-03,190.199997,190.669998,189.649994,189.679993,139.29068,1383300
2014-12-04,189.979996,190.25,188.470001,189.729996,139.327423,900100
2014-12-05,189.070007,190.179993,188.470001,189.869995,139.430222,1204300
2014-12-08,190.0,190.610001,188.770004,189.850006,139.415543,1669000
2014-12-09,188.309998,190.75,188.130005,190.619995,139.981033,1140800
2014-12-10,189.75,190.699997,187.559998,187.910004,137.990952,1244000
2014-12-11,188.759995,190.399994,188.039993,189.25,138.97493,1170600
2014-12-12,187.279999,188.039993,184.779999,185.179993,135.986145,1204600
2014-12-15,185.589996,187.259995,183.059998,184.210007,135.273849,1308200
2014-12-16,184.0,188.429993,183.990005,185.389999,136.140381,1228600
2014-12-17,185.389999,185.929993,182.410004,185.149994,135.964142,1482600
2014-12-18,187.550003,191.720001,186.039993,191.639999,140.730042,1670500
2014-12-19,191.550003,194.240005,191.009995,192.850006,141.618622,2609100
2014-12-22,193.399994,196.960007,193.399994,196.449997,144.262207,1105500
2014-12-23,198.5,198.720001,195.75,195.770004,143.76297,986000
2014-12-24,195.970001,197.910004,195.789993,196.429993,144.247574,403200
2014-12-26,196.710007,197.809998,196.580002,196.839996,144.548615,547400
2014-12-29,196.929993,196.929993,194.710007,195.639999,143.66745,610800
2014-12-30,195.240005,196.410004,195.0,195.429993,143.513184,523600
2014-12-31,194.910004,195.970001,192.520004,192.570007,141.412979,706500
2015-01-02,192.100006,194.479996,191.039993,193.309998,141.956436,902100
2015-01-05,192.899994,194.5,188.600006,189.289993,139.004303,1506200
2015-01-06,189.619995,190.990005,186.800003,188.399994,138.350769,1205800
2015-01-07,189.320007,191.020004,189.220001,190.830002,140.135162,941900
2015-01-08,190.899994,196.880005,190.899994,195.130005,143.292923,1950900
2015-01-09,195.089996,197.070007,194.820007,195.020004,143.212128,1439500
2015-01-12,195.509995,196.229996,193.710007,194.470001,142.808289,896400
2015-01-13,196.139999,198.440002,192.679993,194.350006,142.720139,1095000
2015-01-14,194.149994,194.240005,191.630005,193.229996,141.897644,1101100
2015-01-15,194.160004,194.729996,191.850006,192.369995,141.266113,896600
2015-01-16,191.880005,194.770004,191.880005,194.710007,142.984482,1085600
2015-01-20,196.630005,196.990005,193.009995,195.75,143.748199,857800
2015-01-21,195.0,196.75,194.110001,195.5,143.564651,966600
2015-01-22,197.0,198.559998,195.279999,198.089996,145.466614,1307900
2015-01-23,197.990005,198.880005,196.949997,197.440002,144.989258,1313000
2015-01-26,196.25,196.919998,193.029999,195.679993,143.696777,1338900
2015-01-27,193.0,193.490005,190.320007,190.550003,139.929596,1942700
2015-01-28,191.839996,194.800003,189.0,189.25,138.97493,1570400
2015-01-29,189.259995,192.529999,187.100006,192.5,141.361557,2017000
2015-01-30,189.770004,190.960007,188.279999,188.369995,138.328751,2287900
2015-02-02,188.410004,189.759995,186.009995,189.330002,139.033737,1554000
2015-02-03,190.380005,192.300003,189.589996,192.0,140.99437,1618200
2015-02-04,191.339996,193.529999,190.619995,192.279999,141.200012,1230900
2015-02-05,193.080002,194.470001,191.580002,194.059998,142.507156,1063200
2015-02-06,194.289993,196.949997,192.899994,195.240005,143.373703,1127100
2015-02-09,194.350006,194.990005,192.699997,193.020004,141.743484,1208300
2015-02-10,195.100006,195.979996,193.880005,195.669998,143.689453,1280600
2015-02-11,195.169998,197.179993,195.0,196.309998,144.159485,1439300
2015-02-12,196.710007,198.229996,196.389999,197.479996,145.01857,1217900
2015-02-13,197.289993,198.389999,196.190002,196.949997,144.62944,1253900
2015-02-17,196.529999,198.300003,195.770004,197.570007,145.084702,1023300
2015-02-18,197.570007,198.580002,196.949997,198.570007,145.819046,902000
2015-02-19,198.559998,201.740005,197.970001,201.710007,148.124893,1775000
2015-02-20,200.860001,204.0,200.279999,203.990005,149.799194,1301400
2015-02-23,204.0,205.660004,203.199997,205.589996,150.974167,1440600
2015-02-24,205.509995,206.929993,204.820007,206.619995,151.73056,1168600
2015-02-25,207.050003,207.059998,204.5,204.860001,150.438141,2759800
2015-02-26,203.25,203.839996,200.529999,201.330002,148.936417,1349700
2015-02-27,201.0,201.940002,200.0,200.050003,147.989502,1311400
2015-03-02,200.050003,203.130005,200.050003,203.020004,150.186615,1037400
2015-03-03,202.449997,202.449997,199.429993,199.929993,147.900681,1312100
2015-03-04,199.699997,200.080002,198.779999,198.970001,147.190536,851400
2015-03-05,199.369995,200.029999,198.75,199.100006,147.286652,872300
2015-03-06,198.380005,198.639999,196.710007,197.660004,146.221451,1220300
2015-03-09,197.419998,200.490005,197.210007,199.740005,147.760147,887600
2015-03-10,198.410004,198.979996,197.309998,197.580002,146.162231,1087100
2015-03-11,197.940002,198.410004,196.910004,197.210007,145.888565,953000
2015-03-12,197.539993,198.949997,197.539993,198.779999,147.049973,1047200
2015-03-13,197.970001,199.009995,195.600006,197.110001,145.81456,1155400
2015-03-16,198.220001,202.300003,198.100006,202.110001,149.513443,1198000
2015-03-17,201.479996,202.0,200.029999,200.669998,148.448166,936600
2015-03-18,200.770004,203.490005,198.360001,202.600006,149.875885,872800
2015-03-19,202.5,203.360001,201.039993,202.190002,149.572601,1178000
2015-03-20,203.050003,204.039993,201.669998,203.770004,150.741394,3938100
2015-03-23,203.330002,204.589996,202.919998,202.919998,150.11264,1028100
2015-03-24,202.339996,204.369995,200.949997,203.300003,150.393753,1250900
2015-03-25,203.339996,204.0,199.0,199.020004,147.227509,1338200
2015-03-26,197.570007,201.119995,196.259995,200.559998,148.366684,1499700
2015-03-27,200.559998,202.869995,200.240005,202.229996,149.602127,1256400
2015-03-30,203.5,206.190002,203.0,204.889999,151.569946,1049000
2015-03-31,203.460007,205.169998,202.960007,202.960007,150.142197,1261500
2015-04-01,202.100006,202.470001,197.429993,198.759995,147.035141,1897200
2015-04-02,199.369995,199.559998,197.669998,198.720001,147.005615,1387600
2015-04-06,199.330002,201.119995,197.850006,200.529999,148.344589,1366300
2015-04-07,201.0,202.550003,199.899994,200.149994,148.063477,1084800
2015-04-08,200.449997,201.889999,199.630005,200.809998,148.551712,944800
2015-04-09,200.520004,201.910004,200.289993,201.440002,149.017776,828100
2015-04-10,201.369995,202.190002,200.279999,200.399994,148.248398,1279000
2015-04-13,200.029999,201.130005,196.820007,197.050003,145.770172,2130400
2015-04-14,196.889999,197.770004,196.350006,197.339996,145.984726,1586900
2015-04-15,198.270004,199.460007,197.039993,197.210007,145.888565,1154300
2015-04-16,196.580002,198.039993,195.669998,197.119995,145.82196,1065300
2015-04-17,195.800003,196.440002,193.940002,194.820007,144.120544,1229900
2015-04-20,195.279999,197.649994,195.0,196.800003,145.585266,1276600
2015-04-21,198.050003,198.339996,195.110001,196.289993,145.207962,1421000
2015-04-22,196.699997,198.089996,195.210007,197.630005,146.199295,1127300
2015-04-23,197.490005,198.929993,196.050003,197.199997,145.881165,1178700
2015-04-24,197.009995,197.240005,195.0,195.369995,144.52739,1307400
2015-04-27,195.639999,196.580002,193.529999,193.839996,143.395538,1377700
2015-04-28,193.75,194.270004,191.589996,194.020004,143.528748,1095600
2015-04-29,193.380005,194.070007,190.929993,191.289993,141.509171,1427200
2015-04-30,190.970001,191.460007,185.649994,186.600006,138.039688,2257200
2015-05-01,186.800003,189.149994,186.800003,189.0,139.81514,1196000
2015-05-04,189.199997,190.850006,189.149994,189.690002,140.325546,912400
2015-05-05,189.25,189.899994,187.110001,187.350006,138.594543,993600
2015-05-06,188.509995,189.070007,185.910004,186.830002,138.209808,1192200
2015-05-07,186.649994,188.949997,186.339996,188.210007,139.230698,1040700
2015-05-08,189.960007,191.039993,189.479996,190.479996,140.910019,950500
2015-05-11,189.809998,191.179993,189.539993,190.470001,140.902527,832000
2015-05-12,189.220001,191.309998,188.550003,190.610001,141.006149,941800
2015-05-13,190.970001,191.990005,190.809998,191.0,141.294632,980900
2015-05-14,191.619995,193.350006,191.470001,193.050003,142.811127,1004500
2015-05-15,193.029999,193.809998,192.100006,192.360001,142.300705,1356500
2015-05-18,192.449997,193.630005,192.360001,193.080002,142.833313,822100
2015-05-19,193.020004,194.309998,192.910004,193.380005,143.055267,772100
2015-05-20,193.899994,193.899994,192.460007,193.25,142.959167,826500
2015-05-21,193.570007,193.940002,192.520004,193.110001,142.85556,769700
2015-05-22,193.259995,193.360001,192.160004,192.860001,142.670578,995600
2015-05-26,192.679993,192.679993,190.139999,190.509995,140.932144,1380400
2015-05-27,190.449997,191.589996,190.039993,191.350006,141.553528,1196100
2015-05-28,189.410004,190.759995,188.929993,190.119995,141.754868,1468900
2015-05-29,189.929993,190.100006,187.619995,188.199997,140.323303,1517400
2015-06-01,189.479996,192.25,188.369995,191.070007,142.463196,2003600
2015-06-02,190.610001,191.289993,188.800003,190.770004,142.239456,1469200
2015-06-03,191.419998,192.330002,190.789993,191.889999,143.074539,1340300
2015-06-04,190.759995,192.289993,189.990005,190.169998,141.79216,1854000
2015-06-05,189.410004,189.770004,188.429993,189.330002,141.165848,1389100
2015-06-08,189.339996,190.830002,189.059998,189.369995,141.195618,964800
2015-06-09,190.429993,190.539993,189.300003,189.350006,141.180771,1041200
2015-06-10,189.350006,190.649994,188.839996,189.279999,141.128571,1729300
2015-06-11,189.419998,191.539993,189.419998,191.479996,142.768906,1333100
2015-06-12,190.589996,191.529999,190.220001,190.979996,142.396042,1110100
2015-06-15,190.0,190.580002,189.009995,189.919998,141.605667,710600
2015-06-16,189.259995,191.139999,188.889999,190.820007,142.276794,853800
2015-06-17,191.360001,191.779999,189.720001,191.020004,142.425903,862100
2015-06-18,191.5,194.490005,191.389999,192.75,143.71579,1159700
2015-06-19,192.690002,192.690002,190.990005,191.139999,142.51535,1234900
2015-06-22,191.949997,192.979996,191.660004,192.080002,143.216202,716800
2015-06-23,192.429993,192.949997,190.880005,191.639999,142.888184,572900
2015-06-24,191.220001,191.789993,190.119995,190.169998,141.79216,857600
2015-06-25,190.5,191.169998,189.679993,189.990005,141.657944,884900
2015-06-26,190.529999,190.559998,188.509995,188.639999,140.651306,1876300
2015-06-29,187.589996,188.520004,185.410004,185.520004,138.325043,1202600
2015-06-30,187.169998,187.789993,185.330002,185.899994,138.608368,1275200
2015-07-01,186.009995,188.289993,186.009995,188.169998,140.300964,950000
2015-07-02,188.710007,188.789993,186.759995,187.300003,139.652267,1024500
2015-07-06,186.729996,188.479996,186.419998,187.990005,140.166748,902600
2015-07-07,188.570007,190.279999,187.539993,190.160004,141.784698,1328500
2015-07-08,188.509995,191.330002,188.289993,190.050003,141.702682,1528200
2015-07-09,191.759995,193.119995,191.210007,192.130005,143.25354,1442100
2015-07-10,193.990005,197.0,192.869995,194.190002,144.789536,1638900
2015-07-13,196.0,198.389999,195.610001,197.880005,147.540771,1197200
2015-07-14,198.899994,199.820007,198.360001,199.050003,148.413208,1059200
2015-07-15,199.190002,199.639999,198.059998,199.410004,148.681595,972200
2015-07-16,199.800003,201.809998,199.600006,201.619995,150.329346,975600
2015-07-17,200.929993,201.660004,200.399994,201.179993,150.001251,997900
2015-07-20,202.309998,205.389999,201.029999,205.130005,152.946426,2052000
2015-07-21,204.440002,204.759995,202.850006,203.149994,151.470078,1767000
2015-07-22,203.330002,204.440002,202.0,202.789993,151.201706,1124200
2015-07-23,202.809998,204.960007,202.639999,202.830002,151.231567,1175100
2015-07-24,202.800003,202.940002,200.679993,201.039993,149.896912,1124800
2015-07-27,200.360001,201.759995,199.380005,201.169998,149.99382,997600
2015-07-28,202.419998,204.720001,201.279999,203.630005,151.828033,1125300
2015-07-29,204.770004,210.410004,204.309998,208.149994,155.198135,2491000
2015-07-30,207.220001,208.5,205.949997,206.470001,153.945557,1554700
2015-07-31,207.610001,208.509995,206.529999,207.100006,154.415283,1116800
2015-08-03,207.270004,207.990005,206.059998,207.789993,154.929749,1064200
2015-08-04,208.509995,209.789993,207.25,209.529999,156.227127,1066100
2015-08-05,210.020004,210.75,209.070007,209.429993,156.152512,1209900
2015-08-06,209.729996,209.940002,208.160004,209.259995,156.025803,1147900
2015-08-07,209.0,209.389999,207.220001,209.089996,155.899033,997500
2015-08-10,210.039993,211.570007,209.339996,210.779999,157.159103,978500
2015-08-11,209.050003,209.759995,207.899994,208.860001,155.727585,985800
2015-08-12,207.539993,209.320007,206.75,208.779999,155.667938,917900
2015-08-13,208.729996,210.710007,208.690002,209.789993,156.420929,1091200
2015-08-14,209.75,212.080002,209.330002,211.960007,158.038971,916000
2015-08-17,210.880005,213.119995,210.770004,213.020004,158.829254,776300
2015-08-18,212.360001,213.339996,212.139999,212.669998,158.568298,774500
2015-08-19,211.960007,212.910004,210.669998,211.279999,157.531876,1302600
2015-08-20,210.979996,211.5,209.130005,209.130005,155.928864,1405700
2015-08-21,208.559998,208.839996,204.570007,204.679993,152.610901,2038500
2015-08-24,190.009995,203.270004,181.910004,197.460007,147.227631,3308700
2015-08-25,205.5,205.509995,198.550003,198.979996,148.360947,2100600
2015-08-26,203.229996,203.229996,196.850006,202.119995,150.702209,2933800
2015-08-27,203.919998,206.940002,202.910004,205.429993,153.17009,1688100
2015-08-28,203.630005,204.479996,201.380005,203.899994,153.147552,1391200
2015-08-31,203.210007,203.240005,201.080002,201.179993,151.104614,1086800
2015-09-01,197.869995,199.589996,197.020004,197.619995,148.430695,1673700
2015-09-02,199.690002,204.119995,199.279999,204.039993,153.252716,1490600
2015-09-03,204.690002,206.460007,204.320007,205.199997,154.123962,1350900
2015-09-04,203.539993,204.339996,201.410004,202.619995,152.186172,1213100
2015-09-08,204.179993,207.289993,204.0,207.009995,155.483459,1320700
2015-09-09,209.0,209.240005,204.520004,204.660004,153.718399,1110300
2015-09-10,203.710007,207.289993,203.710007,206.149994,154.837524,1370200
2015-09-11,205.809998,206.960007,205.330002,206.809998,155.333282,1085500
2015-09-14,207.029999,207.029999,205.559998,206.0,154.724884,1034300
2015-09-15,206.380005,208.539993,205.509995,207.839996,156.106888,1253700
2015-09-16,207.639999,208.190002,206.330002,207.559998,155.896576,927800
2015-09-17,207.850006,210.529999,207.130005,207.600006,155.92662,958900
2015-09-18,206.0,206.029999,202.649994,203.309998,152.704453,3010600
2015-09-21,204.350006,205.789993,203.190002,204.350006,153.485535,964700
2015-09-22,202.460007,203.970001,201.5,203.660004,152.967285,1119200
2015-09-23,204.130005,204.990005,201.710007,202.770004,152.298813,601100
2015-09-24,201.5,205.889999,199.559998,204.759995,153.793488,1667600
2015-09-25,206.740005,206.779999,203.0,203.889999,153.140121,1414000
2015-09-28,202.550003,204.440002,200.0,200.220001,150.38356,1315400
2015-09-29,200.0,202.919998,199.009995,202.470001,152.073456,1226600
2015-09-30,204.339996,207.710007,204.229996,207.309998,155.708755,1721800
2015-10-01,206.309998,207.339996,202.820007,204.75,153.786011,1889700
2015-10-02,202.009995,206.610001,201.809998,206.610001,155.183014,1154800
2015-10-05,208.300003,211.860001,207.699997,211.729996,159.028671,1347600
2015-10-06,211.699997,212.649994,210.270004,210.399994,158.029633,1625700
2015-10-07,211.789993,214.020004,211.039993,212.949997,159.944977,1122200
2015-10-08,212.279999,214.660004,211.339996,214.369995,161.011459,782100
2015-10-09,214.440002,216.270004,213.220001,213.259995,160.177765,1340000
2015-10-12,213.610001,214.630005,212.759995,214.330002,160.981461,1048100
2015-10-13,213.220001,214.360001,211.940002,211.979996,159.216415,1026200
2015-10-14,212.050003,212.589996,207.990005,208.149994,156.339706,1192100
2015-10-15,209.229996,211.699997,207.509995,209.179993,157.113388,1496900
2015-10-16,210.399994,211.0,208.690002,209.779999,157.56398,1145300
2015-10-19,209.240005,210.729996,208.5,210.639999,158.20993,1329900
2015-10-20,207.380005,209.550003,205.139999,208.729996,156.775345,1926500
2015-10-21,209.759995,213.160004,208.740005,211.559998,158.90094,1332400
2015-10-22,212.220001,216.990005,212.220001,216.509995,162.618866,1190100
2015-10-23,218.0,219.419998,217.229996,219.320007,164.729401,1280900
2015-10-26,219.320007,221.350006,218.889999,220.940002,165.946152,1383800
2015-10-27,219.970001,225.149994,219.809998,223.039993,167.523499,1399900
2015-10-28,222.25,224.440002,218.360001,221.039993,166.021301,1973500
2015-10-29,221.0,222.690002,217.770004,218.25,163.925766,1795900
2015-10-30,219.0,220.690002,218.330002,219.830002,165.112473,1774000
2015-11-02,219.889999,221.0,218.910004,220.589996,165.683289,1160700
2015-11-03,220.0,220.460007,218.339996,218.899994,164.413956,1046300
2015-11-04,219.710007,220.350006,218.509995,218.830002,164.36142,932900
2015-11-05,219.169998,220.589996,218.009995,218.600006,164.188614,911600
2015-11-06,218.0,218.490005,215.039993,216.630005,162.708954,1455400
2015-11-09,215.770004,216.369995,214.059998,214.699997,161.259338,1657300
2015-11-10,214.369995,215.740005,212.630005,214.070007,160.786255,1165900
2015-11-11,214.369995,216.529999,214.259995,215.110001,161.567322,1197100
2015-11-12,214.5,215.059998,212.660004,213.580002,160.418213,1292200
2015-11-13,213.5,214.820007,211.779999,213.160004,160.102646,1059100
2015-11-16,214.309998,220.839996,214.080002,220.669998,165.743378,1516000
2015-11-17,222.070007,225.25,220.809998,222.389999,167.035248,2081500
2015-11-18,222.539993,223.369995,220.720001,223.220001,167.658676,1185400
2015-11-19,224.479996,225.470001,223.5,224.0,168.244507,1410700
2015-11-20,225.449997,226.979996,224.960007,226.059998,169.791748,1321200
2015-11-23,226.5,227.679993,225.470001,226.029999,169.769211,939900
2015-11-24,224.960007,226.990005,224.509995,226.429993,170.069687,1234300
2015-11-25,226.479996,227.910004,225.320007,225.800003,169.596527,2156400
2015-11-27,225.529999,226.229996,224.309998,225.910004,170.928177,972800
2015-11-30,223.600006,223.679993,218.529999,219.160004,165.820984,3000800
2015-12-01,220.059998,223.100006,219.369995,220.199997,166.607819,1267200
2015-12-02,220.25,220.949997,218.779999,218.940002,165.65451,1307400
2015-12-03,219.270004,219.759995,214.690002,215.460007,163.021454,1776500
2015-12-04,216.0,219.899994,216.0,218.389999,165.238342,1701600
2015-12-07,218.339996,219.619995,217.550003,219.130005,165.798294,1537800
2015-12-08,217.690002,219.779999,217.300003,218.809998,165.556122,844400
2015-12-09,218.020004,220.259995,216.610001,217.539993,164.595184,1194900
2015-12-10,217.919998,219.75,217.0,218.880005,165.609131,1119200
2015-12-11,217.539993,219.160004,216.699997,217.199997,164.337967,1801900
2015-12-14,215.990005,217.570007,214.720001,216.580002,163.868881,2026500
2015-12-15,217.0,217.240005,214.720001,214.839996,162.552383,1539800
2015-12-16,216.0,218.110001,214.75,217.5,164.564957,1352000
2015-12-17,217.860001,218.770004,215.160004,215.220001,162.83989,1282300
2015-12-18,213.75,215.169998,211.850006,212.179993,160.539749,2058200
2015-12-21,213.800003,215.589996,213.520004,215.470001,163.029007,1066800
2015-12-22,216.160004,218.229996,215.580002,217.580002,164.625458,895200
2015-12-23,218.0,218.350006,217.179993,217.929993,164.890274,742400
2015-12-24,218.0,219.0,217.490005,218.559998,165.366959,524400
2015-12-28,218.080002,218.770004,217.429993,218.410004,165.253494,612900
2015-12-29,219.360001,221.350006,218.800003,220.470001,166.812103,768300
2015-12-30,220.929993,221.240005,219.619995,219.800003,166.305191,633500
2015-12-31,219.580002,219.949997,215.779999,217.149994,164.300125,1157800
2016-01-04,214.0,215.770004,211.389999,213.210007,161.319092,1875200
2016-01-05,214.589996,218.940002,214.020004,218.259995,165.139999,1349300
2016-01-06,217.830002,221.0,216.259995,217.630005,164.66333,1787100
2016-01-07,213.809998,216.190002,212.139999,213.289993,161.379578,1810100
2016-01-08,215.009995,216.350006,212.369995,212.910004,161.092087,1764600
2016-01-11,215.070007,216.470001,213.229996,215.350006,162.938263,2550100
2016-01-12,216.029999,218.100006,214.509995,217.960007,164.91304,1354800
2016-01-13,219.259995,219.619995,214.059998,214.399994,162.219452,1374100
2016-01-14,214.419998,217.130005,212.270004,216.419998,163.747818,1920700
2016-01-15,211.990005,217.009995,211.990005,215.990005,163.42247,2809100
2016-01-19,216.690002,220.779999,213.169998,215.289993,162.892853,2918100
2016-01-20,213.050003,216.199997,207.619995,210.399994,159.192963,2459700
2016-01-21,211.199997,212.0,208.75,210.789993,159.488052,1562900
2016-01-22,213.710007,213.710007,211.009995,212.039993,160.433762,1517900
2016-01-25,211.839996,212.75,210.0,211.009995,159.65451,1792100
2016-01-26,201.429993,211.220001,200.470001,209.929993,158.837341,4440800
2016-01-27,209.889999,211.639999,207.0,207.860001,157.271103,2694800
2016-01-28,208.490005,209.429993,206.169998,206.660004,156.363174,1862900
2016-01-29,207.830002,211.050003,206.119995,211.0,159.646988,2595900
2016-02-01,209.259995,211.339996,208.869995,209.800003,158.738968,1673100
2016-02-02,209.5,210.979996,207.639999,210.449997,159.23082,1574600
2016-02-03,212.0,213.639999,210.130005,212.919998,161.09964,2231200
2016-02-04,212.5,213.380005,209.279999,210.210007,159.049194,1628200
2016-02-05,210.339996,212.570007,209.570007,211.940002,160.35817,1892400
2016-02-08,209.330002,215.149994,209.300003,214.529999,162.317841,2502100
2016-02-09,213.119995,217.330002,212.240005,215.979996,163.414886,1983100
2016-02-10,216.009995,217.440002,213.619995,213.949997,161.878952,1738000
2016-02-11,211.669998,212.75,203.649994,207.179993,156.756607,2649700
2016-02-12,208.309998,209.919998,205.550003,206.080002,155.924347,2331700
2016-02-16,207.520004,209.490005,206.850006,209.0,158.133728,1548300
2016-02-17,210.0,212.970001,209.100006,212.740005,160.963425,1237700
2016-02-18,212.25,215.5,212.0,214.199997,162.068069,987100
2016-02-19,214.509995,214.740005,212.699997,213.619995,161.629257,1233300
2016-02-22,213.619995,216.779999,213.619995,215.009995,162.680954,974000
2016-02-23,214.830002,215.740005,213.869995,215.149994,162.786911,1282900
2016-02-24,213.580002,216.990005,213.5,216.630005,163.906738,1301600
2016-02-25,217.0,220.139999,216.380005,220.029999,166.479172,1489300
2016-02-26,219.220001,219.75,217.110001,217.240005,165.610123,1210200
2016-02-29,216.669998,218.100006,215.729996,215.789993,164.504776,1248600
2016-03-01,216.589996,218.350006,214.880005,218.130005,166.28862,1159500
2016-03-02,218.089996,218.860001,215.779999,217.199997,165.579636,1188600
2016-03-03,216.479996,218.619995,215.539993,218.520004,166.585968,875200
2016-03-04,217.910004,219.080002,217.559998,218.720001,166.738419,935500
2016-03-07,217.5,218.380005,215.300003,215.839996,164.542862,1017800
2016-03-08,213.949997,216.210007,210.899994,215.339996,164.161728,1843800
2016-03-09,216.75,217.919998,215.740005,216.410004,164.977417,988200
2016-03-10,216.940002,218.520004,215.669998,216.559998,165.091766,1367600
2016-03-11,218.0,218.889999,215.960007,217.050003,165.465317,1336400
2016-03-14,215.619995,217.509995,215.619995,216.600006,165.122253,934500
2016-03-15,215.339996,217.320007,214.809998,217.050003,165.465317,1012300
2016-03-16,217.139999,218.940002,216.289993,218.190002,166.334351,882600
2016-03-17,218.279999,219.940002,217.419998,219.25,167.142502,1299100
2016-03-18,220.0,221.089996,218.369995,220.910004,168.407883,2114600
2016-03-21,220.410004,223.190002,220.410004,221.259995,168.674744,1149700
2016-03-22,221.050003,222.729996,220.5,220.729996,168.270721,925300
2016-03-23,220.889999,222.539993,220.619995,221.259995,168.674744,781900
2016-03-24,221.050003,221.5,217.139999,218.0,166.189529,1319200
2016-03-28,218.809998,219.550003,218.339996,219.059998,166.997589,994000
2016-03-29,219.0,220.919998,218.429993,220.759995,168.293564,748500
2016-03-30,222.0,223.860001,221.789993,222.960007,169.970764,950900
2016-03-31,222.649994,223.330002,221.089996,221.5,168.857697,1105200
2016-04-01,219.960007,223.470001,219.169998,223.110001,170.085068,957800
2016-04-04,223.220001,224.899994,223.080002,224.130005,170.862671,1007500
2016-04-05,224.029999,227.029999,222.820007,225.619995,171.998566,1437300
2016-04-06,225.309998,226.850006,225.309998,226.630005,172.768494,1276100
2016-04-07,226.0,227.410004,225.639999,226.479996,172.654129,1063200
2016-04-08,227.589996,228.0,225.800003,226.300003,172.516922,582600
2016-04-11,226.050003,226.710007,224.110001,224.649994,171.259048,1140200
2016-04-12,224.75,226.869995,224.179993,225.979996,172.27298,682400
2016-04-13,227.0,227.160004,224.929993,226.380005,172.577866,808500
2016-04-14,226.789993,226.789993,225.190002,225.440002,171.861328,774300
2016-04-15,225.869995,225.919998,224.619995,225.809998,172.143372,1134600
2016-04-18,225.809998,227.630005,225.300003,227.139999,173.157257,824200
2016-04-19,227.160004,227.889999,226.289993,226.509995,172.677048,721100
2016-04-20,227.0,228.119995,226.059998,226.580002,172.730362,887300
2016-04-21,226.309998,227.309998,225.649994,226.070007,172.341568,996700
2016-04-22,226.600006,227.869995,225.600006,226.830002,172.920929,1037300
2016-04-25,226.039993,226.990005,225.339996,226.300003,172.516922,986300
2016-04-26,227.850006,232.220001,227.850006,232.160004,176.984253,1918300
2016-04-27,230.089996,234.589996,229.960007,233.649994,178.120132,1405700
2016-04-28,232.199997,234.479996,231.899994,232.720001,177.411087,1034900
2016-04-29,232.100006,232.970001,230.820007,232.380005,177.151962,952200
2016-05-02,232.740005,233.800003,232.429993,233.240005,177.807556,1008100
2016-05-03,232.339996,234.830002,231.369995,234.699997,178.920563,1166400
2016-05-04,233.850006,236.339996,233.089996,236.009995,179.91922,1382900
2016-05-05,236.100006,238.160004,235.440002,238.139999,181.542969,1198900
2016-05-06,238.0,240.5,237.789993,240.259995,183.159134,1140800
2016-05-09,240.259995,242.0,239.520004,240.320007,183.204926,1498800
2016-05-10,241.309998,244.550003,241.289993,244.360001,186.284714,1141400
2016-05-11,243.970001,244.490005,241.619995,241.830002,184.356018,1006700
2016-05-12,242.029999,245.369995,241.5,244.940002,186.726929,969300
2016-05-13,242.380005,244.5,241.699997,242.119995,184.577057,1198700
2016-05-16,241.210007,243.990005,240.910004,242.970001,185.225082,921200
2016-05-17,243.0,243.529999,240.270004,241.529999,184.127335,1016100
2016-05-18,240.889999,243.190002,240.130005,241.580002,184.165482,738000
2016-05-19,239.679993,241.070007,237.789993,238.889999,182.114716,1360600
2016-05-20,239.490005,240.300003,238.389999,240.070007,183.014297,1009000
2016-05-23,240.429993,240.520004,239.039993,239.520004,182.595047,849600
2016-05-24,240.399994,241.75,240.300003,240.970001,183.700363,741200
2016-05-25,241.300003,241.559998,240.5,240.839996,183.601273,737300
2016-05-26,240.589996,242.0,240.110001,241.539993,184.134949,648700
2016-05-27,240.0,240.820007,239.210007,240.089996,184.288452,794100
2016-05-31,239.740005,240.610001,236.149994,236.229996,181.325562,2546000
2016-06-01,236.229996,238.580002,235.360001,238.080002,182.745636,972700
2016-06-02,238.130005,238.25,236.789993,237.830002,182.553741,921400
2016-06-03,237.580002,239.649994,236.229996,238.919998,183.390366,1516700
2016-06-06,238.520004,240.369995,238.520004,239.399994,183.758789,1154100
2016-06-07,240.199997,241.360001,239.410004,239.5,183.835587,993000
2016-06-08,239.259995,240.75,239.229996,240.380005,184.511047,918900
2016-06-09,240.050003,240.869995,240.0,240.669998,184.733688,894100
2016-06-10,240.009995,241.699997,239.740005,240.580002,184.664581,760200
2016-06-13,240.009995,240.699997,237.910004,237.949997,182.645828,1073000
2016-06-14,237.779999,240.119995,237.25,239.699997,183.98912,1220000
2016-06-15,240.110001,240.589996,239.229996,239.449997,183.79715,854200
2016-06-16,239.050003,240.449997,238.089996,239.869995,184.119614,1212300
2016-06-17,240.220001,240.220001,236.660004,237.559998,182.346451,1455700
2016-06-20,239.199997,239.800003,237.860001,238.639999,183.175491,1067000
2016-06-21,239.490005,239.850006,238.309998,238.550003,183.106384,928300
2016-06-22,238.949997,239.270004,238.039993,238.169998,182.814713,1001700
2016-06-23,239.789993,240.0,238.179993,240.0,184.219376,755800
2016-06-24,234.850006,242.869995,234.75,239.699997,183.98912,3471200
2016-06-27,238.779999,239.970001,236.070007,239.289993,183.674362,1868200
2016-06-28,240.110001,240.960007,237.649994,240.910004,184.917847,1994700
2016-06-29,242.0,244.690002,241.660004,244.080002,187.351105,1190000
2016-06-30,244.779999,248.720001,244.669998,248.169998,190.490509,2045600
2016-07-01,248.169998,249.919998,248.169998,249.350006,191.396255,1427800
2016-07-05,248.800003,250.380005,248.419998,249.509995,191.519043,1327600
2016-07-06,250.949997,251.320007,247.880005,250.080002,191.956573,1387400
2016-07-07,250.229996,251.220001,248.610001,249.770004,191.718613,961300
2016-07-08,250.779999,252.300003,248.5,251.899994,193.353592,1082800
2016-07-11,252.380005,256.339996,251.919998,254.389999,195.264908,6337100
2016-07-12,255.639999,256.380005,254.029999,254.699997,195.502853,4167000
2016-07-13,255.100006,256.440002,254.919998,255.899994,196.423874,4781700
2016-07-14,257.190002,257.940002,254.699997,256.0,196.500656,3323800
2016-07-15,257.109985,257.619995,256.100006,256.980011,197.252869,3460700
2016-07-18,257.779999,258.290009,255.300003,256.290009,196.723282,2345800
2016-07-19,258.540009,263.369995,252.100006,258.959991,198.772705,4980000
2016-07-20,259.320007,259.820007,255.889999,256.670013,197.014954,3361600
2016-07-21,257.48999,257.48999,251.600006,254.139999,195.072983,2733400
2016-07-22,254.600006,257.48999,253.050003,257.309998,197.506165,1864500
2016-07-25,256.820007,257.279999,254.720001,255.619995,196.208954,1295200
2016-07-26,255.619995,256.459991,253.830002,254.759995,195.548889,2121500
2016-07-27,255.470001,256.0,253.029999,254.160004,195.088333,2593300
2016-07-28,254.199997,254.889999,252.050003,254.550003,195.387634,2716000
2016-07-29,254.5,254.809998,252.699997,252.729996,193.990662,2178300
2016-08-01,252.630005,254.929993,252.300003,254.839996,195.610321,2782400
2016-08-02,254.169998,257.459991,252.729996,257.0,197.268204,4770800
2016-08-03,257.51001,257.75,254.75,256.850006,197.153122,6827200
2016-08-04,257.649994,258.779999,256.140015,257.75,197.843903,5720200
2016-08-05,259.140015,260.290009,257.630005,260.290009,199.793594,4418100
2016-08-08,260.0,261.869995,258.790009,260.190002,199.716858,8743400
2016-08-09,260.429993,261.290009,259.179993,260.660004,200.077606,9900300
2016-08-10,259.820007,262.100006,259.070007,261.299988,200.568848,9565300
2016-08-11,261.5,264.070007,260.149994,262.540009,201.52066,12648900
2016-08-12,262.48999,265.339996,261.670013,264.149994,202.756454,13962300
2016-08-15,264.220001,266.929993,264.200012,266.5,204.560272,9143800
2016-08-16,265.230011,266.049988,254.440002,256.769989,197.091705,7884400
2016-08-17,256.700012,257.5,251.550003,255.639999,196.224319,4381100
2016-08-18,255.639999,255.990005,254.100006,255.419998,196.055496,2596300
2016-08-19,254.729996,255.0,252.699997,254.119995,195.057632,2412700
2016-08-22,254.369995,256.420013,253.75,254.199997,195.119019,3791000
2016-08-23,255.240005,255.240005,248.139999,249.75,191.703293,10627900
2016-08-24,248.759995,249.75,244.800003,248.119995,190.452133,10559900
2016-08-25,247.610001,250.190002,246.0,248.529999,190.766846,4383900
2016-08-26,249.0,249.800003,243.649994,244.440002,187.627441,4697100
2016-08-29,245.0,246.080002,244.039993,244.300003,187.519974,1637600
2016-08-30,242.649994,243.309998,238.850006,239.449997,185.046967,1887400
2016-08-31,239.0,243.619995,238.600006,242.970001,187.767242,2890200
2016-09-01,243.130005,243.839996,241.899994,243.610001,188.261841,1337100
2016-09-02,243.75,245.0,242.259995,243.320007,188.037781,1492700
2016-09-06,244.240005,244.490005,242.259995,243.0,187.790405,1599800
2016-09-07,242.160004,243.0,241.149994,241.369995,186.530807,1245900
2016-09-08,240.490005,242.25,240.0,241.630005,186.731689,1249600
2016-09-09,240.139999,240.639999,237.889999,237.940002,183.880127,1574200
2016-09-12,236.5,239.5,235.279999,238.800003,184.544647,1822000
2016-09-13,237.669998,238.720001,237.0,237.410004,183.470505,1609000
2016-09-14,237.410004,239.009995,236.910004,237.410004,183.470505,1494500
2016-09-15,237.410004,239.490005,236.699997,239.089996,184.768768,1267100
2016-09-16,238.419998,238.639999,237.25,237.449997,183.501434,2892900
2016-09-19,239.300003,241.889999,239.080002,240.880005,186.15213,1456600
2016-09-20,241.350006,242.240005,240.479996,240.479996,185.843018,1007900
2016-09-21,241.139999,243.869995,240.619995,243.820007,188.424179,1660200
2016-09-22,244.949997,247.029999,244.740005,246.619995,190.587952,1173000
2016-09-23,246.080002,246.539993,244.639999,245.839996,189.985184,858800
2016-09-26,245.710007,247.479996,245.009995,245.529999,189.745651,880700
2016-09-27,246.039993,247.020004,245.300003,245.789993,189.946518,946500
2016-09-28,246.130005,246.960007,244.860001,245.75,189.915634,1352500
2016-09-29,246.080002,246.080002,240.960007,242.339996,187.280411,1134100
2016-09-30,243.059998,243.470001,237.330002,239.720001,185.255692,2167000
2016-10-03,238.710007,241.300003,237.539993,240.580002,185.920288,1338300
2016-10-04,240.960007,241.050003,236.5,237.100006,183.230896,1409600
2016-10-05,239.050003,239.050003,236.5,236.600006,182.844528,1172100
2016-10-06,237.0,237.020004,234.479996,234.720001,181.391632,1899700
2016-10-07,233.199997,233.990005,231.570007,233.529999,180.472015,2183900
2016-10-10,233.820007,234.929993,233.119995,233.289993,180.28653,990000
2016-10-11,233.0,233.630005,231.639999,231.850006,179.173706,1060700
2016-10-12,231.929993,233.119995,231.369995,232.100006,179.366913,1256000
2016-10-13,231.660004,233.419998,231.050003,232.990005,180.054703,1112000
2016-10-14,233.380005,234.089996,231.929993,232.570007,179.730133,1081000
2016-10-17,232.679993,234.330002,232.600006,232.770004,179.884689,793300
2016-10-18,234.289993,239.600006,232.580002,232.789993,179.900146,867900
2016-10-19,233.080002,233.740005,231.580002,232.330002,179.544708,992400
2016-10-20,232.149994,232.710007,230.720001,231.830002,179.158264,922800
2016-10-21,231.070007,231.160004,228.5,230.520004,178.145889,1553000
2016-10-24,231.5,232.490005,230.919998,232.160004,179.41333,1304900
2016-10-25,241.080002,249.789993,238.639999,249.259995,192.628189,3130700
2016-10-26,248.600006,252.0,247.490005,250.089996,193.269592,2112300
2016-10-27,250.279999,251.240005,248.050003,248.529999,192.064056,1294400
2016-10-28,248.720001,250.169998,247.690002,248.0,191.654465,1119000
2016-10-31,248.240005,248.809998,245.679993,246.380005,190.402557,1320900
2016-11-01,247.190002,247.190002,244.229996,244.979996,189.320557,1081000
2016-11-02,244.949997,247.649994,244.199997,245.110001,189.421066,953800
2016-11-03,242.550003,243.399994,237.110001,238.699997,184.467468,1695100
2016-11-04,238.850006,239.699997,236.210007,236.279999,182.597214,1512200
2016-11-07,239.830002,239.919998,237.520004,239.270004,184.907928,1376000
2016-11-08,239.0,240.919998,238.600006,239.190002,184.846085,1259300
2016-11-09,256.589996,257.480011,250.0,253.460007,195.873962,4184300
2016-11-10,257.5,258.190002,252.770004,257.269989,198.818314,2627400
2016-11-11,257.959991,259.730011,255.059998,259.170013,200.286667,2002900
2016-11-14,261.230011,267.809998,260.799988,267.23999,206.523193,2455100
2016-11-15,268.790009,269.73999,261.850006,265.929993,205.510773,2014600
2016-11-16,265.869995,266.170013,261.459991,263.350006,203.516953,1464200
2016-11-17,263.5,264.470001,262.390015,263.279999,203.46286,913500
2016-11-18,263.140015,264.459991,261.579987,263.089996,203.31601,1197100
2016-11-21,264.049988,264.329987,262.640015,263.420013,203.570969,965500
2016-11-22,264.48999,265.640015,263.420013,264.660004,204.529266,1244700
2016-11-23,264.910004,265.820007,263.559998,264.399994,204.328354,1038000
2016-11-25,265.339996,266.48999,264.649994,265.920013,205.503052,653000
2016-11-28,265.730011,266.230011,264.859985,265.929993,205.510773,1364900
2016-11-29,264.5,267.769989,263.709991,266.579987,207.432693,1209500
2016-11-30,267.549988,267.950012,265.25,265.25,206.397827,1468000
2016-12-01,265.290009,266.529999,264.309998,266.399994,207.292633,874900
2016-12-02,266.579987,268.149994,266.01001,267.619995,208.241959,1091000
2016-12-05,268.950012,269.899994,266.309998,266.929993,207.705109,1270300
2016-12-06,265.829987,266.799988,264.01001,266.0,206.981415,1145900
2016-12-07,266.070007,267.0,264.350006,266.380005,207.277084,1269400
2016-12-08,266.380005,266.380005,258.609985,259.25,201.729034,2767300
2016-12-09,258.600006,260.220001,258.059998,259.529999,201.946945,1545300
2016-12-12,251.779999,253.699997,245.5,253.110001,196.951401,7080300
2016-12-13,254.669998,255.5,250.119995,251.690002,195.846451,2519200
2016-12-14,252.309998,254.830002,252.080002,252.300003,196.321106,1844900
2016-12-15,252.339996,253.309998,250.410004,250.649994,195.03714,1855600
2016-12-16,251.279999,252.789993,249.029999,250.080002,194.593674,2138100
2016-12-19,249.539993,252.460007,249.539993,252.179993,196.227692,1045600
2016-12-20,252.179993,253.779999,252.100006,253.729996,197.433807,900200
2016-12-21,254.5,254.5,252.279999,252.520004,196.49231,819600
2016-12-22,252.009995,253.5,251.100006,252.800003,196.710144,831100
2016-12-23,248.169998,251.880005,247.009995,249.589996,194.212372,2086400
2016-12-27,250.779999,251.75,250.199997,250.860001,195.200592,788800
2016-12-28,250.440002,251.0,248.520004,249.580002,194.20459,1007700
2016-12-29,250.190002,251.919998,249.449997,250.589996,194.990509,900900
2016-12-30,250.529999,251.320007,248.779999,249.940002,194.484711,1058100
2017-01-03,251.199997,254.110001,250.759995,253.309998,197.10704,1667700
2017-01-04,254.100006,254.899994,253.339996,253.990005,197.636124,1077600
2017-01-05,254.369995,258.019989,254.100006,255.979996,199.184616,1279200
2017-01-06,255.479996,258.570007,255.479996,257.850006,200.639679,1246000
2017-01-09,258.0,258.98999,257.429993,257.809998,200.608521,1067100
2017-01-10,258.160004,258.959991,256.170013,256.170013,199.332474,1146400
2017-01-11,256.299988,257.0,251.710007,255.130005,198.523193,1613000
2017-01-12,254.910004,255.330002,251.309998,252.619995,196.570099,1153300
2017-01-13,252.740005,255.949997,252.020004,254.529999,198.05632,1162000
2017-01-17,253.460007,254.339996,252.059998,254.119995,197.737274,1431000
2017-01-18,254.100006,254.729996,252.940002,254.070007,197.69838,925300
2017-01-19,255.570007,257.440002,255.190002,257.029999,200.001663,1076500
2017-01-20,257.959991,258.079987,256.100006,257.730011,200.546295,1184400
2017-01-23,258.149994,259.73999,255.020004,257.480011,200.351837,1606300
2017-01-24,250.380005,253.449997,249.020004,252.910004,196.795746,2985000
2017-01-25,253.059998,254.330002,248.0,251.0,195.309525,2329900
2017-01-26,250.0,254.990005,249.550003,254.970001,198.398682,1956700
2017-01-27,254.979996,259.119995,250.130005,253.5,197.254837,2597200
2017-01-30,254.330002,256.279999,251.880005,252.830002,196.733536,1537400
2017-01-31,252.320007,252.5,249.960007,251.330002,195.56633,1276300
2017-02-01,250.830002,252.559998,249.979996,250.899994,195.23172,1210400
2017-02-02,250.899994,252.169998,250.339996,251.970001,196.064316,1045700
2017-02-03,252.669998,256.459991,251.5,254.460007,198.001816,1803700
2017-02-06,254.429993,257.070007,254.110001,255.309998,198.663254,980800
2017-02-07,256.0,257.299988,255.580002,256.369995,199.488068,977800
2017-02-08,256.929993,257.809998,256.399994,256.73999,199.776001,973400
2017-02-09,256.73999,259.040009,256.73999,258.200012,200.912048,869300
2017-02-10,258.480011,260.920013,258.0,260.549988,202.740662,748800
2017-02-13,261.049988,263.109985,261.019989,262.350006,204.141235,906700
2017-02-14,262.190002,263.160004,261.850006,262.559998,204.304688,824200
2017-02-15,262.0,263.76001,261.070007,263.459991,205.004959,1063800
2017-02-16,263.920013,265.399994,262.730011,265.329987,206.460037,858500
2017-02-17,264.709991,265.429993,263.5,265.350006,206.475662,882100
2017-02-21,264.809998,266.070007,264.190002,265.660004,206.716888,957300
2017-02-22,265.0,266.019989,264.209991,265.920013,206.919205,712700
2017-02-23,266.309998,266.309998,263.769989,264.850006,206.086609,1008300
2017-02-24,264.570007,266.0,263.179993,266.0,206.981415,929200
2017-02-27,265.0,270.0,264.200012,269.359985,211.039825,1499700
2017-02-28,269.640015,269.720001,266.450012,266.579987,208.861786,2049400
2017-03-01,269.089996,270.0,267.329987,268.380005,210.272064,1125600
2017-03-02,269.0,269.0,266.220001,266.98999,209.182983,954200
2017-03-03,267.070007,268.329987,266.25,267.76001,209.786285,771100
2017-03-06,267.429993,268.480011,266.799988,267.720001,209.754944,778300
2017-03-07,267.309998,269.380005,267.299988,269.040009,210.789185,884000
2017-03-08,269.0,269.049988,267.309998,267.720001,209.754944,818000
2017-03-09,268.0,269.0,267.540009,268.679993,210.50705,729400
2017-03-10,269.899994,269.899994,267.269989,268.660004,210.49144,687200
2017-03-13,268.51001,269.26001,268.0,269.190002,210.906677,819100
2017-03-14,268.929993,269.149994,267.380005,268.0,209.97435,701600
2017-03-15,268.0,269.869995,267.75,269.440002,211.102524,748500
2017-03-16,270.679993,270.679993,267.130005,267.940002,209.927353,982200
2017-03-17,268.779999,272.179993,268.299988,271.980011,213.092606,2127700
2017-03-20,272.160004,274.570007,271.630005,272.029999,213.131821,1325000
2017-03-21,272.350006,273.019989,268.359985,269.0,210.757843,1359600
2017-03-22,268.829987,270.279999,267.910004,269.420013,211.086899,1021200
2017-03-23,269.420013,271.470001,268.980011,269.5,211.149567,803800
2017-03-24,269.829987,269.980011,266.730011,267.420013,209.519928,870500
2017-03-27,265.649994,267.880005,264.040009,267.160004,209.316269,994300
2017-03-28,266.630005,270.790009,266.019989,269.119995,210.851822,1021300
2017-03-29,268.920013,268.920013,267.26001,268.23999,210.162384,814100
2017-03-30,268.559998,270.929993,268.209991,270.540009,211.964386,562200
2017-03-31,270.470001,270.470001,267.600006,267.600006,209.660934,1214400
2017-04-03,267.600006,269.299988,267.350006,268.679993,210.50705,799100
2017-04-04,268.540009,270.049988,268.25,269.559998,211.196564,567900
2017-04-05,269.839996,270.950012,266.809998,266.980011,209.175156,949500
2017-04-06,266.869995,267.790009,266.320007,267.109985,209.276993,740400
2017-04-07,272.339996,272.339996,268.179993,270.230011,211.721466,1020800
2017-04-10,270.190002,271.359985,268.829987,269.029999,210.781311,789300
2017-04-11,269.0,270.519989,268.179993,270.269989,211.752777,744400
2017-04-12,269.890015,270.480011,268.040009,268.51001,210.373901,955400
2017-04-13,268.140015,270.279999,268.0,268.0,209.97435,764000
2017-04-17,268.130005,269.899994,267.910004,269.880005,211.44725,811600
2017-04-18,269.880005,270.700012,268.220001,268.779999,210.585403,762800
2017-04-19,269.690002,270.049988,268.670013,269.630005,211.251389,815900
2017-04-20,270.149994,273.200012,269.670013,271.850006,212.990753,814600
2017-04-21,272.200012,274.48999,272.0,273.089996,213.96228,955500
2017-04-24,275.540009,276.640015,274.309998,276.209991,216.406738,1098800
2017-04-25,273.899994,274.5,267.679993,270.019989,211.556931,2963900
2017-04-26,270.589996,272.51001,269.540009,270.350006,211.815521,1477200
2017-04-27,270.839996,272.769989,269.940002,271.140015,212.434509,953800
2017-04-28,271.070007,271.540009,268.619995,269.450012,211.110367,1004200
2017-05-01,269.549988,270.109985,268.369995,268.429993,210.311264,841500
2017-05-02,268.190002,269.869995,268.0,269.48999,211.141754,737100
2017-05-03,268.75,269.950012,268.200012,269.600006,211.22789,636500
2017-05-04,269.869995,270.709991,268.859985,270.51001,211.940872,691100
2017-05-05,270.679993,273.100006,270.209991,273.029999,213.915298,812700
2017-05-08,272.920013,274.0,272.100006,272.5,213.500061,674800
2017-05-09,273.0,274.220001,272.269989,273.869995,214.573349,897900
2017-05-10,272.880005,273.709991,270.170013,271.73999,212.904572,934500
2017-05-11,271.140015,272.25,270.200012,272.089996,213.178848,605500
2017-05-12,270.910004,271.700012,270.75,271.26001,212.528549,599700
2017-05-15,271.279999,272.470001,271.049988,272.350006,213.382492,616500
2017-05-16,272.079987,273.26001,271.429993,271.649994,212.834045,614100
2017-05-17,271.649994,271.649994,268.910004,269.23999,210.945923,943300
2017-05-18,268.540009,269.0,266.01001,267.320007,209.441589,1245900
2017-05-19,268.700012,272.880005,268.109985,272.790009,213.727219,1254100
2017-05-22,280.790009,280.790009,276.220001,277.029999,217.04921,1601200
2017-05-23,278.0,278.619995,276.100006,278.359985,218.091171,874700
2017-05-24,278.220001,280.559998,278.109985,280.049988,219.415298,871700
2017-05-25,281.0,282.329987,280.559998,282.059998,220.990173,834300
2017-05-26,282.040009,284.0,281.540009,283.649994,222.235855,854600
2017-05-30,281.829987,282.839996,279.730011,280.089996,220.863815,902200
2017-05-31,279.470001,281.279999,279.269989,281.130005,221.68396,1506600
2017-06-01,281.179993,281.700012,279.5,280.959991,221.549835,829300
2017-06-02,281.279999,282.890015,280.75,281.76001,222.180679,748500
2017-06-05,281.5,282.299988,280.089996,280.130005,220.895325,622500
2017-06-06,279.540009,279.950012,276.720001,276.880005,218.332596,890800
2017-06-07,277.410004,277.850006,276.23999,277.380005,218.726883,658900
2017-06-08,277.380005,278.690002,276.670013,277.619995,218.916092,1116400
2017-06-09,277.660004,279.190002,276.609985,277.0,218.427246,1021700
2017-06-12,277.0,277.230011,273.920013,276.890015,218.3405,835900
2017-06-13,276.899994,278.940002,275.480011,278.359985,219.499557,638500
2017-06-14,278.100006,282.320007,278.0,280.299988,221.029434,828900
2017-06-15,279.75,281.570007,277.769989,280.929993,221.526199,617700
2017-06-16,282.130005,282.279999,280.679993,281.109985,221.668137,1287600
2017-06-19,281.75,284.480011,281.390015,282.299988,222.606506,1064100
2017-06-20,282.950012,284.980011,282.399994,282.890015,223.071808,967600
2017-06-21,283.679993,284.019989,282.339996,282.98999,223.150604,801400
2017-06-22,282.730011,283.709991,280.380005,280.429993,221.131943,694000
2017-06-23,280.029999,281.480011,280.029999,280.640015,221.297562,1026800
2017-06-26,281.170013,283.200012,279.48999,279.700012,220.556335,886500
2017-06-27,279.320007,280.209991,277.829987,277.829987,219.081711,740500
2017-06-28,279.079987,280.920013,278.369995,280.019989,220.808548,955700
2017-06-29,279.850006,279.850006,274.690002,276.730011,218.214279,905200
2017-06-30,277.619995,278.920013,276.320007,277.609985,218.908218,1085900
2017-07-03,277.390015,280.480011,277.200012,278.920013,219.941254,462800
2017-07-05,279.5,283.720001,279.399994,282.399994,222.685349,869500
2017-07-06,282.0,283.480011,280.399994,280.959991,221.549835,766000
2017-07-07,281.660004,286.950012,281.5,285.200012,224.89328,1197200
2017-07-10,285.5,287.910004,284.220001,285.570007,225.185043,1347800
2017-07-11,285.570007,287.75,285.059998,286.420013,225.855347,915600
2017-07-12,287.149994,288.769989,286.359985,286.359985,225.80806,812600
2017-07-13,287.119995,287.850006,285.779999,286.76001,226.123367,705100
2017-07-14,287.049988,288.769989,286.709991,288.130005,227.20372,887900
2017-07-17,288.5,290.059998,287.609985,288.48999,227.487595,1319300
2017-07-18,290.640015,292.970001,286.029999,286.790009,226.147095,1811000
2017-07-19,287.679993,291.279999,287.040009,290.670013,229.20665,1139700
2017-07-20,290.579987,290.73999,288.940002,289.670013,228.418167,1150900
2017-07-21,288.299988,290.070007,286.859985,289.119995,227.984329,1230100
2017-07-24,289.470001,291.23999,289.200012,290.279999,228.899109,768700
2017-07-25,291.480011,292.070007,289.720001,289.829987,228.544205,805200
2017-07-26,290.820007,290.98999,288.769989,289.850006,228.560013,882400
2017-07-27,290.200012,290.48999,286.170013,288.130005,227.20372,1117400
2017-07-28,288.070007,290.769989,286.579987,290.410004,229.001587,1086200
2017-07-31,291.420013,293.839996,291.029999,292.130005,230.357925,1139200
2017-08-01,293.929993,294.329987,291.899994,292.649994,230.768021,1036700
2017-08-02,292.730011,294.839996,292.149994,294.700012,232.384476,983700
2017-08-03,294.0,295.910004,292.799988,295.820007,233.267624,983600
2017-08-04,296.269989,297.0,295.040009,297.0,234.19812,796400
2017-08-07,297.309998,297.730011,296.600006,297.149994,234.316467,769100
2017-08-08,297.790009,300.420013,297.329987,300.100006,236.642609,1009300
2017-08-09,301.200012,305.540009,301.0,305.220001,240.680069,1750600
2017-08-10,306.549988,307.100006,303.0,303.25,239.126511,1339600
2017-08-11,302.839996,306.450012,302.579987,303.75,239.520798,987800
2017-08-14,305.450012,308.059998,304.26001,307.579987,242.540955,1203000
2017-08-15,307.970001,308.480011,305.519989,306.200012,241.452759,1020300
2017-08-16,305.880005,306.809998,305.350006,305.799988,241.137329,1035600
2017-08-17,305.26001,305.649994,301.269989,301.420013,237.683517,1067000
2017-08-18,300.869995,301.26001,298.820007,299.200012,235.932953,1204700
2017-08-21,300.0,302.230011,297.769989,301.880005,238.046219,962200
2017-08-22,303.51001,305.480011,302.970001,304.799988,240.34874,960400
2017-08-23,304.0,304.559998,302.529999,302.839996,238.803192,697100
2017-08-24,303.51001,304.049988,301.25,302.600006,238.613998,574400
2017-08-25,303.920013,304.679993,302.709991,302.799988,238.771744,571100
2017-08-28,303.730011,303.850006,302.51001,303.609985,239.410431,830400
2017-08-29,304.5,308.179993,304.5,308.140015,242.982544,1277600
2017-08-30,306.420013,307.220001,305.5,306.299988,242.966629,1273000
2017-08-31,306.859985,306.859985,304.970001,305.390015,242.244888,982400
2017-09-01,305.959991,306.339996,302.190002,302.190002,239.706512,1188800
2017-09-05,304.450012,304.529999,301.910004,302.200012,239.714417,1387200
2017-09-06,303.410004,303.940002,301.309998,301.450012,239.119492,1217400
2017-09-07,301.450012,302.769989,300.23999,302.350006,239.833328,923400
2017-09-08,301.519989,303.660004,301.519989,302.899994,240.269638,1161100
2017-09-11,303.700012,304.589996,302.209991,304.480011,241.522995,917600
2017-09-12,304.450012,304.76001,302.910004,303.730011,240.928085,640800
2017-09-13,303.059998,303.059998,300.109985,300.200012,238.12796,1143100
2017-09-14,300.200012,301.390015,298.399994,301.339996,239.032242,1507600
2017-09-15,302.339996,303.350006,301.029999,302.299988,239.793716,2025900
2017-09-18,302.859985,304.329987,302.399994,303.799988,240.983612,1005500
2017-09-19,304.290009,307.26001,303.660004,305.649994,242.451019,1365100
2017-09-20,305.359985,307.959991,305.23999,307.899994,244.235855,1265000
2017-09-21,308.100006,308.910004,307.390015,308.01001,244.32312,875600
2017-09-22,308.649994,311.359985,308.26001,308.540009,244.74353,1018600
2017-09-25,308.480011,308.970001,304.709991,306.850006,243.402924,1222400
2017-09-26,308.549988,310.690002,308.209991,309.579987,245.568466,1025800
2017-09-27,309.700012,311.320007,309.01001,310.130005,246.004715,973300
2017-09-28,309.01001,310.369995,306.579987,309.130005,245.211578,824200
2017-09-29,308.950012,310.359985,308.690002,310.290009,246.131638,911500
2017-10-02,310.790009,311.380005,309.269989,311.329987,246.956589,1007800
2017-10-03,311.380005,314.019989,311.299988,312.859985,248.170364,803000
2017-10-04,313.279999,314.100006,312.459991,313.019989,248.29718,903700
2017-10-05,312.820007,315.290009,312.640015,314.579987,249.534622,950400
2017-10-06,315.0,316.459991,314.279999,316.459991,251.025909,857700
2017-10-09,316.619995,318.339996,315.5,317.299988,251.69223,880100
2017-10-10,318.320007,318.320007,316.220001,317.709991,252.017395,941500
2017-10-11,317.649994,318.799988,317.049988,318.589996,252.71553,706300
2017-10-12,318.350006,321.559998,318.279999,321.149994,254.746155,867700
2017-10-13,321.619995,322.190002,319.140015,319.390015,253.350052,1095500
2017-10-16,319.73999,320.670013,317.73999,318.940002,252.993073,588200
2017-10-17,318.700012,318.929993,317.019989,318.269989,252.461716,741600
2017-10-18,318.329987,318.820007,314.700012,315.570007,250.319931,1131100
2017-10-19,315.570007,317.070007,313.019989,316.839996,251.327316,727600
2017-10-20,317.929993,320.0,316.600006,320.0,253.833984,933400
2017-10-23,321.059998,321.559998,319.869995,320.730011,254.41304,1239000
2017-10-24,314.690002,317.0,310.609985,313.149994,248.400345,2567800
2017-10-25,312.859985,315.959991,311.309998,312.429993,247.829163,1658800
2017-10-26,313.440002,314.420013,303.309998,307.890015,244.227936,1599400
2017-10-27,307.950012,310.380005,307.75,308.0,244.31514,998600
2017-10-30,308.5,310.420013,307.820007,308.630005,244.814941,1157300
2017-10-31,309.160004,309.829987,308.140015,308.160004,244.442062,693900
2017-11-01,309.049988,309.660004,306.230011,306.600006,243.204681,1016100
2017-11-02,306.109985,310.859985,306.109985,310.859985,246.583817,868900
2017-11-03,310.920013,311.850006,309.040009,309.98999,245.893677,652200
2017-11-06,309.720001,311.929993,308.679993,310.079987,245.965103,717300
2017-11-07,310.079987,313.369995,310.079987,313.290009,248.511353,874200
2017-11-08,313.440002,315.700012,313.299988,315.640015,250.375473,729600
2017-11-09,314.850006,315.059998,310.279999,311.079987,246.758255,890600
2017-11-10,310.299988,311.679993,309.76001,311.170013,246.829712,630800
2017-11-13,311.0,313.279999,310.309998,312.950012,248.241638,702800
2017-11-14,312.0,314.0,310.700012,313.73999,248.868317,605700
2017-11-15,313.100006,313.779999,310.540009,310.640015,246.409348,754900
2017-11-16,311.089996,312.799988,311.0,312.649994,248.003647,635500
2017-11-17,311.589996,312.429993,309.5,309.700012,245.663712,692300
2017-11-20,310.200012,315.570007,310.01001,314.649994,249.590088,901800
2017-11-21,315.23999,317.619995,314.609985,316.940002,251.406662,858000
2017-11-22,316.309998,316.859985,314.350006,314.869995,249.764633,685700
2017-11-24,315.089996,316.230011,315.019989,315.820007,250.518219,320900
2017-11-27,316.0,316.890015,315.049988,316.700012,251.216248,657800
2017-11-28,316.779999,319.429993,316.170013,319.01001,253.048553,967200
2017-11-29,319.5,321.209991,318.329987,320.76001,254.436783,1190500
2017-11-30,319.619995,320.940002,318.480011,319.119995,254.724121,2626200
2017-12-01,319.059998,319.630005,311.130005,313.570007,250.294128,1707400
2017-12-04,315.940002,316.519989,311.609985,311.779999,248.865326,1365900
2017-12-05,314.5,314.5,310.070007,310.140015,247.556274,1171000
2017-12-06,311.980011,313.070007,310.25,311.970001,249.017059,824800
2017-12-07,311.829987,315.359985,311.809998,314.420013,250.972549,972300
2017-12-08,316.559998,316.559998,313.450012,315.850006,252.114014,853900
2017-12-11,315.450012,317.23999,315.149994,316.170013,252.369415,765800
2017-12-12,316.380005,316.899994,314.910004,315.890015,252.145905,1082200
2017-12-13,316.660004,319.829987,316.299988,317.790009,253.662567,862400
2017-12-14,318.209991,319.029999,316.420013,317.01001,253.039963,867600
2017-12-15,318.690002,323.380005,318.429993,322.820007,257.67749,1929400
2017-12-18,323.589996,323.940002,319.0,322.76001,257.629639,1254400
2017-12-19,322.76001,323.130005,319.779999,319.970001,255.402603,931000
2017-12-20,319.839996,321.26001,317.649994,317.720001,253.606659,932400
2017-12-21,319.0,319.200012,317.01001,317.190002,253.18364,868700
2017-12-22,318.299988,319.23999,317.600006,318.029999,253.854141,542100
2017-12-26,318.359985,319.769989,317.970001,318.51001,254.237289,516900
2017-12-27,319.670013,319.670013,318.070007,319.440002,254.979553,574700
2017-12-28,319.829987,322.299988,319.709991,322.100006,257.102875,721700
2017-12-29,322.220001,323.149994,321.019989,321.049988,256.264679,731200
2018-01-02,322.0,322.619995,317.5,318.540009,254.261261,1189600
2018-01-03,318.980011,321.519989,318.630005,321.209991,256.392365,893400
2018-01-04,321.190002,326.899994,320.98999,326.720001,260.790649,1443000
2018-01-05,325.98999,330.179993,325.980011,329.679993,263.153259,1241100
2018-01-08,328.959991,330.410004,327.809998,328.160004,261.940002,1084500
2018-01-09,329.0,331.829987,328.420013,330.51001,263.815704,865400
2018-01-10,331.070007,333.73999,330.01001,331.049988,264.246765,1504600
2018-01-11,331.850006,332.079987,330.160004,331.130005,264.310547,1152000
2018-01-12,331.350006,336.350006,331.029999,336.25,268.397461,1428100
2018-01-16,336.350006,336.670013,330.0,330.109985,263.49646,1374900
2018-01-17,331.459991,335.73999,330.320007,334.859985,267.288055,1009600
2018-01-18,334.109985,335.920013,332.98999,333.0,265.803223,973200
2018-01-19,334.23999,334.890015,331.779999,332.0,265.005096,1511800
2018-01-22,331.769989,332.700012,328.970001,329.0,262.610474,1463000
2018-01-23,329.98999,331.149994,328.51001,328.700012,262.371002,1066200
2018-01-24,328.869995,332.480011,327.420013,330.48999,263.799744,1360200
2018-01-25,331.040009,335.190002,330.209991,334.720001,267.176239,1782900
2018-01-26,336.869995,345.109985,334.73999,344.899994,275.302002,2057300
2018-01-29,350.0,354.320007,342.149994,351.420013,280.506256,2881100
2018-01-30,346.519989,352.720001,345.049988,350.390015,279.684082,2032900
2018-01-31,353.279999,358.519989,352.450012,354.850006,283.244141,1887200
2018-02-01,354.26001,361.790009,354.01001,357.380005,285.263519,1579700
2018-02-02,355.0,358.0,351.519989,352.660004,281.496033,1958600
2018-02-05,348.630005,353.98999,326.109985,336.459991,268.565002,2947100
2018-02-06,328.709991,340.01001,327.230011,337.589996,269.46701,2603000
2018-02-07,338.290009,350.339996,337.820007,345.429993,275.724976,2052900
2018-02-08,350.209991,350.98999,334.01001,334.299988,266.841003,2627600
2018-02-09,338.100006,344.880005,332.25,341.420013,272.524292,2366600
2018-02-12,344.540009,348.470001,340.100006,345.809998,276.02829,1829200
2018-02-13,345.200012,351.059998,344.51001,350.230011,279.556458,1279300
2018-02-14,348.809998,355.390015,348.200012,354.660004,283.092438,1652100
2018-02-15,357.399994,361.019989,354.73999,361.0,288.153107,1167600
2018-02-16,361.0,363.0,357.839996,360.529999,287.777924,1084800
2018-02-20,359.149994,362.670013,357.230011,358.690002,286.309296,1102600
2018-02-21,359.0,362.980011,357.0,357.059998,285.008148,1391000
2018-02-22,358.440002,358.970001,354.51001,355.410004,283.691071,1432700
2018-02-23,356.25,358.690002,353.839996,358.690002,286.309296,902500
2018-02-26,360.0,361.320007,357.079987,358.700012,286.317291,1156300
2018-02-27,359.350006,362.320007,358.089996,358.170013,285.894165,1379700
2018-02-28,357.359985,359.200012,352.420013,352.440002,282.900177,988400
2018-03-01,352.459991,353.579987,337.579987,339.690002,272.665833,2307100
2018-03-02,337.5,342.850006,335.049988,341.720001,274.295349,1684100
2018-03-05,339.829987,342.779999,337.619995,342.359985,274.809021,1812400
2018-03-06,342.899994,343.98999,337.950012,339.5,272.513397,1307800
2018-03-07,336.230011,343.190002,334.100006,342.200012,274.680603,1351000
2018-03-08,343.119995,343.700012,339.339996,341.779999,274.343445,1056400
2018-03-09,341.779999,342.559998,338.079987,340.48999,273.308075,1568600
2018-03-12,341.0,341.350006,333.040009,333.100006,267.376099,2283200
2018-03-13,334.779999,335.910004,332.079987,333.459991,267.66507,1622100
2018-03-14,335.709991,336.380005,327.579987,331.679993,266.236359,1712400
2018-03-15,331.940002,334.429993,328.779999,333.230011,267.48053,1877200
2018-03-16,333.380005,334.350006,329.230011,331.399994,266.011444,4718100
2018-03-19,330.299988,336.230011,330.25,335.25,269.101898,1502900
2018-03-20,335.730011,339.5,335.220001,335.600006,269.382843,1153900
2018-03-21,336.26001,338.730011,332.48999,335.470001,269.278442,1270500
2018-03-22,333.179993,335.470001,325.790009,327.149994,262.600159,1536300
2018-03-23,327.0,344.140015,326.769989,336.309998,269.952728,2898600
2018-03-26,342.399994,344.600006,339.269989,343.929993,276.069305,1611100
2018-03-27,345.299988,345.940002,336.600006,338.850006,271.991486,1295100
2018-03-28,340.0,340.660004,333.220001,335.329987,269.166046,1422000
2018-03-29,336.040009,341.0,335.390015,337.929993,271.253052,1039300
2018-04-02,337.059998,337.899994,328.75,333.0,267.295776,1298600
2018-04-03,334.970001,337.029999,330.679993,334.709991,268.668427,1296500
2018-04-04,328.880005,341.970001,327.5,341.790009,274.351562,1449400
2018-04-05,344.230011,346.929993,340.01001,346.649994,278.252563,1589400
2018-04-06,343.589996,344.679993,332.839996,334.660004,268.628296,1417900
2018-04-09,337.480011,340.839996,335.459991,335.910004,269.631683,981200
2018-04-10,340.630005,341.049988,337.100006,339.359985,272.40097,996300
2018-04-11,338.51001,346.25,337.980011,339.440002,272.465118,1481100
2018-04-12,340.619995,344.5,340.519989,342.880005,275.22644,1091600
2018-04-13,344.079987,345.059998,340.690002,342.600006,275.001709,763100
2018-04-16,344.869995,347.73999,344.549988,345.700012,277.490082,1141300
2018-04-17,347.790009,350.119995,346.130005,349.140015,280.251251,1061800
2018-04-18,351.299988,352.25,349.339996,351.149994,281.864685,843600
2018-04-19,351.600006,354.209991,350.179993,353.380005,283.654663,781700
2018-04-20,354.529999,355.0,351.130005,351.98999,282.53894,1185300
2018-04-23,352.790009,358.619995,352.450012,358.600006,287.844757,1986000
2018-04-24,360.019989,361.98999,330.640015,336.48999,270.09726,3780500
2018-04-25,336.679993,337.149994,320.559998,329.5,264.48642,3030800
2018-04-26,330.0,334.859985,324.130005,330.399994,265.208832,1847500
2018-04-27,329.950012,330.230011,321.700012,322.029999,258.490387,1580600
2018-04-30,322.350006,325.459991,320.200012,320.839996,257.535217,1451100
2018-05-01,320.48999,321.23999,302.089996,308.459991,247.597794,3880100
2018-05-02,307.279999,313.399994,305.200012,305.700012,245.382385,2644800
2018-05-03,303.950012,310.5,300.5,309.929993,248.77774,2889900
2018-05-04,308.109985,312.700012,307.26001,311.440002,249.989868,1675500
2018-05-07,312.230011,317.920013,312.089996,317.709991,255.022598,1816800
2018-05-08,317.709991,325.390015,317.299988,324.190002,260.224121,2949500
2018-05-09,325.619995,328.549988,324.700012,326.119995,261.773346,1700000
2018-05-10,328.480011,329.019989,322.950012,324.48999,260.464935,1261600
2018-05-11,324.690002,325.859985,322.76001,324.040009,260.103638,844900
2018-05-14,323.25,323.980011,317.440002,319.079987,256.122375,1417200
2018-05-15,317.75,320.350006,317.0,319.769989,256.676239,1131200
2018-05-16,320.100006,321.709991,318.839996,319.329987,256.323059,915800
2018-05-17,319.0,321.5,317.399994,320.420013,257.197998,961600
2018-05-18,320.76001,322.0,319.799988,320.450012,257.222046,1013900
2018-05-21,322.5,324.529999,321.160004,324.279999,260.296356,1001500
2018-05-22,323.26001,323.600006,317.040009,317.130005,254.557205,1501700
2018-05-23,315.829987,325.529999,314.130005,325.320007,261.131195,1603400
2018-05-24,324.660004,329.130005,323.339996,326.350006,261.957977,1211900
2018-05-25,326.0,327.220001,319.859985,320.799988,257.503113,1020300
2018-05-29,319.670013,320.690002,315.359985,317.200012,254.613342,1159800
2018-05-30,319.029999,321.809998,317.160004,321.040009,257.695648,901400
2018-05-31,319.23999,320.279999,314.470001,314.540009,254.060928,1452700
2018-06-01,316.920013,317.799988,315.470001,316.630005,255.748993,886900
2018-06-04,317.109985,319.25,316.220001,318.170013,256.992981,857000
2018-06-05,318.109985,321.23999,317.48999,320.019989,258.487244,873100
2018-06-06,320.769989,321.880005,318.51001,319.910004,258.398346,1083400
2018-06-07,320.5,322.149994,318.940002,321.950012,260.046173,1088200
2018-06-08,321.730011,322.600006,318.100006,322.309998,260.336914,1260300
2018-06-11,322.119995,322.619995,319.160004,319.299988,257.90564,911100
2018-06-12,319.630005,320.029999,311.25,315.160004,254.561691,1743100
2018-06-13,314.670013,317.799988,312.670013,314.350006,253.907471,2014200
2018-06-14,314.540009,315.799988,310.01001,310.589996,250.870377,1396200
2018-06-15,309.619995,310.970001,306.339996,310.140015,250.506973,1786300
2018-06-18,307.380005,310.0,306.0,309.519989,250.006149,1259300
2018-06-19,306.720001,307.630005,301.649994,302.519989,244.352188,1821600
2018-06-20,302.369995,304.970001,301.230011,302.859985,244.626633,1620800
2018-06-21,302.649994,302.859985,298.100006,300.380005,242.62355,1517500
2018-06-22,301.380005,301.809998,298.690002,299.380005,241.815857,1364200
2018-06-25,297.350006,303.329987,296.070007,298.769989,241.323135,1944800
2018-06-26,298.809998,300.429993,297.079987,299.079987,241.573517,1670800
2018-06-27,299.390015,302.119995,294.540009,294.779999,238.10025,1523900
2018-06-28,295.0,296.709991,291.519989,295.23999,238.471878,1424300
2018-06-29,297.480011,299.980011,295.26001,295.429993,238.625397,1267800
2018-07-02,294.170013,299.299988,292.320007,299.119995,241.605804,977900
2018-07-03,300.0,302.589996,298.619995,299.459991,241.880478,651000
2018-07-05,300.279999,303.160004,297.190002,299.190002,241.662415,986300
2018-07-06,298.410004,301.51001,296.209991,299.190002,241.662415,1103500
2018-07-09,301.0,307.470001,300.359985,306.480011,247.550629,1244400
2018-07-10,308.109985,310.910004,307.209991,308.829987,249.448807,1525500
2018-07-11,307.829987,309.380005,305.929993,306.579987,247.631485,896200
2018-07-12,309.399994,314.470001,308.799988,313.309998,253.067398,1283300
2018-07-13,313.679993,319.5,313.519989,318.369995,257.15451,1662500
2018-07-16,319.380005,323.380005,317.579987,319.049988,257.703674,1303400
2018-07-17,319.890015,320.980011,316.119995,317.5,256.451874,868200
2018-07-18,317.709991,320.579987,316.5,319.769989,258.285309,860400
2018-07-19,319.299988,320.859985,318.179993,319.600006,258.14798,759900
2018-07-20,318.350006,322.850006,317.440002,322.549988,260.530762,1563900
2018-07-23,322.549988,323.5,316.790009,318.329987,257.122162,1585300
2018-07-24,325.0,329.649994,313.0,322.570007,260.546906,3253400
2018-07-25,323.049988,324.970001,316.670013,324.359985,261.992706,2104600
2018-07-26,324.829987,325.869995,321.170013,322.940002,260.845856,2011800
2018-07-27,324.399994,325.140015,321.790009,324.089996,261.774628,1009900
2018-07-30,324.100006,325.98999,319.619995,320.109985,258.559906,1270500
2018-07-31,321.380005,326.429993,321.380005,326.100006,263.398193,986300
2018-08-01,325.589996,326.070007,322.570007,324.929993,262.453156,1392200
2018-08-02,322.529999,323.149994,320.23999,322.019989,260.102692,820400
2018-08-03,322.619995,322.619995,319.109985,320.549988,258.915283,945400
2018-08-06,318.609985,318.609985,313.679993,316.920013,255.983307,1736700
2018-08-07,317.23999,318.23999,313.579987,317.410004,256.379059,1088500
2018-08-08,317.5,317.779999,314.209991,315.309998,254.6828,922600
2018-08-09,314.790009,316.5,312.670013,315.709991,255.005951,1048200
2018-08-10,314.899994,314.899994,311.390015,313.119995,252.914017,1081900
2018-08-13,312.51001,315.26001,312.0,313.640015,253.33403,790300
2018-08-14,314.890015,320.209991,314.630005,318.589996,257.332184,974500
2018-08-15,318.369995,318.910004,314.440002,317.700012,256.613373,1321400
2018-08-16,320.0,326.619995,319.809998,325.859985,263.204315,1195200
2018-08-17,325.859985,327.420013,324.720001,325.230011,262.695526,1397400
2018-08-20,325.26001,325.970001,323.809998,324.220001,261.879547,877400
2018-08-21,324.399994,325.410004,323.130005,324.390015,262.016998,1167600
2018-08-22,324.049988,324.519989,321.799988,321.920013,260.021973,690600
2018-08-23,322.079987,322.149994,318.869995,320.01001,258.479187,717700
2018-08-24,320.0,321.390015,318.720001,321.290009,259.513062,773200
2018-08-27,322.070007,325.0,322.0,324.339996,261.976715,737500
2018-08-28,324.660004,325.0,322.299988,324.339996,261.976715,820000
2018-08-29,324.459991,324.920013,322.200012,324.320007,261.96051,966000
2018-08-30,324.0,326.48999,320.929993,321.850006,259.965332,1409700
2018-08-31,318.559998,320.890015,317.01001,320.410004,260.420532,1055500
2018-09-04,320.0,322.25,317.600006,321.910004,261.639679,947400
2018-09-05,320.890015,321.670013,319.51001,321.329987,261.168274,892700
2018-09-06,321.559998,329.540009,321.299988,328.910004,267.329102,1326600
2018-09-07,328.029999,330.880005,326.890015,328.529999,267.020203,1292000
2018-09-10,328.720001,329.179993,322.660004,322.950012,262.484985,1424000
2018-09-11,322.040009,323.850006,320.299988,322.230011,261.89975,798200
2018-09-12,321.380005,325.839996,321.380005,325.279999,264.378693,1326400
2018-09-13,326.720001,331.859985,326.589996,331.279999,269.255341,1294800
2018-09-14,331.309998,336.5,329.5,335.799988,272.929047,1312000
2018-09-17,336.5,339.679993,336.0,339.339996,275.806335,1117300
2018-09-18,340.0,344.850006,339.480011,343.220001,278.959778,1149100
2018-09-19,343.220001,345.769989,336.51001,339.299988,275.773773,1771200
2018-09-20,339.859985,340.299988,329.01001,333.130005,270.758972,2003900
2018-09-21,334.070007,337.910004,334.070007,337.660004,274.440918,1875700
2018-09-24,336.809998,339.320007,334.299988,337.579987,274.375793,1176800
2018-09-25,338.480011,345.329987,337.450012,343.540009,279.21991,1360500
2018-09-26,343.0,344.859985,342.390015,342.880005,278.683594,1159900
2018-09-27,344.160004,346.790009,342.410004,346.049988,281.260101,1170000
2018-09-28,345.720001,348.0,344.709991,345.959991,281.186829,1827500
2018-10-01,347.089996,348.329987,344.869995,347.929993,282.788025,809500
2018-10-02,348.619995,349.880005,346.369995,349.070007,283.71463,960500
2018-10-03,350.0,351.350006,347.220001,347.440002,282.389771,1237500
2018-10-04,346.820007,349.660004,345.589996,349.459991,284.031525,1203600
2018-10-05,348.299988,350.899994,345.649994,347.209991,282.20285,889000
2018-10-08,346.890015,350.48999,346.269989,349.929993,284.413635,825100
2018-10-09,348.619995,349.459991,346.160004,347.309998,282.284058,986100
2018-10-10,346.850006,347.25,336.75,336.75,273.701202,1792500
2018-10-11,334.730011,338.0,325.01001,326.26001,265.175293,1937900
2018-10-12,330.589996,331.470001,322.600006,327.619995,266.28064,1294000
2018-10-15,327.929993,333.980011,327.929993,331.23999,269.222839,1003600
2018-10-16,332.470001,337.399994,331.140015,337.130005,274.010101,860300
2018-10-17,335.720001,337.190002,333.320007,333.399994,270.978455,1181700
2018-10-18,331.350006,333.320007,325.040009,328.0,266.589447,1323000
2018-10-19,327.200012,330.040009,326.059998,328.140015,266.703247,1101200
2018-10-22,331.619995,331.619995,324.470001,326.779999,265.597931,1407700
2018-10-23,325.230011,334.769989,315.589996,321.350006,261.184448,2995700
2018-10-24,328.109985,328.109985,310.420013,311.130005,252.877991,2396800
2018-10-25,313.209991,316.549988,305.450012,306.410004,249.041718,2352500
2018-10-26,303.399994,308.970001,301.660004,305.049988,247.936325,1909600
2018-10-29,309.5,309.5,283.209991,286.670013,232.997604,3262900
2018-10-30,285.609985,292.5,283.720001,291.070007,236.573822,2870000
2018-10-31,294.359985,299.100006,293.529999,293.850006,238.833298,1980100
2018-11-01,295.730011,301.440002,295.01001,299.420013,243.360397,1526900
2018-11-02,301.040009,302.75,297.75,299.279999,243.246628,1597200
2018-11-05,302.0,304.299988,300.589996,303.209991,246.440857,1650500
2018-11-06,304.049988,308.76001,304.049988,306.559998,249.163589,1123200
2018-11-07,308.059998,309.959991,304.160004,309.820007,251.813187,983000
2018-11-08,310.0,311.019989,306.359985,308.559998,250.789139,879000
2018-11-09,307.190002,314.160004,307.140015,313.119995,254.495468,1294300
2018-11-12,313.200012,314.230011,304.600006,305.119995,247.99321,1117800
2018-11-13,304.809998,308.859985,302.230011,305.73999,248.497192,1121000
2018-11-14,308.269989,309.679993,303.01001,303.390015,246.587082,1192800
2018-11-15,302.170013,308.0,299.73999,305.480011,248.285767,1233100
2018-11-16,303.839996,305.25,299.869995,301.23999,244.839676,1319500
2018-11-19,301.089996,301.089996,293.220001,294.589996,239.434708,1558900
2018-11-20,291.359985,295.25,288.559998,293.859985,238.84137,1281100
2018-11-21,295.0,297.850006,294.230011,294.290009,239.190903,1355600
2018-11-23,293.059998,297.940002,291.929993,295.380005,240.076828,434300
2018-11-26,297.040009,298.850006,292.920013,295.279999,239.995499,1375900
2018-11-27,293.899994,295.660004,289.600006,295.290009,240.003647,1477400
2018-11-28,297.850006,300.529999,293.940002,299.940002,243.78302,1282700
2018-11-29,301.0,304.980011,300.279999,302.420013,245.798752,2788500
2018-11-30,300.75,303.529999,297.880005,300.429993,245.970673,3666200
2018-12-03,304.940002,305.329987,295.899994,296.790009,242.990479,1764700
2018-12-04,295.720001,295.720001,286.029999,286.730011,234.754074,2208100
2018-12-06,282.899994,286.890015,277.200012,286.350006,234.442963,2793700
2018-12-07,285.399994,290.350006,285.209991,285.399994,233.665237,1407200
2018-12-10,289.929993,298.929993,289.190002,298.399994,244.30864,2417900
2018-12-11,302.679993,303.25,290.329987,292.149994,239.191589,1764500
2018-12-12,295.98999,296.799988,292.01001,292.5,239.478195,1121500
2018-12-13,293.269989,295.269989,291.0,292.230011,239.257141,1125300
2018-12-14,290.0,291.23999,286.619995,287.700012,235.548218,1881600
2018-12-17,286.200012,286.790009,277.839996,279.230011,228.613617,1649100
2018-12-18,281.549988,283.839996,278.049988,279.470001,228.81015,1707900
2018-12-19,279.75,283.809998,271.519989,273.959991,224.29892,1716900
2018-12-20,271.98999,273.820007,261.410004,265.290009,217.200531,2327700
2018-12-21,260.779999,262.640015,255.300003,256.549988,210.0448,3738600
2018-12-24,253.029999,254.630005,245.009995,245.220001,200.7686,1515400
2018-12-26,246.309998,251.889999,241.179993,251.619995,206.008545,1797600
2018-12-27,249.25,259.790009,248.199997,259.790009,212.697495,2201400
2018-12-28,263.01001,264.829987,260.140015,261.26001,213.901047,1983800
2018-12-31,262.149994,265.109985,259.850006,261.839996,214.375916,1184900
2019-01-02,258.359985,265.299988,256.790009,264.730011,216.742111,1064700
2019-01-03,262.320007,264.0,257.380005,258.079987,211.297485,1165600
2019-01-04,261.920013,265.48999,260.339996,265.040009,216.995895,1443800
2019-01-07,266.0,270.0,263.859985,268.079987,219.484756,1465200
2019-01-08,271.130005,271.75,267.809998,269.869995,220.950302,1791400
2019-01-09,270.130005,272.220001,269.130005,270.540009,221.498886,1235900
2019-01-10,269.619995,277.679993,269.5,277.5,227.19725,1842500
2019-01-11,275.790009,277.76001,272.429993,277.730011,227.385544,1157800
2019-01-14,276.670013,279.519989,274.429993,277.51001,227.205414,1388600
2019-01-15,278.230011,278.329987,273.51001,276.0,225.969131,1193500
2019-01-16,275.399994,275.690002,270.630005,272.390015,223.013519,1324900
2019-01-17,271.170013,279.98999,270.839996,278.799988,228.261566,1242000
2019-01-18,281.179993,285.369995,279.720001,282.869995,231.593765,2073500
2019-01-22,281.390015,284.619995,278.0,279.589996,228.90834,1885100
2019-01-23,282.109985,285.730011,280.5,283.51001,232.117798,1631000
2019-01-24,284.589996,288.23999,282.589996,285.25,233.542435,1017500
2019-01-25,288.170013,289.299988,286.130005,287.040009,235.007874,1050400
2019-01-28,285.0,288.410004,282.890015,287.869995,235.687408,1166400
2019-01-29,281.109985,292.859985,281.0,292.049988,239.109726,2037300
2019-01-30,293.950012,293.98999,286.769989,291.670013,238.798599,1781800
2019-01-31,290.170013,292.829987,287.790009,289.690002,237.177505,1311100
2019-02-01,290.850006,292.579987,289.200012,290.579987,237.906189,1358900
2019-02-04,290.899994,299.059998,290.109985,298.769989,244.611588,1328900
2019-02-05,300.0,302.980011,297.230011,299.459991,245.176483,1454800
2019-02-06,299.98999,302.679993,299.01001,299.829987,245.479492,1114300
2019-02-07,298.790009,300.359985,296.140015,300.130005,245.725021,1150100
2019-02-08,299.220001,301.630005,297.0,301.5,246.846695,1021600
2019-02-11,301.779999,302.75,298.799988,300.040009,245.651413,1077900
2019-02-12,301.470001,304.320007,300.859985,304.109985,248.983627,840600
2019-02-13,305.0,305.950012,303.679993,304.420013,249.237411,958500
2019-02-14,303.359985,304.0,300.910004,301.0,246.437332,888200
2019-02-15,304.01001,307.329987,304.01001,307.230011,251.537979,847700
2019-02-19,305.970001,306.589996,303.76001,305.179993,249.859573,929500
2019-02-20,305.0,307.200012,304.290009,307.200012,251.513474,870600
2019-02-21,307.059998,307.170013,303.279999,304.51001,249.31102,1045000
2019-02-22,305.910004,307.359985,303.899994,307.130005,251.456146,581800
2019-02-25,308.890015,309.399994,305.549988,305.970001,250.506393,1088000
2019-02-26,305.600006,308.079987,305.01001,305.880005,250.432709,871600
2019-02-27,305.019989,307.940002,304.109985,307.579987,251.824615,1121300
2019-02-28,307.440002,311.75,306.119995,309.410004,255.147766,1839100
2019-03-01,311.559998,311.559998,306.440002,309.470001,255.197327,1424900
2019-03-04,311.779999,311.779999,303.480011,304.690002,251.255554,1070900
2019-03-05,306.01001,307.220001,304.220001,305.76001,252.138,907600
2019-03-06,306.480011,308.350006,303.320007,303.320007,250.125916,879200
2019-03-07,302.899994,303.200012,297.420013,303.01001,249.870255,1255500
2019-03-08,300.570007,301.690002,298.769989,300.950012,248.171463,1054100
2019-03-11,299.619995,304.579987,298.630005,304.399994,251.016357,1294400
2019-03-12,304.600006,305.309998,300.790009,301.920013,248.971375,1248800
2019-03-13,303.059998,304.559998,301.119995,303.450012,250.232941,1133400
2019-03-14,303.420013,304.459991,298.320007,298.51001,246.159393,1178400
2019-03-15,298.859985,299.230011,293.769989,296.149994,244.213257,4516500
2019-03-18,295.869995,298.359985,293.269989,297.640015,245.441971,1793600
2019-03-19,299.480011,302.140015,295.440002,296.600006,244.584366,1504000
2019-03-20,296.910004,298.709991,295.059998,295.980011,244.07309,1321800
2019-03-21,295.369995,300.070007,295.0,299.01001,246.571716,1145700
2019-03-22,297.649994,298.399994,293.880005,294.01001,242.448547,942800
2019-03-25,294.410004,295.820007,292.529999,294.119995,242.539291,779700
2019-03-26,296.089996,297.600006,292.690002,294.920013,243.198975,882300
2019-03-27,295.619995,297.890015,292.850006,293.950012,242.399048,835600
2019-03-28,295.029999,295.940002,293.649994,295.600006,243.759781,567100
2019-03-29,297.5,300.589996,296.73999,300.160004,247.519989,1212000
2019-04-01,302.559998,306.109985,301.839996,304.290009,250.925735,1153900
2019-04-02,304.869995,306.779999,302.869995,303.100006,249.944458,872600
2019-04-03,303.609985,304.399994,296.140015,297.269989,245.136902,1178300
2019-04-04,298.160004,302.049988,297.890015,299.670013,247.115967,789500
2019-04-05,299.910004,302.660004,299.709991,302.579987,249.515625,705200
2019-04-08,301.98999,305.859985,300.670013,305.660004,252.055435,1121400
2019-04-09,304.359985,304.579987,301.190002,302.679993,249.598114,867100
2019-04-10,302.230011,302.350006,297.329987,299.119995,246.662369,1226200
2019-04-11,300.230011,305.829987,300.0,305.589996,251.997757,829500
2019-04-12,307.0,309.779999,306.029999,309.700012,255.386993,891800
2019-04-15,309.959991,310.0,307.540009,308.709991,254.570618,864800
2019-04-16,309.220001,310.630005,308.100006,310.059998,255.683823,833900
2019-04-17,311.220001,312.429993,309.779999,310.5,256.046692,1041400
2019-04-18,311.029999,314.570007,309.470001,314.26001,259.147278,1107100
2019-04-22,314.25,316.26001,313.269989,315.26001,259.971893,1319000
2019-04-23,326.519989,337.320007,324.519989,333.100006,274.683197,3425800
2019-04-24,333.899994,335.779999,327.839996,330.119995,272.22583,2089900
2019-04-25,330.25,334.230011,328.459991,328.869995,271.195099,1506500
2019-04-26,329.600006,330.75,327.079987,328.329987,270.749756,873200
2019-04-29,328.399994,331.149994,327.209991,328.589996,270.964203,969100
2019-04-30,329.519989,333.859985,328.459991,333.329987,274.872894,990000
2019-05-01,334.25,337.209991,331.579987,331.850006,273.652466,1104300
2019-05-02,332.01001,332.700012,328.23999,332.549988,274.229736,962300
2019-05-03,333.579987,335.640015,331.200012,334.070007,275.483154,806700
2019-05-06,330.5,336.529999,330.170013,335.720001,276.843719,812800
2019-05-07,334.73999,334.73999,328.839996,330.899994,272.869049,1176400
2019-05-08,330.899994,336.880005,330.350006,334.179993,275.573853,1083800
2019-05-09,334.0,340.329987,331.940002,339.359985,279.845367,1496500
2019-05-10,337.410004,341.619995,335.269989,341.350006,281.48645,1204900
2019-05-13,335.25,339.75,333.200012,335.369995,276.555115,1504000
2019-05-14,336.01001,340.920013,334.75,336.170013,277.214783,1171600
2019-05-15,335.290009,335.709991,329.929993,334.149994,275.549042,1127000
2019-05-16,335.920013,339.649994,334.850006,339.390015,279.870178,1092100
2019-05-17,336.459991,340.950012,336.459991,337.98999,278.715698,1268400
2019-05-20,337.23999,344.290009,337.23999,342.01001,282.03064,1388200
2019-05-21,343.600006,344.799988,339.5,343.950012,283.630493,1097800
2019-05-22,343.290009,343.290009,339.880005,341.299988,281.44516,1049300
2019-05-23,339.720001,341.440002,336.079987,340.070007,280.430908,1461200
2019-05-24,340.670013,341.619995,337.269989,338.779999,279.367126,1293100
2019-05-28,338.959991,341.279999,337.100006,337.890015,278.633209,3559400
2019-05-29,336.779999,340.359985,335.279999,339.339996,279.828888,1184400
2019-05-30,340.0,343.480011,339.75,341.959991,281.989441,859100
2019-05-31,337.589996,341.140015,337.48999,338.540009,280.976898,1024000
2019-06-03,338.079987,344.779999,337.899994,344.570007,285.981567,1345100
2019-06-04,345.880005,349.679993,345.880005,349.350006,289.948822,1573300
2019-06-05,349.98999,352.859985,348.51001,352.700012,292.729187,1750500
2019-06-06,353.369995,354.339996,350.149994,352.519989,292.579742,1149800
2019-06-07,353.450012,356.149994,352.399994,355.230011,294.829041,1125800
2019-06-10,357.970001,358.630005,350.730011,351.600006,291.816162,1356200
2019-06-11,352.01001,352.549988,340.869995,344.040009,285.541656,1684300
2019-06-12,344.230011,346.140015,342.320007,345.51001,286.761749,1131900
2019-06-13,347.579987,349.709991,344.399994,349.079987,289.724731,1203900
2019-06-14,349.079987,352.459991,348.440002,350.140015,290.604492,1059400
2019-06-17,351.220001,352.410004,346.76001,348.690002,289.401031,904200
2019-06-18,349.48999,354.279999,348.390015,353.519989,293.40976,826400
2019-06-19,353.76001,356.549988,353.190002,355.730011,295.243927,816500
2019-06-20,357.769989,363.329987,357.709991,362.799988,301.111816,1048800
2019-06-21,362.230011,362.73999,357.570007,359.359985,298.256714,1544700
2019-06-24,360.440002,362.880005,359.73999,359.980011,298.771393,1766700
2019-06-25,360.0,362.799988,359.73999,360.559998,299.252747,1168900
2019-06-26,361.640015,362.0,357.0,359.5,298.373047,977700
2019-06-27,359.929993,360.519989,357.26001,359.089996,298.032715,826500
2019-06-28,359.480011,363.75,357.670013,363.540009,301.726105,1369600
2019-07-01,365.410004,366.769989,361.049988,361.470001,300.007965,1003900
2019-07-02,361.579987,367.570007,361.070007,367.570007,305.070801,1052800
2019-07-03,367.940002,370.470001,365.350006,370.380005,307.403046,742100
2019-07-05,369.880005,370.829987,366.670013,369.920013,307.02124,716900
2019-07-08,368.540009,369.920013,366.779999,369.179993,306.407074,646600
2019-07-09,367.75,370.25,366.100006,369.730011,306.863525,651000
2019-07-10,370.0,373.369995,367.839996,368.160004,305.560547,818700
2019-07-11,368.160004,369.380005,366.209991,368.230011,305.618591,1358000
2019-07-12,369.200012,369.51001,366.829987,369.450012,306.631134,1148700
2019-07-15,369.839996,370.01001,366.899994,367.690002,305.17038,1010700
2019-07-16,368.0,368.420013,365.160004,365.350006,303.228333,1027100
2019-07-17,365.350006,365.470001,357.850006,358.470001,297.518097,1867000
2019-07-18,358.290009,358.380005,352.790009,356.209991,295.642395,1704900
2019-07-19,357.640015,359.100006,355.850006,356.959991,296.264893,1463300
2019-07-22,357.440002,358.470001,355.559998,357.630005,296.820953,1144700
2019-07-23,363.0,363.0,350.809998,357.799988,296.962006,2343900
2019-07-24,358.200012,368.98999,358.0,368.899994,306.174622,1900400
2019-07-25,368.76001,372.709991,367.149994,370.320007,307.353241,1143300
2019-07-26,369.609985,370.709991,367.779999,369.459991,306.639465,791300
2019-07-29,369.410004,370.109985,367.950012,369.619995,306.772217,659200
2019-07-30,368.630005,370.670013,365.329987,365.98999,303.75946,699400
2019-07-31,365.910004,368.709991,359.290009,362.170013,300.58902,1037100
2019-08-01,361.720001,367.339996,359.190002,363.089996,301.352661,1220300
2019-08-02,364.130005,364.309998,359.48999,361.910004,300.373138,836300
2019-08-05,356.549988,361.100006,353.970001,358.429993,297.484924,1464600
2019-08-06,361.279999,366.890015,358.839996,366.779999,304.4151,1124900
2019-08-07,364.019989,370.929993,362.019989,369.299988,306.506561,1243000
2019-08-08,370.01001,378.399994,370.01001,377.170013,313.038513,1185800
2019-08-09,376.100006,379.359985,373.329987,377.01001,312.905701,872000
2019-08-12,375.0,378.049988,373.600006,377.0,312.8974,706100
2019-08-13,377.98999,381.51001,375.279999,377.220001,313.079987,1054900
2019-08-14,376.0,376.0,367.359985,368.940002,306.207916,1469100
2019-08-15,369.149994,374.570007,367.170013,373.459991,309.95929,1066900
2019-08-16,376.100006,378.339996,373.369995,377.0,312.8974,821400
2019-08-19,379.75,381.679993,378.519989,380.470001,315.777344,799900
2019-08-20,380.5,384.100006,379.5,381.75,316.839691,920600
2019-08-21,384.0,384.279999,379.290009,383.0,317.877167,791500
2019-08-22,383.0,386.649994,380.720001,385.880005,320.267487,742600
2019-08-23,385.279999,386.929993,374.609985,376.890015,312.806061,1392700
2019-08-26,380.0,380.559998,375.5,380.320007,315.652893,688100
2019-08-27,381.75,382.209991,377.25,379.98999,315.378998,760300
2019-08-28,379.040009,383.0,376.769989,380.970001,316.192383,820500
2019-08-29,384.529999,385.779999,380.799988,384.429993,319.064056,1063500
2019-08-30,383.25,384.73999,381.51001,384.109985,320.633392,760700
2019-09-03,380.98999,385.179993,379.790009,384.690002,321.117493,891700
2019-09-04,387.309998,389.700012,385.899994,389.079987,324.782013,792200
2019-09-05,390.480011,393.429993,384.980011,385.149994,321.501495,941500
2019-09-06,387.279999,388.450012,385.809998,386.559998,322.678436,701100
2019-09-09,387.950012,388.290009,380.040009,380.209991,317.377808,1146900
2019-09-10,377.290009,381.320007,370.459991,381.320007,318.304413,1297600
2019-09-11,381.200012,385.799988,380.059998,381.549988,318.496368,1125300
2019-09-12,384.48999,388.51001,383.269989,386.630005,322.736847,855100
2019-09-13,387.769989,387.769989,383.600006,384.859985,321.259369,898600
2019-09-16,388.899994,394.600006,386.890015,392.660004,327.770386,1689900
2019-09-17,392.470001,399.959991,388.429993,393.980011,328.872253,975800
2019-09-18,394.779999,397.230011,391.549988,397.040009,331.426636,780300
2019-09-19,397.140015,398.5,393.029999,393.429993,328.413147,1044400
2019-09-20,394.48999,395.440002,388.049988,388.25,324.089233,2106700
2019-09-23,388.070007,390.059998,386.109985,387.670013,323.60498,1132200
2019-09-24,390.0,392.98999,387.209991,389.170013,324.857086,1162400
2019-09-25,390.579987,390.899994,387.709991,390.429993,325.908905,1336400
2019-09-26,391.25,394.640015,388.929993,392.920013,327.987427,875400
2019-09-27,395.940002,395.950012,386.429993,387.869995,323.771973,751800
2019-09-30,388.559998,393.820007,388.420013,390.059998,325.600006,1293200
2019-10-01,391.429993,392.480011,383.890015,384.190002,320.700104,1240000
2019-10-02,382.73999,383.059998,374.070007,378.160004,315.666626,1759000
2019-10-03,378.869995,381.190002,374.329987,380.059998,317.252655,849800
2019-10-04,380.209991,385.23999,379.48999,384.950012,321.334534,762200
2019-10-07,385.01001,386.679993,382.690002,383.779999,320.357849,850100
2019-10-08,381.059998,385.799988,379.290009,382.119995,318.97226,1001300
2019-10-09,384.829987,386.329987,382.5,384.609985,321.05069,712000
2019-10-10,383.98999,388.51001,383.200012,386.880005,322.945557,690200
2019-10-11,389.790009,390.730011,381.25,381.470001,318.429565,1327000
2019-10-14,382.769989,385.369995,381.390015,382.609985,319.381226,622300
2019-10-15,383.690002,385.700012,382.070007,382.75,319.498077,835300
2019-10-16,382.390015,384.390015,380.230011,382.839996,319.573242,851300
2019-10-17,383.549988,384.209991,376.290009,377.059998,314.748474,1004600
2019-10-18,376.720001,377.709991,368.0,372.480011,310.925171,1935600
2019-10-21,374.01001,375.890015,372.730011,374.049988,312.23587,1160000
2019-10-22,363.0,377.5,363.0,373.679993,311.92691,2567200
2019-10-23,373.779999,374.98999,368.730011,373.089996,311.434509,1279700
2019-10-24,373.76001,377.459991,372.0,374.73999,312.811798,1126900
2019-10-25,374.380005,374.890015,369.540009,370.730011,309.464508,1173500
2019-10-28,371.390015,375.450012,370.119995,371.839996,310.391052,1321700
2019-10-29,371.649994,375.25,370.040009,371.100006,309.773346,1298500
2019-10-30,373.220001,378.98999,371.470001,378.640015,316.067291,1064900
2019-10-31,377.920013,380.179993,375.26001,376.679993,314.431213,911800
2019-11-01,378.109985,380.950012,376.940002,379.170013,316.509735,915600
2019-11-04,379.929993,380.779999,372.179993,374.480011,312.594727,1117500
2019-11-05,374.059998,375.769989,371.309998,373.630005,311.885254,1364200
2019-11-06,374.48999,379.929993,374.029999,379.790009,317.027191,1505800
2019-11-07,380.339996,382.73999,377.910004,378.75,316.159149,1157200
2019-11-08,377.600006,382.880005,377.600006,381.859985,318.755127,783500
2019-11-11,379.51001,383.410004,379.309998,381.380005,318.354492,580500
2019-11-12,381.559998,387.5,381.559998,386.299988,322.461456,910700
2019-11-13,385.940002,390.519989,385.089996,387.690002,323.621735,956100
2019-11-14,387.279999,392.299988,387.279999,390.160004,325.683563,915600
2019-11-15,392.269989,394.48999,390.279999,393.549988,328.513306,1533600
2019-11-18,393.0,395.679993,391.950012,392.76001,327.853943,827700
2019-11-19,394.0,395.820007,390.529999,390.809998,326.226135,800300
2019-11-20,391.059998,393.540009,390.25,392.700012,327.803833,907700
2019-11-21,390.859985,392.25,389.320007,390.26001,325.767029,1416900
2019-11-22,390.190002,391.390015,387.820007,390.73999,326.167725,758600
2019-11-25,391.600006,393.100006,387.48999,389.980011,325.533234,801400
2019-11-26,390.600006,395.950012,389.980011,392.5,327.636932,1206600
2019-11-27,393.630005,394.480011,391.619995,394.23999,329.089294,770300
2019-11-29,392.0,392.200012,390.040009,391.029999,328.409058,401500
2019-12-02,390.709991,391.529999,383.440002,383.619995,322.18573,1283400
2019-12-03,381.429993,384.640015,380.140015,381.619995,320.505981,1384300
2019-12-04,383.529999,387.950012,382.279999,384.579987,322.991852,1081100
2019-12-05,386.059998,386.5,383.01001,385.940002,324.134216,1203700
2019-12-06,387.170013,388.899994,385.100006,386.859985,324.906738,709600
2019-12-09,386.220001,387.420013,383.230011,383.339996,321.9505,821600
2019-12-10,383.5,386.769989,383.25,384.440002,322.87439,862100
2019-12-11,385.51001,386.609985,384.029999,386.23999,324.385986,578900
2019-12-12,386.0,387.790009,383.450012,384.049988,322.546844,736100
2019-12-13,384.0,387.779999,384.0,386.470001,324.579254,658000
2019-12-16,387.899994,388.350006,384.049988,385.950012,324.142548,847500
2019-12-17,385.0,388.0,385.0,386.890015,324.932007,730000
2019-12-18,387.399994,387.640015,379.660004,380.570007,319.624176,1526000
2019-12-19,380.98999,384.679993,380.230011,383.149994,321.790985,766300
2019-12-20,385.029999,386.640015,383.0,386.470001,324.579254,1599600
2019-12-23,387.660004,394.690002,387.589996,391.899994,329.139679,1050400
2019-12-24,392.350006,392.350006,389.529999,390.170013,327.686737,516300
2019-12-26,390.899994,392.450012,390.480011,392.299988,329.475647,711600
2019-12-27,393.98999,394.5,391.940002,393.600006,330.567383,728800
2019-12-30,393.649994,393.76001,390.869995,391.899994,329.139679,776900
2019-12-31,391.75,391.980011,387.070007,389.380005,327.023224,775400
2020-01-02,392.859985,399.369995,390.950012,399.369995,335.41333,1258400
2020-01-03,404.019989,417.170013,403.0,413.73999,347.482178,2990100
2020-01-06,417.98999,417.98999,407.690002,413.109985,346.952972,2477800
2020-01-07,411.25,416.119995,408.290009,414.5,348.120422,1059900
2020-01-08,417.059998,418.179993,409.720001,411.029999,345.206146,1708100
2020-01-09,410.48999,416.0,410.0,414.929993,348.481598,1064300
2020-01-10,415.0,415.600006,412.480011,413.829987,347.55777,987800
2020-01-13,414.940002,420.959991,414.660004,419.019989,351.916626,986800
2020-01-14,417.589996,418.269989,415.070007,416.140015,349.497711,967200
2020-01-15,416.420013,421.480011,416.140015,420.950012,353.537598,833000
2020-01-16,423.130005,425.73999,420.670013,425.700012,357.526825,1085200
2020-01-17,426.609985,427.540009,424.5,425.660004,357.493225,1195600
2020-01-21,424.420013,427.779999,423.01001,426.149994,357.904785,1071400
2020-01-22,427.5,428.5,424.359985,424.420013,356.451813,918700
2020-01-23,424.059998,429.559998,424.0,428.779999,360.113586,978400
2020-01-24,429.899994,433.519989,429.690002,432.5,363.237885,1086700
2020-01-27,425.859985,434.450012,425.859985,432.380005,363.137054,1737900
2020-01-28,434.769989,438.98999,426.269989,437.170013,367.160004,2063200
2020-01-29,437.720001,437.98999,431.019989,433.839996,364.36322,1268500
2020-01-30,430.339996,437.0,430.339996,435.899994,366.093353,1210200
2020-01-31,434.929993,435.570007,426.100006,428.119995,359.559265,1650100
2020-02-03,429.519989,430.0,422.040009,423.859985,355.981476,1795800
2020-02-04,425.459991,431.98999,425.459991,430.779999,361.793335,1216300
2020-02-05,433.320007,435.920013,429.019989,435.190002,365.497131,1251800
2020-02-06,435.559998,439.859985,434.910004,438.970001,368.671753,833500
2020-02-07,438.140015,441.209991,437.290009,439.170013,368.839691,883800
2020-02-10,439.0,441.519989,437.820007,439.76001,369.335297,870400
2020-02-11,441.359985,442.529999,437.470001,439.850006,369.410797,744600
2020-02-12,439.01001,439.690002,434.600006,436.600006,366.681274,1419200
2020-02-13,435.799988,439.290009,434.299988,434.700012,365.08551,800200
2020-02-14,434.980011,438.470001,434.309998,437.850006,367.73114,948600
2020-02-18,437.0,438.950012,434.01001,435.549988,365.799377,776100
2020-02-19,437.0,438.269989,434.399994,434.480011,364.900787,787200
2020-02-20,433.630005,434.98999,424.160004,425.970001,357.753693,1190600
2020-02-21,425.119995,428.720001,422.660004,427.799988,359.290436,1055500
2020-02-24,419.649994,424.200012,418.100006,419.350006,352.193756,1117800
2020-02-25,420.100006,421.730011,397.529999,400.359985,336.244965,1600100
2020-02-26,400.309998,410.519989,399.339996,400.899994,336.698395,1678000
2020-02-27,393.519989,399.01001,384.329987,384.600006,323.008698,1894100
2020-02-28,369.859985,373.820007,360.339996,369.869995,312.588318,3363800
2020-03-02,371.350006,383.100006,360.570007,381.350006,322.290405,2859900
2020-03-03,384.839996,396.899994,376.589996,377.399994,318.952148,2531400
2020-03-04,385.420013,402.959991,383.190002,402.029999,339.76767,2025800
2020-03-05,393.920013,397.850006,382.220001,384.700012,325.121643,1967200
2020-03-06,372.089996,384.950012,368.459991,382.470001,323.236938,2161000
2020-03-09,359.980011,369.470001,351.269989,352.029999,297.511169,3086700
2020-03-10,363.01001,367.670013,350.600006,367.170013,310.306396,2505600
2020-03-11,356.570007,365.890015,349.790009,356.929993,301.652344,1950800
2020-03-12,322.0,339.420013,310.079987,311.380005,263.156616,3892600
2020-03-13,327.329987,329.160004,303.100006,328.589996,277.701416,3877800
2020-03-16,295.01001,311.559998,285.0,287.940002,243.346786,2351500
2020-03-17,293.0,319.470001,287.149994,318.829987,269.452789,2626200
2020-03-18,296.920013,339.230011,296.040009,333.410004,281.774811,3589400
2020-03-19,333.410004,334.100006,311.209991,314.200012,265.539948,2836700
2020-03-20,314.200012,315.839996,288.209991,291.220001,246.118713,3040100
2020-03-23,285.0,287.059998,266.109985,276.799988,233.931961,3172100
2020-03-24,287.970001,294.98999,280.23999,288.910004,244.16658,3088400
2020-03-25,300.619995,329.820007,293.609985,319.670013,270.162781,2950100
2020-03-26,326.0,352.100006,324.01001,350.329987,296.074402,2680900
2020-03-27,339.98999,365.089996,335.01001,348.380005,294.426422,3562800
2020-03-30,351.48999,356.480011,342.279999,348.850006,294.823639,1756300
2020-03-31,344.809998,346.920013,336.23999,338.950012,286.456879,2169300
2020-04-01,324.829987,340.98999,322.01001,338.519989,286.093353,2082300
2020-04-02,335.25,354.0,334.549988,353.959991,299.142242,1896200
2020-04-03,352.0,355.839996,349.609985,350.5,296.218201,2113200
2020-04-06,361.910004,369.950012,361.910004,367.950012,310.965637,2525400
2020-04-07,380.5,381.899994,354.049988,355.279999,300.257874,2101500
2020-04-08,361.369995,372.649994,358.589996,361.410004,305.438568,1447700
2020-04-09,369.73999,376.329987,363.519989,371.0,313.543274,1629400
2020-04-13,370.950012,373.98999,365.709991,369.940002,312.647491,1237200
2020-04-14,378.290009,386.579987,374.549988,380.029999,321.174774,1653400
2020-04-15,376.75,376.75,367.359985,374.380005,316.399811,1251500
2020-04-16,373.609985,381.299988,372.5,377.880005,319.357788,1568400
2020-04-17,387.420013,402.450012,384.829987,401.51001,339.328186,1768400
2020-04-20,394.079987,399.970001,383.209991,383.209991,323.862274,1487200
2020-04-21,383.01001,392.540009,371.01001,373.440002,315.605408,2042000
2020-04-22,383.48999,383.940002,375.329987,380.399994,321.487518,1188400
2020-04-23,382.75,384.869995,376.190002,376.730011,318.385895,1164400
2020-04-24,378.720001,384.059998,372.980011,381.769989,322.645264,1029200
2020-04-27,383.910004,384.040009,378.0,378.570007,319.940948,1457400
2020-04-28,381.859985,387.829987,380.420013,384.730011,325.146973,1313900
2020-04-29,388.160004,393.51001,379.5,387.910004,327.834442,1500400
2020-04-30,383.100006,391.440002,380.440002,389.059998,328.806366,1343300
2020-05-01,385.640015,387.410004,381.089996,383.470001,324.082092,911600
2020-05-04,382.019989,382.970001,374.130005,380.160004,321.284668,1077900
2020-05-05,382.410004,392.779999,381.589996,390.299988,329.85434,1270900
2020-05-06,390.890015,390.890015,378.410004,378.579987,319.949432,1089800
2020-05-07,383.01001,384.130005,376.0,376.540009,318.225342,1462000
2020-05-08,378.029999,381.130005,376.25,378.399994,319.797241,1130400
2020-05-11,375.0,379.5,374.140015,376.559998,318.242218,1287800
2020-05-12,378.0,382.440002,371.029999,371.109985,313.63623,1447700
2020-05-13,371.279999,372.459991,362.01001,364.179993,307.77948,1287400
2020-05-14,360.98999,361.540009,352.26001,356.279999,301.102936,1776400
2020-05-15,352.529999,361.51001,352.320007,360.399994,304.58493,1854500
2020-05-18,371.209991,380.48999,366.019989,377.540009,319.070465,1879700
2020-05-19,378.070007,382.459991,371.23999,371.480011,313.948944,1087100
2020-05-20,372.440002,374.0,362.109985,362.51001,306.368103,1880500
2020-05-21,362.690002,370.029999,362.600006,368.820007,311.700836,1179100
2020-05-22,369.859985,370.160004,365.619995,369.0,311.853058,752600
2020-05-26,376.950012,376.950012,370.570007,372.200012,314.557465,1596100
2020-05-27,376.779999,397.119995,376.579987,397.119995,335.618042,1986900
2020-05-28,401.459991,404.26001,398.160004,398.440002,336.733643,1487900
2020-05-29,396.040009,396.23999,384.769989,388.440002,330.271698,1733800
2020-06-01,388.940002,394.0,387.309998,388.959991,330.713867,1090300
2020-06-02,388.640015,393.230011,386.98999,389.769989,331.402557,1404700
2020-06-03,393.649994,403.600006,392.589996,402.630005,342.336823,1382200
2020-06-04,401.779999,404.869995,399.0,403.670013,343.22113,1261700
2020-06-05,410.0,416.0,406.450012,410.75,349.240906,1702500
2020-06-08,415.0,417.619995,411.75,414.299988,352.259247,1294600
2020-06-09,410.529999,411.940002,407.0,408.559998,347.378784,1188400
2020-06-10,406.5,409.100006,403.450012,403.769989,343.306061,1188200
2020-06-11,392.690002,397.309998,383.570007,383.880005,326.394531,1698800
2020-06-12,393.329987,394.429993,376.470001,381.869995,324.685577,1788100
2020-06-15,373.279999,377.149994,367.549988,373.279999,317.381958,2271300
2020-06-16,386.559998,391.790009,379.579987,382.769989,325.450806,2038600
2020-06-17,382.5,386.23999,376.920013,382.109985,324.889648,1519000
2020-06-18,379.679993,381.320007,376.070007,378.390015,321.726715,1562000
2020-06-19,383.339996,383.589996,372.0,372.200012,316.463654,4322200
2020-06-22,372.26001,376.839996,370.440002,375.959991,319.660522,1370600
2020-06-23,378.25,378.779999,371.040009,371.700012,316.038483,1469300
2020-06-24,370.899994,371.230011,358.320007,359.820007,305.9375,2302800
2020-06-25,357.859985,363.309998,353.329987,362.820007,308.488312,1391600
2020-06-26,359.559998,367.420013,355.01001,356.76001,303.335754,2008600
2020-06-29,360.390015,367.5,359.48999,367.5,312.467468,1073000
2020-06-30,365.350006,367.25,362.410004,364.920013,310.273865,1482100
2020-07-01,366.339996,368.290009,360.309998,360.420013,306.447754,1430100
2020-07-02,363.529999,366.070007,360.690002,362.0,307.791077,1396000
2020-07-06,366.480011,367.119995,360.839996,362.589996,308.292786,1202300
2020-07-07,362.589996,362.920013,352.779999,353.269989,300.368378,1395900
2020-07-08,353.5,357.299988,348.630005,350.230011,297.783569,1965100
2020-07-09,348.0,349.48999,339.179993,339.959991,289.051544,1823800
2020-07-10,342.329987,349.329987,341.660004,349.25,296.950348,1514200
2020-07-13,353.600006,357.019989,348.600006,353.059998,300.189789,2031300
2020-07-14,349.130005,355.920013,349.0,355.660004,302.400482,1651900
2020-07-15,361.640015,365.579987,360.559998,364.559998,309.967712,1617300
2020-07-16,362.299988,365.940002,359.019989,365.880005,311.090057,955400
2020-07-17,366.299988,369.0,362.850006,368.5,313.317657,1135500
2020-07-20,369.0,369.0,362.429993,365.529999,310.792419,1444500
2020-07-21,377.980011,378.899994,370.579987,375.119995,318.94632,1997300
2020-07-22,376.709991,394.670013,375.619995,394.079987,335.0672,2280700
2020-07-23,393.769989,394.149994,385.709991,387.619995,329.574524,1442800
2020-07-24,388.0,393.48999,383.609985,386.209991,328.375671,1305700
2020-07-27,384.730011,385.98999,380.109985,382.089996,324.87265,1047000
2020-07-28,382.0,390.209991,382.0,386.660004,328.758301,1132100
2020-07-29,389.559998,390.470001,384.630005,387.299988,329.30249,1209600
2020-07-30,382.709991,385.839996,380.859985,381.720001,324.558044,983300
2020-07-31,380.549988,381.369995,373.679993,378.970001,322.219788,1101800
2020-08-03,376.839996,378.410004,371.440002,377.100006,320.629944,923100
2020-08-04,379.079987,380.839996,376.290009,377.98999,321.386566,900600
2020-08-05,380.0,384.869995,378.269989,383.5,326.071472,1018500
2020-08-06,381.779999,383.190002,378.089996,379.73999,322.874542,698500
2020-08-07,380.01001,386.660004,378.76001,385.619995,327.873962,924900
2020-08-10,386.019989,391.109985,385.959991,389.26001,330.968933,856000
2020-08-11,391.51001,399.48999,391.329987,391.959991,333.264618,1312800
2020-08-12,394.019989,396.519989,391.290009,392.440002,333.67276,878500
2020-08-13,390.350006,394.049988,387.0,389.23999,330.951904,1053600
2020-08-14,388.640015,394.200012,388.019989,391.420013,332.805481,648600
2020-08-17,393.980011,395.190002,387.730011,388.959991,330.713867,864100
2020-08-18,389.170013,391.910004,388.339996,390.26001,331.819183,806100
2020-08-19,390.079987,391.970001,388.839996,390.049988,331.640656,717400
2020-08-20,388.279999,389.200012,383.579987,387.880005,329.795593,1203700
2020-08-21,387.709991,390.790009,386.859985,389.570007,331.232452,996000
2020-08-24,390.829987,395.570007,389.899994,395.040009,335.883423,1006400
2020-08-25,395.720001,402.380005,392.399994,394.839996,335.713257,987400
2020-08-26,393.0,397.660004,390.559998,395.440002,336.223511,908600
2020-08-27,396.839996,400.089996,394.880005,395.019989,335.866394,700300
2020-08-28,395.51001,396.0,391.730011,395.589996,336.351074,728300
2020-08-31,392.170013,395.0,388.470001,390.26001,333.844574,1030400
2020-09-01,387.820007,389.190002,385.0,386.809998,330.893311,908400
2020-09-02,385.149994,398.899994,384.109985,398.070007,340.525604,1214500
2020-09-03,399.5,401.880005,383.380005,386.290009,330.448395,1500800
2020-09-04,388.51001,391.549988,379.579987,385.019989,329.362122,933600
2020-09-08,383.98999,385.290009,378.359985,380.230011,325.264557,1071600
2020-09-09,382.690002,389.420013,381.01001,385.23999,329.550232,1218300
2020-09-10,386.019989,388.529999,378.329987,379.109985,324.306427,716000
2020-09-11,381.470001,390.5,380.75,389.450012,333.151611,933800
2020-09-14,393.369995,396.670013,391.619995,393.75,336.830078,991000
2020-09-15,395.649994,396.0,386.890015,392.549988,335.803497,955700
2020-09-16,391.109985,399.600006,390.929993,395.579987,338.395599,1052200
2020-09-17,392.0,398.549988,389.540009,395.940002,338.703552,959500
2020-09-18,394.149994,399.0,394.149994,395.140015,338.019165,2636400
2020-09-21,388.5,389.869995,377.230011,379.609985,324.73407,1447400
2020-09-22,381.880005,392.480011,381.339996,388.420013,332.270538,1286300
2020-09-23,389.230011,394.429993,381.98999,383.23999,327.839417,1223300
2020-09-24,383.25,384.48999,375.100006,378.76001,324.007019,1295100
2020-09-25,377.450012,388.399994,376.450012,386.700012,330.799255,1375400
2020-09-28,390.0,396.609985,389.649994,390.51001,334.058411,980000
2020-09-29,389.609985,393.149994,387.51001,388.73999,332.544281,1113100
2020-09-30,389.470001,389.76001,380.51001,383.279999,327.873657,1410300
2020-10-01,384.0,390.0,379.0,380.890015,325.829071,1103900
2020-10-02,376.0,383.480011,374.279999,380.579987,325.563873,1217200
2020-10-05,383.23999,385.890015,378.859985,383.959991,328.455261,825000
2020-10-06,386.029999,386.109985,376.019989,376.459991,322.039459,954900
2020-10-07,378.600006,383.839996,378.559998,382.940002,327.582703,826500
2020-10-08,383.899994,389.190002,382.279999,388.589996,332.416016,694900
2020-10-09,388.410004,390.100006,385.290009,385.929993,330.140533,675000
2020-10-12,386.0,390.51001,383.26001,388.920013,332.698334,807400
2020-10-13,386.140015,390.559998,385.119995,388.950012,332.723999,973300
2020-10-14,387.140015,395.459991,387.140015,390.720001,334.238037,1090300
2020-10-15,387.329987,388.869995,383.220001,386.119995,330.303009,792000
2020-10-16,388.48999,389.779999,386.089996,386.5,330.628143,952100
2020-10-19,387.23999,389.600006,381.670013,383.709991,328.241455,1181000
2020-10-20,382.589996,385.790009,371.799988,372.209991,318.403839,1779200
2020-10-21,372.209991,375.0,365.0,367.140015,314.066772,1931200
2020-10-22,367.5,371.109985,365.149994,368.959991,315.623657,1255100
2020-10-23,371.339996,376.190002,369.01001,374.329987,320.217346,1178800
2020-10-26,369.429993,369.869995,362.5,368.549988,315.272888,1387200
2020-10-27,367.0,367.980011,360.809998,362.429993,310.037567,977400
2020-10-28,356.869995,360.0,350.450012,350.859985,300.140167,1679900
2020-10-29,350.0,356.230011,348.290009,352.440002,301.49176,1548000
2020-10-30,350.640015,353.730011,345.649994,350.130005,299.515717,1309800
2020-11-02,356.119995,359.910004,350.720001,352.420013,301.474731,1707700
2020-11-03,357.130005,366.200012,356.209991,363.440002,310.901642,1484600
2020-11-04,371.070007,381.459991,369.51001,372.160004,318.361084,2146400
2020-11-05,374.549988,376.5,363.769989,364.700012,311.979492,1709300
2020-11-06,363.299988,363.730011,357.950012,361.269989,309.045319,1401600
2020-11-09,379.600006,381.519989,363.730011,363.950012,311.33786,1956900
2020-11-10,365.0,373.440002,363.940002,371.279999,317.608337,1708000
2020-11-11,372.869995,373.329987,365.679993,369.279999,315.897369,1115200
2020-11-12,367.5,370.570007,365.51001,367.890015,314.708435,856100
2020-11-13,370.570007,376.0,369.230011,375.140015,320.910309,921000
2020-11-16,378.049988,380.690002,376.079987,377.130005,322.612671,1306700
2020-11-17,375.660004,380.480011,375.25,375.899994,321.560425,1321100
2020-11-18,377.48999,383.470001,376.23999,377.559998,322.980438,1066800
2020-11-19,375.0,377.75,372.170013,376.459991,322.039459,1075400
2020-11-20,375.970001,377.23999,367.619995,368.019989,314.81958,1117500
2020-11-23,371.540009,374.529999,369.859985,370.850006,317.240417,929200
2020-11-24,375.279999,378.480011,373.059998,378.480011,323.767456,959000
2020-11-25,377.089996,381.950012,376.230011,378.339996,323.647736,854800
2020-11-27,378.809998,378.809998,373.450012,374.339996,320.226013,612300
2020-11-30,370.790009,372.440002,363.390015,365.0,314.419952,1608400
2020-12-01,368.470001,373.290009,364.869995,364.98999,314.411316,1299700
2020-12-02,364.98999,365.98999,360.01001,361.359985,311.284332,2520000
2020-12-03,362.119995,369.5,360.959991,362.029999,311.861481,1758400
2020-12-04,363.119995,367.730011,362.109985,366.609985,315.806854,1222600
2020-12-07,366.899994,366.899994,360.540009,362.130005,311.947662,1390500
2020-12-08,360.980011,363.170013,358.839996,359.230011,309.449463,1783600
2020-12-09,359.850006,362.589996,356.950012,361.350006,311.275757,1522200
2020-12-10,359.519989,364.220001,355.200012,355.390015,306.141632,1378700
2020-12-11,354.549988,363.119995,354.190002,361.709991,311.585846,1409800
2020-12-14,363.5,365.619995,357.440002,357.660004,308.097107,1370500
2020-12-15,358.730011,359.890015,355.450012,357.570007,308.019592,1521000
2020-12-16,357.25,357.899994,353.649994,354.570007,305.435333,1986200
2020-12-17,355.929993,357.660004,351.880005,352.600006,303.738251,1658100
2020-12-18,352.040009,356.790009,350.01001,356.029999,306.693024,4342000
2020-12-21,353.160004,353.940002,346.600006,349.350006,300.938629,2128700
2020-12-22,349.350006,350.619995,347.390015,347.920013,299.706818,1820800
2020-12-23,349.950012,355.0,349.399994,351.600006,302.876892,1307500
2020-12-24,352.829987,354.059998,350.399994,351.970001,303.195618,508800
2020-12-28,353.109985,357.820007,351.709991,354.179993,305.099304,1023400
2020-12-29,356.0,357.350006,351.799988,353.899994,304.858185,1055900
2020-12-30,353.0,356.609985,353.0,354.160004,305.082123,840800
2020-12-31,353.820007,356.029999,352.230011,354.980011,305.788513,1318500
2021-01-04,354.980011,354.980011,341.070007,344.640015,296.881317,1887200
2021-01-05,344.640015,351.190002,343.299988,348.790009,300.456268,1479100
2021-01-06,343.0,351.920013,342.779999,348.029999,299.801605,1897500
2021-01-07,344.359985,347.850006,341.339996,342.549988,295.080902,2048900
2021-01-08,341.880005,343.470001,335.01001,336.100006,289.52475,3226300
2021-01-11,335.0,339.0,333.320007,337.679993,290.885895,3196400
2021-01-12,336.519989,343.369995,335.630005,341.850006,294.477997,3002200
2021-01-13,341.410004,347.200012,339.170013,345.48999,297.613556,1648100
2021-01-14,348.0,354.790009,346.850006,347.440002,299.293365,1965600
2021-01-15,347.089996,350.5,344.279999,347.269989,299.146912,1853100
2021-01-19,350.73999,350.970001,341.480011,341.5,294.176483,2017200
2021-01-20,342.540009,343.779999,339.220001,341.670013,294.322906,1780000
2021-01-21,341.670013,343.609985,338.959991,339.670013,292.600037,1661800
2021-01-22,338.73999,341.839996,337.209991,339.880005,292.780975,1557600
2021-01-25,339.359985,346.890015,337.899994,343.51001,295.907959,1976600
2021-01-26,339.0,343.980011,330.690002,330.690002,284.864471,3542400
2021-01-27,332.279999,335.730011,329.670013,332.51001,286.432312,2666300
2021-01-28,332.140015,334.679993,327.179993,327.929993,282.486969,1837800
2021-01-29,327.100006,328.980011,321.720001,321.820007,277.223633,2101100
2021-02-01,324.880005,325.649994,319.809998,324.029999,279.12735,1615500
2021-02-02,327.429993,335.200012,326.690002,332.700012,286.595917,2065400
2021-02-03,331.679993,333.399994,328.299988,332.390015,286.328918,2683100
2021-02-04,333.98999,338.420013,332.179993,337.230011,290.498199,2174100
2021-02-05,339.589996,341.420013,336.5,337.040009,290.334503,1454700
2021-02-08,339.01001,339.5,335.200012,337.839996,291.023621,1549900
2021-02-09,338.540009,344.51001,336.570007,342.339996,294.900085,1677500
2021-02-10,343.220001,343.73999,339.149994,342.190002,294.770874,1728900
2021-02-11,340.779999,344.609985,338.029999,339.140015,292.143524,1181600
2021-02-12,338.399994,340.640015,336.559998,337.730011,290.928894,1207300
2021-02-16,339.25,340.0,333.820007,335.029999,288.603088,1668400
2021-02-17,334.700012,339.269989,332.790009,337.0,290.30011,2010900
2021-02-18,336.880005,339.579987,335.279999,337.920013,291.09259,1296200
2021-02-19,339.070007,339.089996,335.25,335.420013,288.939087,1849200
2021-02-22,333.799988,343.559998,333.209991,340.470001,293.289215,1657200
2021-02-23,345.130005,347.470001,338.329987,346.230011,298.251068,2400000
2021-02-24,347.279999,350.299988,344.609985,346.529999,298.50943,2068700
2021-02-25,345.799988,349.100006,340.670013,341.690002,294.340118,1568000
2021-02-26,338.0,338.76001,330.0,330.25,286.66684,2024000
2021-03-01,334.0,337.720001,332.820007,333.470001,289.461823,1654500
2021-03-02,333.269989,340.01001,332.670013,338.589996,293.906067,2076300
2021-03-03,339.609985,346.329987,338.589996,340.910004,295.919952,4052300
2021-03-04,340.480011,344.350006,334.149994,338.25,293.610992,2196700
2021-03-05,338.470001,341.170013,335.130005,340.429993,295.503326,1451300
2021-03-08,343.5,346.059998,338.440002,341.450012,296.388672,1599100
2021-03-09,341.410004,342.850006,337.269989,337.5,292.960052,1448800
2021-03-10,339.410004,343.190002,335.690002,340.839996,295.859192,1760100
2021-03-11,341.0,343.630005,338.459991,339.730011,294.895752,1673500
2021-03-12,339.640015,343.649994,338.619995,340.190002,295.294952,2151900
2021-03-15,344.380005,346.640015,342.600006,346.410004,300.694122,2055800
2021-03-16,346.51001,349.0,342.299988,347.130005,301.319092,1687700
2021-03-17,347.829987,355.549988,347.130005,351.019989,304.695709,2083000
2021-03-18,353.869995,359.0,352.540009,358.450012,311.145172,2272200
2021-03-19,359.429993,359.429993,350.100006,355.070007,308.211304,5739100
2021-03-22,352.0,358.369995,352.0,357.660004,310.459473,2190900
2021-03-23,357.109985,359.25,352.670013,353.609985,306.943909,1474600
2021-03-24,354.98999,362.679993,354.98999,356.119995,309.12265,1592300
2021-03-25,354.769989,361.790009,354.220001,361.220001,313.549683,1598100
2021-03-26,362.309998,365.25,359.75,364.709991,316.57901,2010500
2021-03-29,365.0,374.23999,365.0,372.790009,323.592773,2245500
2021-03-30,373.25,374.130005,368.609985,370.540009,321.639709,1518600
2021-03-31,370.75,372.609985,367.380005,369.5,320.73703,1375500
2021-04-01,368.98999,372.98999,368.339996,371.019989,322.056274,1261600
2021-04-05,372.059998,380.399994,372.059998,378.75,328.766174,1489300
2021-04-06,376.51001,380.100006,376.320007,378.970001,328.957123,1035700
2021-04-07,378.73999,380.399994,376.070007,380.190002,330.016113,976900
2021-04-08,379.600006,387.420013,378.309998,386.019989,335.076782,1863400
2021-04-09,386.880005,390.26001,383.660004,386.230011,335.259033,1400900
2021-04-12,387.130005,388.709991,384.290009,387.850006,336.665253,1067400
2021-04-13,386.559998,388.200012,384.339996,387.109985,336.02298,1124300
2021-04-14,387.399994,391.23999,387.0,388.670013,337.377045,1078800
2021-04-15,388.670013,392.0,387.700012,390.630005,339.078369,1289400
2021-04-16,392.820007,394.339996,389.799988,391.809998,340.102692,1499500
2021-04-19,392.0,392.390015,386.619995,391.730011,340.033234,1317600
2021-04-20,388.0,391.5,384.619995,387.329987,336.213928,1370100
2021-04-21,387.519989,390.890015,384.950012,387.23999,336.135681,1358500
2021-04-22,386.769989,386.769989,378.399994,380.089996,329.929382,1670500
2021-04-23,378.589996,378.589996,373.320007,377.290009,327.498871,1298000
2021-04-26,374.279999,375.309998,370.720001,371.980011,322.889648,1518100
2021-04-27,371.5,374.23999,370.140015,373.220001,323.965942,1564900
2021-04-28,373.459991,373.880005,370.950012,372.940002,323.722931,1110400
2021-04-29,375.0,381.980011,374.839996,380.350006,330.15509,1385600
2021-04-30,378.859985,382.0,377.600006,380.559998,330.337341,1103700
2021-05-03,379.769989,386.390015,379.059998,385.309998,334.46051,1347400
2021-05-04,387.25,390.149994,384.540009,387.480011,336.344147,1509600
2021-05-05,386.339996,387.480011,381.709991,386.369995,335.380554,1079300
2021-05-06,387.98999,389.299988,386.0,387.339996,336.222595,1079500
2021-05-07,387.0,392.600006,385.890015,390.339996,338.826691,1203700
2021-05-10,391.359985,396.98999,391.290009,393.140015,341.257111,1578600
2021-05-11,391.029999,391.679993,384.410004,387.820007,336.639252,1353200
2021-05-12,387.970001,390.350006,380.200012,380.619995,330.389404,1633700
2021-05-13,381.779999,390.380005,380.950012,387.769989,336.595825,1105800
2021-05-14,390.170013,392.100006,388.589996,390.779999,339.208557,799800
2021-05-17,389.630005,392.029999,388.720001,391.119995,339.503662,979100
2021-05-18,391.269989,394.170013,387.079987,387.220001,336.118408,1171800
2021-05-19,385.0,385.730011,381.350006,385.540009,334.660065,995000
2021-05-20,386.790009,389.540009,386.070007,388.320007,337.073273,1094700
2021-05-21,389.299988,392.190002,385.559998,387.220001,336.118408,892500
2021-05-24,389.5,389.75,385.959991,387.709991,336.543793,931400
2021-05-25,387.899994,389.5,385.179993,385.850006,334.929199,978500
2021-05-26,385.570007,386.070007,382.209991,384.130005,333.436249,999500
2021-05-27,387.399994,387.950012,384.279999,387.390015,336.265991,3979300
2021-05-28,384.700012,386.0,381.519989,382.200012,334.002594,935500
2021-06-01,384.230011,384.429993,381.130005,381.920013,333.757904,962200
2021-06-02,382.01001,385.5,380.630005,385.089996,336.528168,1007600
2021-06-03,383.76001,387.540009,383.100006,387.350006,338.503174,1649700
2021-06-04,388.0,395.519989,387.609985,394.100006,344.401917,1836100
2021-06-07,395.040009,395.720001,389.609985,391.51001,342.138611,1087900
2021-06-08,391.51001,392.660004,387.070007,388.529999,339.534363,1065000
2021-06-09,389.269989,389.269989,385.119995,386.799988,338.022522,1046100
2021-06-10,389.140015,389.73999,386.089996,387.720001,338.826508,913700
2021-06-11,388.779999,389.149994,385.170013,387.720001,338.826508,751000
2021-06-14,387.609985,389.459991,385.880005,389.109985,340.041199,868400
2021-06-15,390.0,392.049988,389.059998,389.799988,340.644165,943900
2021-06-16,390.809998,391.0,383.200012,383.600006,335.226044,1524200
2021-06-17,384.279999,385.519989,379.570007,382.899994,334.614319,1246400
2021-06-18,380.170013,382.100006,379.0,379.190002,331.372162,2416200
2021-06-21,381.230011,385.440002,380.609985,382.5,334.264801,1186900
2021-06-22,381.540009,383.880005,379.649994,382.480011,334.247284,636200
2021-06-23,382.209991,382.51001,377.26001,377.329987,329.746704,1024000
2021-06-24,379.519989,379.98999,376.850006,377.730011,330.096283,1032700
2021-06-25,376.890015,383.420013,376.890015,382.01001,333.836517,1708100
2021-06-28,381.670013,382.730011,378.820007,380.070007,332.141266,778200
2021-06-29,379.880005,380.399994,373.25,373.420013,326.329834,1223900
2021-06-30,374.5,379.440002,373.619995,378.350006,330.638092,1077600
2021-07-01,377.309998,381.119995,377.220001,380.220001,332.272278,752800
2021-07-02,381.75,383.190002,378.950012,381.48999,333.382233,778700
2021-07-06,380.0,380.339996,373.679993,378.670013,330.917725,1142700
2021-07-07,378.410004,384.600006,377.410004,383.480011,335.121216,952900
2021-07-08,379.529999,381.690002,377.929993,379.920013,332.010101,894500
2021-07-09,382.700012,384.390015,380.769989,383.109985,334.797821,542900
2021-07-12,381.899994,383.320007,376.230011,379.070007,331.267303,1008200
2021-07-13,379.0,380.690002,377.540009,377.839996,330.192444,709500
2021-07-14,377.839996,378.390015,375.209991,376.820007,329.301086,698900
2021-07-15,375.119995,378.649994,375.0,378.25,330.55069,713400
2021-07-16,378.619995,379.720001,375.279999,377.140015,329.580719,890800
2021-07-19,375.149994,376.820007,367.559998,372.019989,325.106262,1357600
2021-07-20,373.01001,380.640015,373.0,379.980011,332.0625,1268000
2021-07-21,379.980011,384.700012,379.399994,380.890015,332.857788,922800
2021-07-22,380.75,381.549988,377.829987,379.929993,332.01886,688400
2021-07-23,381.970001,382.5,380.190002,380.769989,332.752991,795900
2021-07-26,373.0,374.359985,366.399994,368.049988,321.636993,2720700
2021-07-27,368.25,375.549988,368.25,374.730011,327.47464,1460600
2021-07-28,376.0,376.23999,370.589996,372.809998,325.796783,775200
2021-07-29,374.850006,375.859985,371.350006,372.600006,325.61319,754800
2021-07-30,372.070007,373.640015,370.109985,371.670013,324.800476,798600
2021-08-02,372.299988,375.040009,368.079987,368.299988,321.85553,1176500
2021-08-03,369.380005,369.910004,366.0,369.450012,322.860382,872900
2021-08-04,364.48999,365.359985,359.609985,361.640015,316.03537,1608100
2021-08-05,362.440002,363.019989,359.880005,360.779999,315.283752,912600
2021-08-06,362.299988,363.459991,360.559998,362.049988,316.393616,704500
2021-08-09,360.700012,362.420013,359.779999,361.040009,315.511017,945100
2021-08-10,360.190002,363.059998,360.100006,362.23999,316.559692,842100
2021-08-11,362.450012,364.350006,361.0,363.299988,317.485962,900100
2021-08-12,362.329987,364.299988,358.799988,359.75,314.383667,1005400
2021-08-13,360.25,361.070007,357.51001,357.980011,312.836823,1222200
2021-08-16,357.980011,360.51001,355.559998,360.25,314.820557,1625700
2021-08-17,359.049988,362.529999,358.670013,361.600006,316.000366,1571000
2021-08-18,359.5,360.5,356.559998,356.600006,311.63089,961000
2021-08-19,355.230011,359.899994,353.570007,354.029999,309.38504,1345700
2021-08-20,354.73999,358.809998,353.570007,357.170013,312.128967,904300
2021-08-23,357.940002,359.070007,356.410004,357.350006,312.286285,827800
2021-08-24,358.970001,360.48999,357.920013,359.0,313.728271,822600
2021-08-25,359.690002,360.649994,357.98999,358.75,313.509766,953500
2021-08-26,359.100006,361.980011,357.23999,361.619995,316.017853,1172400
2021-08-27,363.290009,364.329987,361.179993,361.98999,316.341156,1203900
2021-08-30,362.25,363.959991,361.75,362.049988,316.393616,986000
2021-08-31,359.399994,360.850006,358.100006,359.799988,316.701691,1083900
2021-09-01,358.299988,359.51001,356.540009,356.660004,313.937836,1116000
2021-09-02,356.809998,358.73999,355.519989,358.049988,315.161224,2071500
2021-09-03,358.049988,358.269989,355.630005,356.0,313.356873,893200
2021-09-07,354.720001,354.720001,349.070007,349.200012,307.371399,2033500
2021-09-08,350.390015,353.579987,349.459991,351.459991,309.360657,1215300
2021-09-09,350.51001,351.700012,347.859985,348.929993,307.13382,1098900
2021-09-10,349.440002,350.079987,345.820007,345.880005,304.449066,1222600
2021-09-13,347.910004,349.279999,342.75,346.309998,304.827545,1489200
2021-09-14,348.0,348.299988,342.480011,344.339996,303.093567,1325600
2021-09-15,344.799988,346.929993,343.910004,345.070007,303.736145,1149700
2021-09-16,345.480011,345.940002,340.75,341.5,300.593719,1451400
2021-09-17,339.950012,342.809998,339.149994,340.980011,300.136017,2108000
2021-09-20,338.700012,340.649994,335.890015,338.459991,297.917969,1709800
2021-09-21,338.73999,340.070007,335.100006,336.049988,295.796539,1317000
2021-09-22,338.140015,343.200012,338.019989,341.730011,300.796143,1335900
2021-09-23,340.290009,344.779999,340.109985,344.200012,302.970306,1366200
2021-09-24,348.970001,352.940002,347.51001,349.519989,307.653046,1693000
2021-09-27,352.140015,357.23999,351.320007,353.359985,311.033112,1866000
2021-09-28,353.359985,355.309998,349.920013,352.149994,309.968048,1140100
2021-09-29,348.130005,352.579987,344.970001,350.290009,308.330872,1547700
2021-09-30,351.529999,352.299988,344.899994,345.100006,303.762482,1054300
2021-10-01,347.309998,349.679993,342.769989,347.799988,306.139099,960400
2021-10-04,347.690002,350.269989,343.700012,345.98999,304.545929,1127400
2021-10-05,346.0,350.450012,344.820007,347.75,306.095032,889400
2021-10-06,347.029999,350.140015,344.200012,349.98999,308.066833,995700
2021-10-07,350.170013,354.480011,350.170013,351.779999,309.642395,1042600
2021-10-08,352.079987,355.160004,350.799988,353.75,311.376434,768500
2021-10-11,354.899994,359.329987,354.119995,357.079987,314.307526,996800
2021-10-12,356.980011,360.380005,356.01001,358.119995,315.222931,840200
2021-10-13,359.619995,362.390015,353.450012,361.76001,318.42691,1102100
2021-10-14,362.019989,364.160004,360.359985,362.070007,318.699768,973300
2021-10-15,364.100006,366.23999,363.51001,365.619995,321.824554,952700
2021-10-18,364.329987,367.880005,361.880005,365.0,321.278839,1014600
2021-10-19,366.5,371.179993,363.649994,371.070007,326.621735,1051300
2021-10-20,371.779999,372.570007,369.799988,371.130005,326.67453,955200
2021-10-21,371.630005,373.26001,367.140015,373.140015,328.443756,803600
2021-10-22,373.929993,377.019989,372.25,374.600006,329.728882,1092000
2021-10-25,375.910004,378.100006,374.609985,376.329987,331.251587,1350300
2021-10-26,348.329987,351.200012,326.0,331.910004,292.152496,9439700
2021-10-27,333.0,336.429993,330.540009,330.940002,291.298676,2822900
2021-10-28,330.0,334.859985,325.140015,331.390015,291.694702,2874600
2021-10-29,330.0,334.359985,328.839996,332.320007,292.513397,1821500
2021-11-01,330.470001,334.200012,330.070007,330.929993,291.289886,1865000
2021-11-02,331.450012,332.040009,325.309998,326.309998,287.223236,2745000
2021-11-03,325.5,333.100006,324.230011,331.350006,291.659546,1902600
2021-11-04,331.299988,335.73999,331.299988,335.5,295.312378,1847900
2021-11-05,336.950012,340.519989,336.350006,339.890015,299.176605,2145300
2021-11-08,341.630005,343.019989,337.579987,341.779999,300.84024,1733000
2021-11-09,341.380005,342.0,337.100006,338.170013,297.662659,1769200
2021-11-10,338.769989,340.700012,337.5,337.630005,297.187347,1268700
2021-11-11,337.140015,337.209991,333.299988,335.890015,295.655762,1216500
2021-11-12,335.619995,340.390015,335.029999,339.059998,298.446045,1097400
2021-11-15,339.549988,341.649994,339.429993,340.920013,300.083252,1068600
2021-11-16,341.890015,343.640015,339.76001,340.369995,299.599091,1307500
2021-11-17,339.480011,343.549988,339.480011,341.98999,301.025024,1751000
2021-11-18,342.720001,343.109985,340.209991,342.079987,301.104279,1431300
2021-11-19,340.880005,343.0,339.350006,341.440002,300.540955,1426500
2021-11-22,341.730011,347.589996,341.480011,344.980011,303.65683,1229400
2021-11-23,344.980011,348.089996,344.670013,345.179993,303.832916,1212700
2021-11-24,344.859985,347.0,343.049988,343.579987,302.424683,1134500
2021-11-26,339.290009,343.230011,338.079987,342.720001,301.667603,1079900
2021-11-29,344.0,344.600006,339.200012,341.230011,300.356079,1492300
2021-11-30,337.200012,338.359985,333.029999,333.320007,295.821014,2763200
2021-12-01,335.0,335.950012,328.200012,328.420013,291.472229,2248300
2021-12-02,330.0,333.910004,328.329987,330.529999,293.34491,1804100
2021-12-03,331.350006,334.380005,330.339996,333.809998,296.255829,1603200
2021-12-06,337.25,342.410004,337.25,339.959991,301.713959,1946900
2021-12-07,340.0,342.109985,338.799988,339.170013,301.012848,1540700
2021-12-08,339.709991,342.380005,339.019989,341.079987,302.707947,1376900
2021-12-09,339.940002,345.109985,338.269989,343.600006,304.944489,1591500
2021-12-10,345.839996,347.23999,344.600006,344.880005,306.080536,1180700
2021-12-13,344.399994,346.799988,341.51001,345.549988,306.675079,1740700
2021-12-14,343.75,348.399994,343.75,345.640015,306.754913,1786000
2021-12-15,345.390015,345.640015,340.0,344.420013,305.67215,1208900
2021-12-16,345.670013,347.959991,343.670013,344.839996,306.044861,1185900
2021-12-17,345.549988,347.160004,342.920013,344.140015,305.423645,2749500
2021-12-20,341.0,341.190002,333.420013,337.420013,299.459747,2315400
2021-12-21,338.769989,343.380005,338.649994,340.769989,302.432861,2352400
2021-12-22,341.160004,344.350006,341.029999,343.140015,304.536224,1311400
2021-12-23,343.779999,348.320007,343.779999,347.019989,307.979675,1061200
2021-12-27,347.100006,350.809998,347.0,350.279999,310.872925,965900
2021-12-28,350.059998,355.170013,349.51001,353.75,313.952576,827500
2021-12-29,353.440002,355.5,352.690002,354.269989,314.414032,771700
2021-12-30,355.0,357.829987,353.51001,353.579987,313.801697,778500
2021-12-31,353.170013,357.059998,351.559998,355.410004,315.425812,887200
2022-01-03,354.679993,356.589996,353.029999,354.359985,314.493927,1205700
2022-01-04,355.529999,363.540009,355.209991,361.98999,321.265503,1361100
2022-01-05,363.0,364.0,357.869995,358.140015,317.848694,1682200
2022-01-06,360.0,361.23999,357.549988,358.0,317.724487,1368800
2022-01-07,359.079987,362.98999,358.149994,360.140015,319.623718,1634600
2022-01-10,363.0,369.459991,361.410004,363.25,322.383759,2389900
2022-01-11,364.01001,365.040009,361.269989,364.140015,323.173676,1128000
2022-01-12,363.380005,366.160004,359.450012,361.299988,320.653198,1477100
2022-01-13,362.059998,367.359985,360.119995,365.179993,324.09668,1244000
2022-01-14,365.179993,372.98999,363.970001,372.619995,330.699646,2165000
2022-01-18,370.450012,377.359985,368.859985,376.540009,334.17868,2471600
2022-01-19,375.5,381.450012,374.179993,377.329987,334.8797,3336700
2022-01-20,377.01001,381.149994,374.01001,375.130005,332.927307,2109100
2022-01-21,374.0,377.100006,369.679993,371.200012,329.439392,2795400
2022-01-24,369.549988,374.540009,365.339996,373.329987,331.329803,3022300
2022-01-25,377.850006,388.0,370.779999,387.170013,343.612732,3182400
2022-01-26,388.0,393.630005,383.700012,391.23999,347.224884,3640500
2022-01-27,389.390015,395.600006,384.73999,389.079987,345.307892,2566200
2022-01-28,389.100006,393.329987,384.779999,393.149994,348.919983,2145100
2022-01-31,390.5,390.98999,384.679993,389.130005,345.352264,2363400
2022-02-01,390.220001,390.51001,386.209991,387.01001,343.470764,1951100
2022-02-02,386.109985,388.350006,385.01001,387.339996,343.76358,1620600
2022-02-03,388.179993,392.170013,386.390015,389.700012,345.858154,1649000
2022-02-04,388.0,392.839996,385.320007,389.329987,345.529755,1645800
2022-02-07,392.0,395.579987,388.299988,392.339996,348.20108,1243000
2022-02-08,395.679993,396.839996,390.600006,396.040009,351.484894,1311400
2022-02-09,395.5,397.619995,393.690002,394.540009,350.153625,1541900
2022-02-10,393.040009,395.660004,383.929993,385.429993,342.068451,2301100
2022-02-11,386.76001,398.850006,385.350006,396.190002,351.618011,3276400
2022-02-14,393.980011,395.519989,383.790009,386.970001,343.435242,2799800
2022-02-15,381.910004,387.299988,378.320007,382.220001,339.219604,2418600
2022-02-16,382.850006,388.709991,382.0,386.899994,343.373138,1776800
2022-02-17,386.119995,391.690002,385.769989,388.769989,345.032745,1248800
2022-02-18,389.140015,391.079987,385.709991,386.459991,342.982635,1459900
2022-02-22,391.269989,393.420013,385.070007,386.200012,342.751923,1680900
2022-02-23,389.170013,390.279999,384.5,388.899994,345.148193,1839500
2022-02-24,398.230011,398.980011,387.420013,395.709991,351.192017,4140900
2022-02-25,395.230011,414.450012,395.220001,409.48999,363.421692,3376300
2022-02-28,413.809998,433.899994,413.5,433.799988,387.647491,5808600
2022-03-01,435.0,458.529999,435.0,456.609985,408.03067,5719300
2022-03-02,445.369995,451.559998,429.279999,450.0,402.123932,5003400
2022-03-03,444.720001,455.899994,437.440002,447.820007,400.175873,4603500
2022-03-04,450.049988,462.660004,443.070007,458.149994,409.406799,3320300
2022-03-07,463.01001,479.98999,463.0,466.149994,416.555725,5210100
2022-03-08,463.779999,468.0,448.359985,448.98999,401.221375,4133700
2022-03-09,437.5,455.73999,432.429993,448.720001,400.980164,3477300
2022-03-10,450.630005,456.959991,442.23999,444.359985,397.083923,3049600
2022-03-11,442.0,448.690002,438.609985,439.040009,392.329956,2649100
2022-03-14,449.440002,449.779999,439.209991,444.450012,397.164368,2475700
2022-03-15,444.75,450.420013,440.279999,448.670013,400.935425,1778700
2022-03-16,435.049988,436.890015,411.359985,421.339996,376.513153,5815500
2022-03-17,427.059998,431.779999,424.799988,428.589996,382.991791,2947700
2022-03-18,434.670013,437.48999,421.700012,426.179993,380.838104,5215700
2022-03-21,431.630005,447.929993,431.630005,440.0,393.187805,3245200
2022-03-22,439.450012,443.839996,434.190002,440.589996,393.715088,2113800
2022-03-23,444.0,447.5,442.350006,445.25,397.879333,1715100
2022-03-24,445.299988,451.5,443.230011,449.730011,401.88266,1375400
2022-03-25,450.029999,457.529999,450.0,453.660004,405.394531,1646300
2022-03-28,449.320007,450.459991,443.309998,444.980011,397.638,1676200
2022-03-29,433.25,438.119995,429.320007,437.149994,390.640991,2451100
2022-03-30,439.320007,447.059998,439.309998,445.950012,398.504822,1719500
2022-03-31,441.959991,448.869995,441.0,441.399994,394.438873,1660700
2022-04-01,442.220001,448.98999,438.820007,445.980011,398.531616,1174200
2022-04-04,447.480011,448.0,439.549988,444.01001,396.77124,1166300
2022-04-05,445.0,454.809998,443.380005,447.23999,399.657593,2240200
2022-04-06,446.380005,457.559998,446.380005,454.579987,406.216644,1941400
2022-04-07,453.0,467.399994,450.790009,465.51001,415.983856,2032700
2022-04-08,467.720001,471.589996,459.609985,461.519989,412.418243,1710700
2022-04-11,463.790009,474.450012,462.190002,464.25,414.857788,1911200
2022-04-12,466.200012,471.73999,461.380005,467.549988,417.806763,1502300
2022-04-13,471.0,474.609985,466.25,469.190002,419.272308,1212400
2022-04-14,471.910004,473.730011,466.040009,467.660004,417.90506,1965200
2022-04-18,467.0,471.970001,459.109985,467.440002,417.708496,1638900
2022-04-19,462.48999,475.5,458.429993,459.899994,410.970612,2044000
2022-04-20,459.880005,461.359985,452.779999,453.869995,405.582214,1636200
2022-04-21,455.0,455.950012,438.850006,439.540009,392.776825,1937600
2022-04-22,440.890015,450.899994,438.390015,445.790009,398.361755,1451700
2022-04-25,443.0,444.820007,433.269989,442.890015,395.770355,1499800
2022-04-26,447.040009,452.320007,443.179993,446.089996,398.629913,1440400
2022-04-27,446.230011,452.0,439.269989,444.980011,397.638,1017500
2022-04-28,449.0,449.0,437.519989,441.709991,394.715851,1348800
2022-04-29,444.429993,445.01001,430.380005,432.119995,386.146149,1479500
2022-05-02,429.600006,437.48999,426.149994,430.809998,384.975525,1397100
2022-05-03,434.380005,437.600006,430.959991,434.769989,388.514313,1332000
2022-05-04,437.029999,445.98999,434.890015,445.73999,398.317108,1172600
2022-05-05,445.73999,447.470001,438.609985,443.149994,396.002655,1183800
2022-05-06,441.529999,449.579987,439.910004,449.429993,401.614532,1409800
2022-05-09,447.029999,448.779999,437.119995,438.839996,392.151245,1354500
2022-05-10,439.940002,446.5,437.5,439.130005,392.410461,978500
2022-05-11,437.5,444.98999,436.619995,440.410004,393.554169,1018200
2022-05-12,439.26001,441.320007,428.350006,434.589996,388.353394,1390200
2022-05-13,435.359985,437.709991,429.0,435.170013,388.871674,1114700
2022-05-16,435.0,440.369995,432.160004,437.549988,390.998474,1004700
2022-05-17,439.809998,442.220001,431.26001,441.0,394.08139,798100
2022-05-18,441.0,442.070007,433.100006,434.329987,388.121094,986900
2022-05-19,430.850006,432.98999,419.290009,425.619995,380.337708,1539800
2022-05-20,428.0,428.0,417.290009,424.149994,379.024078,1632500
2022-05-23,427.440002,435.649994,427.440002,433.029999,386.95932,1038200
2022-05-24,433.0,443.309998,433.0,442.779999,395.672058,1034100
2022-05-25,443.480011,448.630005,441.299988,447.540009,399.925659,1032200
2022-05-26,450.0,454.059998,447.769989,447.98999,400.327759,1143100
2022-05-27,451.140015,451.470001,444.459991,450.559998,402.624329,1265800
2022-05-31,443.0,445.0,438.410004,440.109985,395.745483,2539100
2022-06-01,443.029999,443.850006,436.48999,439.299988,395.01712,1199000
2022-06-02,441.76001,442.540009,430.440002,441.109985,396.644653,1210000
2022-06-03,440.0,446.579987,439.160004,442.690002,398.065399,928000
2022-06-06,443.820007,446.0,441.559998,443.410004,398.71283,690000
2022-06-07,442.0,456.670013,441.399994,456.299988,410.303436,1126000
2022-06-08,452.0,454.640015,442.910004,443.410004,398.71283,1151600
2022-06-09,443.420013,443.549988,432.5,432.720001,389.100433,995100
2022-06-10,431.0,434.350006,425.75,430.190002,386.825378,1165700
2022-06-13,424.399994,428.359985,421.519989,423.929993,381.196472,1483000
2022-06-14,424.01001,424.160004,411.109985,416.170013,374.218719,1497800
2022-06-15,417.559998,419.0,408.869995,414.100006,372.357361,1241700
2022-06-16,410.429993,412.890015,403.019989,404.790009,363.98584,1580300
2022-06-17,403.570007,405.399994,394.660004,404.01001,363.284485,3757100
2022-06-21,412.0,420.5,409.01001,418.959991,376.727478,1474400
2022-06-22,414.059998,420.420013,411.790009,415.450012,373.571289,1073300
2022-06-23,415.369995,416.269989,407.179993,410.619995,369.228149,988700
2022-06-24,415.839996,419.480011,410.679993,419.040009,376.799377,1768000
2022-06-27,419.040009,423.190002,417.470001,419.25,376.98822,779000
2022-06-28,423.0,427.559998,419.350006,420.709991,378.301056,953300
2022-06-29,423.059998,424.410004,416.429993,418.890015,376.664551,733800
2022-06-30,418.160004,430.320007,416.880005,429.959991,386.618652,1269500
2022-07-01,429.73999,434.959991,424.480011,433.519989,389.819763,1296900
2022-07-05,424.790009,425.769989,407.209991,415.25,373.391449,1712800
2022-07-06,416.899994,427.859985,415.279999,425.890015,382.958923,1044900
2022-07-07,424.480011,428.0,419.549988,422.190002,379.631866,1177100
2022-07-08,425.540009,426.970001,419.970001,420.350006,377.977356,682000
2022-07-11,417.899994,423.0,415.380005,419.070007,376.826324,602600
2022-07-12,419.470001,419.890015,412.600006,413.98999,372.258453,680500
2022-07-13,409.109985,417.769989,407.730011,408.0,366.872253,1155500
2022-07-14,403.190002,405.369995,397.519989,400.309998,359.957428,1160700
2022-07-15,403.709991,403.709991,397.809998,398.380005,358.222046,1223200
2022-07-18,399.970001,400.0,387.029999,387.279999,348.240936,2759700
2022-07-19,378.820007,390.570007,373.670013,390.380005,351.028442,3023800
2022-07-20,390.660004,397.480011,385.670013,395.220001,355.380554,1560300
2022-07-21,394.320007,395.549988,389.640015,395.200012,355.36261,941000
2022-07-22,399.950012,401.970001,393.459991,394.73999,354.948914,769400
2022-07-25,394.369995,403.730011,393.630005,399.799988,359.49884,1038300
2022-07-26,400.179993,402.980011,396.570007,396.809998,356.810211,992400
2022-07-27,397.790009,399.25,394.0,398.540009,358.365875,838600
2022-07-28,399.149994,406.769989,396.140015,406.079987,365.145844,1014600
2022-07-29,406.48999,414.149994,402.0,413.809998,372.096619,1493500
2022-08-01,418.23999,428.5,416.640015,419.279999,377.015106,1721900
2022-08-02,425.01001,432.839996,419.100006,428.779999,385.557617,2453900
2022-08-03,427.269989,431.76001,419.640015,429.299988,386.025146,1330500
2022-08-04,430.709991,434.649994,426.890015,428.130005,384.973053,1126400
2022-08-05,425.26001,427.839996,419.529999,426.410004,383.426422,932500
2022-08-08,427.5,429.369995,421.679993,423.859985,381.133484,814800
2022-08-09,426.950012,431.880005,425.700012,428.549988,385.350769,747400
2022-08-10,430.070007,432.25,426.339996,429.98999,386.645569,1409300
2022-08-11,429.23999,432.48999,427.200012,428.850006,385.620575,949300
2022-08-12,428.899994,434.290009,427.190002,434.23999,390.467255,978000
2022-08-15,432.679993,439.970001,429.859985,438.01001,393.857178,884900
2022-08-16,436.920013,445.0,436.920013,440.160004,395.790405,851100
2022-08-17,436.130005,445.48999,435.0,441.589996,397.076294,996500
2022-08-18,441.910004,444.579987,436.869995,439.350006,395.062042,866500
2022-08-19,438.480011,440.920013,436.040009,440.029999,395.673553,1013600
2022-08-22,438.51001,441.640015,431.839996,432.329987,388.749756,1086700
2022-08-23,432.929993,434.730011,430.299988,433.119995,389.460144,915200
2022-08-24,433.98999,435.450012,430.940002,433.709991,389.990601,740200
2022-08-25,433.709991,438.839996,432.429993,438.640015,394.423645,727600
2022-08-26,440.399994,442.779999,430.940002,431.130005,387.670685,876200
2022-08-29,427.660004,433.899994,426.480011,429.679993,386.366913,868100
2022-08-30,429.440002,430.369995,424.01001,425.109985,382.257568,976100
2022-08-31,422.359985,424.73999,420.019989,420.109985,380.266144,909300
2022-09-01,418.23999,423.579987,417.799988,422.609985,382.529144,948800
2022-09-02,424.98999,425.690002,417.549988,418.570007,378.872223,869800
2022-09-06,419.01001,423.269989,415.779999,417.779999,378.157135,962500
2022-09-07,415.350006,420.899994,412.26001,420.140015,380.293427,1255700
2022-09-08,419.570007,421.070007,414.769989,419.649994,379.849823,1112600
2022-09-09,420.690002,423.619995,419.019989,421.529999,381.551544,1284600
2022-09-12,421.0,421.48999,417.5,418.640015,378.935608,1349700
2022-09-13,417.320007,420.799988,407.359985,409.329987,370.508606,1621200
2022-09-14,410.190002,418.399994,408.299988,416.630005,377.116241,1004100
2022-09-15,414.829987,414.829987,410.730011,413.589996,374.364594,1189200
2022-09-16,411.25,415.769989,410.01001,414.290009,374.998199,2023300
2022-09-19,414.0,417.640015,412.730011,416.519989,377.016632,695500
2022-09-20,416.0,421.410004,412.339996,420.579987,380.69165,1112100
2022-09-21,427.98999,433.790009,420.029999,420.200012,380.347717,2106400
2022-09-22,419.829987,424.720001,413.0,422.079987,382.049377,1409900
2022-09-23,419.779999,420.01001,407.579987,413.070007,373.893921,1874600
2022-09-26,411.690002,412.209991,406.51001,407.649994,368.987946,1208300
2022-09-27,409.200012,410.320007,398.369995,399.73999,361.828094,1051900
2022-09-28,397.200012,402.089996,391.100006,400.0,362.063446,1161500
2022-09-29,398.980011,399.410004,385.890015,389.790009,352.821838,1127700
2022-09-30,381.630005,389.899994,381.549988,386.290009,349.653717,1343700
2022-10-03,389.73999,402.829987,389.079987,399.73999,361.828094,1273800
2022-10-04,403.109985,407.839996,399.829987,406.109985,367.593964,1060000
2022-10-05,406.109985,407.660004,400.779999,402.51001,364.335358,828400
2022-10-06,401.619995,403.600006,398.079987,399.609985,361.710449,746700
2022-10-07,398.559998,404.670013,396.01001,403.959991,365.647827,1124700
2022-10-10,407.589996,418.630005,406.149994,409.98999,371.105988,1112500
2022-10-11,405.660004,416.160004,405.660004,411.059998,372.074432,1013600
2022-10-12,406.929993,408.899994,397.140015,397.420013,359.728149,921700
2022-10-13,393.0,407.049988,391.220001,405.959991,367.45816,1012700
2022-10-14,404.329987,405.380005,388.100006,389.410004,352.477844,1369100
2022-10-17,393.0,400.609985,392.149994,397.309998,359.628571,1617200
2022-10-18,403.149994,435.51001,401.540009,431.839996,390.883698,4588500
2022-10-19,433.970001,447.570007,430.350006,439.959991,398.233612,2623700
2022-10-20,439.619995,445.309998,437.950012,444.339996,402.198181,1781300
2022-10-21,443.720001,454.690002,440.149994,454.609985,411.494202,1620200
2022-10-24,459.079987,466.179993,455.559998,457.459991,414.073822,2013600
2022-10-25,454.049988,463.540009,452.190002,460.149994,416.508789,1537000
2022-10-26,462.170013,470.640015,460.459991,462.559998,418.690125,1554600
2022-10-27,464.579987,474.179993,464.399994,471.929993,427.171539,1513700
2022-10-28,474.0,491.140015,472.299988,484.869995,438.884247,2045300
2022-10-31,480.450012,488.230011,479.429993,486.679993,440.522583,1288200
2022-11-01,486.029999,491.160004,483.869995,485.630005,439.572174,1229700
2022-11-02,484.540009,488.880005,481.5,482.059998,436.340729,1291800
2022-11-03,479.769989,489.970001,478.549988,484.820007,438.838989,1291100
2022-11-04,485.160004,486.5,472.570007,481.670013,435.987671,1481100
2022-11-07,482.480011,489.959991,480.959991,488.630005,442.287628,944800
2022-11-08,488.880005,494.660004,486.839996,494.119995,447.256989,1221000
2022-11-09,489.75,492.440002,484.23999,485.179993,439.164886,1383200
2022-11-10,488.26001,491.220001,479.700012,490.769989,444.22467,1601000
2022-11-11,480.73999,483.829987,462.609985,463.859985,419.866852,3061800
2022-11-14,467.350006,471.980011,459.369995,462.040009,418.219482,2286700
2022-11-15,465.839996,474.98999,458.049988,467.25,422.935333,3272800
2022-11-16,465.23999,469.26001,461.589996,466.23999,422.021149,1022600
2022-11-17,465.0,474.779999,464.26001,472.769989,427.931824,1401900
2022-11-18,473.630005,480.869995,472.769989,476.820007,431.597748,2160300
2022-11-21,478.48999,483.959991,478.230011,480.940002,435.326965,1730500
2022-11-22,482.970001,484.26001,479.279999,479.5,434.02356,838400
2022-11-23,479.779999,482.98999,478.720001,481.070007,435.444611,1020200
2022-11-25,484.299988,484.5,481.420013,483.459991,437.608032,321500
2022-11-28,480.109985,485.23999,480.0,483.209991,437.381653,939000
2022-11-29,483.100006,485.100006,481.73999,484.100006,438.187317,802600
2022-11-30,480.0,485.950012,477.730011,485.190002,441.912506,1470000
2022-12-01,486.519989,488.0,480.670013,483.690002,440.546265,913600
2022-12-02,481.809998,498.950012,481.809998,496.230011,451.967712,1744400
2022-12-05,490.869995,494.980011,488.320007,490.670013,446.903656,1357200
2022-12-06,491.320007,491.320007,482.200012,484.0,440.828613,1076500
2022-12-07,484.299988,489.23999,480.480011,481.200012,438.278442,999800
2022-12-08,485.26001,488.809998,481.549988,485.380005,442.085632,762200
2022-12-09,485.640015,490.359985,483.209991,483.579987,440.446075,856400
2022-12-12,484.950012,487.170013,482.5,486.320007,442.941711,1129200
2022-12-13,490.0,490.369995,478.670013,480.220001,437.385834,1730900
2022-12-14,481.190002,488.269989,480.140015,485.190002,441.912506,1071800
2022-12-15,481.0,485.100006,475.119995,478.790009,436.083435,1067300
2022-12-16,475.630005,482.609985,473.670013,481.790009,438.815765,2590600
2022-12-19,481.779999,487.980011,479.929993,481.790009,438.815765,929700
2022-12-20,482.880005,491.450012,481.820007,486.149994,442.786835,1014300
2022-12-21,487.880005,490.570007,485.690002,487.649994,444.153076,988300
2022-12-22,486.5,486.820007,473.950012,479.299988,436.547791,1520700
2022-12-23,479.5,484.179993,478.359985,483.290009,440.181915,661600
2022-12-27,485.0,489.23999,483.5,485.5,442.194824,788800
2022-12-28,486.149994,489.0,482.899994,483.220001,440.118195,810300
2022-12-29,484.0,489.570007,483.299988,487.049988,443.606567,764000
2022-12-30,488.0,489.809998,481.23999,486.48999,443.096527,910000
2023-01-03,483.390015,484.25,474.01001,477.529999,434.93573,1657200
2023-01-04,473.25,479.700012,469.299988,476.5,433.997559,1391300
2023-01-05,475.690002,478.140015,469.899994,477.070007,434.516785,1210100
2023-01-06,480.0,488.0,465.769989,473.23999,431.028381,1969200
2023-01-09,467.790009,470.790009,455.299988,458.98999,418.049438,2377000
2023-01-10,462.179993,465.470001,456.899994,462.290009,421.055084,1003400
2023-01-11,463.369995,465.549988,461.040009,463.0,421.701782,1056400
2023-01-12,462.98999,465.880005,459.190002,461.73999,420.554138,936600
2023-01-13,446.5,453.709991,444.73999,449.829987,409.706512,2208600
2023-01-17,450.299988,453.5,446.670013,447.160004,407.274597,1753100
2023-01-18,447.160004,448.230011,440.649994,441.269989,401.910034,1645100
2023-01-19,442.76001,445.920013,439.029999,439.309998,400.124908,1469900
2023-01-20,441.339996,443.350006,437.619995,443.279999,403.740723,1410000
2023-01-23,443.109985,446.829987,440.859985,441.279999,401.919128,1739600
2023-01-24,442.170013,450.959991,437.690002,449.230011,409.160065,2865000
2023-01-25,448.0,455.809998,444.839996,454.160004,413.650299,2352500
2023-01-26,455.350006,463.76001,452.829987,459.809998,418.796326,2168900
2023-01-27,460.859985,466.679993,457.450012,459.600006,418.605011,1587700
2023-01-30,462.0,466.700012,459.899994,460.589996,419.506805,1642000
2023-01-31,462.279999,463.480011,459.01001,463.26001,421.938599,2062000
2023-02-01,462.51001,465.279999,459.799988,462.25,421.018707,1242500
2023-02-02,458.369995,460.429993,453.920013,457.190002,416.410004,2104700
2023-02-03,459.269989,462.600006,454.940002,459.079987,418.131409,1302900
2023-02-06,463.579987,469.769989,462.75,469.100006,427.25769,1393500
2023-02-07,472.549988,472.98999,463.149994,468.329987,426.556366,1334800
2023-02-08,464.970001,471.380005,463.320007,469.649994,427.758606,865000
2023-02-09,472.429993,474.339996,468.200012,470.089996,428.159363,799000
2023-02-10,472.380005,481.859985,472.380005,480.829987,437.941406,1436300
2023-02-13,485.190002,489.5,480.100006,481.970001,438.979645,1203100
2023-02-14,482.450012,485.0,479.660004,481.579987,438.624512,875600
2023-02-15,480.829987,484.25,477.399994,480.51001,437.649963,927100
2023-02-16,477.0,477.579987,466.100006,471.25,429.21582,1939500
2023-02-17,471.790009,475.660004,470.839996,475.630005,433.2052,1184200
2023-02-21,480.51001,482.399994,475.200012,479.190002,436.447723,1379400
2023-02-22,478.809998,481.670013,477.470001,479.529999,436.757294,900300
2023-02-23,480.0,483.089996,475.529999,479.079987,436.347412,917400
2023-02-24,479.459991,481.799988,477.299988,480.399994,437.549774,1009300
2023-02-27,480.529999,484.100006,477.190002,479.48999,436.720947,1149000
2023-02-28,477.040009,478.529999,471.820007,474.26001,434.677063,1155500
2023-03-01,473.269989,477.220001,471.290009,474.329987,434.741211,957700
2023-03-02,472.980011,479.170013,472.970001,478.309998,438.389008,835700
2023-03-03,478.899994,479.540009,476.380005,477.890015,438.004089,1060500
2023-03-06,476.820007,481.799988,476.820007,480.170013,440.09375,905700
2023-03-07,481.5,485.089996,478.0,478.660004,438.709839,1137900
2023-03-08,481.040009,487.640015,476.709991,479.5,439.479675,1252900
2023-03-09,483.0,483.26001,474.609985,475.850006,436.134338,1035000
2023-03-10,475.709991,482.299988,474.420013,475.5,435.813538,1335000
2023-03-13,471.869995,478.899994,470.799988,477.329987,437.490753,1701000
2023-03-14,480.290009,481.269989,474.869995,478.869995,438.902222,1761400
2023-03-15,475.0,475.130005,464.570007,473.309998,433.806244,2273300
2023-03-16,470.940002,478.049988,467.73999,473.23999,433.742126,1633000
2023-03-17,474.119995,474.920013,463.290009,465.869995,426.987305,6525100
2023-03-20,468.220001,477.769989,465.209991,475.700012,435.996857,1515400
2023-03-21,478.869995,479.25,471.299988,474.76001,435.135284,1069000
2023-03-22,475.440002,476.769989,468.320007,468.899994,429.764404,1261700
2023-03-23,468.630005,470.950012,466.5,467.899994,428.847839,1168500
2023-03-24,467.899994,475.670013,467.149994,474.540009,434.933655,1126000
2023-03-27,477.109985,477.559998,472.410004,473.390015,433.879639,1273000
2023-03-28,474.0,475.609985,471.160004,471.440002,432.092377,1076100
2023-03-29,471.26001,474.299988,470.679993,474.190002,434.612885,1146400
2023-03-30,474.540009,475.799988,471.730011,473.179993,433.687164,950300
2023-03-31,474.190002,475.350006,471.029999,472.730011,433.27478,1409600
2023-04-03,473.0,487.899994,472.75,486.619995,446.005493,1656700
2023-04-04,485.589996,490.630005,484.75,488.540009,447.765167,1081100
2023-04-05,488.0,493.829987,487.029999,489.98999,449.094147,1305900
2023-04-06,491.470001,496.980011,489.01001,490.170013,449.259155,1093300
2023-04-10,491.769989,498.420013,491.769989,496.75,455.289978,1024400
2023-04-11,496.380005,496.75,487.01001,487.839996,447.123627,1224200
2023-04-12,482.799988,491.25,481.690002,488.100006,447.361877,1105600
2023-04-13,486.820007,493.51001,485.980011,492.140015,451.064728,909500
2023-04-14,489.940002,491.5,485.109985,487.98999,447.261108,843200
2023-04-17,486.570007,492.26001,486.570007,489.640015,448.773376,1287800
2023-04-18,499.0,508.100006,498.0,501.410004,459.561035,2561800
2023-04-19,502.0,503.329987,493.880005,495.160004,453.832672,962200
2023-04-20,495.829987,495.829987,489.059998,490.600006,449.653259,839900
2023-04-21,491.23999,491.279999,480.609985,482.549988,442.275116,1382500
2023-04-24,482.390015,483.529999,478.720001,480.920013,440.781158,955200
2023-04-25,480.700012,480.920013,475.559998,475.579987,435.886871,839100
2023-04-26,473.950012,473.950012,459.600006,461.619995,423.09201,1571900
2023-04-27,461.850006,466.329987,461.149994,465.0,426.189911,1491400
2023-04-28,464.820007,466.160004,462.399994,464.450012,425.685822,1040300
2023-05-01,465.040009,471.079987,464.549988,469.429993,430.250153,1524500
2023-05-02,468.380005,468.529999,457.25,458.890015,420.589874,1105500
2023-05-03,458.200012,459.470001,452.690002,453.070007,415.255615,1116700
2023-05-04,453.660004,454.040009,446.209991,451.929993,414.210754,962700
2023-05-05,452.690002,457.100006,452.079987,455.540009,417.519409,930600
2023-05-08,456.48999,458.299988,450.070007,450.959991,413.321686,808300
2023-05-09,452.899994,453.910004,450.100006,452.040009,414.311554,623800
2023-05-10,452.809998,453.290009,448.709991,453.149994,415.328888,850900
2023-05-11,450.579987,452.220001,448.540009,450.690002,413.074249,645400
2023-05-12,452.799988,453.869995,447.799988,450.790009,413.165894,696500
2023-05-15,450.790009,453.350006,449.420013,451.920013,414.201569,668300
2023-05-16,452.089996,452.440002,447.660004,447.730011,410.361237,569500
2023-05-17,450.0,458.410004,449.940002,457.299988,419.132538,1101900
2023-05-18,455.410004,456.73999,449.399994,455.75,417.711884,1456500
2023-05-19,457.029999,458.269989,452.859985,454.48999,416.557068,804100
2023-05-22,454.0,457.369995,451.589996,454.720001,416.767914,628000
2023-05-23,452.109985,456.399994,450.0,452.630005,414.852356,1027200
2023-05-24,453.23999,456.73999,451.179993,452.720001,414.934784,858600
2023-05-25,451.5,451.5,439.700012,442.829987,405.870239,1205000
2023-05-26,442.859985,451.769989,442.100006,448.450012,411.02121,1135500
2023-05-30,448.079987,449.049988,444.23999,447.970001,410.581238,1163300
2023-05-31,444.619995,445.929993,443.0,444.01001,409.695496,1673500
2023-06-01,445.600006,450.779999,443.420013,449.670013,414.91806,878700
2023-06-02,452.119995,456.359985,450.559998,454.48999,419.365509,894700
2023-06-05,456.140015,456.76001,452.480011,454.690002,419.550049,807200
2023-06-06,456.519989,459.339996,454.390015,458.630005,423.185638,816800
2023-06-07,458.119995,463.75,455.01001,461.75,426.064453,893100
2023-06-08,462.179993,466.420013,461.459991,464.170013,428.297394,863400
2023-06-09,465.390015,465.390015,460.390015,462.690002,426.931763,713100
2023-06-12,462.790009,462.869995,458.179993,459.869995,424.329712,954400
2023-06-13,456.01001,456.970001,445.890015,452.369995,417.409363,1486300
2023-06-14,451.410004,453.420013,448.570007,452.549988,417.57547,945700
2023-06-15,454.0,458.51001,453.920013,455.950012,420.712769,892400
2023-06-16,457.730011,461.769989,456.600006,459.170013,423.683899,1642800
2023-06-20,459.480011,461.890015,457.480011,458.380005,422.954895,774800
2023-06-21,461.059998,467.170013,458.01001,466.040009,430.022949,906900
2023-06-22,465.519989,466.049988,461.5,463.429993,427.614624,688500
2023-06-23,463.519989,465.420013,458.130005,459.359985,423.859131,1348200
2023-06-26,455.940002,456.160004,446.679993,452.799988,417.806091,997200
2023-06-27,452.790009,455.630005,452.420013,453.149994,418.129089,671100
2023-06-28,453.579987,453.76001,447.459991,449.660004,414.908813,848900
2023-06-29,449.920013,457.529999,448.779999,457.440002,422.087555,684200
2023-06-30,459.23999,462.670013,456.790009,460.380005,424.800354,982700
2023-07-03,460.0,463.329987,457.549988,462.579987,426.830353,385400
2023-07-05,461.570007,463.350006,458.940002,462.76001,426.996429,625500
2023-07-06,463.0,463.0,459.339996,461.640015,425.962982,675900
2023-07-07,460.0,461.890015,458.100006,458.709991,423.25943,642200
2023-07-10,458.5,462.589996,458.049988,460.380005,424.800354,718400
2023-07-11,461.269989,467.100006,459.790009,466.290009,430.25354,709200
2023-07-12,467.200012,467.220001,461.119995,461.959991,426.258209,1067100
2023-07-13,461.0,467.440002,460.329987,466.380005,430.336609,821700
2023-07-14,466.0,466.519989,462.359985,464.309998,428.426605,933200
2023-07-17,466.290009,473.98999,465.619995,469.970001,433.64917,1886300
2023-07-18,474.369995,479.5,454.279999,455.700012,420.482025,3122600
2023-07-19,457.0,459.279999,448.109985,451.51001,416.615845,2141500
2023-07-20,452.630005,458.200012,452.0,456.01001,420.768066,1353800
2023-07-21,454.809998,456.940002,453.350006,454.76001,419.614716,934300
2023-07-24,456.0,457.950012,454.040009,456.799988,421.497009,892200
2023-07-25,452.429993,454.76001,447.420013,454.149994,419.051788,1207800
2023-07-26,454.329987,457.049988,451.869995,452.809998,417.815369,1322300
2023-07-27,451.5,452.420013,445.320007,448.640015,413.967682,1603600
2023-07-28,448.0,450.649994,446.48999,449.0,414.299805,1163100
2023-07-31,449.709991,449.709991,444.630005,446.369995,411.873016,1806000
2023-08-01,447.029999,453.119995,446.899994,451.279999,416.403595,1047900
2023-08-02,451.279999,453.130005,447.910004,448.559998,413.893799,905700
2023-08-03,447.320007,450.200012,445.980011,447.920013,413.303284,1240700
2023-08-04,448.579987,450.290009,445.309998,445.720001,411.273285,846800
2023-08-07,447.320007,450.470001,446.279999,449.779999,415.019531,746800
2023-08-08,449.0,450.51001,447.570007,449.470001,414.73349,791600
2023-08-09,450.079987,454.049988,449.98999,452.809998,417.815369,1211700
2023-08-10,452.0,453.970001,449.26001,450.049988,415.268616,688700
2023-08-11,451.179993,454.089996,450.519989,454.049988,418.959503,690500
2023-08-14,454.589996,455.609985,449.660004,450.079987,415.296326,752300
2023-08-15,448.0,450.0,443.279999,443.579987,409.298676,725300
2023-08-16,442.859985,447.029999,442.299988,445.130005,410.728912,822000
2023-08-17,446.640015,450.220001,446.440002,446.679993,412.159119,635800
2023-08-18,445.420013,455.369995,445.380005,450.059998,415.277832,1075700
2023-08-21,449.839996,453.029999,449.0,451.48999,416.597382,573500
2023-08-22,451.73999,453.890015,450.459991,452.940002,417.935303,671800
2023-08-23,454.579987,454.890015,452.089996,454.570007,419.439362,1043200
2023-08-24,453.26001,457.670013,452.440002,452.549988,417.57547,697800
2023-08-25,455.26001,455.26001,449.059998,451.089996,416.228271,785200
2023-08-28,450.809998,453.329987,450.269989,452.320007,417.36322,641000
2023-08-29,452.320007,453.26001,444.48999,448.399994,413.746155,1053700
2023-08-30,449.440002,455.920013,448.48999,452.410004,417.44635,875900
2023-08-31,450.820007,453.619995,448.140015,448.350006,416.46167,826300
2023-09-01,450.320007,451.890015,447.779999,448.179993,416.303711,668600
2023-09-05,448.0,448.329987,445.049988,445.190002,413.526398,854000
2023-09-06,440.23999,441.339996,423.660004,423.940002,393.787781,2548000
2023-09-07,424.0,427.779999,422.0,425.940002,395.645569,1195700
2023-09-08,426.329987,426.440002,422.25,423.089996,392.998199,1162300
2023-09-11,422.220001,422.730011,416.519989,420.660004,390.741058,1618300
2023-09-12,419.540009,420.109985,415.940002,417.829987,388.112335,1307700
2023-09-13,419.820007,422.25,418.579987,420.98999,391.047577,971500
2023-09-14,420.730011,426.660004,420.730011,425.890015,395.599091,992400
2023-09-15,423.910004,428.880005,423.709991,424.049988,393.889923,1681600
2023-09-18,427.660004,431.450012,426.600006,429.859985,399.286743,951200
2023-09-19,430.25,431.079987,425.059998,425.309998,395.060333,862300
2023-09-20,426.950012,430.850006,426.670013,426.950012,396.583771,1044100
2023-09-21,425.730011,426.609985,417.190002,417.540009,387.842926,1669400
2023-09-22,415.940002,417.5,413.230011,413.649994,384.229675,1453300
2023-09-25,413.230011,413.950012,411.51001,412.899994,383.533051,748300
2023-09-26,410.630005,411.269989,407.75,408.75,379.678131,1108000
2023-09-27,409.179993,410.0,405.720001,408.720001,379.65033,1317700
2023-09-28,409.899994,412.859985,408.820007,410.959991,381.730957,819700
2023-09-29,410.959991,411.450012,407.589996,408.959991,379.873169,764100
2023-10-02,408.959991,410.98999,405.890015,407.820007,378.814362,733200
2023-10-03,407.390015,407.5,402.589996,403.829987,375.108124,899200
2023-10-04,400.660004,402.0,397.109985,401.329987,372.785889,1243400
2023-10-05,400.959991,401.429993,394.619995,397.350006,369.088959,1162800
2023-10-06,395.399994,402.420013,393.769989,400.730011,372.228577,1135600
2023-10-09,428.720001,436.600006,423.390015,436.529999,405.4823,5343700
2023-10-10,441.519989,442.619995,432.529999,435.100006,404.154053,2626200
2023-10-11,434.720001,438.799988,433.299988,436.649994,405.593781,1419500
2023-10-12,438.049988,439.089996,430.109985,434.140015,403.262329,1121900
2023-10-13,438.529999,443.119995,434.670013,441.059998,409.690155,1519300
2023-10-16,439.420013,443.5,434.390015,440.410004,409.086426,1931300
2023-10-17,436.559998,452.790009,435.130005,441.130005,409.755188,3103900
2023-10-18,443.309998,447.890015,440.269989,446.070007,414.343811,2024100
2023-10-19,443.660004,449.670013,442.190002,449.179993,417.232605,2012400
2023-10-20,451.369995,452.600006,444.01001,444.170013,412.578949,1715100
2023-10-23,444.209991,452.059998,443.48999,446.160004,414.427429,1502400
2023-10-24,449.130005,450.609985,440.339996,440.899994,409.541534,1367100
2023-10-25,444.339996,449.380005,443.679993,447.690002,415.848602,1228900
2023-10-26,448.01001,451.089996,443.679993,445.970001,414.250946,1432000
2023-10-27,443.420013,447.660004,440.23999,443.390015,411.854431,1288400
2023-10-30,444.420013,446.859985,442.799988,445.839996,414.130219,948800
2023-10-31,447.299988,455.130005,445.410004,454.640015,422.304291,1418700
2023-11-01,456.329987,456.700012,451.459991,452.380005,420.205048,1267000
2023-11-02,450.75,458.220001,450.75,458.040009,425.462494,1242000
2023-11-03,455.109985,457.76001,451.130005,453.339996,421.096771,1365400
2023-11-06,454.839996,454.839996,450.640015,451.160004,419.071777,1440800
2023-11-07,453.160004,453.160004,449.690002,450.149994,418.133606,1220100
2023-11-08,450.149994,451.769989,444.029999,444.660004,413.034088,1386400
2023-11-09,445.410004,445.609985,439.679993,442.459991,410.99054,1775500
2023-11-10,444.01001,445.829987,440.970001,444.869995,413.229218,1525400
2023-11-13,445.0,448.570007,443.290009,445.029999,413.377838,1003800
2023-11-14,443.0,446.730011,441.859985,444.220001,412.625397,1336800
2023-11-15,443.470001,448.01001,443.470001,445.140015,413.47998,1098400
2023-11-16,445.799988,447.670013,443.549988,445.589996,413.897919,912900
2023-11-17,446.640015,447.230011,444.220001,444.679993,413.052673,898600
2023-11-20,444.029999,445.589996,440.76001,443.809998,412.244568,982000
2023-11-21,445.0,448.570007,444.160004,448.149994,416.275879,1177800
2023-11-22,447.5,451.700012,447.5,450.399994,418.365845,833800
2023-11-24,451.690002,452.589996,449.73999,452.01001,419.861389,326600
2023-11-27,451.859985,452.829987,445.429993,445.48999,413.805084,1496900
2023-11-28,447.859985,450.880005,446.0,448.269989,416.387329,1124900
2023-11-29,449.540009,449.540009,443.910004,445.01001,413.359192,1272900
2023-11-30,443.0,447.859985,442.51001,447.769989,418.888,1514500
2023-12-01,448.399994,450.660004,448.149994,449.410004,420.422272,856900
2023-12-04,447.369995,450.959991,446.109985,450.690002,421.619629,1265700
2023-12-05,450.290009,450.640015,445.899994,446.23999,417.456696,1055700
2023-12-06,445.5,450.440002,445.5,449.410004,420.422272,864100
2023-12-07,450.420013,451.390015,446.290009,447.109985,418.270508,861100
2023-12-08,448.570007,450.529999,447.459991,448.019989,419.121887,761100
2023-12-11,451.880005,453.26001,449.51001,451.26001,422.152924,1021600
2023-12-12,451.679993,453.75,450.369995,451.630005,422.499054,1008200
2023-12-13,452.950012,454.190002,450.5,451.440002,422.32132,1300300
2023-12-14,450.51001,450.869995,441.440002,445.269989,416.549255,1891000
2023-12-15,441.0,444.549988,438.709991,441.809998,413.312378,3973400
2023-12-18,442.709991,447.26001,442.269989,446.910004,418.083466,1197300
2023-12-19,447.679993,448.589996,446.149994,447.790009,418.906708,695000
2023-12-20,448.040009,448.549988,442.570007,442.600006,414.051483,1306800
2023-12-21,444.23999,448.100006,444.220001,448.019989,419.121887,637200
2023-12-22,450.0,451.73999,448.109985,448.220001,419.309021,623600
2023-12-26,448.149994,451.440002,447.820007,450.179993,421.142578,516900
2023-12-27,448.549988,451.019989,448.410004,448.970001,420.01062,699900
2023-12-28,448.970001,451.829987,448.459991,451.230011,422.124878,741800
2023-12-29,452.0,453.5,451.149994,453.23999,424.005157,832400
2024-01-02,454.299988,462.049988,454.299988,456.119995,426.699402,1206500
2024-01-03,458.790009,464.100006,457.809998,459.119995,429.50592,1174300
2024-01-04,462.309998,463.950012,457.769989,457.869995,428.336578,1087700
2024-01-05,460.040009,460.109985,453.269989,456.5,427.054871,705300
2024-01-08,454.410004,458.690002,453.529999,458.600006,429.01944,716000
2024-01-09,458.549988,458.609985,453.269989,456.290009,426.858459,732900
2024-01-10,456.200012,459.660004,454.779999,455.399994,426.025848,666100
2024-01-11,456.559998,457.799988,449.359985,453.130005,423.902283,784800
2024-01-12,457.369995,463.380005,456.529999,463.179993,433.304047,966500
2024-01-16,466.269989,466.269989,456.359985,457.839996,428.308472,814900
2024-01-17,457.670013,462.790009,455.079987,456.470001,427.026855,920800
2024-01-18,456.100006,459.980011,453.540009,459.570007,429.92691,780300
2024-01-19,460.559998,460.850006,455.959991,457.76001,428.233643,866600
2024-01-22,457.589996,460.829987,455.440002,458.76001,429.169128,1216800
2024-01-23,458.589996,459.0,433.890015,439.670013,411.310455,3613500
2024-01-24,439.519989,443.200012,431.549988,431.649994,403.8078,1768900
2024-01-25,430.0,433.940002,425.75,431.040009,403.237183,1813900
2024-01-26,431.970001,433.420013,426.709991,429.910004,402.180023,1260500
2024-01-29,431.0,432.029999,425.570007,428.01001,400.402588,1903300
2024-01-30,431.269989,431.850006,427.779999,431.679993,403.835846,1016400
2024-01-31,432.350006,433.720001,429.059998,429.410004,401.712219,1120100
2024-02-01,430.230011,431.769989,426.700012,429.769989,402.049072,1175000
2024-02-02,428.140015,428.899994,424.380005,425.970001,398.494141,973900
2024-02-05,424.0,424.369995,419.829987,421.700012,394.499542,1379600
2024-02-06,421.980011,429.019989,420.359985,426.950012,399.41095,1065700
2024-02-07,426.540009,430.290009,426.540009,430.100006,402.357727,980700
2024-02-08,429.359985,429.75,425.730011,427.0,399.457733,972200
2024-02-09,427.529999,427.670013,424.470001,426.5,398.989929,1038600
2024-02-12,426.75,430.549988,426.0,428.070007,400.45874,1007200
2024-02-13,429.339996,431.899994,423.23999,426.519989,399.008667,1089300
2024-02-14,427.679993,428.5,413.920013,418.190002,391.215942,2503800
2024-02-15,418.579987,423.350006,418.579987,423.119995,395.827942,1136700
2024-02-16,423.119995,425.160004,422.540009,424.070007,396.716736,806000
2024-02-20,425.190002,428.290009,423.769989,424.269989,396.903809,1363900
2024-02-21,426.209991,428.220001,424.369995,427.549988,399.97226,969600
2024-02-22,425.089996,429.480011,423.829987,428.890015,401.225769,1236900
2024-02-23,428.869995,431.429993,428.200012,431.119995,403.311951,842200
2024-02-26,431.5,432.450012,426.790009,429.179993,401.497101,980600
2024-02-27,428.679993,431.230011,426.5,430.429993,402.666443,887000
2024-02-28,431.880005,435.019989,430.839996,432.480011,404.584259,1029300
2024-02-29,429.329987,430.75,427.559998,428.23999,403.557037,1503100
2024-03-01,427.899994,428.910004,424.0,426.459991,401.879639,1059000
2024-03-04,428.570007,433.880005,426.950012,431.940002,407.043823,1271900
2024-03-05,433.73999,436.01001,429.76001,431.980011,407.081451,1038000
2024-03-06,431.980011,433.809998,430.920013,433.480011,408.495056,775300
2024-03-07,434.0,435.579987,429.480011,429.98999,405.206177,1085800
2024-03-08,428.5,432.980011,427.570007,432.899994,407.948456,763200
2024-03-11,434.309998,436.01001,432.600006,434.75,409.691833,951000
2024-03-12,432.920013,435.779999,432.350006,434.910004,409.84259,825100
2024-03-13,435.709991,437.790009,433.73999,434.600006,409.550507,987100
2024-03-14,436.359985,437.609985,433.299988,435.769989,410.653046,1153600
2024-03-15,433.149994,438.209991,433.149994,435.820007,410.700195,5151300
2024-03-18,435.820007,436.089996,431.679993,433.200012,408.231201,965300
2024-03-19,435.25,437.290009,433.980011,437.190002,411.991241,898700
2024-03-20,437.029999,440.959991,436.559998,440.410004,415.025604,845000
2024-03-21,441.359985,443.890015,439.329987,443.160004,417.617096,912100
2024-03-22,444.5,446.25,443.670013,445.880005,420.180359,1008300
2024-03-25,447.859985,448.549988,444.809998,446.309998,420.585541,775000
2024-03-26,446.5,448.619995,445.859985,445.98999,420.283997,766700
2024-03-27,447.880005,457.109985,447.859985,456.779999,430.452087,1277700
2024-03-28,456.799988,457.109985,453.950012,454.869995,428.652161,1119500
2024-04-01,454.140015,455.359985,451.220001,452.790009,426.692017,717100
2024-04-02,453.630005,455.690002,452.559998,453.23999,427.116089,837900
2024-04-03,452.920013,454.149994,447.589996,447.899994,422.083893,758600
2024-04-04,450.26001,455.980011,447.149994,454.040009,427.869965,1398300
2024-04-05,452.410004,455.570007,449.850006,455.380005,429.132751,892100
2024-04-08,456.0,457.0,452.269989,452.380005,426.305664,751100
2024-04-09,448.690002,452.059998,446.179993,447.570007,421.772919,842800
2024-04-10,444.690002,452.609985,442.839996,451.709991,425.674347,1247700
2024-04-11,451.5,453.75,448.950012,452.320007,426.249146,942800
2024-04-12,454.109985,457.980011,450.109985,450.399994,424.439789,1251200
2024-04-15,458.98999,459.299988,451.630005,453.079987,426.965332,2442100
2024-04-16,454.709991,458.850006,453.630005,454.309998,428.12439,1452300
2024-04-17,456.709991,457.23999,451.730011,456.049988,429.76416,848300
2024-04-18,454.839996,458.049988,454.269989,456.089996,429.801849,714900
2024-04-19,457.799988,465.359985,457.279999,463.869995,437.133423,1388000
2024-04-22,465.230011,469.540009,460.410004,461.329987,434.739777,1820900
2024-04-23,466.109985,473.540009,457.660004,460.079987,433.561829,1789500
2024-04-24,462.700012,463.690002,456.059998,459.140015,432.676086,1018900
2024-04-25,457.950012,465.600006,457.529999,464.779999,437.990967,927700
2024-04-26,463.899994,466.0,459.170013,461.290009,434.702148,858000
2024-04-29,461.98999,467.649994,461.959991,467.549988,440.601288,951500
2024-04-30,467.079987,467.980011,463.619995,464.929993,438.132294,711800
2024-05-01,462.609985,465.399994,460.559998,461.730011,435.11676,994700
2024-05-02,461.100006,463.600006,459.0,463.200012,436.502045,1011400
2024-05-03,462.929993,462.929993,457.170013,461.910004,435.286377,910700
2024-05-06,463.160004,463.5,460.179993,462.779999,436.106262,796300
2024-05-07,464.0,466.809998,463.160004,466.679993,439.781403,723400
2024-05-08,467.5,468.0,463.779999,466.160004,439.291412,599000
2024-05-09,466.079987,468.76001,465.209991,468.390015,441.392914,594800
2024-05-10,469.0,470.619995,467.980011,468.880005,441.854614,482500
2024-05-13,469.880005,472.350006,469.5,470.559998,443.437836,634300
2024-05-14,471.109985,471.109985,466.799988,467.179993,440.252594,565500
2024-05-15,466.279999,467.399994,463.51001,464.079987,437.331299,803900
2024-05-16,463.600006,468.320007,453.0,464.829987,438.038055,1130800
2024-05-17,465.839996,467.0,463.149994,466.200012,439.329102,677200
2024-05-20,467.769989,468.769989,464.920013,467.079987,440.158386,735200
2024-05-21,468.0,469.119995,466.839996,468.309998,441.317505,558900
2024-05-22,467.470001,469.899994,466.779999,469.709991,442.63681,548700
2024-05-23,468.089996,469.679993,466.230011,467.079987,440.158386,867000
2024-05-24,467.670013,468.660004,465.470001,467.350006,440.412811,513700
2024-05-28,465.609985,466.0,457.25,458.480011,432.054047,1150400
2024-05-29,455.980011,456.0,451.799988,452.720001,426.626099,1268000
2024-05-30,455.0,462.940002,455.0,460.940002,434.372314,1173600
2024-05-31,460.899994,470.359985,459.48999,470.339996,443.23053,1651600
2024-06-03,466.0,470.519989,465.01001,467.600006,443.619507,990100
2024-06-04,467.51001,470.160004,466.160004,468.890015,444.843323,845800
2024-06-05,468.420013,468.850006,463.619995,465.230011,441.371033,915300
2024-06-06,465.230011,469.790009,464.350006,468.619995,444.587158,768100
2024-06-07,468.809998,475.290009,468.619995,470.130005,446.019745,1042800
2024-06-10,470.75,470.75,465.76001,467.459991,443.486633,900400
2024-06-11,465.679993,466.579987,462.579987,462.799988,439.065582,908300
2024-06-12,462.299988,463.230011,457.670013,459.109985,435.564819,1026400
2024-06-13,458.640015,459.75,456.01001,458.559998,435.043121,742000
2024-06-14,456.5,458.559998,454.440002,458.339996,434.834351,702800
2024-06-17,457.75,459.190002,456.309998,459.01001,435.470032,669700
2024-06-18,459.799988,460.700012,457.390015,460.0,436.409241,657900
2024-06-20,460.0,467.48999,459.160004,466.339996,442.424103,1041400
2024-06-21,467.149994,469.799988,463.649994,467.600006,443.619507,3363500
2024-06-24,468.959991,475.690002,467.820007,471.51001,447.328949,1031500
2024-06-25,470.820007,471.619995,466.660004,468.070007,444.065338,711200
2024-06-26,467.0,468.100006,463.720001,466.98999,443.04071,932100
2024-06-27,468.880005,468.880005,465.309998,467.130005,443.173584,871000
2024-06-28,470.049988,471.75,464.869995,467.100006,443.145142,3472500
2024-07-01,470.769989,471.679993,464.76001,466.440002,442.518982,562500
2024-07-02,465.600006,466.670013,464.019989,465.700012,441.816956,502500
2024-07-03,465.48999,466.470001,464.130005,466.029999,442.129974,313300
2024-07-05,464.980011,465.0,459.690002,462.160004,438.458466,631400
2024-07-08,462.679993,464.570007,461.119995,461.76001,438.078979,447700
2024-07-09,461.700012,462.619995,459.76001,460.299988,436.693848,537100
2024-07-10,460.369995,461.390015,457.25,461.01001,437.367462,656000
2024-07-11,459.920013,465.769989,456.109985,460.380005,436.769775,1132900
2024-07-12,462.359985,464.899994,459.529999,463.730011,439.947998,579400
2024-07-15,466.709991,467.25,462.779999,463.880005,440.09024,783000
2024-07-16,463.75,469.190002,463.75,468.579987,444.549194,736400
2024-07-17,470.0,476.779999,469.700012,476.070007,451.655121,1123100
2024-07-18,474.5,480.859985,473.019989,476.0,451.588715,981100
2024-07-19,479.540009,479.540009,472.809998,474.920013,450.564056,889400
2024-07-22,475.0,476.130005,472.850006,474.589996,450.250916,881600
2024-07-23,488.839996,501.769989,482.859985,501.290009,475.581665,2579100
2024-07-24,505.0,519.590027,501.410004,515.200012,488.77829,2580100
2024-07-25,515.0,526.690002,512.869995,521.400024,494.6604,1923900
2024-07-26,522.289978,528.640015,520.01001,524.799988,497.885956,1141300
2024-07-29,523.0,529.460022,519.26001,527.640015,500.580414,961200
2024-07-30,527.950012,538.460022,525.030029,537.659973,510.086578,1234200
2024-07-31,543.0,547.0,538.179993,541.919983,514.128052,1481500
2024-08-01,544.039978,549.119995,540.690002,548.859985,520.712158,1271700
2024-08-02,551.119995,561.119995,541.390015,548.77002,520.62677,1484800
2024-08-05,553.159973,562.599976,538.23999,545.380005,517.410645,1683800
2024-08-06,545.97998,549.47998,541.140015,541.559998,513.786438,1033700
2024-08-07,539.869995,552.169983,536.73999,548.51001,520.380066,1306600
2024-08-08,545.51001,553.679993,543.690002,551.619995,523.330627,846300
2024-08-09,552.159973,553.609985,548.130005,551.580017,523.292664,825100
2024-08-12,551.070007,557.559998,550.400024,556.909973,528.349304,793700
2024-08-13,556.900024,559.690002,552.309998,559.419983,530.730591,793600
2024-08-14,558.080017,564.219971,557.0,563.219971,534.335632,796700
2024-08-15,561.799988,564.080017,558.830017,560.289978,531.555969,974600
2024-08-16,561.299988,562.419983,557.0,560.130005,531.404175,912000
2024-08-19,555.320007,562.76001,555.25,558.390015,529.753357,709700
2024-08-20,557.969971,558.900024,550.960022,557.01001,528.444153,972200
2024-08-21,558.380005,559.98999,553.309998,553.76001,525.360901,883100
2024-08-22,554.179993,558.179993,553.27002,557.030029,528.463074,774500
2024-08-23,558.0,558.869995,552.780029,555.01001,526.546692,870400
2024-08-26,556.109985,560.140015,556.109985,558.099976,529.478271,795400
2024-08-27,559.450012,562.190002,557.02002,560.409973,531.669678,749600
2024-08-28,562.200012,568.72998,561.780029,563.97998,535.056641,829300
2024-08-29,564.0,568.570007,563.0,566.849976,537.779541,662300
2024-08-30,564.969971,569.090027,562.549988,568.099976,538.965332,1082800
2024-09-03,567.330017,572.0,565.190002,567.219971,541.130981,1266900
2024-09-04,569.340027,578.72998,568.719971,574.780029,548.343262,941700
2024-09-05,575.200012,575.919983,564.409973,568.590027,542.437988,841000
2024-09-06,569.049988,572.109985,564.950012,566.630005,540.568115,976700
2024-09-09,567.51001,578.0,567.47998,576.570007,550.050903,810200
2024-09-10,577.559998,577.849976,570.419983,572.190002,545.872375,756400
2024-09-11,571.200012,572.409973,561.070007,566.960022,540.882996,809200
2024-09-12,565.0,568.969971,563.900024,568.27002,542.132751,739400
2024-09-13,567.0,572.460022,564.530029,569.909973,543.697266,638800
2024-09-16,574.409973,577.0,568.98999,572.919983,546.568848,597700
2024-09-17,566.659973,568.109985,563.599976,567.01001,540.930664,739900
2024-09-18,566.320007,569.539978,562.280029,565.48999,539.480469,731700
2024-09-19,566.469971,567.530029,562.159973,565.179993,539.184875,917500
2024-09-20,563.080017,573.5,562.940002,571.919983,545.614868,3794400
2024-09-23,571.5,581.75,570.820007,580.51001,553.809753,884500
2024-09-24,578.929993,581.159973,576.150024,578.630005,552.016174,690100
2024-09-25,581.559998,583.75,576.859985,577.940002,551.357971,844500
2024-09-26,575.0,582.530029,574.440002,577.400024,550.842773,746200
2024-09-27,577.650024,584.070007,575.330017,582.359985,555.574585,848100
2024-09-30,584.140015,584.950012,579.210022,584.559998,557.673401,974900
2024-10-01,586.119995,611.48999,581.909973,605.859985,577.993835,2356200
2024-10-02,604.940002,610.0,601.419983,603.200012,575.456055,1192500
2024-10-03,604.440002,609.0,601.0,605.820007,577.955627,856600
2024-10-04,603.659973,606.289978,599.320007,605.130005,577.297363,559800
2024-10-07,607.0,611.590027,604.0,605.539978,577.688416,1102200
2024-10-08,607.219971,610.75,603.090027,608.049988,580.083008,571800
2024-10-09,606.710022,607.140015,603.02002,605.109985,577.278198,543800
2024-10-10,606.109985,607.289978,596.219971,597.48999,570.008728,853700
2024-10-11,600.580017,604.549988,600.090027,604.169983,576.38147,526000
2024-10-14,606.0,611.98999,603.780029,610.869995,582.773315,562300
2024-10-15,612.5,614.619995,603.719971,605.0,577.17334,849600
2024-10-16,603.0,613.01001,602.619995,612.830017,584.643127,549200
2024-10-17,612.830017,614.47998,607.23999,609.619995,581.580811,617500
2024-10-18,611.390015,613.369995,608.48999,611.809998,583.670105,864100
2024-10-21,615.640015,618.950012,611.359985,614.609985,586.341248,1017500
2024-10-22,606.900024,608.340027,574.0,576.97998,550.442139,2259200
2024-10-23,577.02002,582.179993,571.0,571.099976,544.832581,1402200
2024-10-24,570.72998,573.929993,564.179993,564.210022,538.259399,1102800
2024-10-25,566.700012,569.97998,561.099976,562.289978,536.427795,1077600
2024-10-28,563.0,563.159973,554.5,555.169983,529.635254,1278700
2024-10-29,552.799988,553.400024,546.409973,546.799988,521.650146,1041700
2024-10-30,546.900024,551.26001,543.200012,545.940002,520.829712,1005200
2024-10-31,547.039978,551.679993,542.669983,546.049988,520.934692,1245300
2024-11-01,548.0,549.330017,544.619995,545.349976,520.266785,792600
2024-11-04,545.700012,548.809998,540.409973,543.099976,518.1203,827600
2024-11-05,545.0,547.169983,542.0,546.75,521.602417,610100
2024-11-06,561.400024,561.400024,540.0,551.820007,526.439331,1751300
2024-11-07,555.0,557.0,549.669983,551.840027,526.458374,818200
2024-11-08,555.469971,566.809998,554.719971,564.559998,538.593323,1165700
2024-11-11,570.219971,576.150024,569.799988,570.580017,544.336365,1171400
2024-11-12,574.320007,576.429993,564.799988,565.960022,539.928955,1133500
2024-11-13,564.0,565.0,556.330017,557.72998,532.077454,1118300
2024-11-14,561.349976,561.349976,533.789978,538.98999,514.199402,1972700
2024-11-15,537.869995,542.539978,531.419983,534.830017,510.230682,1757100
2024-11-18,536.400024,537.97998,528.73999,530.960022,506.538757,1298400
2024-11-19,537.080017,539.320007,531.210022,533.26001,508.732971,935700
2024-11-20,534.179993,535.22998,529.200012,534.72998,510.135345,994300
2024-11-21,535.140015,544.679993,533.719971,542.01001,517.080505,1321700
2024-11-22,545.0,546.0,539.919983,542.219971,517.280823,1311000
2024-11-25,532.97998,534.159973,514.900024,521.890015,497.885986,3613500
2024-11-26,519.390015,524.059998,519.390015,521.450012,497.466187,1345800
2024-11-27,523.539978,529.98999,523.169983,525.75,501.568359,890400
2024-11-29,527.77002,529.47998,524.590027,529.409973,505.059998,658200
2024-12-02,525.25,526.789978,519.299988,520.340027,499.520935,1115600
2024-12-03,520.140015,521.5,516.25,517.0,496.314514,1188400
2024-12-04,516.130005,519.830017,513.140015,517.5,496.794556,1542800
2024-12-05,517.419983,520.559998,514.01001,517.47998,496.775299,1113400
2024-12-06,515.719971,517.440002,509.600006,513.030029,492.503418,1284700
2024-12-09,511.190002,516.359985,508.549988,510.01001,489.604218,1170500
2024-12-10,509.160004,514.609985,508.100006,512.940002,492.416931,1178900
2024-12-11,513.799988,514.0,503.309998,504.23999,484.065033,1308000
2024-12-12,500.0,501.100006,488.709991,496.579987,476.711517,1862800
2024-12-13,495.570007,499.220001,492.179993,494.649994,474.858765,990100
2024-12-16,494.799988,494.799988,490.149994,491.649994,471.97879,1483700
2024-12-17,489.059998,493.0,487.76001,490.609985,470.980408,1354500
2024-12-18,489.5,490.23999,482.410004,482.940002,463.617249,1424400
2024-12-19,480.0,484.0,477.309998,479.660004,460.468506,1250400
2024-12-20,479.450012,489.019989,477.769989,489.019989,469.45401,3973500
2024-12-23,487.429993,488.850006,481.829987,486.48999,467.025238,1053900
2024-12-24,486.059998,488.730011,484.01001,488.130005,468.599609,375900
2024-12-26,488.0,493.470001,486.269989,489.980011,470.37561,662100
2024-12-27,488.380005,493.399994,486.380005,488.970001,469.406036,820600
2024-12-30,486.0,486.549988,481.850006,483.369995,464.03006,887600
2024-12-31,484.380005,486.529999,482.0,485.940002,466.497253,731900
2025-01-02,485.940002,489.720001,481.420013,482.25,462.954895,953700
2025-01-03,481.420013,483.920013,480.910004,481.820007,462.542084,817200
2025-01-06,478.75,480.0,465.859985,466.0,447.355072,1698600
2025-01-07,465.720001,473.420013,462.940002,463.959991,445.396667,1276600
2025-01-08,463.5,469.220001,461.23999,468.850006,450.091034,998700
2025-01-10,468.0,471.589996,465.730011,468.049988,449.322998,1127400
2025-01-13,469.0,484.820007,468.799988,483.160004,463.828491,1435200
2025-01-14,485.0,485.200012,477.970001,484.459991,465.076477,1162000
2025-01-15,487.76001,487.76001,480.369995,483.970001,464.606079,882200
2025-01-16,481.799988,487.0,481.5,486.859985,467.380432,956400
2025-01-17,487.540009,492.049988,484.190002,490.320007,470.701996,1337600
2025-01-21,495.0,509.549988,494.720001,506.290009,486.033051,1615900
2025-01-22,503.23999,505.529999,495.179993,499.339996,479.361115,1324800
2025-01-23,503.519989,506.0,493.980011,497.279999,477.383514,913000
2025-01-24,495.0,497.290009,494.600006,496.959991,477.076324,759400
2025-01-27,500.089996,507.109985,496.779999,503.690002,483.537048,1948600
2025-01-28,473.700012,479.730011,457.269989,457.450012,439.147217,4023900
2025-01-29,460.0,462.48999,449.399994,454.359985,436.180756,2396800
2025-01-30,456.579987,459.890015,451.320007,459.649994,441.259094,1911800
2025-01-31,460.0,464.230011,457.149994,462.950012,444.427124,1473800
2025-02-03,458.799988,461.329987,453.579987,455.420013,437.198425,1476300
2025-02-04,454.0,455.410004,451.26001,453.679993,435.527985,1234200
2025-02-05,457.0,457.100006,448.769989,449.869995,431.870422,1139700
2025-02-06,450.0,452.170013,444.630005,448.519989,430.574432,1291800
2025-02-07,449.899994,451.5,443.779999,444.390015,426.609711,1347400
2025-02-10,444.799988,448.940002,440.709991,448.220001,430.286469,1427800
2025-02-11,447.899994,451.799988,445.0,449.359985,431.380829,906100
2025-02-12,447.26001,449.140015,441.049988,441.970001,424.28653,1282800
2025-02-13,442.5,445.299988,432.01001,434.720001,417.326599,2400000
2025-02-14,433.549988,435.160004,419.700012,423.190002,406.257904,3252800
2025-02-18,429.690002,432.929993,423.5,428.540009,411.39386,2812500
2025-02-19,431.0,438.0,425.579987,432.950012,415.627441,2802100
2025-02-20,429.579987,438.0,429.309998,436.290009,418.833771,1358000
2025-02-21,436.390015,443.730011,435.670013,440.720001,423.086517,1652400
2025-02-24,442.0,448.279999,438.540009,440.269989,422.65448,1946200
2025-02-25,441.75,451.670013,441.0,448.459991,430.516846,1715500
2025-02-26,445.829987,448.0,439.339996,441.5,423.835327,1466900
2025-02-27,442.190002,447.079987,441.450012,446.459991,428.596832,1458100
2025-02-28,447.0,450.799988,445.029999,450.369995,432.350403,1433600
2025-03-03,452.869995,454.429993,448.829987,451.940002,437.060089,1579400
2025-03-04,450.779999,463.73999,448.48999,448.820007,434.042847,2268700
2025-03-05,451.130005,463.480011,449.369995,460.420013,445.260895,2060100
2025-03-06,461.320007,463.5,453.410004,461.5,446.305328,1395800
2025-03-07,458.0,477.48999,458.0,473.649994,458.055298,2168700
2025-03-10,475.459991,494.200012,473.700012,479.170013,463.393585,2284400
2025-03-11,476.709991,478.649994,466.540009,468.880005,453.442352,1456900
2025-03-12,465.140015,466.820007,456.0,461.5,446.305328,1271500
2025-03-13,460.049988,468.529999,459.859985,467.929993,452.523621,1159200
2025-03-14,465.920013,469.0,461.959991,466.170013,450.821594,972400
2025-03-17,463.839996,472.269989,462.829987,467.609985,452.214172,1051600
2025-03-18,468.119995,471.630005,465.390015,469.279999,453.829193,881600
2025-03-19,471.230011,475.690002,466.769989,470.549988,455.057373,1122700
2025-03-20,469.160004,469.899994,464.209991,466.73999,451.372772,922000
2025-03-21,478.089996,481.5,432.51001,439.700012,425.223083,7141700
2025-03-24,425.630005,435.769989,424.299988,434.980011,420.658447,3015400
2025-03-25,436.769989,444.01001,433.0,442.070007,427.515076,1600200
2025-03-26,444.279999,451.200012,443.0,445.170013,430.513031,1349700
2025-03-27,446.029999,448.140015,440.220001,442.279999,427.71814,1559300
2025-03-28,442.230011,445.76001,439.559998,441.48999,426.954132,1595700
2025-03-31,441.570007,451.059998,440.73999,446.709991,432.002289,1690000
2025-04-01,448.0,451.25,444.480011,448.640015,433.868713,1042400
2025-04-02,446.220001,455.920013,445.01001,452.869995,437.959473,1270300
2025-04-03,453.51001,461.880005,450.799988,454.779999,439.80661,1813800
2025-04-04,450.0,454.929993,432.130005,432.149994,417.921631,2392700
2025-04-07,422.200012,438.910004,418.880005,430.820007,416.635437,1968100
2025-04-08,448.440002,451.390015,437.429993,443.359985,428.762543,2151500
2025-04-09,439.25,468.329987,435.380005,462.23999,447.020966,2291600
2025-04-10,460.0,469.100006,450.380005,463.700012,448.432922,1832600
2025-04-11,464.329987,478.179993,460.320007,474.899994,459.26416,1452300
2025-04-14,472.799988,478.75,467.589996,475.339996,459.689667,1079600
2025-04-15,474.269989,475.339996,468.0,469.579987,454.119293,1224300
2025-04-16,477.329987,482.820007,474.529999,477.079987,461.372345,1529700
2025-04-17,461.640015,469.670013,448.390015,464.079987,448.800354,3052800
2025-04-21,459.26001,463.230011,452.790009,458.329987,443.239716,1532900
2025-04-22,458.049988,470.769989,442.350006,462.079987,446.866211,2878000
2025-04-23,467.0,471.390015,457.649994,463.549988,448.287811,1352700
2025-04-24,465.769989,467.589996,460.160004,466.809998,451.440491,1105000
2025-04-25,469.98999,478.459991,467.899994,477.640015,461.913971,1521700
2025-04-28,479.309998,483.790009,474.290009,476.290009,460.608429,1159700
2025-04-29,475.980011,479.299988,473.350006,475.880005,460.211853,897100
2025-04-30,478.269989,478.609985,471.130005,477.75,462.020325,1095000
2025-05-01,476.0,479.450012,473.0,477.720001,461.991302,986400
2025-05-02,484.75,491.070007,467.51001,472.799988,457.233276,2090500
2025-05-05,474.0,474.48999,469.339996,471.559998,456.034119,1150200
2025-05-06,469.769989,471.160004,463.459991,468.209991,452.794434,1135400
2025-05-07,468.399994,474.899994,467.059998,471.320007,455.802002,1204400
2025-05-08,473.0,479.0,471.730011,474.529999,458.906311,1093100
2025-05-09,475.269989,476.630005,468.079987,473.519989,457.929565,978800
2025-05-12,473.5,475.690002,465.779999,473.160004,457.581451,1364500
2025-05-13,472.809998,472.809998,459.140015,459.829987,444.690308,1859400
2025-05-14,460.839996,461.799988,445.059998,449.179993,434.390961,2129700
2025-05-15,458.970001,465.410004,455.029999,465.140015,449.8255,1758700
2025-05-16,466.209991,468.48999,462.660004,468.320007,452.900787,1319200
2025-05-19,469.410004,474.440002,467.779999,473.059998,457.484711,1199700
2025-05-20,471.230011,477.100006,470.890015,475.820007,460.15387,1058500
2025-05-21,480.839996,480.929993,470.049988,470.279999,454.796295,1435100
2025-05-22,468.790009,472.869995,467.119995,470.450012,454.960663,885000
2025-05-23,467.959991,469.549988,465.559998,468.880005,453.442352,866700
2025-05-27,470.799988,476.850006,468.660004,476.850006,461.149933,1548000
2025-05-28,477.540009,478.980011,469.0,469.980011,454.506134,956500
2025-05-29,467.929993,474.559998,465.320007,473.690002,458.093964,851000
2025-05-30,473.670013,482.380005,471.059998,482.380005,466.497833,2196300
2025-06-02,478.26001,479.730011,474.0,478.820007,466.24469,1154200
2025-06-03,479.0,481.130005,476.540009,480.170013,467.559235,1032300
2025-06-04,481.98999,486.859985,481.690002,482.209991,469.545654,1273700
2025-06-05,484.369995,485.130005,471.75,478.029999,465.475464,1063100
2025-06-06,477.809998,481.959991,476.970001,481.690002,469.039337,714400
2025-06-09,480.279999,482.839996,476.619995,480.829987,468.201904,1064100
2025-06-10,480.0,481.649994,475.640015,476.899994,464.375122,1150400
2025-06-11,464.149994,464.149994,443.410004,456.600006,444.608246,3618200
2025-06-12,457.309998,469.269989,456.5,469.269989,456.945496,1700600
2025-06-13,478.970001,488.299988,473.350006,486.450012,473.674316,2729700
2025-06-16,482.01001,482.730011,464.519989,467.059998,454.793549,2766600
2025-06-17,470.76001,481.579987,467.5,479.339996,466.751038,2191200
2025-06-18,478.450012,482.359985,467.959991,468.600006,456.293121,1871200
2025-06-20,469.0,474.309998,461.109985,470.559998,458.201599,2419400
2025-06-23,472.929993,482.369995,468.529999,472.459991,460.051697,2666400
2025-06-24,467.850006,468.700012,457.679993,460.200012,448.113708,1970200
2025-06-25,464.209991,464.880005,456.5,458.390015,446.351257,1265500
2025-06-26,459.309998,464.070007,456.640015,457.899994,445.874115,1590100
2025-06-27,455.640015,459.179993,451.459991,458.589996,446.545959,1996400
2025-06-30,459.450012,463.820007,457.880005,463.140015,450.976532,1205600
2025-07-01,463.0,469.440002,460.0,465.940002,453.702972,1242800
2025-07-02,466.0,466.929993,458.609985,462.549988,450.401978,1127300
2025-07-03,463.709991,465.350006,460.970001,462.519989,450.372772,707900
2025-07-07,464.5,470.549988,461.369995,469.059998,456.741058,1224100
2025-07-08,464.200012,466.619995,460.649994,463.01001,450.849915,1243000
2025-07-09,465.380005,465.98999,460.209991,463.059998,450.89859,892700
2025-07-10,458.679993,466.480011,456.0,464.309998,452.115753,1253300
2025-07-11,464.75,468.209991,461.820007,467.51001,455.23172,1209200
2025-07-14,470.0,474.76001,468.0,473.570007,461.132599,1488000
2025-07-15,473.290009,473.940002,468.51001,470.119995,457.773163,1039500
2025-07-16,469.670013,472.600006,466.410004,471.470001,459.087738,935000
2025-07-17,470.5,474.399994,467.709991,469.200012,456.87735,926200
2025-07-18,469.220001,471.209991,460.970001,463.959991,451.774963,1845300
2025-07-21,464.640015,467.359985,460.529999,460.529999,448.435028,1577800
2025-07-22,422.75,437.450012,410.109985,410.73999,399.952667,8886500
2025-07-23,413.76001,423.369995,411.0,419.390015,408.375519,4578600
2025-07-24,421.0,426.880005,420.130005,420.549988,409.505035,3083900
2025-07-25,421.540009,425.670013,418.51001,421.170013,410.108765,2461800
2025-07-28,425.899994,428.859985,421.170013,421.339996,410.274292,2423700
2025-07-29,422.73999,423.649994,417.350006,420.130005,409.096069,2428800
2025-07-30,420.130005,422.799988,417.149994,418.679993,407.684143,1632100
2025-07-31,417.130005,422.579987,412.549988,420.980011,409.923767,2178000
2025-08-01,420.76001,423.959991,417.0,421.01001,409.952972,2006300
2025-08-04,420.0,424.600006,419.0,423.700012,412.572327,1548200
2025-08-05,423.329987,430.070007,421.859985,428.23999,416.993073,1643900
2025-08-06,427.769989,436.619995,427.660004,434.850006,423.429474,2032300
2025-08-07,430.429993,434.850006,428.049988,430.75,419.437164,1490000
2025-08-08,431.190002,433.589996,423.910004,425.630005,414.45163,1477600
2025-08-11,426.0,427.820007,424.119995,426.26001,415.065094,1462100
2025-08-12,425.920013,431.589996,425.0,431.559998,420.225891,1492100
2025-08-13,432.519989,443.450012,431.420013,442.570007,430.946716,1890600
2025-08-14,436.040009,443.899994,434.839996,437.320007,425.834625,1733600
2025-08-15,437.839996,441.429993,436.459991,437.559998,426.068298,1501700
2025-08-18,440.549988,443.769989,439.119995,440.640015,429.067413,1154400
2025-08-19,439.859985,444.5,438.600006,441.100006,429.51535,1248100
2025-08-20,440.140015,447.079987,440.140015,446.0,434.286652,1282800
2025-08-21,444.98999,448.48999,444.700012,447.200012,435.455139,1026000
2025-08-22,449.98999,452.559998,444.859985,446.200012,434.481415,1890300
2025-08-25,447.070007,448.75,445.100006,447.720001,435.961456,985200
2025-08-26,450.519989,456.369995,447.0,455.459991,443.498169,2051500
2025-08-27,456.869995,459.470001,454.0,454.470001,442.53418,1293900
2025-08-28,453.869995,456.549988,450.359985,456.179993,444.19928,1385800
2025-08-29,457.519989,459.899994,454.880005,455.630005,443.663727,1373200
2025-09-02,453.799988,455.769989,447.589996,452.5,443.830475,1645600
2025-09-03,451.070007,452.0,446.690002,449.059998,440.45639,1541800
2025-09-04,450.959991,457.170013,449.5,456.850006,448.097137,1449200
2025-09-05,456.769989,463.980011,456.769989,463.899994,455.012054,1465200
2025-09-08,462.929993,462.929993,452.769989,459.109985,450.313843,1477600
2025-09-09,457.609985,457.869995,452.420013,457.059998,448.303131,1008400
2025-09-10,456.209991,464.380005,455.709991,463.869995,454.982635,1076900
2025-09-11,463.850006,472.399994,462.98999,470.730011,461.711212,1623700
2025-09-12,468.929993,472.980011,467.170013,471.309998,462.28009,1041100
2025-09-15,471.470001,474.290009,468.98999,473.25,464.182922,1148300
2025-09-16,473.589996,478.440002,471.670013,474.320007,465.232422,1156900
2025-09-17,474.929993,477.190002,472.640015,473.119995,464.05542,1016500
2025-09-18,471.119995,474.359985,467.98999,473.619995,464.545837,1107700
2025-09-19,474.230011,477.0,471.380005,472.940002,463.878876,2839100
2025-09-22,473.670013,482.070007,473.01001,480.390015,471.186127,1409800
2025-09-23,480.899994,486.779999,479.339996,486.670013,477.345825,1135500
2025-09-24,487.149994,495.23999,485.51001,486.25,476.933868,1424200
2025-09-25,489.579987,490.73999,484.059998,484.339996,475.060455,1205700
2025-09-26,487.910004,490.75,484.570007,487.440002,478.101074,913900
2025-09-29,497.0,498.98999,489.220001,491.980011,482.554077,1391100
2025-09-30,492.579987,499.890015,491.140015,499.209991,489.645569,1312700
2025-10-01,496.170013,504.070007,495.0,499.0,489.439575,1187000
2025-10-02,499.23999,503.600006,497.01001,499.359985,489.792664,915500
2025-10-03,499.420013,506.809998,499.25,504.48999,494.824371,1006500
2025-10-06,506.630005,515.429993,506.630005,514.23999,504.387573,1389700
2025-10-07,514.200012,515.97998,509.140015,511.070007,501.278351,922400
2025-10-08,515.25,516.0,511.220001,514.02002,504.171844,798400
2025-10-09,513.890015,515.190002,503.809998,507.76001,498.031738,1186000
2025-10-10,508.829987,513.450012,500.540009,505.049988,495.373657,1313800
2025-10-13,502.299988,507.429993,500.0,503.829987,494.177032,926700
2025-10-14,501.25,507.0,499.0,505.179993,495.50119,1078000
2025-10-15,503.0,505.0,485.480011,499.410004,489.841736,1678500
2025-10-16,500.73999,501.309998,492.0,493.25,483.799744,1099700
2025-10-17,490.480011,496.679993,488.100006,495.149994,485.66333,1915500
2025-10-20,496.429993,505.899994,496.429993,505.899994,496.207367,1433300
2025-10-21,482.709991,506.600006,482.709991,489.5,480.121582,2870000
2025-10-22,491.470001,492.410004,482.540009,487.140015,477.806824,1725700
2025-10-23,488.119995,493.980011,486.519989,488.049988,478.699371,1445700
2025-10-24,490.279999,491.820007,484.079987,485.410004,476.109955,1368400
2025-10-27,484.079987,487.309998,479.869995,486.910004,477.581207,1423200
2025-10-28,486.369995,489.399994,483.619995,485.769989,476.463043,1220600
2025-10-29,485.0,488.820007,483.670013,485.329987,476.031494,971500
2025-10-30,485.570007,494.459991,485.5,489.720001,480.337372,1081000
2025-10-31,489.0,493.609985,486.049988,491.880005,482.455994,1185000
2025-11-03,491.0,491.51001,484.75,487.940002,478.591492,846600
2025-11-04,484.459991,488.5,481.0,484.980011,475.688202,1169300
2025-11-05,483.019989,485.850006,473.140015,473.140015,464.075073,1708000
2025-11-06,473.109985,474.179993,466.109985,468.920013,459.935913,1093600
2025-11-07,468.899994,469.410004,456.200012,458.350006,449.56839,2514500
2025-11-10,456.0,457.100006,448.480011,452.100006,443.438141,1630100
2025-11-11,451.769989,461.769989,451.0,457.070007,448.312897,1322100
2025-11-12,456.140015,459.769989,455.220001,457.040009,448.283508,935400
2025-11-13,458.01001,460.910004,455.100006,455.850006,447.116302,819600
2025-11-14,455.850006,466.390015,454.0,465.769989,456.846252,1177300
2025-11-17,467.279999,471.600006,464.720001,470.779999,461.760254,1822400
2025-11-18,475.220001,485.0,471.200012,474.720001,465.624786,1242100
2025-11-19,472.0,472.420013,468.299988,469.910004,460.906921,861300
2025-11-20,473.880005,477.429993,465.019989,468.26001,459.288544,1044900
2025-11-21,468.600006,469.399994,459.959991,460.779999,451.951843,1575300
2025-11-24,459.429993,461.190002,450.059998,451.059998,442.418091,1411200
2025-11-25,451.059998,454.029999,448.480011,452.410004,443.742218,1615900
2025-11-26,453.299988,457.26001,452.980011,454.160004,445.458679,1299800
2025-11-28,454.540009,457.859985,452.609985,457.859985,449.087799,748000
2025-12-01,453.279999,454.089996,438.5,439.190002,434.046051,1659200
2025-12-02,440.980011,442.75,437.25,441.820007,436.645233,1535600
2025-12-03,443.410004,448.470001,439.049988,446.799988,441.566925,1751500
2025-12-04,448.179993,449.529999,445.429993,448.350006,443.098755,1283700
2025-12-05,447.779999,452.820007,446.410004,452.200012,446.903687,1290500
2025-12-08,453.5,465.559998,451.480011,465.380005,459.929321,1390700
2025-12-09,466.279999,472.809998,465.0,466.890015,461.421631,1102300
2025-12-10,465.209991,473.079987,455.880005,467.940002,462.45932,2313600
2025-12-11,470.290009,479.700012,470.290009,474.880005,469.318054,1294000
2025-12-12,475.660004,480.839996,470.790009,480.25,474.625122,1384300
2025-12-15,478.98999,484.769989,477.23999,484.420013,478.746307,1002300
2025-12-16,479.609985,479.790009,473.859985,477.059998,471.472473,1262400
2025-12-17,471.0,476.890015,462.25,474.790009,469.229095,1989200
2025-12-18,472.410004,476.200012,469.0,470.140015,464.633575,1363900
2025-12-19,466.339996,475.720001,464.880005,474.130005,468.576843,2826500
2025-12-22,474.959991,485.019989,474.959991,483.570007,477.90625,1120600
2025-12-23,484.0,484.950012,481.0,482.549988,476.898193,864000
2025-12-24,485.0,491.179993,484.450012,485.75,480.060699,581600
2025-12-26,485.200012,487.059998,481.179993,483.029999,477.372589,605700
2025-12-29,483.829987,489.429993,483.290009,488.869995,483.144165,933400
2025-12-30,489.339996,491.700012,487.940002,488.0,482.284363,996400
2025-12-31,489.0,489.679993,483.519989,483.670013,478.005096,669900
2026-01-02,483.25,497.160004,476.540009,497.070007,491.248138,1126100
2026-01-05,503.929993,515.880005,503.0,511.570007,505.578308,1982600
2026-01-06,517.059998,538.72998,517.059998,522.039978,515.925659,2813100
2026-01-07,525.309998,532.380005,496.0,496.869995,491.050476,4084900
2026-01-08,531.890015,542.869995,513.01001,518.440002,512.367798,4108800
2026-01-09,525.880005,546.070007,525.880005,542.919983,536.561096,2647700
2026-01-12,548.960022,554.27002,540.309998,551.23999,544.783691,2970000
2026-01-13,560.02002,563.299988,550.840027,558.299988,551.760986,2013000
2026-01-14,556.98999,578.039978,556.119995,572.700012,565.992371,2643100
2026-01-15,568.659973,579.599976,559.72998,577.890015,571.121582,1763400
2026-01-16,578.210022,582.929993,577.419983,582.429993,575.608337,2375700
2026-01-20,580.0,586.849976,573.390015,576.059998,569.312988,1521900
2026-01-21,576.059998,588.969971,576.059998,586.22998,579.363892,1817700
2026-01-22,585.179993,595.950012,582.5,593.909973,586.953857,1493600
2026-01-23,594.640015,596.22998,586.01001,590.820007,583.900085,1271700
2026-01-26,590.0,590.400024,575.630005,581.659973,574.847351,1460500
2026-01-27,580.0,595.869995,573.820007,594.950012,587.98175,1710700
2026-01-28,592.900024,599.320007,583.0,597.27002,590.274536,1324000
2026-01-29,609.23999,645.669983,607.559998,622.51001,615.218933,3931900
2026-01-30,621.0,641.190002,615.51001,634.219971,626.791748,2099600
2026-02-02,620.0,640.97998,615.179993,636.0,628.550964,1967800
2026-02-03,640.0,646.590027,618.450012,628.26001,620.901611,2300700
2026-02-04,630.820007,632.049988,596.22998,602.76001,595.700256,2654800
2026-02-05,602.72998,614.0,595.0,609.179993,602.045044,1684400
2026-02-06,614.590027,624.090027,611.200012,623.580017,616.276367,1095800
2026-02-09,625.280029,638.969971,625.01001,638.289978,630.814087,1589800
2026-02-10,637.469971,638.289978,626.51001,629.559998,622.18634,1211600
2026-02-11,631.22998,633.590027,621.679993,628.700012,621.336487,1024600
2026-02-12,630.0,644.25,630.0,637.429993,629.964172,1745600
2026-02-13,639.0,656.340027,639.0,652.580017,644.936768,1490800
2026-02-17,653.0,656.219971,642.0,649.580017,641.971863,1169600
2026-02-18,657.169983,660.549988,647.190002,649.809998,642.199219,1350300
2026-02-19,656.5,669.75,655.5,666.51001,658.703613,1370300
2026-02-20,666.77002,668.25,648.409973,658.26001,650.550232,1447700
2026-02-23,655.619995,663.27002,653.690002,660.619995,652.882568,1196100
2026-02-24,658.289978,669.099976,652.570007,664.429993,656.647949,1361500
2026-02-25,662.440002,663.549988,634.039978,647.5,639.91626,1664400
2026-02-26,646.460022,647.5,638.030029,641.630005,634.11499,1269200
2026-02-27,648.090027,662.469971,647.099976,658.080017,650.372314,2599900
2026-03-02,685.5,692.0,664.01001,676.700012,672.298767,3246500
2026-03-03,682.0,686.469971,657.559998,667.820007,663.476562,2142100
2026-03-04,670.0,671.0,652.539978,664.47998,660.158264,1650900
2026-03-05,662.099976,663.0,647.22998,655.0,650.739929,1720100
2026-03-06,661.650024,672.859985,656.400024,671.77002,667.400879,1895100
2026-03-09,675.580017,676.080017,657.349976,664.150024,659.830444,2369700
2026-03-10,657.950012,659.890015,646.200012,651.219971,646.984497,1653000
2026-03-11,645.320007,657.0,644.130005,649.469971,645.24585,1364000
2026-03-12,651.950012,661.0,646.630005,652.830017,648.584045,1411200
2026-03-13,652.669983,660.0,640.5,646.0,641.798462,1071300
2026-03-16,645.22998,651.549988,639.0,645.200012,641.003662,1181000
2026-03-17,644.960022,645.0,632.789978,636.330017,632.191345,1388800
2026-03-18,641.109985,645.849976,636.450012,642.280029,638.102661,1026200
2026-03-19,639.059998,640.0,623.75,637.51001,633.363708,1540800
2026-03-20,635.859985,638.51001,622.369995,627.429993,623.349243,6511300
2026-03-23,629.070007,629.659973,610.630005,616.25,612.241943,1386600
2026-03-24,612.950012,615.299988,605.0,610.169983,606.201477,1078200
2026-03-25,612.5,626.929993,612.419983,624.200012,620.140259,1190300
2026-03-26,619.799988,632.919983,619.799988,627.330017,623.249878,1262400
2026-03-27,625.700012,631.450012,613.659973,615.840027,611.834656,1061100
2026-03-30,621.030029,623.320007,593.880005,598.570007,594.676941,1849300
2026-03-31,604.5,610.0,598.700012,604.390015,600.459106,1327800
2026-04-01,608.820007,619.099976,606.109985,617.640015,613.622925,1118100
2026-04-02,616.700012,626.51001,616.01001,622.789978,618.73938,1116800
2026-04-06,623.109985,637.919983,621.369995,637.900024,633.75116,1128800
2026-04-07,635.599976,636.799988,625.820007,627.700012,623.617493,732100
2026-04-08,612.27002,630.669983,605.5,628.5,624.412292,1283400
2026-04-09,627.98999,636.880005,623.090027,623.869995,619.812378,911100
2026-04-10,619.280029,621.700012,607.159973,613.719971,609.728394,874000
2026-04-13,617.869995,622.51001,615.01001,619.690002,615.659546,678700
2026-04-14,617.0,617.0,609.059998,611.580017,607.602356,905700
2026-04-15,611.0,615.590027,607.340027,611.099976,607.125427,879300
2026-04-16,610.710022,613.0,601.409973,607.48999,603.53894,853500
2026-04-17,604.330017,609.380005,588.409973,592.190002,588.33844,1701600
2026-04-20,593.599976,598.0,578.22998,581.280029,577.49939,1722000
2026-04-21,580.289978,580.97998,568.840027,571.950012,568.230103,1603500
2026-04-22,575.880005,576.070007,550.190002,555.429993,551.817505,2289000
2026-04-23,533.909973,538.809998,522.26001,529.789978,526.344238,3212500
2026-04-24,525.0,526.799988,503.600006,513.450012,510.110565,3089200
2026-04-27,514.049988,527.659973,511.910004,513.349976,510.011169,2111400
2026-04-28,518.440002,518.679993,507.559998,512.289978,508.958069,1456100
2026-04-29,513.969971,516.0,501.950012,509.809998,506.494232,1619200
2026-04-30,511.079987,518.22998,507.899994,517.969971,514.601135,1588400
2026-05-01,517.950012,519.580017,512.119995,512.77002,509.434998,1403300
2026-05-04,513.409973,524.5,512.0,518.150024,514.780029,1370900
2026-05-05,520.0,520.0,507.48999,508.929993,505.619934,1365200
2026-05-06,508.950012,514.469971,500.309998,514.26001,510.915283,1590400
2026-05-07,515.030029,515.5,503.029999,512.409973,509.077301,2056300
2026-05-08,508.589996,512.0,504.5,506.51001,503.215698,1293800
2026-05-11,505.0,515.630005,502.450012,512.25,508.918365,1363600
2026-05-12,512.5,522.51001,512.5,521.0,517.61145,1163000
2026-05-13,517.469971,520.869995,510.790009,519.940002,516.55835,824600
2026-05-14,520.73999,521.429993,515.25,520.409973,517.025269,856600
2026-05-15,521.359985,524.929993,514.72998,516.01001,512.653931,1299200
2026-05-18,517.809998,528.390015,512.76001,528.309998,524.873901,1382800
2026-05-19,527.51001,530.26001,523.47998,526.630005,523.204834,1107600
2026-05-20,526.630005,526.849976,517.0,522.590027,519.191162,1018900
2026-05-21,523.23999,529.47998,517.02002,522.789978,519.389771,1639700
2026-05-22,524.859985,534.27002,524.0,533.23999,529.771851,1050600
2026-05-26,536.0,536.02002,529.0,532.900024,529.434082,1346600
2026-05-27,531.97998,533.570007,524.25,531.140015,527.685486,1044900
2026-05-28,534.159973,541.210022,531.140015,537.210022,533.716064,1137600
2026-05-29,536.23999,537.25,527.950012,530.450012,527.0,2246900
2026-06-01,523.97998,525.98999,515.880005,516.5,516.5,1374600
2026-06-02,514.5,516.710022,510.100006,513.429993,513.429993,1079200
2026-06-03,512.25,524.539978,510.540009,512.030029,512.030029,1044000
2026-06-04,517.73999,522.700012,514.140015,519.049988,519.049988,851300
2026-06-05,520.0,528.01001,519.950012,523.76001,523.76001,903100
2026-06-08,523.0,527.109985,516.849976,520.070007,520.070007,847600
2026-06-09,519.0,530.179993,518.869995,530.130005,530.130005,1020700
2026-06-10,534.25,535.200012,524.809998,525.02002,525.02002,934300
2026-06-11,528.619995,550.98999,528.26001,548.679993,548.679993,1378100
2026-06-12,547.0,550.859985,538.309998,540.330017,540.330017,1029400
2026-06-15,535.419983,535.799988,528.590027,530.359985,530.359985,1196900
2026-06-16,531.26001,538.5,527.01001,535.950012,535.950012,847700
2026-06-17,530.25,539.469971,528.900024,532.320007,532.320007,1142300
2026-06-18,535.559998,536.900024,505.179993,510.950012,510.950012,3978800
2026-06-22,508.5,510.0,490.049988,493.600006,493.600006,1704900
2026-06-23,498.829987,504.299988,496.529999,503.670013,503.670013,827500
2026-06-24,502.940002,503.339996,491.48999,491.640015,491.640015,1288400
2026-06-25,495.950012,512.570007,494.25,505.019989,505.019989,1378300
2026-06-26,505.25,518.23999,503.899994,507.399994,507.399994,3672100
2026-06-29,508.5,510.140015,501.75,502.070007,502.070007,997500
2026-06-30,504.0,509.459991,498.299988,509.459991,509.459991,1157200
2026-07-01,517.0,524.23999,514.349976,521.820007,521.820007,1278000
2026-07-02,529.0,545.98999,529.0,545.909973,545.909973,1396900
2026-07-06,545.0,545.909973,535.169983,538.0,538.0,937700
2026-07-07,546.0,547.469971,531.77002,535.380005,535.380005,847600
2026-07-08,537.630005,537.630005,525.349976,527.960022,527.960022,927700
2026-07-09,522.5,525.01001,515.549988,518.26001,518.26001,989600
2026-07-10,516.419983,524.0,513.809998,523.219971,523.219971,662800
2026-07-13,525.01001,527.450012,517.26001,520.679993,520.679993,714600
2026-07-14,518.359985,526.26001,514.869995,514.98999,514.98999,698500
2026-07-15,514.830017,520.679993,512.780029,514.460022,514.460022,816500
2026-07-16,515.0,520.130005,511.309998,513.52002,513.52002,758100
2026-07-17,519.0,527.330017,507.679993,508.769989,508.769989,1274500
2026-07-20,510.630005,515.840027,507.73999,509.540009,509.540009,998400
2026-07-21,501.0,507.75,487.149994,507.089996,507.089996,1316400
2026-07-22,515.789978,521.0,512.0,514.359985,514.359985,1141900
2026-07-23,545.0,576.0,545.0,568.590027,568.590027,3275500
2026-07-24,568.590027,588.409973,568.590027,582.599976,582.599976,1738900
2026-07-27,581.880005,587.98999,578.0,580.0,580.0,1082300
2026-07-28,589.0,593.77002,576.72998,581.309998,581.309998,1277300
2026-07-29,585.0,587.0,568.73999,569.200012,569.200012,1600900
2026-07-30,565.76001,574.76001,556.549988,574.109985,574.109985,1512700
2026-07-31,574.109985,583.890015,570.890015,582.73999,582.73999,1424700
2026-08-03,583.5,589.409973,579.030029,586.289978,586.289978,1236400
2026-08-04,587.190002,592.5,578.299988,589.330017,589.330017,1181200
2026-08-05,593.0,593.690002,577.130005,577.599976,577.599976,954700
2026-08-06,584.309998,588.48999,577.809998,582.849976,582.849976,738400
2026-08-07,581.109985,588.390015,577.0,587.950012,587.950012,749600
2026-08-10,591.77002,606.650024,589.719971,603.159973,603.159973,1185800
2026-08-11,600.309998,602.75,592.890015,597.77002,597.77002,924800
2026-08-12,595.48999,610.359985,588.01001,606.719971,606.719971,1036800
2026-08-13,609.780029,609.780029,596.47998,598.01001,598.01001,798400
2026-08-14,603.0,609.23999,599.109985,608.679993,608.679993,862600
2026-08-17,605.5,607.030029,593.559998,593.73999,593.73999,880400
2026-08-18,600.070007,612.75,600.070007,607.169983,607.169983,1024100
2026-08-19,605.0,606.070007,589.039978,589.150024,589.150024,1006500
2026-08-20,586.669983,591.679993,569.539978,571.47998,571.47998,1555000
2026-08-21,571.47998,572.950012,563.070007,563.570007,563.570007,1099800
2026-08-24,563.5,567.5,558.530029,564.140015,564.140015,1080600
2026-08-25,564.140015,567.97998,555.27002,556.52002,556.52002,1289700
2026-08-26,559.0,569.960022,556.450012,565.619995,565.619995,844000
2026-08-27,564.809998,566.030029,560.02002,565.890015,565.890015,823000
2026-08-28,567.969971,568.429993,560.719971,563.849976,563.849976,619000
