date,open,high,low,close,adj_close,volume
2005-01-03,49.599998,49.689999,49.27,49.43,30.893559,3249800
2005-01-04,49.5,49.5,49.040001,49.200001,30.749804,4320500
2005-01-05,49.0,49.299999,48.740002,48.75,30.52129,3600000
2005-01-06,48.700001,49.950001,48.700001,49.75,31.147377,5396700
2005-01-07,49.52,50.740002,49.5,50.200001,31.429092,5868800
2005-01-10,50.25,51.5,50.169998,51.360001,32.155365,6201300
2005-01-11,51.009998,51.189999,50.549999,50.950001,31.898651,4344000
2005-01-12,50.950001,51.060001,50.540001,50.98,31.917442,4320800
2005-01-13,50.790001,51.18,50.259998,50.41,31.56057,3908700
2005-01-14,50.41,51.009998,50.41,50.939999,31.892391,2740900
2005-01-18,50.599998,51.25,50.549999,51.09,31.986307,2802500
2005-01-19,51.09,51.389999,50.549999,51.07,31.973787,4491600
2005-01-20,51.099998,52.369999,51.080002,52.16,32.656212,7268000
2005-01-21,52.099998,52.57,51.990002,51.990002,32.549767,6138100
2005-01-24,51.720001,51.830002,51.349998,51.349998,32.149075,4552100
2005-01-25,51.599998,52.09,51.580002,51.799999,32.43082,4592100
2005-01-26,51.810001,52.080002,50.869999,50.950001,31.898651,5493300
2005-01-27,50.799999,51.5,50.799999,51.360001,32.155365,3969000
2005-01-28,52.299999,52.470001,49.959999,52.43,32.825264,5910500
2005-01-31,52.5,52.52,52.080002,52.490002,32.862816,3320900
2005-02-01,52.490002,52.900002,52.34,52.900002,33.119495,4075600
2005-02-02,52.900002,52.93,52.439999,52.560001,32.906639,4473800
2005-02-03,52.5,52.720001,52.16,52.389999,32.800209,3051700
2005-02-04,52.27,53.400002,52.259998,53.34,33.395,4022000
2005-02-07,53.779999,54.619999,53.630001,54.099998,33.870804,5383500
2005-02-08,53.82,54.0,53.290001,53.700001,33.620358,2921400
2005-02-09,53.549999,53.650002,52.93,52.950001,33.15081,3082900
2005-02-10,52.900002,53.25,52.610001,53.009998,33.188385,3037100
2005-02-11,53.009998,53.650002,52.75,53.419998,33.445049,3674000
2005-02-14,53.23,53.240002,52.299999,52.419998,32.818981,4300500
2005-02-15,52.27,52.41,51.860001,52.150002,32.649933,3954800
2005-02-16,52.099998,52.139999,51.439999,51.799999,32.43082,4506000
2005-02-17,53.150002,53.52,53.009998,53.259998,33.344891,8830100
2005-02-18,53.259998,53.48,52.830002,53.0,33.182129,5137300
2005-02-22,52.419998,52.610001,52.0,52.02,32.568554,4989500
2005-02-23,52.02,52.860001,52.02,52.68,32.981777,3109600
2005-02-24,52.5,52.98,52.049999,52.900002,33.119495,3385600
2005-02-25,52.91,53.220001,52.709999,52.900002,33.119495,2498000
2005-02-28,52.099998,52.599998,51.939999,52.119999,32.631165,3559700
2005-03-01,52.0,52.459999,51.599998,52.380001,32.793945,3944400
2005-03-02,52.380001,53.439999,52.25,53.299999,33.369923,4434900
2005-03-03,53.5,54.049999,53.130001,53.48,33.482632,4476800
2005-03-04,53.549999,53.950001,53.32,53.470001,33.476372,3086800
2005-03-07,54.900002,55.439999,53.919998,54.0,33.808201,7345800
2005-03-08,54.049999,54.939999,54.009998,54.599998,34.183823,3799000
2005-03-09,54.52,54.790001,54.139999,54.540001,34.146263,3680500
2005-03-10,54.759998,55.09,54.549999,54.919998,34.384171,3517800
2005-03-11,54.970001,54.98,53.959999,53.970001,33.789417,3196900
2005-03-14,54.080002,54.470001,53.950001,54.389999,34.052341,2515700
2005-03-15,54.299999,54.439999,53.849998,53.900002,33.745598,3072100
2005-03-16,53.599998,53.869999,52.91,53.07,33.225937,4140100
2005-03-17,52.900002,53.639999,52.650002,53.369999,33.413769,3561000
2005-03-18,53.349998,53.439999,52.599998,53.360001,33.407509,5612400
2005-03-21,53.360001,53.360001,52.639999,53.060001,33.219692,2443500
2005-03-22,53.060001,53.130001,51.84,51.84,32.455872,5314600
2005-03-23,51.75,52.049999,51.599998,51.779999,32.418324,4198500
2005-03-24,51.950001,51.950001,50.900002,51.0,31.929966,5000500
2005-03-28,51.150002,51.32,50.959999,51.119999,32.0051,4320300
2005-03-29,51.150002,51.990002,51.099998,51.59,32.299355,3283200
2005-03-30,50.950001,51.779999,50.91,51.540001,32.320679,2803900
2005-03-31,51.529999,51.540001,50.799999,50.950001,31.950676,3615600
2005-04-01,51.0,51.360001,50.419998,50.509998,31.674755,3585800
2005-04-04,50.330002,51.189999,50.310001,51.009998,31.988298,2544200
2005-04-05,51.0,51.560001,50.900002,51.349998,32.201519,2634500
2005-04-06,51.5,51.990002,51.41,51.73,32.4398,2769300
2005-04-07,51.98,52.439999,51.799999,52.349998,32.828613,2968300
2005-04-08,52.299999,52.459999,51.970001,52.400002,32.859978,2970600
2005-04-11,52.349998,52.5,51.950001,51.990002,32.602859,2031300
2005-04-12,51.950001,52.150002,51.5,52.07,32.653019,2521500
2005-04-13,51.849998,52.0,51.290001,51.400002,32.232857,2667200
2005-04-14,51.700001,51.73,51.169998,51.43,32.251701,2678200
2005-04-15,51.529999,52.560001,51.310001,52.200001,32.734539,4597900
2005-04-18,52.150002,52.32,51.5,51.77,32.464905,2858500
2005-04-19,51.610001,51.779999,50.68,50.82,31.869148,3968300
2005-04-20,51.0,51.77,50.130001,50.299999,31.543068,5108500
2005-04-21,50.700001,51.27,50.32,51.150002,32.076088,4759100
2005-04-22,51.0,51.389999,50.189999,50.540001,31.693571,3351100
2005-04-25,50.75,50.889999,50.380001,50.700001,31.793903,2464700
2005-04-26,50.740002,51.740002,50.740002,51.57,32.339474,3701200
2005-04-27,51.400002,52.150002,51.299999,52.110001,32.678116,3404400
2005-04-28,52.130001,52.470001,51.740002,51.900002,32.546413,2920300
2005-04-29,51.91,52.759998,51.720001,52.700001,33.048092,3535900
2005-05-02,52.650002,52.810001,51.93,51.939999,32.571518,3038600
2005-05-03,52.049999,52.259998,51.810001,52.040001,32.634212,3120300
2005-05-04,52.200001,52.990002,51.959999,52.650002,33.01675,3002400
2005-05-05,52.799999,52.84,52.200001,52.580002,32.972858,2388000
2005-05-06,52.549999,52.580002,52.040001,52.130001,32.690659,2619000
2005-05-09,52.07,52.220001,51.759998,52.09,32.665577,2302900
2005-05-10,51.889999,51.939999,51.52,51.720001,32.433548,2151300
2005-05-11,51.860001,52.75,51.610001,52.599998,32.98539,2416800
2005-05-12,52.849998,53.0,52.07,52.150002,32.703186,2219900
2005-05-13,51.959999,52.130001,51.119999,51.560001,32.333202,2873700
2005-05-16,51.66,52.41,51.650002,52.189999,32.728279,2520200
2005-05-17,51.849998,52.220001,51.27,52.220001,32.747093,3909100
2005-05-18,52.349998,52.799999,52.119999,52.639999,33.010475,3251200
2005-05-19,52.799999,53.25,52.48,53.23,33.380459,3058100
2005-05-20,53.400002,53.450001,52.549999,52.849998,33.142162,2725500
2005-05-23,53.400002,53.43,52.91,52.919998,33.186069,3549300
2005-05-24,53.25,53.419998,52.75,52.779999,33.098267,3590100
2005-05-25,52.049999,53.09,52.009998,53.0,33.236237,4906400
2005-05-26,53.099998,53.610001,53.080002,53.43,33.505871,3501400
2005-05-27,53.349998,53.650002,53.310001,53.650002,33.643852,2143500
2005-05-31,53.650002,54.41,53.599998,53.75,33.706558,4900400
2005-06-01,53.09,54.310001,53.080002,53.75,33.706558,3850300
2005-06-02,53.490002,53.98,53.169998,53.919998,33.813156,2804600
2005-06-03,53.57,53.73,53.240002,53.299999,33.424351,2890400
2005-06-06,53.130001,53.209999,52.84,53.02,33.248798,3235300
2005-06-07,53.02,53.580002,52.759998,52.779999,33.098267,2867800
2005-06-08,53.049999,53.049999,52.360001,52.599998,32.98539,2958500
2005-06-09,52.400002,52.740002,52.119999,52.509998,32.928963,4153900
2005-06-10,52.349998,52.759998,52.0,52.68,33.035572,1948200
2005-06-13,52.400002,52.950001,52.169998,52.5,32.922676,3033400
2005-06-14,52.27,52.740002,52.049999,52.52,32.935223,4110400
2005-06-15,52.52,52.700001,52.16,52.509998,32.928963,2498200
2005-06-16,52.549999,53.0,52.41,52.880001,33.160995,2360400
2005-06-17,53.549999,53.549999,52.959999,53.23,33.380459,4039100
2005-06-20,53.049999,53.25,52.84,52.84,33.135895,3711500
2005-06-21,52.580002,52.849998,52.169998,52.400002,32.859978,3410900
2005-06-22,52.41,52.799999,51.810001,51.939999,32.571518,5049600
2005-06-23,51.950001,52.060001,51.630001,51.639999,32.383354,3045700
2005-06-24,52.5,53.189999,51.91,52.720001,33.060642,6505800
2005-06-27,52.599998,53.48,52.549999,53.0,33.236237,4296100
2005-06-28,53.299999,53.419998,52.970001,53.0,33.236237,4532500
2005-06-29,53.0,53.0,52.110001,52.200001,32.793961,3402700
2005-06-30,52.200001,52.200001,51.650002,51.790001,32.536381,4373700
2005-07-01,52.040001,52.220001,51.77,51.869999,32.586628,3019600
2005-07-05,51.73,52.52,51.68,52.439999,32.944721,2561700
2005-07-06,52.439999,52.549999,51.939999,51.950001,32.636906,2812300
2005-07-07,51.93,52.150002,51.509998,51.77,32.523815,3142500
2005-07-08,51.900002,52.43,51.669998,52.310001,32.863068,2765900
2005-07-11,52.290001,52.610001,52.150002,52.529999,33.001278,1728900
2005-07-12,52.43,52.490002,51.98,52.07,32.712284,2349300
2005-07-13,52.110001,52.209999,51.639999,52.0,32.668293,2848800
2005-07-14,51.900002,52.41,51.869999,52.150002,32.762535,2815500
2005-07-15,52.16,52.599998,52.07,52.41,32.92588,2554400
2005-07-18,52.41,52.490002,51.810001,51.880001,32.592922,2658700
2005-07-19,52.200001,52.200001,51.810001,51.98,32.655743,3462300
2005-07-20,51.98,52.950001,51.919998,52.919998,33.246288,5452500
2005-07-21,52.950001,53.799999,52.810001,53.299999,33.48502,4805900
2005-07-22,53.299999,53.400002,52.880001,53.119999,33.371925,2848700
2005-07-25,53.0,53.5,52.860001,52.959999,33.271416,3485000
2005-07-26,52.959999,53.240002,52.900002,52.990002,33.290272,2959900
2005-07-27,52.98,53.169998,52.860001,52.889999,33.227432,2417100
2005-07-28,53.080002,53.630001,52.900002,53.490002,33.604385,2651000
2005-07-29,53.57,54.0,53.490002,53.939999,33.887096,4246200
2005-08-01,55.049999,55.200001,54.029999,54.029999,33.943611,4721800
2005-08-02,54.099998,54.459999,53.880001,54.009998,33.931053,2831600
2005-08-03,53.799999,54.23,53.77,54.099998,33.987598,2111300
2005-08-04,53.830002,53.990002,53.509998,53.650002,33.704903,2331500
2005-08-05,53.57,54.200001,53.52,53.709999,33.742577,2794400
2005-08-08,53.73,54.119999,53.73,54.0,33.924774,2157700
2005-08-09,54.009998,54.349998,53.869999,53.98,33.912212,2378200
2005-08-10,54.02,54.5,53.970001,54.049999,33.956192,2594300
2005-08-11,54.099998,54.799999,54.099998,54.630001,34.320572,3396300
2005-08-12,54.41,55.209999,54.41,54.900002,34.490192,3282500
2005-08-15,54.970001,55.150002,54.779999,54.900002,34.490192,2167200
2005-08-16,55.049999,55.290001,54.549999,54.650002,34.333134,3616400
2005-08-17,54.549999,55.099998,54.25,54.57,34.282871,4411500
2005-08-18,54.57,56.310001,54.52,55.84,35.080746,8183500
2005-08-19,56.0,56.139999,55.509998,55.549999,34.898552,4145400
2005-08-22,55.700001,56.080002,55.380001,55.580002,34.9174,2853900
2005-08-23,55.73,56.27,55.310001,56.25,35.338299,4485900
2005-08-24,56.150002,56.869999,56.119999,56.700001,35.621017,5405400
2005-08-25,56.549999,56.950001,56.459999,56.830002,35.702698,3219400
2005-08-26,56.82,56.990002,56.599998,56.68,35.608444,3171300
2005-08-29,56.299999,56.73,56.279999,56.43,35.451389,2939400
2005-08-30,56.099998,56.25,55.48,55.950001,35.149845,3777600
2005-08-31,55.880001,57.0,55.700001,57.0,35.809505,4031100
2005-09-01,56.869999,57.459999,56.700001,56.990002,35.803207,3071400
2005-09-02,56.939999,57.07,56.240002,56.689999,35.614731,2815500
2005-09-06,56.849998,57.950001,56.849998,57.849998,36.343483,4407000
2005-09-07,57.700001,57.790001,57.029999,57.509998,36.129875,3340400
2005-09-08,57.75,57.779999,57.080002,57.220001,35.947704,2205100
2005-09-09,57.220001,57.369999,56.810001,57.0,35.809505,2450700
2005-09-12,56.990002,57.290001,56.720001,56.91,35.752937,1917400
2005-09-13,56.91,57.240002,56.32,56.630001,35.577038,3793400
2005-09-14,56.830002,56.950001,56.540001,56.650002,35.589611,2960100
2005-09-15,56.82,56.959999,56.150002,56.360001,35.407421,3013500
2005-09-16,56.470001,57.0,56.34,57.0,35.809505,5898400
2005-09-19,56.599998,56.799999,56.200001,56.740002,35.646156,2706200
2005-09-20,56.740002,57.25,56.0,56.060001,35.218933,3732100
2005-09-21,55.700001,56.439999,55.25,56.16,35.281776,4233300
2005-09-22,56.060001,56.09,55.490002,56.02,35.193817,3602500
2005-09-23,55.849998,56.049999,55.59,55.810001,35.061886,3183500
2005-09-26,55.950001,56.080002,54.900002,55.099998,34.615833,4141300
2005-09-27,54.950001,55.290001,54.490002,54.91,34.496468,4546300
2005-09-28,54.720001,54.73,53.84,54.389999,34.169777,4729100
2005-09-29,53.950001,54.02,53.560001,53.91,33.868233,4900800
2005-09-30,53.650002,53.91,53.200001,53.619999,33.68605,3793500
2005-10-03,53.860001,53.889999,52.849998,53.23,33.441029,4753800
2005-10-04,53.349998,54.799999,53.34,53.810001,33.805416,5490100
2005-10-05,53.580002,53.779999,53.040001,53.040001,33.381218,3855400
2005-10-06,53.490002,53.77,52.950001,53.290001,33.53857,4737100
2005-10-07,53.5,53.970001,53.349998,53.52,33.683334,3196400
2005-10-10,53.439999,53.799999,53.150002,53.470001,33.651844,2215600
2005-10-11,53.369999,54.400002,52.509998,52.869999,33.274223,4467400
2005-10-12,53.299999,55.18,53.299999,54.790001,34.482609,10023900
2005-10-13,54.799999,56.169998,54.700001,55.950001,35.212673,6821500
2005-10-14,55.919998,56.5,55.5,56.150002,35.338528,4789200
2005-10-17,56.25,57.049999,55.060001,56.040001,35.26931,7790200
2005-10-18,56.0,56.299999,55.540001,55.740002,35.080482,4160600
2005-10-19,55.75,56.740002,55.720001,56.740002,35.709866,4287300
2005-10-20,56.700001,56.700001,55.509998,55.759998,35.093075,4512500
2005-10-21,56.259998,56.259998,55.52,55.77,35.099365,4113100
2005-10-24,55.810001,56.459999,55.66,56.32,35.445526,3477200
2005-10-25,56.25,57.0,56.110001,56.970001,35.854603,3396200
2005-10-26,56.970001,57.009998,56.380001,56.740002,35.709866,5558700
2005-10-27,56.509998,57.389999,56.509998,56.880001,35.797977,5339600
2005-10-28,56.98,57.029999,56.189999,56.790001,35.741322,4334400
2005-10-31,56.689999,57.18,56.5,56.66,35.659508,4105100
2005-11-01,56.450001,56.950001,55.799999,55.970001,35.225258,4883200
2005-11-02,55.5,56.25,55.419998,55.700001,35.055321,6300500
2005-11-03,55.610001,56.150002,55.470001,56.110001,35.313362,4694200
2005-11-04,56.099998,56.290001,55.700001,56.139999,35.332233,1924900
2005-11-07,56.110001,56.18,55.200001,55.57,34.973503,4115200
2005-11-08,55.5,55.610001,55.310001,55.41,34.872807,3262900
2005-11-09,55.5,55.990002,55.450001,55.790001,35.111961,4464400
2005-11-10,55.799999,56.48,55.77,56.200001,35.370003,3577100
2005-11-11,56.400002,56.950001,56.290001,56.799999,35.747627,4234100
2005-11-14,56.5,56.869999,56.349998,56.709999,35.690952,4263100
2005-11-15,56.650002,57.139999,56.5,57.07,35.917553,5128300
2005-11-16,57.169998,57.23,56.32,56.990002,35.867195,3371300
2005-11-17,56.150002,56.950001,55.75,56.599998,35.621742,5557000
2005-11-18,56.830002,56.830002,55.790001,56.25,35.401459,5617600
2005-11-21,56.0,56.5,55.880001,56.400002,35.495869,3395000
2005-11-22,56.240002,56.790001,56.0,56.57,35.602867,3210100
2005-11-23,56.43,56.93,56.150002,56.75,35.716145,2514200
2005-11-25,56.84,57.07,56.52,57.009998,35.879772,1052900
2005-11-28,56.950001,57.0,56.130001,56.290001,35.42664,3458300
2005-11-29,56.490002,56.549999,55.799999,56.139999,35.332233,3872600
2005-11-30,56.139999,56.27,55.549999,55.57,34.973503,3509800
2005-12-01,55.619999,56.349998,55.619999,56.169998,35.35112,2947500
2005-12-02,56.0,56.099998,55.669998,55.779999,35.105663,2336600
2005-12-05,56.099998,56.869999,56.099998,56.290001,35.42664,3998100
2005-12-06,56.529999,56.75,56.209999,56.490002,35.552505,3633500
2005-12-07,56.560001,56.610001,55.900002,56.32,35.445526,3103100
2005-12-08,56.619999,56.66,55.720001,55.950001,35.212673,4082200
2005-12-09,56.0,56.0,55.470001,55.630001,35.011276,3466000
2005-12-12,55.619999,56.02,55.599998,55.779999,35.105663,2499000
2005-12-13,55.790001,56.549999,55.689999,56.470001,35.539925,2621000
2005-12-14,56.470001,56.990002,56.369999,56.759998,35.722439,3274500
2005-12-15,56.560001,56.900002,56.459999,56.900002,35.810543,3853600
2005-12-16,57.0,57.799999,56.970001,57.75,36.345505,5045700
2005-12-19,57.75,58.5,57.630001,58.34,36.716835,4842000
2005-12-20,58.450001,58.68,58.16,58.490002,36.811222,3497500
2005-12-21,58.509998,58.91,57.75,58.040001,36.528019,3995000
2005-12-22,57.73,57.91,57.400002,57.779999,36.364395,2994600
2005-12-23,57.950001,57.970001,57.169998,57.32,36.074894,2138100
2005-12-27,58.0,58.389999,57.529999,57.669998,36.295158,2417900
2005-12-28,57.950001,58.439999,57.93,58.23,36.647598,2042100
2005-12-29,58.330002,58.490002,57.759998,57.799999,36.376987,1836000
2005-12-30,57.790001,57.98,57.450001,57.57,36.232208,1912100
2006-01-03,57.869999,58.040001,57.040001,57.849998,36.408436,4525500
2006-01-04,58.450001,58.459999,58.049999,58.369999,36.796772,3403300
2006-01-05,58.389999,58.389999,57.41,57.700001,36.374401,4621500
2006-01-06,57.950001,59.0,57.939999,58.919998,37.143494,5593500
2006-01-09,58.900002,59.169998,57.540001,59.049999,37.225441,4132800
2006-01-10,58.599998,58.91,57.900002,58.860001,37.105675,4504300
2006-01-11,58.799999,58.849998,58.150002,58.540001,36.903946,3645500
2006-01-12,58.59,59.009998,58.049999,58.18,36.677006,2898600
2006-01-13,58.18,58.450001,57.849998,58.34,36.777866,2471100
2006-01-17,58.34,58.93,58.189999,58.799999,37.067837,3904600
2006-01-18,58.950001,59.779999,58.91,59.529999,37.528034,3512300
2006-01-19,59.599998,59.869999,59.349998,59.540001,37.53437,3315100
2006-01-20,59.540001,59.540001,58.619999,58.82,37.080471,3841500
2006-01-23,58.849998,59.240002,58.639999,59.040001,37.219143,2633000
2006-01-24,58.950001,59.27,58.849998,59.23,37.338921,2830900
2006-01-25,58.799999,59.23,57.130001,57.27,36.103317,6106800
2006-01-26,57.360001,57.610001,57.0,57.150002,36.027672,4188200
2006-01-27,58.099998,58.099998,56.5,57.0,35.933132,3826900
2006-01-30,57.0,57.099998,56.400002,56.799999,35.807045,4247300
2006-01-31,56.880001,56.880001,56.02,56.470001,35.598988,4750000
2006-02-01,56.470001,56.610001,55.700001,55.98,35.2901,4038300
2006-02-02,55.98,56.299999,55.549999,55.970001,35.283802,3188100
2006-02-03,55.549999,56.07,55.07,55.34,34.886642,4262300
2006-02-06,55.099998,55.299999,54.549999,54.75,34.514713,4375900
2006-02-07,54.5,55.09,54.34,54.700001,34.483185,4197800
2006-02-08,55.0,55.75,54.869999,55.470001,34.968597,3770400
2006-02-09,55.470001,56.07,55.369999,55.439999,34.94968,3266800
2006-02-10,55.490002,55.790001,55.139999,55.790001,35.17033,3378000
2006-02-13,55.700001,56.080002,55.52,56.0,35.302711,2928300
2006-02-14,56.349998,56.990002,56.25,56.919998,35.882683,3658000
2006-02-15,56.73,57.279999,56.330002,57.139999,36.021378,2783700
2006-02-16,56.900002,56.93,56.049999,56.470001,35.598988,4034400
2006-02-17,56.470001,56.740002,55.700001,56.259998,35.466614,3657900
2006-02-21,55.950001,56.0,55.450001,55.57,35.031639,4418200
2006-02-22,55.200001,55.549999,54.150002,54.299999,34.231022,8443700
2006-02-23,54.349998,54.650002,53.599998,54.27,34.212124,5231800
2006-02-24,54.0,54.349998,53.630001,54.07,34.086025,3440200
2006-02-27,54.080002,54.950001,54.060001,54.700001,34.483185,4240900
2006-02-28,54.349998,54.360001,53.380001,53.950001,34.010387,5673100
2006-03-01,53.950001,54.18,53.459999,53.779999,33.903221,5832400
2006-03-02,53.450001,53.900002,53.25,53.799999,33.915825,4842000
2006-03-03,53.779999,53.939999,53.490002,53.529999,33.745613,3316800
2006-03-06,53.700001,53.740002,53.169998,53.389999,33.657349,3301000
2006-03-07,53.169998,53.439999,53.02,53.23,33.556484,3488900
2006-03-08,53.099998,53.41,52.919998,53.299999,33.600628,4302200
2006-03-09,53.5,53.970001,53.470001,53.830002,33.934723,4489100
2006-03-10,53.73,54.220001,53.549999,53.919998,33.991478,3992500
2006-03-13,53.860001,53.880001,53.150002,53.310001,33.60693,2790700
2006-03-14,53.0,53.599998,52.810001,53.299999,33.600628,3652200
2006-03-15,53.599998,53.599998,52.799999,53.150002,33.506058,3839100
2006-03-16,53.049999,53.200001,52.799999,52.959999,33.38628,3743900
2006-03-17,52.98,52.990002,52.470001,52.66,33.197155,5296400
2006-03-20,52.650002,53.700001,52.380001,53.529999,33.745613,3771900
2006-03-21,53.540001,53.650002,53.009998,53.110001,33.480839,2779800
2006-03-22,52.5,53.900002,52.5,53.830002,33.934723,2868000
2006-03-23,54.52,54.52,53.310001,53.860001,33.953648,4418100
2006-03-24,53.860001,54.099998,53.200001,53.23,33.556484,4585100
2006-03-27,53.0,53.009998,51.790001,51.84,32.68021,5876600
2006-03-28,51.799999,52.330002,51.419998,52.02,32.793713,6197100
2006-03-29,52.0,52.330002,51.5,51.880001,32.705437,5897500
2006-03-30,51.75,51.759998,51.279999,51.580002,32.516327,4718600
2006-03-31,51.099998,51.110001,50.549999,50.75,31.993067,7650000
2006-04-03,51.259998,51.439999,50.919998,51.139999,32.238937,6844700
2006-04-04,51.299999,51.709999,50.869999,51.5,32.465889,5390500
2006-04-05,50.5,50.900002,50.0,50.580002,31.945469,17044400
2006-04-06,50.799999,51.639999,50.75,51.490002,32.520199,7404400
2006-04-07,51.450001,51.549999,50.900002,50.950001,32.179146,5459000
2006-04-10,50.66,51.16,50.450001,50.93,32.166519,4051800
2006-04-11,51.0,51.09,50.34,50.5,31.894936,5155500
2006-04-12,50.779999,51.709999,50.439999,51.040001,32.235989,7505500
2006-04-13,50.57,51.040001,49.619999,49.93,31.534937,133028500
2006-04-17,49.93,50.52,49.5,49.560001,31.301239,10144800
2006-04-18,49.650002,49.970001,48.950001,49.290001,31.130728,13174100
2006-04-19,49.290001,49.549999,48.959999,49.110001,31.017031,9389900
2006-04-20,49.189999,50.0,49.189999,49.450001,31.231775,12778500
2006-04-21,49.849998,50.279999,49.279999,49.52,31.27598,6698300
2006-04-24,49.5,49.919998,49.200001,49.790001,31.446507,7111600
2006-04-25,49.799999,49.849998,48.77,49.049999,30.979141,8567300
2006-04-26,49.299999,49.900002,49.220001,49.73,31.408628,8199000
2006-04-27,50.73,50.73,49.689999,49.889999,31.509666,7765600
2006-04-28,49.900002,50.25,49.849998,50.119999,31.65494,5894400
2006-05-01,50.150002,50.310001,49.799999,49.950001,31.547565,5245700
2006-05-02,50.060001,50.060001,49.16,49.52,31.27598,5761500
2006-05-03,49.529999,49.529999,48.279999,48.490002,30.625458,6796800
2006-05-04,48.650002,48.93,48.200001,48.540001,30.65704,6707700
2006-05-05,48.75,48.82,48.02,48.360001,30.54335,14102500
2006-05-08,48.369999,48.389999,47.939999,48.049999,30.347553,8309000
2006-05-09,48.02,48.43,48.0,48.349998,30.537031,10416200
2006-05-10,48.169998,48.490002,48.049999,48.34,30.530703,6379600
2006-05-11,48.330002,48.77,48.25,48.75,30.789665,6127300
2006-05-12,48.740002,48.84,48.349998,48.720001,30.770723,7066400
2006-05-15,48.5,49.119999,48.439999,49.049999,30.979141,6785000
2006-05-16,49.400002,49.529999,49.279999,49.380001,31.187553,5367700
2006-05-17,49.299999,49.66,49.119999,49.189999,31.067551,7798100
2006-05-18,49.0,49.549999,48.900002,49.349998,31.168623,7559100
2006-05-19,49.5,49.650002,49.0,49.299999,31.137037,7634900
2006-05-22,49.049999,49.110001,48.509998,48.57,30.67597,7551600
2006-05-23,48.400002,48.650002,47.799999,47.950001,30.284395,9090500
2006-05-24,49.48,50.639999,48.84,50.169998,31.686516,15716000
2006-05-25,50.18,51.150002,50.169998,50.599998,31.958097,9621700
2006-05-26,50.610001,50.869999,50.009998,50.259998,31.743372,4807000
2006-05-30,50.450001,50.619999,50.09,50.27,31.749657,5667700
2006-05-31,50.369999,50.5,49.950001,50.490002,31.888626,5504400
2006-06-01,50.5,51.049999,50.5,51.02,32.223354,5553000
2006-06-02,51.200001,51.400002,51.07,51.200001,32.337048,7188500
2006-06-05,51.0,51.349998,50.549999,50.709999,32.027565,5782500
2006-06-06,50.720001,51.07,50.52,50.869999,32.128613,4554000
2006-06-07,51.099998,51.830002,51.049999,51.43,32.482292,5360000
2006-06-08,51.400002,51.630001,50.799999,51.330002,32.419151,6660400
2006-06-09,51.099998,51.5,50.740002,50.880001,32.134933,4165500
2006-06-12,50.880001,51.07,50.560001,50.580002,31.945469,3101200
2006-06-13,50.450001,51.200001,50.389999,50.650002,31.989662,5984000
2006-06-14,50.849998,51.0,50.349998,50.57,31.939148,4756600
2006-06-15,50.5,50.580002,49.919998,50.529999,31.91387,7080600
2006-06-16,50.369999,50.68,50.150002,50.25,31.737047,4936300
2006-06-19,50.5,50.509998,49.66,49.75,31.421244,3551300
2006-06-20,49.599998,49.900002,49.5,49.75,31.421244,3800200
2006-06-21,50.349998,50.349998,49.200001,49.380001,31.187553,4624200
2006-06-22,49.150002,49.48,48.810001,48.950001,30.915979,6953200
2006-06-23,48.5,48.93,48.459999,48.48,30.619139,4265200
2006-06-26,48.599998,48.740002,48.16,48.279999,30.492811,3500700
2006-06-27,48.099998,48.349998,47.139999,47.240002,29.835979,9139500
2006-06-28,47.139999,47.5,46.77,46.990002,29.678074,6067000
2006-06-29,47.150002,47.240002,46.91,47.0,29.684397,8286900
2006-06-30,47.099998,47.150002,46.580002,46.919998,29.633873,10476500
2006-07-03,47.0,47.150002,46.75,46.860001,29.59597,2840400
2006-07-05,46.5,47.18,46.41,47.049999,29.7859,7872500
2006-07-06,47.25,47.57,47.119999,47.43,30.026466,5684400
2006-07-07,47.41,47.740002,47.209999,47.59,30.127752,5236200
2006-07-10,47.25,47.950001,46.939999,47.700001,30.197384,4993500
2006-07-11,47.57,48.130001,47.57,47.98,30.374641,4614800
2006-07-12,47.799999,48.09,47.639999,47.73,30.216379,6196100
2006-07-13,47.73,47.919998,47.43,47.5,30.070778,6069100
2006-07-14,47.450001,47.73,46.740002,47.049999,29.7859,6367500
2006-07-17,47.0,47.709999,46.990002,47.5,30.070778,3730100
2006-07-18,47.509998,47.68,46.720001,47.279999,29.931501,3436600
2006-07-19,47.450001,48.099998,47.349998,47.82,30.273369,6176100
2006-07-20,47.700001,48.23,47.580002,47.950001,30.355654,2522300
2006-07-21,48.0,48.220001,47.540001,47.810001,30.267023,3457700
2006-07-24,47.900002,48.150002,47.619999,47.700001,30.197384,4298500
2006-07-25,47.400002,49.639999,47.32,49.32,31.222956,8544000
2006-07-26,49.5,50.099998,49.09,49.900002,31.590139,6614500
2006-07-27,50.080002,50.09,49.380001,49.810001,31.533161,4430100
2006-07-28,50.119999,50.720001,49.900002,50.5,31.96998,4821500
2006-07-31,50.299999,50.66,49.91,50.52,31.982639,6188800
2006-08-01,50.200001,50.470001,49.939999,50.470001,31.950985,4619900
2006-08-02,52.75,52.75,50.799999,50.93,32.242195,14059200
2006-08-03,45.009998,45.889999,44.200001,44.32,28.05761,47864500
2006-08-04,44.5,44.849998,43.48,43.619999,27.614464,13452900
2006-08-07,43.599998,43.849998,43.549999,43.799999,27.728411,5538000
2006-08-08,44.0,44.049999,42.830002,42.880001,27.145994,8841900
2006-08-09,43.5,43.900002,43.23,43.549999,27.570148,7692700
2006-08-10,43.25,43.75,43.16,43.400002,27.475193,5543400
2006-08-11,43.099998,43.330002,42.959999,43.060001,27.25996,4526800
2006-08-14,42.869999,43.25,42.369999,42.470001,26.88645,8941100
2006-08-15,42.5,43.369999,42.439999,43.25,27.380232,8785700
2006-08-16,43.400002,43.549999,43.16,43.299999,27.411884,6821400
2006-08-17,43.110001,45.450001,43.099998,44.5,28.171572,15595500
2006-08-18,44.580002,45.75,44.5,45.529999,28.823629,8561800
2006-08-21,45.0,45.830002,44.900002,45.57,28.848948,6389500
2006-08-22,45.25,45.599998,44.970001,45.360001,28.716,6060700
2006-08-23,45.950001,46.25,44.610001,45.310001,28.684361,11836600
2006-08-24,44.41,46.490002,44.41,46.200001,29.247786,5644500
2006-08-25,46.32,46.490002,45.669998,46.139999,29.209803,2944500
2006-08-28,46.099998,46.459999,45.889999,45.939999,29.083183,4879400
2006-08-29,46.389999,46.389999,45.700001,45.98,29.108511,4624800
2006-08-30,46.220001,46.75,46.07,46.549999,29.46936,5876300
2006-08-31,47.0,47.02,46.549999,46.900002,29.690941,4460000
2006-09-01,47.099998,47.099998,46.639999,46.91,29.697266,3578600
2006-09-05,47.099998,47.200001,46.419998,46.529999,29.456715,3400900
2006-09-06,46.549999,46.93,46.380001,46.799999,29.627625,4098500
2006-09-07,46.799999,46.900002,46.5,46.740002,29.589651,4046600
2006-09-08,44.099998,46.959999,44.099998,46.66,29.539005,3412300
2006-09-11,48.490002,48.490002,44.860001,46.849998,29.659288,3376600
2006-09-12,46.849998,47.18,46.189999,47.18,29.868187,5232000
2006-09-13,47.139999,47.150002,46.299999,46.360001,29.349081,5748100
2006-09-14,46.360001,46.619999,46.349998,46.41,29.380718,6537300
2006-09-15,46.470001,46.580002,46.009998,46.200001,29.247786,10339600
2006-09-18,45.5,46.529999,45.5,46.52,29.450356,4588700
2006-09-19,46.52,46.900002,46.369999,46.490002,29.431377,4265600
2006-09-20,46.75,47.84,46.599998,47.529999,30.089775,6908800
2006-09-21,47.650002,47.75,47.02,47.23,29.899837,6476900
2006-09-22,46.900002,46.91,46.169998,46.599998,29.501015,7029400
2006-09-25,47.0,47.049999,46.060001,46.470001,29.418713,6432900
2006-09-26,46.200001,46.549999,45.93,46.279999,29.298422,5528300
2006-09-27,46.029999,46.27,45.880001,45.970001,29.102188,5733700
2006-09-28,45.880001,46.360001,45.299999,46.349998,29.342758,7383600
2006-09-29,46.099998,46.68,46.029999,46.439999,29.399725,6392900
2006-10-02,46.5,47.18,46.5,46.700001,29.564325,6767500
2006-10-03,46.919998,47.599998,46.82,47.25,29.912502,7605500
2006-10-04,47.349998,49.0,47.200001,48.919998,31.042013,10556600
2006-10-05,48.5,49.630001,48.169998,49.18,31.206976,8516000
2006-10-06,49.18,49.48,49.02,49.290001,31.276783,4515500
2006-10-09,49.200001,49.400002,49.049999,49.290001,31.276783,2594400
2006-10-10,49.310001,49.470001,49.0,49.439999,31.371964,4273800
2006-10-11,49.439999,49.490002,49.0,49.09,31.149879,5420300
2006-10-12,49.09,49.099998,48.5,49.02,31.10545,5419400
2006-10-13,49.0,49.099998,48.549999,48.619999,30.851635,4058400
2006-10-16,48.790001,49.150002,48.509998,48.630001,30.85799,3043900
2006-10-17,48.630001,48.779999,48.459999,48.650002,30.870676,3992600
2006-10-18,48.650002,48.860001,47.91,48.099998,30.521662,6807800
2006-10-19,47.799999,48.119999,47.59,48.080002,30.508991,5287100
2006-10-20,48.299999,48.830002,47.950001,48.439999,30.737411,5304000
2006-10-23,48.220001,48.68,48.099998,48.52,30.788183,4144300
2006-10-24,48.950001,49.380001,48.73,49.02,31.10545,8530800
2006-10-25,49.220001,49.25,48.639999,48.990002,31.086416,4555700
2006-10-26,48.919998,48.98,48.599998,48.759998,30.940456,3552700
2006-10-27,48.650002,48.900002,48.57,48.669998,30.883358,3130700
2006-10-30,48.790001,49.16,48.619999,48.700001,30.902409,2767100
2006-10-31,48.630001,48.810001,48.419998,48.68,30.889704,3832000
2006-11-01,48.720001,48.91,48.5,48.66,30.87701,4595700
2006-11-02,48.439999,48.93,48.439999,48.919998,31.042013,3807500
2006-11-03,49.0,49.200001,48.860001,49.009998,31.099131,4558400
2006-11-06,49.040001,49.619999,49.0,49.59,31.467144,4485400
2006-11-07,49.84,50.080002,49.5,49.509998,31.41637,3708100
2006-11-08,49.369999,49.540001,49.049999,49.450001,31.378313,3976900
2006-11-09,49.360001,49.849998,48.880001,49.02,31.10545,5704600
2006-11-10,48.970001,49.25,48.84,48.959999,31.067379,2884000
2006-11-13,49.009998,49.349998,48.860001,48.900002,31.029306,2341700
2006-11-14,48.509998,49.23,48.259998,48.959999,31.067379,5114300
2006-11-15,48.970001,49.23,48.200001,48.330002,30.667603,6486200
2006-11-16,48.209999,49.09,48.209999,48.810001,30.972191,7137200
2006-11-17,48.830002,48.830002,48.049999,48.709999,30.908724,8795800
2006-11-20,48.849998,49.23,48.630001,48.950001,31.061039,6866300
2006-11-21,52.5,53.860001,52.290001,53.549999,33.97995,27688500
2006-11-22,53.0,54.18,52.950001,53.869999,34.182995,7112100
2006-11-24,53.470001,53.57,53.259998,53.450001,33.916512,1449200
2006-11-27,53.029999,53.080002,52.189999,52.82,33.516735,7091200
2006-11-28,52.509998,52.990002,52.459999,52.650002,33.408855,5789200
2006-11-29,52.560001,52.959999,52.279999,52.73,33.459625,3847800
2006-11-30,52.68,52.82,52.07,52.130001,33.078899,5016000
2006-12-01,51.720001,52.580002,51.400002,52.16,33.097919,5872200
2006-12-04,52.330002,53.509998,52.110001,53.349998,33.853043,6010600
2006-12-05,53.0,53.549999,52.810001,53.099998,33.694412,5450400
2006-12-06,53.099998,53.720001,53.0,53.580002,33.998993,3752700
2006-12-07,53.580002,53.869999,53.240002,53.529999,33.967266,6719400
2006-12-08,53.25,53.700001,53.060001,53.43,33.903809,3005100
2006-12-11,53.490002,54.220001,53.450001,53.919998,34.214729,4431300
2006-12-12,53.75,54.389999,53.310001,54.16,34.367027,4128200
2006-12-13,54.279999,54.48,53.900002,54.110001,34.335293,4108800
2006-12-14,54.099998,54.400002,53.84,53.939999,34.227425,4000600
2006-12-15,53.450001,54.490002,53.450001,54.299999,34.455864,4243600
2006-12-18,54.0,54.349998,53.75,54.130001,34.347988,3117700
2006-12-19,54.139999,54.66,53.959999,54.380001,34.506638,3414600
2006-12-20,53.689999,54.529999,53.689999,54.310001,34.462196,3112000
2006-12-21,54.259998,54.529999,53.650002,53.700001,34.07513,2559500
2006-12-22,53.73,53.790001,53.220001,53.220001,33.770561,2115700
2006-12-26,53.169998,53.509998,53.049999,53.439999,33.910152,1510000
2006-12-27,53.810001,54.41,53.25,53.32,33.834,2934700
2006-12-28,53.32,53.459999,52.82,53.200001,33.757877,2456200
2006-12-29,53.25,53.75,53.049999,53.509998,33.954559,3163500
2007-01-03,53.080002,53.57,52.400002,52.57,33.426819,5864500
2007-01-04,52.57,53.32,52.209999,53.200001,33.827404,6061600
2007-01-05,52.91,53.599998,52.759998,53.360001,33.929134,4437500
2007-01-08,53.360001,54.189999,53.360001,53.700001,34.145317,5466200
2007-01-09,53.959999,54.400002,53.790001,53.849998,34.240704,7599300
2007-01-10,53.849998,54.5,53.380001,54.209999,34.46962,4264400
2007-01-11,54.220001,54.349998,53.509998,53.950001,34.304287,7007500
2007-01-12,54.119999,54.27,53.639999,53.720001,34.158043,2856000
2007-01-16,53.419998,54.540001,53.41,54.509998,34.660358,4237200
2007-01-17,54.509998,54.599998,53.959999,54.299999,34.526825,6429200
2007-01-18,54.5,54.860001,54.0,54.139999,34.425102,5380900
2007-01-19,54.139999,54.139999,53.150002,53.77,34.189835,7425200
2007-01-22,53.650002,53.900002,53.060001,53.18,33.81469,4893600
2007-01-23,53.060001,53.369999,52.709999,52.830002,33.592152,5485500
2007-01-24,53.0,53.459999,52.849998,53.439999,33.980007,3594500
2007-01-25,53.369999,53.82,52.93,53.389999,33.948212,3704700
2007-01-26,53.5,53.560001,52.970001,53.139999,33.789253,4445800
2007-01-29,53.98,53.98,52.52,52.709999,33.515823,4421900
2007-01-30,52.849998,53.209999,52.709999,53.119999,33.77652,3433200
2007-01-31,52.900002,53.599998,52.669998,53.450001,33.986343,4247300
2007-02-01,53.450001,53.580002,53.0,53.34,33.916428,5218900
2007-02-02,53.330002,53.799999,53.220001,53.700001,34.145317,7275300
2007-02-05,53.700001,53.759998,53.290001,53.310001,33.897339,4502000
2007-02-06,53.32,53.669998,52.98,53.240002,33.852829,3513000
2007-02-07,53.139999,53.32,52.869999,53.240002,33.852829,4028900
2007-02-08,53.400002,54.02,53.299999,53.900002,34.272495,4388500
2007-02-09,53.84,54.099998,53.57,53.779999,34.196182,3934900
2007-02-12,53.790001,54.0,53.580002,53.59,34.075386,2601800
2007-02-13,53.59,54.450001,53.529999,54.419998,34.603127,4498500
2007-02-14,54.419998,54.669998,54.189999,54.580002,34.704876,4041600
2007-02-15,54.490002,54.619999,53.959999,54.060001,34.374241,4540800
2007-02-16,53.84,54.689999,53.73,54.130001,34.418739,5728400
2007-02-20,53.52,54.630001,53.5,54.540001,34.679443,6281800
2007-02-21,52.450001,52.57,51.48,52.02,33.077095,23595000
2007-02-22,51.900002,51.970001,50.990002,51.25,32.587479,11122800
2007-02-23,51.07,51.5,50.84,51.349998,32.65107,5925600
2007-02-26,51.5,51.5,50.75,50.919998,32.37764,4697000
2007-02-27,50.41,50.990002,49.689999,49.939999,31.754517,11025000
2007-02-28,50.869999,51.080002,49.939999,50.360001,32.021591,14156100
2007-03-01,50.380001,50.970001,49.900002,50.150002,31.88805,12112800
2007-03-02,50.049999,50.080002,48.98,49.150002,31.252197,11056600
2007-03-05,48.610001,49.599998,48.5,49.099998,31.220392,10999100
2007-03-06,49.5,49.77,49.299999,49.5,31.474737,7524600
2007-03-07,49.509998,50.0,49.389999,49.580002,31.525604,5912700
2007-03-08,49.830002,50.380001,49.790001,49.919998,31.74181,5872700
2007-03-09,49.880001,50.07,49.669998,49.919998,31.74181,4465600
2007-03-12,50.41,50.43,49.580002,49.639999,31.563753,4712400
2007-03-13,49.130001,50.130001,49.110001,49.25,31.315773,6843800
2007-03-14,49.290001,49.77,49.080002,49.630001,31.557405,4277500
2007-03-15,49.48,49.509998,49.029999,49.330002,31.366648,4289800
2007-03-16,49.5,49.5,48.57,48.869999,31.074163,7715600
2007-03-19,48.889999,49.200001,48.709999,49.18,31.271276,4335700
2007-03-20,49.150002,49.490002,48.700001,49.360001,31.385717,4276700
2007-03-21,49.700001,49.810001,49.130001,49.759998,31.640053,5468400
2007-03-22,49.77,49.970001,49.200001,49.790001,31.659138,6708400
2007-03-23,49.82,50.040001,49.540001,49.919998,31.74181,7086400
2007-03-26,49.689999,49.889999,48.98,49.830002,31.684566,7710600
2007-03-27,49.560001,49.790001,48.630001,48.68,30.953346,9938200
2007-03-28,48.119999,48.93,48.119999,48.669998,30.94698,7313100
2007-03-29,48.68,49.169998,48.549999,48.970001,31.137741,6564900
2007-03-30,48.959999,49.389999,48.549999,49.060001,31.194967,4472700
2007-04-02,48.16,49.099998,48.16,48.860001,31.067787,4349300
2007-04-03,48.560001,49.400002,48.540001,49.400002,31.482019,7669800
2007-04-04,49.400002,49.580002,49.130001,49.25,31.386435,4358400
2007-04-05,49.029999,49.34,49.0,49.130001,31.309971,3121900
2007-04-09,48.880001,49.130001,48.619999,48.950001,31.19524,4096800
2007-04-10,48.959999,49.720001,48.700001,49.470001,31.526659,5114100
2007-04-11,49.52,50.099998,49.349998,50.009998,31.870777,7890100
2007-04-12,50.259998,51.43,50.060001,50.959999,32.476215,10642500
2007-04-13,50.959999,51.130001,50.5,50.790001,32.367859,5930800
2007-04-16,50.82,51.740002,50.669998,51.400002,32.756611,7668700
2007-04-17,52.029999,52.169998,51.689999,52.049999,33.170845,5663600
2007-04-18,51.98,52.060001,51.389999,51.919998,33.08799,4518900
2007-04-19,51.919998,52.25,51.610001,51.740002,32.973278,4975500
2007-04-20,52.27,52.700001,51.77,52.34,33.355663,6888000
2007-04-23,52.209999,52.91,52.189999,52.560001,33.495865,4877500
2007-04-24,52.810001,53.48,52.650002,53.299999,33.967464,8073600
2007-04-25,53.099998,53.950001,53.040001,53.580002,34.145897,9583000
2007-04-26,53.580002,54.32,53.57,54.07,34.458164,9277900
2007-04-27,53.75,53.990002,53.369999,53.599998,34.158649,5012700
2007-04-30,53.5,53.700001,52.900002,52.93,33.731655,6096900
2007-05-01,53.110001,54.169998,53.080002,53.799999,34.286102,7744100
2007-05-02,53.759998,54.189999,53.490002,54.049999,34.445419,6644600
2007-05-03,53.990002,54.200001,53.470001,54.02,34.4263,3242100
2007-05-04,53.919998,54.0,53.380001,53.689999,34.215992,3475100
2007-05-07,53.939999,54.029999,53.549999,53.66,34.196873,3471000
2007-05-08,53.66,53.66,53.189999,53.43,34.050312,3234100
2007-05-09,53.43,53.990002,53.279999,53.599998,34.158649,3482800
2007-05-10,53.200001,53.48,52.66,52.73,33.604191,4624700
2007-05-11,52.73,53.57,52.709999,53.419998,34.043911,5655000
2007-05-14,53.419998,53.779999,53.299999,53.5,34.09491,4786100
2007-05-15,53.599998,53.709999,52.900002,52.91,33.718922,8172300
2007-05-16,52.849998,53.0,51.950001,52.27,33.311043,8808700
2007-05-17,51.900002,52.049999,51.200001,51.459999,32.794823,9884100
2007-05-18,51.5,51.529999,51.209999,51.25,32.661015,6686800
2007-05-21,50.799999,50.990002,50.0,50.57,32.227657,14721500
2007-05-22,50.639999,51.049999,50.009998,50.799999,32.374249,8683300
2007-05-23,53.5,54.18,52.900002,52.98,33.763531,21754800
2007-05-24,52.52,53.43,52.5,53.07,33.820877,7204800
2007-05-25,52.900002,53.400002,52.700001,53.110001,33.846386,4241300
2007-05-29,52.740002,53.189999,52.509998,53.0,33.776272,4648300
2007-05-30,52.860001,53.18,52.450001,53.0,33.776272,4382000
2007-05-31,52.990002,53.290001,52.950001,53.169998,33.884609,4874300
2007-06-01,53.209999,53.619999,53.07,53.369999,34.012074,4509800
2007-06-04,53.0,53.400002,52.68,53.220001,33.916485,3634000
2007-06-05,52.639999,53.220001,52.52,52.59,33.514988,5933300
2007-06-06,52.5,52.68,52.419998,52.549999,33.489487,4354300
2007-06-07,52.259998,52.509998,51.599998,51.66,32.922295,6513800
2007-06-08,51.57,52.349998,51.18,52.150002,33.234581,5983400
2007-06-11,52.07,52.07,51.669998,51.689999,32.941414,5160700
2007-06-12,51.5,52.18,51.5,51.709999,32.954185,5784800
2007-06-13,52.07,52.220001,51.52,51.93,33.094379,4648700
2007-06-14,51.41,52.200001,51.41,51.970001,33.119858,4936900
2007-06-15,51.700001,52.799999,51.700001,52.41,33.400269,6220600
2007-06-18,52.630001,52.689999,52.299999,52.369999,33.374779,3616200
2007-06-19,52.18,52.970001,52.150002,52.630001,33.540478,6138200
2007-06-20,52.450001,52.73,51.450001,51.549999,32.852215,8029200
2007-06-21,51.740002,52.0,51.389999,51.790001,33.00515,7889800
2007-06-22,51.400002,52.029999,51.279999,51.610001,32.890438,12731500
2007-06-25,51.540001,52.0,51.110001,51.119999,32.578171,6890600
2007-06-26,51.18,52.150002,51.139999,51.669998,32.928677,6749300
2007-06-27,51.689999,51.75,50.919998,51.68,32.935047,7961600
2007-06-28,52.189999,52.189999,51.299999,51.799999,33.011528,4774300
2007-06-29,51.830002,51.950001,51.360001,51.860001,33.049774,4807300
2007-07-02,51.299999,53.779999,51.259998,53.369999,34.012074,11371900
2007-07-03,53.369999,53.57,52.689999,52.830002,33.746975,3920700
2007-07-05,52.830002,53.049999,52.639999,52.91,33.798069,4193800
2007-07-06,53.09,53.529999,52.759998,53.349998,34.079132,4383300
2007-07-09,54.240002,54.25,52.84,53.16,33.957764,3471700
2007-07-10,53.0,53.27,52.459999,52.619999,33.612812,6653600
2007-07-11,52.360001,53.009998,52.360001,52.869999,33.772526,5049200
2007-07-12,52.880001,53.220001,52.529999,53.200001,33.983326,4463400
2007-07-13,52.84,52.98,52.389999,52.740002,33.68948,3476500
2007-07-16,52.419998,52.740002,52.419998,52.459999,33.51062,4945900
2007-07-17,52.0,52.57,51.919998,52.139999,33.306217,5811100
2007-07-18,53.240002,53.240002,51.75,51.93,33.172066,10245600
2007-07-19,51.990002,52.889999,51.869999,52.080002,33.267879,5185100
2007-07-20,52.0,52.189999,51.849998,51.91,33.159279,8722600
2007-07-23,52.040001,52.700001,51.950001,52.18,33.331753,5809400
2007-07-24,51.52,53.09,51.509998,51.709999,33.031555,7718900
2007-07-25,51.5,52.169998,50.84,51.619999,32.974045,9140600
2007-07-26,51.57,51.810001,50.650002,50.919998,32.526882,12078000
2007-07-27,50.310001,52.139999,50.049999,50.810001,32.456627,14206200
2007-07-30,50.98,51.889999,50.5,51.130001,32.661034,5406600
2007-07-31,52.759998,52.759998,50.66,50.669998,32.367195,8496200
2007-08-01,50.740002,52.639999,50.43,52.419998,33.485065,8779800
2007-08-02,52.099998,52.98,50.700001,52.919998,33.804462,7210400
2007-08-03,52.990002,53.0,51.549999,51.66,32.999592,8125400
2007-08-06,51.880001,53.34,51.619999,53.310001,34.053589,8006100
2007-08-07,53.459999,54.0,52.630001,53.720001,34.315487,7008300
2007-08-08,53.720001,54.18,53.290001,53.959999,34.4688,7235100
2007-08-09,53.139999,54.049999,53.099998,53.439999,34.136642,7397100
2007-08-10,53.650002,53.650002,52.110001,53.060001,33.89389,6708400
2007-08-13,53.0,53.400002,52.43,52.759998,33.70224,5143500
2007-08-14,52.880001,53.400002,52.599998,52.790001,33.721436,4357900
2007-08-15,52.66,53.43,52.5,52.650002,33.631981,6553900
2007-08-16,52.450001,53.48,51.830002,52.41,33.478683,10706300
2007-08-17,52.0,53.220001,52.0,53.049999,33.887508,7693300
2007-08-20,52.450001,53.150002,52.450001,53.02,33.868347,6138600
2007-08-21,53.290001,53.5,52.799999,52.860001,33.766129,5671200
2007-08-22,52.099998,53.23,52.009998,52.639999,33.625595,11097700
2007-08-23,53.240002,53.689999,52.25,53.560001,34.213291,7052600
2007-08-24,53.0,54.02,53.0,53.939999,34.456024,4944400
2007-08-27,53.029999,54.700001,53.029999,53.689999,34.296314,4566600
2007-08-28,53.57,53.57,52.939999,52.970001,33.836391,4888900
2007-08-29,53.0,53.200001,52.349998,53.139999,33.944988,4535200
2007-08-30,52.66,52.970001,52.380001,52.580002,33.587269,3634500
2007-08-31,52.720001,53.0,52.290001,52.84,33.753365,4362300
2007-09-04,52.650002,53.48,52.5,53.450001,34.143009,4246200
2007-09-05,53.389999,53.849998,53.0,53.650002,34.270767,4614200
2007-09-06,53.02,54.27,53.02,54.060001,34.532677,5670400
2007-09-07,53.419998,54.150002,53.419998,53.84,34.392136,5338100
2007-09-10,53.900002,54.16,53.73,53.919998,34.443249,4107800
2007-09-11,54.080002,54.5,53.880001,54.490002,34.807358,4623200
2007-09-12,54.549999,54.740002,54.139999,54.330002,34.705154,5316700
2007-09-13,54.169998,55.119999,53.880001,54.450001,34.781815,5663000
2007-09-14,54.450001,54.889999,53.25,54.490002,34.807358,3665000
2007-09-17,54.619999,54.630001,53.43,54.209999,34.628498,4524500
2007-09-18,54.27,55.759998,54.0,55.360001,35.363091,9709600
2007-09-19,55.549999,56.32,55.259998,56.220001,35.912449,9209800
2007-09-20,56.009998,57.0,55.990002,56.599998,36.155186,7970800
2007-09-21,57.139999,57.169998,56.209999,56.57,36.136021,7858400
2007-09-24,56.439999,57.16,56.240002,56.939999,36.37236,6767500
2007-09-25,56.849998,56.880001,56.130001,56.259998,35.938011,6373600
2007-09-26,56.52,57.099998,56.009998,56.939999,36.37236,5928700
2007-09-27,56.509998,57.290001,56.509998,57.040001,36.43626,5050500
2007-09-28,57.349998,57.349998,56.150002,56.41,36.033813,5699100
2007-10-01,56.709999,57.98,56.169998,57.860001,36.960052,6704600
2007-10-02,57.639999,57.990002,57.16,57.34,36.627888,3332100
2007-10-03,57.049999,57.220001,56.369999,56.84,36.387821,6692600
2007-10-04,56.650002,57.259998,56.650002,57.0,36.490246,5365400
2007-10-05,55.5,56.200001,54.82,55.900002,35.786049,15346700
2007-10-08,55.919998,56.650002,55.91,56.400002,36.106129,3830200
2007-10-09,56.709999,56.869999,56.139999,56.66,36.272598,4163000
2007-10-10,56.599998,57.07,56.009998,56.849998,36.394218,5682700
2007-10-11,57.299999,57.5,56.349998,56.439999,36.131744,6158500
2007-10-12,56.77,57.060001,56.049999,56.330002,36.06134,3628700
2007-10-15,50.549999,51.32,48.689999,50.0,32.00898,62884200
2007-10-16,49.990002,50.619999,49.27,50.299999,32.201038,23809800
2007-10-17,50.48,50.869999,49.349998,49.720001,31.829741,15183900
2007-10-18,49.889999,50.0,48.52,48.939999,31.330402,13225000
2007-10-19,49.0,49.73,47.439999,47.48,30.395735,13135300
2007-10-22,47.700001,47.700001,46.400002,47.0,30.088455,14474800
2007-10-23,47.5,48.119999,47.049999,48.029999,30.747835,16448000
2007-10-24,48.060001,48.060001,46.810001,47.299999,30.280495,11663800
2007-10-25,47.490002,47.889999,47.200001,47.689999,30.530176,7514400
2007-10-26,47.990002,48.259998,47.48,47.82,30.613411,6554800
2007-10-29,48.0,48.18,47.57,47.77,30.581383,7023800
2007-10-30,47.509998,47.639999,46.75,46.939999,30.050043,9913800
2007-10-31,47.23,47.52,46.810001,47.439999,30.370131,8753600
2007-11-01,47.259998,47.75,46.700001,46.799999,29.960417,8137700
2007-11-02,46.810001,47.119999,46.66,46.880001,30.011627,5789200
2007-11-05,46.689999,46.950001,46.509998,46.759998,29.934818,5201000
2007-11-06,46.580002,46.919998,46.279999,46.650002,29.86438,5314000
2007-11-07,46.490002,46.490002,45.509998,45.560001,29.166586,9546600
2007-11-08,45.599998,46.119999,45.049999,45.990002,29.441881,9711700
2007-11-09,45.779999,46.599998,45.450001,46.040001,29.47389,6224500
2007-11-12,46.0,46.849998,45.82,46.360001,29.678743,5571600
2007-11-13,46.75,46.889999,46.25,46.849998,29.992424,6175300
2007-11-14,47.040001,47.25,46.299999,46.66,29.870781,6039100
2007-11-15,46.459999,47.02,46.16,46.25,29.608324,5007900
2007-11-16,46.439999,46.849998,45.419998,45.77,29.301033,8580600
2007-11-19,45.41,45.77,44.869999,45.25,28.968142,8693900
2007-11-20,47.599998,49.41,47.540001,48.419998,30.997501,18802100
2007-11-21,48.119999,48.830002,47.849998,48.290001,30.914288,8682900
2007-11-23,48.709999,48.880001,48.110001,48.32,30.933489,2551400
2007-11-26,48.23,49.32,48.009998,48.869999,31.285576,7611700
2007-11-27,48.990002,49.939999,48.009998,49.91,31.951365,9735900
2007-11-28,49.759998,50.619999,49.439999,50.349998,32.233044,7405400
2007-11-29,50.25,50.540001,49.869999,50.290001,32.194641,4732300
2007-11-30,50.790001,50.889999,49.779999,50.849998,32.553154,6785800
2007-12-03,50.790001,50.799999,50.400002,50.580002,32.380287,5537700
2007-12-04,50.18,51.18,50.18,50.540001,32.354691,8260300
2007-12-05,50.209999,51.25,50.209999,51.209999,32.7836,6055400
2007-12-06,51.189999,51.200001,50.330002,50.77,32.501938,6822300
2007-12-07,50.759998,50.900002,50.310001,50.540001,32.354691,4079100
2007-12-10,50.580002,50.900002,50.259998,50.610001,32.399494,4025800
2007-12-11,50.610001,50.720001,49.709999,49.740002,31.842535,6592900
2007-12-12,50.459999,50.459999,49.490002,49.990002,32.002575,6167500
2007-12-13,49.41,50.16,49.240002,50.099998,32.073006,5568000
2007-12-14,49.799999,49.810001,49.169998,49.400002,31.624878,8893300
2007-12-17,49.09,49.34,48.830002,49.150002,31.464832,5618700
2007-12-18,49.040001,49.650002,48.91,49.52,31.7017,5913700
2007-12-19,49.43,50.040001,49.16,49.59,31.746502,4415300
2007-12-20,49.849998,50.18,49.34,49.889999,31.938574,3841300
2007-12-21,49.900002,50.549999,49.900002,50.43,32.284267,7011400
2007-12-24,50.259998,50.639999,49.959999,50.299999,32.201038,981100
2007-12-26,49.900002,50.830002,49.880001,50.66,32.431515,2518000
2007-12-27,50.66,50.700001,49.880001,50.259998,32.175426,2721000
2007-12-28,50.549999,50.700001,49.900002,50.220001,32.149845,2587800
2007-12-31,50.0,50.52,49.740002,50.27,32.181839,3186100
2008-01-02,50.0,50.349998,49.150002,49.5,31.767893,5826800
2008-01-03,49.57,49.98,49.240002,49.75,31.928337,3325200
2008-01-04,49.43,49.720001,49.080002,49.18,31.562523,5302500
2008-01-07,49.419998,50.240002,49.119999,49.77,31.941175,7582500
2008-01-08,49.939999,50.27,49.220001,49.400002,31.703714,5230900
2008-01-09,49.389999,50.779999,49.389999,50.759998,32.576519,6478600
2008-01-10,50.290001,51.110001,50.290001,50.810001,32.608616,4699100
2008-01-11,50.25,50.66,50.0,50.080002,32.140118,4835000
2008-01-14,50.0,50.380001,49.310001,49.650002,31.864157,6028600
2008-01-15,49.130001,49.150002,48.169998,48.41,31.068354,9613600
2008-01-16,48.220001,48.93,47.52,48.419998,31.074774,10525800
2008-01-17,48.200001,48.759998,47.540001,47.82,30.689705,7406600
2008-01-18,48.139999,48.459999,46.720001,46.990002,30.157036,7987200
2008-01-22,44.310001,46.779999,44.310001,46.419998,29.79122,9087600
2008-01-23,44.259998,47.439999,44.259998,47.349998,30.388079,11612900
2008-01-24,47.439999,47.5,46.400002,46.77,30.015854,6778200
2008-01-25,47.119999,47.16,45.959999,46.119999,29.598684,6972500
2008-01-28,46.09,46.610001,45.93,46.48,29.829731,4465400
2008-01-29,46.68,47.27,46.549999,46.709999,29.977331,6362400
2008-01-30,46.599998,46.860001,46.009998,46.189999,29.643612,5402000
2008-01-31,45.93,46.880001,45.73,46.5,29.842564,7186700
2008-02-01,46.490002,50.0,46.310001,47.849998,30.708961,13331400
2008-02-04,47.68,48.82,47.290001,47.549999,30.516436,5733600
2008-02-05,47.290001,47.549999,46.799999,47.009998,30.169859,5271600
2008-02-06,47.240002,47.509998,46.889999,46.919998,30.112104,5176500
2008-02-07,46.759998,47.470001,46.759998,47.25,30.323895,5452700
2008-02-08,47.009998,47.5,46.459999,46.73,29.990181,6519800
2008-02-11,46.619999,47.41,46.509998,47.330002,30.37525,4132800
2008-02-12,47.400002,48.360001,47.400002,48.299999,30.997755,5830300
2008-02-13,48.57,49.25,48.439999,48.720001,31.267311,6519200
2008-02-14,48.830002,49.130001,48.009998,48.099998,30.8694,6332900
2008-02-15,48.009998,49.189999,47.759998,49.119999,31.52401,8510600
2008-02-19,49.18,50.029999,48.91,49.150002,31.543272,7469300
2008-02-20,49.0,49.57,48.59,49.41,31.710133,7412100
2008-02-21,49.48,49.529999,48.099998,48.950001,31.414911,11386200
2008-02-22,49.049999,49.32,47.880001,48.540001,31.151796,6070500
2008-02-25,48.470001,49.669998,48.470001,49.669998,31.876991,7454400
2008-02-26,49.34,50.150002,49.34,49.990002,32.082367,7569100
2008-02-27,49.630001,50.540001,49.630001,50.32,32.294163,6384600
2008-02-28,50.009998,50.459999,49.630001,49.759998,31.93474,6968500
2008-02-29,49.200001,49.790001,49.200001,49.360001,31.678045,5552200
2008-03-03,49.639999,49.639999,48.810001,49.43,31.722986,5280200
2008-03-04,49.07,49.560001,48.889999,49.470001,31.748642,5200000
2008-03-05,49.529999,50.009998,49.360001,49.900002,32.024601,6541900
2008-03-06,49.759998,49.759998,48.34,48.360001,31.036276,5549200
2008-03-07,47.889999,48.25,47.330002,47.599998,30.548517,5834900
2008-03-10,47.740002,47.740002,46.919998,47.18,30.278973,4392000
2008-03-11,47.43,48.32,47.110001,47.990002,30.798817,5638600
2008-03-12,48.040001,48.75,47.810001,48.200001,30.933607,4441800
2008-03-13,47.950001,48.5,47.18,48.040001,30.830904,6409800
2008-03-14,48.009998,48.509998,46.889999,47.18,30.278973,6956800
2008-03-17,46.150002,47.880001,46.150002,47.389999,30.413759,6593600
2008-03-18,48.200001,48.380001,47.080002,48.34,31.023426,7712200
2008-03-19,48.48,49.07,48.02,48.09,30.86298,6908500
2008-03-20,48.439999,48.650002,47.939999,48.529999,31.145361,5437600
2008-03-24,48.349998,48.939999,48.139999,48.540001,31.151796,4399600
2008-03-25,48.669998,48.939999,48.34,48.560001,31.16464,4376800
2008-03-26,48.360001,48.57,48.07,48.299999,30.997755,5671400
2008-03-27,48.32,48.549999,47.91,48.060001,30.84374,3844400
2008-03-28,48.200001,48.490002,47.810001,47.860001,30.715385,2809900
2008-03-31,47.810001,48.549999,47.32,48.369999,31.042671,6210700
2008-04-01,48.139999,48.93,48.139999,48.459999,31.100439,8652200
2008-04-02,48.459999,49.610001,48.25,49.349998,31.753532,6342000
2008-04-03,49.150002,49.259998,48.369999,49.02,31.541193,4036100
2008-04-04,49.0,49.900002,49.0,49.650002,31.946569,4435000
2008-04-07,49.91,50.09,49.459999,49.98,32.158905,4469500
2008-04-08,49.73,50.5,49.450001,50.439999,32.454895,5180200
2008-04-09,49.689999,50.310001,49.639999,49.77,32.023781,4629800
2008-04-10,49.68,50.310001,49.59,50.060001,32.210377,3969000
2008-04-11,49.57,50.23,49.57,49.799999,32.043087,4154700
2008-04-14,49.689999,50.009998,49.330002,49.450001,31.817871,3147400
2008-04-15,49.669998,49.810001,48.650002,49.029999,31.547626,3793600
2008-04-16,49.34,49.799999,48.939999,49.619999,31.927248,4931000
2008-04-17,49.580002,49.799999,49.25,49.549999,31.882231,2984800
2008-04-18,49.93,50.119999,49.5,49.990002,32.165344,4417200
2008-04-21,49.630001,49.900002,49.150002,49.549999,31.882231,3459100
2008-04-22,49.25,49.52,48.91,49.25,31.689186,3983100
2008-04-23,49.34,49.700001,49.139999,49.509998,31.856462,3865800
2008-04-24,49.48,49.900002,49.169998,49.459999,31.824303,3227000
2008-04-25,49.599998,49.720001,48.98,49.419998,31.798582,4206800
2008-04-28,49.959999,50.599998,49.240002,50.34,32.39053,6980700
2008-04-29,50.18,50.599998,49.540001,49.720001,31.991617,7221300
2008-04-30,49.720001,49.759998,48.560001,48.68,31.322424,7966100
2008-05-01,48.790001,49.959999,48.709999,49.860001,32.081673,5461100
2008-05-02,50.23,50.23,49.099998,49.25,31.689186,4635100
2008-05-05,49.360001,49.360001,48.75,49.040001,31.554073,3130300
2008-05-06,48.48,49.130001,48.380001,49.009998,31.534756,3624600
2008-05-07,48.939999,49.07,47.68,47.810001,30.76264,7876600
2008-05-08,47.419998,48.16,47.400002,47.869999,30.80125,6356300
2008-05-09,47.450001,48.23,47.32,47.790001,30.749784,4358100
2008-05-12,47.82,48.209999,47.689999,48.150002,30.981413,3308200
2008-05-13,47.68,48.439999,47.380001,47.419998,30.511698,5544000
2008-05-14,47.470001,47.880001,47.18,47.700001,30.691868,4340000
2008-05-15,47.700001,47.700001,46.990002,47.07,30.286503,7720100
2008-05-16,47.080002,47.360001,46.849998,46.98,30.228577,9491700
2008-05-19,46.75,47.939999,46.689999,47.880001,30.807678,7306400
2008-05-20,49.200001,49.880001,48.610001,48.959999,31.502594,14644400
2008-05-21,49.82,50.98,49.740002,50.43,32.448433,11383500
2008-05-22,50.400002,50.990002,50.400002,50.740002,32.647915,8016700
2008-05-23,50.41,50.540001,50.02,50.130001,32.255409,5644800
2008-05-27,50.060001,50.34,49.889999,50.23,32.319756,5604100
2008-05-28,50.27,50.34,49.52,49.84,32.068821,5177100
2008-05-29,49.84,50.860001,49.5,50.700001,32.622177,6787900
2008-05-30,50.639999,50.759998,50.200001,50.669998,32.602863,5094900
2008-06-02,50.799999,50.91,49.950001,50.32,32.377666,7042200
2008-06-03,50.669998,51.75,50.48,51.43,33.091896,11217500
2008-06-04,51.189999,51.869999,51.009998,51.650002,33.233444,6497200
2008-06-05,51.73,51.880001,51.07,51.630001,33.22057,4440100
2008-06-06,51.259998,51.560001,50.32,50.369999,32.409843,6066700
2008-06-09,50.41,50.849998,50.0,50.330002,32.38409,4776400
2008-06-10,49.990002,50.650002,49.950001,50.369999,32.409843,6457000
2008-06-11,50.09,50.169998,49.529999,49.84,32.068821,6516900
2008-06-12,49.990002,50.889999,49.990002,50.830002,32.705833,6751100
2008-06-13,51.07,51.540001,50.73,51.540001,33.162678,5750100
2008-06-16,51.119999,51.470001,50.700001,51.27,32.988926,4364400
2008-06-17,51.43,51.48,50.810001,51.259998,32.982498,3459800
2008-06-18,50.939999,51.599998,50.810001,51.119999,32.892418,5780000
2008-06-19,50.93,51.549999,50.759998,51.389999,33.066135,3859500
2008-06-20,51.099998,51.43,50.650002,50.869999,32.731556,6153800
2008-06-23,51.18,51.549999,50.75,51.200001,32.94389,6241700
2008-06-24,50.919998,51.959999,50.810001,51.59,33.194836,8603700
2008-06-25,51.68,52.0,51.310001,51.75,33.297779,6164300
2008-06-26,51.279999,51.77,50.959999,51.080002,32.866695,6601000
2008-06-27,50.990002,51.720001,50.75,51.240002,32.969624,7029100
2008-06-30,51.209999,52.0,50.950001,51.75,33.297779,6407200
2008-07-01,51.490002,51.560001,50.869999,51.459999,33.231895,7078500
2008-07-02,51.740002,51.740002,50.93,50.939999,32.896107,5971400
2008-07-03,50.970001,51.450001,50.869999,51.060001,32.973595,2719200
2008-07-07,51.169998,51.82,50.889999,51.360001,33.167336,8017700
2008-07-08,51.279999,52.639999,51.130001,52.59,33.961636,9448200
2008-07-09,52.560001,53.209999,52.5,52.700001,34.032696,7094800
2008-07-10,52.700001,53.389999,52.419998,53.119999,34.303905,8289500
2008-07-11,52.52,52.869999,52.0,52.360001,33.813099,7036200
2008-07-14,52.450001,52.619999,51.82,51.860001,33.490223,4980900
2008-07-15,51.889999,52.77,51.560001,52.529999,33.92289,7242500
2008-07-16,53.57,54.580002,53.169998,54.099998,34.936775,13883400
2008-07-17,54.27,54.889999,53.259998,54.099998,34.936775,7167000
2008-07-18,54.049999,54.369999,53.0,53.43,34.504093,9460700
2008-07-21,53.630001,53.75,52.849998,53.299999,34.420155,4089000
2008-07-22,53.18,54.5,52.919998,54.41,35.136971,8807400
2008-07-23,54.59,54.59,53.5,53.740002,34.704296,5604800
2008-07-24,53.650002,53.91,53.169998,53.380001,34.471806,5777300
2008-07-25,53.450001,53.98,53.0,53.59,34.607426,5703500
2008-07-28,53.400002,53.84,52.540001,52.860001,34.135998,5372300
2008-07-29,52.66,53.48,52.549999,52.650002,34.000381,5870000
2008-07-30,52.75,53.330002,52.57,52.849998,34.129555,5672400
2008-07-31,52.57,53.75,52.57,52.830002,34.116634,9137200
2008-08-01,52.75,53.18,52.0,52.18,33.696861,5525100
2008-08-04,52.290001,53.16,52.049999,52.84,34.123081,4548200
2008-08-05,53.049999,53.98,52.799999,53.98,34.85928,6048500
2008-08-06,53.939999,54.330002,53.380001,53.889999,34.801155,6981500
2008-08-07,53.540001,53.68,52.200001,52.5,33.90353,8511600
2008-08-08,52.330002,53.830002,52.18,53.740002,34.704296,7337000
2008-08-11,53.77,53.82,53.200001,53.540001,34.57513,4224300
2008-08-12,53.290001,53.529999,52.959999,53.099998,34.290993,4262600
2008-08-13,52.869999,53.82,52.869999,53.48,34.536385,4850400
2008-08-14,52.990002,54.290001,52.939999,53.689999,34.672001,6093300
2008-08-15,53.68,54.209999,53.450001,54.07,34.9174,3929100
2008-08-18,54.200001,54.200001,53.330002,53.439999,34.510567,6298600
2008-08-19,53.5,54.799999,53.470001,54.48,35.182152,10196900
2008-08-20,54.700001,56.18,54.189999,56.009998,36.170204,13691000
2008-08-21,55.529999,56.849998,55.110001,56.549999,36.51894,10990900
2008-08-22,56.66,56.970001,55.799999,56.5,36.486641,5574400
2008-08-25,56.18,56.25,55.25,55.43,35.795647,4496800
2008-08-26,55.259998,56.200001,54.959999,55.310001,35.718159,4474700
2008-08-27,55.52,55.66,54.720001,55.060001,35.556732,5232000
2008-08-28,55.290001,55.459999,54.810001,55.209999,35.653595,3579900
2008-08-29,55.169998,55.389999,54.5,54.599998,35.259659,4273700
2008-09-02,55.279999,55.830002,54.599998,54.740002,35.350067,6043500
2008-09-03,54.860001,55.580002,54.630001,55.139999,35.608391,4598100
2008-09-04,54.68,54.82,53.549999,53.779999,34.730122,9595000
2008-09-05,53.669998,54.470001,52.93,53.279999,34.407227,6642900
2008-09-08,54.209999,54.5,53.029999,54.240002,35.027191,6758900
2008-09-09,54.110001,54.790001,53.900002,53.93,34.826992,8751200
2008-09-10,53.810001,54.490002,53.209999,53.84,34.768864,5209300
2008-09-11,53.400002,54.330002,53.380001,54.279999,35.05302,5351800
2008-09-12,54.029999,54.27,53.27,53.959999,34.846359,5526100
2008-09-15,52.509998,54.490002,52.5,53.23,34.374939,7020200
2008-09-16,52.639999,53.950001,52.5,52.849998,34.129555,13821600
2008-09-17,52.209999,52.939999,51.720001,51.869999,33.496674,15126700
2008-09-18,52.34,53.32,51.5,52.759998,34.071423,10364100
2008-09-19,53.360001,54.02,51.549999,52.470001,33.884151,11926800
2008-09-22,52.16,52.450001,51.5,51.779999,33.438557,6835000
2008-09-23,51.77,52.970001,51.259998,52.049999,33.612911,9498700
2008-09-24,52.0,52.48,51.669998,52.139999,33.671032,6269600
2008-09-25,51.849998,52.950001,51.669998,51.880001,33.503136,7833300
2008-09-26,51.43,51.900002,50.630001,51.130001,33.018803,7934400
2008-09-29,50.700001,51.540001,49.150002,49.360001,31.875776,11604600
2008-09-30,49.450001,50.34,49.310001,50.099998,32.353638,9506500
2008-10-01,49.82,49.98,49.150002,49.830002,32.300484,8167100
2008-10-02,49.669998,49.790001,48.75,48.990002,31.755993,11013700
2008-10-03,49.790001,50.919998,49.259998,49.610001,32.157879,10210500
2008-10-06,48.93,50.099998,45.959999,47.450001,30.757748,12082800
2008-10-07,46.84,47.970001,45.689999,45.799999,29.68819,10317900
2008-10-08,45.0,46.09,44.5,44.619999,28.923307,14855700
2008-10-09,45.0,45.439999,41.540001,41.950001,27.192556,14996000
2008-10-10,38.740002,43.0,34.740002,40.0,25.928551,17626100
2008-10-13,41.049999,44.560001,40.25,44.119999,28.59919,12128200
2008-10-14,45.57,45.57,43.02,43.540001,28.223228,10469300
2008-10-15,43.0,43.43,40.740002,40.84,26.473053,9366100
2008-10-16,40.93,41.509998,34.610001,40.009998,25.93504,23517600
2008-10-17,39.209999,40.860001,38.169998,38.900002,25.215519,10606400
2008-10-20,39.290001,41.799999,39.0,41.529999,26.920311,10068900
2008-10-21,41.130001,41.990002,40.84,41.099998,26.641586,7036200
2008-10-22,40.740002,41.380001,39.380001,39.630001,25.688717,8103000
2008-10-23,39.740002,39.860001,37.990002,38.98,25.26737,11192800
2008-10-24,36.630001,38.560001,36.0,37.810001,24.508965,11031900
2008-10-27,37.310001,37.549999,36.189999,36.240002,23.49127,8980300
2008-10-28,36.939999,39.740002,36.709999,39.720001,25.747049,11815900
2008-10-29,39.900002,40.360001,38.139999,38.490002,24.949738,8528100
2008-10-30,39.349998,40.470001,39.099998,39.439999,25.56555,9243200
2008-10-31,39.209999,40.639999,38.990002,40.330002,26.142454,7556100
2008-11-03,40.290001,40.869999,39.970001,40.689999,26.37582,4198400
2008-11-04,40.990002,41.290001,39.93,40.349998,26.155418,8592100
2008-11-05,40.459999,40.549999,38.939999,39.139999,25.37109,7549000
2008-11-06,38.73,39.52,38.16,38.41,24.897888,9136200
2008-11-07,38.75,39.990002,38.169998,39.810001,25.805391,7635700
2008-11-10,40.189999,40.900002,39.709999,40.150002,26.025776,5749200
2008-11-11,39.52,40.310001,38.939999,40.080002,25.980406,8006800
2008-11-12,37.900002,39.279999,37.290001,37.720001,24.450628,10881000
2008-11-13,38.130001,40.049999,37.07,39.93,25.883173,9333200
2008-11-14,39.169998,39.75,37.330002,37.450001,24.275602,9087500
2008-11-17,37.130001,37.669998,36.049999,36.419998,23.607944,10982100
2008-11-18,34.490002,35.48,30.85,31.6,20.483559,34530300
2008-11-19,31.860001,32.889999,31.200001,31.200001,20.224272,16016200
2008-11-20,31.049999,31.780001,28.799999,29.040001,18.824127,16134400
2008-11-21,29.540001,31.02,29.309999,30.98,20.081659,19285700
2008-11-24,31.42,31.74,30.5,30.870001,20.010361,12273500
2008-11-25,31.32,32.0,29.24,29.450001,19.089897,15998300
2008-11-26,29.23,29.629999,28.33,29.48,19.109343,13390700
2008-11-28,29.690001,30.58,29.610001,30.52,19.783484,4781700
2008-12-01,29.84,30.02,28.559999,28.67,18.584293,10586900
2008-12-02,29.32,29.99,28.549999,29.299999,18.992661,8837200
2008-12-03,28.709999,30.450001,28.709999,30.290001,19.634401,9277400
2008-12-04,29.950001,31.07,29.629999,30.450001,19.73811,11627700
2008-12-05,30.26,31.709999,29.92,31.67,20.528929,8203000
2008-12-08,31.91,32.84,31.65,31.799999,20.613199,9225200
2008-12-09,31.59,32.209999,30.559999,30.85,19.997396,8282100
2008-12-10,31.040001,31.4,30.52,30.85,19.997396,6851700
2008-12-11,30.879999,31.469999,30.200001,30.620001,19.848305,6468600
2008-12-12,30.16,30.48,29.209999,29.91,19.388075,7983300
2008-12-15,30.02,30.450001,29.16,30.18,19.563086,8536300
2008-12-16,30.200001,31.58,30.110001,31.48,20.405771,9688400
2008-12-17,30.969999,31.74,30.299999,31.360001,20.327986,6410300
2008-12-18,31.639999,32.75,31.42,32.27,20.917858,9240500
2008-12-19,32.66,32.689999,31.42,32.169998,20.853037,11136400
2008-12-22,32.279999,32.66,30.91,31.16,20.198338,7658300
2008-12-23,31.02,31.58,30.27,30.57,19.815895,6282700
2008-12-24,30.82,31.059999,30.5,30.92,20.042767,1757100
2008-12-26,31.129999,31.219999,30.700001,30.780001,19.952023,2211100
2008-12-29,30.92,31.200001,30.02,30.25,19.608459,4295500
2008-12-30,30.360001,30.57,29.9,30.540001,19.920254,7090600
2008-12-31,30.530001,31.59,30.459999,31.42,20.494242,6469500
2009-01-02,31.51,32.740002,31.18,32.610001,21.270437,5328500
2009-01-05,32.619999,32.939999,32.07,32.580002,21.250875,8281500
2009-01-06,32.200001,32.799999,31.110001,31.23,20.370321,9692400
2009-01-07,31.0,31.91,30.690001,31.719999,20.689924,9387400
2009-01-08,31.67,32.279999,31.360001,32.220001,21.016062,7873200
2009-01-09,32.560001,32.990002,31.940001,32.57,21.244354,8781400
2009-01-12,32.57,32.740002,32.150002,32.450001,21.16608,8030900
2009-01-13,32.439999,32.599998,32.02,32.450001,21.16608,8137900
2009-01-14,32.049999,32.48,31.93,32.41,21.13999,9254900
2009-01-15,32.48,32.560001,31.34,32.02,20.885611,10302400
2009-01-16,32.220001,32.849998,32.09,32.720001,21.342199,9080300
2009-01-20,32.700001,33.150002,31.709999,31.85,20.774715,8787700
2009-01-21,32.299999,33.09,31.85,32.950001,21.492212,8689800
2009-01-22,32.259998,33.18,32.080002,33.029999,21.544394,8054700
2009-01-23,32.200001,32.57,31.280001,32.330002,21.087816,8065000
2009-01-26,32.82,33.299999,32.400002,33.02,21.537876,6107900
2009-01-27,33.139999,34.279999,32.889999,34.07,22.222757,8049100
2009-01-28,34.610001,34.650002,33.580002,34.529999,22.5228,7709900
2009-01-29,34.07,34.5,33.34,33.43,21.805309,7182000
2009-01-30,33.389999,33.860001,33.240002,33.490002,21.844442,7314500
2009-02-02,32.93,33.950001,32.93,33.740002,22.007502,5392000
2009-02-03,34.080002,34.09,33.25,33.970001,22.157532,6300200
2009-02-04,34.130001,35.099998,33.68,33.849998,22.079254,5253900
2009-02-05,33.880001,34.299999,33.380001,34.139999,22.268414,6305100
2009-02-06,34.099998,34.48,33.040001,33.389999,21.779221,9856600
2009-02-09,33.41,33.790001,32.869999,33.130001,21.609629,6829700
2009-02-10,32.939999,33.130001,31.969999,32.139999,20.963879,9490900
2009-02-11,32.360001,32.91,32.049999,32.5,21.198692,7337500
2009-02-12,32.099998,32.919998,31.66,32.799999,21.394379,10027600
2009-02-13,31.809999,33.130001,31.809999,32.810001,21.400898,9325600
2009-02-17,33.610001,35.389999,33.529999,34.560001,22.54236,16077100
2009-02-18,34.709999,35.139999,34.099998,34.330002,22.392342,8711000
2009-02-19,34.540001,34.939999,34.009998,34.130001,22.261898,8695100
2009-02-20,32.68,34.369999,32.68,34.0,22.177103,11692200
2009-02-23,34.23,34.970001,33.540001,34.02,22.190145,9356100
2009-02-24,34.150002,34.610001,33.869999,34.52,22.51627,9376000
2009-02-25,34.419998,34.5,33.68,33.860001,22.085785,9440100
2009-02-26,34.09,34.48,31.780001,31.799999,20.742109,11725400
2009-02-27,31.23,31.549999,29.52,29.59,19.300592,15776700
2009-03-02,29.26,29.26,27.15,27.219999,17.754719,16859100
2009-03-03,27.57,27.59,26.68,26.879999,17.532946,12311000
2009-03-04,27.42,27.42,26.389999,26.459999,17.259001,14382100
2009-03-05,26.139999,26.32,25.51,25.76,16.802406,10961900
2009-03-06,25.92,26.030001,24.799999,24.92,16.254509,14749700
2009-03-09,24.459999,24.75,24.059999,24.379999,15.902279,15649600
2009-03-10,24.6,25.17,24.200001,24.93,16.26103,14841800
2009-03-11,25.139999,26.85,25.030001,25.799999,16.828499,15768700
2009-03-12,25.809999,27.27,25.68,27.16,17.715588,10099600
2009-03-13,27.469999,28.639999,27.299999,28.58,18.641809,11436500
2009-03-16,28.0,29.08,27.950001,28.32,18.472214,8326500
2009-03-17,28.389999,28.780001,27.780001,28.469999,18.570051,11179600
2009-03-18,28.379999,29.809999,28.32,29.23,19.065779,9934500
2009-03-19,29.52,29.52,27.51,27.870001,18.178688,9147100
2009-03-20,27.99,28.059999,27.43,27.76,18.106945,10582500
2009-03-23,28.17,29.719999,27.91,29.690001,19.365826,9509200
2009-03-24,29.43,30.23,29.26,29.41,19.183191,6013100
2009-03-25,29.65,29.68,28.0,28.42,18.537441,10677100
2009-03-26,28.68,29.26,28.139999,29.23,19.065779,10032800
2009-03-27,28.889999,29.190001,28.67,28.780001,18.772255,5736600
2009-03-30,28.379999,29.23,28.0,29.030001,18.935329,6420000
2009-03-31,29.24,29.98,28.969999,29.469999,19.222326,7248200
2009-04-01,28.889999,29.690001,28.77,29.58,19.417948,6821400
2009-04-02,29.73,30.309999,29.57,29.76,19.53611,8242400
2009-04-03,29.83,30.09,29.110001,29.83,19.582058,9276500
2009-04-06,29.790001,30.41,29.469999,29.809999,19.568928,7199300
2009-04-07,29.48,29.92,29.26,29.309999,19.2407,6181000
2009-04-08,29.42,30.450001,29.34,30.219999,19.83807,5896600
2009-04-09,30.469999,31.6,30.4,31.040001,20.376366,7480600
2009-04-13,30.879999,31.25,30.74,30.98,20.336985,5101300
2009-04-14,30.879999,31.809999,30.639999,31.360001,20.586441,6010900
2009-04-15,31.299999,31.700001,31.030001,31.440001,20.638952,4852000
2009-04-16,31.629999,32.049999,31.41,31.709999,20.816196,6347200
2009-04-17,31.73,32.450001,31.629999,32.299999,21.203508,6776800
2009-04-20,32.09,32.099998,31.030001,31.18,20.468275,5387400
2009-04-21,31.32,31.59,30.459999,30.559999,20.06127,7737800
2009-04-22,30.4,30.48,29.950001,29.98,19.680529,7245500
2009-04-23,29.9,29.9,29.08,29.719999,19.509846,7047900
2009-04-24,29.860001,30.15,29.379999,29.58,19.417948,7187200
2009-04-27,29.280001,30.15,29.219999,29.959999,19.667406,5498900
2009-04-28,29.950001,30.879999,29.719999,30.639999,20.113777,6763000
2009-04-29,30.83,31.940001,30.530001,31.700001,20.809639,9330600
2009-04-30,32.049999,32.48,31.799999,32.0,21.006571,8995800
2009-05-01,32.169998,32.209999,31.629999,32.16,21.111599,5245700
2009-05-04,32.23,33.110001,32.209999,33.099998,21.72867,6653300
2009-05-05,33.07,33.200001,32.150002,32.380001,21.256027,6247800
2009-05-06,32.459999,32.619999,31.860001,32.169998,21.118168,5933000
2009-05-07,32.450001,33.93,31.74,33.84,22.214451,11433600
2009-05-08,34.080002,34.580002,33.25,34.220001,22.463896,8119700
2009-05-11,34.099998,34.110001,33.27,33.490002,21.984692,5864800
2009-05-12,33.689999,34.09,33.07,34.049999,22.35231,6363800
2009-05-13,34.110001,34.110001,33.080002,33.25,21.827133,6246700
2009-05-14,33.66,33.93,33.25,33.59,22.050337,4962300
2009-05-15,33.509998,33.630001,32.93,33.400002,21.92561,6150500
2009-05-18,34.139999,34.209999,33.130001,33.959999,22.293219,7134200
2009-05-19,33.470001,33.5,31.02,31.76,20.849026,25042100
2009-05-20,31.99,32.84,31.719999,32.189999,21.131296,12849200
2009-05-21,32.0,32.18,31.76,31.99,21.000002,9391200
2009-05-22,32.110001,32.599998,31.99,32.139999,21.098475,5755200
2009-05-26,32.189999,33.57,31.82,33.549999,22.024071,12780200
2009-05-27,33.470001,34.049999,33.27,33.759998,22.16193,13542700
2009-05-28,33.73,34.5,33.52,34.0,22.319487,12685300
2009-05-29,34.080002,34.41,33.59,34.349998,22.549244,6808800
2009-06-01,34.66,34.990002,34.189999,34.900002,22.910288,10236000
2009-06-02,35.0,36.049999,34.560001,35.830002,23.520803,11098800
2009-06-03,35.75,35.75,35.0,35.189999,23.100662,8978800
2009-06-04,35.290001,35.290001,33.84,34.119999,22.398249,10836700
2009-06-05,34.200001,34.529999,33.669998,33.950001,22.286659,8270800
2009-06-08,34.0,34.130001,33.27,33.720001,22.135668,5874500
2009-06-09,33.900002,34.220001,33.810001,34.080002,22.372,5033000
2009-06-10,34.23,34.5,33.299999,33.650002,22.089718,8020300
2009-06-11,33.619999,34.02,33.220001,33.740002,22.1488,8864600
2009-06-12,33.619999,33.830002,33.23,33.619999,22.070023,6296000
2009-06-15,33.290001,33.290001,32.07,32.169998,21.118168,8308600
2009-06-16,32.32,33.07,32.130001,32.389999,21.262581,5821900
2009-06-17,32.369999,33.400002,32.32,32.93,21.617073,4731100
2009-06-18,32.919998,33.709999,32.779999,33.349998,21.892784,6731400
2009-06-19,33.650002,34.419998,33.610001,33.959999,22.293219,8906300
2009-06-22,33.75,33.75,33.150002,33.189999,21.787745,7862900
2009-06-23,33.75,34.189999,33.130001,33.369999,21.905909,9525600
2009-06-24,33.509998,33.869999,33.290001,33.610001,22.063463,6014700
2009-06-25,33.599998,34.919998,33.439999,34.720001,22.792122,6447800
2009-06-26,34.66,35.110001,33.830002,34.970001,22.956242,8489400
2009-06-29,34.970001,35.02,34.310001,34.790001,22.838078,6579500
2009-06-30,34.68,34.900002,34.400002,34.889999,22.903719,7273900
2009-07-01,34.970001,34.970001,34.360001,34.709999,22.785559,5030600
2009-07-02,34.779999,34.91,33.84,34.259998,22.490156,5998400
2009-07-06,34.279999,34.5,33.709999,33.959999,22.293219,4506200
2009-07-07,33.970001,34.09,33.25,33.349998,21.892784,4463800
2009-07-08,33.290001,33.52,32.700001,32.82,21.678112,6425600
2009-07-09,32.990002,32.990002,32.380001,32.73,21.618673,4275200
2009-07-10,32.700001,33.16,32.450001,32.799999,21.6649,5144300
2009-07-13,32.93,33.540001,32.68,33.439999,22.087639,4142800
2009-07-14,33.419998,33.82,33.240002,33.75,22.292387,4858000
2009-07-15,33.93,34.560001,33.630001,34.540001,22.814203,6027100
2009-07-16,34.43,34.82,34.299999,34.639999,22.880249,5041300
2009-07-17,34.57,34.889999,34.5,34.669998,22.900063,5230900
2009-07-20,34.740002,35.110001,34.400002,34.75,22.952913,5662200
2009-07-21,34.959999,35.349998,34.68,35.009998,23.124649,3577500
2009-07-22,34.91,35.139999,33.93,34.09,22.516972,6154900
2009-07-23,34.130001,34.869999,34.110001,34.380001,22.708517,7247400
2009-07-24,34.290001,35.080002,34.240002,35.049999,23.151064,4612300
2009-07-27,35.119999,35.220001,34.439999,34.810001,22.992542,6701900
2009-07-28,34.709999,35.009998,34.639999,34.82,22.999149,6239200
2009-07-29,34.700001,35.0,34.419998,34.98,23.104824,5331500
2009-07-30,35.310001,35.619999,34.82,35.360001,23.355824,6361600
2009-07-31,35.389999,35.950001,35.299999,35.419998,23.395464,6641700
2009-08-03,35.720001,35.950001,35.18,35.919998,23.725718,6489800
2009-08-04,35.880001,36.349998,35.630001,36.200001,23.910652,6454700
2009-08-05,36.169998,36.349998,35.560001,36.02,23.791759,5077700
2009-08-06,36.009998,36.18,35.220001,35.580002,23.501131,4130200
2009-08-07,35.77,36.009998,35.59,35.73,23.600222,4006300
2009-08-10,35.689999,36.650002,35.630001,36.630001,24.194681,5253300
2009-08-11,36.48,36.990002,36.43,36.549999,24.141844,4889900
2009-08-12,36.450001,37.220001,36.200001,36.939999,24.399441,5397600
2009-08-13,37.040001,37.040001,36.360001,36.540001,24.135225,5095000
2009-08-14,36.650002,37.130001,36.59,37.009998,24.445669,5819500
2009-08-17,36.84,37.32,36.77,37.02,24.452286,4824100
2009-08-18,37.150002,37.150002,36.299999,36.560001,24.148449,4392300
2009-08-19,36.32,37.169998,36.32,37.040001,24.465494,6557900
2009-08-20,37.259998,37.75,36.919998,37.630001,24.855194,4197900
2009-08-21,37.950001,38.450001,37.150002,37.799999,24.967478,9837100
2009-08-24,38.02,38.119999,37.630001,38.0,25.099581,6392400
2009-08-25,37.32,38.150002,37.290001,37.860001,25.007113,10368700
2009-08-26,37.740002,38.450001,37.740002,38.169998,25.211874,7800700
2009-08-27,38.060001,39.02,38.060001,38.98,25.746889,6985200
2009-08-28,39.16,39.209999,38.119999,38.669998,25.542128,5866700
2009-08-31,38.669998,38.77,37.849998,38.299999,25.297735,5621500
2009-09-01,38.27,38.82,37.610001,37.849998,25.000507,10094800
2009-09-02,37.849998,38.450001,37.669998,38.139999,25.192057,5414600
2009-09-03,38.34,38.34,37.560001,38.07,25.145823,4943100
2009-09-04,38.029999,38.830002,37.950001,38.709999,25.568558,4267300
2009-09-08,38.950001,38.950001,38.150002,38.52,25.443048,7312300
2009-09-09,38.529999,39.389999,38.52,39.060001,25.799728,4463900
2009-09-10,39.080002,39.290001,38.560001,39.009998,25.766706,4978300
2009-09-11,38.93,39.049999,37.880001,37.900002,25.033533,10636200
2009-09-14,37.860001,38.68,37.349998,38.639999,25.522305,8161100
2009-09-15,38.689999,38.759998,37.810001,38.16,25.205254,5971200
2009-09-16,38.18,38.200001,37.34,37.849998,25.000507,6443200
2009-09-17,37.75,38.169998,37.369999,37.869999,25.013714,6587500
2009-09-18,37.860001,38.009998,37.349998,37.459999,24.742908,9719500
2009-09-21,37.290001,37.610001,37.169998,37.48,24.756115,4735700
2009-09-22,37.529999,37.560001,36.880001,37.349998,24.670258,8185600
2009-09-23,37.400002,37.490002,36.810001,36.860001,24.346603,5560400
2009-09-24,36.990002,37.169998,36.580002,36.82,24.320179,4200100
2009-09-25,36.82,37.060001,36.529999,36.790001,24.300365,4720700
2009-09-28,36.889999,37.75,36.790001,37.48,24.756115,4394900
2009-09-29,37.509998,37.669998,37.080002,37.139999,24.531544,3982600
2009-09-30,37.27,37.279999,36.380001,36.799999,24.306971,6855900
2009-10-01,36.799999,36.950001,36.360001,36.720001,24.254139,8079700
2009-10-02,36.310001,36.759998,36.240002,36.459999,24.082388,4866300
2009-10-05,36.580002,36.580002,35.91,36.450001,24.07579,5365000
2009-10-06,35.299999,36.220001,35.240002,36.189999,23.904051,15985800
2009-10-07,36.110001,36.880001,35.75,36.84,24.47201,7275100
2009-10-08,36.73,37.52,36.709999,36.91,24.518505,7760700
2009-10-09,36.959999,37.279999,36.880001,37.200001,24.711159,4398100
2009-10-12,37.169998,37.279999,36.779999,36.93,24.531797,4754000
2009-10-13,36.799999,37.32,36.779999,37.0,24.578291,7749000
2009-10-14,37.09,37.189999,36.849998,36.970001,24.558363,7589000
2009-10-15,36.830002,37.110001,36.650002,37.040001,24.60487,10285600
2009-10-16,37.099998,37.529999,36.790001,37.419998,24.857286,8116300
2009-10-19,37.509998,38.07,37.419998,37.990002,25.235935,7625100
2009-10-20,37.5,37.5,36.540001,36.650002,24.345802,13309600
2009-10-21,36.689999,37.419998,36.57,36.599998,24.312584,7090900
2009-10-22,36.57,37.369999,36.380001,37.23,24.731083,5798200
2009-10-23,37.110001,37.23,36.32,36.369999,24.159803,8127800
2009-10-26,36.41,36.84,36.060001,36.27,24.09338,4960100
2009-10-27,36.369999,36.68,36.0,36.360001,24.153164,6221200
2009-10-28,36.259998,36.580002,36.029999,36.029999,23.933943,5414100
2009-10-29,36.040001,36.310001,35.580002,36.27,24.09338,5595000
2009-10-30,36.139999,36.650002,35.639999,35.700001,23.714731,6809400
2009-11-02,35.73,36.299999,35.669998,36.119999,23.993727,5359000
2009-11-03,36.119999,36.360001,35.669998,35.990002,23.907372,4385400
2009-11-04,35.950001,36.880001,35.91,36.549999,24.279371,5142800
2009-11-05,37.360001,38.490002,37.279999,38.419998,25.521572,9138100
2009-11-06,38.369999,38.48,37.790001,37.970001,25.222645,5653000
2009-11-09,38.279999,39.32,38.09,39.279999,26.092859,7270700
2009-11-10,39.349998,39.950001,39.27,39.549999,26.2722,5668500
2009-11-11,39.669998,40.18,39.66,40.099998,26.637548,7332300
2009-11-12,39.869999,40.200001,39.619999,39.830002,26.458202,5090100
2009-11-13,39.790001,40.080002,39.330002,39.459999,26.21242,4726400
2009-11-16,39.59,40.220001,39.490002,40.080002,26.624275,4748300
2009-11-17,39.380001,40.200001,39.27,40.200001,26.704,6690100
2009-11-18,39.900002,40.099998,39.5,39.709999,26.378485,5164800
2009-11-19,39.650002,39.720001,39.150002,39.610001,26.312057,3564400
2009-11-20,39.59,39.939999,39.380001,39.619999,26.318697,5052800
2009-11-23,39.759998,40.459999,39.759998,40.310001,26.777056,5613900
2009-11-24,42.73,43.650002,40.310001,43.25,28.730032,23245900
2009-11-25,42.950001,43.48,42.790001,43.18,28.683525,5915500
2009-11-27,42.419998,43.220001,42.080002,42.990002,28.557327,3006800
2009-11-30,42.669998,42.77,42.029999,42.439999,28.191978,7582400
2009-12-01,42.700001,42.950001,42.279999,42.689999,28.358034,6500100
2009-12-02,42.529999,43.669998,42.529999,43.619999,28.975809,8428000
2009-12-03,43.73,43.919998,43.040001,43.119999,28.643681,6359100
2009-12-04,43.369999,43.68,42.740002,43.060001,28.603827,6359400
2009-12-07,43.02,43.75,43.02,43.060001,28.603827,5231100
2009-12-08,43.0,43.209999,42.400002,42.790001,28.424461,6365100
2009-12-09,42.889999,42.91,42.240002,42.84,28.45767,4623900
2009-12-10,42.889999,43.43,42.830002,43.32,28.776522,6565100
2009-12-11,43.490002,43.919998,43.32,43.48,28.882822,4381300
2009-12-14,43.66,44.27,43.66,43.869999,29.141891,5229500
2009-12-15,43.700001,44.009998,43.360001,43.869999,29.141891,4521600
2009-12-16,43.939999,44.150002,43.580002,43.599998,28.962526,4184200
2009-12-17,43.279999,43.400002,42.5,42.869999,28.477606,6326900
2009-12-18,42.849998,43.220001,42.5,43.220001,28.710106,9562500
2009-12-21,43.290001,43.84,43.060001,43.560001,28.935961,5549500
2009-12-22,43.57,43.709999,43.349998,43.549999,28.929308,3771700
2009-12-23,43.32,44.43,43.259998,44.400002,29.493959,5509400
2009-12-24,44.400002,44.400002,43.759998,44.119999,29.307947,1615600
2009-12-28,44.419998,44.419998,43.73,44.400002,29.493959,3477700
2009-12-29,44.330002,44.939999,44.330002,44.900002,29.826088,4386800
2009-12-30,44.669998,44.880001,44.349998,44.5,29.560379,3924100
2009-12-31,44.66,44.689999,43.919998,43.98,29.214962,3378800
2010-01-04,44.34,44.389999,43.799999,43.900002,29.161812,6109400
2010-01-05,44.0,44.810001,43.75,44.799999,29.759649,6568600
2010-01-06,44.689999,45.459999,44.419998,45.330002,30.250174,7470700
2010-01-07,45.349998,45.810001,45.02,45.75,30.530436,6895200
2010-01-08,45.639999,46.09,45.450001,45.990002,30.690599,4947200
2010-01-11,46.240002,46.34,45.720001,45.810001,30.570475,4339400
2010-01-12,45.419998,45.869999,45.240002,45.32,30.243462,4321600
2010-01-13,45.310001,45.75,45.23,45.580002,30.416992,3999800
2010-01-14,45.5,46.080002,45.34,45.98,30.683922,4260600
2010-01-15,45.900002,46.02,45.209999,45.610001,30.437012,5663300
2010-01-19,45.82,46.5,45.68,46.029999,30.717279,6034400
2010-01-20,45.84,46.66,45.32,45.610001,30.437012,4489100
2010-01-21,45.650002,45.759998,44.049999,44.09,29.422674,8339400
2010-01-22,43.970001,44.349998,43.25,43.299999,28.89547,6425100
2010-01-25,43.610001,44.380001,43.23,44.049999,29.395964,4732200
2010-01-26,43.959999,44.209999,43.580002,43.759998,29.202442,5735400
2010-01-27,43.639999,43.84,42.950001,43.59,29.088997,4824800
2010-01-28,43.740002,44.080002,42.860001,43.169998,28.808716,5019600
2010-01-29,43.400002,43.900002,42.84,42.889999,28.621861,6485700
2010-02-01,42.98,43.419998,42.700001,43.150002,28.795366,5434500
2010-02-02,43.290001,44.509998,43.049999,44.27,29.542786,7906000
2010-02-03,44.119999,44.349998,43.830002,44.0,29.362606,3638600
2010-02-04,43.110001,43.380001,42.200001,42.259998,28.201443,8256600
2010-02-05,42.23,42.25,41.099998,41.669998,27.80772,10079800
2010-02-08,41.630001,42.189999,41.290001,41.790001,27.8878,6700000
2010-02-09,42.080002,42.869999,42.0,42.360001,28.268192,6409900
2010-02-10,42.23,42.57,41.330002,42.150002,28.12805,4993900
2010-02-11,42.200001,42.349998,41.52,42.299999,28.228132,5440000
2010-02-12,41.939999,42.560001,41.610001,42.439999,28.321562,6242400
2010-02-16,42.639999,43.150002,42.310001,42.970001,28.675251,6859600
2010-02-17,42.98,43.75,42.900002,43.470001,29.008913,5773700
2010-02-18,43.470001,43.82,43.380001,43.810001,29.235802,3861900
2010-02-19,43.66,43.959999,43.09,43.700001,29.162407,4807100
2010-02-22,43.689999,43.939999,43.450001,43.66,29.135714,4819200
2010-02-23,42.82,43.41,42.57,42.869999,28.608511,11667900
2010-02-24,43.049999,43.650002,42.790001,43.59,29.088997,5280600
2010-02-25,42.810001,43.529999,42.650002,43.439999,28.988894,6026200
2010-02-26,43.57,43.900002,43.34,43.400002,28.962217,4865800
2010-03-01,43.5,44.150002,43.41,43.919998,29.309214,5026200
2010-03-02,44.060001,44.970001,44.040001,44.75,29.863117,7571800
2010-03-03,44.82,44.959999,44.610001,44.669998,29.809721,3444000
2010-03-04,44.759998,45.299999,44.57,44.82,29.909819,4051300
2010-03-05,44.91,45.5,44.91,45.5,30.363611,3896900
2010-03-08,45.389999,45.459999,44.77,44.810001,29.903141,3616000
2010-03-09,44.650002,44.900002,44.48,44.740002,29.856422,3348300
2010-03-10,44.689999,44.990002,44.549999,44.630001,29.783024,4350000
2010-03-11,44.450001,44.5,43.849998,44.34,29.589493,5482900
2010-03-12,44.400002,44.48,43.59,43.939999,29.322561,4366800
2010-03-15,45.25,46.07,45.049999,45.810001,30.570475,12646200
2010-03-16,45.73,45.75,44.93,45.119999,30.110006,8785300
2010-03-17,45.150002,45.240002,44.740002,44.950001,29.996574,5571700
2010-03-18,45.060001,45.220001,44.810001,45.169998,30.143379,4745800
2010-03-19,44.790001,45.73,44.540001,44.790001,29.889799,7525400
2010-03-22,45.130001,46.349998,45.07,45.799999,30.563803,6555300
2010-03-23,45.93,46.060001,45.470001,45.720001,30.510422,4439600
2010-03-24,45.619999,45.700001,45.009998,45.310001,30.236813,4643300
2010-03-25,45.540001,45.580002,44.93,44.98,30.016584,5077300
2010-03-26,45.040001,45.040001,44.400002,44.490002,29.689594,5369300
2010-03-29,44.650002,45.200001,44.490002,45.07,30.076651,4788100
2010-03-30,45.360001,45.470001,45.02,45.049999,30.063303,4226300
2010-03-31,44.98,45.279999,44.75,45.029999,30.049934,5839700
2010-04-01,45.310001,45.720001,45.16,45.669998,30.477047,5127500
2010-04-05,45.689999,46.0,45.599998,45.740002,30.523754,4293100
2010-04-06,45.599998,45.68,45.25,45.439999,30.323566,3565400
2010-04-07,45.060001,45.25,44.689999,44.779999,30.018536,4062300
2010-04-08,44.720001,45.119999,44.619999,44.880001,30.085588,5463300
2010-04-09,44.790001,45.610001,44.790001,45.43,30.454273,5608400
2010-04-12,45.599998,45.84,45.220001,45.43,30.454273,5444000
2010-04-13,45.27,45.52,45.200001,45.450001,30.467682,4824300
2010-04-14,45.34,45.799999,45.110001,45.709999,30.641977,4974600
2010-04-15,45.639999,45.790001,45.450001,45.790001,30.69562,4000500
2010-04-16,45.669998,45.740002,44.68,44.900002,30.098988,6954600
2010-04-19,44.860001,44.91,44.560001,44.830002,30.05208,5416800
2010-04-20,44.93,45.310001,44.919998,45.169998,30.279989,3565500
2010-04-21,45.049999,45.150002,44.389999,44.669998,29.944811,5908800
2010-04-22,44.5,44.5,43.619999,44.150002,29.596235,4945700
2010-04-23,44.220001,44.450001,43.779999,44.209999,29.636435,5099500
2010-04-26,44.18,44.5,43.970001,44.060001,29.535891,3197400
2010-04-27,44.25,44.439999,43.360001,43.419998,29.106853,6321700
2010-04-28,43.490002,43.700001,43.060001,43.34,29.053244,6757900
2010-04-29,43.689999,44.349998,43.68,43.84,29.388403,4861000
2010-04-30,44.049999,44.279999,43.639999,43.689999,29.287867,5837200
2010-05-03,43.68,44.310001,43.400002,44.130001,29.582811,4099500
2010-05-04,43.779999,43.98,43.169998,43.389999,29.086739,6009500
2010-05-05,43.02,43.779999,42.82,43.0,28.825314,7175600
2010-05-06,42.799999,43.52,39.880001,41.860001,28.061104,10058100
2010-05-07,41.66,41.84,40.209999,41.25,27.652187,13596700
2010-05-10,43.130001,43.23,41.939999,42.73,28.64432,8194500
2010-05-11,42.709999,43.099998,42.279999,42.669998,28.60409,6556500
2010-05-12,42.529999,43.419998,42.41,43.299999,29.026415,6628800
2010-05-13,43.240002,43.540001,43.049999,43.09,28.885637,3790700
2010-05-14,42.939999,43.509998,41.959999,42.389999,28.416382,6156500
2010-05-17,42.389999,42.790001,41.98,42.529999,28.510244,5395100
2010-05-18,42.700001,43.299999,42.310001,42.349998,28.389585,5814600
2010-05-19,42.119999,42.279999,41.549999,41.759998,27.994081,7246100
2010-05-20,41.040001,41.25,40.32,40.32,27.028763,9568200
2010-05-21,39.599998,40.68,39.099998,40.330002,27.035458,10745700
2010-05-24,40.119999,41.290001,39.919998,40.639999,27.243267,8114300
2010-05-25,40.029999,40.189999,39.130001,39.950001,26.780724,10444000
2010-05-26,39.919998,40.080002,39.099998,39.139999,26.237745,8986600
2010-05-27,39.419998,39.669998,38.73,39.41,26.418736,10155200
2010-05-28,39.310001,39.900002,39.119999,39.18,26.264549,8913100
2010-06-01,38.860001,39.049999,38.240002,38.299999,25.674639,7534100
2010-06-02,38.509998,39.099998,38.310001,39.080002,26.197514,6332500
2010-06-03,39.279999,39.5,38.98,39.23,26.298079,5454300
2010-06-04,38.619999,38.900002,37.869999,38.0,25.473534,6785600
2010-06-07,38.080002,38.279999,37.689999,37.709999,25.279133,6355300
2010-06-08,37.799999,37.880001,37.310001,37.639999,25.232206,9285400
2010-06-09,37.860001,38.240002,37.43,37.52,25.15176,5456900
2010-06-10,38.009998,38.59,37.959999,38.169998,25.587492,7981800
2010-06-11,37.849998,38.189999,37.77,38.130001,25.560677,7140400
2010-06-14,38.330002,39.240002,38.330002,38.82,26.023228,7506800
2010-06-15,39.040001,39.189999,38.599998,38.799999,26.009815,5805000
2010-06-16,38.610001,39.189999,38.549999,39.119999,26.224335,6017900
2010-06-17,39.16,39.34,38.700001,38.970001,26.123779,7693500
2010-06-18,39.060001,39.16,38.619999,38.869999,26.056744,6932800
2010-06-21,39.220001,39.25,38.509998,38.68,25.929375,6405400
2010-06-22,38.650002,38.98,38.049999,38.080002,25.527159,5011500
2010-06-23,37.450001,37.709999,36.93,37.509998,25.145054,9618300
2010-06-24,37.34,37.52,36.799999,36.849998,24.702614,7325900
2010-06-25,36.849998,37.139999,36.700001,36.860001,24.709324,13962200
2010-06-28,37.049999,37.25,36.740002,36.869999,24.716034,4861900
2010-06-29,36.77,36.959999,35.849998,36.209999,24.273603,9128500
2010-06-30,36.16,36.689999,35.959999,36.27,24.313818,7389000
2010-07-01,36.09,36.240002,35.130001,36.040001,24.159632,9495000
2010-07-02,36.02,36.299999,35.900002,36.029999,24.152929,4651700
2010-07-06,36.330002,36.650002,35.889999,36.200001,24.26689,6758300
2010-07-07,36.169998,37.080002,35.790001,37.049999,24.992029,7700600
2010-07-08,37.25,37.48,36.619999,36.990002,24.951559,6610700
2010-07-09,37.169998,37.310001,36.93,37.23,25.113455,4257900
2010-07-12,37.639999,37.77,37.310001,37.68,25.417002,6290300
2010-07-13,38.009998,38.290001,37.860001,37.959999,25.605875,6406400
2010-07-14,37.799999,38.110001,37.459999,38.060001,25.673323,5115900
2010-07-15,38.119999,38.369999,37.740002,38.009998,25.639599,4443900
2010-07-16,37.889999,38.099998,37.139999,37.27,25.14044,6464400
2010-07-19,37.330002,37.700001,36.990002,37.09,25.019007,3866500
2010-07-20,36.84,37.419998,36.509998,37.419998,25.241608,3912500
2010-07-21,37.549999,37.549999,35.919998,36.220001,24.432156,8041400
2010-07-22,36.459999,37.25,36.220001,36.77,24.803154,6360800
2010-07-23,36.799999,37.189999,36.419998,36.580002,24.674997,6128800
2010-07-26,36.490002,37.060001,36.439999,36.98,24.944817,6019700
2010-07-27,37.169998,37.450001,36.84,37.389999,25.221378,6044000
2010-07-28,37.41,37.59,36.43,36.450001,24.587311,5507000
2010-07-29,36.68,36.779999,36.0,36.099998,24.351204,6245100
2010-07-30,35.970001,37.029999,35.889999,36.970001,24.938066,7447500
2010-08-02,37.490002,37.73,37.299999,37.529999,25.315815,6036200
2010-08-03,37.540001,37.779999,37.360001,37.59,25.356291,6714600
2010-08-04,37.599998,38.080002,37.599998,37.900002,25.565397,3938100
2010-08-05,37.66,37.93,37.450001,37.830002,25.518173,3818600
2010-08-06,37.68,37.919998,37.200001,37.810001,25.504696,4274800
2010-08-09,36.900002,37.700001,36.59,37.43,25.248362,7204100
2010-08-10,37.25,37.439999,36.869999,37.25,25.12694,4512600
2010-08-11,36.830002,36.830002,36.16,36.279999,24.472628,5840300
2010-08-12,35.970001,36.189999,35.860001,35.990002,24.277014,4219700
2010-08-13,35.869999,35.98,35.490002,35.57,23.993702,5545500
2010-08-16,35.400002,35.490002,35.049999,35.18,23.730623,5895000
2010-08-17,35.450001,35.959999,35.240002,35.84,24.175831,6331400
2010-08-18,35.880001,36.77,35.830002,36.419998,24.567066,6087300
2010-08-19,36.080002,36.209999,35.349998,35.48,23.932987,5218300
2010-08-20,35.139999,35.360001,34.349998,34.77,23.454065,9487400
2010-08-23,34.93,35.52,34.799999,34.990002,23.602467,6084600
2010-08-24,31.969999,32.41,30.85,31.209999,21.052668,37355400
2010-08-25,31.08,32.07,30.799999,31.870001,21.497873,13215500
2010-08-26,32.040001,32.5,31.610001,32.279999,21.774424,12827000
2010-08-27,32.32,32.599998,32.029999,32.52,21.936329,9876600
2010-08-30,32.459999,32.459999,31.940001,31.950001,21.551838,7425500
2010-08-31,31.809999,31.870001,31.4,31.450001,21.214552,9943900
2010-09-01,31.74,32.400002,31.68,32.200001,21.720472,6502000
2010-09-02,32.330002,32.5,32.099998,32.380001,21.841892,5226700
2010-09-03,32.560001,33.099998,32.560001,32.98,22.246616,8882100
2010-09-07,32.919998,33.07,32.360001,32.450001,21.889109,6090900
2010-09-08,32.490002,32.790001,32.23,32.43,21.875618,6876100
2010-09-09,32.830002,32.889999,32.580002,32.709999,22.064493,5473500
2010-09-10,32.790001,33.470001,32.630001,33.34,22.489452,6951400
2010-09-13,33.689999,33.919998,33.389999,33.529999,22.617617,9401700
2010-09-14,33.529999,33.580002,33.040001,33.290001,22.455729,11974000
2010-09-15,33.400002,33.66,33.27,33.59,22.658087,8580300
2010-09-16,33.48,33.669998,33.349998,33.610001,22.671583,7331300
2010-09-17,33.77,33.849998,33.209999,33.299999,22.462479,9389800
2010-09-20,33.540001,33.669998,33.32,33.5,22.59737,7817800
2010-09-21,33.610001,33.610001,33.209999,33.310001,22.469217,9028200
2010-09-22,33.459999,33.73,33.299999,33.57,22.644602,7228000
2010-09-23,33.41,33.57,33.200001,33.25,22.428741,6720600
2010-09-24,33.610001,34.150002,33.59,33.84,22.826735,7029300
2010-09-27,33.810001,33.810001,33.34,33.400002,22.529926,5328100
2010-09-28,33.59,33.700001,33.189999,33.470001,22.577154,4985200
2010-09-29,33.369999,33.57,33.119999,33.290001,22.455729,6727200
2010-09-30,33.369999,33.720001,33.049999,33.580002,22.651352,7855500
2010-10-01,33.66,33.740002,33.310001,33.630001,22.685078,5243700
2010-10-04,33.639999,33.75,33.049999,33.209999,22.401762,5026800
2010-10-05,33.529999,34.009998,33.529999,33.880001,22.85371,6183800
2010-10-06,33.759998,33.869999,33.43,33.650002,22.850311,5407700
2010-10-07,33.73,33.77,33.200001,33.380001,22.666969,6192900
2010-10-08,33.48,33.599998,33.25,33.450001,22.71451,3429200
2010-10-11,33.41,33.48,33.259998,33.369999,22.660185,3425400
2010-10-12,33.220001,33.52,33.02,33.41,22.687342,6295100
2010-10-13,33.610001,33.689999,33.470001,33.549999,22.782408,5988500
2010-10-14,33.599998,33.650002,33.060001,33.27,22.592278,5397500
2010-10-15,33.59,33.59,33.189999,33.290001,22.605864,5510700
2010-10-18,33.349998,34.049999,33.27,34.0,23.087986,6682400
2010-10-19,33.619999,33.68,33.16,33.369999,22.660185,7524700
2010-10-20,33.5,34.740002,33.349998,34.700001,23.563328,12092500
2010-10-21,34.939999,35.669998,34.880001,35.48,24.092993,14714100
2010-10-22,35.779999,36.0,35.48,35.75,24.27634,13213800
2010-10-25,36.139999,36.549999,36.009998,36.220001,24.595505,10437000
2010-10-26,36.150002,36.310001,35.830002,36.169998,24.561548,7286200
2010-10-27,35.779999,36.189999,35.630001,36.16,24.554754,6647700
2010-10-28,36.41,36.619999,35.740002,36.139999,24.541178,5907500
2010-10-29,35.919998,35.950001,35.130001,35.23,23.923227,10306600
2010-11-01,35.599998,35.759998,34.919998,35.16,23.875702,6463400
2010-11-02,35.439999,35.790001,35.279999,35.400002,24.038666,5768500
2010-11-03,35.52,35.610001,35.119999,35.41,24.045462,5993000
2010-11-04,35.77,35.869999,35.57,35.57,24.154118,6143600
2010-11-05,35.57,35.700001,35.25,35.349998,24.004719,4890200
2010-11-08,35.110001,35.57,35.049999,35.34,23.997929,4608400
2010-11-09,35.400002,35.880001,35.34,35.52,24.120157,5212200
2010-11-10,35.66,35.669998,35.009998,35.5,24.106586,4241200
2010-11-11,35.27,35.509998,35.16,35.490002,24.099787,2871400
2010-11-12,35.299999,35.330002,34.43,34.630001,23.515793,6722700
2010-11-15,34.799999,34.990002,34.509998,34.66,23.536167,4992800
2010-11-16,34.529999,34.610001,34.029999,34.169998,23.203426,5204200
2010-11-17,34.279999,34.619999,34.220001,34.279999,23.27813,5401200
2010-11-18,34.610001,34.810001,34.389999,34.599998,23.495417,6657300
2010-11-19,34.639999,34.639999,34.330002,34.599998,23.495417,7827300
2010-11-22,34.459999,34.830002,34.119999,34.700001,23.563328,7116500
2010-11-23,34.25,34.580002,33.700001,34.18,23.210217,9741100
2010-11-24,34.23,34.580002,33.84,34.18,23.210217,7873300
2010-11-26,34.049999,34.130001,33.75,33.84,22.979336,2553400
2010-11-29,33.66,34.029999,33.330002,33.900002,23.020073,6039700
2010-11-30,33.68,33.93,33.360001,33.529999,22.768824,6835600
2010-12-01,33.959999,34.259998,33.889999,33.91,23.026873,7748500
2010-12-02,33.84,34.419998,33.740002,33.860001,22.992924,10160200
2010-12-03,33.939999,34.279999,33.790001,34.209999,23.230591,7323800
2010-12-06,34.189999,34.189999,33.799999,33.939999,23.047239,4846400
2010-12-07,34.139999,34.540001,34.029999,34.209999,23.230591,7202800
2010-12-08,34.259998,34.91,34.25,34.709999,23.570122,7475900
2010-12-09,34.75,35.290001,34.700001,35.209999,23.909651,7865100
2010-12-10,35.34,35.959999,35.290001,35.939999,24.405355,7543700
2010-12-13,36.169998,36.25,35.889999,36.110001,24.520794,8317200
2010-12-14,36.259998,36.630001,36.07,36.139999,24.541178,10233600
2010-12-15,36.080002,36.139999,35.790001,35.990002,24.439316,5029700
2010-12-16,36.029999,36.200001,35.799999,36.18,24.568333,6797500
2010-12-17,36.349998,37.490002,36.349998,37.400002,25.396788,15116500
2010-12-20,38.75,39.529999,37.48,37.619999,25.546181,15405200
2010-12-21,37.740002,37.740002,36.84,36.919998,25.070837,11824800
2010-12-22,37.240002,37.439999,36.779999,36.810001,24.996147,8380600
2010-12-23,36.77,37.049999,36.709999,36.959999,25.097998,4785700
2010-12-27,36.939999,37.119999,36.900002,36.91,25.064043,2932300
2010-12-28,36.970001,37.23,36.919998,37.07,25.172695,4294400
2010-12-29,37.200001,37.389999,37.139999,37.259998,25.301712,4027000
2010-12-30,37.169998,37.360001,36.98,37.189999,25.254185,3390500
2010-12-31,37.07,37.380001,37.0,37.09,25.186279,3253500
2011-01-03,37.25,37.52,37.130001,37.41,25.403578,7558100
2011-01-04,37.380001,37.380001,36.919998,37.099998,25.193069,8351700
2011-01-05,36.77,36.849998,36.400002,36.490002,24.930038,13232500
2011-01-06,36.540001,36.84,36.450001,36.509998,24.943697,8828300
2011-01-07,36.619999,36.619999,36.349998,36.41,24.875383,15364500
2011-01-10,36.349998,36.529999,36.169998,36.5,24.936874,10776200
2011-01-11,36.68,36.689999,36.43,36.52,24.950531,6272500
2011-01-12,36.650002,36.82,36.48,36.700001,25.073498,5521800
2011-01-13,36.830002,37.27,36.740002,37.27,25.46294,6392000
2011-01-14,37.150002,37.34,36.900002,37.200001,25.41511,6382400
2011-01-18,37.299999,37.740002,37.16,37.709999,25.763546,6902400
2011-01-19,37.75,37.869999,37.119999,37.389999,25.544916,5181000
2011-01-20,37.700001,38.189999,37.299999,38.09,26.023159,7787900
2011-01-21,38.34,39.0,38.25,38.509998,26.310106,11084000
2011-01-24,38.419998,38.419998,37.52,37.580002,25.674723,7974000
2011-01-25,37.549999,38.189999,37.509998,38.139999,26.057318,6048500
2011-01-26,38.150002,38.25,37.669998,37.880001,25.879702,5914600
2011-01-27,37.810001,38.18,37.799999,37.990002,25.954844,4329100
2011-01-28,38.599998,38.84,37.950001,38.049999,25.995831,11204400
2011-01-31,38.07,38.360001,37.900002,38.32,26.180288,5037300
2011-02-01,38.5,38.720001,38.259998,38.57,26.351095,4973700
2011-02-02,38.330002,38.459999,38.0,38.310001,26.173458,5587300
2011-02-03,38.18,38.790001,38.049999,38.669998,26.419407,3742700
2011-02-04,38.77,39.330002,38.5,39.240002,26.808842,7897100
2011-02-07,39.23,39.66,39.23,39.540001,27.013788,6948500
2011-02-08,39.619999,39.860001,39.369999,39.810001,27.198263,5395600
2011-02-09,39.869999,39.98,39.59,39.650002,27.088957,6733900
2011-02-10,39.540001,39.75,39.169998,39.259998,26.82251,5793900
2011-02-11,39.189999,39.880001,39.099998,39.689999,27.11628,5583300
2011-02-14,39.610001,39.669998,39.360001,39.490002,26.97965,3531000
2011-02-15,39.439999,39.720001,39.150002,39.599998,27.054787,5175400
2011-02-16,39.740002,40.240002,39.650002,40.200001,27.464716,5293100
2011-02-17,40.040001,40.349998,39.799999,40.27,27.512535,3832700
2011-02-18,40.419998,41.369999,40.299999,41.27,28.195734,9955900
2011-02-22,39.610001,40.669998,39.5,40.209999,27.471544,7820600
2011-02-23,40.029999,40.150002,39.150002,39.299999,26.849836,8589000
2011-02-24,39.450001,39.68,39.099998,39.5,26.986477,6894300
2011-02-25,39.490002,40.169998,39.259998,39.880001,27.246098,5606300
2011-02-28,39.91,40.25,39.689999,39.919998,27.273415,5616200
2011-03-01,40.0,40.150002,39.41,39.419998,26.93182,6951400
2011-03-02,39.299999,39.299999,38.470001,38.529999,26.323776,10280500
2011-03-03,38.950001,39.630001,38.799999,39.52,27.000135,7507100
2011-03-04,39.610001,39.759998,38.970001,39.259998,26.82251,5809900
2011-03-07,39.380001,39.5,38.830002,38.990002,26.638048,4961200
2011-03-08,39.080002,39.830002,38.98,39.639999,27.082123,4308800
2011-03-09,39.98,40.220001,39.77,39.799999,27.191439,5011300
2011-03-10,39.310001,39.419998,38.549999,38.630001,26.392078,5915900
2011-03-11,38.310001,38.959999,37.77,38.080002,26.016327,8982500
2011-03-14,37.59,37.950001,37.290001,37.830002,25.845522,6002200
2011-03-15,37.130001,37.669998,36.790001,37.310001,25.490265,5669500
2011-03-16,37.16,37.439999,36.310001,36.669998,25.053019,7907900
2011-03-17,37.16,37.450001,36.849998,37.060001,25.319464,5328500
2011-03-18,37.560001,38.009998,37.299999,37.509998,25.626898,6012300
2011-03-21,37.82,38.400002,37.75,37.970001,25.941183,4430900
2011-03-22,38.130001,38.18,37.450001,37.59,25.681559,5858900
2011-03-23,37.490002,37.709999,37.25,37.68,25.743044,3146700
2011-03-24,37.740002,38.259998,37.400002,38.220001,26.111973,5266800
2011-03-25,38.259998,38.610001,38.07,38.360001,26.207615,5327900
2011-03-28,38.419998,39.040001,38.299999,38.849998,26.542393,5244200
2011-03-29,38.84,39.240002,38.700001,39.240002,26.808842,4649000
2011-03-30,39.389999,39.57,39.130001,39.369999,26.897663,3248300
2011-03-31,39.240002,39.709999,39.049999,39.349998,26.883993,4036000
2011-04-01,39.77,39.900002,39.41,39.5,26.986477,3772900
2011-04-04,39.5,39.740002,39.27,39.43,26.938654,3649400
2011-04-05,39.34,39.610001,39.209999,39.25,26.815678,4009600
2011-04-06,39.369999,39.77,39.18,39.450001,27.10771,5884500
2011-04-07,39.330002,39.939999,39.259998,39.869999,27.396307,5411900
2011-04-08,39.919998,40.099998,39.5,39.669998,27.258881,5629600
2011-04-11,40.16,40.580002,40.049999,40.240002,27.650547,5850900
2011-04-12,39.830002,40.43,39.759998,40.27,27.671164,5340200
2011-04-13,40.349998,40.48,39.990002,40.09,27.547482,3581500
2011-04-14,39.799999,40.830002,39.700001,40.720001,27.980371,6064700
2011-04-15,40.84,41.540001,40.82,41.049999,28.207134,7214100
2011-04-18,40.77,40.950001,40.209999,40.259998,27.664293,4212000
2011-04-19,40.220001,40.810001,40.130001,40.790001,28.028473,4019200
2011-04-20,41.099998,41.200001,40.560001,40.68,27.95289,4968300
2011-04-21,40.82,41.02,40.610001,40.84,28.062843,4021100
2011-04-25,40.720001,40.810001,40.330002,40.580002,27.884174,2602800
2011-04-26,40.860001,41.380001,40.779999,41.240002,28.337688,4400000
2011-04-27,41.360001,41.900002,41.240002,41.860001,28.763731,4146400
2011-04-28,41.5,42.0,41.5,41.860001,28.763731,3627500
2011-04-29,41.950001,42.200001,41.68,41.75,28.68812,6059600
2011-05-02,41.970001,42.52,41.939999,42.369999,29.114162,5375500
2011-05-03,42.189999,42.48,42.099998,42.259998,29.038568,4167500
2011-05-04,42.220001,42.529999,42.110001,42.310001,29.072931,4393200
2011-05-05,42.240002,42.75,42.110001,42.240002,29.024832,5164900
2011-05-06,42.709999,43.16,42.470001,42.689999,29.334045,5018700
2011-05-09,42.490002,42.599998,42.009998,42.240002,29.024832,5151500
2011-05-10,42.549999,42.790001,42.259998,42.650002,29.306562,5073800
2011-05-11,42.66,43.0,41.900002,42.049999,28.894276,8651400
2011-05-12,41.810001,42.5,41.68,42.32,29.079811,7384500
2011-05-13,42.330002,42.5,41.84,42.029999,28.880533,5295800
2011-05-16,41.98,42.369999,41.93,42.25,29.031691,6810400
2011-05-17,42.150002,42.689999,41.93,42.66,29.313429,4493200
2011-05-18,42.619999,43.25,42.43,43.200001,29.684481,6952800
2011-05-19,43.25,43.330002,42.529999,42.82,29.423372,7950000
2011-05-20,42.77,42.82,42.009998,42.209999,29.004219,9828400
2011-05-23,41.779999,41.849998,41.02,41.259998,28.351439,8495500
2011-05-24,40.490002,41.049999,39.91,40.880001,28.090313,14983900
2011-05-25,40.610001,40.830002,40.049999,40.23,27.643686,9085400
2011-05-26,40.049999,40.549999,39.93,40.41,27.767361,6363700
2011-05-27,40.5,40.540001,40.110001,40.310001,27.698647,2877600
2011-05-31,40.369999,40.75,40.080002,40.700001,27.96664,7389500
2011-06-01,40.509998,40.810001,39.950001,39.970001,27.46501,5753400
2011-06-02,39.959999,39.959999,39.060001,39.189999,26.929052,5850700
2011-06-03,38.880001,39.470001,38.700001,39.27,26.984018,6212700
2011-06-06,39.139999,39.16,38.75,38.77,26.640453,3477300
2011-06-07,38.959999,39.23,38.759998,38.799999,26.66107,3474200
2011-06-08,38.630001,38.869999,38.439999,38.82,26.67481,4328200
2011-06-09,38.93,39.07,38.77,38.869999,26.709166,5790100
2011-06-10,38.73,38.82,37.919998,38.02,26.125095,6551100
2011-06-13,38.18,38.330002,38.029999,38.139999,26.207546,4676500
2011-06-14,38.27,38.619999,38.220001,38.400002,26.386208,5695500
2011-06-15,38.450001,38.68,37.889999,37.919998,26.056381,6697500
2011-06-16,38.02,38.849998,37.950001,38.450001,26.420574,9971700
2011-06-17,38.849998,38.970001,38.09,38.189999,26.241911,8592600
2011-06-20,38.02,38.720001,38.02,38.68,26.578611,5782600
2011-06-21,38.880001,39.09,38.610001,38.779999,26.647324,5397300
2011-06-22,38.5,38.77,38.389999,38.540001,26.48241,6093400
2011-06-23,38.240002,38.450001,37.52,38.34,26.344992,7081500
2011-06-24,38.380001,38.560001,38.09,38.400002,26.386208,8203800
2011-06-27,38.490002,38.849998,38.299999,38.580002,26.509901,4621000
2011-06-28,38.75,39.169998,38.689999,39.009998,26.805361,4971700
2011-06-29,38.5,38.990002,38.009998,38.09,26.173195,10008600
2011-06-30,38.200001,38.720001,38.189999,38.529999,26.475546,5723000
2011-07-01,38.529999,39.189999,38.43,39.119999,26.880959,4594800
2011-07-05,38.57,38.73,37.77,37.959999,26.083868,9946700
2011-07-06,37.610001,38.150002,37.57,38.080002,26.334904,5113700
2011-07-07,38.200001,38.34,37.790001,38.200001,26.417894,5624300
2011-07-08,37.98,38.16,37.849998,38.0,26.279585,3999400
2011-07-11,37.650002,37.759998,37.060001,37.130001,25.677914,6406600
2011-07-12,37.040001,38.029999,37.040001,37.560001,25.975296,5916100
2011-07-13,37.66,38.099998,37.5,37.560001,25.975296,3725800
2011-07-14,37.68,37.849998,37.34,37.700001,26.072115,6098000
2011-07-15,37.709999,37.889999,36.990002,37.119999,25.671003,6489700
2011-07-18,36.75,37.0,36.27,36.48,25.228394,5546700
2011-07-19,36.57,37.110001,36.549999,36.990002,25.581099,4206800
2011-07-20,36.98,37.16,36.630001,36.720001,25.394384,4304600
2011-07-21,36.959999,37.52,36.880001,37.360001,25.836975,4766300
2011-07-22,37.450001,37.5,36.91,37.07,25.636427,4079000
2011-07-25,36.709999,36.93,36.419998,36.459999,25.214563,4567500
2011-07-26,36.450001,36.619999,36.310001,36.34,25.131577,5202500
2011-07-27,36.209999,36.279999,35.810001,35.880001,24.813456,7137000
2011-07-28,35.880001,36.43,35.759998,35.98,24.88262,6112000
2011-07-29,35.82,36.279999,35.549999,36.049999,24.931023,7163800
2011-08-01,36.360001,36.360001,34.549999,34.880001,24.121889,8010200
2011-08-02,34.59,34.619999,33.939999,33.970001,23.492565,8738900
2011-08-03,33.990002,34.419998,33.599998,34.310001,23.727694,7920400
2011-08-04,33.950001,34.060001,32.830002,32.84,22.711088,11528500
2011-08-05,33.080002,33.939999,32.5,33.310001,23.036129,13016600
2011-08-08,32.669998,33.189999,31.01,31.07,21.487019,16050100
2011-08-09,31.15,32.009998,30.18,31.780001,21.978029,18355000
2011-08-10,31.290001,31.309999,30.280001,30.41,21.030581,13805100
2011-08-11,30.360001,31.5,30.25,31.18,21.563093,13207300
2011-08-12,31.07,31.559999,30.709999,31.540001,21.81205,8103600
2011-08-15,31.73,32.040001,31.42,32.029999,22.150921,6428700
2011-08-16,31.889999,32.5,31.639999,32.279999,22.323812,8812200
2011-08-17,32.57,33.27,32.389999,32.619999,22.558949,8559400
2011-08-18,31.98,32.049999,30.940001,31.25,21.6115,8672000
2011-08-19,31.15,31.969999,31.110001,31.290001,21.639162,8436900
2011-08-22,31.889999,31.889999,31.139999,31.18,21.563093,6852300
2011-08-23,31.34,33.099998,31.209999,33.099998,22.8909,13634800
2011-08-24,32.060001,34.290001,32.060001,34.209999,23.658543,10700800
2011-08-25,34.240002,34.610001,33.650002,33.860001,23.416492,8674800
2011-08-26,33.740002,34.439999,32.959999,34.049999,23.547892,10343300
2011-08-29,34.57,34.799999,34.279999,34.790001,24.059643,5087500
2011-08-30,34.549999,34.779999,34.200001,34.580002,23.914413,5702900
2011-08-31,34.73,35.330002,34.66,35.07,24.253294,6121500
2011-09-01,35.23,35.619999,34.77,34.84,24.094225,6097100
2011-09-02,34.0,34.630001,33.830002,34.209999,23.658543,6940600
2011-09-06,33.599998,34.330002,33.169998,34.279999,23.706953,6650900
2011-09-07,34.720001,35.419998,34.619999,35.419998,24.495337,6476900
2011-09-08,35.290001,35.380001,34.540001,34.630001,23.948996,5798800
2011-09-09,34.369999,34.369999,33.279999,33.380001,23.084534,9535700
2011-09-12,33.07,33.66,32.939999,33.580002,23.222857,5943400
2011-09-13,33.66,34.009998,33.48,33.889999,23.437235,4558100
2011-09-14,33.98,34.709999,33.459999,34.290001,23.713861,5521900
2011-09-15,34.66,34.700001,33.73,34.52,23.872921,5774200
2011-09-16,34.599998,35.029999,34.349998,35.02,24.218708,7984200
2011-09-19,34.509998,34.540001,33.759998,34.07,23.561722,5744600
2011-09-20,34.209999,35.130001,34.150002,34.82,24.080395,7872800
2011-09-21,34.849998,35.119999,33.849998,33.869999,23.423405,7976800
2011-09-22,33.34,33.580002,32.529999,32.91,22.759501,9064600
2011-09-23,32.68,33.360001,32.450001,33.060001,22.863241,6119600
2011-09-26,33.34,33.779999,32.84,33.759998,23.347332,5070300
2011-09-27,34.110001,35.080002,33.939999,34.470001,23.838346,6356700
2011-09-28,34.450001,34.650002,33.66,33.740002,23.333502,4774000
2011-09-29,34.349998,34.540001,33.310001,33.959999,23.485645,6410600
2011-09-30,33.689999,34.209999,33.209999,33.240002,22.987722,6388500
2011-10-03,33.200001,33.400002,31.790001,31.790001,21.984945,8085900
2011-10-04,31.49,32.18,31.059999,32.139999,22.226994,10700000
2011-10-05,31.99,32.299999,31.809999,32.259998,22.47995,7084100
2011-10-06,32.34,32.77,32.189999,32.740002,22.814425,7074400
2011-10-07,32.849998,33.200001,32.669998,32.830002,22.877142,6190600
2011-10-10,33.220001,33.639999,33.049999,33.580002,23.399765,4238700
2011-10-11,33.380001,33.66,33.16,33.23,23.155872,5037100
2011-10-12,33.369999,33.459999,32.830002,32.889999,22.918951,7576400
2011-10-13,32.759998,32.84,32.41,32.66,22.758677,4396500
2011-10-14,33.130001,33.240002,32.73,33.099998,23.065289,4629900
2011-10-17,33.040001,33.23,32.369999,32.450001,22.612345,4420000
2011-10-18,32.68,33.189999,32.259998,32.889999,22.918951,5028900
2011-10-19,32.82,34.209999,32.82,33.639999,23.44158,7920500
2011-10-20,33.700001,33.830002,32.959999,33.369999,23.253437,4939500
2011-10-21,33.619999,34.650002,33.330002,34.290001,23.89452,6887400
2011-10-24,34.400002,34.77,34.189999,34.700001,24.180229,4726200
2011-10-25,34.66,34.77,33.650002,33.73,23.504292,4515700
2011-10-26,34.099998,34.169998,33.650002,33.950001,23.657597,4623100
2011-10-27,34.830002,35.200001,34.330002,35.02,24.403212,5481500
2011-10-28,35.07,35.540001,35.040001,35.48,24.723757,5024900
2011-10-31,34.950001,35.07,34.299999,34.740002,24.208097,8561400
2011-11-01,34.23,34.23,33.110001,33.169998,23.114075,8506100
2011-11-02,33.740002,34.099998,33.599998,33.970001,23.671539,6489600
2011-11-03,34.16,34.93,33.990002,34.869999,24.298689,6521100
2011-11-04,34.509998,34.650002,34.09,34.380001,23.957239,3458700
2011-11-07,34.52,35.07,34.110001,35.049999,24.424122,4233200
2011-11-08,35.09,35.25,34.59,35.110001,24.465931,5021100
2011-11-09,34.34,34.57,33.880001,34.099998,23.762125,6809900
2011-11-10,34.509998,34.82,34.220001,34.529999,24.06176,4466500
2011-11-11,34.970001,35.369999,34.939999,35.099998,24.45896,3650300
2011-11-14,34.869999,35.009998,34.509998,34.68,24.166286,3252400
2011-11-15,34.560001,35.139999,34.43,34.990002,24.382315,4091300
2011-11-16,34.279999,35.060001,34.220001,34.259998,23.873619,4283100
2011-11-17,34.18,34.259998,33.34,33.860001,23.594887,6810600
2011-11-18,33.959999,34.330002,33.919998,33.939999,23.650625,6035200
2011-11-21,33.360001,33.610001,33.209999,33.27,23.18375,9313500
2011-11-22,34.369999,34.990002,34.16,34.75,24.215067,10553800
2011-11-23,34.669998,34.709999,33.939999,33.950001,23.657597,7504400
2011-11-25,33.880001,34.16,33.619999,33.68,23.469458,2391100
2011-11-28,34.290001,34.950001,34.259998,34.759998,24.222025,4613700
2011-11-29,34.84,35.220001,34.759998,34.91,24.326559,6295800
2011-11-30,35.810001,36.869999,35.77,36.43,25.385756,9177400
2011-12-01,36.349998,37.490002,36.349998,36.799999,25.643585,6469200
2011-12-02,36.959999,37.669998,34.07,34.610001,24.117517,25502000
2011-12-05,36.68,36.689999,35.610001,35.98,25.072182,12873300
2011-12-06,35.91,36.240002,35.75,35.919998,25.030378,5412500
2011-12-07,35.93,36.400002,35.330002,36.389999,25.357876,10526500
2011-12-08,36.099998,36.169998,35.200001,35.259998,24.570461,6446100
2011-12-09,35.400002,36.099998,35.259998,35.919998,25.030378,4688300
2011-12-12,35.700001,35.799999,35.130001,35.450001,24.702845,4010700
2011-12-13,35.639999,36.080002,35.349998,35.52,24.751633,5347600
2011-12-14,35.450001,35.669998,35.200001,35.360001,24.640137,4617300
2011-12-15,35.709999,36.09,35.32,35.389999,24.661041,5607100
2011-12-16,35.68,35.689999,35.110001,35.299999,24.598324,7737000
2011-12-19,35.400002,35.889999,34.98,35.099998,24.45896,4995000
2011-12-20,35.540001,36.25,35.490002,36.169998,25.204576,6118000
2011-12-21,36.139999,36.950001,36.119999,36.869999,25.692358,6203500
2011-12-22,36.689999,37.689999,36.689999,37.59,26.194084,6264300
2011-12-23,37.630001,37.939999,37.41,37.84,26.368296,3871200
2011-12-27,37.73,37.939999,37.529999,37.75,26.305584,3152300
2011-12-28,37.759998,37.830002,37.369999,37.43,26.082603,3284400
2011-12-29,37.52,38.470001,37.439999,38.34,26.716715,5729000
2011-12-30,38.009998,38.66,38.009998,38.25,26.653992,4173600
2012-01-03,38.919998,39.23,38.52,38.689999,26.960604,7436000
2012-01-04,38.450001,38.540001,38.119999,38.310001,26.864527,3647200
2012-01-05,38.150002,38.580002,38.139999,38.490002,26.990759,5267600
2012-01-06,38.599998,39.200001,38.41,39.029999,27.369429,7972600
2012-01-09,38.860001,39.32,38.73,39.299999,27.558767,5579000
2012-01-10,39.720001,39.919998,38.889999,39.099998,27.418518,7279200
2012-01-11,39.049999,39.220001,38.759998,39.189999,27.481619,3877900
2012-01-12,39.240002,39.259998,38.330002,38.849998,27.243204,5483800
2012-01-13,38.490002,38.77,38.27,38.650002,27.102949,3982200
2012-01-17,39.400002,39.57,38.950001,39.029999,27.369429,4348500
2012-01-18,38.93,39.189999,38.610001,39.119999,27.432543,4993700
2012-01-19,39.09,39.59,38.93,39.139999,27.446569,6059100
2012-01-20,39.200001,39.98,39.200001,39.939999,28.007559,5604900
2012-01-23,39.599998,39.82,39.310001,39.540001,27.727049,4116700
2012-01-24,39.360001,39.75,39.279999,39.330002,27.579794,5007700
2012-01-25,39.18,40.099998,39.009998,39.959999,28.021582,7361000
2012-01-26,40.040001,40.16,39.25,39.43,27.649925,5577100
2012-01-27,39.32,39.580002,39.009998,39.279999,27.544741,5051600
2012-01-30,39.169998,39.220001,38.549999,38.849998,27.243204,6334000
2012-01-31,39.130001,39.34,38.560001,38.57,27.046854,10207000
2012-02-01,38.98,39.740002,38.849998,39.619999,27.783155,6990100
2012-02-02,39.610001,39.93,39.349998,39.799999,27.909386,4658600
2012-02-03,39.970001,40.25,39.759998,40.200001,28.18989,5427000
2012-02-06,40.0,40.599998,40.0,40.560001,28.442326,5518600
2012-02-07,40.34,40.779999,39.889999,40.650002,28.505447,5450400
2012-02-08,40.540001,40.59,40.200001,40.490002,28.393238,3887300
2012-02-09,40.610001,40.610001,39.790001,39.93,28.000551,5981900
2012-02-10,39.689999,39.779999,39.330002,39.73,27.860304,5206100
2012-02-13,39.84,40.529999,39.790001,40.48,28.38623,5350600
2012-02-14,40.25,40.279999,39.310001,39.529999,27.720045,6314800
2012-02-15,39.73,39.740002,39.09,39.290001,27.551756,5237400
2012-02-16,39.240002,39.709999,39.150002,39.580002,27.755112,4194200
2012-02-17,39.5,40.0,39.459999,39.939999,28.007559,6311200
2012-02-21,39.34,39.450001,38.580002,38.990002,27.341385,8744500
2012-02-22,37.919998,38.669998,37.810001,38.209999,26.794409,10194100
2012-02-23,38.009998,38.200001,37.759998,37.880001,26.563009,5691500
2012-02-24,38.09,38.200001,37.779999,38.119999,26.731293,5064800
2012-02-27,37.93,38.41,37.599998,38.349998,26.892586,6132700
2012-02-28,38.5,38.799999,38.299999,38.599998,27.067886,4408500
2012-02-29,38.470001,38.560001,38.009998,38.119999,26.731293,7145200
2012-03-01,38.150002,38.220001,37.68,38.0,26.647152,4965700
2012-03-02,37.779999,38.189999,37.779999,37.91,26.58404,3588200
2012-03-05,37.799999,38.09,37.580002,37.759998,26.478846,3276200
2012-03-06,37.52,37.68,37.34,37.509998,26.303539,5866400
2012-03-07,37.57,37.849998,37.360001,37.52,26.310551,5498500
2012-03-08,37.75,38.290001,37.580002,38.130001,26.73831,4554600
2012-03-09,37.720001,37.950001,37.529999,37.669998,26.41573,6642100
2012-03-12,37.68,37.939999,37.52,37.599998,26.366648,4180500
2012-03-13,37.880001,38.77,37.830002,38.66,27.109962,6752300
2012-03-14,38.650002,38.889999,38.52,38.619999,27.081919,5288600
2012-03-15,38.650002,39.439999,38.580002,39.369999,27.607855,6326300
2012-03-16,39.419998,39.75,38.889999,39.68,27.825237,8825200
2012-03-19,39.389999,39.68,39.240002,39.48,27.684994,3706700
2012-03-20,39.25,39.720001,39.169998,39.52,27.713045,4971500
2012-03-21,39.439999,39.57,38.939999,38.939999,27.306318,4965000
2012-03-22,38.650002,38.98,38.360001,38.860001,27.250208,3774400
2012-03-23,38.959999,39.080002,38.700001,38.700001,27.138025,4952700
2012-03-26,39.060001,40.0,39.040001,40.0,28.049641,5753900
2012-03-27,40.009998,40.369999,39.540001,39.57,27.748098,6135400
2012-03-28,39.549999,39.669998,39.18,39.439999,27.656946,4347800
2012-03-29,39.150002,39.43,39.049999,39.209999,27.495638,3827700
2012-03-30,39.240002,39.369999,38.93,39.189999,27.481619,5595600
2012-04-02,39.16,39.799999,39.110001,39.540001,27.727049,4842400
2012-04-03,39.209999,39.689999,38.810001,39.099998,27.588062,3778300
2012-04-04,38.860001,39.0,38.23,38.259998,26.995371,6398200
2012-04-05,38.099998,38.259998,38.0,38.200001,26.953043,4450200
2012-04-09,37.77,38.040001,37.630001,37.75,26.635536,4019100
2012-04-10,37.57,37.75,37.349998,37.369999,26.367414,5638100
2012-04-11,37.82,37.959999,37.400002,37.720001,26.614376,4678800
2012-04-12,37.790001,38.360001,37.619999,38.240002,26.98126,3492800
2012-04-13,38.09,38.310001,37.48,37.509998,26.466194,5256400
2012-04-16,37.810001,37.84,37.299999,37.549999,26.494415,3900000
2012-04-17,37.720001,38.09,37.48,38.02,26.826036,3787800
2012-04-18,37.900002,38.34,37.810001,38.02,26.826036,4176600
2012-04-19,38.080002,38.27,37.700001,37.919998,26.755486,4676800
2012-04-20,38.02,38.099998,37.549999,37.610001,26.536753,5070500
2012-04-23,37.349998,37.349998,37.060001,37.169998,26.226303,5363000
2012-04-24,37.169998,37.34,36.970001,37.119999,26.191015,9283100
2012-04-25,37.450001,37.5,37.040001,37.200001,26.247471,7678700
2012-04-26,37.07,37.200001,36.880001,37.099998,26.176908,8138200
2012-04-27,37.240002,37.720001,37.240002,37.689999,26.593199,6807700
2012-04-30,37.93,38.41,37.84,38.200001,26.953043,5382000
2012-05-01,38.200001,38.700001,38.139999,38.48,27.150614,4356700
2012-05-02,38.32,38.509998,38.119999,38.380001,27.080044,4756200
2012-05-03,38.400002,38.779999,38.34,38.540001,27.192945,4632300
2012-05-04,38.41,38.470001,38.130001,38.150002,26.917767,3356500
2012-05-07,38.049999,38.310001,38.0,38.080002,26.86837,3189700
2012-05-08,37.860001,38.279999,37.619999,38.220001,26.967155,3408700
2012-05-09,37.830002,38.279999,37.720001,38.029999,26.833094,3872000
2012-05-10,38.34,38.990002,38.18,38.419998,27.108274,3955500
2012-05-11,38.23,38.34,38.0,38.029999,26.833094,4485600
2012-05-14,37.720001,38.310001,37.650002,38.09,26.875429,3914300
2012-05-15,37.990002,38.450001,37.830002,38.150002,26.917767,3712100
2012-05-16,38.23,38.419998,38.07,38.220001,26.967155,4064200
2012-05-17,38.279999,38.439999,37.07,37.07,26.155727,7609500
2012-05-18,37.119999,37.25,36.84,36.959999,26.078121,6498300
2012-05-21,36.93,37.959999,36.889999,37.700001,26.600252,6310800
2012-05-22,38.099998,38.099998,36.779999,36.959999,26.078121,7846000
2012-05-23,36.880001,37.139999,36.259998,36.790001,25.958179,4931800
2012-05-24,36.810001,37.07,36.59,37.07,26.155727,3518400
2012-05-25,37.09,37.23,36.689999,36.880001,26.021683,3054000
2012-05-29,37.029999,37.330002,36.970001,37.279999,26.303909,3758900
2012-05-30,36.919998,37.130001,36.59,36.650002,25.859398,3913500
2012-05-31,36.560001,37.16,36.299999,36.84,25.993456,5213500
2012-06-01,36.349998,36.669998,36.099998,36.110001,25.478382,5864200
2012-06-04,36.139999,36.23,35.669998,35.889999,25.323156,4807500
2012-06-05,35.700001,36.259998,35.689999,36.18,25.527767,3775200
2012-06-06,36.389999,36.82,36.330002,36.82,25.979351,4181300
2012-06-07,37.32,37.400002,37.0,37.049999,26.14163,4855800
2012-06-08,36.919998,37.330002,36.919998,37.330002,26.339186,4039300
2012-06-11,37.459999,37.59,37.0,37.029999,26.127512,3180100
2012-06-12,37.220001,37.709999,36.900002,37.669998,26.579079,4603600
2012-06-13,37.610001,37.799999,37.009998,37.150002,26.212189,4662800
2012-06-14,37.27,37.650002,37.16,37.490002,26.452082,4471300
2012-06-15,37.689999,38.150002,37.639999,37.77,26.649639,6874600
2012-06-18,37.529999,38.009998,37.529999,37.959999,26.783699,4125700
2012-06-19,38.080002,38.599998,38.07,38.41,27.101213,4729600
2012-06-20,38.48,38.549999,37.990002,38.400002,27.094154,4306600
2012-06-21,38.419998,38.580002,37.740002,37.799999,26.670815,4526600
2012-06-22,37.98,38.380001,37.939999,38.16,26.924809,14128000
2012-06-25,37.869999,37.900002,37.09,37.279999,26.303909,6031800
2012-06-26,37.389999,37.48,36.91,37.310001,26.325087,5675700
2012-06-27,37.450001,38.060001,37.360001,37.91,26.748426,3626300
2012-06-28,37.869999,38.099998,37.369999,37.84,26.699038,3807400
2012-06-29,38.52,38.759998,38.389999,38.73,27.326988,5196400
2012-07-02,38.75,39.169998,38.59,39.169998,27.637445,4133100
2012-07-03,38.880001,39.09,38.720001,39.049999,27.7369,2214600
2012-07-05,38.810001,38.990002,38.369999,38.41,27.28231,3382600
2012-07-06,38.130001,38.27,37.759998,37.959999,26.962673,2935200
2012-07-09,37.939999,38.299999,37.869999,38.259998,27.175756,3232900
2012-07-10,38.5,38.669998,37.810001,38.0,26.991089,3472400
2012-07-11,37.919998,38.119999,37.700001,38.02,27.005295,3233600
2012-07-12,37.84,37.990002,37.57,37.66,26.749586,3080300
2012-07-13,37.77,37.91,37.459999,37.560001,26.678568,4701100
2012-07-16,37.560001,37.849998,37.52,37.849998,26.884539,4460300
2012-07-17,37.93,38.950001,37.93,38.860001,27.601931,6490000
2012-07-18,38.369999,39.0,37.779999,38.98,27.687168,6976500
2012-07-19,38.970001,39.099998,38.650002,38.959999,27.672956,4406200
2012-07-20,38.669998,38.880001,38.119999,38.220001,27.147352,4701800
2012-07-23,37.759998,38.049999,37.57,37.709999,26.785107,3079100
2012-07-24,37.619999,37.880001,37.060001,37.349998,26.5294,3524500
2012-07-25,37.549999,37.82,37.259998,37.52,26.650146,4406100
2012-07-26,38.0,38.18,37.549999,37.560001,26.678568,7114800
2012-07-27,37.740002,39.119999,37.610001,39.029999,27.722685,5829100
2012-07-30,38.93,39.060001,38.639999,38.810001,27.566423,4484300
2012-07-31,38.880001,39.68,38.790001,39.419998,27.999695,6832600
2012-08-01,39.57,39.57,39.18,39.27,27.893164,5151100
2012-08-02,39.119999,39.119999,38.529999,38.900002,27.630352,4540100
2012-08-03,39.419998,39.880001,39.380001,39.810001,28.276718,3713700
2012-08-06,39.849998,39.990002,39.650002,39.740002,28.226995,3319600
2012-08-07,39.830002,40.450001,39.669998,40.240002,28.582144,4871600
2012-08-08,40.189999,40.400002,40.110001,40.400002,28.695774,3159000
2012-08-09,40.200001,40.360001,39.93,40.0,28.411682,4367900
2012-08-10,39.799999,40.259998,39.619999,40.259998,28.59635,2486200
2012-08-13,40.119999,40.279999,39.93,40.259998,28.59635,2189900
2012-08-14,40.43,40.490002,40.029999,40.169998,28.532429,3384300
2012-08-15,40.040001,40.400002,40.0,40.330002,28.646059,2831700
2012-08-16,40.41,40.630001,40.23,40.470001,28.745514,3992200
2012-08-17,40.91,40.91,40.380001,40.84,29.008316,5535300
2012-08-20,40.73,41.57,40.689999,41.450001,29.441587,8240700
2012-08-21,41.099998,41.790001,40.799999,41.139999,29.221407,6202900
2012-08-22,41.040001,41.27,40.549999,40.68,28.894665,3627100
2012-08-23,40.650002,40.669998,40.259998,40.369999,28.674469,3213900
2012-08-24,40.310001,40.700001,40.189999,40.580002,28.823639,2923700
2012-08-27,40.630001,40.82,40.419998,40.459999,28.738392,2799600
2012-08-28,40.299999,40.610001,40.299999,40.439999,28.724201,3664200
2012-08-29,40.5,41.0,40.459999,40.810001,28.987011,2623300
2012-08-30,40.560001,40.68,40.310001,40.48,28.752613,3067500
2012-08-31,40.639999,40.98,40.470001,40.66,28.880468,3687400
2012-09-04,40.669998,41.349998,40.610001,41.209999,29.271128,4393500
2012-09-05,41.259998,41.349998,40.73,40.849998,29.015415,4906200
2012-09-06,41.139999,41.669998,41.029999,41.580002,29.533934,4484400
2012-09-07,41.68,41.75,41.400002,41.610001,29.555256,3693800
2012-09-10,41.470001,41.689999,41.419998,41.459999,29.448696,3292700
2012-09-11,41.560001,41.900002,41.52,41.68,29.604967,4415300
2012-09-12,41.759998,41.950001,41.57,41.650002,29.58366,3550800
2012-09-13,41.669998,42.360001,41.57,42.299999,30.045336,3949600
2012-09-14,42.119999,43.049999,42.02,43.049999,30.578053,6048500
2012-09-17,42.91,43.18,42.66,42.869999,30.450212,4782100
2012-09-18,42.580002,43.049999,42.400002,42.959999,30.514141,4456200
2012-09-19,43.0,43.040001,42.740002,42.830002,30.421799,4968200
2012-09-20,42.73,43.259998,42.689999,43.169998,30.663292,4449500
2012-09-21,43.189999,43.470001,43.09,43.349998,30.791157,5526600
2012-09-24,43.290001,43.790001,43.150002,43.709999,31.046852,3638200
2012-09-25,43.880001,44.040001,43.290001,43.310001,30.762726,5982400
2012-09-26,43.48,43.669998,43.07,43.07,30.592266,4700400
2012-09-27,43.200001,43.560001,43.16,43.48,30.883503,3097900
2012-09-28,43.27,43.439999,42.740002,43.119999,30.627781,4720500
2012-10-01,43.27,43.889999,43.099998,43.27,30.734327,4709900
2012-10-02,43.299999,43.740002,43.259998,43.709999,31.046852,4873700
2012-10-03,43.540001,43.650002,43.23,43.540001,31.111176,3255300
2012-10-04,43.389999,44.07,43.369999,44.02,31.454145,4602800
2012-10-05,44.150002,44.790001,44.150002,44.669998,31.918604,6373200
2012-10-08,44.509998,44.66,43.389999,44.209999,31.589903,4453000
2012-10-09,43.630001,43.84,43.02,43.209999,30.875372,7581400
2012-10-10,43.049999,43.369999,42.360001,42.549999,30.403759,6018500
2012-10-11,43.209999,43.25,42.799999,42.82,30.596687,3727100
2012-10-12,42.880001,43.470001,42.84,43.049999,30.761036,4096400
2012-10-15,43.009998,43.169998,42.790001,43.139999,30.82534,3627300
2012-10-16,43.459999,43.950001,43.349998,43.799999,31.29694,3547400
2012-10-17,43.529999,43.799999,43.200001,43.290001,30.932529,4478200
2012-10-18,42.98,43.25,42.700001,43.18,30.85393,6136700
2012-10-19,43.189999,43.200001,41.959999,42.0,30.010782,7312800
2012-10-22,41.860001,42.529999,41.860001,42.490002,30.360899,3966400
2012-10-23,42.150002,42.18,41.540001,41.549999,29.689228,4042300
2012-10-24,41.880001,42.049999,41.549999,41.689999,29.789253,4179200
2012-10-25,42.139999,42.189999,41.509998,41.880001,29.925024,3349700
2012-10-26,41.75,41.880001,41.349998,41.599998,29.724947,3169300
2012-10-31,41.889999,42.009998,41.330002,41.580002,29.710667,4411300
2012-11-01,41.599998,42.400002,41.439999,42.25,30.189396,5225500
2012-11-02,42.610001,42.790001,41.900002,42.0,30.010782,5083800
2012-11-05,41.869999,42.299999,41.650002,42.200001,30.153679,4632500
2012-11-06,42.150002,43.0,42.0,42.810001,30.589544,4809700
2012-11-07,42.389999,42.450001,41.110001,41.509998,29.660633,6640200
2012-11-08,41.490002,41.66,41.040001,41.060001,29.339096,4583000
2012-11-09,41.0,41.380001,40.759998,41.16,29.410559,3926500
2012-11-12,41.23,41.689999,40.950001,41.490002,29.646345,2992000
2012-11-13,41.349998,41.91,41.290001,41.299999,29.510588,4150400
2012-11-14,41.330002,41.599998,40.66,40.77,29.131887,5047900
2012-11-15,40.709999,40.950001,40.439999,40.869999,29.203339,3990700
2012-11-16,40.93,41.220001,40.540001,41.099998,29.367685,5433700
2012-11-19,41.360001,41.810001,41.310001,41.810001,29.874998,5154800
2012-11-20,42.459999,42.970001,42.27,42.66,30.482367,5143200
2012-11-21,42.720001,43.0,42.52,42.75,30.546673,5359300
2012-11-23,42.939999,43.27,42.810001,43.27,30.918245,1838200
2012-11-26,42.959999,43.049999,42.619999,42.799999,30.582401,4280900
2012-11-27,42.740002,43.0,42.389999,42.41,30.303734,4221300
2012-11-28,42.32,42.599998,41.91,42.59,30.432337,3683900
2012-11-29,42.82,42.82,42.099998,42.240002,30.182262,6219100
2012-11-30,42.369999,42.5,42.049999,42.110001,30.089365,6591200
2012-12-03,42.279999,42.5,41.73,41.869999,29.917877,4957800
2012-12-04,41.900002,42.110001,41.619999,41.860001,29.910728,6245900
2012-12-05,42.029999,42.34,41.73,42.029999,30.032213,3658800
2012-12-06,42.049999,42.5,41.880001,42.5,30.368036,4012200
2012-12-07,42.580002,42.599998,42.25,42.560001,30.410908,3006600
2012-12-10,42.450001,42.91,42.349998,42.599998,30.439497,2800800
2012-12-11,42.48,42.799999,42.32,42.560001,30.410908,5120100
2012-12-12,42.830002,43.02,42.52,42.630001,30.460936,4653000
2012-12-13,42.52,42.580002,42.060001,42.189999,30.331524,2505600
2012-12-14,42.080002,42.18,41.790001,41.860001,30.094278,3133200
2012-12-17,41.950001,42.330002,41.860001,42.240002,30.367474,3717600
2012-12-18,42.369999,42.889999,42.080002,42.799999,30.770069,3837000
2012-12-19,42.779999,42.849998,42.419998,42.439999,30.511248,4275700
2012-12-20,42.450001,42.779999,42.080002,42.68,30.683796,3232400
2012-12-21,42.490002,42.490002,41.790001,42.02,30.209295,6718000
2012-12-24,41.869999,41.98,41.549999,41.700001,29.97925,1594200
2012-12-26,41.650002,41.66,40.98,41.130001,29.569464,3485800
2012-12-27,41.130001,41.41,40.759998,41.34,29.720432,3863800
2012-12-28,41.130001,41.209999,40.68,40.75,29.296272,3055100
2012-12-31,40.599998,41.049999,40.279999,41.02,29.490381,4689100
2013-01-02,41.450001,41.880001,41.16,41.880001,30.108656,6521500
2013-01-03,41.990002,42.52,41.939999,42.470001,30.532814,5338600
2013-01-04,42.59,42.709999,42.369999,42.66,30.669411,4219900
2013-01-07,42.52,43.48,42.389999,43.16,31.028868,6807700
2013-01-08,43.16,43.310001,42.900002,43.110001,30.992931,4137600
2013-01-09,43.32,43.849998,43.240002,43.380001,31.187052,3442200
2013-01-10,43.459999,43.970001,43.459999,43.849998,31.524946,4241100
2013-01-11,43.759998,44.119999,43.759998,44.07,31.683102,3212000
2013-01-14,43.990002,44.240002,43.77,44.220001,31.790941,3126300
2013-01-15,44.009998,44.169998,43.82,44.130001,31.726238,3812700
2013-01-16,44.060001,44.18,43.799999,43.939999,31.589642,3221500
2013-01-17,44.439999,45.48,44.34,45.169998,32.473919,7958700
2013-01-18,45.450001,45.669998,44.950001,45.669998,32.833382,6347800
2013-01-22,45.540001,46.209999,45.080002,46.200001,33.214424,7128000
2013-01-23,46.049999,46.200001,45.560001,45.900002,32.998737,4116000
2013-01-24,45.950001,46.490002,45.869999,46.450001,33.394154,4024400
2013-01-25,46.16,46.490002,46.130001,46.419998,33.372593,4243300
2013-01-28,46.459999,46.57,46.27,46.490002,33.42292,3090300
2013-01-29,46.389999,46.919998,46.32,46.639999,33.530746,4616000
2013-01-30,46.700001,46.950001,46.43,46.66,33.54512,3564600
2013-01-31,46.459999,46.68,46.189999,46.599998,33.50198,6369900
2013-02-01,46.849998,47.130001,46.68,46.919998,33.732037,4374500
2013-02-04,46.560001,46.75,46.23,46.25,33.250359,3630600
2013-02-05,46.619999,47.029999,46.52,46.77,33.624214,3740000
2013-02-06,46.57,46.950001,46.25,46.950001,33.753605,4327900
2013-02-07,46.849998,47.0,46.32,46.759998,33.617008,3492200
2013-02-08,46.84,47.18,46.73,47.099998,33.861458,3099500
2013-02-11,47.09,47.220001,46.959999,47.220001,33.947739,3083100
2013-02-12,47.330002,47.400002,47.040001,47.110001,33.868649,3304900
2013-02-13,47.220001,47.349998,46.880001,46.990002,33.782372,3048400
2013-02-14,46.700001,47.27,46.52,47.169998,33.911774,4441400
2013-02-15,47.0,47.119999,46.599998,47.119999,33.875839,7276500
2013-02-19,45.990002,46.25,44.990002,45.799999,32.926849,9472800
2013-02-20,45.84,45.84,44.439999,44.759998,32.179169,9916300
2013-02-21,44.77,44.849998,44.470001,44.73,32.157589,6103700
2013-02-22,45.0,45.080002,44.549999,44.720001,32.150398,4313100
2013-02-25,45.0,45.459999,43.880001,43.880001,31.546516,6608600
2013-02-26,44.169998,44.459999,43.509998,44.119999,31.719042,7409000
2013-02-27,44.119999,44.599998,44.040001,44.540001,32.021004,4087300
2013-02-28,44.73,45.200001,44.419998,44.959999,32.322945,5498400
2013-03-01,44.799999,45.310001,44.509998,45.23,32.517056,4365000
2013-03-04,45.0,45.259998,44.720001,45.259998,32.53862,3485900
2013-03-05,45.5,46.0,45.400002,45.779999,32.912468,4082500
2013-03-06,45.959999,46.110001,45.790001,46.029999,33.092186,3028700
2013-03-07,46.02,46.240002,45.599998,45.73,32.876522,2647900
2013-03-08,45.939999,46.0,45.509998,45.599998,32.783062,3988800
2013-03-11,45.599998,46.209999,45.5,46.209999,33.221626,3877900
2013-03-12,46.209999,46.240002,45.900002,46.0,33.070618,3763800
2013-03-13,45.939999,45.990002,45.48,45.869999,32.977169,2923400
2013-03-14,46.0,46.009998,45.700001,45.950001,33.034691,2971600
2013-03-15,45.799999,45.959999,45.419998,45.419998,32.653656,6510200
2013-03-18,45.009998,45.360001,44.799999,45.110001,32.430782,3444000
2013-03-19,45.279999,45.619999,44.82,45.119999,32.437981,3853300
2013-03-20,45.5,45.73,45.369999,45.540001,32.739937,3578300
2013-03-21,45.330002,45.98,45.279999,45.82,32.941242,5703000
2013-03-22,45.889999,46.040001,45.810001,45.990002,33.063446,3323200
2013-03-25,46.16,46.169998,45.610001,45.73,32.876522,3401300
2013-03-26,46.060001,46.650002,45.889999,46.650002,33.537945,4236900
2013-03-27,46.369999,46.580002,46.029999,46.52,33.444477,2613500
2013-03-28,46.450001,47.009998,46.279999,46.959999,33.760807,4411500
2013-04-01,46.900002,46.959999,46.529999,46.799999,33.645782,2809800
2013-04-02,47.049999,47.48,46.84,47.330002,34.02681,4953500
2013-04-03,46.98,47.279999,46.880001,47.02,33.990665,4855500
2013-04-04,47.09,47.18,46.560001,47.119999,34.06295,4387500
2013-04-05,46.619999,46.700001,46.169998,46.279999,33.455723,3861400
2013-04-08,46.360001,46.43,46.110001,46.380001,33.528004,3241700
2013-04-09,46.529999,47.009998,46.43,46.759998,33.8027,4273500
2013-04-10,46.84,47.330002,46.82,47.240002,34.1497,3201900
2013-04-11,47.349998,47.98,47.240002,47.720001,34.496685,5282200
2013-04-12,47.5,47.689999,46.91,47.200001,34.120785,4540300
2013-04-15,46.959999,47.27,46.209999,46.23,33.419567,5189000
2013-04-16,46.369999,46.68,46.029999,46.650002,33.723194,4260000
2013-04-17,46.48,46.709999,46.060001,46.349998,33.506317,4309700
2013-04-18,46.34,46.400002,45.389999,45.610001,32.971378,3159300
2013-04-19,45.700001,46.110001,45.41,46.029999,33.274975,4586400
2013-04-22,46.299999,46.389999,45.790001,46.060001,33.296677,2472700
2013-04-23,46.200001,46.84,46.169998,46.59,33.679813,3309100
2013-04-24,46.740002,46.889999,46.330002,46.389999,33.535229,2574700
2013-04-25,46.5,47.310001,46.459999,47.029999,33.99789,4116700
2013-04-26,47.07,47.18,46.310001,46.360001,33.513554,3498000
2013-04-29,46.57,46.880001,46.549999,46.84,33.860538,4225200
2013-04-30,46.66,46.779999,46.169998,46.68,33.744873,4751000
2013-05-01,46.57,47.040001,46.259998,46.650002,33.723194,4068900
2013-05-02,46.610001,47.459999,46.490002,47.439999,34.294285,3700500
2013-05-03,47.59,47.970001,47.529999,47.720001,34.496685,3485000
2013-05-06,47.669998,48.09,47.639999,47.700001,34.482231,2682800
2013-05-07,47.790001,48.099998,47.549999,48.099998,34.771381,3468900
2013-05-08,48.02,48.830002,47.919998,48.810001,35.284649,4231000
2013-05-09,48.689999,49.200001,48.689999,48.869999,35.328026,3879500
2013-05-10,48.759998,49.209999,48.759998,49.169998,35.544888,3538900
2013-05-13,48.900002,49.59,48.900002,49.349998,35.675011,3408100
2013-05-14,49.34,49.93,49.23,49.919998,36.087067,3615800
2013-05-15,49.740002,50.169998,49.580002,50.009998,36.152115,4523300
2013-05-16,49.709999,49.880001,49.549999,49.639999,35.884651,3683800
2013-05-17,49.619999,49.84,49.240002,49.84,36.029243,5564600
2013-05-20,49.689999,50.080002,49.59,49.889999,36.065376,5068400
2013-05-21,51.82,53.830002,51.82,52.349998,37.8437,14006300
2013-05-22,51.98,52.599998,51.110001,51.529999,37.250942,11185800
2013-05-23,50.700001,51.650002,50.700001,51.459999,37.200329,6685300
2013-05-24,51.169998,51.669998,50.77,51.330002,37.10635,4000300
2013-05-28,51.540001,52.389999,51.540001,51.98,37.576248,7224200
2013-05-29,51.580002,51.98,51.290001,51.77,37.424423,4869000
2013-05-30,51.860001,52.150002,51.720001,52.0,37.590691,6884000
2013-05-31,51.93,52.16,50.950001,51.009998,36.875011,8285300
2013-06-03,51.240002,52.060001,51.130001,52.060001,37.634068,6809100
2013-06-04,51.77,52.09,51.41,51.419998,37.17141,5895200
2013-06-05,51.240002,51.549999,50.939999,50.959999,36.838882,5508000
2013-06-06,51.040001,51.48,50.599998,51.48,37.21479,4679500
2013-06-07,51.669998,52.130001,51.599998,52.080002,37.648518,4558100
2013-06-10,52.0,52.23,51.66,52.029999,37.612362,3972600
2013-06-11,51.66,52.380001,51.389999,52.07,37.6413,5355600
2013-06-12,52.259998,52.48,51.540001,51.610001,37.308762,4856600
2013-06-13,51.470001,52.849998,51.09,52.779999,38.154568,5175400
2013-06-14,52.880001,53.299999,52.619999,52.919998,38.25576,5463600
2013-06-17,53.169998,53.799999,53.099998,53.509998,38.682262,6131000
2013-06-18,52.990002,53.25,52.450001,52.919998,38.25576,5610000
2013-06-19,52.990002,53.18,52.049999,52.049999,37.626839,5714900
2013-06-20,51.66,51.98,51.060001,51.189999,37.005146,7158700
2013-06-21,51.669998,52.549999,51.66,52.490002,37.944908,8406400
2013-06-24,52.07,52.23,51.189999,51.580002,37.287067,6412400
2013-06-25,52.0,52.189999,51.369999,51.830002,37.467812,3921300
2013-06-26,52.380001,52.759998,52.0,52.0,37.590691,4362200
2013-06-27,52.130001,52.220001,51.709999,51.93,37.540081,4382200
2013-06-28,51.93,52.169998,51.470001,51.470001,37.207565,6747100
2013-07-01,52.060001,52.630001,51.91,52.049999,37.626839,4715800
2013-07-02,51.779999,52.290001,51.650002,51.810001,37.655891,4872100
2013-07-03,51.66,51.869999,51.279999,51.529999,37.452404,2259100
2013-07-05,51.869999,52.419998,51.849998,52.41,38.091995,3673200
2013-07-08,52.610001,52.98,52.509998,52.790001,38.368176,4606400
2013-07-09,52.950001,52.990002,52.48,52.880001,38.433598,4269500
2013-07-10,52.799999,53.16,52.689999,53.0,38.520798,4333300
2013-07-11,53.400002,53.77,53.360001,53.740002,39.058647,5063400
2013-07-12,53.0,53.549999,52.799999,53.439999,38.840595,5866200
2013-07-15,53.580002,53.91,53.52,53.689999,39.022305,4725500
2013-07-16,53.630001,53.990002,53.330002,53.52,38.898754,3623600
2013-07-17,54.029999,54.779999,53.919998,54.400002,39.538342,5190200
2013-07-18,54.439999,54.75,54.32,54.700001,39.756386,4708000
2013-07-19,54.650002,55.119999,54.419998,55.02,39.988972,7319300
2013-07-22,54.950001,55.580002,54.950001,55.48,40.323303,4019000
2013-07-23,55.450001,55.630001,55.150002,55.48,40.323303,4099600
2013-07-24,55.509998,55.619999,55.02,55.09,40.039841,3155400
2013-07-25,55.18,55.529999,54.900002,55.380001,40.250614,4180700
2013-07-26,55.23,55.599998,54.84,55.599998,40.410515,2671700
2013-07-29,55.540001,55.59,55.189999,55.32,40.207012,2831700
2013-07-30,55.57,55.900002,55.029999,55.07,40.025303,4319100
2013-07-31,55.139999,55.75,55.029999,55.240002,40.148872,4376700
2013-08-01,55.34,55.619999,55.23,55.490002,40.33057,4418300
2013-08-02,54.91,55.16,54.349998,54.939999,39.930817,11814400
2013-08-05,54.759998,55.459999,54.669998,55.360001,40.236088,5395300
2013-08-06,55.349998,55.48,55.09,55.130001,40.068913,4429600
2013-08-07,55.040001,55.349998,54.84,55.18,40.105255,3839300
2013-08-08,55.490002,55.98,55.389999,55.880001,40.61401,4641500
2013-08-09,55.759998,55.779999,55.290001,55.369999,40.24334,3868100
2013-08-12,55.209999,55.290001,54.959999,55.220001,40.134323,3247400
2013-08-13,55.200001,55.349998,54.650002,54.84,39.858143,4612600
2013-08-14,55.099998,55.330002,54.91,55.200001,40.119793,4784700
2013-08-15,54.790001,54.950001,54.080002,54.330002,39.487469,4479400
2013-08-16,54.130001,54.290001,53.889999,53.91,39.182209,4583300
2013-08-19,53.650002,54.259998,53.57,54.099998,39.320305,4325200
2013-08-20,52.73,53.139999,52.400002,52.830002,38.397251,6160700
2013-08-21,52.720001,53.18,52.52,52.68,38.288239,5298000
2013-08-22,52.759998,53.529999,52.700001,53.360001,38.782467,3485100
2013-08-23,53.34,53.720001,52.619999,52.740002,38.331848,5979800
2013-08-26,52.77,53.0,52.349998,52.369999,38.06292,4871300
2013-08-27,51.889999,52.110001,51.470001,51.509998,37.437866,5667000
2013-08-28,51.48,51.799999,51.470001,51.560001,37.474213,4532200
2013-08-29,51.470001,52.349998,51.220001,51.830002,37.670452,4865700
2013-08-30,51.970001,51.970001,51.529999,51.75,37.612301,5442900
2013-09-03,52.25,52.580002,51.779999,52.09,37.859406,5625300
2013-09-04,53.380001,53.490002,52.860001,53.200001,38.666172,11290000
2013-09-05,53.220001,53.740002,53.220001,53.66,39.000496,4618100
2013-09-06,53.66,53.880001,52.880001,53.459999,38.855137,4443300
2013-09-09,53.48,53.990002,53.450001,53.919998,39.189476,3662700
2013-09-10,54.09,54.259998,53.779999,53.959999,39.218544,2956700
2013-09-11,54.0,54.25,53.959999,54.09,39.31303,3191600
2013-09-12,54.07,54.209999,53.509998,53.580002,38.942368,3907100
2013-09-13,53.709999,53.799999,53.439999,53.580002,38.942368,2256400
2013-09-16,54.040001,54.23,53.790001,54.060001,39.291241,2515700
2013-09-17,54.040001,54.209999,53.799999,53.939999,39.20401,2522100
2013-09-18,53.91,54.240002,53.290001,54.080002,39.305759,4809900
2013-09-19,54.139999,54.150002,53.799999,54.0,39.247616,2778200
2013-09-20,54.25,54.299999,53.650002,53.709999,39.036835,6328700
2013-09-23,53.720001,53.889999,53.52,53.759998,39.073193,2611200
2013-09-24,53.849998,53.869999,53.41,53.43,38.833332,2919000
2013-09-25,53.459999,53.48,52.759998,52.810001,38.382721,3631200
2013-09-26,52.740002,53.130001,52.709999,52.939999,38.477196,2067300
2013-09-27,52.779999,53.110001,52.639999,53.0,38.520798,2920300
2013-09-30,52.82,53.880001,52.599998,53.25,38.702511,5588300
2013-10-01,53.34,53.580002,53.049999,53.52,38.898754,2987300
2013-10-02,53.07,53.529999,52.98,53.52,39.103336,3440300
2013-10-03,53.330002,53.400002,52.619999,53.040001,38.752621,3178000
2013-10-04,52.990002,53.400002,52.73,53.349998,38.979122,2228900
2013-10-07,52.959999,52.98,52.630001,52.720001,38.518826,2631300
2013-10-08,52.77,53.32,52.439999,52.459999,38.328861,5094000
2013-10-09,52.560001,53.279999,52.529999,53.060001,38.767231,4238200
2013-10-10,53.470001,54.27,53.389999,54.27,39.651291,3543400
2013-10-11,54.029999,55.040001,54.02,54.990002,40.177353,4230100
2013-10-14,54.759998,55.34,54.66,55.189999,40.323471,3452200
2013-10-15,55.040001,55.369999,54.52,54.580002,39.8778,3086100
2013-10-16,54.68,55.48,54.669998,55.48,40.535366,3352500
2013-10-17,55.41,56.369999,55.259998,56.32,41.149101,3477800
2013-10-18,56.48,56.700001,56.139999,56.59,41.346355,4941000
2013-10-21,56.43,56.529999,56.009998,56.490002,41.273293,3657800
2013-10-22,56.57,56.82,56.419998,56.73,41.448643,3183100
2013-10-23,56.970001,57.880001,56.900002,57.650002,42.120823,4954100
2013-10-24,57.549999,57.689999,57.009998,57.5,42.011242,4375500
2013-10-25,57.619999,57.779999,57.009998,57.360001,41.908939,2817600
2013-10-28,57.330002,57.959999,57.310001,57.650002,42.120823,3738700
2013-10-29,57.82,58.580002,57.630001,58.5,42.741859,5742400
2013-10-30,58.639999,58.82,57.68,57.939999,42.33271,4035400
2013-10-31,58.0,58.09,57.380001,57.400002,41.938175,6619000
2013-11-01,57.549999,57.759998,56.959999,57.259998,41.835884,4723800
2013-11-04,56.450001,57.470001,56.450001,57.27,41.843185,8695700
2013-11-05,56.799999,57.23,56.759998,57.099998,41.71899,4104300
2013-11-06,57.619999,58.09,57.349998,57.470001,41.989319,4427800
2013-11-07,57.560001,57.810001,57.259998,57.299999,41.865105,4102500
2013-11-08,57.299999,58.040001,57.130001,58.029999,42.398472,3357500
2013-11-11,58.200001,58.34,57.970001,58.09,42.442303,2849100
2013-11-12,57.990002,58.02,57.549999,57.889999,42.296165,2612300
2013-11-13,57.639999,58.200001,57.299999,58.189999,42.515369,3398200
2013-11-14,58.34,58.849998,58.0,58.84,42.990276,3611100
2013-11-15,58.75,58.830002,58.099998,58.549999,42.778397,5443600
2013-11-18,58.43,58.619999,58.080002,58.310001,42.60305,3653000
2013-11-19,57.849998,58.470001,57.299999,57.939999,42.33271,4986800
2013-11-20,58.040001,58.080002,56.52,56.889999,41.565552,5823900
2013-11-21,57.380001,57.459999,57.049999,57.099998,41.71899,3776300
2013-11-22,57.189999,57.639999,56.830002,57.599998,42.084297,3742200
2013-11-25,57.75,57.970001,57.139999,57.279999,41.850487,2647200
2013-11-26,57.349998,57.490002,56.91,57.360001,41.908939,3548500
2013-11-27,57.369999,57.639999,57.139999,57.450001,41.974712,2239600
2013-11-29,57.490002,57.52,57.139999,57.32,41.879723,2247200
2013-12-02,57.32,57.990002,57.150002,57.529999,42.033154,3952100
2013-12-03,57.369999,57.700001,57.080002,57.639999,42.113518,4652900
2013-12-04,57.27,58.02,56.66,56.93,41.594776,4469300
2013-12-05,56.950001,57.07,56.66,56.91,41.580158,4352800
2013-12-06,57.529999,58.18,57.490002,58.139999,42.478836,3318200
2013-12-09,58.169998,58.200001,57.599998,57.869999,42.281578,3579300
2013-12-10,57.400002,57.650002,57.25,57.380001,41.923561,2740300
2013-12-11,57.389999,57.43,56.200001,56.259998,41.105247,4009900
2013-12-12,56.110001,56.18,55.610001,55.650002,40.659576,3496800
2013-12-13,55.919998,56.18,55.560001,55.889999,40.834927,2536100
2013-12-16,56.240002,56.619999,56.130001,56.34,41.163708,3156400
2013-12-17,57.310001,57.380001,56.049999,56.59,41.346355,4638100
2013-12-18,56.810001,57.77,56.189999,57.759998,42.201202,4786000
2013-12-19,57.43,57.599998,57.09,57.169998,41.770126,4110000
2013-12-20,57.130001,57.189999,56.849998,56.889999,41.565552,6769400
2013-12-23,57.299999,57.439999,57.0,57.400002,41.938175,3618800
2013-12-24,57.41,57.470001,57.130001,57.369999,41.916252,1249400
2013-12-26,57.5,57.5,57.279999,57.470001,41.989319,1887300
2013-12-27,57.57,57.689999,57.259998,57.400002,41.938175,1834800
2013-12-30,57.470001,57.57,57.290001,57.369999,41.916252,1882600
2013-12-31,57.259998,57.490002,57.169998,57.389999,42.136528,3299700
2014-01-02,57.209999,57.459999,57.040001,57.240002,42.026394,4219000
2014-01-03,58.200001,58.5,57.709999,58.34,42.834038,12577400
2014-01-06,59.150002,59.77,58.900002,59.220001,43.480114,10538100
2014-01-07,59.779999,60.130001,59.529999,59.84,43.935329,6510600
2014-01-08,59.860001,60.93,59.740002,60.84,44.669559,6725000
2014-01-09,58.0,59.740002,57.919998,59.360001,43.582912,8127900
2014-01-10,59.669998,60.25,59.290001,59.950001,44.016109,6548700
2014-01-13,59.779999,59.98,59.18,59.25,43.502155,4264000
2014-01-14,59.5,59.549999,58.880001,59.41,43.619629,4546500
2014-01-15,59.599998,59.799999,59.18,59.330002,43.560902,4785100
2014-01-16,59.380001,59.560001,58.98,59.110001,43.399364,4321400
2014-01-17,59.110001,59.59,58.889999,59.509998,43.693035,6485100
2014-01-21,59.650002,59.889999,59.029999,59.369999,43.590256,4484200
2014-01-22,59.5,59.529999,58.66,59.150002,43.428734,4085200
2014-01-23,59.049999,59.220001,58.540001,58.709999,43.105671,4396000
2014-01-24,58.400002,58.5,57.16,57.16,41.967644,5682400
2014-01-27,57.299999,57.630001,56.860001,56.959999,41.820801,4194300
2014-01-28,57.0,57.57,57.0,57.09,41.916256,4043300
2014-01-29,56.759998,57.09,56.130001,56.360001,41.380283,5511600
2014-01-30,56.650002,57.310001,56.540001,57.009998,41.857502,4705800
2014-01-31,56.400002,56.939999,56.110001,56.560001,41.527119,4404000
2014-02-03,56.560001,56.580002,54.610001,54.709999,40.168823,7089700
2014-02-04,54.080002,54.689999,53.330002,53.599998,39.353851,15925000
2014-02-05,53.919998,54.970001,53.73,54.73,40.183506,9615200
2014-02-06,54.740002,55.07,54.580002,54.75,40.198196,5124700
2014-02-07,55.529999,55.720001,55.09,55.59,40.81493,4302300
2014-02-10,55.700001,55.970001,55.599998,55.810001,40.97646,3688000
2014-02-11,55.689999,56.529999,55.619999,56.470001,41.46104,3407600
2014-02-12,56.650002,56.830002,56.27,56.43,41.431667,3032300
2014-02-13,56.23,56.610001,56.07,56.599998,41.556492,2543900
2014-02-14,56.560001,57.0,56.150002,56.880001,41.762058,5154800
2014-02-18,56.790001,56.790001,55.299999,56.189999,41.255463,7561500
2014-02-19,56.130001,57.07,56.0,56.200001,41.26281,6517500
2014-02-20,56.360001,57.029999,56.169998,57.0,41.850185,3846200
2014-02-21,57.07,57.709999,57.0,57.119999,41.938274,5084600
2014-02-24,57.259998,58.040001,57.16,57.599998,42.290695,4390700
2014-02-25,57.75,57.759998,57.049999,57.450001,42.180576,3253500
2014-02-26,57.630001,58.23,57.52,57.810001,42.444893,4008400
2014-02-27,57.720001,58.32,57.720001,58.299999,42.804665,3500300
2014-02-28,58.27,59.799999,58.259998,59.259998,43.509495,7156700
2014-03-03,58.689999,59.41,58.529999,59.040001,43.347965,4802400
2014-03-04,59.650002,59.880001,59.450001,59.650002,43.795841,4331100
2014-03-05,59.75,59.84,59.200001,59.639999,43.788498,3192600
2014-03-06,59.950001,60.0,59.439999,59.77,43.883945,4134500
2014-03-07,60.029999,60.029999,59.369999,59.91,43.98674,4133200
2014-03-10,59.630001,60.099998,59.400002,60.07,44.104214,4343700
2014-03-11,60.060001,60.75,59.779999,60.259998,44.243713,5143800
2014-03-12,59.98,60.240002,59.639999,59.830002,43.928005,4259700
2014-03-13,60.0,60.240002,58.880001,59.029999,43.34063,3963700
2014-03-14,59.040001,59.509998,58.799999,58.860001,43.215809,4333000
2014-03-17,58.98,59.639999,58.98,59.220001,43.480114,3577000
2014-03-18,59.32,60.169998,59.279999,59.849998,43.942692,3612300
2014-03-19,60.0,60.490002,59.43,59.849998,43.942692,3510700
2014-03-20,59.810001,59.810001,59.169998,59.580002,43.744446,2891600
2014-03-21,60.060001,60.380001,58.66,58.830002,43.193794,7155000
2014-03-24,59.16,59.220001,57.860001,58.150002,42.694511,4424900
2014-03-25,58.349998,59.07,58.32,59.0,43.318596,2971700
2014-03-26,59.349998,59.98,59.200001,59.290001,43.531521,4136700
2014-03-27,59.220001,59.360001,58.470001,59.169998,43.443417,4886500
2014-03-28,59.709999,60.91,59.650002,60.41,44.353848,7155800
2014-03-31,61.5,61.740002,60.709999,61.540001,45.183495,7741700
2014-04-01,61.610001,62.200001,61.389999,61.610001,45.234909,4626600
2014-04-02,61.080002,62.0,61.080002,61.860001,45.625816,4945800
2014-04-03,62.09,62.41,61.880001,62.310001,45.957726,4971800
2014-04-04,62.150002,62.900002,61.43,61.57,45.411907,5273600
2014-04-07,61.560001,62.139999,61.459999,61.619999,45.448792,5609000
2014-04-08,61.610001,61.740002,60.860001,61.0,44.991489,4307800
2014-04-09,60.959999,61.459999,60.75,61.400002,45.28653,5252400
2014-04-10,61.470001,61.700001,59.669998,60.099998,44.32769,5712600
2014-04-11,59.849998,59.900002,59.110001,59.200001,43.663879,4727200
2014-04-14,56.150002,58.360001,55.849998,58.080002,42.837807,10496000
2014-04-15,58.0,58.459999,56.990002,58.049999,42.815693,6820300
2014-04-16,58.52,58.740002,57.959999,58.490002,43.140232,5001000
2014-04-17,58.360001,59.240002,58.18,58.549999,43.184464,6056000
2014-04-21,58.119999,59.110001,58.060001,58.939999,43.472118,3844000
2014-04-22,59.0,59.18,58.299999,58.299999,43.000076,4161700
2014-04-23,58.27,58.5,57.950001,58.380001,43.059082,3521100
2014-04-24,58.790001,58.950001,58.18,58.34,43.029583,3387900
2014-04-25,58.369999,58.369999,57.810001,58.209999,42.933685,3141200
2014-04-28,58.82,58.939999,58.0,58.73,43.317238,5156300
2014-04-29,58.799999,59.049999,58.610001,58.799999,43.368851,2747600
2014-04-30,58.700001,58.84,58.41,58.82,43.383614,3143100
2014-05-01,58.84,59.5,58.560001,59.209999,43.671257,3765600
2014-05-02,59.279999,59.389999,58.619999,58.77,43.346733,4189200
2014-05-05,58.619999,59.150002,58.25,59.049999,43.553249,3979300
2014-05-06,59.040001,59.610001,58.900002,59.200001,43.663879,3878100
2014-05-07,59.330002,59.41,58.669998,59.32,43.752388,3716600
2014-05-08,59.290001,59.790001,59.27,59.43,43.833523,3215800
2014-05-09,59.529999,60.349998,59.43,60.169998,44.379333,3686000
2014-05-12,60.450001,61.169998,60.389999,60.990002,44.984135,3097000
2014-05-13,61.02,61.18,60.419998,60.830002,44.866119,3612700
2014-05-14,60.720001,61.0,60.580002,60.650002,44.733356,2821100
2014-05-15,60.400002,60.549999,59.75,59.91,44.187557,4631500
2014-05-16,60.009998,60.400002,59.720001,60.389999,44.541588,3945700
2014-05-19,60.290001,60.68,60.150002,60.34,44.504715,3556200
2014-05-20,59.860001,59.889999,58.73,59.41,43.818779,6871400
2014-05-21,59.599998,60.07,59.389999,59.759998,44.076927,3348700
2014-05-22,59.73,59.950001,59.369999,59.779999,44.091675,2511500
2014-05-23,59.799999,60.0,59.669998,59.93,44.202301,1890500
2014-05-27,60.080002,60.5,59.91,60.419998,44.563721,2302500
2014-05-28,60.459999,60.529999,60.16,60.16,44.371948,2490100
2014-05-29,60.32,60.700001,60.119999,60.619999,44.711239,1996600
2014-05-30,60.52,61.060001,60.509998,61.029999,45.013634,2881300
2014-06-02,61.0,61.099998,60.549999,61.02,45.006256,1925500
2014-06-03,60.82,61.07,60.490002,61.009998,44.998882,3738700
2014-06-04,61.0,64.330002,60.849998,63.220001,46.628891,12427300
2014-06-05,61.860001,62.27,61.709999,62.040001,45.758579,7570500
2014-06-06,62.27,62.66,62.119999,62.470001,46.075733,3485700
2014-06-09,62.189999,62.459999,62.0,62.240002,45.906082,2859200
2014-06-10,62.009998,62.009998,61.41,61.860001,45.625816,3030600
2014-06-11,61.52,61.639999,60.93,61.169998,45.116886,3126800
2014-06-12,61.220001,61.32,60.619999,60.790001,44.836624,3518600
2014-06-13,61.93,61.93,60.59,60.700001,44.770229,2085300
2014-06-16,63.459999,63.900002,58.32,60.029999,44.276066,65437800
2014-06-17,61.860001,62.0,60.77,61.580002,45.419285,28563100
2014-06-18,61.889999,63.93,61.650002,63.77,47.034565,20710500
2014-06-19,64.019997,65.5,64.0,64.669998,47.698372,23598400
2014-06-20,64.980003,65.150002,63.560001,63.860001,47.100945,17900300
2014-06-23,63.810001,64.580002,63.700001,64.139999,47.307468,10238600
2014-06-24,63.740002,64.650002,63.66,64.07,47.255825,9764000
2014-06-25,64.309998,64.68,64.0,64.199997,47.351704,8209700
2014-06-26,64.400002,64.699997,63.720001,64.660004,47.691002,10264200
2014-06-27,64.639999,64.75,63.889999,64.120003,47.292713,10748200
2014-06-30,64.309998,64.43,63.669998,63.759998,47.027191,11711600
2014-07-01,63.290001,64.07,63.200001,63.91,47.364388,7730100
2014-07-02,63.91,64.209999,63.66,63.91,47.364388,7148200
2014-07-03,64.18,64.559998,63.810001,64.550003,47.838703,4349900
2014-07-07,63.91,64.220001,63.27,63.610001,47.142059,7616000
2014-07-08,64.080002,64.220001,63.509998,63.619999,47.149479,7627800
2014-07-09,64.059998,64.300003,63.5,63.599998,47.134624,7576000
2014-07-10,63.130001,63.57,62.650002,63.470001,47.038303,5161600
2014-07-11,63.439999,63.849998,62.880001,63.790001,47.275448,7533700
2014-07-14,64.0,64.089996,63.419998,64.040001,47.460747,8873200
2014-07-15,63.869999,64.349998,63.540001,63.560001,47.105003,9138900
2014-07-16,63.5,63.799999,61.970001,62.93,46.638088,15113600
2014-07-17,62.709999,62.759998,61.470001,61.52,45.59314,10053000
2014-07-18,61.919998,62.619999,61.740002,62.360001,46.215672,7457300
2014-07-21,62.209999,62.540001,61.73,62.41,46.25272,5563500
2014-07-22,62.599998,63.110001,62.48,62.709999,46.475048,8613600
2014-07-23,62.75,63.57,62.52,63.369999,46.964188,8823000
2014-07-24,63.619999,63.970001,63.209999,63.279999,46.897503,9664700
2014-07-25,63.259998,63.459999,62.610001,62.900002,46.615868,5208300
2014-07-28,62.77,63.029999,62.380001,62.759998,46.512115,5988700
2014-07-29,62.889999,62.98,62.200001,62.650002,46.430595,6968000
2014-07-30,62.84,62.959999,62.240002,62.580002,46.378712,6593100
2014-07-31,62.290001,62.349998,61.57,61.740002,45.75618,6767900
2014-08-01,61.34,61.939999,61.049999,61.48,45.563492,6122500
2014-08-04,61.66,62.59,61.200001,62.470001,46.297199,5990800
2014-08-05,62.310001,62.91,61.630001,61.990002,45.941448,10402300
2014-08-06,61.099998,61.810001,60.709999,61.299999,45.430103,19503800
2014-08-07,61.459999,61.650002,60.68,61.0,45.207756,12885400
2014-08-08,61.040001,62.27,60.759998,62.150002,46.060024,10209500
2014-08-11,62.34,62.610001,62.009998,62.07,46.00074,5580900
2014-08-12,62.0,62.349998,61.849998,62.209999,46.104504,4420500
2014-08-13,62.540001,63.48,62.41,63.470001,47.038303,6665700
2014-08-14,63.610001,64.040001,63.470001,63.73,47.230995,5346900
2014-08-15,63.52,63.82,62.779999,63.25,46.875248,8477100
2014-08-18,63.669998,63.779999,63.220001,63.470001,47.038303,6170700
2014-08-19,63.939999,64.07,63.279999,64.010002,47.438499,8802400
2014-08-20,63.720001,64.349998,63.470001,64.150002,47.542255,5996400
2014-08-21,64.480003,64.620003,64.080002,64.099998,47.505192,3949400
2014-08-22,64.019997,64.400002,63.52,63.59,47.127239,5146200
2014-08-25,63.93,64.080002,63.540001,63.630001,47.156872,4470900
2014-08-26,63.779999,63.93,63.490002,63.52,47.075371,5102000
2014-08-27,63.580002,63.709999,63.220001,63.360001,46.956783,3051000
2014-08-28,63.330002,63.48,63.060001,63.119999,46.778908,3883100
2014-08-29,63.419998,63.860001,63.060001,63.849998,47.319935,4724000
2014-09-02,63.869999,63.98,63.549999,63.91,47.364388,5037800
2014-09-03,64.0,64.589996,63.950001,64.309998,47.660839,5606200
2014-09-04,64.239998,64.540001,63.639999,64.010002,47.438499,9243800
2014-09-05,64.110001,64.349998,63.68,64.309998,47.660839,6000200
2014-09-08,64.400002,64.989998,64.32,64.769997,48.00174,5627600
2014-09-09,64.809998,65.910004,64.660004,65.540001,48.572395,10835300
2014-09-10,65.769997,66.209999,65.540001,65.970001,48.891079,7495700
2014-09-11,65.599998,65.849998,65.239998,65.739998,48.720619,5843500
2014-09-12,65.410004,65.790001,64.93,65.190002,48.313038,5008300
2014-09-15,65.25,65.410004,64.75,64.949997,48.135143,3721700
2014-09-16,64.830002,66.209999,64.43,66.190002,49.054123,6301800
2014-09-17,66.260002,66.32,65.300003,65.980003,48.898491,8253700
2014-09-18,66.309998,66.739998,66.040001,66.529999,49.306103,5464600
2014-09-19,66.970001,67.110001,66.220001,66.220001,49.076359,9196400
2014-09-22,65.949997,66.089996,65.480003,65.980003,48.898491,7390400
2014-09-23,63.490002,64.660004,63.310001,64.080002,47.490372,18538800
2014-09-24,64.07,64.379997,63.07,63.77,47.260628,16432000
2014-09-25,63.77,64.32,62.740002,62.75,46.5047,10559400
2014-09-26,62.919998,63.669998,62.68,63.34,46.941948,8141700
2014-09-29,62.66,63.02,62.5,62.540001,46.349083,7876700
2014-09-30,63.0,63.0,61.93,61.950001,45.911812,14432900
2014-10-01,61.950001,62.77,61.599998,62.470001,46.526257,13010800
2014-10-02,62.5,63.150002,61.84,62.799999,46.772026,10372800
2014-10-03,65.529999,65.82,64.790001,65.019997,48.42543,29984000
2014-10-06,65.260002,65.410004,64.779999,64.900002,48.336067,10306700
2014-10-07,64.389999,64.669998,63.849998,63.939999,47.621078,8272900
2014-10-08,63.880001,65.75,63.849998,65.730003,48.954231,10207700
2014-10-09,65.339996,65.599998,63.639999,63.650002,47.405098,9472300
2014-10-10,63.639999,64.940002,63.5,64.110001,47.747704,10563500
2014-10-13,63.900002,64.029999,63.009998,63.060001,46.965675,8208100
2014-10-14,63.450001,64.269997,63.029999,63.509998,47.300812,9107200
2014-10-15,62.369999,63.029999,59.830002,62.25,46.362415,28912800
2014-10-16,61.5,62.84,61.279999,61.810001,46.034706,11991100
2014-10-17,62.59,62.59,61.380001,61.990002,46.168758,18747600
2014-10-20,62.18,64.07,62.150002,63.84,47.546593,12465500
2014-10-21,64.080002,65.349998,63.98,64.980003,48.395638,14523400
2014-10-22,65.349998,65.580002,64.629997,64.660004,48.157322,8396900
2014-10-23,65.089996,65.879997,65.059998,65.610001,48.864853,6642600
2014-10-24,65.75,66.599998,65.650002,66.559998,49.572399,7883000
2014-10-27,66.419998,66.699997,65.510002,66.260002,49.348965,6673100
2014-10-28,66.32,66.529999,66.160004,66.510002,49.53516,5708600
2014-10-29,66.5,67.360001,66.230003,67.040001,49.929886,8229200
2014-10-30,66.830002,67.75,66.589996,67.43,50.220352,5566400
2014-10-31,68.209999,68.410004,67.889999,68.160004,50.764046,8663400
2014-11-03,68.120003,68.389999,67.580002,68.150002,50.756596,4436000
2014-11-04,68.110001,68.290001,67.389999,67.93,50.592735,5679800
2014-11-05,68.699997,69.010002,68.279999,68.699997,51.166222,11671500
2014-11-06,68.860001,69.099998,68.480003,68.739998,51.196007,7329500
2014-11-07,68.699997,68.860001,67.790001,68.099998,50.71936,6054000
2014-11-10,68.120003,68.75,67.690002,68.709999,51.17366,5932900
2014-11-11,68.709999,69.330002,68.459999,68.989998,51.382214,4542400
2014-11-12,68.550003,68.900002,68.25,68.5,51.017273,4630500
2014-11-13,68.82,69.620003,68.660004,69.379997,51.672676,6920100
2014-11-14,69.459999,69.489998,68.800003,68.949997,51.352398,5833700
2014-11-17,68.769997,69.639999,68.730003,69.190002,51.531178,5325500
2014-11-18,69.389999,72.739998,68.830002,72.470001,53.974052,12950300
2014-11-19,72.269997,72.459999,71.639999,71.760002,53.44524,8109000
2014-11-20,71.389999,72.089996,70.900002,72.080002,53.683571,6878100
2014-11-21,72.82,72.889999,72.129997,72.489998,53.98893,8974400
2014-11-24,72.599998,72.949997,72.309998,72.93,54.31662,6667100
2014-11-25,72.790001,73.129997,72.650002,72.790001,54.212357,5621000
2014-11-26,72.82,73.550003,72.760002,73.480003,54.726254,5062600
2014-11-28,73.93,74.529999,73.629997,73.870003,55.016731,3074500
2014-12-01,73.410004,74.169998,72.940002,73.870003,55.016731,5350000
2014-12-02,73.989998,74.779999,73.980003,74.330002,55.359329,5501000
2014-12-03,74.209999,75.040001,74.139999,74.839996,55.739136,7224500
2014-12-04,74.839996,74.989998,73.470001,73.940002,55.068851,8246300
2014-12-05,73.879997,75.099998,73.709999,75.040001,55.888096,9583400
2014-12-08,74.809998,75.309998,74.510002,74.790001,55.701916,7343800
2014-12-09,73.709999,74.779999,73.620003,74.720001,55.649769,5373400
2014-12-10,74.239998,74.580002,73.199997,73.230003,54.540062,6506900
2014-12-11,73.669998,74.279999,73.550003,73.769997,54.942238,6224000
2014-12-12,72.720001,73.720001,72.5,72.519997,54.011272,7567800
2014-12-15,73.419998,73.510002,71.970001,71.989998,53.616516,6942700
2014-12-16,70.800003,73.019997,70.779999,71.339996,53.132435,8380100
2014-12-17,71.75,72.769997,71.57,72.669998,54.122993,9045900
2014-12-18,73.730003,74.68,73.400002,74.629997,55.58276,7014800
2014-12-19,74.660004,75.0,74.0,74.620003,55.575314,10460600
2014-12-22,74.650002,75.639999,74.580002,75.57,56.282856,10384000
2014-12-23,75.550003,75.660004,73.739998,73.769997,54.942238,7335600
2014-12-24,73.879997,74.449997,73.419998,74.080002,55.173115,3232500
2014-12-26,74.050003,74.220001,73.510002,73.610001,54.823074,4206200
2014-12-29,73.379997,73.93,73.190002,73.690002,54.882668,4611400
2014-12-30,73.440002,73.629997,72.660004,73.07,54.647079,4990800
2014-12-31,73.279999,73.75,72.110001,72.199997,53.99641,4737400
2015-01-02,72.129997,72.989998,71.410004,71.879997,53.757118,6029800
2015-01-05,71.5,71.839996,71.089996,71.580002,53.532753,11258700
2015-01-06,72.0,72.470001,70.870003,71.220001,53.263523,12838800
2015-01-07,71.720001,73.099998,71.510002,73.0,54.594738,8104100
2015-01-08,73.709999,74.779999,73.709999,74.75,55.903503,7608400
2015-01-09,74.629997,74.839996,74.139999,74.400002,55.641754,8790600
2015-01-12,74.459999,74.739998,74.099998,74.470001,55.694099,7294000
2015-01-13,74.879997,75.389999,72.540001,72.790001,54.437675,9508300
2015-01-14,71.790001,72.459999,71.410004,71.769997,53.674839,8702300
2015-01-15,72.290001,72.410004,71.480003,71.900002,53.772087,13290200
2015-01-16,71.690002,72.849998,71.25,72.760002,54.415245,8832000
2015-01-20,72.940002,73.25,71.610001,72.199997,53.99641,10524900
2015-01-21,71.879997,73.239998,71.480003,73.059998,54.639603,10793800
2015-01-22,72.970001,75.489998,72.970001,75.480003,56.449463,17866600
2015-01-23,75.849998,77.389999,75.470001,76.949997,57.548832,23255300
2015-01-26,76.870003,76.93,74.980003,75.589996,56.531708,34907400
2015-01-27,75.019997,75.610001,74.620003,75.260002,56.284931,9927200
2015-01-28,74.849998,75.510002,73.410004,73.410004,54.901337,12731800
2015-01-29,73.120003,73.379997,72.110001,73.010002,54.602215,11889900
2015-01-30,72.839996,72.919998,71.209999,71.400002,53.398136,15810900
2015-02-02,70.980003,72.779999,70.910004,72.760002,54.415245,9912300
2015-02-03,73.480003,74.809998,73.139999,74.790001,55.933426,9746400
2015-02-04,74.650002,75.089996,73.980003,74.129997,55.439842,7378300
2015-02-05,75.129997,75.459999,74.709999,75.32,56.329781,5737700
2015-02-06,75.32,75.660004,74.300003,74.470001,55.694099,5421000
2015-02-09,74.260002,74.559998,73.470001,73.620003,55.058411,5470800
2015-02-10,73.959999,75.059998,73.739998,74.870003,55.99324,5663300
2015-02-11,74.900002,75.18,74.040001,74.389999,55.634274,7457700
2015-02-12,74.809998,75.040001,74.300003,74.93,56.038128,5542800
2015-02-13,74.459999,75.279999,73.730003,75.260002,56.284931,9009400
2015-02-17,76.540001,78.300003,76.330002,78.07,58.386452,13476900
2015-02-18,78.07,78.599998,77.970001,78.5,58.708023,7801400
2015-02-19,78.589996,78.589996,77.849998,78.129997,58.431347,6900500
2015-02-20,77.959999,78.800003,77.449997,78.790001,58.924927,6665200
2015-02-23,78.669998,79.449997,78.669998,79.25,59.268925,6051500
2015-02-24,79.110001,79.209999,78.730003,79.019997,59.096916,4855900
2015-02-25,79.019997,79.400002,78.440002,78.629997,58.805241,4598800
2015-02-26,78.739998,78.989998,78.379997,78.809998,58.93988,5413500
2015-02-27,78.529999,78.760002,77.559998,77.589996,58.027451,8848200
2015-03-02,77.589996,78.919998,77.589996,78.830002,58.954826,5240300
2015-03-03,78.800003,78.980003,77.370003,78.029999,58.356541,4662500
2015-03-04,77.559998,78.470001,77.050003,78.190002,58.476192,5382900
2015-03-05,78.379997,78.959999,78.040001,78.5,58.708023,5780500
2015-03-06,78.0,78.32,76.43,76.480003,57.197342,7052400
2015-03-09,76.57,77.120003,76.190002,76.900002,57.511448,6134400
2015-03-10,76.510002,76.660004,75.839996,75.870003,56.741127,5252700
2015-03-11,76.0,77.0,75.839996,76.050003,56.87574,6954600
2015-03-12,75.889999,76.830002,75.800003,76.760002,57.406738,4014400
2015-03-13,76.650002,76.68,75.879997,76.470001,57.189854,5289000
2015-03-16,76.889999,77.870003,76.870003,77.669998,58.087292,6497300
2015-03-17,77.419998,77.5,76.410004,76.720001,57.376812,4497300
2015-03-18,76.419998,78.199997,76.099998,77.610001,58.042431,5858300
2015-03-19,78.269997,78.269997,77.269997,77.660004,58.079838,4794000
2015-03-20,78.379997,78.449997,77.699997,78.019997,58.349026,9159500
2015-03-23,78.0,78.870003,77.93,78.669998,58.835163,6150800
2015-03-24,78.75,79.239998,78.68,78.720001,58.872555,5854900
2015-03-25,78.839996,79.5,77.550003,77.599998,58.03495,8133600
2015-03-26,76.940002,77.470001,76.510002,76.610001,57.520611,5590700
2015-03-27,76.540001,77.599998,76.5,77.379997,58.098747,4510300
2015-03-30,77.699997,78.449997,77.699997,78.419998,58.879608,3765900
2015-03-31,78.489998,78.839996,77.870003,77.989998,58.556755,5773400
2015-04-01,78.620003,78.730003,75.970001,76.139999,57.167721,8381400
2015-04-02,76.010002,77.120003,75.830002,76.870003,57.71582,5113600
2015-04-06,76.309998,77.550003,76.269997,77.360001,58.083755,4372000
2015-04-07,77.57,77.769997,77.150002,77.18,57.948589,3529200
2015-04-08,77.360001,77.449997,76.300003,76.389999,57.35545,6279600
2015-04-09,76.339996,77.199997,76.080002,77.129997,57.911057,4888900
2015-04-10,77.099998,77.959999,77.040001,77.93,58.51173,4521300
2015-04-13,77.599998,78.660004,77.370003,78.080002,58.624325,5782000
2015-04-14,78.0,78.059998,77.440002,77.889999,58.48167,3988200
2015-04-15,78.0,78.290001,77.720001,77.910004,58.4967,3388800
2015-04-16,77.779999,77.980003,76.949997,77.019997,57.828445,4201200
2015-04-17,76.440002,77.300003,76.239998,76.489998,57.430511,5815500
2015-04-20,76.839996,77.400002,76.760002,77.139999,57.918579,4249000
2015-04-21,77.489998,77.529999,76.919998,77.080002,57.873505,4265100
2015-04-22,77.400002,78.120003,77.059998,78.010002,58.571777,4861100
2015-04-23,77.760002,78.970001,77.550003,78.5,58.93969,4702400
2015-04-24,78.480003,78.480003,77.580002,77.610001,58.271458,4662000
2015-04-27,78.059998,78.150002,75.93,76.209999,57.220287,8739800
2015-04-28,75.410004,76.769997,74.419998,76.519997,57.453056,7761700
2015-04-29,76.150002,76.529999,75.0,75.690002,56.829891,5655300
2015-04-30,75.260002,75.629997,74.120003,74.449997,55.898849,6331500
2015-05-01,74.010002,75.68,74.010002,75.599998,56.762306,5883200
2015-05-04,76.0,76.230003,75.730003,75.900002,56.987537,3137300
2015-05-05,75.900002,76.150002,74.739998,74.910004,56.244232,3474900
2015-05-06,75.059998,75.25,73.730003,74.32,55.801254,4317100
2015-05-07,74.150002,74.809998,74.089996,74.599998,56.011494,5002700
2015-05-08,75.25,76.389999,75.25,76.209999,57.220287,3973100
2015-05-11,76.010002,76.440002,75.93,76.019997,57.077629,3126500
2015-05-12,75.410004,75.68,75.059998,75.199997,56.461967,3770000
2015-05-13,75.230003,75.540001,74.57,74.860001,56.206715,3506000
2015-05-14,75.349998,76.559998,75.160004,76.260002,57.257851,3877200
2015-05-15,76.32,76.419998,75.989998,76.419998,57.377968,4528400
2015-05-18,76.610001,77.760002,76.580002,77.470001,58.166351,5406500
2015-05-19,77.849998,78.699997,77.709999,78.440002,58.894634,6593600
2015-05-20,78.440002,79.080002,78.370003,78.790001,59.157402,6868700
2015-05-21,78.68,78.699997,78.290001,78.410004,58.87212,3537600
2015-05-22,78.269997,78.690002,77.800003,77.82,58.429142,2965700
2015-05-26,77.389999,77.43,76.360001,76.57,57.490608,4505100
2015-05-27,77.43,77.440002,76.470001,77.32,58.053688,3734900
2015-05-28,77.279999,77.839996,76.940002,77.209999,57.971111,4065900
2015-05-29,77.129997,77.379997,76.32,76.32,57.302902,7214400
2015-06-01,77.07,77.660004,76.32,76.699997,57.588192,6532400
2015-06-02,76.480003,77.440002,76.010002,76.879997,57.723339,7768800
2015-06-03,77.059998,77.279999,76.370003,76.830002,57.685829,6447100
2015-06-04,76.360001,76.830002,75.639999,76.040001,57.092659,8645600
2015-06-05,75.779999,75.989998,75.360001,75.459999,56.657181,6423000
2015-06-08,75.489998,75.809998,75.129997,75.139999,56.416912,6486700
2015-06-09,75.309998,75.400002,74.800003,74.919998,56.25174,6448900
2015-06-10,75.199997,76.339996,75.029999,76.160004,57.182777,6276500
2015-06-11,76.400002,76.620003,76.080002,76.220001,57.227821,5205400
2015-06-12,75.650002,75.970001,75.339996,75.519997,56.702213,5522800
2015-06-15,75.089996,75.699997,74.360001,75.419998,56.627163,5922300
2015-06-16,75.419998,75.75,75.099998,75.599998,56.762306,3727600
2015-06-17,75.559998,76.019997,75.349998,75.709999,56.844887,4894100
2015-06-18,75.760002,76.940002,75.760002,76.720001,57.603218,4598200
2015-06-19,76.980003,77.25,76.589996,76.709999,57.595688,7450600
2015-06-22,77.25,77.440002,76.919998,77.209999,57.971111,3791600
2015-06-23,77.529999,77.57,76.459999,76.610001,57.520611,5044600
2015-06-24,77.019997,77.019997,75.260002,75.269997,56.514526,4881000
2015-06-25,75.550003,76.489998,75.199997,75.480003,56.95977,5506300
2015-06-26,75.790001,75.889999,74.970001,75.160004,56.718273,5995500
2015-06-29,74.379997,74.790001,73.239998,73.300003,55.314663,5106500
2015-06-30,74.190002,74.669998,73.660004,74.099998,55.918373,7612800
2015-07-01,74.279999,74.709999,73.75,74.080002,55.903259,5147200
2015-07-02,74.260002,74.349998,73.480003,73.809998,55.699524,4589500
2015-07-06,73.080002,73.980003,72.800003,73.529999,55.48822,6684400
2015-07-07,73.639999,73.800003,72.199997,73.459999,55.435413,7498800
2015-07-08,72.870003,73.540001,72.790001,72.849998,54.975067,5623800
2015-07-09,73.809998,74.199997,73.089996,73.089996,55.156181,7005500
2015-07-10,74.089996,74.459999,73.879997,74.370003,56.122105,6640600
2015-07-13,74.779999,75.480003,74.779999,75.169998,56.725826,5796000
2015-07-14,75.379997,75.910004,75.209999,75.889999,57.269142,5486000
2015-07-15,75.860001,76.160004,75.739998,75.949997,57.314434,4601500
2015-07-16,76.620003,77.050003,76.57,76.800003,57.955872,4847300
2015-07-17,76.800003,76.959999,76.239998,76.910004,58.038895,4656500
2015-07-20,77.110001,77.150002,76.709999,77.0,58.106815,3205100
2015-07-21,76.82,77.139999,76.190002,76.540001,57.759666,3737500
2015-07-22,76.849998,77.110001,76.559998,76.82,57.970959,4578700
2015-07-23,76.739998,77.18,76.449997,76.800003,57.955872,3647900
2015-07-24,76.360001,76.620003,75.900002,76.010002,57.359749,3887300
2015-07-27,75.720001,75.959999,75.330002,75.660004,57.095585,4821000
2015-07-28,76.290001,77.510002,75.779999,77.470001,58.461498,4902200
2015-07-29,77.529999,77.940002,77.0,77.879997,58.770866,4981300
2015-07-30,77.650002,78.410004,77.400002,78.279999,59.072735,3842600
2015-07-31,78.489998,78.900002,78.160004,78.389999,59.155754,5180300
2015-08-03,78.089996,78.480003,77.559998,78.0,58.861431,4195600
2015-08-04,78.059998,78.199997,77.489998,77.769997,58.687855,2854300
2015-08-05,78.5,78.910004,78.269997,78.669998,59.36705,3561900
2015-08-06,78.599998,78.800003,77.129997,77.410004,58.416187,4262400
2015-08-07,77.510002,77.68,76.839996,77.480003,58.469021,3233600
2015-08-10,77.730003,78.239998,77.580002,77.620003,58.574665,3383300
2015-08-11,77.099998,77.629997,76.919998,77.389999,58.401119,4643800
2015-08-12,76.949997,77.400002,76.080002,77.389999,58.401119,4858200
2015-08-13,77.32,77.809998,76.989998,77.480003,58.469021,2989700
2015-08-14,77.099998,77.730003,77.099998,77.580002,58.544483,2158100
2015-08-17,77.339996,78.800003,77.160004,78.739998,59.419868,3622500
2015-08-18,78.379997,78.720001,78.029999,78.089996,58.929359,3796800
2015-08-19,77.709999,78.129997,76.959999,77.470001,58.461498,3838300
2015-08-20,76.610001,77.010002,76.440002,76.489998,57.721924,5062000
2015-08-21,75.839996,76.029999,74.269997,74.269997,56.046665,8817900
2015-08-24,67.800003,72.900002,55.540001,70.910004,53.511097,13366500
2015-08-25,72.879997,72.910004,69.839996,69.879997,52.733795,8199900
2015-08-26,71.809998,72.389999,70.269997,72.239998,54.514751,10681500
2015-08-27,73.800003,73.860001,71.940002,73.519997,55.480667,8603200
2015-08-28,73.480003,73.849998,72.889999,73.559998,55.510864,5513000
2015-08-31,73.720001,74.160004,71.989998,72.290001,54.552479,7463100
2015-09-01,70.669998,71.059998,69.0,69.529999,52.469681,8976400
2015-09-02,70.720001,71.550003,70.269997,71.550003,53.994045,9125800
2015-09-03,72.150002,72.5,69.830002,69.980003,52.809261,9501700
2015-09-04,68.860001,69.5,67.889999,68.980003,52.054646,12536800
2015-09-08,70.339996,70.860001,69.519997,70.800003,53.428085,7393500
2015-09-09,71.160004,71.400002,69.440002,69.589996,52.514961,7820900
2015-09-10,69.669998,70.709999,69.209999,70.010002,52.831936,6230700
2015-09-11,69.790001,70.160004,69.260002,69.900002,52.748901,5707900
2015-09-14,69.769997,69.889999,68.510002,68.730003,51.865997,6219600
2015-09-15,68.889999,70.019997,68.550003,69.93,52.771545,6392000
2015-09-16,69.690002,70.419998,69.559998,70.120003,52.914936,5159400
2015-09-17,70.230003,71.849998,70.129997,70.809998,53.435616,6031100
2015-09-18,70.019997,70.760002,69.959999,70.330002,53.073387,11475700
2015-09-21,70.809998,71.419998,69.989998,70.239998,53.005478,5613900
2015-09-22,69.519997,70.25,69.309998,70.139999,52.930019,7009300
2015-09-23,69.769997,70.120003,69.129997,69.290001,52.573414,4513300
2015-09-24,68.580002,68.879997,67.860001,68.379997,51.882957,6840700
2015-09-25,69.199997,69.269997,66.080002,66.529999,50.479267,8229200
2015-09-28,66.080002,66.300003,63.98,64.519997,48.954182,9965800
2015-09-29,65.019997,68.010002,64.949997,66.370003,50.357872,11377700
2015-09-30,67.489998,67.610001,66.239998,66.940002,50.790352,7986700
2015-10-01,66.860001,68.480003,66.349998,68.400002,51.898125,10973200
2015-10-02,67.629997,71.290001,67.230003,71.129997,53.96949,12348400
2015-10-05,71.620003,71.660004,70.440002,70.870003,53.772217,7794100
2015-10-06,70.620003,70.839996,68.849998,69.919998,53.051414,8340500
2015-10-07,70.110001,71.300003,69.739998,70.940002,53.82534,5794200
2015-10-08,70.339996,72.18,70.120003,72.050003,54.667538,6663200
2015-10-09,72.089996,73.75,71.760002,72.599998,55.084846,9449500
2015-10-12,72.480003,73.43,72.389999,73.010002,55.395935,5557900
2015-10-13,73.160004,73.779999,72.639999,72.790001,55.229008,5762000
2015-10-14,72.68,73.300003,72.050003,72.199997,54.781326,4607900
2015-10-15,72.449997,73.449997,71.720001,73.43,55.714615,5966000
2015-10-16,73.769997,74.400002,73.400002,74.110001,56.230545,5154200
2015-10-19,74.220001,74.5,73.5,74.239998,56.329197,5190700
2015-10-20,73.959999,74.029999,73.370003,73.639999,55.873962,3805600
2015-10-21,74.0,74.129997,72.529999,73.419998,55.707027,4324900
2015-10-22,73.720001,73.839996,72.650002,73.07,55.44146,5648200
2015-10-23,73.400002,74.150002,73.019997,73.690002,55.91188,5619100
2015-10-26,73.599998,73.959999,72.629997,72.760002,55.206245,6459200
2015-10-27,73.07,73.459999,72.269997,72.68,55.145565,4762300
2015-10-28,72.860001,73.580002,72.260002,73.540001,55.798069,4037800
2015-10-29,73.480003,74.120003,73.260002,73.760002,55.964985,3833000
2015-10-30,73.809998,74.349998,73.550003,73.919998,56.086395,5315800
2015-11-02,74.040001,75.839996,73.889999,75.75,57.474895,6131600
2015-11-03,75.660004,76.660004,75.290001,76.300003,57.892181,5021300
2015-11-04,76.5,76.660004,75.910004,76.160004,57.786003,4221000
2015-11-05,76.0,76.43,75.589996,76.169998,57.793579,3776300
2015-11-06,75.940002,76.07,75.489998,76.059998,57.710087,4178100
2015-11-09,75.879997,76.169998,75.209999,75.870003,57.565956,4363900
2015-11-10,75.830002,76.639999,75.57,76.400002,57.968071,3832600
2015-11-11,76.519997,76.75,75.790001,76.059998,57.710087,4265300
2015-11-12,75.620003,75.620003,74.190002,74.209999,56.306431,5046000
2015-11-13,74.379997,75.089996,74.25,74.459999,56.496117,4331000
2015-11-16,74.489998,76.300003,74.449997,76.239998,57.84668,4400600
2015-11-17,76.099998,76.980003,75.839996,76.580002,58.104641,4348600
2015-11-18,76.559998,77.669998,76.25,77.559998,58.848221,5147100
2015-11-19,77.370003,77.489998,75.68,75.75,57.474895,6832600
2015-11-20,76.199997,76.629997,75.769997,76.089996,57.732868,6229500
2015-11-23,76.239998,76.75,75.889999,76.559998,58.089485,4708900
2015-11-24,75.970001,76.769997,75.779999,76.559998,58.089485,4226100
2015-11-25,76.470001,76.860001,76.129997,76.559998,58.089485,4428800
2015-11-27,76.830002,77.0,76.269997,76.459999,58.013611,2403100
2015-11-30,76.550003,76.760002,75.32,75.339996,57.163822,10189900
2015-12-01,75.839996,76.589996,75.379997,76.510002,58.051552,5705100
2015-12-02,76.389999,76.449997,75.620003,76.110001,57.748047,7931100
2015-12-03,76.690002,78.610001,76.410004,76.669998,58.172947,11676300
2015-12-04,76.989998,78.349998,76.910004,78.139999,59.288311,8903800
2015-12-07,78.279999,78.5,77.269997,77.949997,59.144112,5385400
2015-12-08,77.599998,78.220001,77.410004,78.080002,59.24276,6717000
2015-12-09,77.889999,78.779999,77.099998,77.559998,58.848221,5393000
2015-12-10,77.720001,78.279999,77.190002,77.440002,58.757175,4995000
2015-12-11,76.5,77.129997,76.129997,76.650002,58.157764,6108100
2015-12-14,76.639999,77.190002,75.589996,76.650002,58.157764,5471900
2015-12-15,77.209999,78.040001,76.809998,77.099998,58.499203,6226100
2015-12-16,77.849998,78.639999,76.980003,78.57,59.614555,5204200
2015-12-17,78.5,78.919998,77.870003,77.900002,59.106213,4991600
2015-12-18,77.440002,77.5,76.309998,76.309998,57.899792,13094400
2015-12-21,77.019997,77.260002,76.050003,76.68,58.180534,3533200
2015-12-22,76.779999,77.339996,76.239998,77.32,58.958317,2953900
2015-12-23,77.699997,77.970001,77.400002,77.650002,59.209923,3171400
2015-12-24,77.510002,78.07,77.510002,77.629997,59.194687,1453100
2015-12-28,77.370003,77.5,76.970001,77.18,58.85154,2959400
2015-12-29,77.620003,78.029999,77.25,77.849998,59.362446,3280200
2015-12-30,77.849998,78.059998,77.360001,77.529999,59.118443,2537700
2015-12-31,77.059998,77.669998,76.849998,76.919998,58.653309,2967400
2016-01-04,75.830002,76.120003,75.110001,75.769997,57.776382,6006700
2016-01-05,75.769997,76.25,75.639999,75.989998,57.944138,4456400
2016-01-06,74.800003,76.290001,74.779999,76.199997,58.104267,6199000
2016-01-07,74.629997,75.639999,74.360001,74.410004,56.739357,6243700
2016-01-08,74.68,75.290001,73.57,73.779999,56.258965,7235300
2016-01-11,74.010002,74.519997,72.309998,73.0,55.664196,6595800
2016-01-12,73.870003,76.739998,73.669998,76.440002,58.287281,7578700
2016-01-13,76.970001,77.879997,74.489998,74.650002,56.922375,8406300
2016-01-14,74.830002,75.769997,74.290001,74.790001,57.029114,8373800
2016-01-15,73.050003,74.68,72.919998,73.919998,56.365738,8823700
2016-01-19,74.400002,75.129997,73.82,74.580002,56.868996,6132200
2016-01-20,73.709999,74.989998,72.279999,74.57,56.861362,9574900
2016-01-21,74.769997,75.629997,73.599998,74.599998,56.884212,7603000
2016-01-22,75.379997,75.949997,75.309998,75.919998,57.890755,6109100
2016-01-25,75.900002,76.540001,75.610001,75.699997,57.723015,5935700
2016-01-26,75.669998,76.239998,75.120003,75.589996,57.639137,5197500
2016-01-27,75.589996,76.360001,74.860001,75.489998,57.562878,6805000
2016-01-28,75.959999,76.169998,73.620003,73.910004,56.358089,6627300
2016-01-29,74.360001,76.160004,74.300003,75.919998,57.890755,9184500
2016-02-01,74.510002,77.25,74.269997,76.849998,58.599907,6518400
2016-02-02,76.029999,76.989998,75.919998,76.510002,58.340668,5329700
2016-02-03,77.349998,77.599998,74.989998,76.150002,58.066166,6785700
2016-02-04,76.099998,76.260002,75.010002,76.199997,58.104267,5398600
2016-02-05,76.040001,76.139999,74.089996,74.459999,56.777477,4667300
2016-02-08,73.529999,73.949997,71.360001,72.629997,55.382061,6543400
2016-02-09,71.269997,73.690002,71.029999,73.080002,55.725204,6525300
2016-02-10,73.860001,75.370003,73.610001,74.160004,56.54874,4677100
2016-02-11,73.209999,73.709999,72.129997,72.620003,55.374435,5578200
2016-02-12,72.980003,73.489998,72.279999,73.400002,55.969204,6367900
2016-02-16,73.989998,75.050003,73.68,74.739998,56.990997,5862100
2016-02-17,75.32,75.800003,74.470001,75.599998,57.646767,6271500
2016-02-18,75.529999,75.919998,74.790001,74.970001,57.166367,4359000
2016-02-19,74.949997,75.68,74.650002,75.379997,57.479,5348600
2016-02-22,75.870003,76.699997,75.639999,76.68,58.470287,4191200
2016-02-23,76.239998,76.690002,75.739998,75.800003,57.799263,3809700
2016-02-24,75.050003,76.489998,74.889999,76.43,58.279659,4696000
2016-02-25,76.68,77.699997,76.309998,77.660004,59.21756,4595400
2016-02-26,77.739998,78.029999,77.230003,77.290001,58.93544,5270000
2016-02-29,77.459999,78.25,77.309998,77.389999,59.011673,8628700
2016-03-01,74.290001,74.470001,73.059998,74.18,56.56398,19393500
2016-03-02,74.449997,75.220001,73.82,74.589996,56.876602,8084200
2016-03-03,74.339996,74.970001,73.639999,74.919998,57.128242,5290000
2016-03-04,74.720001,75.839996,74.540001,75.610001,57.654392,5303800
2016-03-07,75.269997,76.120003,75.230003,76.010002,57.959404,5256700
2016-03-08,75.739998,75.879997,75.300003,75.440002,57.52475,4705900
2016-03-09,75.919998,76.0,75.019997,75.550003,57.608627,4071500
2016-03-10,75.650002,76.800003,75.360001,76.269997,58.15765,3955700
2016-03-11,76.650002,77.400002,76.550003,77.349998,58.98119,4635400
2016-03-14,76.860001,77.919998,76.800003,77.529999,59.118443,4465600
2016-03-15,76.970001,77.260002,76.370003,76.849998,58.599907,4164800
2016-03-16,76.849998,77.050003,76.059998,76.650002,58.447411,3738200
2016-03-17,76.910004,77.059998,74.849998,75.5,57.570534,6614800
2016-03-18,75.660004,76.650002,75.120003,76.260002,58.150021,10056700
2016-03-21,76.120003,76.25,75.139999,75.209999,57.34938,5149600
2016-03-22,74.669998,75.339996,74.099998,74.940002,57.433689,8397600
2016-03-23,74.760002,75.190002,74.379997,74.5,57.096466,7755300
2016-03-24,74.019997,74.230003,73.470001,73.970001,56.690262,3884800
2016-03-28,74.07,74.239998,73.760002,73.980003,56.697918,3838300
2016-03-29,73.690002,75.629997,73.389999,75.480003,57.847549,5223900
2016-03-30,75.730003,75.910004,75.279999,75.419998,57.801537,3431500
2016-03-31,75.419998,75.550003,74.830002,75.0,57.479652,4528000
2016-04-01,74.559998,75.510002,74.349998,75.370003,57.763245,4060300
2016-04-04,75.919998,76.940002,75.690002,76.300003,58.475971,7715300
2016-04-05,75.489998,75.949997,74.629997,75.489998,57.85519,7164700
2016-04-06,75.239998,77.480003,75.18,77.309998,59.250046,7791000
2016-04-07,77.309998,77.459999,75.75,76.139999,58.353367,4974100
2016-04-08,76.440002,76.800003,76.050003,76.370003,58.52964,3579900
2016-04-11,76.370003,76.669998,75.589996,75.660004,57.985493,3927400
2016-04-12,75.800003,76.769997,75.75,76.620003,58.72123,3813200
2016-04-13,77.0,77.410004,76.830002,77.339996,59.273026,3723400
2016-04-14,77.5,77.790001,77.019997,77.370003,59.296032,3620600
2016-04-15,77.279999,77.650002,76.5,77.099998,59.089096,4233500
2016-04-18,77.07,77.779999,76.830002,77.629997,59.495285,3519000
2016-04-19,77.860001,78.110001,77.650002,78.110001,59.863148,3653900
2016-04-20,78.230003,79.110001,77.949997,78.68,60.299999,4443400
2016-04-21,78.580002,79.0,78.050003,78.519997,60.17738,4213400
2016-04-22,78.650002,79.309998,78.260002,78.989998,60.537571,3652100
2016-04-25,78.779999,79.75,78.68,79.389999,60.844124,4650300
2016-04-26,79.550003,79.849998,78.559998,78.720001,60.330658,4979400
2016-04-27,78.970001,79.690002,78.660004,79.449997,60.890102,7863900
2016-04-28,78.970001,80.739998,78.860001,79.779999,61.14304,7246100
2016-04-29,79.410004,79.68,78.769997,79.150002,60.66021,7610100
2016-05-02,78.910004,80.010002,78.790001,79.349998,60.81348,5582100
2016-05-03,79.169998,79.800003,79.010002,79.440002,60.882473,3713600
2016-05-04,78.910004,79.419998,78.629997,78.82,60.407269,5153900
2016-05-05,79.139999,79.910004,79.099998,79.5,60.928471,5922900
2016-05-06,79.379997,79.870003,78.849998,79.739998,61.112385,4054900
2016-05-09,79.830002,80.709999,79.830002,80.330002,61.56456,4005200
2016-05-10,80.779999,81.230003,80.410004,81.230003,62.254295,3766800
2016-05-11,81.25,81.559998,80.959999,81.110001,62.162334,3865700
2016-05-12,81.169998,81.669998,80.82,81.339996,62.338608,4720100
2016-05-13,81.0,81.5,80.550003,80.709999,61.855797,4302900
2016-05-16,80.660004,82.0,80.650002,81.889999,62.760128,4268800
2016-05-17,81.5,81.82,80.480003,80.809998,61.93243,4481900
2016-05-18,80.639999,81.209999,80.080002,80.599998,61.771465,5374900
2016-05-19,80.43,80.669998,79.639999,80.0,61.311626,5106400
2016-05-20,80.440002,80.919998,80.18,80.519997,61.710152,5196000
2016-05-23,80.57,80.669998,80.239998,80.300003,61.541569,3279900
2016-05-24,80.839996,81.660004,80.470001,80.940002,62.032059,4869100
2016-05-25,81.080002,81.459999,80.940002,81.080002,62.139351,4487200
2016-05-26,81.010002,81.400002,80.900002,81.18,62.215977,4011500
2016-05-27,81.0,81.690002,80.970001,81.690002,62.606853,5326600
2016-05-31,81.389999,81.43,79.769997,80.480003,61.679523,9514700
2016-06-01,80.110001,80.800003,79.889999,80.519997,61.710152,5327100
2016-06-02,80.510002,83.290001,80.360001,82.989998,63.603157,8854500
2016-06-03,82.989998,83.209999,82.349998,82.940002,63.564831,5343800
2016-06-06,82.699997,83.43,82.690002,83.32,63.856068,5424400
2016-06-07,83.330002,84.129997,83.239998,83.720001,64.162621,5738000
2016-06-08,83.720001,84.860001,83.580002,84.790001,64.982674,6077100
2016-06-09,84.5,85.870003,84.470001,85.779999,65.741417,7088800
2016-06-10,85.5,85.860001,85.32,85.699997,65.680092,4211100
2016-06-13,85.419998,86.309998,85.419998,85.699997,65.680092,5395500
2016-06-14,85.449997,85.650002,85.089996,85.489998,65.519127,3786400
2016-06-15,85.870003,85.919998,84.150002,84.230003,64.553497,6250000
2016-06-16,84.230003,84.75,83.589996,84.589996,64.829391,4013800
2016-06-17,84.580002,84.599998,83.459999,84.139999,64.484535,5518200
2016-06-20,85.0,85.339996,84.349998,84.470001,64.737427,4919800
2016-06-21,84.839996,84.980003,83.93,84.589996,64.829391,4925000
2016-06-22,84.550003,85.139999,84.230003,84.260002,64.576492,5578000
2016-06-23,85.099998,85.769997,84.650002,85.769997,65.733727,5672500
2016-06-24,83.769997,84.809998,83.050003,83.260002,63.810089,7485200
2016-06-27,81.269997,82.650002,80.519997,82.379997,63.135677,6733300
2016-06-28,82.830002,84.290001,82.760002,84.139999,64.484535,6024200
2016-06-29,84.339996,85.730003,84.339996,85.449997,65.488495,5121200
2016-06-30,85.75,86.910004,85.709999,86.769997,66.50013,6355600
2016-07-01,86.870003,87.379997,86.559998,87.029999,66.699409,4243500
2016-07-05,86.82,87.989998,86.790001,87.050003,66.714729,5601100
2016-07-06,86.470001,87.550003,86.360001,87.449997,67.353996,5075900
2016-07-07,87.169998,88.099998,87.129997,87.489998,67.384811,4697500
2016-07-08,87.870003,88.559998,87.519997,88.360001,68.054871,4398400
2016-07-11,88.360001,88.910004,88.220001,88.510002,68.170403,3680800
2016-07-12,88.730003,89.25,88.5,88.919998,68.486183,4276700
2016-07-13,88.919998,89.230003,88.459999,88.75,68.355247,5534300
2016-07-14,89.190002,89.239998,88.660004,88.830002,68.416855,3675200
2016-07-15,89.25,89.269997,88.080002,88.360001,68.054871,4743400
2016-07-18,88.43,88.690002,88.010002,88.190002,67.923965,3276800
2016-07-19,88.07,88.580002,88.010002,88.379997,68.070282,2989800
2016-07-20,87.860001,89.010002,87.860001,88.75,68.355247,2988800
2016-07-21,88.419998,88.660004,87.839996,87.940002,67.731392,3871600
2016-07-22,87.830002,87.830002,86.25,87.099998,67.084442,8867100
2016-07-25,87.199997,87.269997,86.389999,86.919998,66.945801,3299200
2016-07-26,86.57,88.349998,86.550003,88.25,67.970161,4561900
2016-07-27,88.139999,88.300003,86.900002,87.480003,67.377075,4742700
2016-07-28,87.419998,88.18,86.959999,87.419998,67.330894,2941200
2016-07-29,87.110001,88.18,87.080002,87.629997,67.49263,3416600
2016-08-01,87.410004,88.260002,87.139999,88.059998,67.823799,4328600
2016-08-02,87.989998,88.199997,87.099998,87.639999,67.500328,3197200
2016-08-03,87.57,87.620003,86.459999,86.669998,66.753235,3966400
2016-08-04,86.57,86.949997,86.160004,86.760002,66.822556,3560900
2016-08-05,86.830002,87.139999,86.739998,87.089996,67.076721,3030600
2016-08-08,87.290001,87.400002,86.580002,86.959999,66.976608,2871400
2016-08-09,87.150002,88.07,86.970001,87.739998,67.577354,3226100
2016-08-10,87.699997,87.699997,86.989998,87.290001,67.230774,2869700
2016-08-11,87.32,87.940002,87.110001,87.800003,67.623581,2919600
2016-08-12,87.709999,87.910004,87.330002,87.540001,67.423302,2418800
2016-08-15,87.43,88.169998,87.18,87.910004,67.708282,3164900
2016-08-16,87.489998,87.830002,87.260002,87.269997,67.215355,2593400
2016-08-17,87.269997,87.720001,86.370003,87.129997,67.107529,4448200
2016-08-18,87.0,87.230003,86.379997,87.080002,67.069016,4132000
2016-08-19,86.769997,87.32,86.440002,87.040001,67.038223,5405000
2016-08-22,87.169998,87.730003,87.0,87.32,67.253838,4130300
2016-08-23,87.779999,88.650002,87.620003,87.800003,67.623581,3389800
2016-08-24,87.610001,87.879997,86.559998,86.650002,66.737846,5287200
2016-08-25,85.989998,86.32,84.279999,85.389999,65.76738,7285300
2016-08-26,85.620003,86.849998,85.599998,86.599998,66.699326,6181600
2016-08-29,86.769997,87.660004,86.5,87.459999,67.361702,3740200
2016-08-30,87.459999,87.629997,86.709999,86.849998,66.891876,3088500
2016-08-31,86.879997,87.400002,86.040001,87.029999,67.030502,5500700
2016-09-01,87.089996,87.209999,86.32,86.980003,66.991997,3116800
2016-09-02,87.220001,87.860001,87.18,87.32,67.253838,3325300
2016-09-06,87.5,87.620003,86.629997,87.169998,67.138344,4149600
2016-09-07,86.889999,87.099998,85.989998,86.150002,66.352745,4756500
2016-09-08,85.769997,86.629997,85.769997,86.260002,66.437454,4187500
2016-09-09,85.910004,85.910004,84.849998,84.870003,65.366882,5648000
2016-09-12,84.449997,86.379997,84.389999,86.199997,66.391235,4529800
2016-09-13,85.599998,86.010002,84.660004,84.839996,65.343773,5105500
2016-09-14,84.769997,85.309998,84.379997,84.68,65.220558,4111500
2016-09-15,84.660004,86.0,84.379997,85.660004,65.975342,4702900
2016-09-16,85.760002,86.089996,85.550003,86.010002,66.244896,7782000
2016-09-19,86.019997,86.769997,85.93,85.989998,66.229523,4008500
2016-09-20,86.480003,86.889999,86.220001,86.360001,66.514503,3874800
2016-09-21,86.440002,87.360001,86.099998,87.139999,67.115242,3492500
2016-09-22,87.519997,88.050003,87.400002,87.82,67.638985,4351100
2016-09-23,87.610001,88.0,87.43,87.709999,67.554253,3509100
2016-09-26,87.279999,87.459999,86.290001,86.559998,66.66851,3729600
2016-09-27,86.160004,86.779999,85.730003,86.669998,67.086494,3722700
2016-09-28,86.559998,86.889999,86.160004,86.739998,67.140678,3208100
2016-09-29,86.860001,87.459999,85.059998,85.400002,66.10347,4126000
2016-09-30,85.400002,86.68,85.400002,86.400002,66.87748,5001000
2016-10-03,86.0,86.440002,85.709999,86.389999,66.869766,3205300
2016-10-04,86.510002,86.620003,85.830002,86.110001,66.653046,4092700
2016-10-05,86.120003,86.620003,86.040001,86.300003,66.800095,2656400
2016-10-06,86.18,86.260002,85.629997,85.949997,66.529198,3057300
2016-10-07,86.220001,86.5,85.589996,85.959999,66.536942,3182400
2016-10-10,86.18,86.75,85.959999,86.169998,66.699478,2815900
2016-10-11,85.959999,85.989998,82.269997,83.199997,64.400581,9865200
2016-10-12,83.419998,84.040001,83.199997,83.68,64.772095,3861400
2016-10-13,83.370003,83.849998,82.860001,83.309998,64.485718,4941300
2016-10-14,83.43,83.779999,82.699997,82.709999,64.021286,4042200
2016-10-17,82.529999,82.779999,82.400002,82.57,63.912907,3986800
2016-10-18,83.089996,83.860001,82.699997,83.550003,64.671486,3510300
2016-10-19,83.769997,84.029999,83.449997,83.669998,64.764351,3485800
2016-10-20,83.660004,84.309998,83.309998,84.019997,65.035294,4438600
2016-10-21,83.32,84.029999,83.209999,83.910004,64.95015,4415000
2016-10-24,84.389999,84.639999,83.290001,83.300003,64.477974,3777300
2016-10-25,83.339996,83.43,82.290001,82.470001,63.835514,3866600
2016-10-26,81.889999,81.900002,80.709999,81.120003,62.790546,4626400
2016-10-27,81.300003,81.690002,80.830002,81.129997,62.79829,3307400
2016-10-28,81.040001,82.330002,80.910004,81.93,63.417515,5281300
2016-10-31,80.949997,82.120003,80.879997,82.019997,63.487179,6285400
2016-11-01,82.019997,82.400002,80.449997,80.919998,62.635769,5663700
2016-11-02,81.040001,81.779999,80.940002,81.089996,62.767319,4612500
2016-11-03,81.389999,81.68,81.190002,81.599998,63.162083,5501800
2016-11-04,81.690002,83.019997,81.639999,82.139999,63.580067,5584500
2016-11-07,83.279999,84.169998,82.970001,83.949997,64.981094,4519200
2016-11-08,83.849998,85.089996,83.5,84.339996,65.282974,4793100
2016-11-09,82.669998,84.07,81.650002,82.860001,64.13739,9800300
2016-11-10,83.589996,83.589996,82.349998,82.720001,64.028999,6401700
2016-11-11,82.18,82.610001,81.730003,82.07,63.525883,5199200
2016-11-14,82.220001,82.220001,76.389999,78.75,60.956081,12327800
2016-11-15,79.400002,80.589996,79.290001,80.269997,62.132603,6879000
2016-11-16,80.25,81.050003,79.75,80.889999,62.612534,4281900
2016-11-17,81.099998,81.809998,81.010002,81.800003,63.316902,3792600
2016-11-18,81.709999,81.910004,80.82,80.93,62.643463,4674200
2016-11-21,81.220001,81.690002,80.510002,80.580002,62.372566,7387500
2016-11-22,74.25,75.360001,72.029999,73.599998,56.969711,31140100
2016-11-23,73.260002,76.099998,73.190002,75.779999,58.657154,14394400
2016-11-25,76.410004,76.440002,75.080002,75.519997,58.455902,3046000
2016-11-28,75.449997,75.610001,73.879997,73.989998,57.27161,7525100
2016-11-29,74.400002,74.709999,72.769997,73.419998,56.830395,6761000
2016-11-30,73.709999,73.980003,72.349998,73.010002,56.513035,11613700
2016-12-01,73.010002,73.239998,71.040001,71.879997,55.638397,9619200
2016-12-02,72.550003,72.639999,71.790001,72.010002,55.738991,6521600
2016-12-05,72.559998,72.660004,71.529999,71.669998,55.475826,8078200
2016-12-06,72.059998,72.43,71.580002,72.110001,55.816395,6504700
2016-12-07,71.900002,72.300003,71.050003,72.220001,55.901546,7482100
2016-12-08,72.110001,72.199997,71.419998,72.07,55.785423,9466300
2016-12-09,72.25,73.410004,72.07,73.349998,56.776203,7160400
2016-12-12,73.360001,74.089996,73.309998,73.709999,57.054893,6144800
2016-12-13,73.919998,74.309998,73.07,73.370003,56.791698,6630700
2016-12-14,73.489998,73.809998,72.839996,73.300003,56.737511,5439400
2016-12-15,73.330002,73.980003,72.93,73.440002,56.84589,6240300
2016-12-16,73.629997,74.260002,73.32,73.459999,56.86137,9969700
2016-12-19,73.519997,73.779999,73.010002,73.099998,56.582699,4585100
2016-12-20,73.080002,73.370003,72.32,72.440002,56.071835,6851500
2016-12-21,72.120003,72.32,71.220001,71.580002,55.73703,7624000
2016-12-22,71.5,72.07,71.129997,71.739998,55.861595,5846700
2016-12-23,71.760002,72.239998,71.529999,71.949997,56.025116,3125000
2016-12-27,72.029999,72.290001,71.690002,71.769997,55.884956,3256500
2016-12-28,71.870003,72.489998,71.720001,71.809998,55.916103,5581700
2016-12-29,71.730003,71.980003,71.330002,71.540001,55.705872,3893500
2016-12-30,71.790001,72.0,71.080002,71.230003,55.464474,5630500
2017-01-03,70.25,71.029999,69.349998,70.610001,54.981693,11125400
2017-01-04,70.900002,71.660004,70.82,71.269997,55.495625,7806800
2017-01-05,71.480003,71.510002,70.589996,70.830002,55.15303,6217200
2017-01-06,71.139999,72.879997,71.110001,72.870003,56.741505,8985600
2017-01-09,73.300003,74.110001,73.199997,73.82,57.481232,9672000
2017-01-10,74.269997,75.269997,74.120003,74.900002,58.322189,7681700
2017-01-11,75.120003,75.120003,73.379997,74.440002,57.963997,7475400
2017-01-12,74.059998,75.230003,73.739998,75.110001,58.485703,6462600
2017-01-13,75.0,75.300003,74.660004,75.089996,58.470127,5455800
2017-01-17,75.059998,75.949997,74.370003,75.82,59.038559,7084400
2017-01-18,76.269997,76.269997,75.209999,75.669998,58.921753,5833000
2017-01-19,75.300003,75.720001,74.940002,75.300003,58.633652,6753700
2017-01-20,75.510002,75.68,74.720001,74.989998,58.392269,8898600
2017-01-23,74.720001,75.139999,74.360001,74.769997,58.220966,4523400
2017-01-24,74.639999,74.730003,73.589996,73.830002,57.489017,6430300
2017-01-25,73.989998,74.610001,73.589996,74.489998,58.002945,6171200
2017-01-26,74.489998,74.580002,73.889999,74.040001,57.652538,3699400
2017-01-27,74.540001,75.230003,74.470001,74.949997,58.361107,4903000
2017-01-30,74.68,74.940002,74.32,74.669998,58.143097,4372100
2017-01-31,74.589996,76.230003,74.269997,76.019997,59.194302,7828200
2017-02-01,75.279999,76.040001,75.230003,76.0,59.178715,5618300
2017-02-02,75.580002,76.290001,75.440002,75.919998,59.116436,5357300
2017-02-03,76.129997,76.5,75.669998,76.339996,59.443455,4985900
2017-02-06,76.32,76.339996,75.519997,75.980003,59.163158,3817600
2017-02-07,75.870003,76.160004,75.519997,76.120003,59.272163,3898500
2017-02-08,76.07,76.139999,75.519997,75.599998,58.867252,3668200
2017-02-09,75.599998,75.879997,75.440002,75.709999,58.952896,4367500
2017-02-10,75.849998,76.260002,75.709999,76.150002,59.295521,3427100
2017-02-13,76.269997,76.93,76.150002,76.919998,59.895096,4081600
2017-02-14,77.0,77.300003,76.459999,77.050003,59.996338,3781600
2017-02-15,76.639999,77.889999,76.57,77.699997,60.502453,4244300
2017-02-16,77.720001,78.0,77.160004,77.989998,60.728268,4152500
2017-02-17,77.860001,78.980003,77.800003,78.879997,61.421268,9954600
2017-02-21,80.0,80.980003,79.800003,80.559998,62.72942,7313100
2017-02-22,80.25,80.470001,79.239998,79.620003,61.997486,5508000
2017-02-23,80.25,80.93,79.949997,80.739998,62.869598,4552700
2017-02-24,80.540001,81.050003,80.440002,81.029999,63.095421,4489100
2017-02-27,81.029999,81.160004,80.650002,80.75,62.877399,3588800
2017-02-28,80.510002,81.129997,80.459999,80.910004,63.001991,3749300
2017-03-01,81.309998,82.279999,80.959999,82.07,63.905231,4996000
2017-03-02,81.900002,82.470001,81.489998,81.989998,63.842934,4068800
2017-03-03,81.620003,82.0,81.339996,81.860001,63.741707,2775500
2017-03-06,81.419998,81.860001,81.279999,81.540001,63.492504,2681800
2017-03-07,81.18,81.720001,81.099998,81.400002,63.383533,2594900
2017-03-08,81.400002,82.400002,81.269997,82.220001,64.022034,4018600
2017-03-09,82.150002,82.879997,81.889999,82.790001,64.465866,3478800
2017-03-10,83.0,83.190002,82.580002,83.040001,64.660553,4033900
2017-03-13,82.989998,83.190002,82.440002,82.889999,64.543739,3134200
2017-03-14,82.660004,84.0,82.139999,82.519997,64.255646,3591800
2017-03-15,82.599998,83.449997,82.57,83.300003,64.862991,3267100
2017-03-16,83.239998,83.470001,81.610001,81.830002,63.718369,6347400
2017-03-17,81.809998,82.349998,81.699997,82.230003,64.029816,11360900
2017-03-20,82.160004,82.239998,81.279999,81.419998,63.399097,4423800
2017-03-21,81.800003,81.900002,80.720001,81.120003,63.165508,5343900
2017-03-22,80.699997,81.190002,80.360001,81.0,63.408169,4419800
2017-03-23,80.739998,81.349998,80.68,80.860001,63.29858,4194800
2017-03-24,80.849998,81.470001,80.849998,81.0,63.408169,3010300
2017-03-27,80.699997,81.160004,80.389999,81.029999,63.43166,5272200
2017-03-28,80.919998,81.050003,80.620003,80.739998,63.204632,7442300
2017-03-29,80.830002,81.330002,80.449997,81.139999,63.517757,5686700
2017-03-30,81.040001,81.220001,80.5,80.989998,63.400326,2420700
2017-03-31,80.75,81.110001,80.550003,80.559998,63.063705,3790000
2017-04-03,80.849998,81.160004,80.209999,81.029999,63.43166,3250100
2017-04-04,81.0,81.07,80.480003,80.620003,63.110703,3097800
2017-04-05,80.919998,81.089996,80.209999,80.239998,62.813236,3620600
2017-04-06,80.68,80.68,79.82,80.220001,62.797565,3930300
2017-04-07,80.25,80.650002,80.139999,80.370003,62.914986,2515200
2017-04-10,80.300003,80.610001,80.120003,80.300003,62.860188,2666900
2017-04-11,80.110001,80.349998,79.790001,80.150002,62.742783,2642700
2017-04-12,79.769997,80.160004,79.650002,80.099998,62.703651,3551400
2017-04-13,80.0,80.5,79.879997,80.010002,62.633183,3440900
2017-04-17,80.169998,80.410004,79.910004,80.360001,62.907188,2695300
2017-04-18,80.68,80.68,80.120003,80.330002,62.883678,4543000
2017-04-19,80.75,80.75,80.269997,80.32,62.875851,3781700
2017-04-20,80.160004,81.239998,79.910004,81.019997,63.423847,5323900
2017-04-21,80.989998,81.07,80.290001,80.480003,63.001102,3582300
2017-04-24,81.360001,81.540001,80.599998,80.650002,63.134201,4153900
2017-04-25,80.760002,82.209999,80.75,81.760002,64.00312,4351000
2017-04-26,82.239998,82.970001,82.07,82.139999,64.300575,4445200
2017-04-27,82.220001,83.5,82.120003,83.129997,65.075569,4878100
2017-04-28,83.040001,83.110001,82.660004,83.089996,65.044258,3915400
2017-05-01,83.010002,84.059998,83.010002,83.739998,65.553085,4325900
2017-05-02,83.650002,84.790001,83.650002,84.75,66.343735,5266100
2017-05-03,84.709999,84.709999,83.910004,84.089996,65.82708,3226100
2017-05-04,84.099998,84.410004,83.839996,83.910004,65.686188,3669600
2017-05-05,84.150002,84.209999,83.790001,84.0,65.756599,4030100
2017-05-08,83.980003,83.980003,83.099998,83.300003,65.208649,3913000
2017-05-09,83.330002,83.769997,83.190002,83.339996,65.239944,3819900
2017-05-10,83.239998,83.239998,82.580002,82.889999,64.887688,4942600
2017-05-11,82.449997,83.019997,82.199997,83.010002,64.981628,3801000
2017-05-12,82.870003,83.879997,82.809998,83.419998,65.302582,3013400
2017-05-15,83.410004,84.25,83.129997,84.139999,65.866211,3532100
2017-05-16,84.089996,84.330002,83.459999,83.940002,65.709663,4635300
2017-05-17,83.940002,83.940002,82.589996,82.660004,64.707634,5861800
2017-05-18,81.589996,82.900002,81.5,82.400002,64.504105,5225600
2017-05-19,82.449997,83.510002,82.230003,83.230003,65.153862,4780400
2017-05-22,83.260002,84.349998,83.260002,83.989998,65.748795,3912400
2017-05-23,84.099998,84.919998,83.940002,84.610001,66.234138,4385600
2017-05-24,84.800003,85.199997,84.089996,84.699997,66.304581,6645300
2017-05-25,85.209999,86.0,83.860001,85.580002,66.993484,7210600
2017-05-26,85.580002,85.82,84.599998,85.089996,66.609871,4796900
2017-05-30,85.110001,85.330002,84.5,84.860001,66.429848,4131600
2017-05-31,84.989998,85.400002,83.779999,84.279999,65.975815,7439900
2017-06-01,84.610001,86.080002,84.370003,86.080002,67.38488,7535300
2017-06-02,86.120003,86.720001,85.540001,85.82,67.181328,6162500
2017-06-05,85.589996,86.019997,85.410004,85.949997,67.283104,3243900
2017-06-06,85.879997,86.550003,85.68,86.0,67.322258,3627100
2017-06-07,86.370003,86.459999,85.839996,85.980003,67.306587,3291800
2017-06-08,85.980003,86.339996,85.639999,85.940002,67.275269,4159700
2017-06-09,85.849998,86.639999,85.75,86.510002,67.721489,4715100
2017-06-12,86.610001,88.160004,86.529999,87.629997,68.598244,8823600
2017-06-13,87.580002,88.199997,87.120003,87.199997,68.261635,4459300
2017-06-14,87.559998,88.0,87.349998,87.650002,68.613907,3509200
2017-06-15,87.330002,87.980003,87.139999,87.660004,68.621742,2979900
2017-06-16,88.0,88.349998,87.529999,88.080002,68.950516,5436800
2017-06-19,88.080002,89.07,88.040001,88.989998,69.662865,3806600
2017-06-20,88.730003,89.519997,88.559998,88.82,69.529793,3535000
2017-06-21,88.970001,89.139999,88.57,88.790001,69.506325,3549400
2017-06-22,88.970001,89.589996,88.709999,89.089996,69.741142,3549400
2017-06-23,89.440002,89.5,88.889999,89.199997,69.827271,6707100
2017-06-26,89.220001,89.720001,88.980003,89.150002,69.788124,3491400
2017-06-27,89.150002,89.43,88.790001,88.790001,69.506325,3149600
2017-06-28,89.129997,89.610001,88.940002,89.300003,69.905556,3339400
2017-06-29,89.379997,89.389999,88.120003,88.709999,69.443672,2888000
2017-06-30,88.75,89.169998,88.57,88.75,69.474998,3827900
2017-07-03,88.800003,89.199997,88.75,88.809998,69.521973,2006700
2017-07-05,88.519997,89.099998,88.279999,88.900002,69.95475,2892100
2017-07-06,88.699997,88.980003,87.260002,87.260002,68.664276,3884900
2017-07-07,87.650002,88.099998,87.400002,87.959999,69.21508,2918100
2017-07-10,87.860001,88.0,87.050003,87.199997,68.617043,3062100
2017-07-11,87.050003,87.410004,86.68,87.260002,68.664276,2792900
2017-07-12,87.75,88.25,87.400002,87.809998,69.097061,2128400
2017-07-13,87.93,88.0,87.300003,87.809998,69.097061,2306300
2017-07-14,87.809998,88.82,87.660004,88.57,69.695068,2257800
2017-07-17,88.57,88.790001,85.839996,86.059998,67.719986,9555300
2017-07-18,86.0,86.43,85.779999,85.849998,67.554726,5505700
2017-07-19,85.980003,86.139999,85.459999,85.650002,67.397362,4597000
2017-07-20,85.910004,86.089996,85.510002,85.669998,67.413124,4381500
2017-07-21,85.669998,85.949997,84.940002,85.169998,67.019661,3523200
2017-07-24,85.209999,85.309998,84.709999,85.089996,66.95668,4096000
2017-07-25,85.400002,86.010002,85.029999,85.93,67.617683,5256300
2017-07-26,85.82,86.279999,85.389999,85.739998,67.468178,3331600
2017-07-27,85.860001,85.860001,84.330002,84.68,66.634071,5244900
2017-07-28,84.57,84.809998,84.169998,84.290001,66.327202,4550800
2017-07-31,84.5,84.68,83.919998,83.970001,66.075363,5452200
2017-08-01,84.110001,84.379997,83.489998,83.519997,65.721275,5356100
2017-08-02,83.519997,83.610001,82.980003,83.199997,65.469467,4909500
2017-08-03,82.959999,83.489998,82.830002,83.290001,65.540283,5944300
2017-08-04,83.540001,83.959999,83.230003,83.68,65.847168,3414700
2017-08-07,83.769997,84.550003,83.699997,84.370003,66.390152,3647600
2017-08-08,84.290001,84.529999,83.669998,83.830002,65.965218,3825300
2017-08-09,83.75,84.019997,83.510002,83.949997,66.059624,3519300
2017-08-10,83.580002,83.860001,83.019997,83.040001,65.343544,3495800
2017-08-11,83.32,84.239998,83.089996,83.709999,65.870766,4302200
2017-08-14,84.050003,85.07,84.050003,84.470001,66.468811,3346800
2017-08-15,84.580002,85.010002,84.419998,84.589996,66.563248,2766000
2017-08-16,84.830002,84.919998,84.540001,84.599998,66.571106,4376200
2017-08-17,84.480003,84.849998,83.639999,83.669998,65.839287,3789000
2017-08-18,83.32,83.809998,83.120003,83.410004,65.63472,4441000
2017-08-21,83.330002,84.019997,82.940002,83.519997,65.721275,4691500
2017-08-22,81.459999,82.150002,81.0,81.760002,64.336357,9382100
2017-08-23,81.32,81.57,79.449997,79.75,62.754704,8667500
2017-08-24,79.690002,80.099998,79.110001,79.239998,62.353371,7365000
2017-08-25,79.419998,79.849998,79.029999,79.059998,62.211727,4231200
2017-08-28,79.57,79.870003,79.400002,79.589996,62.628773,4900800
2017-08-29,79.360001,79.900002,79.019997,79.720001,62.731075,4130900
2017-08-30,79.699997,79.919998,79.339996,79.860001,62.841244,3725800
2017-08-31,80.0,80.720001,79.800003,80.620003,63.439297,5661900
2017-09-01,80.699997,80.75,79.879997,80.050003,62.990768,3133400
2017-09-05,79.879997,80.400002,79.57,79.82,62.809772,3255800
2017-09-06,79.919998,80.080002,79.360001,79.870003,62.849117,3784000
2017-09-07,79.919998,80.279999,79.709999,79.949997,62.912079,3387000
2017-09-08,79.900002,82.480003,79.900002,82.029999,64.548798,7881000
2017-09-11,82.25,82.5,81.190002,81.559998,64.178955,5854100
2017-09-12,81.5,82.360001,81.089996,82.300003,64.761276,4073500
2017-09-13,82.129997,82.449997,81.699997,81.93,64.4701,4795100
2017-09-14,81.879997,81.93,81.07,81.800003,64.367836,4461900
2017-09-15,81.629997,82.139999,81.379997,82.120003,64.619629,9563400
2017-09-18,82.370003,82.540001,81.75,82.400002,64.839966,4162500
2017-09-19,82.650002,82.739998,81.129997,81.190002,63.887794,5584800
2017-09-20,81.190002,81.510002,79.339996,80.160004,63.077316,6384400
2017-09-21,80.139999,80.550003,79.5,79.529999,62.58157,4822000
2017-09-22,79.480003,79.889999,79.110001,79.699997,62.715355,4593200
2017-09-25,79.489998,79.589996,77.900002,78.269997,61.590084,7151300
2017-09-26,78.25,78.879997,78.07,78.370003,61.668793,4791000
2017-09-27,78.669998,78.870003,77.449997,77.839996,61.251728,4801700
2017-09-28,77.699997,77.910004,77.169998,77.709999,61.512932,5536500
2017-09-29,77.660004,78.010002,77.550003,77.769997,61.560425,6186200
2017-10-02,78.059998,78.230003,77.5,78.050003,61.782085,4312900
2017-10-03,78.18,78.199997,77.580002,78.110001,61.829567,5866600
2017-10-04,78.25,78.900002,78.199997,78.629997,62.241196,5735200
2017-10-05,79.370003,79.860001,79.0,79.510002,62.937775,6323200
2017-10-06,79.57,79.809998,79.260002,79.809998,63.175243,3248500
2017-10-09,77.800003,78.260002,76.519997,76.93,60.895508,12760100
2017-10-10,76.949997,77.379997,76.910004,77.290001,61.180492,7244100
2017-10-11,77.080002,78.480003,77.080002,78.239998,61.932453,6442300
2017-10-12,77.720001,77.959999,77.099998,77.919998,61.67918,8427000
2017-10-13,77.889999,78.230003,77.459999,78.07,61.797916,5442000
2017-10-16,78.029999,78.440002,77.709999,77.730003,61.52877,5392200
2017-10-17,77.760002,78.239998,77.389999,78.0,61.742489,3809600
2017-10-18,78.0,78.889999,77.910004,78.589996,62.209538,4613200
2017-10-19,78.57,78.989998,78.440002,78.480003,62.122452,2765000
2017-10-20,78.769997,78.879997,78.169998,78.339996,62.011639,4173800
2017-10-23,78.720001,79.25,78.339996,79.019997,62.549908,4811600
2017-10-24,79.110001,79.199997,78.440002,78.660004,62.26495,4462300
2017-10-25,78.580002,79.309998,78.239998,79.199997,62.692398,4906500
2017-10-26,78.900002,80.720001,78.860001,80.440002,63.673927,7331100
2017-10-27,80.889999,81.690002,80.699997,81.300003,64.354675,7744000
2017-10-30,81.040001,81.059998,79.5,80.529999,63.745152,5993800
2017-10-31,80.470001,80.809998,80.139999,80.519997,63.737244,4612000
2017-11-01,80.419998,81.160004,80.010002,80.309998,63.571018,5136500
2017-11-02,80.300003,80.580002,77.169998,77.870003,61.639599,10276700
2017-11-03,77.620003,78.709999,77.059998,78.43,62.082867,6936600
2017-11-06,78.459999,78.489998,77.629997,77.690002,61.497116,4027000
2017-11-07,77.900002,78.190002,77.650002,78.010002,61.750416,3655100
2017-11-08,78.160004,78.160004,77.220001,77.809998,61.592098,4468000
2017-11-09,80.139999,81.120003,79.459999,80.809998,63.966812,8803500
2017-11-10,80.400002,80.470001,78.309998,79.330002,62.795277,6416400
2017-11-13,79.279999,79.419998,78.260002,79.199997,62.692398,4013700
2017-11-14,78.940002,79.370003,78.629997,79.160004,62.660706,2701100
2017-11-15,79.0,79.139999,78.620003,78.68,62.280762,4145400
2017-11-16,79.019997,79.68,78.970001,79.260002,62.739895,4763500
2017-11-17,78.830002,80.089996,78.739998,79.489998,62.92194,7098000
2017-11-20,79.379997,79.720001,78.889999,78.900002,62.45491,7446700
2017-11-21,83.0,84.110001,82.5,82.660004,65.431221,11004000
2017-11-22,82.760002,82.970001,82.050003,82.339996,65.177895,5303300
2017-11-24,82.690002,83.5,82.610001,83.25,65.898247,3165600
2017-11-27,83.260002,83.540001,81.059998,81.410004,64.441742,6346500
2017-11-28,81.669998,82.580002,81.360001,82.459999,65.272881,5773700
2017-11-29,82.309998,82.980003,81.970001,82.110001,64.995857,3945500
2017-11-30,82.660004,82.779999,82.040001,82.129997,65.011681,5663900
2017-12-01,82.459999,82.57,80.610001,81.269997,64.330956,5992800
2017-12-04,81.32,81.370003,79.739998,79.870003,63.222752,8687800
2017-12-05,79.57,81.470001,79.57,80.919998,64.053886,5392200
2017-12-06,81.57,81.800003,80.919998,81.5,64.513,5192100
2017-12-07,81.610001,82.089996,80.290001,80.57,63.776844,5497500
2017-12-08,80.919998,81.120003,80.540001,81.07,64.172615,4106400
2017-12-11,81.199997,81.540001,80.849998,81.269997,64.330956,3501400
2017-12-12,82.489998,82.690002,81.800003,82.0,64.908783,4966500
2017-12-13,81.800003,82.160004,81.529999,81.919998,64.845467,4473300
2017-12-14,81.949997,82.480003,81.720001,81.830002,64.774223,5000700
2017-12-15,82.440002,83.699997,82.440002,83.5,66.09613,9813100
2017-12-18,83.610001,83.779999,83.080002,83.43,66.040726,5204200
2017-12-19,83.720001,84.110001,82.0,82.040001,64.940445,5096500
2017-12-20,82.389999,82.970001,81.290001,81.379997,64.418007,3769400
2017-12-21,81.540001,82.459999,81.360001,81.480003,64.497169,4051200
2017-12-22,81.559998,81.959999,81.269997,81.540001,64.544647,3187500
2017-12-26,81.57,81.879997,81.389999,81.470001,64.489273,1922500
2017-12-27,81.629997,81.93,81.440002,81.760002,64.718803,2463100
2017-12-28,81.330002,81.580002,81.080002,81.339996,64.750633,2859800
2017-12-29,81.580002,81.800003,80.730003,80.75,64.280975,3259900
2018-01-02,82.160004,82.690002,81.949997,82.209999,65.443207,4783500
2018-01-03,82.199997,84.82,82.169998,83.919998,66.804451,6879100
2018-01-04,84.449997,84.900002,83.139999,84.120003,66.963654,5943200
2018-01-05,84.529999,85.739998,84.010002,85.540001,68.094048,7428500
2018-01-08,85.5,85.690002,85.209999,85.510002,68.070175,6117600
2018-01-09,85.860001,86.75,85.660004,85.879997,68.3647,6099900
2018-01-10,85.550003,85.989998,84.519997,85.489998,68.054253,3575300
2018-01-11,85.940002,85.940002,85.080002,85.730003,68.245308,3930300
2018-01-12,85.849998,85.989998,85.300003,85.449997,68.022385,5085900
2018-01-16,85.580002,86.129997,84.870003,85.32,67.918892,5428200
2018-01-17,85.879997,86.449997,85.440002,86.110001,68.547798,5449000
2018-01-18,86.160004,87.93,85.949997,87.260002,69.463257,7328600
2018-01-19,87.580002,87.900002,86.029999,86.68,69.001564,7314800
2018-01-22,86.419998,86.57,85.400002,86.050003,68.500046,5926900
2018-01-23,86.220001,86.220001,84.980003,85.230003,67.84729,4962300
2018-01-24,85.830002,86.129997,85.160004,85.760002,68.26918,5680200
2018-01-25,85.989998,86.980003,85.660004,86.82,69.113014,3947800
2018-01-26,86.860001,87.18,86.360001,87.120003,69.351822,3815100
2018-01-29,86.849998,87.300003,86.32,86.720001,69.033379,3804900
2018-01-30,85.93,86.720001,85.75,85.959999,68.428383,3881700
2018-01-31,86.330002,86.5,85.620003,85.889999,68.372688,5258300
2018-02-01,85.379997,85.68,84.629997,84.980003,67.648254,4201600
2018-02-02,84.669998,85.25,84.360001,84.449997,67.226364,5564500
2018-02-05,84.07,84.580002,80.919998,81.419998,64.814316,7237200
2018-02-06,80.059998,82.059998,79.089996,81.669998,65.013329,10190000
2018-02-07,81.400002,82.959999,81.290001,81.349998,64.758606,5929900
2018-02-08,81.330002,81.510002,78.349998,78.379997,62.394348,7346100
2018-02-09,78.879997,80.080002,77.559998,79.480003,63.269985,6061800
2018-02-12,79.709999,80.75,79.25,80.239998,63.874977,4314100
2018-02-13,79.849998,80.589996,79.349998,80.220001,63.859074,4574600
2018-02-14,79.720001,82.059998,79.629997,81.860001,65.164597,5000000
2018-02-15,82.410004,82.980003,81.949997,82.940002,66.02433,4002000
2018-02-16,82.800003,83.760002,82.120003,83.309998,66.318863,6863500
2018-02-20,83.139999,83.370003,80.870003,81.610001,64.965591,11125900
2018-02-21,81.43,81.699997,80.220001,80.720001,64.257103,6805700
2018-02-22,80.910004,81.809998,80.209999,80.410004,64.010323,4528200
2018-02-23,80.949997,81.199997,79.889999,80.389999,63.994389,5174100
2018-02-26,81.400002,82.480003,80.32,82.419998,65.610367,6201200
2018-02-27,82.620003,82.690002,81.07,81.239998,64.671066,5179400
2018-02-28,81.519997,81.610001,79.839996,79.889999,63.596386,6712100
2018-03-01,79.790001,79.830002,77.769997,78.300003,62.330647,7946100
2018-03-02,77.900002,78.5,77.690002,78.330002,62.35453,5695900
2018-03-05,77.849998,80.040001,77.75,79.739998,63.476971,5371700
2018-03-06,80.010002,80.610001,79.839996,80.410004,64.010323,5338300
2018-03-07,79.790001,81.32,79.629997,81.129997,64.583481,6040200
2018-03-08,81.330002,82.25,81.279999,82.209999,65.443207,6434600
2018-03-09,82.440002,83.389999,82.360001,83.150002,66.191498,4659200
2018-03-12,83.260002,83.720001,83.0,83.300003,66.310921,4218700
2018-03-13,83.75,84.18,83.25,83.470001,66.44622,4678800
2018-03-14,83.779999,83.959999,81.910004,82.300003,65.514847,5182300
2018-03-15,82.389999,82.510002,81.660004,82.029999,65.299904,3453700
2018-03-16,82.360001,82.57,81.290001,81.290001,64.710854,9386600
2018-03-19,81.279999,81.620003,79.389999,80.129997,63.787426,4601300
2018-03-20,80.529999,81.0,79.400002,79.900002,63.604328,4267000
2018-03-21,79.900002,80.769997,79.760002,80.040001,63.715786,4329400
2018-03-22,79.160004,79.809998,78.0,78.139999,62.562843,4455900
2018-03-23,78.209999,78.599998,76.410004,76.550003,61.289814,6070300
2018-03-26,77.440002,78.529999,76.57,78.459999,62.819046,6635500
2018-03-27,78.739998,79.5,77.650002,78.160004,62.57888,5458700
2018-03-28,78.389999,79.25,78.260002,78.459999,62.819046,5299700
2018-03-29,79.260002,80.919998,78.779999,80.220001,64.22818,6162300
2018-04-02,79.790001,79.900002,76.620003,77.480003,62.034409,6409800
2018-04-03,77.760002,78.550003,77.279999,78.349998,62.730984,4444000
2018-04-04,77.239998,78.949997,76.919998,78.720001,63.027222,4134600
2018-04-05,79.019997,80.080002,78.690002,79.699997,63.811859,4183500
2018-04-06,79.199997,79.82,77.129997,77.639999,62.16251,5186000
2018-04-09,78.269997,79.639999,77.870003,78.459999,62.819046,4708400
2018-04-10,79.129997,79.690002,78.779999,79.290001,63.483589,4718300
2018-04-11,78.629997,79.279999,78.25,78.589996,62.923141,3751500
2018-04-12,79.160004,80.110001,79.150002,79.839996,63.923939,3571500
2018-04-13,80.169998,80.239998,79.129997,79.57,63.707779,3997200
2018-04-16,80.190002,81.25,80.029999,80.599998,64.532471,3628300
2018-04-17,81.029999,81.239998,79.959999,80.629997,64.556473,4611200
2018-04-18,80.889999,81.040001,80.169998,80.190002,64.204201,6131400
2018-04-19,80.199997,80.599998,79.639999,80.0,64.052055,3791900
2018-04-20,80.099998,80.489998,79.480003,79.900002,63.971996,3690900
2018-04-23,80.150002,80.449997,79.82,80.019997,64.068062,2735900
2018-04-24,80.5,80.57,78.57,79.370003,63.547649,4937200
2018-04-25,79.019997,79.5,78.519997,79.459999,63.619717,3935100
2018-04-26,79.699997,80.860001,79.199997,80.589996,64.524437,5155900
2018-04-27,80.360001,81.410004,80.150002,81.290001,65.0849,4191500
2018-04-30,81.400002,81.459999,80.029999,80.129997,64.156151,6071800
2018-05-01,79.599998,81.029999,79.5,81.010002,64.860718,2986700
2018-05-02,80.730003,80.790001,79.730003,79.919998,63.98798,4145500
2018-05-03,79.239998,79.739998,78.290001,79.580002,63.715786,4534300
2018-05-04,79.330002,81.190002,79.010002,81.080002,64.916756,3563900
2018-05-07,82.379997,85.360001,82.209999,84.82,67.911186,10825200
2018-05-08,84.32,84.32,82.760002,83.199997,66.614136,7132300
2018-05-09,83.330002,84.339996,82.43,84.059998,67.302711,4934200
2018-05-10,84.32,85.769997,84.019997,85.68,68.599754,4728100
2018-05-11,85.599998,86.0,85.220001,85.559998,68.503662,4021100
2018-05-14,85.510002,86.330002,85.010002,86.18,69.000084,4244500
2018-05-15,85.580002,85.720001,83.980003,84.370003,67.550896,4544900
2018-05-16,84.459999,86.220001,84.419998,85.550003,68.495667,4058700
2018-05-17,85.370003,85.440002,84.589996,85.110001,68.143394,3542100
2018-05-18,84.730003,84.910004,84.0,84.639999,67.767067,4705500
2018-05-21,85.25,85.809998,85.050003,85.32,68.311493,3747400
2018-05-22,85.360001,85.599998,84.910004,84.970001,68.031281,4593700
2018-05-23,84.540001,86.18,84.510002,85.260002,68.263458,5237600
2018-05-24,86.349998,88.650002,86.0,86.989998,69.64859,8861000
2018-05-25,86.989998,88.260002,85.769997,86.300003,69.096146,4685500
2018-05-29,85.580002,85.720001,84.610001,85.389999,68.367561,4539500
2018-05-30,85.720001,86.559998,85.309998,85.889999,68.767891,4236800
2018-05-31,85.559998,86.669998,85.5,86.32,69.112144,4816700
2018-06-01,86.849998,88.080002,86.540001,87.830002,70.321144,5438300
2018-06-04,87.919998,88.169998,87.349998,87.519997,70.072952,4507400
2018-06-05,87.220001,87.870003,86.110001,86.660004,69.384392,5409700
2018-06-06,86.800003,87.339996,86.080002,87.239998,69.848785,5424600
2018-06-07,87.32,87.610001,85.959999,86.629997,69.360344,5350300
2018-06-08,86.699997,87.300003,86.510002,87.18,69.80072,4566600
2018-06-11,86.910004,87.050003,86.040001,86.589996,69.328354,4313000
2018-06-12,86.93,87.199997,86.349998,86.690002,69.408394,4311900
2018-06-13,86.730003,86.900002,85.559998,85.839996,68.727859,3735200
2018-06-14,86.120003,86.660004,85.919998,86.57,69.312355,3756400
2018-06-15,86.730003,86.989998,85.900002,86.779999,69.480461,6532200
2018-06-18,86.059998,86.300003,85.589996,86.25,69.056129,3002600
2018-06-19,85.559998,86.809998,85.349998,86.610001,69.344345,4510200
2018-06-20,86.459999,86.669998,85.830002,86.129997,68.96003,4334200
2018-06-21,86.279999,86.800003,85.629997,86.300003,69.096146,3404300
2018-06-22,86.660004,87.580002,86.610001,86.809998,69.504478,5406100
2018-06-25,86.699997,86.949997,85.669998,86.739998,69.448425,5242700
2018-06-26,86.720001,87.339996,86.360001,86.860001,69.54451,8009500
2018-06-27,86.43,86.510002,85.389999,85.489998,68.447632,6347900
2018-06-28,85.519997,86.540001,85.349998,86.330002,69.120193,3948400
2018-06-29,84.68,86.68,84.580002,85.610001,68.543701,5082500
2018-07-02,84.379997,86.110001,83.610001,86.029999,68.879982,4677100
2018-07-03,85.279999,86.870003,85.279999,85.980003,68.839943,3002500
2018-07-05,85.389999,86.0,85.300003,85.910004,69.186218,3148800
2018-07-06,85.809998,87.029999,85.580002,86.629997,69.76606,3618100
2018-07-09,86.529999,87.230003,86.379997,87.129997,70.168739,3476800
2018-07-10,87.169998,87.529999,87.110001,87.389999,70.378143,3489600
2018-07-11,86.790001,87.580002,86.57,87.260002,70.273438,3858300
2018-07-12,87.489998,87.970001,86.980003,87.870003,70.764702,3507200
2018-07-13,87.889999,88.599998,87.889999,88.360001,71.159302,4441800
2018-07-16,88.199997,88.300003,87.529999,87.730003,70.651955,2833200
2018-07-17,87.870003,88.830002,87.730003,88.290001,71.102943,5026700
2018-07-18,88.290001,88.769997,87.900002,88.010002,70.877441,5015800
2018-07-19,87.900002,88.93,87.879997,88.419998,71.207619,3975000
2018-07-20,87.779999,88.550003,87.709999,88.019997,70.885506,4313100
2018-07-23,87.589996,88.730003,87.449997,88.629997,71.37674,2953900
2018-07-24,88.82,89.190002,88.529999,88.910004,71.602257,3202900
2018-07-25,88.650002,89.949997,88.650002,89.730003,72.262611,3438100
2018-07-26,89.949997,90.040001,89.129997,89.260002,71.884109,3884900
2018-07-27,89.290001,89.360001,88.169998,88.660004,71.400909,4486600
2018-07-30,88.709999,89.330002,88.510002,89.080002,71.739159,4178000
2018-07-31,89.360001,90.349998,88.870003,90.230003,72.665291,6244300
2018-08-01,89.959999,90.739998,89.709999,90.239998,72.673332,4810200
2018-08-02,89.790001,90.389999,89.480003,89.889999,72.391464,3395000
2018-08-03,89.800003,90.599998,89.57,90.480003,72.866615,2611000
2018-08-06,90.349998,90.849998,90.07,90.589996,72.955185,2946100
2018-08-07,90.639999,91.019997,90.25,90.849998,73.164597,3521700
2018-08-08,90.809998,91.230003,90.43,90.809998,73.132378,4692300
2018-08-09,90.809998,91.470001,90.809998,91.220001,73.462578,3852100
2018-08-10,90.870003,91.129997,90.080002,90.599998,72.963257,3444200
2018-08-13,90.5,91.419998,90.290001,90.739998,73.075989,5030300
2018-08-14,90.699997,91.5,90.639999,91.050003,73.325676,3875300
2018-08-15,90.910004,91.160004,90.230003,90.989998,73.277336,4082600
2018-08-16,91.269997,91.370003,90.839996,91.099998,73.365929,4190300
2018-08-17,91.290001,91.339996,90.419998,90.599998,72.963257,8973200
2018-08-20,90.650002,90.879997,89.870003,90.029999,72.504219,6630800
2018-08-21,94.0,95.790001,93.0,95.169998,76.643631,14732400
2018-08-22,94.870003,96.139999,94.220001,95.580002,76.973824,8582500
2018-08-23,95.360001,96.5,95.199997,95.610001,76.997978,6545400
2018-08-24,95.660004,96.18,95.389999,95.550003,76.949661,5332200
2018-08-27,95.610001,95.919998,95.050003,95.440002,76.861076,5593300
2018-08-28,95.550003,96.239998,95.440002,95.769997,77.126816,5151000
2018-08-29,95.860001,96.739998,95.699997,96.589996,77.787201,3809900
2018-08-30,96.440002,97.379997,96.309998,96.809998,77.964371,4523700
2018-08-31,96.32,96.760002,96.0,96.410004,77.642258,4239500
2018-09-04,96.57,96.690002,95.300003,95.559998,76.95771,4448600
2018-09-05,95.449997,96.120003,95.110001,96.040001,77.344254,4451800
2018-09-06,95.809998,96.910004,95.620003,96.489998,77.706665,4943900
2018-09-07,96.300003,96.889999,96.129997,96.32,77.569794,5664200
2018-09-10,96.639999,97.059998,96.309998,96.370003,77.610039,3188000
2018-09-11,96.18,96.620003,95.510002,96.080002,77.376503,3573700
2018-09-12,96.029999,96.519997,95.760002,96.25,77.513405,3667200
2018-09-13,96.529999,97.0,96.379997,96.949997,78.077133,3972800
2018-09-14,96.949997,97.279999,96.650002,97.010002,78.125443,3303000
2018-09-17,97.010002,97.150002,95.82,96.029999,77.33622,3989000
2018-09-18,95.809998,97.040001,95.790001,96.879997,78.020744,4477200
2018-09-19,97.269997,97.379997,96.25,96.459999,77.682526,3184900
2018-09-20,97.18,97.760002,96.809998,97.480003,78.503975,4337400
2018-09-21,97.589996,98.0,96.959999,97.849998,78.801941,7973700
2018-09-24,97.989998,98.959999,97.720001,98.860001,79.615318,5640100
2018-09-25,99.010002,99.650002,98.730003,99.0,79.728043,5694300
2018-09-26,99.349998,100.150002,98.839996,99.169998,79.864967,5693900
2018-09-27,98.82,100.0,97.269997,97.699997,78.681137,4710700
2018-09-28,97.620003,98.879997,97.199997,98.370003,79.220711,4430800
2018-10-01,98.720001,99.660004,98.5,99.489998,80.122673,3633000
2018-10-02,99.269997,99.470001,98.470001,99.019997,79.744171,3880000
2018-10-03,99.349998,99.769997,97.110001,97.470001,78.495918,4449700
2018-10-04,97.150002,97.629997,96.349998,96.980003,78.101303,4211200
2018-10-05,97.260002,97.709999,96.230003,97.169998,78.254303,4631000
2018-10-08,96.75,97.169998,95.139999,95.970001,77.287926,4650300
2018-10-09,95.68,96.5,95.370003,96.190002,77.46508,3179100
2018-10-10,96.099998,96.809998,94.910004,95.07,76.563103,5841100
2018-10-11,95.029999,95.629997,92.650002,93.110001,74.984657,7177300
2018-10-12,94.43,95.160004,93.5,94.690002,76.25705,4814700
2018-10-15,93.849998,94.82,93.230003,93.82,75.556442,4107200
2018-10-16,94.93,96.919998,94.830002,96.550003,77.755005,4982400
2018-10-17,95.629997,97.400002,95.330002,97.290001,78.350937,5105500
2018-10-18,97.169998,97.43,95.029999,95.919998,77.24762,4298800
2018-10-19,95.660004,95.800003,93.690002,93.940002,75.653053,6750100
2018-10-22,93.940002,94.349998,92.980003,93.620003,75.39537,3991300
2018-10-23,92.5,93.550003,91.900002,93.089996,74.968567,5530000
2018-10-24,93.120003,93.949997,91.260002,91.470001,73.663902,4918900
2018-10-25,91.800003,92.410004,90.790001,91.760002,73.897446,4622300
2018-10-26,91.029999,91.730003,89.080002,89.75,72.27874,6725600
2018-10-29,91.089996,91.480003,88.440002,89.449997,72.037125,6266400
2018-10-30,89.650002,90.620003,89.160004,90.269997,72.697487,5582200
2018-10-31,91.0,91.360001,89.75,89.82,72.335083,8496800
2018-11-01,90.129997,91.949997,90.0,91.550003,73.728333,5213700
2018-11-02,91.889999,92.849998,90.68,91.419998,73.623642,5054100
2018-11-05,91.949997,92.32,91.190002,91.610001,73.776642,3955800
2018-11-06,91.540001,92.610001,91.25,92.510002,74.501442,3927000
2018-11-07,93.239998,94.199997,92.910004,94.120003,75.798042,5484100
2018-11-08,94.0,94.75,93.599998,94.739998,76.297325,5330100
2018-11-09,94.690002,94.860001,93.849998,94.360001,75.991325,4306400
2018-11-12,94.480003,94.629997,92.230003,92.639999,74.606117,4276800
2018-11-13,92.599998,93.089996,91.739998,92.07,74.147102,4953900
2018-11-14,92.860001,93.529999,91.540001,92.110001,74.179306,4291900
2018-11-15,91.540001,92.790001,89.860001,92.769997,74.710831,6575200
2018-11-16,92.720001,94.599998,92.720001,93.699997,75.459801,7922000
2018-11-19,94.010002,94.230003,90.040001,90.370003,72.77803,6780900
2018-11-20,94.870003,94.889999,91.339996,92.160004,74.219582,8270800
2018-11-21,92.760002,93.309998,91.650002,92.970001,74.871902,6829400
2018-11-23,92.5,93.0,91.709999,92.010002,74.098801,2560300
2018-11-26,90.620003,92.580002,90.510002,92.059998,74.13903,4957600
2018-11-27,91.690002,93.160004,91.290001,93.129997,75.000755,6094800
2018-11-28,93.389999,95.57,93.309998,95.370003,76.80468,6589400
2018-11-29,95.379997,97.309998,95.309998,96.599998,77.795273,6013900
2018-11-30,96.809998,97.589996,96.760002,97.529999,78.544197,6581400
2018-12-03,98.0,99.139999,97.919998,98.75,79.526726,6258400
2018-12-04,98.580002,99.410004,96.099998,96.489998,77.706665,7123000
2018-12-06,95.209999,96.239998,93.660004,96.239998,77.505356,8221600
2018-12-07,95.919998,96.220001,93.5,94.239998,75.894669,5902900
2018-12-10,94.0,95.910004,92.910004,95.480003,76.893295,5092500
2018-12-11,96.480003,97.410004,94.989998,95.470001,76.885231,4765000
2018-12-12,96.400002,97.120003,95.68,95.709999,77.078514,6047000
2018-12-13,96.580002,96.910004,94.970001,95.5,76.909386,4952900
2018-12-14,94.400002,94.760002,93.120003,93.720001,75.475906,6337800
2018-12-17,93.470001,93.470001,91.169998,91.849998,73.969925,7224100
2018-12-18,92.959999,93.279999,91.199997,92.0,74.090721,5655200
2018-12-19,93.720001,93.940002,90.300003,91.260002,73.494774,7639700
2018-12-20,91.150002,91.879997,89.110001,89.900002,72.399529,7693800
2018-12-21,89.110001,91.239998,88.309998,88.599998,71.352577,10918500
2018-12-24,88.230003,88.589996,85.800003,85.800003,69.097649,3748100
2018-12-26,86.389999,88.68,85.300003,88.660004,71.400909,5816600
2018-12-27,87.449997,89.660004,86.379997,89.650002,72.607674,6015400
2018-12-28,90.209999,90.639999,88.949997,89.260002,72.291794,4508100
2018-12-31,89.919998,91.209999,89.599998,90.959999,73.668633,5436400
2019-01-02,89.529999,90.139999,87.089996,87.919998,71.20652,7099100
2019-01-03,87.620003,87.730003,85.18,85.449997,69.20607,6099800
2019-01-04,86.839996,88.709999,86.739998,88.129997,71.376595,6275400
2019-01-07,88.370003,89.080002,82.239998,82.449997,66.77636,17462700
2019-01-08,83.279999,83.959999,81.660004,83.029999,67.246124,14472200
2019-01-09,83.790001,85.5,83.449997,84.300003,68.274704,7894300
2019-01-10,83.860001,84.910004,83.339996,84.839996,68.712051,5279200
2019-01-11,84.169998,84.879997,83.449997,84.839996,68.712051,5054300
2019-01-14,84.349998,84.980003,84.110001,84.75,68.639122,5294700
2019-01-15,85.269997,86.57,85.029999,86.029999,69.675835,6323400
2019-01-16,86.580002,87.32,86.199997,86.989998,70.453323,5066800
2019-01-17,86.970001,88.190002,86.790001,87.599998,70.947357,7521700
2019-01-18,88.519997,88.620003,86.309998,87.300003,70.704384,8549300
2019-01-22,86.82,87.019997,86.0,87.0,70.461418,6567000
2019-01-23,87.080002,87.290001,85.910004,87.160004,70.591019,4642900
2019-01-24,87.260002,87.32,86.43,87.230003,70.64769,4515400
2019-01-25,87.68,87.910004,86.699997,87.019997,70.477631,5283500
2019-01-28,86.519997,87.0,85.660004,86.419998,69.991669,5143400
2019-01-29,85.959999,87.080002,85.959999,86.470001,70.032158,3670600
2019-01-30,86.489998,87.970001,86.260002,87.830002,71.133644,5385700
2019-01-31,87.739998,89.32,87.510002,88.389999,71.587181,9536200
2019-02-01,88.870003,89.449997,87.730003,88.309998,71.522369,5727400
2019-02-04,88.309998,88.459999,86.839996,87.809998,71.117439,4970900
2019-02-05,88.260002,88.620003,87.75,88.029999,71.295609,5640800
2019-02-06,88.279999,89.099998,87.809998,88.860001,71.96785,3417400
2019-02-07,88.410004,89.360001,88.129997,88.900002,72.000229,4304900
2019-02-08,88.43,89.510002,88.169998,89.010002,72.089325,3982200
2019-02-11,89.480003,89.900002,89.139999,89.599998,72.567169,4020000
2019-02-12,90.0,90.519997,89.269997,90.25,73.093613,3713900
2019-02-13,90.760002,90.949997,90.199997,90.669998,73.433746,3483500
2019-02-14,90.839996,91.629997,90.540001,91.230003,73.887314,4644100
2019-02-15,91.959999,92.339996,91.529999,92.269997,74.729599,5622500
2019-02-19,93.220001,94.589996,92.230003,92.330002,74.778206,6891400
2019-02-20,92.449997,93.0,92.209999,92.800003,75.158844,4924800
2019-02-21,92.669998,92.889999,92.120003,92.610001,75.004982,4222600
2019-02-22,93.0,93.830002,92.940002,93.769997,75.944458,4551300
2019-02-25,93.919998,94.059998,92.169998,92.220001,74.689117,7216800
2019-02-26,92.25,92.449997,91.209999,91.290001,73.935898,4541800
2019-02-27,91.0,91.389999,90.57,90.889999,73.611916,7327200
2019-02-28,90.93,91.269997,90.389999,90.5,73.296059,12189600
2019-03-01,91.18,92.169998,90.949997,92.089996,74.583809,8021400
2019-03-04,92.510002,93.160004,91.260002,92.290001,74.745804,5620100
2019-03-05,92.010002,93.029999,91.449997,92.720001,75.094032,6073900
2019-03-06,92.879997,93.019997,91.980003,92.080002,74.575722,4070700
2019-03-07,91.809998,92.129997,90.860001,91.080002,73.765816,4876100
2019-03-08,90.980003,91.279999,89.5,90.519997,73.312263,4113900
2019-03-11,90.970001,92.110001,90.879997,92.0,74.510925,4639100
2019-03-12,92.239998,92.809998,91.900002,92.440002,74.867271,6149100
2019-03-13,92.860001,93.639999,92.639999,93.019997,75.337021,6638200
2019-03-14,93.099998,93.529999,92.440002,93.330002,75.588104,5578600
2019-03-15,93.360001,94.199997,93.290001,93.790001,75.960648,9493800
2019-03-18,93.260002,93.620003,91.209999,91.889999,74.421844,8347700
2019-03-19,92.059998,92.879997,91.419998,92.660004,75.045471,5909400
2019-03-20,92.389999,92.550003,91.540001,91.720001,74.284157,4772600
2019-03-21,90.970001,92.900002,90.629997,92.099998,75.000786,4217000
2019-03-22,91.629997,92.120003,90.370003,90.389999,73.608253,4291700
2019-03-25,90.379997,90.970001,90.010002,90.620003,73.795555,3336900
2019-03-26,91.360001,92.169998,90.610001,91.07,74.16201,4463300
2019-03-27,91.07,91.290001,89.510002,90.260002,73.502388,4822400
2019-03-28,90.300003,90.660004,89.470001,89.959999,73.258087,6534900
2019-03-29,90.220001,91.190002,89.800003,91.080002,74.170143,4742700
2019-04-01,91.629997,91.870003,90.400002,90.690002,73.852562,4467100
2019-04-02,90.949997,91.019997,90.160004,90.400002,73.616409,3684700
2019-04-03,90.839996,90.860001,88.309998,88.449997,72.028427,7633200
2019-04-04,88.5,89.470001,88.080002,89.230003,72.66362,6085300
2019-04-05,89.720001,90.040001,88.739998,88.93,72.419327,6211900
2019-04-08,89.169998,89.169998,88.0,88.989998,72.46817,5464500
2019-04-09,88.68,89.120003,88.470001,88.720001,72.248299,4938700
2019-04-10,88.720001,89.349998,88.489998,88.629997,72.175003,5031400
2019-04-11,89.199997,89.199997,87.25,87.599998,71.336243,7878900
2019-04-12,88.0,88.07,86.620003,86.75,70.644058,7324200
2019-04-15,87.129997,87.290001,86.669998,86.870003,70.741776,5815900
2019-04-16,87.510002,87.550003,86.050003,86.150002,70.155449,8424600
2019-04-17,86.239998,86.419998,84.550003,84.730003,68.999084,9388300
2019-04-18,84.540001,84.639999,82.769997,84.220001,68.583794,6798000
2019-04-22,83.760002,84.690002,83.650002,84.150002,68.526779,3878400
2019-04-23,84.470001,85.779999,84.400002,85.099998,69.3004,6415800
2019-04-24,84.889999,86.269997,84.360001,85.639999,69.740128,4389200
2019-04-25,85.75,86.940002,85.360001,86.860001,70.733612,5928200
2019-04-26,87.25,87.489998,86.739998,87.349998,71.132668,3435200
2019-04-29,87.230003,87.650002,86.919998,87.440002,71.205963,4069000
2019-04-30,87.610001,89.099998,87.400002,88.809998,72.321587,7380700
2019-05-01,88.82,89.080002,87.410004,88.309998,71.914429,4685200
2019-05-02,88.290001,89.169998,88.029999,89.139999,72.590332,4761900
2019-05-03,89.550003,89.860001,89.129997,89.580002,72.948631,3705100
2019-05-06,88.5,90.349998,88.239998,90.150002,73.412811,5504700
2019-05-07,89.75,90.300003,88.739998,89.269997,72.696205,6455600
2019-05-08,89.019997,89.470001,88.790001,89.0,72.476311,4556400
2019-05-09,88.339996,88.339996,86.690002,88.139999,71.77597,6844200
2019-05-10,87.529999,88.650002,86.089996,88.330002,71.930702,4239900
2019-05-13,87.260002,87.57,86.620003,87.330002,71.116356,3823500
2019-05-14,87.449997,88.309998,87.309998,87.660004,71.385094,3194600
2019-05-15,87.230003,88.610001,86.760002,88.269997,71.881836,3696200
2019-05-16,88.669998,89.260002,88.07,88.110001,71.751564,5013100
2019-05-17,87.220001,88.580002,87.150002,87.730003,71.442116,4735800
2019-05-20,87.510002,88.0,86.889999,87.57,71.311806,4677400
2019-05-21,88.019997,88.690002,87.709999,87.769997,71.474678,6403400
2019-05-22,87.720001,89.120003,87.419998,88.760002,72.280869,7391300
2019-05-23,91.080002,91.790001,90.120003,91.639999,74.626183,12993200
2019-05-24,92.400002,93.919998,92.010002,93.029999,75.758118,7341200
2019-05-28,92.889999,93.5,91.25,91.309998,74.35743,8852200
2019-05-29,91.18,91.779999,90.25,91.519997,74.528435,5830300
2019-05-30,91.870003,93.370003,91.580002,92.580002,75.391678,4400700
2019-05-31,92.120003,92.93,91.830002,92.580002,75.391678,5949900
2019-06-03,92.779999,94.0,92.360001,93.330002,76.002419,8489100
2019-06-04,94.0,94.720001,93.379997,94.410004,76.88192,6871300
2019-06-05,95.699997,96.860001,95.0,96.550003,78.624596,7867800
2019-06-06,96.510002,97.230003,95.699997,96.5,78.58387,6495100
2019-06-07,96.940002,97.470001,96.889999,97.110001,79.080627,4848500
2019-06-10,97.029999,97.830002,96.82,97.75,79.601799,3975900
2019-06-11,98.0,98.739998,97.139999,97.559998,79.447083,3621500
2019-06-12,97.529999,97.980003,97.190002,97.529999,79.42263,3108800
2019-06-13,97.5,97.769997,96.980003,97.5,79.398224,4281400
2019-06-14,97.599998,98.160004,97.370003,97.5,79.398224,3056900
2019-06-17,97.510002,97.739998,97.050003,97.32,79.25164,2749500
2019-06-18,97.82,98.389999,97.449997,97.959999,79.772812,3654000
2019-06-19,97.629997,99.059998,97.589996,98.75,80.416145,4307100
2019-06-20,99.309998,99.900002,98.449997,99.260002,80.831467,4887200
2019-06-21,99.209999,99.769997,98.440002,99.379997,80.929153,7027600
2019-06-24,99.290001,99.870003,98.900002,99.160004,80.750023,4037900
2019-06-25,99.150002,99.699997,98.839996,98.900002,80.538307,4416100
2019-06-26,98.459999,98.489998,96.849998,97.220001,79.170197,4315000
2019-06-27,97.839996,98.050003,96.519997,97.480003,79.381943,7428000
2019-06-28,97.900002,97.980003,96.879997,97.389999,79.308632,5539400
2019-07-01,98.290001,98.559998,97.379997,98.099998,79.886818,3326900
2019-07-02,98.099998,98.599998,97.650002,98.050003,79.8461,3380300
2019-07-03,98.059998,98.809998,97.870003,98.809998,80.465019,2326000
2019-07-05,97.910004,98.349998,97.440002,98.110001,80.334,2319800
2019-07-08,98.160004,98.389999,97.5,98.019997,80.260307,4384800
2019-07-09,98.400002,99.110001,98.120003,98.440002,80.604202,5665300
2019-07-10,98.5,98.949997,98.010002,98.849998,80.939911,3482100
2019-07-11,99.599998,100.0,98.949997,100.0,81.881561,3981500
2019-07-12,99.870003,100.0,98.459999,99.25,81.267418,3545600
2019-07-15,99.290001,99.870003,98.959999,99.82,81.734161,3075700
2019-07-16,99.980003,100.260002,99.540001,99.870003,81.775108,3632800
2019-07-17,100.269997,101.32,99.849998,100.919998,82.634865,5579100
2019-07-18,100.599998,101.839996,100.589996,101.339996,82.97876,3922900
2019-07-19,102.080002,102.739998,100.790001,100.800003,82.536621,5292400
2019-07-22,101.120003,101.860001,100.959999,101.239998,82.896889,3061400
2019-07-23,101.559998,101.949997,101.110001,101.610001,83.19986,3304500
2019-07-24,101.849998,102.370003,101.279999,102.330002,83.789406,3429900
2019-07-25,102.089996,102.260002,101.480003,102.089996,83.592865,3007500
2019-07-26,102.5,103.290001,101.900002,102.550003,83.969521,3515600
2019-07-29,102.57,103.459999,102.199997,103.260002,84.550911,3131300
2019-07-30,102.970001,103.870003,102.510002,103.75,84.952103,3892300
2019-07-31,103.529999,103.949997,101.239998,101.940002,83.470062,6937100
2019-08-01,101.860001,103.709999,101.550003,102.370003,83.822159,4287800
2019-08-02,102.019997,102.760002,101.449997,102.330002,83.789406,3632200
2019-08-05,100.309998,101.519997,98.43,99.510002,81.480331,4598700
2019-08-06,100.0,101.290001,99.339996,101.239998,82.896889,4786400
2019-08-07,100.360001,101.839996,99.129997,101.389999,83.019691,3954100
2019-08-08,101.529999,102.599998,100.93,102.279999,83.748436,4951200
2019-08-09,101.879997,102.989998,101.459999,101.669998,83.248962,6602100
2019-08-12,101.669998,102.010002,100.660004,101.0,82.700363,2668900
2019-08-13,101.269997,102.699997,101.0,102.400002,83.846725,3687500
2019-08-14,101.5,102.260002,100.809998,100.93,82.643059,4715100
2019-08-15,100.790001,102.120003,100.629997,101.75,83.314484,4366000
2019-08-16,102.510002,103.040001,101.919998,102.760002,84.141479,4758100
2019-08-19,103.5,104.43,103.019997,104.18,85.304184,6106800
2019-08-20,107.980003,109.699997,106.739998,106.910004,87.539581,11295400
2019-08-21,106.610001,108.010002,106.470001,107.790001,88.260117,6549300
2019-08-22,108.0,108.309998,107.230003,107.830002,88.292892,4402600
2019-08-23,107.660004,108.029999,105.550003,106.050003,86.835373,5316000
2019-08-26,106.610001,106.959999,106.169998,106.889999,87.523193,3092600
2019-08-27,106.970001,107.830002,106.949997,107.540001,88.05542,4429500
2019-08-28,106.980003,108.459999,106.970001,108.0,88.432076,3924300
2019-08-29,108.440002,108.699997,107.300003,107.800003,88.268333,3992900
2019-08-30,108.43,108.449997,107.32,107.889999,88.342003,3776500
2019-09-03,107.239998,107.650002,106.790001,107.470001,87.998093,4360100
2019-09-04,107.889999,108.099998,107.160004,107.660004,88.153694,4320900
2019-09-05,108.760002,108.760002,107.230003,107.720001,88.202789,4148200
2019-09-06,107.870003,108.75,107.419998,108.690002,88.997055,4484900
2019-09-09,108.800003,109.25,107.550003,107.93,88.374763,4652700
2019-09-10,107.220001,107.580002,106.080002,107.480003,88.006302,5063900
2019-09-11,108.199997,109.370003,107.5,108.629997,88.947929,6209100
2019-09-12,109.5,111.239998,109.389999,110.379997,90.380859,5203200
2019-09-13,110.0,110.480003,109.300003,109.669998,89.799484,6828600
2019-09-16,109.5,109.790001,108.830002,109.050003,89.291847,3402100
2019-09-17,109.050003,110.029999,108.959999,109.339996,89.529289,4290900
2019-09-18,109.5,110.32,108.870003,110.0,90.069672,5486000
2019-09-19,110.330002,111.730003,110.129997,111.010002,90.896721,3646400
2019-09-20,111.459999,111.599998,110.650002,111.18,91.035912,7342900
2019-09-23,110.790001,111.379997,110.699997,110.839996,90.757523,3268200
2019-09-24,111.139999,112.050003,109.480003,109.760002,89.873184,6023400
2019-09-25,109.540001,109.760002,106.730003,107.620003,88.120911,6715100
2019-09-26,107.940002,107.980003,106.279999,107.400002,88.38427,4042500
2019-09-27,107.900002,108.519997,106.5,107.32,88.318443,3111800
2019-09-30,107.610001,109.059998,107.459999,108.620003,89.388252,3627500
2019-10-01,108.839996,109.699997,108.050003,108.220001,89.059082,3539600
2019-10-02,108.120003,108.449997,105.239998,105.940002,87.182762,4413800
2019-10-03,105.870003,107.260002,105.199997,106.93,87.997482,2955200
2019-10-04,107.540001,108.650002,107.379997,108.559998,89.338898,3421500
2019-10-07,107.919998,108.360001,107.169998,107.260002,88.269051,3991000
2019-10-08,106.5,106.739998,105.0,105.010002,86.417419,4633800
2019-10-09,105.800003,107.019997,105.449997,106.75,87.849358,2901200
2019-10-10,105.870003,107.610001,105.779999,107.419998,88.400734,2797200
2019-10-11,108.519997,108.739998,107.440002,107.580002,88.53241,3652800
2019-10-14,107.940002,108.209999,107.309998,107.57,88.524193,1906900
2019-10-15,108.110001,108.480003,107.529999,108.190002,89.034409,2720500
2019-10-16,108.169998,108.739998,107.419998,108.5,89.289513,2986200
2019-10-17,108.629997,108.980003,108.089996,108.510002,89.297752,2332700
2019-10-18,108.470001,108.910004,107.959999,108.120003,88.976799,3155100
2019-10-21,108.449997,108.610001,106.459999,106.620003,87.742378,4169000
2019-10-22,106.93,107.410004,104.279999,104.489998,85.989494,6141000
2019-10-23,105.379997,106.07,104.809998,105.220001,86.59024,4543500
2019-10-24,105.730003,106.190002,104.449997,105.290001,86.647858,3482500
2019-10-25,105.589996,105.699997,104.639999,105.440002,86.771324,2671900
2019-10-28,105.449997,106.339996,105.110001,106.220001,87.413185,2651100
2019-10-29,105.919998,107.919998,105.599998,107.550003,88.507713,3587000
2019-10-30,107.550003,108.739998,106.910004,108.550003,89.330658,3065100
2019-10-31,108.389999,109.25,107.720001,108.900002,89.618675,3999200
2019-11-01,109.199997,110.199997,108.410004,108.57,89.347122,3844200
2019-11-04,109.0,109.0,106.970001,107.150002,88.178528,3524800
2019-11-05,106.940002,106.959999,104.860001,105.529999,86.84536,4135700
2019-11-06,105.760002,107.279999,105.529999,106.870003,87.948112,3654000
2019-11-07,107.349998,107.480003,106.019997,106.800003,87.890511,2630200
2019-11-08,107.120003,107.589996,106.660004,107.029999,88.079758,2312800
2019-11-11,107.720001,108.739998,107.059998,107.959999,88.8451,3090400
2019-11-12,108.519997,108.989998,108.129997,108.629997,89.396492,2413500
2019-11-13,108.699997,109.25,108.339996,109.010002,89.709213,2230800
2019-11-14,109.949997,109.989998,108.239998,109.209999,89.873802,3400600
2019-11-15,109.940002,112.150002,109.900002,112.059998,92.219208,6223500
2019-11-18,113.279999,114.459999,111.129997,111.25,91.552605,7547200
2019-11-19,112.489998,112.559998,109.489998,111.07,91.404472,7542100
2019-11-20,111.410004,112.989998,111.239998,111.790001,91.996994,6029500
2019-11-21,111.57,112.269997,109.669998,110.489998,90.927147,7026200
2019-11-22,110.849998,111.459999,110.650002,110.82,91.198723,5567600
2019-11-25,111.230003,111.860001,110.669998,111.779999,91.988739,5652600
2019-11-26,112.0,112.150002,110.830002,111.330002,91.618439,9385400
2019-11-27,111.379997,112.709999,111.230003,112.470001,92.556587,3367200
2019-11-29,112.239998,112.379997,110.900002,111.389999,91.667801,2786600
2019-12-02,111.199997,111.620003,109.690002,110.910004,91.272797,3429800
2019-12-03,110.050003,111.529999,110.010002,110.989998,91.338631,3573500
2019-12-04,111.150002,112.139999,110.989998,111.940002,92.12043,3003400
2019-12-05,111.940002,112.309998,111.220001,112.199997,92.334412,3205700
2019-12-06,112.5,113.620003,112.080002,113.089996,93.066811,3623000
2019-12-09,112.830002,112.980003,111.010002,111.129997,91.453842,3403400
2019-12-10,111.360001,111.889999,110.900002,111.040001,91.379799,3850700
2019-12-11,111.540001,111.839996,111.169998,111.720001,91.939392,2897200
2019-12-12,111.43,113.080002,111.220001,112.379997,92.482544,3741400
2019-12-13,112.059998,113.889999,111.839996,113.519997,93.420692,4180300
2019-12-16,114.07,114.970001,114.010002,114.540001,94.260078,4304000
2019-12-17,114.970001,115.650002,114.139999,114.349998,94.103745,3864300
2019-12-18,114.110001,114.550003,113.699997,113.800003,93.651123,4895100
2019-12-19,113.900002,114.300003,112.769997,113.489998,93.396004,5116600
2019-12-20,115.25,115.940002,113.360001,113.739998,93.601738,10323900
2019-12-23,113.779999,114.139999,113.389999,113.889999,93.725182,3726500
2019-12-24,114.07,114.300003,113.480003,113.769997,93.626404,1281400
2019-12-26,113.209999,113.339996,112.150002,112.580002,93.088943,2942500
2019-12-27,112.900002,113.589996,112.480003,113.349998,93.725647,2458900
2019-12-30,113.769997,113.889999,112.540001,112.93,93.378365,2112800
2019-12-31,113.0,113.459999,112.199997,113.449997,93.808327,2806400
2020-01-02,114.459999,114.910004,113.099998,114.559998,94.726166,3917000
2020-01-03,113.160004,114.410004,113.050003,113.879997,94.163879,2764600
2020-01-06,113.269997,114.949997,113.099998,114.889999,94.999023,3332000
2020-01-07,114.339996,115.300003,114.139999,114.489998,94.668289,4443800
2020-01-08,115.309998,116.889999,115.25,116.5,96.330269,5482800
2020-01-09,117.050003,118.669998,116.949997,118.389999,97.893082,5120900
2020-01-10,118.709999,118.959999,117.919998,118.639999,98.099777,3180900
2020-01-13,118.309998,118.730003,117.160004,118.010002,97.578865,3367100
2020-01-14,117.379997,117.669998,116.160004,117.040001,96.776817,5694200
2020-01-15,117.169998,118.410004,116.959999,117.330002,97.016594,3683200
2020-01-16,118.120003,119.300003,117.779999,118.860001,98.281677,4019400
2020-01-17,118.949997,119.839996,118.559998,119.029999,98.422264,4906100
2020-01-21,119.0,120.510002,118.809998,120.32,99.488922,5596900
2020-01-22,121.589996,122.150002,120.360001,121.089996,100.125626,4169400
2020-01-23,120.739998,121.290001,119.639999,120.970001,100.026413,4125900
2020-01-24,120.889999,121.029999,118.870003,119.260002,98.61245,3382500
2020-01-27,118.5,120.059998,118.209999,119.230003,98.587654,4192100
2020-01-28,119.209999,120.050003,119.160004,119.18,98.546295,3422700
2020-01-29,119.75,120.150002,118.32,118.370003,97.876534,3019500
2020-01-30,117.43,118.5,116.690002,118.150002,97.694626,5056200
2020-01-31,117.760002,118.150002,115.0,115.440002,95.453827,6067800
2020-02-03,115.949997,118.330002,115.889999,117.989998,97.562317,5618400
2020-02-04,119.449997,120.470001,119.169998,119.989998,99.216072,4000300
2020-02-05,120.629997,121.410004,120.120003,120.620003,99.736984,3811000
2020-02-06,120.629997,121.360001,119.809998,121.300003,100.299263,3763700
2020-02-07,120.629997,120.910004,118.760002,118.949997,98.356125,3946900
2020-02-10,118.32,119.489998,118.209999,119.379997,98.711685,4056800
2020-02-11,119.93,120.18,118.43,118.949997,98.356125,3959300
2020-02-12,118.889999,118.889999,116.290001,116.489998,96.322014,7629200
2020-02-13,115.0,117.510002,114.0,116.830002,96.603157,5639900
2020-02-14,116.849998,117.529999,116.0,117.330002,97.016594,3815600
2020-02-18,114.230003,115.0,111.949997,112.660004,93.155113,12050300
2020-02-19,113.900002,114.940002,113.199997,113.769997,94.072906,5198400
2020-02-20,115.029999,115.410004,113.220001,113.860001,94.147354,4914900
2020-02-21,113.589996,113.860001,112.68,113.279999,93.667778,5493800
2020-02-24,111.900002,112.870003,110.699997,111.349998,92.071907,5334300
2020-02-25,111.599998,111.910004,108.260002,108.529999,89.740158,7074400
2020-02-26,109.43,110.089996,106.029999,106.150002,87.772186,5426300
2020-02-27,104.839996,105.550003,100.940002,100.980003,83.497261,7263500
2020-02-28,98.970001,101.0,96.559998,100.669998,83.240959,11686600
2020-03-02,101.629997,102.879997,99.5,102.620003,84.853333,8358000
2020-03-03,103.190002,104.669998,98.790001,100.400002,83.017677,8371600
2020-03-04,102.550003,103.980003,100.949997,103.589996,85.655418,8935200
2020-03-05,102.779999,102.830002,99.040001,100.18,82.835785,5881600
2020-03-06,97.279999,99.43,96.790001,99.059998,81.909683,6843100
2020-03-09,94.019997,95.470001,91.709999,92.400002,76.40274,9053800
2020-03-10,95.199997,96.370003,91.389999,96.360001,79.677147,9725800
2020-03-11,93.690002,94.580002,90.849998,92.440002,76.435829,7893800
2020-03-12,88.300003,90.400002,83.849998,84.400002,69.787788,11417400
2020-03-13,88.93,89.879997,81.459999,88.82,73.442528,13456400
2020-03-16,80.529999,83.440002,76.300003,77.43,64.024483,10210000
2020-03-17,79.07,81.449997,76.580002,80.209999,66.323196,11584600
2020-03-18,77.0,78.410004,72.129997,74.540001,61.634846,10468300
2020-03-19,78.040001,80.5,73.300003,79.220001,65.504593,11112000
2020-03-20,80.970001,81.660004,75.790001,77.459999,64.049301,11355200
2020-03-23,75.68,77.120003,72.160004,72.919998,60.295322,11494600
2020-03-24,77.370003,82.220001,76.559998,80.349998,66.438965,9955900
2020-03-25,82.0,90.040001,80.620003,86.82,71.788818,16273700
2020-03-26,89.040001,93.769997,89.040001,91.940002,76.498177,12537800
2020-03-27,88.559998,92.410004,88.0,89.889999,74.79248,10665800
2020-03-30,90.75,93.120003,90.5,92.050003,76.589706,8248200
2020-03-31,91.68,92.510002,89.519997,90.18,75.033752,14088100
2020-04-01,87.110001,87.690002,82.980003,84.110001,69.983269,8110000
2020-04-02,82.790001,86.5,81.330002,86.150002,71.680634,7152600
2020-04-03,86.029999,87.489998,84.779999,86.269997,71.780479,5625700
2020-04-06,89.349998,95.0,88.050003,94.089996,78.287056,8952300
2020-04-07,97.260002,101.0,94.32,94.459999,78.594933,7688400
2020-04-08,95.169998,99.839996,94.639999,99.279999,82.605385,7655400
2020-04-09,99.5,102.480003,99.269997,101.029999,84.061462,8079400
2020-04-13,100.230003,100.480003,97.239998,99.519997,82.805077,5355500
2020-04-14,101.220001,101.790001,99.830002,101.199997,84.202888,5013600
2020-04-15,97.360001,98.160004,95.860001,97.32,80.974571,7727300
2020-04-16,98.110001,98.190002,95.470001,95.699997,79.626678,7944400
2020-04-17,97.860001,103.550003,97.839996,103.330002,85.975166,9559900
2020-04-20,102.050003,103.059998,101.519997,101.540001,84.485802,4729700
2020-04-21,99.5,100.68,97.300003,97.610001,81.215874,5472900
2020-04-22,98.57,98.589996,93.720001,96.080002,79.942848,7696500
2020-04-23,96.5,97.440002,95.739998,95.830002,79.73484,5854900
2020-04-24,97.599998,99.529999,96.5,99.300003,82.622032,4631500
2020-04-27,100.029999,101.480003,99.25,100.760002,83.8368,5019000
2020-04-28,102.360001,102.489998,97.82,98.040001,81.573647,4501000
2020-04-29,99.5,100.790001,98.730003,99.139999,82.488907,5393600
2020-04-30,98.129997,99.440002,96.849998,97.629997,81.232529,5497000
2020-05-01,97.0,97.18,94.599998,95.139999,79.160728,4172000
2020-05-04,94.529999,95.699997,93.610001,95.260002,79.260559,4717600
2020-05-05,96.790001,98.919998,96.68,97.900002,81.457161,4200200
2020-05-06,98.309998,98.739998,96.57,96.760002,80.508629,3605900
2020-05-07,98.379997,99.75,97.839996,98.940002,82.322487,4403500
2020-05-08,100.419998,100.650002,98.129997,99.029999,82.397369,4277800
2020-05-11,97.839996,99.309998,96.959999,98.739998,82.156082,3490400
2020-05-12,99.099998,99.260002,95.169998,95.199997,79.210632,4411800
2020-05-13,95.0,95.43,92.980003,93.279999,77.613121,7111000
2020-05-14,92.199997,93.879997,89.650002,93.82,78.062416,6355800
2020-05-15,92.980003,94.230003,92.0,93.889999,78.120674,8591500
2020-05-18,96.82,100.150002,96.550003,98.900002,82.289215,7047500
2020-05-19,99.0,99.879997,96.949997,97.029999,80.733261,4801700
2020-05-20,97.889999,99.190002,96.949997,98.080002,81.606934,4270900
2020-05-21,95.099998,97.300003,94.07,95.410004,79.385384,7021400
2020-05-22,95.519997,95.879997,92.790001,94.720001,78.811264,6518300
2020-05-26,97.580002,98.089996,94.82,97.150002,80.833145,7086300
2020-05-27,97.43,98.139999,94.910004,96.0,79.876274,6163700
2020-05-28,97.519997,99.730003,97.199997,98.139999,81.656845,5444200
2020-05-29,99.099998,99.099998,96.220001,98.580002,82.022949,8956300
2020-06-01,97.730003,98.5,96.910004,97.110001,80.799843,4860000
2020-06-02,97.199997,97.669998,96.470001,97.25,80.916321,8363300
2020-06-03,97.510002,98.040001,96.970001,97.099998,80.791527,7508900
2020-06-04,96.75,97.669998,96.419998,96.989998,80.700005,8785200
2020-06-05,98.75,103.080002,98.07,102.040001,84.901833,10060400
2020-06-08,101.720001,103.230003,100.860001,101.330002,84.311073,6929600
2020-06-09,102.010002,103.059998,99.0,99.110001,82.463928,5622500
2020-06-10,99.209999,99.669998,97.150002,97.550003,81.165947,6098300
2020-06-11,95.849998,95.919998,90.790001,90.870003,75.607903,8829600
2020-06-12,93.849998,95.300003,91.75,93.209999,77.554855,7333400
2020-06-15,91.370003,94.0,90.68,93.620003,77.896004,6026000
2020-06-16,96.5,96.900002,94.629997,95.550003,79.501862,6500100
2020-06-17,95.650002,96.489998,95.0,95.480003,79.443619,5360900
2020-06-18,94.739998,95.57,93.949997,94.43,78.569954,3692600
2020-06-19,96.040001,96.379997,93.339996,93.910004,78.137291,7084200
2020-06-22,93.029999,93.720001,91.690002,93.330002,77.654724,5370200
2020-06-23,94.379997,95.129997,93.290001,93.389999,77.704636,5160200
2020-06-24,92.510002,92.610001,88.870003,88.93,73.993729,10928600
2020-06-25,88.199997,89.080002,87.68,88.860001,74.42086,5671100
2020-06-26,89.0,89.599998,88.190002,88.769997,74.345474,9108200
2020-06-29,89.480003,90.300003,88.459999,90.260002,75.593369,5241600
2020-06-30,90.199997,92.169998,89.010002,91.699997,76.799355,5463800
2020-07-01,91.779999,92.730003,91.459999,92.32,77.318626,4328700
2020-07-02,93.309998,94.419998,92.970001,93.160004,78.022133,3937800
2020-07-06,94.120003,94.82,92.5,93.209999,78.064026,4366400
2020-07-07,92.07,93.089996,91.449997,91.669998,76.774254,4045600
2020-07-08,91.620003,92.010002,90.639999,91.610001,76.724007,3956300
2020-07-09,91.440002,91.790001,89.220001,90.129997,75.484497,4061100
2020-07-10,89.68,90.970001,89.370003,90.809998,76.053978,4933900
2020-07-13,91.309998,94.669998,91.040001,92.769997,77.695496,7442300
2020-07-14,92.739998,94.669998,91.980003,94.650002,79.27002,5421900
2020-07-15,95.610001,98.220001,95.610001,97.160004,81.372162,5644600
2020-07-16,96.599998,96.830002,95.25,95.75,80.191299,4123800
2020-07-17,96.239998,98.959999,96.110001,98.580002,82.561417,5557700
2020-07-20,98.220001,98.309998,95.68,95.730003,80.17453,4081800
2020-07-21,96.519997,98.0,96.209999,96.809998,81.079041,3664500
2020-07-22,96.769997,97.559998,96.389999,97.489998,81.648521,3618000
2020-07-23,97.610001,97.610001,96.18,96.57,80.878044,3652600
2020-07-24,96.43,96.879997,95.800003,96.349998,80.693764,4071900
2020-07-27,96.309998,97.25,95.669998,96.43,80.76078,3701900
2020-07-28,96.169998,97.209999,95.779999,96.349998,80.693764,4325500
2020-07-29,96.830002,99.400002,96.449997,98.720001,82.67868,7020200
2020-07-30,97.209999,97.510002,95.379997,96.470001,80.794281,3830000
2020-07-31,96.419998,96.550003,94.639999,96.480003,80.802658,5155300
2020-08-03,96.940002,97.650002,95.959999,97.330002,81.514542,3708100
2020-08-04,96.900002,97.580002,95.970001,96.290001,80.643517,4241600
2020-08-05,96.809998,97.769997,96.690002,97.019997,81.254921,3201500
2020-08-06,96.82,97.709999,96.309998,96.730003,81.012024,5009000
2020-08-07,96.730003,100.089996,96.599998,100.050003,83.792549,4476900
2020-08-10,100.18,100.550003,99.57,100.379997,84.068924,5096400
2020-08-11,101.699997,102.489998,100.519997,100.720001,84.353706,4464800
2020-08-12,102.099998,102.75,100.970001,102.089996,85.501045,3471800
2020-08-13,101.269997,101.879997,100.290001,101.290001,84.831078,3715000
2020-08-14,101.040001,102.040001,100.330002,100.709999,84.345314,2925700
2020-08-17,102.089996,103.190002,101.510002,101.860001,85.308456,3689600
2020-08-18,102.419998,102.830002,101.459999,101.559998,85.057182,4043900
2020-08-19,101.900002,102.18,100.599998,100.82,84.437439,3353400
2020-08-20,100.190002,100.709999,99.879997,100.279999,83.985168,3350500
2020-08-21,99.970001,100.089996,98.440002,98.730003,82.68705,6734100
2020-08-24,99.82,101.290001,99.379997,100.129997,83.85955,5265400
2020-08-25,104.900002,105.879997,102.25,102.589996,85.919815,9155300
2020-08-26,103.5,104.589996,102.099998,104.080002,87.167717,6126300
2020-08-27,104.449997,107.199997,104.25,106.860001,89.495979,6872500
2020-08-28,106.839996,108.199997,106.010002,107.860001,90.333488,5699400
2020-08-31,107.699997,108.720001,107.150002,107.470001,90.006859,4706200
2020-09-01,106.349998,107.529999,106.139999,107.519997,90.048721,3705100
2020-09-02,107.559998,109.150002,107.139999,108.779999,91.103989,4452200
2020-09-03,108.830002,109.160004,105.349998,106.150002,88.901344,5028100
2020-09-04,106.510002,107.75,104.230003,105.739998,88.557961,5813100
2020-09-08,105.0,105.550003,103.82,104.580002,87.586456,5090900
2020-09-09,105.050003,107.349998,105.010002,106.660004,89.328476,5549200
2020-09-10,106.800003,107.139999,104.43,104.779999,87.753967,3636900
2020-09-11,105.089996,105.489998,103.970001,104.769997,87.745598,2836700
2020-09-14,105.669998,107.639999,105.510002,106.970001,89.588074,4393500
2020-09-15,107.779999,108.690002,107.230003,107.57,90.090614,3293600
2020-09-16,107.949997,108.559998,107.309998,107.489998,90.023605,3723800
2020-09-17,107.239998,107.889999,105.919998,107.809998,90.291626,3541900
2020-09-18,107.82,109.239998,107.089996,107.599998,90.11573,6265900
2020-09-21,105.269997,105.699997,103.089996,104.800003,87.770706,4821300
2020-09-22,104.440002,105.190002,102.900002,104.349998,87.393837,3568700
2020-09-23,104.339996,104.779999,102.919998,102.980003,86.246445,5057800
2020-09-24,101.769997,102.169998,100.32,101.269997,85.294693,5352400
2020-09-25,100.879997,103.650002,100.300003,103.160004,86.886566,3661900
2020-09-28,104.879997,105.389999,103.459999,103.629997,87.282425,3403200
2020-09-29,105.120003,105.239998,102.089996,102.690002,86.490707,4044500
2020-09-30,102.82,104.870003,102.5,103.919998,87.526665,6474400
2020-10-01,103.480003,104.949997,102.019997,102.300003,86.162239,5228200
2020-10-02,101.0,103.110001,101.0,101.959999,85.875832,4116000
2020-10-05,103.199997,104.120003,102.660004,103.709999,87.3498,2551000
2020-10-06,103.690002,105.330002,103.07,103.379997,87.071854,2982500
2020-10-07,104.330002,106.309998,103.919998,105.660004,88.992195,3386000
2020-10-08,110.0,110.0,107.730003,107.800003,90.794594,5617000
2020-10-09,108.5,109.059998,107.970001,108.68,91.535789,2950900
2020-10-12,109.629997,109.940002,108.099998,109.059998,91.855843,2898900
2020-10-13,108.599998,108.959999,106.550003,106.940002,90.070251,3822800
2020-10-14,107.730003,109.559998,107.290001,107.559998,90.592461,3582000
2020-10-15,106.019997,108.220001,105.790001,107.519997,90.558769,3952600
2020-10-16,107.879997,111.040001,107.800003,110.129997,92.757034,6405600
2020-10-19,110.849998,111.580002,108.129997,108.480003,91.367348,5333600
2020-10-20,108.139999,110.43,108.139999,109.150002,91.931641,3879400
2020-10-21,108.860001,110.330002,108.269997,109.230003,91.999023,3566900
2020-10-22,109.360001,112.199997,109.07,111.839996,94.197281,4306800
2020-10-23,111.800003,112.480003,111.150002,111.419998,93.843559,3919000
2020-10-26,110.019997,110.279999,106.43,107.93,90.904083,5763800
2020-10-27,107.599998,108.07,104.900002,105.209999,88.613174,5023200
2020-10-28,103.120003,104.239998,101.459999,102.589996,86.406464,7089600
2020-10-29,102.599998,103.050003,100.889999,101.370003,85.378922,4858200
2020-10-30,101.25,101.5,98.940002,100.57,84.705132,5872300
2020-11-02,102.790001,102.980003,101.150002,102.43,86.271713,5302700
2020-11-03,103.82,105.190002,103.07,103.129997,86.861305,3859200
2020-11-04,104.110001,105.150002,102.120003,102.459999,86.296974,6023200
2020-11-05,104.300003,105.019997,103.419998,104.010002,87.602478,3692600
2020-11-06,104.330002,104.57,103.0,103.559998,87.223465,3924300
2020-11-09,113.129997,116.209999,111.690002,113.220001,95.359604,11674900
2020-11-10,112.809998,114.919998,111.940002,114.559998,96.488205,5441400
2020-11-11,114.620003,114.900002,109.68,110.239998,92.849693,6191700
2020-11-12,109.5,111.029999,108.809998,109.599998,92.310654,3904600
2020-11-13,110.919998,112.690002,110.120003,112.5,94.753174,3627100
2020-11-16,114.120003,114.300003,111.080002,111.620003,94.012009,3690500
2020-11-17,110.540001,110.849998,109.360001,110.139999,92.76548,3589000
2020-11-18,110.129997,110.889999,109.440002,109.470001,92.201172,4393100
2020-11-19,109.68,111.309998,108.599998,111.0,93.489807,4477800
2020-11-20,110.739998,111.019997,109.57,110.160004,92.78231,4380600
2020-11-23,111.760002,112.110001,110.389999,110.970001,93.464539,3507200
2020-11-24,112.129997,115.239998,111.970001,114.059998,96.067093,6673800
2020-11-25,113.760002,114.529999,112.690002,113.309998,95.435402,3266700
2020-11-27,113.739998,114.739998,112.75,114.589996,96.513474,2082100
2020-11-30,114.040001,114.449997,113.059998,113.699997,95.763885,5797300
2020-12-01,114.580002,115.129997,111.919998,112.139999,94.449974,5035500
2020-12-02,112.040001,113.760002,111.110001,113.599998,95.679634,5116800
2020-12-03,113.269997,113.540001,112.110001,112.470001,94.727905,3441400
2020-12-04,112.230003,113.860001,111.699997,113.849998,95.890205,4077900
2020-12-07,113.459999,113.739998,111.919998,112.610001,94.84584,3047800
2020-12-08,112.050003,112.25,110.059998,111.18,93.641403,5768100
2020-12-09,111.540001,113.449997,111.300003,112.949997,95.132187,5574900
2020-12-10,112.870003,113.720001,111.699997,112.68,94.904778,3398300
2020-12-11,111.589996,112.650002,111.489998,112.379997,94.6521,3843400
2020-12-14,113.18,113.75,111.900002,111.970001,94.306793,5414700
2020-12-15,114.330002,115.720001,113.349998,114.889999,96.766159,7534000
2020-12-16,114.769997,116.07,114.019997,114.970001,96.833542,3356600
2020-12-17,115.25,115.739998,114.550003,115.339996,97.145172,2944600
2020-12-18,115.279999,117.510002,114.800003,116.709999,98.299042,10211600
2020-12-21,114.699997,114.959999,112.650002,114.449997,96.876999,4308600
2020-12-22,114.540001,115.940002,114.07,114.629997,97.029373,3953300
2020-12-23,114.879997,115.589996,113.919998,113.940002,96.445328,2373400
2020-12-24,114.080002,114.529999,113.610001,114.029999,96.521492,1025200
2020-12-28,114.879997,115.809998,114.760002,115.129997,97.452599,2286400
2020-12-29,116.0,116.589996,115.349998,115.57,97.825027,2717600
2020-12-30,115.5,116.629997,115.260002,115.639999,97.884285,2055200
2020-12-31,115.75,117.239998,115.480003,117.139999,99.153976,2544100
2021-01-04,117.199997,117.779999,114.440002,116.019997,98.205925,4579200
2021-01-05,116.0,117.639999,115.330002,116.949997,98.993141,3395200
2021-01-06,116.57,119.559998,116.57,118.860001,100.609894,4493900
2021-01-07,118.879997,119.730003,117.959999,118.699997,100.474442,3908900
2021-01-08,118.910004,119.870003,118.389999,119.709999,101.329361,3529900
2021-01-11,118.559998,119.480003,117.580002,118.5,100.305161,3712700
2021-01-12,118.120003,118.300003,116.589996,117.290001,99.280937,3213100
2021-01-13,117.699997,119.709999,117.120003,118.720001,100.491379,4070900
2021-01-14,118.290001,119.269997,117.550003,117.769997,99.687256,4281600
2021-01-15,117.540001,118.300003,116.589996,116.809998,98.874641,5659500
2021-01-19,117.650002,119.0,117.230003,118.309998,100.144325,4508500
2021-01-20,118.559998,119.5,117.959999,119.290001,100.973854,4062500
2021-01-21,118.900002,119.290001,117.110001,117.910004,99.805748,3806000
2021-01-22,117.699997,117.760002,116.559998,116.580002,98.679955,3028300
2021-01-25,116.730003,116.989998,115.82,116.900002,98.950813,3287600
2021-01-26,117.029999,117.540001,116.57,116.75,98.82386,3371600
2021-01-27,115.209999,115.449997,111.129997,111.5,94.379951,6894600
2021-01-28,112.160004,115.860001,112.160004,114.769997,97.147888,4236900
2021-01-29,114.019997,114.019997,111.080002,111.330002,94.236061,7315100
2021-02-01,112.660004,113.220001,110.449997,111.18,94.109085,5905500
2021-02-02,112.910004,115.260002,112.279999,113.949997,96.453773,3865900
2021-02-03,113.669998,113.910004,112.089996,112.629997,95.336441,4602900
2021-02-04,113.129997,117.480003,112.510002,117.0,99.035461,5903500
2021-02-05,118.0,118.900002,117.730003,118.400002,100.220512,4147800
2021-02-08,118.379997,118.769997,117.599998,118.07,99.941185,4780300
2021-02-09,118.360001,119.529999,117.519997,117.879997,99.780373,3624000
2021-02-10,118.589996,119.0,116.949997,117.440002,99.407913,3424000
2021-02-11,117.660004,119.0,117.209999,118.720001,100.491379,3892800
2021-02-12,118.93,119.879997,118.529999,119.739998,101.354767,3005400
2021-02-16,119.739998,120.529999,118.599998,119.68,101.303978,5417900
2021-02-17,118.529999,119.0,117.120003,118.160004,100.017372,3299400
2021-02-18,117.220001,117.739998,115.25,115.389999,97.672668,6044600
2021-02-19,115.610001,116.080002,112.629997,113.330002,95.92897,10331500
2021-02-22,112.769997,116.580002,112.580002,115.75,97.977409,5808400
2021-02-23,117.489998,119.75,116.5,118.0,99.881943,5961400
2021-02-24,118.040001,119.510002,117.769997,118.739998,100.508308,6461900
2021-02-25,118.080002,118.900002,117.019997,117.879997,99.780373,4207900
2021-02-26,118.559998,118.93,116.769997,116.970001,99.010078,5225200
2021-03-01,118.0,119.209999,117.57,117.860001,99.76342,4613400
2021-03-02,118.099998,118.489998,117.120003,117.870003,99.771881,3688200
2021-03-03,117.269997,119.050003,116.800003,117.949997,99.8396,4564100
2021-03-04,118.080002,118.57,114.07,115.269997,97.571098,5052300
2021-03-05,115.709999,118.760002,115.260002,118.260002,100.102013,4636100
2021-03-08,118.25,118.440002,116.610001,116.669998,98.756134,3873900
2021-03-09,117.589996,119.139999,116.910004,117.050003,99.077797,4025400
2021-03-10,118.099998,119.440002,117.269997,118.660004,100.440605,4475200
2021-03-11,119.349998,119.349998,117.599998,118.099998,99.966576,3654700
2021-03-12,117.949997,119.239998,117.860001,118.809998,100.567551,3063400
2021-03-15,119.120003,119.550003,118.169998,119.150002,100.855354,3886200
2021-03-16,119.349998,119.660004,118.300003,118.940002,100.677589,3590500
2021-03-17,119.110001,119.639999,118.440002,118.559998,100.355927,4398400
2021-03-18,118.419998,120.25,118.220001,118.830002,100.584473,4269700
2021-03-19,118.660004,118.68,116.379997,116.620003,98.713806,9590600
2021-03-22,116.5,117.769997,115.510002,116.839996,98.90004,4879100
2021-03-23,116.82,117.080002,114.779999,115.029999,97.36795,6830800
2021-03-24,115.150002,117.099998,115.110001,115.959999,98.155151,4206200
2021-03-25,115.889999,116.879997,114.779999,116.580002,99.176033,3944400
2021-03-26,116.660004,118.809998,116.010002,118.559998,100.860405,5802900
2021-03-29,117.639999,119.660004,117.019997,119.160004,101.370857,4285400
2021-03-30,118.519997,119.330002,118.18,118.830002,101.090096,4489600
2021-03-31,119.279999,119.440002,118.07,118.129997,100.494614,5711800
2021-04-01,118.440002,118.779999,117.620003,118.190002,100.545654,6020900
2021-04-05,118.830002,120.309998,118.489998,120.25,102.298111,4984400
2021-04-06,119.889999,121.809998,119.650002,121.150002,103.063766,5128200
2021-04-07,121.0,122.050003,119.959999,120.629997,102.621384,4299600
2021-04-08,121.290001,121.559998,120.589996,120.650002,102.638405,3393800
2021-04-09,120.900002,122.0,120.660004,122.0,103.786865,3918700
2021-04-12,121.75,122.260002,121.150002,121.790001,103.608215,4361400
2021-04-13,121.440002,123.910004,121.260002,123.629997,105.173531,6238700
2021-04-14,123.599998,124.860001,123.529999,123.900002,105.403244,5845000
2021-04-15,124.010002,126.139999,124.010002,125.849998,107.062111,5605300
2021-04-16,126.830002,126.830002,125.080002,125.910004,107.113174,4509800
2021-04-19,125.360001,126.290001,125.099998,126.129997,107.300293,4172200
2021-04-20,125.910004,128.419998,125.790001,128.279999,109.129333,5411000
2021-04-21,128.809998,131.380005,128.360001,130.25,110.805237,6046000
2021-04-22,130.070007,130.910004,129.330002,129.850006,110.464958,3623300
2021-04-23,129.889999,131.789993,129.509995,131.199997,111.613419,3801200
2021-04-26,131.419998,131.490005,130.020004,130.119995,110.694633,2793900
2021-04-27,129.369995,130.389999,128.899994,129.970001,110.567055,3279100
2021-04-28,130.259995,131.619995,130.0,131.199997,111.613419,3875100
2021-04-29,132.080002,132.300003,130.910004,131.5,111.868645,4239100
2021-04-30,130.669998,131.210007,129.779999,130.919998,111.375214,4866200
2021-05-03,131.759995,131.910004,130.899994,131.199997,111.613419,3109800
2021-05-04,130.869995,130.990005,128.070007,128.5,109.316505,6659000
2021-05-05,128.360001,128.449997,126.410004,127.0,108.040413,7670900
2021-05-06,126.739998,127.5,125.82,127.300003,108.295639,4449500
2021-05-07,127.449997,128.440002,126.519997,126.699997,107.78521,3871100
2021-05-10,127.0,128.039993,126.830002,126.900002,107.955353,3866400
2021-05-11,126.300003,126.739998,124.440002,125.220001,106.526154,3501400
2021-05-12,124.389999,124.900002,122.860001,123.120003,104.739662,4796300
2021-05-13,123.379997,124.989998,123.309998,124.190002,105.64994,3261800
2021-05-14,124.790001,125.639999,124.57,125.269997,106.568695,3687600
2021-05-17,125.449997,126.129997,125.059998,125.529999,106.789894,3008000
2021-05-18,125.480003,127.139999,125.480003,125.849998,107.062111,4232700
2021-05-19,125.099998,125.889999,124.400002,125.669998,106.908981,4608900
2021-05-20,125.449997,127.279999,125.309998,126.699997,107.78521,3385000
2021-05-21,127.300003,128.570007,127.160004,127.290001,108.287125,3647600
2021-05-24,128.089996,128.669998,127.699997,128.100006,108.976219,3826900
2021-05-25,128.550003,129.149994,128.070007,128.399994,109.231415,3854900
2021-05-26,127.519997,128.240005,125.309998,126.269997,107.419395,6450200
2021-05-27,124.559998,127.610001,124.0,125.150002,106.466621,9866400
2021-05-28,126.650002,128.039993,126.370003,126.589996,107.691635,5530000
2021-06-01,128.070007,128.119995,124.690002,124.790001,106.160355,5643900
2021-06-02,124.639999,124.989998,123.480003,123.800003,105.318161,6011200
2021-06-03,123.370003,123.629997,122.279999,123.07,104.697128,4763000
2021-06-04,123.620003,124.389999,123.239998,123.849998,105.36068,4037300
2021-06-07,124.389999,125.139999,123.879997,123.959999,105.454262,5765700
2021-06-08,124.629997,124.75,120.529999,121.800003,103.61673,6380300
2021-06-09,122.18,123.230003,121.980003,123.110001,104.731148,3880100
2021-06-10,124.010002,124.93,123.669998,124.739998,106.117813,3514200
2021-06-11,124.879997,124.900002,123.169998,123.779999,105.30114,6245200
2021-06-14,124.32,124.32,122.959999,124.150002,105.615906,3434900
2021-06-15,124.470001,125.360001,123.949997,125.169998,106.483627,4381800
2021-06-16,125.260002,125.540001,124.089996,125.019997,106.355995,4678100
2021-06-17,124.379997,125.389999,124.050003,125.209999,106.517662,3837400
2021-06-18,123.589996,124.360001,123.190002,123.230003,104.83326,5820600
2021-06-21,123.5,125.82,123.32,125.540001,106.798401,4623500
2021-06-22,126.339996,127.120003,125.68,126.730003,107.810738,3923800
2021-06-23,126.739998,126.919998,125.440002,125.489998,106.755844,3575100
2021-06-24,125.610001,125.800003,125.059998,125.089996,106.952499,3690100
2021-06-25,125.25,125.660004,124.5,124.93,106.815697,4182600
2021-06-28,125.290001,125.419998,122.989998,123.739998,105.798241,4552600
2021-06-29,123.949997,124.68,123.800003,124.540001,106.482246,3922500
2021-06-30,124.370003,124.889999,123.599998,124.129997,106.131706,3704000
2021-07-01,124.459999,126.190002,124.010002,126.129997,107.84169,3182400
2021-07-02,125.82,126.860001,125.639999,126.830002,108.440216,3478900
2021-07-06,126.809998,127.059998,125.610001,126.970001,108.559921,3066300
2021-07-07,127.0,127.82,126.489998,127.739998,109.218269,3216100
2021-07-08,127.57,127.650002,125.75,127.440002,108.961769,3815300
2021-07-09,127.889999,128.610001,127.660004,128.169998,109.585922,3750600
2021-07-12,128.199997,128.740005,127.75,128.199997,109.611572,3165000
2021-07-13,127.57,128.050003,126.839996,127.400002,108.927567,3214700
2021-07-14,128.050003,128.070007,127.040001,127.739998,109.218269,3049700
2021-07-15,126.459999,126.889999,124.989998,125.360001,107.183342,5115400
2021-07-16,125.650002,126.160004,125.050003,125.800003,107.55957,3646400
2021-07-19,124.830002,125.139999,121.93,122.75,104.95179,4678700
2021-07-20,122.760002,126.120003,122.760002,125.510002,107.311607,5137300
2021-07-21,126.660004,127.18,126.019997,127.050003,108.628311,3386000
2021-07-22,127.349998,127.730003,126.230003,127.110001,108.679604,2342200
2021-07-23,127.57,128.789993,127.57,128.539993,109.902252,2985400
2021-07-26,128.289993,128.690002,127.050003,128.070007,109.500435,2402200
2021-07-27,127.809998,130.940002,127.660004,130.220001,111.338676,4151700
2021-07-28,130.220001,131.139999,129.720001,130.520004,111.595192,4317200
2021-07-29,130.940002,131.240005,129.5,130.679993,111.731987,3195600
2021-07-30,130.539993,131.710007,130.350006,131.309998,112.270622,2740000
2021-08-02,131.559998,132.389999,131.100006,131.259995,112.227882,3401100
2021-08-03,131.149994,131.539993,130.479996,131.460007,112.398888,3208500
2021-08-04,130.630005,130.970001,128.289993,128.380005,109.765472,4045100
2021-08-05,128.509995,128.639999,127.120003,128.020004,109.457695,3711900
2021-08-06,128.520004,128.789993,127.620003,128.639999,109.987762,2414500
2021-08-09,128.669998,129.330002,126.68,126.919998,108.517159,3411500
2021-08-10,126.82,127.239998,123.940002,125.300003,107.132065,4123800
2021-08-11,126.0,126.410004,125.5,126.040001,107.764763,3403700
2021-08-12,126.25,127.889999,126.080002,127.519997,109.030159,2689300
2021-08-13,127.839996,128.369995,127.239998,128.339996,109.731262,2552500
2021-08-16,128.449997,129.660004,128.029999,129.589996,110.800018,3233800
2021-08-17,129.449997,130.779999,129.0,130.759995,111.800362,3410300
2021-08-18,130.800003,131.169998,129.259995,129.330002,110.577728,4050300
2021-08-19,128.580002,129.410004,128.009995,128.929993,110.235718,4016600
2021-08-20,128.830002,130.029999,128.210007,129.899994,111.065071,4496500
2021-08-23,130.160004,130.199997,127.589996,128.479996,109.85096,5028300
2021-08-24,128.779999,134.729996,128.589996,132.570007,113.347946,10319200
2021-08-25,132.669998,135.199997,132.199997,134.550003,115.040855,6483800
2021-08-26,134.649994,134.649994,132.789993,133.369995,114.031944,4448100
2021-08-27,133.729996,134.059998,133.070007,133.809998,114.408142,3801400
2021-08-30,134.179993,134.580002,133.5,133.839996,114.433792,3550300
2021-08-31,133.960007,134.789993,133.029999,133.479996,114.125992,4769900
2021-09-01,134.169998,134.270004,132.770004,134.169998,114.71595,2422400
2021-09-02,135.0,135.669998,134.240005,134.729996,115.194748,4963700
2021-09-03,134.660004,135.130005,134.199997,134.630005,115.109245,2298400
2021-09-07,133.869995,134.660004,132.949997,134.570007,115.057938,3214000
2021-09-08,134.419998,135.679993,133.850006,135.169998,115.57093,2175400
2021-09-09,135.179993,135.889999,133.360001,133.429993,114.083229,3445300
2021-09-10,133.770004,133.970001,130.619995,131.139999,112.12529,4278700
2021-09-13,132.149994,132.190002,128.759995,130.039993,111.184769,4703200
2021-09-14,130.800003,131.210007,129.789993,130.580002,111.646469,3333600
2021-09-15,130.830002,132.580002,130.009995,131.649994,112.56134,3303800
2021-09-16,131.660004,132.339996,130.160004,130.919998,111.937172,3049500
2021-09-17,130.360001,130.830002,129.169998,129.699997,110.894081,6832800
2021-09-20,128.289993,129.289993,127.510002,128.729996,110.064713,3385100
2021-09-21,129.710007,130.050003,127.760002,127.839996,109.303764,2999300
2021-09-22,128.789993,129.699997,128.169998,128.910004,110.21862,3479800
2021-09-23,128.559998,131.139999,128.470001,130.639999,112.246353,3890600
2021-09-24,130.279999,131.309998,129.630005,130.020004,111.713631,2801300
2021-09-27,129.75,130.070007,128.300003,128.75,110.622437,2931400
2021-09-28,127.809998,127.940002,125.779999,126.0,108.259628,6100400
2021-09-29,126.349998,127.160004,125.379997,126.580002,108.757973,2693800
2021-09-30,126.580002,127.980003,125.32,125.349998,107.701164,5647000
2021-10-01,126.0,127.940002,125.169998,127.309998,109.385178,4042600
2021-10-04,127.010002,128.559998,124.25,125.050003,107.44339,5125900
2021-10-05,125.699997,127.589996,124.989998,125.800003,108.087807,3853200
2021-10-06,124.889999,126.150002,123.970001,126.089996,108.336967,4005500
2021-10-07,127.089996,128.850006,126.620003,126.830002,108.972778,3135600
2021-10-08,127.0,127.260002,125.059998,125.269997,107.632408,4116300
2021-10-11,124.830002,125.519997,123.480003,123.540001,106.146004,3588300
2021-10-12,123.790001,124.0,122.339996,122.93,105.62188,4298100
2021-10-13,122.830002,123.230003,121.959999,122.57,105.312576,4063500
2021-10-14,123.449997,125.129997,123.269997,124.800003,107.2286,4658000
2021-10-15,126.0,128.320007,125.75,127.75,109.763245,7229900
2021-10-18,123.059998,123.260002,119.5,120.720001,103.723038,10310600
2021-10-19,121.709999,122.769997,121.169998,122.199997,104.994667,5031200
2021-10-20,123.0,123.25,121.360001,121.790001,104.64238,5138800
2021-10-21,121.940002,122.029999,121.330002,121.650002,104.522102,3737300
2021-10-22,121.589996,123.57,121.510002,123.089996,105.759331,3747000
2021-10-25,123.120003,123.610001,122.050003,123.559998,106.163185,4182100
2021-10-26,124.220001,124.800003,123.150002,124.050003,106.584183,3390900
2021-10-27,124.510002,124.690002,122.050003,122.5,105.252426,3610800
2021-10-28,122.300003,123.099998,120.910004,121.269997,104.19561,4242900
2021-10-29,120.589996,120.620003,118.879997,119.860001,102.984131,8118500
2021-11-01,120.139999,121.040001,120.0,120.230003,103.302032,3600400
2021-11-02,120.760002,123.169998,120.150002,121.300003,104.22139,6909700
2021-11-03,121.360001,121.809998,119.949997,121.18,104.118263,4762800
2021-11-04,121.599998,121.769997,119.970001,120.690002,103.697258,3928400
2021-11-05,121.269997,124.629997,120.879997,122.980003,105.664848,6147400
2021-11-08,123.029999,123.959999,122.339996,123.019997,105.699188,4183900
2021-11-09,123.099998,123.870003,122.050003,122.290001,105.071991,3150700
2021-11-10,122.089996,122.93,121.610001,122.410004,105.175095,3225700
2021-11-11,122.389999,122.550003,118.889999,119.580002,102.743553,4046900
2021-11-12,120.010002,120.099998,118.290001,119.309998,102.511559,5539500
2021-11-15,119.849998,119.940002,117.459999,117.580002,101.025131,5775200
2021-11-16,117.300003,118.599998,116.709999,117.989998,101.377403,5283500
2021-11-17,117.190002,118.370003,116.629997,117.830002,101.239952,3976700
2021-11-18,117.940002,118.050003,115.589996,117.669998,101.102455,7731800
2021-11-19,117.940002,118.129997,116.730003,117.220001,100.715828,7325000
2021-11-22,117.790001,118.800003,116.760002,116.889999,100.432304,6813100
2021-11-23,112.68,115.610001,111.110001,113.379997,97.416489,11151900
2021-11-24,113.059998,115.279999,112.519997,114.440002,98.327248,5588500
2021-11-26,113.459999,113.510002,110.779999,111.050003,95.414536,5561300
2021-11-29,112.0,112.470001,110.169998,110.279999,94.752975,7026000
2021-11-30,109.57,109.879997,106.589996,106.699997,91.677002,14018500
2021-12-01,108.769997,108.919998,105.379997,105.470001,90.620186,8205200
2021-12-02,105.739998,107.919998,105.019997,107.279999,92.175346,7458800
2021-12-03,107.620003,108.5,105.910004,106.870003,91.823059,6922900
2021-12-06,108.029999,111.230003,107.709999,110.239998,94.71859,7624800
2021-12-07,111.800003,114.440002,111.639999,112.269997,96.462753,9550600
2021-12-08,112.379997,112.900002,111.480003,112.419998,96.591667,5585200
2021-12-09,111.959999,113.489998,111.470001,112.809998,96.926743,6162500
2021-12-10,113.690002,114.150002,111.849998,112.43,96.600243,4342700
2021-12-13,112.300003,113.410004,112.160004,112.860001,96.969704,4750000
2021-12-14,112.269997,113.010002,111.269997,111.690002,95.964439,8183100
2021-12-15,105.610001,105.779999,103.43,104.940002,90.164818,18546500
2021-12-16,103.330002,104.370003,101.230003,102.209999,87.819183,18427400
2021-12-17,100.510002,103.940002,100.260002,100.629997,86.461647,22561600
2021-12-20,99.919998,100.43,98.379997,99.529999,85.516525,12699900
2021-12-21,99.980003,102.75,99.860001,101.650002,87.894386,9610500
2021-12-22,101.650002,101.82,100.910004,101.339996,87.62632,6690600
2021-12-23,102.120003,103.400002,101.18,102.900002,88.975243,7255200
2021-12-27,103.290001,105.25,102.580002,104.43,90.29818,6591300
2021-12-28,104.660004,104.769997,103.949997,104.529999,90.384644,7488200
2021-12-29,104.709999,104.980003,103.93,103.949997,89.883133,3635500
2021-12-30,103.879997,105.580002,103.839996,104.470001,90.332764,3519200
2021-12-31,104.470001,104.879997,103.440002,103.449997,89.45079,3608900
2022-01-03,103.139999,106.330002,102.769997,106.099998,91.74218,7797800
2022-01-04,105.730003,107.489998,105.389999,106.389999,91.992958,7680600
2022-01-05,107.139999,108.989998,106.0,106.010002,91.664375,7206000
2022-01-06,106.290001,106.809998,104.620003,104.970001,90.765106,5207000
2022-01-07,104.0,105.830002,103.860001,105.160004,90.929398,5142200
2022-01-10,104.940002,105.650002,103.620003,105.620003,91.327148,6500500
2022-01-11,106.080002,108.07,106.0,107.889999,93.289948,7217100
2022-01-12,107.709999,109.230003,107.5,108.949997,94.206512,8421600
2022-01-13,108.730003,110.599998,108.449997,108.779999,94.059517,5165400
2022-01-14,108.089996,108.849998,107.239998,108.550003,93.860649,6291500
2022-01-18,107.010002,108.209999,106.32,107.489998,92.944092,8019400
2022-01-19,107.389999,109.089996,106.949997,107.760002,93.177574,7278600
2022-01-20,106.660004,108.940002,105.970001,106.110001,91.750816,6110400
2022-01-21,107.349998,107.419998,104.470001,105.599998,91.309868,6406200
2022-01-24,103.610001,104.830002,100.68,104.209999,90.107971,10286900
2022-01-25,102.650002,104.660004,101.269997,104.169998,90.073372,8577400
2022-01-26,104.620003,105.839996,103.25,104.089996,90.004173,6568200
2022-01-27,105.089996,105.959999,102.82,103.18,89.217354,5979300
2022-01-28,103.449997,103.940002,101.209999,103.129997,89.174088,8459400
2022-01-31,103.0,103.589996,101.809998,103.489998,89.485382,9255000
2022-02-01,103.690002,104.190002,102.5,103.589996,89.571861,8114900
2022-02-02,102.989998,103.489998,101.400002,103.370003,89.381638,10230100
2022-02-03,102.120003,102.93,101.300003,102.169998,88.344025,7134200
2022-02-04,101.620003,103.540001,101.57,102.730003,88.828247,4526800
2022-02-07,102.650002,103.239998,101.809998,101.989998,88.188385,5258400
2022-02-08,102.510002,104.599998,102.019997,104.209999,90.107971,5775500
2022-02-09,104.800003,106.300003,104.800003,106.089996,91.733551,7087600
2022-02-10,105.529999,106.769997,104.540001,104.879997,90.687294,6516700
2022-02-11,104.690002,105.830002,102.629997,102.989998,89.053032,5859000
2022-02-14,103.239998,103.389999,101.690002,102.309998,88.465057,7079900
2022-02-15,103.370003,104.800003,103.010002,103.910004,89.848557,5325500
2022-02-16,103.07,103.519997,101.610001,103.150002,89.191391,7499400
2022-02-17,102.25,103.0,101.389999,101.699997,87.937614,5551600
2022-02-18,101.5,102.019997,100.290001,100.580002,86.969193,8364700
2022-02-22,100.449997,104.68,100.300003,103.720001,89.684273,9609800
2022-02-23,104.239998,104.5,102.550003,103.029999,89.087631,6454100
2022-02-24,100.970001,103.489998,100.07,103.330002,89.347038,7617300
2022-02-25,103.629997,105.910004,103.040001,105.839996,91.517372,6969200
2022-02-28,104.330002,105.440002,103.599998,104.989998,90.78241,5780600
2022-03-01,104.599998,105.120003,102.82,103.660004,89.632378,4543400
2022-03-02,105.089996,106.980003,104.830002,106.379997,91.984314,5919300
2022-03-03,107.010002,108.489998,106.349998,107.650002,93.082458,6480000
2022-03-04,106.040001,108.540001,105.919998,108.309998,93.653122,5186200
2022-03-07,107.75,108.139999,106.440002,106.639999,92.209099,6556600
2022-03-08,106.32,106.980003,104.040001,104.089996,90.004173,7482700
2022-03-09,106.040001,106.669998,103.349998,103.580002,89.563225,9962000
2022-03-10,102.82,104.639999,102.400002,104.459999,90.324127,5146900
2022-03-11,105.410004,106.050003,103.599998,103.82,89.770737,5149800
2022-03-14,104.470001,105.07,102.839996,103.220001,89.251923,4175500
2022-03-15,103.970001,105.550003,103.739998,105.400002,91.136917,5017900
2022-03-16,105.970001,107.379997,105.400002,107.300003,92.7798,5255000
2022-03-17,107.0,109.790001,106.660004,109.739998,94.889633,5693400
2022-03-18,109.730003,110.389999,108.480003,110.18,95.27005,16292800
2022-03-21,109.040001,110.599998,108.089996,108.75,94.033577,8206100
2022-03-22,109.019997,109.550003,108.769997,108.970001,94.223824,5601800
2022-03-23,108.330002,108.900002,105.709999,106.160004,91.794075,7002600
2022-03-24,106.199997,106.550003,105.18,106.349998,92.507339,5660500
2022-03-25,106.870003,108.480003,106.779999,108.459999,94.342697,5597200
2022-03-28,108.940002,110.010002,108.150002,109.93,95.621361,5688000
2022-03-29,111.0,112.470001,110.690002,112.379997,97.752472,8862200
2022-03-30,111.93,112.519997,111.260002,111.559998,97.0392,4694900
2022-03-31,111.269997,112.489998,110.900002,110.949997,96.508591,6899800
2022-04-01,111.349998,112.660004,110.839996,112.519997,97.874245,4479100
2022-04-04,112.0,112.160004,110.410004,110.879997,96.447708,5099200
2022-04-05,110.550003,111.849998,110.169998,110.5,96.117165,5496100
2022-04-06,109.730003,112.029999,109.0,111.720001,97.178375,5560700
2022-04-07,111.480003,113.120003,110.889999,112.330002,97.708969,6668600
2022-04-08,112.059998,113.110001,111.269997,112.470001,97.83075,5230500
2022-04-11,112.360001,112.739998,111.349998,111.519997,97.004402,3407100
2022-04-12,111.669998,112.220001,110.150002,110.580002,96.18676,4733900
2022-04-13,109.660004,110.68,109.620003,110.459999,96.082397,4791500
2022-04-14,110.830002,111.110001,108.910004,109.019997,94.829811,6665800
2022-04-18,108.529999,109.25,107.540001,108.080002,94.012169,3418000
2022-04-19,108.650002,111.660004,108.489998,110.220001,95.873611,9780300
2022-04-20,110.790001,113.489998,110.790001,113.0,98.291763,5477700
2022-04-21,114.0,114.309998,113.029999,113.089996,98.370049,5859300
2022-04-22,111.75,111.82,107.699997,107.800003,93.768608,6351500
2022-04-25,107.440002,109.669998,106.879997,109.480003,95.22995,5498200
2022-04-26,107.849998,109.419998,106.760002,106.779999,92.881371,5251200
2022-04-27,106.779999,108.25,106.190002,106.629997,92.750885,4757700
2022-04-28,107.279999,107.639999,105.349998,107.150002,93.203209,5063200
2022-04-29,106.629997,106.629997,104.120003,104.360001,90.776367,5206000
2022-05-02,105.169998,105.559998,101.260002,103.139999,89.715149,6104000
2022-05-03,103.43,104.190002,102.660004,103.110001,89.689064,3841500
2022-05-04,103.089996,106.199997,102.480003,105.830002,92.055023,4258100
2022-05-05,104.5,105.669998,103.470001,104.550003,90.94162,3945400
2022-05-06,103.970001,104.830002,102.720001,103.449997,89.98481,5496400
2022-05-09,102.279999,102.32,99.209999,99.580002,86.618538,6593300
2022-05-10,100.779999,101.330002,98.790001,100.309998,87.253502,5638900
2022-05-11,100.459999,102.459999,100.239998,100.650002,87.549263,4113400
2022-05-12,99.959999,101.400002,99.489998,101.110001,87.949387,4434700
2022-05-13,102.360001,103.029999,101.800003,102.669998,89.306328,3525900
2022-05-16,102.0,104.330002,102.0,103.809998,90.297958,3751200
2022-05-17,105.269997,106.330002,104.989998,106.260002,92.429062,3168200
2022-05-18,105.139999,105.900002,103.25,103.57,90.089188,4133800
2022-05-19,102.230003,103.25,101.25,102.75,89.375938,4230400
2022-05-20,103.529999,103.739998,100.419998,102.529999,89.184555,5335800
2022-05-23,103.830002,104.440002,102.5,104.260002,90.689377,4134300
2022-05-24,104.139999,105.730003,103.760002,105.589996,91.846252,4381900
2022-05-25,105.260002,106.059998,104.339996,105.540001,91.802773,5495100
2022-05-26,98.75,101.389999,98.18,99.440002,86.49675,12674300
2022-05-27,99.129997,99.18,96.860001,99.080002,86.183624,13358600
2022-05-31,98.339996,100.620003,98.220001,100.150002,87.114349,11330500
2022-06-01,100.279999,100.32,96.379997,97.779999,85.052818,6493700
2022-06-02,97.860001,98.900002,96.120003,98.5,85.679108,6794700
2022-06-03,98.769997,98.769997,95.379997,95.480003,83.052216,9097000
2022-06-06,96.25,96.860001,95.190002,95.489998,83.060875,5432500
2022-06-07,95.110001,96.550003,94.57,96.470001,83.913338,5929000
2022-06-08,96.279999,96.790001,95.809998,96.040001,83.539299,5665500
2022-06-09,95.0,95.470001,93.169998,93.199997,81.068954,5974800
2022-06-10,91.870003,93.779999,91.010002,92.739998,80.668839,6723500
2022-06-13,90.5,91.800003,89.739998,90.169998,78.433357,8502400
2022-06-14,90.040001,90.309998,87.690002,88.480003,76.963326,7521900
2022-06-15,89.209999,90.339996,88.440002,89.349998,77.720085,5236200
2022-06-16,87.5,88.059998,86.949997,87.400002,76.023911,6729900
2022-06-17,88.269997,89.510002,87.709999,88.220001,76.737152,8299300
2022-06-21,89.650002,89.75,88.110001,88.709999,77.163391,6520400
2022-06-22,88.18,89.889999,88.050003,89.25,77.633095,7458400
2022-06-23,88.370003,89.610001,88.160004,88.669998,77.720749,6823300
2022-06-24,89.349998,90.510002,88.25,90.220001,79.079346,7131800
2022-06-27,90.360001,91.199997,89.879997,90.470001,79.298477,7237200
2022-06-28,90.860001,91.959999,89.120003,89.199997,78.185303,4166900
2022-06-29,89.889999,90.550003,89.07,90.419998,79.254654,4072800
2022-06-30,89.419998,90.82,88.910004,89.75,78.667389,5206500
2022-07-01,89.760002,91.540001,89.059998,91.379997,80.096115,3985100
2022-07-05,90.529999,90.839996,88.809998,90.489998,79.316002,3590400
2022-07-06,90.040001,90.480003,89.099998,89.620003,78.553436,8061900
2022-07-07,89.370003,89.699997,88.699997,89.5,78.448257,5581100
2022-07-08,89.620003,90.410004,89.230003,89.480003,78.430725,3997900
2022-07-11,88.660004,89.32,88.169998,88.949997,77.966171,3345200
2022-07-12,88.800003,89.989998,88.379997,88.690002,77.738274,6200500
2022-07-13,87.660004,88.599998,86.809998,87.910004,77.054588,4244200
2022-07-14,87.080002,87.669998,86.699997,87.510002,76.703987,3843300
2022-07-15,88.809998,89.290001,88.07,89.120003,78.115189,5588000
2022-07-18,89.559998,89.779999,87.709999,87.900002,77.045837,4264700
2022-07-19,88.760002,90.419998,88.760002,90.330002,79.175766,4654800
2022-07-20,90.029999,90.32,88.5,89.230003,78.211609,6264200
2022-07-21,89.669998,90.550003,89.160004,90.260002,79.11441,4607000
2022-07-22,90.550003,91.620003,89.989998,90.720001,79.517624,3466500
2022-07-25,90.980003,91.519997,90.459999,90.75,79.543907,3723200
2022-07-26,91.080002,92.220001,90.709999,91.900002,80.551903,5163000
2022-07-27,92.660004,93.529999,92.5,93.220001,81.708908,5933200
2022-07-28,93.459999,94.050003,92.489998,93.470001,81.92804,4726100
2022-07-29,93.040001,93.449997,92.260002,92.519997,81.095337,6870900
2022-08-01,91.830002,93.279999,91.349998,93.080002,81.586182,4711600
2022-08-02,93.029999,94.139999,92.669998,93.209999,81.700134,4049200
2022-08-03,93.279999,94.139999,92.809998,93.769997,82.190979,3489100
2022-08-04,93.779999,94.150002,92.980003,93.209999,81.700134,3390400
2022-08-05,92.889999,93.379997,92.540001,93.279999,81.761497,3333000
2022-08-08,93.650002,94.389999,93.480003,93.580002,82.024452,3649700
2022-08-09,93.550003,93.970001,92.910004,93.099998,81.603722,2945000
2022-08-10,94.0,94.360001,93.639999,94.169998,82.54158,4369500
2022-08-11,94.739998,94.970001,93.849998,94.040001,82.427643,5907500
2022-08-12,94.050003,94.839996,93.900002,94.82,83.11132,8837500
2022-08-15,94.559998,95.489998,94.099998,95.199997,83.444389,3541500
2022-08-16,94.610001,95.559998,94.610001,95.309998,83.54081,3664500
2022-08-17,94.550003,95.260002,94.279999,94.910004,83.190216,3505400
2022-08-18,95.0,95.339996,94.139999,95.239998,83.479462,3552300
2022-08-19,95.400002,95.599998,94.269997,95.0,83.269089,4761700
2022-08-22,94.389999,94.970001,92.889999,93.089996,81.594955,6859300
2022-08-23,93.099998,93.169998,89.330002,90.220001,79.079346,8490600
2022-08-24,89.470001,89.959999,88.419998,89.279999,78.255432,6853300
2022-08-25,90.0,92.18,89.529999,92.139999,80.762268,6650300
2022-08-26,92.519997,92.93,89.379997,89.43,78.386894,5407500
2022-08-29,89.089996,89.480003,88.669998,88.910004,77.931129,4585100
2022-08-30,89.0,89.040001,87.139999,87.25,76.476105,5442700
2022-08-31,88.290001,89.169998,87.730003,87.919998,77.063347,6743000
2022-09-01,87.730003,88.589996,86.419998,88.529999,77.598045,4861000
2022-09-02,89.330002,89.330002,86.879997,87.199997,76.432266,4507200
2022-09-06,87.199997,87.510002,85.879997,86.199997,75.555756,5778100
2022-09-07,85.970001,87.339996,85.660004,87.110001,76.353401,11559800
2022-09-08,86.800003,88.510002,86.449997,87.889999,77.037064,7034500
2022-09-09,88.190002,90.059998,87.849998,89.730003,78.649849,6756500
2022-09-12,90.480003,92.389999,90.25,92.059998,80.692131,6874400
2022-09-13,90.470001,91.75,90.25,90.32,79.167015,6810700
2022-09-14,89.989998,91.18,89.800003,90.620003,79.429955,7183000
2022-09-15,90.830002,91.900002,90.529999,90.620003,79.429955,5963000
2022-09-16,90.0,90.620003,89.410004,90.25,79.105644,14640700
2022-09-19,89.370003,89.949997,87.809998,89.68,78.606033,5065500
2022-09-20,88.940002,89.019997,87.599998,88.459999,77.536667,5598600
2022-09-21,88.779999,89.199997,85.699997,85.730003,75.143791,5353800
2022-09-22,84.599998,84.919998,83.209999,83.559998,73.827324,6309500
2022-09-23,83.050003,83.120003,81.620003,82.660004,73.032166,5960800
2022-09-26,82.220001,82.589996,80.690002,81.330002,71.857086,7099800
2022-09-27,82.059998,82.389999,80.389999,80.889999,71.46833,5223000
2022-09-28,81.410004,82.919998,80.809998,82.589996,72.970314,6099900
2022-09-29,82.360001,83.139999,81.43,82.269997,72.687584,5311200
2022-09-30,82.599998,83.550003,80.690002,80.75,71.344643,5972900
2022-10-03,81.5,83.239998,81.209999,82.699997,73.067497,5871400
2022-10-04,83.650002,84.860001,83.379997,84.5,74.657852,4872400
2022-10-05,83.690002,85.370003,83.580002,85.050003,75.143799,3890900
2022-10-06,84.75,85.050003,83.830002,84.419998,74.587173,5471400
2022-10-07,83.910004,84.040001,82.010002,82.419998,72.820107,4267900
2022-10-10,82.889999,83.059998,81.559998,81.839996,72.307671,3380600
2022-10-11,82.029999,82.879997,81.0,81.889999,72.35186,5410400
2022-10-12,81.650002,82.019997,80.300003,80.309998,70.955879,6152500
2022-10-13,80.0,84.209999,79.440002,83.5,73.77433,6324000
2022-10-14,84.110001,84.699997,81.339996,81.610001,72.104454,5500100
2022-10-17,82.800003,83.580002,82.339996,82.760002,73.120529,9022200
2022-10-18,84.879997,85.129997,83.5,84.099998,74.304451,6913800
2022-10-19,83.800003,84.169998,82.07,83.660004,73.915695,5470100
2022-10-20,83.709999,84.010002,82.199997,82.449997,72.846603,4043000
2022-10-21,82.25,83.529999,80.989998,83.260002,73.562279,5974500
2022-10-24,84.129997,84.459999,83.07,83.879997,74.110062,6044100
2022-10-25,83.519997,84.699997,83.449997,84.5,74.657852,5142500
2022-10-26,84.889999,86.650002,84.860001,85.370003,75.426521,3986500
2022-10-27,85.550003,86.059998,84.580002,85.57,75.603226,5077300
2022-10-28,85.550003,86.949997,85.309998,86.82,76.707626,5430000
2022-10-31,86.650002,87.68,86.360001,87.339996,77.167068,6549100
2022-11-01,87.459999,88.050003,86.360001,87.739998,77.520477,6683000
2022-11-02,87.480003,88.739998,85.769997,85.779999,75.788773,6015700
2022-11-03,84.82,84.830002,83.519997,84.019997,74.233742,5151400
2022-11-04,84.82,84.889999,83.150002,84.650002,74.790375,5672900
2022-11-07,85.529999,85.839996,84.919998,85.540001,75.576729,5217600
2022-11-08,81.75,82.18,79.720001,80.190002,70.849869,12753700
2022-11-09,80.339996,81.489998,79.190002,79.290001,70.054688,7150100
2022-11-10,82.110001,82.199997,81.040001,81.839996,72.307671,9212300
2022-11-11,82.470001,83.650002,81.940002,83.550003,73.818504,8502200
2022-11-14,83.650002,84.690002,82.760002,82.900002,73.244209,6772100
2022-11-15,83.279999,84.260002,82.489998,83.400002,73.685974,6765800
2022-11-16,82.169998,83.269997,81.629997,81.779999,72.254677,8289500
2022-11-17,81.300003,81.300003,79.370003,79.940002,70.628983,8953000
2022-11-18,79.720001,81.629997,79.510002,81.300003,71.830566,9028200
2022-11-21,81.510002,83.440002,81.389999,82.290001,72.705261,8304200
2022-11-22,78.0,78.279999,76.599998,77.93,68.853096,17129900
2022-11-23,77.510002,79.230003,77.279999,79.019997,69.816132,9873800
2022-11-25,79.32,79.720001,78.75,79.120003,69.904495,4879800
2022-11-28,78.5,79.099998,75.839996,76.129997,67.262726,11012800
2022-11-29,76.400002,77.160004,75.830002,76.480003,67.571983,8177300
2022-11-30,76.870003,79.07,76.050003,79.040001,69.833801,10610600
2022-12-01,79.309998,80.160004,78.919998,79.25,70.019341,7876700
2022-12-02,78.599998,79.699997,78.550003,79.620003,70.346245,6339500
2022-12-05,79.040001,79.419998,78.349998,78.790001,69.61293,8515000
2022-12-06,78.389999,78.75,76.760002,77.080002,68.102104,7228400
2022-12-07,77.330002,77.660004,76.550003,76.910004,67.951889,6089300
2022-12-08,76.5,78.169998,76.470001,77.790001,68.729416,5938700
2022-12-09,77.769997,78.919998,77.300003,78.589996,69.436218,6370200
2022-12-12,79.099998,79.730003,78.769997,79.709999,70.425766,5997100
2022-12-13,80.760002,81.239998,79.82,80.139999,70.805695,11389600
2022-12-14,79.739998,81.190002,78.110001,78.790001,69.61293,9302900
2022-12-15,77.68,78.68,77.150002,77.720001,68.667557,9887600
2022-12-16,77.139999,77.580002,75.769997,76.720001,67.784019,17064400
2022-12-19,76.709999,77.209999,76.290001,77.120003,68.137451,9357600
2022-12-20,76.5,77.089996,76.459999,76.699997,68.369202,8063300
2022-12-21,77.339996,77.970001,76.910004,77.160004,68.779236,6804400
2022-12-22,76.68,77.209999,75.790001,77.139999,68.761406,7458600
2022-12-23,76.949997,77.75,76.459999,77.5,69.082298,3856600
2022-12-27,77.510002,77.900002,76.5,77.639999,69.2071,5336000
2022-12-28,78.050003,78.379997,76.239998,76.300003,68.01265,6053000
2022-12-29,76.57,78.230003,76.269997,77.809998,69.358627,4931600
2022-12-30,77.559998,77.910004,76.860001,77.720001,69.278419,4991300
2023-01-03,77.970001,78.330002,77.379997,78.260002,69.75975,6544500
2023-01-04,79.139999,81.779999,78.800003,80.970001,72.175415,9769500
2023-01-05,80.879997,81.160004,80.0,80.029999,71.337494,7048100
2023-01-06,80.489998,81.230003,79.349998,80.860001,72.077354,5994400
2023-01-09,80.75,81.260002,77.470001,77.540001,69.117966,11108700
2023-01-10,77.870003,79.410004,77.75,78.889999,70.321327,6494500
2023-01-11,79.459999,80.440002,78.139999,80.32,71.596016,8366300
2023-01-12,80.580002,80.68,78.889999,79.849998,71.177071,5738000
2023-01-13,79.169998,80.690002,78.910004,80.589996,71.836678,6024000
2023-01-17,80.580002,80.949997,79.379997,80.349998,71.622749,8383000
2023-01-18,80.269997,80.389999,78.660004,78.730003,70.178703,5792200
2023-01-19,78.379997,80.059998,77.870003,79.519997,70.882912,7831400
2023-01-20,80.050003,80.989998,79.339996,80.910004,72.121925,6806400
2023-01-23,81.019997,82.949997,80.75,82.370003,73.423347,9491500
2023-01-24,81.730003,82.349998,80.5,80.800003,72.02388,7180300
2023-01-25,80.349998,81.360001,80.110001,81.199997,72.380417,4200600
2023-01-26,81.739998,81.879997,81.019997,81.839996,72.950897,4162700
2023-01-27,82.18,83.169998,80.809998,82.580002,73.61055,4858500
2023-01-30,82.760002,82.980003,82.220001,82.580002,73.61055,6559100
2023-01-31,82.75,83.709999,82.580002,83.690002,74.599983,7396100
2023-02-01,84.0,86.089996,83.599998,85.769997,76.454056,8395800
2023-02-02,85.800003,87.849998,85.709999,87.580002,78.067467,6940400
2023-02-03,86.699997,87.540001,86.5,87.099998,77.639587,4949900
2023-02-06,86.830002,86.900002,85.220001,85.239998,75.981613,4731300
2023-02-07,85.5,86.93,85.099998,86.580002,77.176079,5129500
2023-02-08,86.5,87.010002,86.0,86.160004,76.801697,5454500
2023-02-09,86.059998,86.510002,83.400002,83.610001,74.528664,6188000
2023-02-10,83.480003,83.949997,82.800003,83.690002,74.599983,4544000
2023-02-13,83.68,84.410004,83.559998,84.389999,75.223938,4279500
2023-02-14,84.099998,84.5,82.889999,83.400002,74.341476,4527700
2023-02-15,82.839996,84.5,82.510002,84.489998,75.31308,4584800
2023-02-16,83.769997,85.129997,83.68,84.199997,75.054581,4784800
2023-02-17,84.199997,84.93,83.379997,84.800003,75.589401,6825100
2023-02-21,84.230003,86.589996,84.230003,85.489998,76.20446,8135900
2023-02-22,86.220001,86.440002,84.730003,85.099998,75.856819,6083600
2023-02-23,84.809998,85.089996,83.43,83.989998,74.867386,6695000
2023-02-24,83.349998,83.669998,82.349998,83.489998,74.4217,7401500
2023-02-27,83.629997,84.129997,83.25,83.389999,74.332565,6379400
2023-02-28,83.32,83.690002,82.769997,82.800003,73.806648,6657400
2023-03-01,82.400002,82.529999,81.669998,82.080002,73.164848,5249100
2023-03-02,81.489998,82.559998,81.199997,82.260002,73.32531,4985100
2023-03-03,82.790001,83.629997,82.440002,83.410004,74.35038,4771600
2023-03-06,83.489998,83.830002,81.449997,81.93,73.031151,6845500
2023-03-07,82.089996,82.150002,79.510002,79.739998,71.07901,6876300
2023-03-08,79.529999,79.690002,78.040001,78.400002,69.884552,6810100
2023-03-09,78.790001,79.330002,77.980003,78.0,69.528,5634400
2023-03-10,77.870003,78.110001,76.150002,76.720001,68.387024,5901600
2023-03-13,76.220001,78.5,76.019997,77.980003,69.51017,7576000
2023-03-14,79.019997,79.32,77.029999,77.860001,69.403206,6808200
2023-03-15,77.129997,78.459999,76.800003,78.410004,69.893471,5367900
2023-03-16,77.660004,79.400002,77.57,79.269997,70.660065,5774300
2023-03-17,79.07,79.529999,77.879997,78.290001,69.786514,8838600
2023-03-20,78.75,79.769997,78.510002,79.610001,70.96312,7224100
2023-03-21,79.959999,81.410004,79.949997,81.230003,72.407166,5829900
2023-03-22,81.449997,81.980003,79.919998,79.940002,71.257271,5537800
2023-03-23,79.5,79.809998,77.300003,77.57,69.73793,6712400
2023-03-24,77.400002,79.529999,77.300003,79.370003,71.356194,6217000
2023-03-27,80.5,81.309998,79.580002,79.639999,71.598915,5641600
2023-03-28,78.879997,80.300003,78.599998,79.510002,71.48204,5146800
2023-03-29,78.639999,79.349998,78.440002,79.07,71.086464,7074700
2023-03-30,79.699997,79.849998,78.949997,79.18,71.185349,4142000
2023-03-31,79.650002,80.629997,79.239998,80.620003,72.479965,5561400
2023-04-03,80.349998,80.349998,79.050003,79.669998,71.625885,6071900
2023-04-04,79.849998,80.349998,79.400002,79.470001,71.446075,4508900
2023-04-05,79.730003,80.459999,79.07,80.269997,72.165306,4518700
2023-04-06,80.849998,81.330002,80.080002,80.300003,72.192268,4313000
2023-04-10,79.93,80.25,79.209999,80.239998,72.138344,3648200
2023-04-11,80.75,81.110001,80.510002,81.0,72.821594,4421700
2023-04-12,81.669998,82.040001,80.769997,80.809998,72.65078,4298300
2023-04-13,80.650002,81.589996,80.550003,81.589996,73.35202,5224500
2023-04-14,81.629997,81.800003,80.349998,80.709999,72.560883,4312400
2023-04-17,80.959999,82.169998,80.809998,82.120003,73.828522,5048900
2023-04-18,82.720001,82.75,81.599998,81.650002,73.405983,4157400
2023-04-19,81.849998,85.330002,81.650002,84.870003,76.30085,8988800
2023-04-20,84.639999,84.970001,83.059998,83.489998,75.060188,5798600
2023-04-21,84.230003,88.129997,83.599998,85.730003,77.07402,12750100
2023-04-24,88.269997,89.779999,87.989998,89.690002,80.634186,14462000
2023-04-25,89.599998,91.0,89.43,89.690002,80.634186,8189900
2023-04-26,89.82,90.279999,88.709999,89.970001,80.885902,8977700
2023-04-27,89.919998,91.480003,89.839996,91.379997,82.153549,6385900
2023-04-28,91.349998,91.860001,90.669998,90.949997,81.76696,7281700
2023-05-01,90.830002,91.470001,90.589996,90.68,81.524239,5502300
2023-05-02,90.199997,91.0,89.43,90.230003,81.119675,5135000
2023-05-03,90.459999,92.019997,90.349998,90.690002,81.533211,6964300
2023-05-04,90.0,90.139999,88.779999,89.269997,80.256599,4780900
2023-05-05,89.639999,90.260002,89.540001,90.059998,80.966827,4332700
2023-05-08,89.57,90.32,89.25,90.190002,81.08371,3287600
2023-05-09,90.190002,90.190002,89.309998,89.599998,80.553276,3245400
2023-05-10,90.169998,90.400002,89.0,89.410004,80.382462,3599300
2023-05-11,89.300003,89.419998,88.540001,89.019997,80.031837,3995700
2023-05-12,88.580002,88.970001,87.870003,88.879997,79.905968,4450100
2023-05-15,89.110001,89.910004,88.93,89.309998,80.292557,4053200
2023-05-16,88.839996,89.410004,88.82,88.900002,79.92395,3888900
2023-05-17,89.040001,89.089996,87.790001,88.580002,79.636269,6632000
2023-05-18,88.360001,89.25,88.110001,89.019997,80.031837,4536100
2023-05-19,89.190002,89.870003,89.0,89.330002,80.310539,6819500
2023-05-22,89.120003,89.910004,89.019997,89.5,80.463371,4699200
2023-05-23,88.970001,89.199997,87.089996,87.129997,78.332664,5459700
2023-05-24,87.139999,87.949997,86.660004,87.489998,78.656326,6787500
2023-05-25,85.269997,85.400002,82.309998,83.540001,75.105141,12202000
2023-05-26,82.769997,83.5,81.019997,81.459999,73.235153,9655500
2023-05-30,82.370003,83.349998,82.010002,82.5,74.170143,8654900
2023-05-31,82.599998,82.959999,81.830002,82.760002,74.4039,8238800
2023-06-01,82.839996,83.25,82.440002,82.75,74.394905,6588200
2023-06-02,83.150002,84.029999,82.910004,83.760002,75.30294,6062300
2023-06-05,83.830002,84.510002,83.470001,83.730003,75.275955,3596100
2023-06-06,83.540001,84.019997,83.230003,83.599998,75.159081,5046800
2023-06-07,83.790001,83.790001,82.230003,82.889999,74.520767,5381800
2023-06-08,82.529999,83.459999,82.260002,83.099998,74.709572,5700800
2023-06-09,83.139999,83.860001,82.610001,83.730003,75.275955,3302200
2023-06-12,83.839996,84.449997,83.230003,84.279999,75.770416,4428900
2023-06-13,85.169998,86.050003,84.900002,85.75,77.092003,8454300
2023-06-14,88.529999,89.870003,87.660004,87.910004,79.033913,8387900
2023-06-15,87.949997,88.559998,87.300003,88.25,79.339577,5552900
2023-06-16,88.279999,89.720001,88.279999,89.150002,80.148705,9108400
2023-06-20,88.519997,89.379997,88.160004,88.940002,79.959915,5066300
2023-06-21,88.889999,89.110001,88.019997,88.32,79.402512,5587900
2023-06-22,88.010002,88.260002,87.220001,87.410004,79.203171,5162000
2023-06-23,87.239998,87.790001,87.010002,87.480003,79.266609,5496500
2023-06-26,87.349998,87.620003,86.279999,87.0,78.831665,4171200
2023-06-27,86.879997,87.230003,86.059998,87.150002,78.967575,4998900
2023-06-28,87.150002,87.440002,86.209999,86.360001,78.251747,4952400
2023-06-29,85.940002,86.989998,85.82,86.769997,78.623253,3842200
2023-06-30,87.699997,88.769997,87.57,88.099998,79.8284,5484500
2023-07-03,87.550003,87.610001,86.389999,87.139999,78.958527,2584100
2023-07-05,86.75,87.360001,86.629997,86.870003,78.713882,3464000
2023-07-06,86.279999,86.400002,85.43,86.07,77.988976,3909900
2023-07-07,85.699997,86.669998,85.629997,85.889999,77.82589,5094700
2023-07-10,86.150002,86.830002,86.080002,86.449997,78.333298,3234800
2023-07-11,86.32,87.330002,86.120003,87.290001,79.094421,2888200
2023-07-12,87.809998,88.010002,87.269997,87.57,79.348145,3847400
2023-07-13,87.5,88.339996,87.080002,88.050003,79.783089,4492600
2023-07-14,87.970001,88.169998,87.220001,87.650002,79.420639,4394400
2023-07-17,87.559998,87.849998,86.690002,86.709999,78.568901,4465200
2023-07-18,86.129997,86.629997,84.099998,86.599998,78.469215,5697000
2023-07-19,86.349998,87.010002,85.970001,86.120003,78.034286,4796800
2023-07-20,87.25,89.489998,87.129997,89.349998,80.961014,5982100
2023-07-21,89.699997,89.980003,88.919998,88.959999,80.607651,4673800
2023-07-24,89.089996,89.559998,88.75,88.760002,80.426422,3930200
2023-07-25,88.449997,89.18,88.07,88.959999,80.607651,3116200
2023-07-26,88.559998,90.540001,88.510002,90.400002,81.912445,5472600
2023-07-27,91.0,91.0,88.489998,88.510002,80.19989,4654800
2023-07-28,88.949997,89.260002,88.199997,88.25,79.96431,3446300
2023-07-31,88.639999,88.639999,87.389999,87.760002,79.520302,5786800
2023-08-01,87.300003,87.830002,87.199997,87.68,79.447815,3514200
2023-08-02,87.080002,87.339996,85.260002,85.459999,77.436249,5507200
2023-08-03,85.0,85.309998,84.43,84.489998,76.557312,4413900
2023-08-04,84.110001,85.0,83.690002,84.040001,76.149574,5346600
2023-08-07,84.379997,84.800003,84.239998,84.720001,76.765747,3361600
2023-08-08,83.870003,84.07,81.550003,82.239998,74.518578,8227600
2023-08-09,82.269997,83.669998,82.139999,82.940002,75.152863,4535800
2023-08-10,83.400002,83.870003,83.019997,83.120003,75.315956,4128700
2023-08-11,82.860001,83.699997,82.75,83.449997,75.614967,3596200
2023-08-14,83.379997,83.660004,83.040001,83.160004,75.352196,3296000
2023-08-15,82.970001,83.32,82.610001,82.839996,75.062241,3842400
2023-08-16,82.480003,82.93,81.559998,81.57,73.911476,4222200
2023-08-17,82.290001,82.349998,81.410004,81.559998,73.90242,4848300
2023-08-18,81.379997,81.879997,81.290001,81.519997,73.866165,5205700
2023-08-21,81.730003,82.290001,81.230003,81.610001,73.947723,4722000
2023-08-22,82.610001,84.779999,82.5,83.720001,75.859619,10015700
2023-08-23,84.669998,84.940002,83.309998,83.68,75.82338,5268300
2023-08-24,82.809998,83.379997,81.0,81.059998,73.449356,6765100
2023-08-25,81.519997,82.489998,81.230003,82.190002,74.473274,4441400
2023-08-28,82.790001,83.309998,81.040001,81.389999,73.748375,4308500
2023-08-29,81.690002,82.099998,81.279999,82.080002,74.373619,3757900
2023-08-30,82.370003,82.669998,81.889999,82.309998,74.582001,3881200
2023-08-31,82.400002,82.720001,81.5,81.5,73.848045,4423200
2023-09-01,82.110001,82.339996,81.519997,82.129997,74.418907,4238700
2023-09-05,81.879997,82.019997,80.169998,80.199997,72.670113,5612100
2023-09-06,79.639999,81.099998,78.919998,80.709999,73.132225,6795400
2023-09-07,80.900002,81.199997,79.800003,79.93,72.425468,4276600
2023-09-08,79.57,80.089996,79.419998,79.959999,72.452637,4208600
2023-09-11,80.330002,81.529999,80.110001,81.400002,73.757446,4763700
2023-09-12,81.580002,81.769997,80.790001,80.980003,73.376877,3328600
2023-09-13,81.25,81.400002,80.589996,81.32,73.684952,3520900
2023-09-14,81.760002,82.379997,81.699997,81.959999,74.26487,5924200
2023-09-15,82.0,82.389999,81.57,81.769997,74.092705,9072500
2023-09-18,82.25,83.639999,82.110001,82.800003,75.026009,5829600
2023-09-19,82.839996,82.989998,81.779999,82.629997,74.871964,4655500
2023-09-20,83.0,83.099998,81.279999,81.480003,73.829933,5845100
2023-09-21,80.610001,81.169998,80.190002,80.459999,73.528351,5620800
2023-09-22,80.550003,80.769997,80.199997,80.269997,73.354729,5067900
2023-09-25,80.0,80.260002,79.510002,79.970001,73.080582,3799700
2023-09-26,78.919998,79.489998,78.620003,78.949997,72.148438,5167000
2023-09-27,79.050003,79.150002,77.440002,78.220001,71.481339,7418600
2023-09-28,78.339996,79.110001,78.290001,78.690002,71.910843,5354100
2023-09-29,79.18,80.309998,77.839996,78.360001,71.609276,6308800
2023-10-02,77.900002,77.949997,77.110001,77.769997,71.070107,4517100
2023-10-03,77.279999,77.389999,76.0,76.540001,69.946068,5741000
2023-10-04,76.919998,77.040001,75.82,76.269997,69.699333,7115500
2023-10-05,76.379997,76.779999,75.5,76.150002,69.589684,7235900
2023-10-06,75.599998,76.510002,74.949997,76.120003,69.562256,6762000
2023-10-09,75.660004,75.870003,74.349998,75.129997,68.657539,7825500
2023-10-10,74.879997,76.559998,74.870003,76.18,69.617081,6319500
2023-10-11,75.690002,75.889999,72.410004,72.889999,66.610527,8881200
2023-10-12,73.199997,73.410004,70.949997,71.290001,65.148361,10503300
2023-10-13,71.260002,72.32,70.970001,71.959999,65.760628,8168800
2023-10-16,72.150002,72.739998,71.300003,71.75,65.568741,9083700
2023-10-17,71.5,73.239998,71.330002,72.809998,66.537407,7936400
2023-10-18,73.75,73.940002,72.230003,72.699997,66.436882,7900700
2023-10-19,72.639999,72.860001,71.699997,72.349998,66.11705,7048400
2023-10-20,72.459999,73.209999,72.010002,72.699997,66.436882,8399300
2023-10-23,72.68,73.779999,72.110001,72.389999,66.153587,7133300
2023-10-24,72.459999,73.040001,71.339996,71.959999,65.760628,13129200
2023-10-25,71.75,72.440002,70.949997,71.400002,65.248878,7462700
2023-10-26,71.25,71.529999,70.309998,70.370003,64.307617,7894000
2023-10-27,71.080002,71.419998,69.040001,69.43,63.448597,10009100
2023-10-30,69.82,70.160004,68.839996,69.970001,63.942074,8934700
2023-10-31,69.910004,70.949997,69.910004,70.559998,64.481247,10770200
2023-11-01,70.519997,71.07,70.040001,70.849998,64.746269,5380300
2023-11-02,70.980003,72.150002,70.949997,72.089996,65.87941,6330200
2023-11-03,72.580002,72.989998,72.239998,72.559998,66.308952,5198300
2023-11-06,72.650002,73.529999,72.540001,73.419998,67.094864,5916500
2023-11-07,73.279999,73.620003,72.300003,72.480003,66.23584,5653400
2023-11-08,72.790001,72.959999,71.139999,71.709999,65.532166,6767100
2023-11-09,71.800003,71.860001,70.010002,70.089996,64.051735,8321000
2023-11-10,70.43,70.830002,69.32,70.68,64.590904,7557500
2023-11-13,72.290001,73.019997,71.639999,72.080002,65.8703,8452100
2023-11-14,72.370003,73.339996,72.080002,72.589996,66.336357,6478100
2023-11-15,72.82,74.260002,72.790001,74.019997,67.643173,8385800
2023-11-16,74.300003,75.150002,74.199997,74.879997,68.429085,9048600
2023-11-17,75.139999,75.379997,74.410004,74.760002,68.319412,6262600
2023-11-20,75.309998,75.639999,74.660004,75.160004,68.684959,8670100
2023-11-21,77.550003,78.82,77.110001,78.620003,71.846893,10745300
2023-11-22,78.900002,79.339996,78.010002,78.370003,71.618423,6004700
2023-11-24,78.239998,79.040001,78.230003,78.970001,72.166725,3310900
2023-11-27,78.769997,79.309998,78.239998,79.0,72.194138,7252900
2023-11-28,78.900002,79.050003,78.400002,78.629997,71.85601,4972200
2023-11-29,78.75,79.769997,78.610001,78.860001,72.0662,4260400
2023-11-30,78.93,79.309998,78.199997,79.269997,72.440887,6219300
2023-12-01,79.089996,80.080002,78.760002,79.989998,73.098846,5102000
2023-12-04,79.559998,80.230003,79.410004,79.760002,72.888672,6206400
2023-12-05,79.550003,79.629997,78.660004,78.82,72.029648,4818800
2023-12-06,78.860001,79.139999,78.480003,79.040001,72.23069,5319600
2023-12-07,79.209999,79.720001,78.739998,79.550003,72.696754,5251000
2023-12-08,79.599998,79.849998,79.279999,79.349998,72.513992,6240900
2023-12-11,79.330002,80.07,79.330002,79.720001,72.852112,5598900
2023-12-12,80.050003,80.220001,79.220001,80.080002,73.181107,5263300
2023-12-13,79.720001,81.919998,79.5,81.900002,74.844315,6304700
2023-12-14,82.760002,84.730003,82.660004,83.43,76.242485,9680600
2023-12-15,83.080002,83.290001,82.300003,82.610001,75.493141,12388900
2023-12-18,82.959999,83.480003,82.580002,83.059998,75.904358,6447200
2023-12-19,82.169998,82.779999,81.779999,82.07,75.627922,5060900
2023-12-20,81.809998,81.879997,80.57,80.610001,74.282524,7257600
2023-12-21,80.870003,82.099998,80.809998,81.959999,75.526566,7440600
2023-12-22,82.25,82.739998,81.540001,81.919998,75.489685,3426700
2023-12-26,81.959999,82.519997,81.639999,82.300003,75.839867,2954800
2023-12-27,82.080002,82.489998,82.040001,82.419998,75.950447,4041700
2023-12-28,82.279999,83.040001,82.220001,82.730003,76.236107,3297000
2023-12-29,82.529999,82.900002,82.139999,82.379997,75.913574,3847600
2024-01-02,82.110001,83.790001,81.970001,82.839996,76.337479,5425800
2024-01-03,82.940002,83.779999,82.139999,83.199997,76.669212,6182600
2024-01-04,83.150002,84.220001,82.980003,83.93,77.341919,5622000
2024-01-05,83.709999,85.010002,83.519997,84.57,77.931679,5107600
2024-01-08,84.800003,86.720001,84.309998,86.57,79.774689,7867100
2024-01-09,86.43,88.040001,86.300003,86.660004,79.857628,7223200
2024-01-10,86.5,87.529999,86.360001,87.080002,80.244652,4980800
2024-01-11,87.089996,87.279999,86.360001,87.089996,80.25386,5099500
2024-01-12,87.599998,88.730003,87.260002,87.419998,80.557961,5969000
2024-01-16,86.959999,87.18,86.25,86.540001,79.74704,5398300
2024-01-17,86.199997,86.82,85.669998,86.050003,79.295502,6956000
2024-01-18,86.849998,87.139999,86.080002,86.290001,79.51667,7203600
2024-01-19,86.260002,86.709999,85.720001,86.489998,79.700974,4819300
2024-01-22,86.589996,87.370003,86.279999,86.470001,79.682541,6015700
2024-01-23,86.860001,87.360001,85.610001,86.339996,79.562737,5060300
2024-01-24,86.18,86.32,84.669998,84.720001,78.069901,6035200
2024-01-25,85.260002,85.830002,84.599998,85.790001,79.055908,5557800
2024-01-26,86.190002,86.599998,85.629997,86.540001,79.74704,6784400
2024-01-29,86.300003,87.480003,86.129997,87.440002,80.576393,7144700
2024-01-30,87.459999,87.559998,86.510002,86.970001,80.143288,5760100
2024-01-31,88.290001,89.18,87.519997,87.540001,80.668533,10357900
2024-02-01,87.360001,88.540001,86.699997,88.089996,81.175369,4320000
2024-02-02,87.459999,88.139999,87.059998,87.629997,80.75148,5051900
2024-02-05,87.580002,87.779999,86.739998,86.75,79.940559,4083400
2024-02-06,87.080002,87.839996,86.870003,87.739998,80.852852,4667100
2024-02-07,88.050003,88.25,87.040001,87.160004,80.318367,4740100
2024-02-08,86.550003,86.760002,85.389999,86.18,79.415283,5938100
2024-02-09,86.080002,86.160004,84.459999,84.989998,78.31871,8843400
2024-02-12,84.629997,85.330002,84.379997,85.07,78.392426,5892300
2024-02-13,84.57,85.0,83.129997,83.589996,77.028603,7579400
2024-02-14,83.669998,84.349998,83.239998,83.68,77.111549,4934500
2024-02-15,83.830002,85.010002,83.760002,84.720001,78.069901,4867900
2024-02-16,84.489998,85.739998,84.110001,84.419998,77.793449,10848600
2024-02-20,86.959999,87.220001,82.589996,85.849998,79.111214,11771400
2024-02-21,86.529999,86.529999,84.839996,85.900002,79.15728,6877000
2024-02-22,85.769997,85.870003,84.480003,85.059998,78.383217,9824900
2024-02-23,85.330002,85.949997,84.860001,85.669998,78.945328,4707700
2024-02-26,85.559998,85.559998,83.480003,83.669998,77.102318,5974100
2024-02-27,83.459999,84.18,83.139999,83.839996,77.25898,4546200
2024-02-28,83.629997,83.830002,83.230003,83.360001,76.816658,4755300
2024-02-29,83.529999,83.769997,82.790001,83.360001,76.816658,8893100
2024-03-01,83.419998,83.849998,82.650002,83.599998,77.037827,4266600
2024-03-04,83.599998,85.110001,83.239998,85.059998,78.383217,5553000
2024-03-05,85.440002,85.839996,84.300003,84.599998,77.959335,5073700
2024-03-06,84.730003,85.800003,84.599998,85.550003,78.834747,6048400
2024-03-07,86.0,86.43,84.68,85.150002,78.466141,6177600
2024-03-08,85.480003,86.269997,84.919998,85.129997,78.447723,6561200
2024-03-11,84.540001,85.629997,84.540001,85.5,78.788681,5539000
2024-03-12,85.150002,86.089996,84.900002,85.739998,79.009842,4562200
2024-03-13,86.010002,86.349998,84.790001,85.080002,78.401642,5908200
2024-03-14,84.519997,84.709999,83.989998,84.389999,77.765808,7836100
2024-03-15,83.440002,84.010002,82.82,83.57,77.010178,17082100
2024-03-18,83.800003,84.059998,83.339996,83.660004,77.093102,4783800
2024-03-19,83.690002,84.150002,83.300003,84.110001,77.50779,4903000
2024-03-20,83.75,84.18,83.540001,84.040001,77.443283,4191700
2024-03-21,83.57,83.989998,83.089996,83.410004,77.499031,6233800
2024-03-22,83.699997,83.860001,82.93,83.080002,77.192413,5181300
2024-03-25,82.809998,83.400002,82.720001,83.239998,77.341072,5481300
2024-03-26,83.5,83.870003,83.050003,83.699997,77.768478,4806700
2024-03-27,84.190002,87.029999,84.099998,86.919998,80.760277,8220100
2024-03-28,87.099998,87.730003,86.93,87.150002,80.973991,7579500
2024-04-01,86.839996,87.18,86.43,87.019997,80.85321,4727300
2024-04-02,86.860001,86.910004,84.949997,85.199997,79.162178,6007200
2024-04-03,85.470001,85.730003,84.730003,85.0,78.976341,5887400
2024-04-04,85.339996,85.400002,83.75,83.919998,77.97287,6797100
2024-04-05,83.440002,84.68,83.099998,84.559998,78.56752,4935800
2024-04-08,84.260002,84.349998,82.480003,82.910004,77.034454,8725300
2024-04-09,83.379997,83.830002,83.0,83.800003,77.861389,5679600
2024-04-10,82.849998,83.290001,81.830002,82.330002,76.495575,6509400
2024-04-11,82.919998,83.059998,82.120003,82.169998,76.346909,5241200
2024-04-12,81.739998,81.790001,79.559998,80.129997,74.451469,6562700
2024-04-15,80.959999,81.5,79.870003,80.230003,74.54438,7500200
2024-04-16,80.339996,80.489998,78.790001,79.25,73.633827,7674500
2024-04-17,79.410004,79.849998,78.949997,79.080002,73.475876,5640100
2024-04-18,79.25,79.300003,78.43,79.190002,73.578079,6065600
2024-04-19,79.529999,79.639999,79.089996,79.480003,73.847542,6756900
2024-04-22,79.870003,80.900002,79.400002,80.57,74.860275,4962600
2024-04-23,80.959999,81.339996,80.620003,81.290001,75.529274,5296200
2024-04-24,80.769997,80.830002,80.010002,80.379997,74.683746,5028900
2024-04-25,80.040001,80.349998,78.779999,79.25,73.633827,5624100
2024-04-26,79.400002,79.849998,78.949997,79.739998,74.089111,5024900
2024-04-29,79.620003,81.120003,79.519997,80.860001,75.129738,6029700
2024-04-30,80.019997,80.68,79.760002,80.239998,74.553665,6487200
2024-05-01,79.989998,81.730003,79.989998,80.889999,75.157608,5366100
2024-05-02,81.440002,81.730003,80.129997,80.919998,75.185493,6338700
2024-05-03,81.07,81.919998,81.010002,81.690002,75.900925,4987200
2024-05-06,82.519997,82.559998,81.260002,81.760002,75.965942,3676100
2024-05-07,82.18,82.279999,81.669998,81.900002,76.096046,4939700
2024-05-08,81.480003,82.019997,81.370003,81.550003,75.770836,4175600
2024-05-09,81.660004,82.779999,81.57,82.760002,76.895096,5545600
2024-05-10,83.0,83.059998,82.279999,82.839996,76.969414,4217700
2024-05-13,83.099998,83.849998,83.07,83.519997,77.601227,4950800
2024-05-14,83.730003,84.610001,83.620003,84.300003,78.325966,4053700
2024-05-15,84.690002,84.889999,83.690002,84.720001,78.716202,6227200
2024-05-16,84.739998,85.720001,84.610001,85.639999,79.570984,5506800
2024-05-17,85.830002,86.169998,85.099998,85.919998,79.831146,8236300
2024-05-20,85.419998,85.849998,84.449997,84.510002,78.52108,5513000
2024-05-21,84.540001,85.290001,84.5,85.169998,79.1343,4131600
2024-05-22,84.879997,85.900002,84.879997,85.760002,79.682495,8527900
2024-05-23,83.57,84.110001,81.220001,81.379997,75.612885,10712300
2024-05-24,80.989998,82.349998,80.879997,82.290001,76.458382,8732300
2024-05-28,82.129997,82.739998,81.870003,82.0,76.188942,7479000
2024-05-29,81.339996,81.940002,80.75,81.489998,75.715088,7910500
2024-05-30,80.970001,81.400002,80.459999,80.599998,74.888153,8870600
2024-05-31,80.720001,81.480003,80.620003,81.370003,75.6036,11406000
2024-06-03,81.510002,82.470001,81.120003,82.120003,76.300446,6151100
2024-06-04,81.779999,83.379997,81.510002,83.269997,77.36895,6331200
2024-06-05,83.099998,83.18,81.720001,82.309998,76.476982,7058300
2024-06-06,82.43,82.970001,81.860001,82.339996,76.504852,7366600
2024-06-07,82.25,84.220001,82.160004,84.07,78.112251,7038900
2024-06-10,83.720001,83.949997,82.610001,83.139999,77.248169,4966100
2024-06-11,83.040001,83.040001,81.870003,81.949997,76.142487,5340400
2024-06-12,82.269997,82.93,81.919998,82.230003,76.402657,5549100
2024-06-13,82.0,82.0,80.849998,81.660004,75.873039,5934400
2024-06-14,81.150002,81.540001,80.519997,81.040001,75.296989,3689000
2024-06-17,80.260002,80.5,79.260002,79.949997,74.284233,5435400
2024-06-18,79.919998,80.349998,79.169998,79.75,74.098412,7011900
2024-06-20,79.160004,80.349998,78.949997,80.169998,74.48864,7139700
2024-06-21,80.169998,81.709999,79.93,81.639999,75.854462,11094400
2024-06-24,81.760002,81.980003,80.739998,81.040001,75.296989,6798700
2024-06-25,81.190002,81.239998,79.709999,80.410004,74.711632,5318100
2024-06-26,79.5,80.230003,79.169998,80.050003,74.377144,5737600
2024-06-27,80.0,80.07,78.709999,79.330002,73.70816,8044800
2024-06-28,78.739998,79.269997,78.260002,78.709999,73.78315,8917200
2024-07-01,78.400002,79.379997,76.93,77.120003,72.292679,7111800
2024-07-02,76.849998,77.5,76.519997,77.370003,72.527039,7111800
2024-07-03,77.32,77.75,77.080002,77.169998,72.339546,2838400
2024-07-05,77.07,77.93,76.699997,77.610001,72.752007,4370000
2024-07-08,77.43,77.599998,76.580002,76.839996,72.030197,5606500
2024-07-09,76.839996,76.989998,75.959999,76.879997,72.067688,6142600
2024-07-10,76.839996,77.089996,76.330002,77.059998,72.236443,6736300
2024-07-11,77.43,78.209999,77.190002,78.07,73.183212,6224600
2024-07-12,78.199997,78.660004,77.82,77.949997,73.070724,5661400
2024-07-15,77.82,78.010002,76.959999,77.080002,72.255188,4497800
2024-07-16,77.040001,78.199997,76.68,78.099998,73.211334,6811000
2024-07-17,77.949997,81.559998,77.940002,81.260002,76.173546,9848100
2024-07-18,80.449997,83.629997,80.080002,81.209999,76.126663,8427800
2024-07-19,81.580002,81.669998,79.410004,79.480003,74.504951,9292800
2024-07-22,79.550003,80.080002,79.080002,79.300003,74.336227,5904400
2024-07-23,79.449997,79.660004,78.809998,79.400002,74.429962,5022800
2024-07-24,79.580002,80.360001,78.93,79.970001,74.964287,5658500
2024-07-25,79.629997,81.459999,78.400002,78.459999,73.54879,6357000
2024-07-26,78.620003,79.449997,78.32,78.699997,73.773781,4574700
2024-07-29,79.0,80.389999,78.599998,80.0,74.992409,6551400
2024-07-30,79.720001,81.0,79.699997,80.809998,75.751701,6568400
2024-07-31,80.360001,80.989998,78.970001,80.32,75.292366,7573200
2024-08-01,80.690002,81.089996,79.379997,80.489998,75.451736,4873100
2024-08-02,81.040001,81.889999,80.32,81.510002,76.407883,5057900
2024-08-05,80.82,81.809998,80.209999,80.330002,75.301758,7503200
2024-08-06,80.459999,81.68,79.919998,80.779999,75.723579,5514000
2024-08-07,80.809998,82.739998,80.550003,81.089996,76.014175,5596600
2024-08-08,81.230003,82.620003,80.910004,82.209999,77.064072,4088200
2024-08-09,82.279999,82.400002,81.5,82.040001,76.904709,3094300
2024-08-12,82.029999,82.059998,80.809998,81.190002,76.107918,4502200
2024-08-13,81.410004,82.370003,81.110001,82.269997,77.120316,3704800
2024-08-14,81.419998,81.860001,80.779999,81.739998,76.623497,5612900
2024-08-15,82.559998,84.029999,82.169998,83.650002,78.413933,6743500
2024-08-16,84.029999,84.739998,83.800003,84.599998,79.304466,5374800
2024-08-19,84.68,85.290001,84.489998,84.82,79.510704,7492800
2024-08-20,84.0,87.699997,83.279999,85.379997,80.035629,10841600
2024-08-21,85.93,87.57,85.870003,87.540001,82.06044,10608300
2024-08-22,87.910004,89.239998,87.550003,87.830002,82.332283,8429600
2024-08-23,88.260002,88.5,87.709999,88.349998,82.819733,4843500
2024-08-26,88.599998,90.129997,88.120003,89.339996,83.747765,5948200
2024-08-27,89.559998,89.720001,88.080002,88.800003,83.24157,4174700
2024-08-28,88.970001,89.139999,87.949997,88.330002,82.800995,5230600
2024-08-29,88.889999,88.940002,88.019997,88.190002,82.669762,5024400
2024-08-30,88.330002,88.599998,87.230003,88.580002,83.035339,7940100
2024-09-03,88.269997,89.360001,88.07,88.959999,83.391556,4745300
2024-09-04,88.800003,91.489998,88.800003,91.029999,85.331985,8953500
2024-09-05,91.160004,91.18,89.099998,89.389999,83.79464,7007400
2024-09-06,89.720001,90.540001,89.300003,89.889999,84.263336,7116500
2024-09-09,90.0,91.150002,89.879997,90.620003,84.947655,8643000
2024-09-10,90.760002,91.120003,90.199997,90.989998,85.294495,5628100
2024-09-11,90.669998,90.669998,88.82,90.349998,84.694542,5805800
2024-09-12,90.260002,90.559998,89.199997,90.0,84.366455,4856500
2024-09-13,90.059998,90.519997,89.889999,90.0,84.366455,5209400
2024-09-16,90.0,90.239998,89.440002,90.110001,84.469566,5620300
2024-09-17,90.0,90.239998,88.040001,88.629997,83.082214,7012300
2024-09-18,88.029999,88.510002,87.669998,88.129997,82.613503,7691400
2024-09-19,88.690002,89.949997,88.550003,89.470001,83.869644,9374600
2024-09-20,89.480003,89.589996,88.739998,89.339996,83.747765,25452900
2024-09-23,89.540001,90.050003,89.010002,89.860001,84.235222,6324400
2024-09-24,89.730003,90.290001,89.150002,89.760002,84.141495,7657600
2024-09-25,90.169998,90.400002,89.190002,89.389999,83.79464,3944400
2024-09-26,89.080002,89.57,88.510002,89.449997,83.850876,6321000
2024-09-27,89.360001,90.019997,89.110001,89.32,84.389412,5232500
2024-09-30,89.480003,90.099998,89.019997,90.029999,85.060219,4784900
2024-10-01,90.25,90.349998,89.209999,90.0,85.031883,4907100
2024-10-02,89.540001,89.690002,88.989998,89.120003,84.200455,4438900
2024-10-03,89.019997,89.239998,87.660004,87.769997,82.924973,3435000
2024-10-04,87.959999,88.290001,87.209999,88.260002,83.387939,3598500
2024-10-07,87.860001,87.980003,86.879997,87.040001,82.235283,3794500
2024-10-08,87.32,88.559998,87.230003,88.139999,83.274559,4608700
2024-10-09,87.959999,88.440002,87.669998,88.349998,83.472969,2773500
2024-10-10,89.260002,89.440002,88.790001,88.849998,83.945374,3219800
2024-10-11,88.980003,89.589996,88.910004,89.360001,84.4272,4482700
2024-10-14,89.529999,90.059998,89.150002,90.010002,85.041328,3849200
2024-10-15,90.050003,90.5,89.440002,89.839996,84.880722,4173700
2024-10-16,89.82,90.239998,89.489998,89.989998,85.022446,3773300
2024-10-17,90.150002,90.150002,89.629997,89.790001,84.833473,5392700
2024-10-18,89.970001,92.25,89.839996,92.239998,87.148232,7355500
2024-10-21,92.0,92.050003,90.779999,91.029999,86.00502,4411500
2024-10-22,90.699997,91.339996,89.980003,91.120003,86.09005,4400200
2024-10-23,90.739998,92.389999,90.68,92.269997,87.176575,6842200
2024-10-24,92.489998,92.68,90.940002,90.989998,85.967239,3813800
2024-10-25,91.139999,91.599998,90.129997,90.589996,85.589302,3446900
2024-10-28,90.68,91.349998,90.550003,90.599998,85.598763,4241900
2024-10-29,90.370003,91.43,90.309998,90.32,85.334213,7279700
2024-10-30,89.980003,91.800003,89.949997,90.5,85.504272,5325700
2024-10-31,89.830002,89.93,88.989998,89.25,84.32328,6955600
2024-11-01,89.830002,91.0,89.260002,90.07,85.098022,5052400
2024-11-04,90.029999,90.519997,89.220001,89.309998,84.379967,4513600
2024-11-05,89.050003,89.690002,88.610001,89.68,84.729546,4578200
2024-11-06,91.870003,92.029999,88.900002,90.110001,85.135811,6281700
2024-11-07,89.489998,89.5,87.699997,88.120003,83.255661,7077400
2024-11-08,88.360001,88.690002,87.57,87.720001,82.877739,8137700
2024-11-11,88.209999,88.82,87.75,88.269997,83.397377,4544500
2024-11-12,88.230003,88.82,87.800003,88.300003,83.425728,7202700
2024-11-13,87.989998,88.260002,87.5,87.970001,83.113937,8338900
2024-11-14,87.699997,88.150002,85.900002,86.0,81.252686,7956100
2024-11-15,85.470001,87.57,85.010002,87.529999,82.698227,7952300
2024-11-18,87.5,88.720001,87.0,87.589996,82.754913,10339800
2024-11-19,86.0,86.480003,84.5,85.0,80.307884,12000800
2024-11-20,84.730003,84.980003,83.550003,84.110001,79.46701,7389100
2024-11-21,84.199997,85.129997,83.919998,84.739998,80.062241,5699700
2024-11-22,84.790001,86.300003,84.620003,86.209999,81.451096,6532100
2024-11-25,86.5,86.830002,84.769997,85.75,81.016487,10636000
2024-11-26,86.339996,86.559998,85.019997,85.68,80.950363,5702500
2024-11-27,86.129997,86.900002,85.919998,86.269997,81.507774,5106500
2024-11-29,85.650002,86.75,85.529999,86.540001,81.762878,3543200
2024-12-02,86.169998,86.849998,85.940002,86.540001,81.762878,7058700
2024-12-03,86.510002,86.529999,85.480003,85.709999,80.978699,4979100
2024-12-04,85.349998,86.120003,85.010002,85.32,80.610222,5352500
2024-12-05,84.57,85.339996,84.0,84.139999,79.495369,6967700
2024-12-06,84.0,84.550003,83.57,84.010002,79.372536,4309800
2024-12-09,84.129997,84.410004,83.660004,83.959999,79.325294,5015000
2024-12-10,84.0,84.099998,82.879997,83.580002,78.966278,5095400
2024-12-11,83.400002,83.970001,82.889999,82.919998,78.342712,6125600
2024-12-12,82.910004,83.25,82.529999,82.730003,78.1632,5482500
2024-12-13,82.839996,82.940002,81.879997,82.480003,77.92701,4301500
2024-12-16,82.0,82.510002,81.120003,81.349998,76.859367,6351900
2024-12-17,80.959999,82.290001,80.690002,81.370003,76.878273,8021400
2024-12-18,81.370003,81.660004,80.0,80.029999,75.612244,7048600
2024-12-19,79.790001,80.589996,79.519997,79.989998,75.574448,7190300
2024-12-20,79.870003,81.269997,79.800003,81.029999,76.557045,10707300
2024-12-23,80.690002,81.599998,80.419998,81.400002,76.906609,7421300
2024-12-24,81.300003,81.779999,81.089996,81.540001,77.038887,2465900
2024-12-26,81.309998,81.769997,81.220001,81.599998,77.095566,3319500
2024-12-27,80.540001,81.269997,80.449997,80.739998,76.943092,3880700
2024-12-30,80.199997,80.370003,79.290001,79.610001,75.866241,5136200
2024-12-31,79.82,80.230003,79.379997,79.879997,76.123535,4803700
2025-01-02,80.370003,80.669998,79.860001,80.220001,76.447548,5574900
2025-01-03,80.5,81.0,79.980003,80.949997,77.143219,5394700
2025-01-06,80.519997,81.139999,79.660004,79.839996,76.085419,7886200
2025-01-07,80.370003,81.07,79.739998,79.870003,76.114006,7363100
2025-01-08,80.410004,83.220001,80.349998,82.68,78.791862,11153800
2025-01-10,82.0,82.489998,80.510002,80.660004,76.866875,7068200
2025-01-13,80.910004,82.120003,80.010002,81.790001,77.94371,6487700
2025-01-14,83.389999,85.309998,83.110001,85.25,81.240997,13399700
2025-01-15,83.919998,85.889999,83.919998,85.400002,81.383957,12261100
2025-01-16,85.43,87.220001,85.029999,87.160004,83.061188,7267500
2025-01-17,87.25,88.629997,87.050003,88.080002,83.937927,9578900
2025-01-21,88.449997,88.699997,87.769997,88.379997,84.223816,8376600
2025-01-22,88.239998,88.459999,87.419998,87.839996,83.709206,5222900
2025-01-23,87.870003,89.330002,87.800003,89.25,85.052902,5694300
2025-01-24,89.110001,90.300003,88.82,90.190002,85.948708,7349500
2025-01-27,90.660004,92.480003,90.349998,92.459999,88.111946,9164300
2025-01-28,92.459999,93.080002,91.669998,91.980003,87.654526,7961100
2025-01-29,92.529999,92.980003,91.360001,91.410004,87.111328,5514700
2025-01-30,91.720001,92.82,91.459999,91.989998,87.664055,5101600
2025-01-31,91.720001,92.099998,90.650002,90.82,86.549065,7215400
2025-02-03,90.269997,91.209999,89.25,90.529999,86.272713,5800300
2025-02-04,89.860001,91.110001,89.699997,90.970001,86.692017,5196300
2025-02-05,91.269997,92.07,90.68,91.690002,87.378166,5181100
2025-02-06,91.260002,91.940002,90.760002,90.82,86.549065,4509300
2025-02-07,91.120003,91.169998,89.550003,90.010002,85.777161,6349400
2025-02-10,90.290001,90.940002,90.010002,90.839996,86.56813,5029300
2025-02-11,90.839996,91.470001,90.5,91.199997,86.911186,6534800
2025-02-12,90.599998,91.639999,89.910004,91.349998,87.054146,7053200
2025-02-13,91.269997,92.480003,90.870003,92.199997,87.864166,5991000
2025-02-14,92.419998,93.050003,91.860001,92.809998,88.445496,10855400
2025-02-18,87.959999,88.440002,85.059998,86.07,82.022446,14516700
2025-02-19,86.0,87.169998,85.699997,87.0,82.908707,8972100
2025-02-20,86.769997,88.269997,86.349998,87.940002,83.804512,5804300
2025-02-21,87.639999,91.150002,87.580002,89.940002,85.710457,11763000
2025-02-24,89.540001,91.07,89.120003,90.169998,85.929642,7158500
2025-02-25,90.360001,90.849998,89.220001,90.480003,86.225067,6290300
2025-02-26,90.459999,91.190002,90.0,90.580002,86.320358,5108500
2025-02-27,90.300003,91.279999,90.099998,90.739998,86.472824,4735900
2025-02-28,91.550003,92.400002,90.300003,92.019997,87.692635,7685300
2025-03-03,92.669998,94.93,92.300003,94.300003,89.865425,9306100
2025-03-04,94.75,95.57,92.949997,93.029999,88.655144,7644300
2025-03-05,93.589996,94.730003,93.269997,94.059998,89.636711,5820600
2025-03-06,93.739998,93.980003,92.089996,93.129997,88.75045,5339800
2025-03-07,92.599998,95.029999,92.440002,94.5,90.056015,7795900
2025-03-10,94.580002,96.25,93.550003,93.800003,89.388939,10771700
2025-03-11,93.400002,93.940002,92.669998,93.279999,88.893394,7457600
2025-03-12,92.889999,93.0,90.349998,91.510002,87.206619,6301000
2025-03-13,91.769997,92.739998,91.559998,92.330002,87.98806,6737600
2025-03-14,92.309998,93.300003,92.120003,93.07,88.69326,7788600
2025-03-17,93.07,93.68,92.82,93.349998,88.960098,8099200
2025-03-18,93.669998,93.720001,91.739998,92.209999,87.873711,12259300
2025-03-19,92.260002,92.82,91.139999,91.870003,87.549698,11665200
2025-03-20,92.0,92.0,90.290001,91.220001,86.930275,10469600
2025-03-21,90.559998,90.839996,89.629997,90.330002,86.082115,14027600
2025-03-24,90.690002,90.839996,89.699997,90.129997,85.891518,5420400
2025-03-25,90.279999,90.5,87.519997,88.589996,84.423927,8819800
2025-03-26,88.629997,89.160004,88.019997,88.230003,84.080872,7460400
2025-03-27,88.660004,89.449997,88.0,88.980003,84.795601,7340100
2025-03-28,87.849998,88.379997,87.230003,87.629997,84.171257,6320200
2025-03-31,87.0,90.309998,86.93,89.860001,86.313232,8241100
2025-04-01,88.790001,89.589996,88.209999,88.489998,84.997314,7059400
2025-04-02,88.43,88.989998,87.459999,88.860001,85.352707,5577200
2025-04-03,88.599998,89.540001,87.690002,87.889999,84.42099,7663100
2025-04-04,87.989998,88.099998,82.68,82.879997,79.608734,12034000
2025-04-07,81.220001,85.370003,80.580002,83.150002,79.868088,12129100
2025-04-08,84.5,85.309998,80.610001,81.879997,78.648201,10183900
2025-04-09,80.5,85.5,79.550003,85.279999,81.914009,11981100
2025-04-10,84.830002,85.300003,80.989998,82.540001,79.282158,8838400
2025-04-11,83.160004,83.440002,81.18,82.900002,79.627945,8014000
2025-04-14,83.970001,84.260002,83.120003,84.220001,80.895844,5596000
2025-04-15,84.629997,84.730003,82.220001,82.370003,79.118866,5829400
2025-04-16,83.199997,84.489998,82.199997,82.699997,79.435844,7111600
2025-04-17,82.510002,83.32,82.120003,82.599998,79.339775,5940500
2025-04-21,82.599998,82.889999,81.160004,81.800003,78.571373,5220000
2025-04-22,82.809998,83.620003,82.5,83.370003,80.079407,5284900
2025-04-23,84.160004,85.349998,83.360001,83.75,80.444397,6468200
2025-04-24,84.029999,84.540001,83.260002,84.300003,80.972694,5959000
2025-04-25,84.410004,84.660004,83.5,84.160004,80.838211,5879600
2025-04-28,84.599998,84.879997,83.379997,84.040001,80.722954,4513400
2025-04-29,84.0,85.080002,83.809998,84.599998,81.260841,4495500
2025-04-30,84.980003,85.0,83.68,84.760002,81.414536,7469800
2025-05-01,84.199997,84.480003,82.949997,83.559998,80.261902,6015000
2025-05-02,84.480003,85.07,83.879997,84.849998,81.500984,5727500
2025-05-05,84.629997,84.800003,83.230003,83.449997,80.156242,7168400
2025-05-06,83.339996,83.459999,82.040001,82.32,79.070839,7415800
2025-05-07,82.32,83.57,81.870003,83.160004,79.877686,7557000
2025-05-08,83.470001,84.580002,83.160004,83.620003,80.319534,6252400
2025-05-09,83.5,84.239998,83.349998,83.480003,80.185059,6588600
2025-05-12,84.449997,86.25,84.059998,85.809998,82.423088,7720300
2025-05-13,85.489998,85.800003,84.809998,85.110001,81.750717,5532400
2025-05-14,84.900002,85.110001,84.089996,84.25,80.92466,5684900
2025-05-15,84.800003,86.120003,84.699997,86.110001,82.71125,6567700
2025-05-16,86.129997,86.449997,85.839996,86.440002,83.028221,6506800
2025-05-19,85.790001,87.07,85.690002,86.970001,83.537308,7296500
2025-05-20,85.419998,86.870003,85.389999,86.370003,82.960991,9253500
2025-05-21,86.589996,88.279999,84.209999,84.410004,81.078346,12936800
2025-05-22,83.279999,83.629997,80.870003,80.910004,77.716492,14683400
2025-05-23,80.620003,80.82,79.93,80.68,77.495567,10571900
2025-05-27,81.150002,81.599998,80.709999,81.18,77.975838,8294300
2025-05-28,81.5,82.300003,81.139999,81.239998,78.03347,7515900
2025-05-29,81.279999,82.419998,81.25,82.410004,79.157288,8093300
2025-05-30,82.199997,83.269997,81.510002,82.980003,79.704796,11025900
2025-06-02,82.400002,83.769997,82.209999,83.739998,80.434792,7904400
2025-06-03,83.139999,85.620003,83.139999,85.540001,82.16375,11977600
2025-06-04,85.540001,86.349998,85.540001,85.599998,82.221375,9070700
2025-06-05,85.849998,87.209999,85.489998,87.0,83.566116,10361500
2025-06-06,87.290001,87.449997,86.790001,87.440002,83.988754,7577400
2025-06-09,87.400002,87.809998,86.379997,87.449997,83.998352,8624700
2025-06-10,87.720001,88.5,87.459999,87.959999,84.488235,6628000
2025-06-11,87.93,88.470001,87.760002,88.059998,84.584274,4643300
2025-06-12,88.029999,88.529999,87.650002,88.489998,84.997314,5855300
2025-06-13,88.209999,88.629997,87.080002,87.269997,83.825462,6011700
2025-06-16,88.209999,88.769997,87.580002,87.919998,84.449799,8414700
2025-06-17,88.110001,88.139999,85.959999,86.169998,82.768875,6939100
2025-06-18,86.309998,86.400002,85.410004,85.730003,82.346252,8514400
2025-06-20,86.139999,86.43,85.730003,86.339996,82.932175,13089200
2025-06-23,86.239998,86.339996,84.580002,85.959999,82.567177,6746800
2025-06-24,85.82,86.389999,84.940002,86.080002,82.682434,11144100
2025-06-25,85.860001,86.43,85.440002,85.970001,82.576782,8461700
2025-06-26,85.889999,86.68,85.5,86.18,82.778481,11117300
2025-06-27,85.5,86.519997,85.220001,86.019997,83.311157,10134000
2025-06-30,86.650002,87.410004,86.18,87.169998,84.424942,8205600
2025-07-01,86.830002,88.75,86.709999,88.75,85.955193,10089300
2025-07-02,88.82,89.169998,88.029999,88.279999,85.499992,8663000
2025-07-03,88.370003,88.699997,88.059998,88.389999,85.606529,2989500
2025-07-07,88.489998,88.650002,87.32,87.669998,84.909203,7218300
2025-07-08,87.559998,89.040001,87.309998,88.580002,85.79055,5403000
2025-07-09,88.830002,89.150002,87.980003,89.0,86.197327,4673100
2025-07-10,89.230003,90.489998,88.5,89.400002,86.584724,7962900
2025-07-11,91.769997,91.849998,89.07,89.919998,87.088348,12259500
2025-07-14,89.75,90.239998,88.980003,89.730003,86.904327,8911800
2025-07-15,89.699997,90.120003,88.410004,89.220001,86.4104,8617300
2025-07-16,89.589996,89.919998,89.019997,89.779999,86.952759,5173500
2025-07-17,89.540001,89.690002,88.349998,89.529999,86.710625,6951700
2025-07-18,89.980003,90.519997,89.309998,89.610001,86.788116,6413500
2025-07-21,89.43,90.459999,89.18,89.699997,86.875282,6015900
2025-07-22,89.970001,91.919998,89.809998,91.650002,88.76387,7457100
2025-07-23,91.849998,92.769997,90.889999,92.010002,89.112534,7818800
2025-07-24,92.040001,92.5,91.32,92.32,89.412773,6684900
2025-07-25,91.970001,93.099998,91.93,92.940002,90.013252,5376500
2025-07-28,92.720001,92.75,91.870003,91.970001,89.073807,4311500
2025-07-29,91.82,92.709999,91.75,92.440002,89.528992,4676800
2025-07-30,92.260002,92.379997,91.220001,91.639999,88.754181,5424000
2025-07-31,91.43,91.690002,90.150002,90.239998,87.39827,8310000
2025-08-01,89.610001,89.959999,88.690002,89.339996,86.526611,6658000
2025-08-04,89.449997,90.120003,88.25,89.639999,86.817169,8078800
2025-08-05,90.139999,90.199997,89.290001,89.669998,86.846222,5597000
2025-08-06,89.68,90.0,88.959999,89.360001,86.545982,5545000
2025-08-07,89.989998,91.730003,89.730003,91.239998,88.366783,8207000
2025-08-08,91.209999,92.959999,91.199997,92.879997,89.955147,6636900
2025-08-11,92.849998,93.279999,92.349998,92.739998,89.819542,6782900
2025-08-12,92.839996,93.120003,91.449997,92.080002,89.180336,5445200
2025-08-13,92.0,93.160004,91.660004,92.910004,89.984192,6596900
2025-08-14,92.849998,92.910004,91.720001,91.980003,89.083481,6873500
2025-08-15,92.519997,93.18,92.019997,93.019997,90.090721,6641200
2025-08-18,92.769997,93.32,92.510002,92.809998,89.887344,11581800
2025-08-19,87.839996,90.150002,87.5,89.900002,87.068977,19583900
2025-08-20,90.360001,94.440002,90.290001,93.220001,90.284431,13227300
2025-08-21,93.32,93.790001,91.029999,91.099998,88.231186,6808600
2025-08-22,91.68,92.959999,91.68,92.709999,89.790489,4876000
2025-08-25,92.739998,93.050003,91.919998,92.040001,89.141594,5106500
2025-08-26,92.43,92.5,91.860001,92.18,89.277176,6251600
2025-08-27,92.040001,92.18,91.330002,92.050003,89.151276,4223300
2025-08-28,92.099998,92.099998,91.330002,91.959999,89.064102,5626500
2025-08-29,92.050003,92.82,91.959999,92.809998,89.887344,5174500
2025-09-02,92.540001,93.830002,92.410004,93.330002,90.390968,7150300
2025-09-03,93.150002,93.559998,91.419998,92.25,89.344978,5365400
2025-09-04,92.260002,94.349998,91.790001,92.849998,89.926086,6641400
2025-09-05,93.139999,93.940002,92.519997,92.900002,89.974518,4856900
2025-09-08,92.160004,93.0,91.389999,92.989998,90.061676,5024100
2025-09-09,92.839996,94.309998,92.730003,94.07,91.107666,7038300
2025-09-10,94.25,94.300003,91.589996,92.32,89.412773,5625500
2025-09-11,92.309998,94.269997,92.25,94.25,91.281998,6957800
2025-09-12,93.959999,95.290001,93.510002,94.029999,91.068916,7334200
2025-09-15,94.599998,94.93,93.220001,93.43,90.487816,5716300
2025-09-16,93.269997,95.540001,93.269997,94.190002,91.223892,7722300
2025-09-17,94.419998,95.120003,93.809998,94.580002,91.601601,8145800
2025-09-18,94.489998,95.639999,93.82,95.589996,92.579796,9364500
2025-09-19,95.910004,95.910004,94.080002,95.080002,92.085854,15677000
2025-09-22,95.389999,95.5,94.300003,94.620003,91.64035,7581600
2025-09-23,94.519997,95.660004,94.169998,94.959999,91.969635,7101000
2025-09-24,94.849998,95.989998,94.800003,95.739998,92.725075,11265300
2025-09-25,95.269997,95.629997,92.720001,94.300003,91.330421,7560800
2025-09-26,93.849998,94.730003,93.480003,94.220001,91.945206,5042800
2025-09-29,94.209999,94.330002,93.290001,93.970001,91.701248,5452000
2025-09-30,93.900002,95.389999,93.809998,95.239998,92.940575,7119000
2025-10-01,95.150002,95.730003,91.870003,94.809998,92.520958,10343500
2025-10-02,94.410004,95.739998,93.980003,95.480003,93.174797,6212500
2025-10-03,95.669998,97.940002,95.379997,97.699997,95.341187,8573200
2025-10-06,97.639999,98.660004,97.629997,98.43,96.053558,8134500
2025-10-07,98.330002,99.370003,97.900002,98.330002,95.955978,5894000
2025-10-08,98.57,98.68,96.769997,97.870003,95.507088,7470100
2025-10-09,98.190002,98.239998,95.959999,96.5,94.170166,6207200
2025-10-10,96.68,97.050003,95.300003,95.449997,93.145515,6829800
2025-10-13,95.699997,96.410004,95.059998,95.580002,93.272385,4619500
2025-10-14,95.260002,96.599998,95.260002,96.540001,94.209206,4862700
2025-10-15,96.07,96.860001,94.059998,95.339996,93.038162,7246800
2025-10-16,95.199997,95.970001,94.699997,95.040001,92.745415,4802600
2025-10-17,95.279999,95.809998,94.900002,95.779999,93.467545,6136000
2025-10-20,96.089996,96.599998,94.93,95.919998,93.604164,5137800
2025-10-21,95.620003,96.160004,95.239998,95.830002,93.516335,4405000
2025-10-22,96.589996,97.239998,95.550003,95.900002,93.584648,6651700
2025-10-23,96.150002,96.239998,91.870003,94.209999,91.935455,9122200
2025-10-24,94.419998,94.959999,93.290001,93.669998,91.408485,4309300
2025-10-27,93.739998,94.239998,93.110001,94.129997,91.857384,5562600
2025-10-28,93.809998,94.599998,93.209999,93.230003,90.979118,4279800
2025-10-29,92.779999,92.809998,91.379997,91.730003,89.515327,6963600
2025-10-30,91.769997,91.949997,90.709999,90.970001,88.773674,5617400
2025-10-31,90.599998,91.32,90.089996,90.699997,88.510193,5959700
2025-11-03,90.650002,90.650002,89.040001,90.199997,88.022255,7307700
2025-11-04,90.18,90.470001,89.660004,90.419998,88.236946,4729200
2025-11-05,89.800003,90.489998,89.360001,90.400002,88.217438,5675100
2025-11-06,90.089996,90.82,89.620003,90.059998,87.885643,5462000
2025-11-07,90.699997,92.239998,90.199997,92.199997,89.973969,7520500
2025-11-10,91.949997,92.790001,91.519997,92.660004,90.422874,5375000
2025-11-11,92.970001,95.400002,92.800003,95.400002,93.096718,8555500
2025-11-12,95.0,96.290001,94.82,95.809998,93.496811,6322000
2025-11-13,95.0,96.709999,94.639999,96.139999,93.818848,5284400
2025-11-14,95.809998,96.57,95.139999,95.870003,93.555374,6324500
2025-11-17,95.82,97.25,95.800003,96.279999,93.955475,11087600
2025-11-18,99.970001,102.480003,99.410004,100.800003,98.366348,21965400
2025-11-19,100.989998,102.589996,99.970001,100.339996,97.91745,12429800
2025-11-20,100.370003,101.190002,99.080002,99.349998,96.951355,6726200
2025-11-21,99.650002,102.029999,99.260002,101.199997,98.756683,11381000
2025-11-24,101.529999,103.699997,100.970001,103.199997,100.708397,13926400
2025-11-25,103.800003,105.599998,103.800003,105.349998,102.806488,9482900
2025-11-26,105.059998,106.330002,104.699997,105.019997,102.484451,5249600
2025-11-28,105.040001,105.330002,104.620003,105.330002,102.78698,2618200
2025-12-01,105.0,105.730003,103.309998,103.339996,100.845016,6666300
2025-12-02,103.419998,103.470001,101.709999,102.029999,99.56665,5797400
2025-12-03,102.540001,102.910004,101.580002,101.970001,99.508102,4167800
2025-12-04,102.040001,102.75,101.739998,101.989998,99.527611,4480500
2025-12-05,102.110001,102.459999,101.309998,101.360001,98.912827,5158000
2025-12-08,101.809998,102.489998,101.050003,101.260002,98.815239,5528800
2025-12-09,101.43,102.0,99.580002,99.620003,97.214836,4666100
2025-12-10,99.5,101.07,99.489998,100.769997,98.337059,6158600
2025-12-11,101.389999,101.389999,99.620003,99.75,97.34169,8338900
2025-12-12,99.849998,100.110001,99.0,99.870003,97.458809,6546500
2025-12-15,99.900002,100.669998,98.349998,98.57,96.190186,9569100
2025-12-16,98.550003,98.620003,97.169998,97.720001,95.36071,5639000
2025-12-17,97.809998,98.589996,97.760002,98.300003,95.926704,5574300
2025-12-18,98.690002,99.260002,98.089996,98.480003,96.102364,6306000
2025-12-19,98.540001,99.239998,98.220001,98.629997,96.248734,12760100
2025-12-22,98.400002,98.480003,96.889999,97.709999,95.350945,6546800
2025-12-23,97.510002,97.889999,97.269997,97.470001,95.116737,3579700
2025-12-24,97.410004,97.599998,97.0,97.269997,94.92157,1979000
2025-12-26,96.709999,96.75,96.010002,96.519997,94.882248,4340500
2025-12-29,96.739998,96.910004,95.959999,96.150002,94.518532,4790600
2025-12-30,96.32,96.879997,96.080002,96.660004,95.019875,3741200
2025-12-31,96.550003,96.989998,95.940002,96.059998,94.430046,4731500
2026-01-02,96.040001,96.440002,95.290001,96.050003,94.420227,6221800
2026-01-05,95.629997,97.559998,95.169998,97.360001,95.707993,6597700
2026-01-06,98.059998,100.540001,97.709999,100.309998,98.607941,7107600
2026-01-07,100.68,101.32,99.370003,99.769997,98.077095,7117900
2026-01-08,99.620003,100.400002,98.669998,98.690002,97.015427,5385900
2026-01-09,98.949997,99.199997,97.099998,97.529999,95.875114,5982800
2026-01-12,97.870003,98.0,95.870003,96.949997,95.304947,7837000
2026-01-13,97.32,97.32,95.93,96.419998,94.783943,5823400
2026-01-14,96.330002,98.769997,95.830002,98.739998,97.064575,9909300
2026-01-15,98.379997,99.459999,97.639999,99.0,97.320168,6703700
2026-01-16,98.68,98.949997,96.669998,96.760002,95.118179,9035600
2026-01-20,96.260002,98.669998,95.690002,98.599998,96.926956,10113200
2026-01-21,99.290001,101.029999,98.739998,100.290001,98.58828,11294700
2026-01-22,100.419998,102.080002,100.120003,101.339996,99.620453,9978700
2026-01-23,101.010002,101.720001,100.230003,100.879997,99.168266,8482200
2026-01-26,100.949997,102.099998,100.580002,100.669998,98.96183,8402000
2026-01-27,100.230003,102.029999,99.68,100.690002,98.981491,7131900
2026-01-28,100.459999,101.25,100.260002,100.790001,99.079796,6643000
2026-01-29,101.139999,101.589996,99.690002,101.0,99.286232,10126000
2026-01-30,101.660004,103.019997,101.279999,102.959999,101.212975,8579900
2026-02-02,102.849998,103.32,102.110001,102.709999,100.967216,7284100
2026-02-03,102.709999,105.029999,102.559998,103.18,101.429237,10725500
2026-02-04,103.32,105.5,101.190002,101.839996,100.111977,12572000
2026-02-05,101.919998,104.5,101.919998,102.949997,101.20314,9835000
2026-02-06,102.989998,103.75,101.889999,102.900002,101.153992,6617800
2026-02-09,103.589996,103.629997,101.43,101.650002,99.925201,8888500
2026-02-10,101.599998,103.110001,100.879997,101.419998,99.699097,9032200
2026-02-11,101.220001,101.220001,98.620003,101.080002,99.364876,10406000
2026-02-12,101.129997,102.050003,100.559998,100.879997,99.168266,9379100
2026-02-13,100.919998,102.510002,99.120003,99.489998,97.801849,10354800
2026-02-17,95.879997,98.120003,95.5,96.410004,94.774124,17374800
2026-02-18,96.0,98.550003,95.949997,98.489998,96.818817,10367800
2026-02-19,98.360001,98.720001,96.879997,97.580002,95.924263,9888200
2026-02-20,97.18,97.870003,96.470001,96.860001,95.216476,7188500
2026-02-23,96.650002,98.980003,96.540001,98.610001,96.936783,5959900
2026-02-24,98.540001,98.730003,96.57,96.75,95.108345,7614100
2026-02-25,96.32,97.389999,95.900002,96.650002,95.010048,6830600
2026-02-26,97.099998,97.599998,95.989998,97.029999,95.383591,7910700
2026-02-27,96.690002,98.059998,96.300003,97.660004,96.002907,8290500
2026-03-02,97.110001,98.769997,96.709999,98.099998,96.43544,6393800
2026-03-03,97.269997,97.730003,95.989998,96.709999,95.069023,6727700
2026-03-04,96.68,96.900002,95.419998,95.599998,93.977852,7235800
2026-03-05,94.75,94.900002,92.32,93.010002,91.431808,8367800
2026-03-06,92.489998,92.669998,90.169998,90.900002,89.357605,10786900
2026-03-09,90.0,91.540001,89.010002,91.339996,89.790138,11112400
2026-03-10,91.209999,91.410004,89.150002,89.889999,88.364738,8834400
2026-03-11,90.0,90.349998,87.989998,88.970001,87.460358,7971900
2026-03-12,89.379997,90.169998,87.309998,87.379997,85.897331,11033900
2026-03-13,87.660004,88.559998,86.720001,87.139999,85.661407,7923400
2026-03-16,87.410004,88.75,87.25,88.239998,86.742744,8109900
2026-03-17,88.459999,89.370003,88.160004,88.440002,86.939354,6283000
2026-03-18,88.050003,88.730003,87.059998,87.209999,85.730217,7081800
2026-03-19,87.25,87.720001,86.510002,86.870003,85.395988,5755300
2026-03-20,86.830002,87.279999,85.779999,86.160004,84.698044,11113900
2026-03-23,87.239998,87.68,86.360001,87.169998,85.690895,6903300
2026-03-24,86.489998,87.300003,86.160004,86.580002,85.110909,6696400
2026-03-25,86.900002,88.07,86.339996,87.889999,86.398674,9380100
2026-03-26,87.300003,89.18,87.300003,87.669998,86.182411,10770100
2026-03-27,87.32,87.529999,86.349998,87.139999,86.360802,10312100
2026-03-30,87.449997,87.529999,85.650002,85.739998,84.97332,8716200
2026-03-31,86.720001,86.779999,84.919998,86.650002,85.875183,7342200
2026-04-01,86.580002,86.959999,85.400002,86.059998,85.290459,7408400
2026-04-02,85.860001,86.970001,85.209999,86.629997,85.855362,4687400
2026-04-06,86.43,87.300003,86.07,86.279999,85.508492,4532300
2026-04-07,85.989998,86.970001,85.309998,86.419998,85.64724,6995400
2026-04-08,87.870003,88.839996,86.910004,88.650002,87.8573,12720600
2026-04-09,87.910004,88.550003,87.300003,87.910004,87.123924,7896600
2026-04-10,88.349998,88.349998,87.07,87.209999,86.430176,8279800
2026-04-13,87.0,88.160004,86.410004,88.0,87.213112,8276900
2026-04-14,88.0,88.669998,87.43,88.120003,87.332047,5640200
2026-04-15,87.860001,87.910004,86.449997,87.099998,86.321159,8543000
2026-04-16,86.82,87.580002,85.510002,85.650002,84.884132,8816900
2026-04-17,85.720001,87.050003,85.550003,86.190002,85.419304,10460700
2026-04-20,85.989998,87.050003,84.989998,85.0,84.239937,8500600
2026-04-21,85.25,85.349998,81.959999,82.0,81.266762,10786400
2026-04-22,82.900002,84.269997,82.660004,83.220001,82.475861,10668800
2026-04-23,83.849998,84.25,82.870003,83.790001,83.040764,7864600
2026-04-24,83.510002,83.769997,82.779999,83.32,82.574959,6570000
2026-04-27,83.120003,84.050003,82.860001,82.919998,82.178535,6635000
2026-04-28,83.730003,84.0,81.25,81.900002,81.167664,9889200
2026-04-29,81.440002,81.449997,78.910004,79.370003,78.660286,10814100
2026-04-30,79.5,81.110001,78.980003,80.970001,80.245979,15781700
2026-05-01,80.949997,81.169998,79.970001,80.0,79.284653,8268200
2026-05-04,79.470001,79.589996,78.290001,78.300003,77.599854,11134100
2026-05-05,78.5,78.550003,77.389999,77.790001,77.094414,9327200
2026-05-06,78.18,78.459999,77.160004,77.599998,76.906105,11477400
2026-05-07,77.989998,79.120003,77.639999,77.959999,77.262886,10008300
2026-05-08,78.339996,78.339996,75.910004,76.150002,75.469078,10199500
2026-05-11,76.25,76.5,74.400002,74.540001,73.873474,10495700
2026-05-12,74.970001,77.129997,74.599998,76.82,76.133087,10255200
2026-05-13,75.93,76.480003,75.400002,76.209999,75.528534,10975200
2026-05-14,76.360001,77.099998,75.940002,76.970001,76.281746,7444000
2026-05-15,77.0,77.379997,75.849998,76.150002,75.469078,9127300
2026-05-18,76.300003,77.550003,76.029999,77.32,76.628616,10973300
2026-05-19,77.349998,78.989998,76.739998,78.580002,77.87735,11931700
2026-05-20,78.169998,78.599998,77.349998,78.150002,77.451195,9665700
2026-05-21,77.489998,78.169998,76.980003,78.150002,77.451195,9226500
2026-05-22,78.400002,79.25,78.209999,78.599998,77.897163,7051500
2026-05-26,78.550003,78.550003,77.470001,77.599998,76.906105,6703900
2026-05-27,77.68,78.220001,75.839996,75.980003,75.300598,10474000
2026-05-28,75.550003,76.260002,75.300003,75.57,74.894264,13097900
2026-05-29,75.849998,75.849998,73.669998,73.809998,73.149994,22243500
2026-06-01,74.0,75.029999,73.769997,73.980003,73.318481,14209800
2026-06-02,73.809998,74.480003,73.309998,73.75,73.090538,14441700
2026-06-03,77.120003,78.360001,76.269997,77.949997,77.252975,20289700
2026-06-04,80.0,82.830002,79.870003,81.93,81.197388,19849600
2026-06-05,82.099998,82.68,81.110001,81.669998,80.939713,15286800
2026-06-08,80.989998,81.059998,79.959999,80.690002,79.968483,10254500
2026-06-09,80.760002,82.339996,80.599998,81.980003,81.246948,9825500
2026-06-10,82.209999,82.25,80.160004,80.25,79.53241,7004400
2026-06-11,80.089996,80.919998,79.800003,80.330002,79.611702,8411600
2026-06-12,80.580002,80.739998,79.260002,80.199997,79.482857,7692400
2026-06-15,80.25,80.790001,79.980003,80.379997,79.661247,6492200
2026-06-16,81.300003,81.629997,80.599998,81.32,80.592842,8459400
2026-06-17,81.0,81.75,77.620003,78.139999,77.441277,11874700
2026-06-18,78.589996,79.510002,78.449997,79.339996,78.630547,22656900
2026-06-22,79.169998,79.870003,78.300003,79.269997,78.561172,10018900
2026-06-23,79.75,80.75,79.580002,80.629997,79.909012,8482600
2026-06-24,80.120003,82.089996,80.07,80.129997,79.413483,8817800
2026-06-25,80.169998,82.480003,80.169998,80.519997,79.799995,9053500
2026-06-26,79.839996,81.870003,79.709999,80.980003,80.980003,12400900
2026-06-29,81.150002,81.779999,80.559998,80.93,80.93,8597300
2026-06-30,81.110001,81.199997,78.139999,78.230003,78.230003,9876700
2026-07-01,78.599998,80.279999,78.599998,79.199997,79.199997,7640300
2026-07-02,80.0,83.309998,79.900002,83.190002,83.190002,9722200
2026-07-06,83.25,83.769997,81.410004,83.059998,83.059998,10711100
2026-07-07,84.57,85.989998,83.730003,83.830002,83.830002,9080700
2026-07-08,83.150002,83.5,81.870003,82.010002,82.010002,5746800
2026-07-09,81.690002,83.0,81.099998,82.389999,82.389999,5532600
2026-07-10,82.830002,84.190002,82.559998,83.870003,83.870003,7191900
2026-07-13,84.0,84.690002,83.529999,83.57,83.57,4885200
2026-07-14,81.589996,82.0,78.970001,79.300003,79.300003,8499400
2026-07-15,79.610001,81.879997,79.459999,80.470001,80.470001,8785200
2026-07-16,81.449997,84.790001,81.190002,83.559998,83.559998,9698400
2026-07-17,83.519997,84.690002,82.709999,83.199997,83.199997,9207400
2026-07-20,82.980003,84.029999,82.800003,83.290001,83.290001,7232500
2026-07-21,82.489998,83.290001,81.489998,82.349998,82.349998,5840200
2026-07-22,82.959999,83.099998,81.519997,81.889999,81.889999,4667000
2026-07-23,81.739998,82.860001,81.5,82.010002,82.010002,5543800
2026-07-24,82.870003,83.599998,82.410004,83.209999,83.209999,4336100
2026-07-27,83.510002,85.139999,83.209999,84.220001,84.220001,5420600
2026-07-28,86.220001,88.980003,86.150002,86.879997,86.879997,14504600
2026-07-29,86.540001,88.690002,86.32,87.540001,87.540001,8294700
2026-07-30,86.400002,86.989998,85.080002,85.709999,85.709999,7375800
2026-07-31,85.330002,85.970001,83.839996,85.389999,85.389999,9605300
2026-08-03,86.809998,87.889999,85.809998,86.68,86.68,6785300
2026-08-04,85.489998,86.239998,84.949997,86.199997,86.199997,6361100
2026-08-05,86.5,86.830002,85.010002,85.989998,85.989998,4733900
2026-08-06,87.010002,87.300003,85.68,85.919998,85.919998,4976000
2026-08-07,85.459999,87.190002,84.959999,87.160004,87.160004,5056700
2026-08-10,87.160004,89.449997,86.720001,89.410004,89.410004,6572300
2026-08-11,89.260002,90.730003,88.699997,90.68,90.68,8392200
2026-08-12,88.959999,91.029999,88.5,90.760002,90.760002,6231800
2026-08-13,91.440002,91.610001,90.410004,90.580002,90.580002,6475800
2026-08-14,90.989998,91.989998,90.410004,91.269997,91.269997,8245200
2026-08-17,90.889999,91.790001,90.080002,90.599998,90.599998,7830300
2026-08-18,92.0,93.089996,91.470001,92.089996,92.089996,6789900
2026-08-19,92.379997,94.720001,91.949997,94.129997,94.129997,5636500
2026-08-20,93.370003,94.529999,92.230003,92.300003,92.300003,6348800
2026-08-21,92.57,93.550003,91.730003,93.349998,93.349998,7494500
2026-08-24,93.43,94.050003,92.660004,92.900002,92.900002,6010900
2026-08-25,92.279999,92.82,91.110001,91.139999,91.139999,6799400
2026-08-26,91.080002,92.529999,90.75,92.019997,92.019997,6046100
2026-08-27,91.5,91.610001,89.959999,89.970001,89.970001,7770900
2026-08-28,90.290001,91.559998,89.940002,91.230003,91.230003,6466100
