date,open,high,low,close,adj_close,volume
2005-01-03,11.325,11.4175,11.28125,11.33625,8.530718,8897600
2005-01-04,11.33375,11.36875,11.15125,11.175,8.409372,6463200
2005-01-05,11.20625,11.23625,11.0325,11.04125,8.308728,8606400
2005-01-06,11.03375,11.075,10.90125,11.0275,8.298382,8915200
2005-01-07,11.04,11.0625,10.94125,10.9625,8.249462,6992800
2005-01-10,10.86875,11.08375,10.85,11.07125,8.331295,9981600
2005-01-11,11.0,11.05625,10.895,11.01875,8.291789,6180800
2005-01-12,11.015,11.1025,10.9275,11.07375,8.333183,7448800
2005-01-13,11.05125,11.09375,10.955,11.0025,8.279563,5940000
2005-01-14,11.0125,11.11875,10.98125,11.11875,8.367048,4488800
2005-01-18,11.1,11.15,11.0475,11.0875,8.343527,7214400
2005-01-19,11.0975,11.22,11.0625,11.06875,8.329415,9040000
2005-01-20,11.05,11.05,10.84125,10.85,8.164804,7199200
2005-01-21,10.85,10.8825,10.75625,10.7875,8.117769,8354400
2005-01-24,10.80875,10.85,10.7525,10.78875,8.118714,6801600
2005-01-25,10.80625,10.815,10.71125,10.73625,8.079208,7143200
2005-01-26,10.7675,10.795,10.5875,10.64375,8.009596,9172000
2005-01-27,10.65625,10.83,10.65375,10.80625,8.13188,8648800
2005-01-28,10.80625,10.83875,10.69125,10.81125,8.135643,10192800
2005-01-31,10.8125,10.8625,10.775,10.82875,8.148812,6747200
2005-02-01,10.82875,10.9125,10.7875,10.88375,8.190198,7632000
2005-02-02,10.8525,10.875,10.80875,10.8375,8.155396,14760000
2005-02-03,10.8375,10.85625,10.78625,10.825,8.145987,9572000
2005-02-04,10.85125,10.90625,10.83125,10.88,8.187378,6468000
2005-02-07,10.8125,10.8575,10.7525,10.775,8.108366,12460800
2005-02-08,10.56875,10.625,10.325,10.49375,7.896716,28357600
2005-02-09,10.49375,10.49375,10.35625,10.4075,7.831813,10495200
2005-02-10,10.44875,10.50875,10.40625,10.495,7.897656,8768000
2005-02-11,10.495,10.6125,10.45625,10.58125,7.962566,6369600
2005-02-14,10.6,10.7375,10.54875,10.65125,8.015239,11671200
2005-02-15,10.625,10.7175,10.595,10.66125,8.022768,11015200
2005-02-16,10.66125,10.775,10.63375,10.67875,8.035935,9488800
2005-02-17,10.6375,10.6825,10.56375,10.65,8.014298,8584000
2005-02-18,10.6875,10.7225,10.6575,10.68875,8.04346,9297600
2005-02-22,10.6575,10.73125,10.4775,10.4875,7.892019,12332000
2005-02-23,10.50625,10.6375,10.5,10.6125,7.986081,9778400
2005-02-24,10.6125,10.8375,10.6,10.8125,8.136589,11217600
2005-02-25,10.8,10.9225,10.7875,10.90625,8.207129,8579200
2005-02-28,10.85,10.98625,10.84125,10.86875,8.178914,12490400
2005-03-01,10.87875,11.0325,10.86375,10.975,8.258867,12245600
2005-03-02,10.94375,10.99125,10.83375,10.91375,8.212779,13328000
2005-03-03,10.93875,11.0,10.88875,10.90625,8.207129,8092800
2005-03-04,10.98125,11.01,10.9,10.95,8.240058,9259200
2005-03-07,10.94875,10.97875,10.88,10.8975,8.200547,7369600
2005-03-08,10.89875,10.9075,10.8025,10.8125,8.136589,8979200
2005-03-09,10.8125,10.82875,10.7375,10.78375,8.11495,8437600
2005-03-10,10.8625,10.89125,10.76125,10.83625,8.166289,8740800
2005-03-11,10.89875,10.9875,10.78125,10.825,8.157807,9771200
2005-03-14,10.80625,10.88125,10.67875,10.72,8.078686,10088000
2005-03-15,10.7375,10.94875,10.73125,10.89375,8.209622,14417600
2005-03-16,10.9625,11.065,10.77,10.805,8.14274,16012000
2005-03-17,10.81875,10.93,10.80125,10.85375,8.179477,16804800
2005-03-18,10.95125,10.95125,10.63875,10.675,8.044769,40318400
2005-03-21,10.68875,10.695,10.4625,10.4875,7.90347,19248800
2005-03-22,10.51375,10.57375,10.3125,10.3175,7.775355,21436800
2005-03-23,10.25,10.3375,10.18,10.18,7.671735,19434400
2005-03-24,10.28125,10.4975,10.265,10.4525,7.877092,17895200
2005-03-28,10.52,10.55,10.39875,10.4025,7.839413,16083200
2005-03-29,10.41,10.41,10.19,10.20875,7.693402,14324800
2005-03-30,10.24,10.31,10.225,10.29375,7.757457,9520800
2005-03-31,10.3375,10.475,10.305,10.41375,7.847888,10768800
2005-04-01,10.485,10.53,10.3,10.375,7.818688,10605600
2005-04-04,10.36875,10.37,10.21375,10.2625,7.733909,10328800
2005-04-05,10.33125,10.40375,10.2825,10.38625,7.827167,10630400
2005-04-06,10.4325,10.475,10.295,10.33625,7.789488,7866400
2005-04-07,10.36875,10.36875,10.2125,10.32,7.777239,8481600
2005-04-08,10.3325,10.39875,10.28875,10.28875,7.753691,7780000
2005-04-11,10.30875,10.375,10.23125,10.28,7.747096,7210400
2005-04-12,10.2625,10.31125,10.13125,10.295,7.7584,9932000
2005-04-13,10.2825,10.2875,9.93625,9.96875,7.512537,16912800
2005-04-14,9.99125,10.0375,9.6975,9.75125,7.348628,18067200
2005-04-15,9.70625,9.72125,9.4625,9.4825,7.146094,14244800
2005-04-18,9.50375,9.53375,9.3875,9.49125,7.152685,16609600
2005-04-19,9.5625,9.7475,9.5575,9.67875,7.293991,13238400
2005-04-20,9.725,9.725,9.52,9.555,7.200728,15878400
2005-04-21,9.65625,9.84625,9.6275,9.82,7.40044,13736800
2005-04-22,9.8275,9.89625,9.625,9.7275,7.330728,14485600
2005-04-25,9.8225,9.97375,9.76375,9.79125,7.378767,8999200
2005-04-26,9.7475,9.855,9.70125,9.70125,7.310942,8486400
2005-04-27,9.7,9.79625,9.57375,9.75875,7.354277,8059200
2005-04-28,9.67125,9.7325,9.5975,9.61625,7.246887,11988800
2005-04-29,9.63625,9.675,9.38875,9.60125,7.235588,16364000
2005-05-02,9.60125,9.78375,9.58375,9.64,7.264785,8708800
2005-05-03,9.64375,9.76875,9.6225,9.71875,7.324134,9388000
2005-05-04,9.7375,9.8,9.6925,9.70625,7.314709,8381600
2005-05-05,9.7075,9.8375,9.665,9.7175,7.323191,8152800
2005-05-06,9.74875,9.84875,9.71625,9.7225,7.326959,7956800
2005-05-09,9.73375,9.84125,9.7075,9.84125,7.416451,6876800
2005-05-10,9.82375,9.82375,9.65875,9.7,7.310002,7524000
2005-05-11,9.7,9.7825,9.655,9.73,7.33261,8380800
2005-05-12,9.76875,9.8125,9.58125,9.605,7.238409,9826400
2005-05-13,9.55,9.675,9.475,9.55625,7.201671,9298400
2005-05-16,9.575,9.7,9.575,9.62625,7.254425,14284800
2005-05-17,9.6275,9.8725,9.5875,9.84625,7.420218,21914400
2005-05-18,9.95,10.3875,9.9025,10.24,7.71695,31804800
2005-05-19,10.27125,10.465,10.13875,10.39875,7.836585,20096000
2005-05-20,10.325,10.37875,10.21875,10.26125,7.732967,11200000
2005-05-23,10.30875,10.425,10.23625,10.31,7.769702,13842400
2005-05-24,10.31,10.34125,10.28625,10.34,7.792314,13022400
2005-05-25,10.29375,10.32125,10.17,10.20125,7.687749,7512000
2005-05-26,10.20625,10.28125,10.20625,10.2425,7.718832,6271200
2005-05-27,10.2625,10.3375,10.2275,10.30375,7.764992,5160800
2005-05-31,10.27625,10.315,10.2,10.275,7.743327,6324800
2005-06-01,10.2875,10.49875,10.26125,10.3925,7.831881,10272800
2005-06-02,10.3575,10.53,10.34125,10.4775,7.895929,8730400
2005-06-03,10.4775,10.53125,10.4375,10.46875,7.889339,5740000
2005-06-06,10.46875,10.55875,10.4275,10.54125,7.943979,5126400
2005-06-07,10.56,10.675,10.54125,10.6,7.988251,8390400
2005-06-08,10.60125,10.63625,10.56375,10.615,7.999554,10844000
2005-06-09,10.58375,10.73625,10.50875,10.70625,8.080214,10097600
2005-06-10,10.705,10.76875,10.68625,10.745,8.10946,9267200
2005-06-13,10.84125,10.95875,10.835,10.8925,8.220781,19703200
2005-06-14,10.875,10.9125,10.75,10.81875,8.165125,7634400
2005-06-15,10.93125,10.99,10.8575,10.955,8.267952,14152000
2005-06-16,10.95625,11.12125,10.95125,11.01875,8.316065,15895200
2005-06-17,11.0375,11.1075,11.0125,11.0475,8.337765,19523200
2005-06-20,11.04875,11.08,11.01875,11.0475,8.337765,10022400
2005-06-21,11.0475,11.13625,11.0375,11.10625,8.382105,7954400
2005-06-22,11.20625,11.23625,11.1,11.17375,8.43305,13064000
2005-06-23,11.21125,11.36625,11.19375,11.2625,8.50003,16450400
2005-06-24,11.24375,11.27,11.135,11.16875,8.42927,21107200
2005-06-27,11.12875,11.12875,10.57625,10.72125,8.091536,59717600
2005-06-28,10.73125,11.03125,10.7275,11.0,8.301916,22827200
2005-06-29,11.01875,11.01875,10.8875,10.915,8.237761,12059200
2005-06-30,10.89625,10.90625,10.8,10.825,8.169833,17471200
2005-07-01,10.77125,10.825,10.6625,10.75125,8.114175,11341600
2005-07-05,10.75,10.94375,10.745,10.83875,8.180216,13173600
2005-07-06,10.86875,10.8725,10.665,10.6975,8.073612,9980800
2005-07-07,10.66625,10.69875,10.59,10.6625,8.047194,9904800
2005-07-08,10.6625,10.78,10.60375,10.78,8.135873,7953600
2005-07-11,10.86875,10.89875,10.8125,10.88625,8.216063,10056000
2005-07-12,10.845,10.8875,10.775,10.87875,8.210398,8228800
2005-07-13,10.91375,10.93625,10.85,10.885,8.21512,8828800
2005-07-14,10.90625,10.98875,10.87625,10.94875,8.263232,13930400
2005-07-15,10.95,11.0625,10.93875,11.0625,8.349083,10699200
2005-07-18,11.0,11.05,10.96,10.98875,8.293428,10916000
2005-07-19,11.0025,11.02875,10.9375,10.985,8.290593,7934400
2005-07-20,10.9375,11.0625,10.86625,11.055,8.343421,11690400
2005-07-21,11.025,11.02625,10.75,10.84625,8.185874,17286400
2005-07-22,10.7925,10.885,10.73875,10.82875,8.172666,13268800
2005-07-25,10.775,10.8,10.57,10.65375,8.040592,14856000
2005-07-26,10.64875,10.655,10.4625,10.55,7.962289,12884000
2005-07-27,10.5625,10.57,10.42875,10.5,7.924556,26172800
2005-07-28,10.53125,10.5725,10.47125,10.5625,7.971723,12499200
2005-07-29,10.54,10.6025,10.465,10.475,7.905689,6834400
2005-08-01,10.47625,10.53625,10.33125,10.3575,7.817006,14940000
2005-08-02,10.3575,10.72875,9.99625,10.72875,8.097196,37156000
2005-08-03,10.76,11.125,10.7225,10.865,8.200025,27108800
2005-08-04,10.775,10.8425,10.6375,10.65,8.03776,10752800
2005-08-05,10.65125,10.6525,10.5275,10.62875,8.021726,6570400
2005-08-08,10.62875,10.69,10.525,10.53875,7.953795,10556800
2005-08-09,10.59375,10.5975,10.46,10.4625,7.896251,7538400
2005-08-10,10.525,10.5275,10.315,10.3375,7.801909,20727200
2005-08-11,10.375,10.3975,10.15,10.245,7.732101,14964000
2005-08-12,10.21375,10.3075,10.12125,10.1975,7.696249,11182400
2005-08-15,10.205,10.3375,10.1875,10.27125,7.751912,12602400
2005-08-16,10.27125,10.27125,10.08,10.1,7.622666,11117600
2005-08-17,10.125,10.1525,9.94625,9.995,7.543419,22760800
2005-08-18,9.98125,10.17125,9.94375,10.0925,7.617007,20251200
2005-08-19,10.15,10.1875,10.01875,10.0425,7.579271,15278400
2005-08-22,10.1325,10.1325,9.8375,9.90875,7.478324,19744800
2005-08-23,9.9375,9.97625,9.84,9.8825,7.458513,16293600
2005-08-24,9.89375,10.03125,9.8525,9.9625,7.518891,17479200
2005-08-25,9.9625,10.0675,9.94625,9.98375,7.53493,9432800
2005-08-26,9.98375,10.00875,9.90375,9.965,7.520779,10021600
2005-08-29,9.9,9.9725,9.8625,9.93,7.494362,7834400
2005-08-30,9.85,9.85625,9.67,9.7875,7.38682,21540800
2005-08-31,9.7875,9.8725,9.715,9.86375,7.444364,10447200
2005-09-01,9.86375,9.9025,9.7575,9.78125,7.3821,10367200
2005-09-02,9.80625,9.85625,9.61875,9.6275,7.266061,12255200
2005-09-06,9.62875,9.7525,9.56625,9.74125,7.35191,17560800
2005-09-07,9.79375,9.79375,9.6175,9.63375,7.270779,24559200
2005-09-08,9.625,9.8375,9.59625,9.81375,7.418658,27604000
2005-09-09,9.825,9.9375,9.815,9.815,7.419601,16885600
2005-09-12,9.86875,10.1175,9.835,10.0,7.559458,22596000
2005-09-13,10.075,10.2,9.90125,9.91,7.491422,21124000
2005-09-14,9.91,9.935,9.79375,9.81125,7.416772,18700800
2005-09-15,9.84375,9.88625,9.795,9.8675,7.459297,27280000
2005-09-16,9.925,9.965,9.7975,9.8075,7.413935,55197600
2005-09-19,10.45125,10.65625,10.2375,10.43125,7.885458,83732000
2005-09-20,10.49375,10.49875,9.95125,10.0,7.559458,36563200
2005-09-21,10.025,10.10875,9.92375,9.925,7.50276,20348800
2005-09-22,10.0,10.16625,9.9875,10.11875,7.649224,18862400
2005-09-23,10.06875,10.2425,9.95875,10.15875,7.67946,13378400
2005-09-26,10.28125,10.3125,10.1425,10.16875,7.687021,17570400
2005-09-27,10.23125,10.255,10.17125,10.2,7.710644,10240000
2005-09-28,10.20625,10.25,10.14,10.1625,7.682294,10922400
2005-09-29,10.15625,10.1775,10.07625,10.1375,7.663394,15942400
2005-09-30,10.13875,10.21,10.115,10.21,7.718206,14119200
2005-10-03,10.26,10.325,10.21,10.2875,7.77679,18812800
2005-10-04,10.33125,10.4975,10.31375,10.33125,7.809861,18534400
2005-10-05,10.33,10.37,10.18,10.18625,7.700252,12077600
2005-10-06,10.1875,10.425,10.17875,10.2625,7.757892,13666400
2005-10-07,10.29375,10.41125,10.24625,10.34625,7.8212,10734400
2005-10-10,10.34625,10.4725,10.2825,10.3225,7.803246,9730400
2005-10-11,10.34125,10.46875,10.29,10.3725,7.841044,11959200
2005-10-12,10.36625,10.3875,10.2125,10.24,7.740881,12796000
2005-10-13,10.23125,10.25375,9.9925,10.095,7.631269,13408000
2005-10-14,10.1375,10.2475,10.0625,10.2125,7.720095,10551200
2005-10-17,10.2,10.29,10.16125,10.27125,7.764505,8544000
2005-10-18,10.27,10.27625,10.13875,10.18125,7.696475,9300800
2005-10-19,10.16875,10.3125,10.09125,10.30625,7.790965,12868800
2005-10-20,10.3125,10.46875,10.3125,10.4,7.861828,16002400
2005-10-21,10.40125,10.53125,10.38125,10.435,7.888291,10356800
2005-10-24,10.44375,10.54,10.35,10.5125,7.946878,13207200
2005-10-25,10.4625,10.53125,10.405,10.44,7.892073,10634400
2005-10-26,10.41375,10.53125,10.345,10.47875,7.921368,10240800
2005-10-27,10.47875,10.48,10.29875,10.3,7.786239,12271200
2005-10-28,10.3025,10.415,10.3025,10.35,7.824036,8842400
2005-10-31,10.375,10.53375,10.37,10.50625,7.942151,17168000
2005-11-01,10.5,10.53,10.42875,10.50125,7.938375,8879200
2005-11-02,10.5,10.7325,10.49,10.69375,8.083898,14633600
2005-11-03,10.74375,10.90375,10.74375,10.8875,8.230351,17344000
2005-11-04,10.875,10.99875,10.87,10.975,8.296496,15567200
2005-11-07,10.975,11.02625,10.9675,11.0,8.3154,14751200
2005-11-08,10.96875,10.96875,10.81875,10.8525,8.203897,10942400
2005-11-09,10.8875,10.9,10.80125,10.82625,8.184057,6972800
2005-11-10,10.8125,10.93625,10.80625,10.915,8.251144,6687200
2005-11-11,10.9375,10.9375,10.845,10.865,8.213349,5204000
2005-11-14,10.865,10.9075,10.80875,10.81375,8.174609,4581600
2005-11-15,10.84375,10.85125,10.64625,10.69875,8.08767,9471200
2005-11-16,10.725,10.7775,10.655,10.74625,8.123583,6026400
2005-11-17,10.8375,10.89375,10.795,10.86,8.209571,6660800
2005-11-18,10.96875,10.96875,10.82625,10.9625,8.287053,11841600
2005-11-21,10.84125,10.89125,10.72875,10.805,8.167994,22252000
2005-11-22,10.83125,10.905,10.805,10.875,8.220905,12028000
2005-11-23,10.87625,11.0,10.875,10.96,8.285165,7104000
2005-11-25,10.985,11.06875,10.9025,11.02625,8.335246,3697600
2005-11-28,11.0575,11.0575,10.80625,10.80625,8.168939,11467200
2005-11-29,10.80625,10.825,10.725,10.7375,8.116967,7916800
2005-11-30,10.74375,10.83,10.65875,10.6625,8.060263,9443200
2005-12-01,10.71875,10.77125,10.63125,10.69625,8.085781,9410400
2005-12-02,10.725,11.0275,10.725,10.95,8.277605,16309600
2005-12-05,10.875,10.9925,10.8575,10.91625,8.252089,8869600
2005-12-06,10.9375,10.97125,10.88125,10.89125,8.23319,11436000
2005-12-07,10.91125,10.94125,10.81,10.8375,8.192555,7938400
2005-12-08,10.78375,10.78375,10.71125,10.7375,8.131505,12310400
2005-12-09,10.76875,10.77875,10.65875,10.7375,8.131505,12073600
2005-12-12,10.9125,10.95625,10.84375,10.92625,8.274445,15633600
2005-12-13,10.9275,11.0175,10.85625,10.99,8.322718,14662400
2005-12-14,11.0125,11.4425,11.00875,11.43,8.655937,45728800
2005-12-15,11.41875,11.4275,11.175,11.21875,8.495953,16780000
2005-12-16,11.25,11.26,11.05375,11.0625,8.377624,15298400
2005-12-19,11.17625,11.17625,10.8975,10.9075,8.260242,14775200
2005-12-20,10.87375,11.09375,10.8275,11.06,8.375734,18155200
2005-12-21,10.61,10.77125,10.46875,10.71875,8.117302,69370400
2005-12-22,10.6625,10.825,10.65625,10.78,8.163689,15634400
2005-12-23,10.8375,10.93375,10.81875,10.875,8.235629,16156800
2005-12-27,10.93125,11.03125,10.8675,10.88625,8.244148,13765600
2005-12-28,10.88625,11.03125,10.88625,10.95,8.292427,9968800
2005-12-29,10.9625,11.015,10.925,10.925,8.273497,5332000
2005-12-30,10.90375,10.98625,10.83375,10.84875,8.215753,5108800
2006-01-03,10.84875,10.925,10.6675,10.74375,8.136234,18468800
2006-01-04,10.70625,10.8,10.66875,10.69375,8.098372,15832000
2006-01-05,10.69375,10.82625,10.69375,10.75875,8.147593,9256000
2006-01-06,10.7875,10.8275,10.7125,10.725,8.122034,7573600
2006-01-09,10.725,10.9775,10.72,10.875,8.235629,10441600
2006-01-10,10.80625,10.9825,10.7975,10.8975,8.252669,11837600
2006-01-11,10.9125,11.0075,10.875,10.9125,8.264025,10372800
2006-01-12,11.02,11.02,10.75125,10.78875,8.170317,11159200
2006-01-13,10.8375,10.89,10.68125,10.775,8.1599,9612000
2006-01-17,10.75,10.75,10.6375,10.65,8.065234,11075200
2006-01-18,10.63125,10.68,10.545,10.58,8.012225,9202400
2006-01-19,10.52875,10.62,10.5,10.5875,8.017905,8888800
2006-01-20,10.6375,10.70375,10.47875,10.525,7.970572,16132000
2006-01-23,10.45,10.5,10.18375,10.43125,7.899579,38273600
2006-01-24,10.53875,10.565,10.39125,10.5025,7.953534,16800000
2006-01-25,10.5075,10.5675,10.4875,10.5325,7.976254,10268800
2006-01-26,10.6425,10.6425,10.4725,10.4975,7.94975,15965600
2006-01-27,10.52875,10.57875,10.385,10.39375,7.871181,17025600
2006-01-30,10.3275,10.34875,10.075,10.225,7.743386,78979200
2006-01-31,10.225,10.25625,10.11,10.11875,7.662923,20348000
2006-02-01,10.15625,10.515,10.15125,10.39125,7.869285,35525600
2006-02-02,10.3975,10.48875,10.375,10.41875,7.890114,20464800
2006-02-03,10.3625,10.4775,10.3425,10.46125,7.922297,15826400
2006-02-06,10.675,10.71875,10.505,10.51875,7.965844,19246400
2006-02-07,10.5375,10.5875,10.40125,10.4325,7.900527,10368800
2006-02-08,10.46375,10.61875,10.4375,10.54875,7.988565,18636800
2006-02-09,10.475,10.555,10.44875,10.48625,7.941232,9232800
2006-02-10,10.58625,10.58625,10.3825,10.55875,7.996133,10339200
2006-02-13,10.51875,10.54375,10.395,10.535,7.978148,9512800
2006-02-14,10.535,10.58,10.45125,10.5,7.951647,11758400
2006-02-15,10.53125,10.625,10.46875,10.53375,7.9772,9453600
2006-02-16,10.61875,10.635,10.54125,10.595,8.023586,6254400
2006-02-17,10.53125,10.65375,10.5125,10.6125,8.036839,8001600
2006-02-21,10.6,10.66125,10.5625,10.635,8.053878,8744000
2006-02-22,10.65625,10.86625,10.63875,10.7425,8.135292,12035200
2006-02-23,10.7425,10.92625,10.71875,10.82125,8.194925,10108000
2006-02-24,10.82125,10.9375,10.8,10.9,8.254557,11014400
2006-02-27,10.90125,10.9625,10.83375,10.9125,8.264025,7179200
2006-02-28,10.85,10.97875,10.8275,10.8475,8.214803,18676000
2006-03-01,10.83125,10.8925,10.775,10.78875,8.170317,10713600
2006-03-02,10.71875,10.79875,10.66875,10.75625,8.1457,13876000
2006-03-03,10.73125,10.84,10.72375,10.7875,8.169366,8387200
2006-03-06,10.8125,11.005,10.78125,10.865,8.228057,14712800
2006-03-07,10.7075,10.7075,10.50375,10.6125,8.036839,24400000
2006-03-08,10.59375,10.635,10.5625,10.625,8.046306,19901600
2006-03-09,10.6,10.68625,10.5925,10.66875,8.094199,11776000
2006-03-10,10.66875,10.71875,10.59875,10.62375,8.060056,9075200
2006-03-13,10.62375,10.62875,10.5325,10.55625,8.008843,9057600
2006-03-14,10.55,10.58,10.52375,10.5775,8.024966,8360000
2006-03-15,10.62625,10.66,10.55125,10.6275,8.0629,11728000
2006-03-16,10.625,10.80875,10.625,10.7525,8.15774,12339200
2006-03-17,10.72125,10.74,10.6625,10.6775,8.100837,11220800
2006-03-20,10.625,10.7775,10.6125,10.68875,8.109368,15207200
2006-03-21,10.69,10.69,10.58625,10.61875,8.056262,19258400
2006-03-22,10.6125,10.8975,10.5625,10.8525,8.233606,38750400
2006-03-23,10.84375,10.8875,10.75,10.75125,8.156794,23581600
2006-03-24,10.76375,10.8425,10.68875,10.745,8.152049,12403200
2006-03-27,10.73125,10.73125,10.63125,10.68125,8.103683,8194400
2006-03-28,10.6625,10.73,10.5975,10.65,8.079977,8464000
2006-03-29,10.6375,10.69375,10.625,10.6925,8.112218,6694400
2006-03-30,10.7375,10.74125,10.5825,10.625,8.061007,11872000
2006-03-31,10.625,10.65,10.58125,10.6375,8.07049,8536800
2006-04-03,10.6375,10.7325,10.58125,10.61375,8.05247,11781600
2006-04-04,10.6125,10.6475,10.50125,10.63,8.064795,7724000
2006-04-05,10.6125,10.64375,10.5275,10.57125,8.020226,7793600
2006-04-06,10.5875,10.64,10.4875,10.6075,8.047731,11317600
2006-04-07,10.64375,10.66875,10.4425,10.45375,7.93108,10429600
2006-04-10,10.4775,10.5125,10.3375,10.38625,7.879871,10723200
2006-04-11,10.44375,10.4925,10.28875,10.31125,7.822972,10032000
2006-04-12,10.31125,10.34875,10.25375,10.31875,7.828663,11932800
2006-04-13,10.33125,10.4625,10.32,10.4125,7.899785,13517600
2006-04-17,10.405,10.40625,10.15625,10.22625,7.758478,16674400
2006-04-18,10.21875,10.2675,10.18625,10.21875,7.75279,17185600
2006-04-19,10.225,10.3025,10.1925,10.265,7.787879,9879200
2006-04-20,10.25625,10.375,10.255,10.35375,7.855213,7444800
2006-04-21,10.3875,10.39375,10.315,10.3775,7.873232,9226400
2006-04-24,10.3775,10.37875,10.3125,10.3375,7.842882,11511200
2006-04-25,10.325,10.35375,10.2125,10.2525,7.778398,9793600
2006-04-26,10.28375,10.31,10.12,10.1575,7.706321,12454400
2006-04-27,10.045,10.2425,10.045,10.23,7.761321,10345600
2006-04-28,10.26875,10.29875,10.15875,10.23,7.761321,6699200
2006-05-01,10.25375,10.3025,10.19125,10.2125,7.748049,9552800
2006-05-02,10.2625,10.28875,10.19625,10.19625,7.735719,7672800
2006-05-03,10.1975,10.225,10.06875,10.14125,7.693992,11987200
2006-05-04,10.16875,10.2375,10.11875,10.12,7.677871,8754400
2006-05-05,10.1475,10.1975,10.11625,10.19375,7.733823,6836000
2006-05-08,10.2,10.305,10.19,10.28125,7.800212,7833600
2006-05-09,10.29375,10.35625,10.2675,10.275,7.795465,6925600
2006-05-10,10.3,10.365,10.275,10.29125,7.807793,7316000
2006-05-11,10.36625,10.3875,10.1425,10.16375,7.711066,8680000
2006-05-12,10.125,10.23875,10.11625,10.1875,7.729083,10314400
2006-05-15,10.125,10.21125,10.125,10.205,7.74236,9813600
2006-05-16,10.22625,10.26125,10.06375,10.08375,7.650368,12880000
2006-05-17,10.0075,10.1125,9.97375,10.0375,7.615281,15206400
2006-05-18,9.93875,10.12,9.93875,9.96875,7.563119,11856800
2006-05-19,9.95,9.95625,9.7225,9.8375,7.46354,31140800
2006-05-22,9.8125,9.88125,9.67375,9.7475,7.395262,23106400
2006-05-23,9.8375,10.1875,9.8375,9.87375,7.491045,26717600
2006-05-24,9.875,9.94625,9.80125,9.9075,7.516651,13388000
2006-05-25,9.95625,9.9725,9.87125,9.95625,7.553635,6053600
2006-05-26,9.99,10.19125,9.9825,10.12625,7.682613,12556800
2006-05-30,10.10625,10.11125,9.99875,10.0,7.586829,7715200
2006-05-31,10.0,10.07625,10.0,10.03875,7.61623,10692000
2006-06-01,10.05125,10.19125,10.03375,10.1775,7.721494,11068000
2006-06-02,10.1725,10.27,10.13375,10.22375,7.756583,10720800
2006-06-05,10.22375,10.225,10.01875,10.03125,7.610537,14556800
2006-06-06,10.0625,10.09,9.9875,10.025,7.605798,9316800
2006-06-07,10.03125,10.1475,10.03,10.0925,7.657011,18972000
2006-06-08,10.075,10.1225,9.89375,10.08125,7.663186,13960800
2006-06-09,10.11875,10.215,10.0875,10.14125,7.708791,6504800
2006-06-12,10.15625,10.2875,10.125,10.14125,7.708791,11844000
2006-06-13,10.125,10.2775,10.1125,10.17125,7.731596,11875200
2006-06-14,10.15,10.27625,10.15,10.26,7.79906,13356000
2006-06-15,10.25875,10.53,10.2375,10.44375,7.938734,13504800
2006-06-16,10.4,10.535,10.37625,10.39375,7.900729,8332800
2006-06-19,10.5,10.50625,10.32375,10.38375,7.893127,10402400
2006-06-20,10.41625,10.43375,10.2375,10.2725,7.808561,13354400
2006-06-21,10.26875,10.40625,10.2375,10.34375,7.86272,11139200
2006-06-22,10.34375,10.49875,10.2775,10.48375,7.969139,13156800
2006-06-23,10.48375,10.62125,10.45,10.545,8.015699,11575200
2006-06-26,10.60625,10.6175,10.4975,10.53125,8.005245,8483200
2006-06-27,10.55625,10.55625,10.3925,10.45375,7.946338,14756800
2006-06-28,10.1875,10.1875,9.8625,9.965,7.574818,68290400
2006-06-29,10.0,10.155,9.94,10.1225,7.69454,20777600
2006-06-30,10.1375,10.23875,10.11375,10.125,7.696439,10331200
2006-07-03,10.13125,10.21875,10.13125,10.16625,7.727794,4727200
2006-07-05,10.09375,10.1125,9.95625,10.00625,7.60617,18497600
2006-07-06,10.0375,10.05125,9.96125,9.97375,7.581467,15312000
2006-07-07,9.93875,9.9875,9.86875,9.885,7.51401,15615200
2006-07-10,9.885,9.95625,9.83875,9.8725,7.5045,9697600
2006-07-11,9.84375,9.89,9.78,9.82375,7.467444,11295200
2006-07-12,9.76875,9.86125,9.76375,9.82625,7.469348,18676800
2006-07-13,9.82625,9.88875,9.75875,9.845,7.4836,14193600
2006-07-14,9.8,9.8975,9.79125,9.8225,7.466494,19474400
2006-07-17,9.75,9.8875,9.75,9.86125,7.495951,18280000
2006-07-18,9.86125,9.895,9.775,9.8125,7.458895,26272800
2006-07-19,9.8625,9.93,9.8325,9.85,7.487403,23887200
2006-07-20,9.79375,9.97875,9.7775,9.95,7.563417,19197600
2006-07-21,9.95,10.0375,9.88375,10.0075,7.607122,19664800
2006-07-24,10.0,10.11875,9.99375,10.08,7.662236,14479200
2006-07-25,10.01875,10.08875,9.8925,10.045,7.635627,14226400
2006-07-26,10.0,10.01625,9.8925,10.0,7.601421,12033600
2006-07-27,10.05625,10.16375,9.83375,9.87,7.502604,11748800
2006-07-28,9.8975,10.03125,9.83125,9.9875,7.591923,13740800
2006-07-31,9.9525,10.03125,9.82375,9.875,7.506405,14180800
2006-08-01,9.875,9.96,9.7925,9.83625,7.476945,17888800
2006-08-02,9.85,9.8925,9.74875,9.76625,7.423737,26112800
2006-08-03,9.70625,9.7925,9.61875,9.76875,7.425637,31386400
2006-08-04,9.8125,9.8875,9.75125,9.83375,7.475048,17887200
2006-08-07,9.78375,9.785,9.6225,9.74,7.403783,19957600
2006-08-08,9.79375,9.865,9.58375,9.63875,7.326821,16034400
2006-08-09,9.6575,9.71125,9.58625,9.61,7.304966,14115200
2006-08-10,9.57625,9.60625,9.44,9.525,7.240352,21132800
2006-08-11,9.55625,9.60125,9.53125,9.56375,7.269811,21436800
2006-08-14,9.625,9.7025,9.62,9.6475,7.333472,13384000
2006-08-15,9.68125,9.7225,9.61,9.70875,7.380029,20831200
2006-08-16,9.74625,9.74875,9.5625,9.71875,7.387633,25273600
2006-08-17,9.71875,9.7225,9.55,9.62,7.312567,20446400
2006-08-18,9.6075,9.62875,9.535,9.58875,7.288814,17783200
2006-08-21,9.59,9.63125,9.55625,9.59625,7.294516,9718400
2006-08-22,9.61875,9.705,9.6,9.60625,7.302115,11890400
2006-08-23,9.59625,9.63,9.57625,9.60625,7.302115,11848800
2006-08-24,9.59625,9.63625,9.55,9.605,7.301168,12147200
2006-08-25,9.59625,9.62375,9.54375,9.59625,7.294516,12555200
2006-08-28,9.615,9.74625,9.61125,9.73125,7.39713,13697600
2006-08-29,9.71875,10.00875,9.71625,9.99625,7.598569,24609600
2006-08-30,9.98125,10.055,9.9025,9.97,7.578614,25898400
2006-08-31,9.975,10.11875,9.97125,10.095,7.673632,15069600
2006-09-01,10.095,10.17125,10.0925,10.1425,7.709739,14891200
2006-09-05,10.125,10.18,10.0425,10.17625,7.735395,14392800
2006-09-06,10.15625,10.22375,10.0875,10.12125,7.693588,11811200
2006-09-07,10.12125,10.12125,9.9825,10.07375,7.672171,13287200
2006-09-08,10.1,10.26125,10.09,10.25625,7.811164,16472000
2006-09-11,10.25,10.3275,10.23875,10.3025,7.846384,13384800
2006-09-12,10.3025,10.49375,10.19625,10.43125,7.944439,22070400
2006-09-13,10.375,10.42,10.35,10.3875,7.911121,30132800
2006-09-14,10.36875,10.3725,10.26125,10.34625,7.879704,19131200
2006-09-15,10.35,10.41,10.3175,10.37125,7.898743,18136800
2006-09-18,10.32625,10.37125,10.25,10.29,7.836865,19940800
2006-09-19,10.29125,10.29125,10.09125,10.25375,7.809255,24771200
2006-09-20,10.3125,10.35625,10.22625,10.325,7.863521,27616800
2006-09-21,10.365,10.48125,10.24625,10.3075,7.850194,28671200
2006-09-22,10.76875,10.8575,10.605,10.795,8.221473,61566400
2006-09-25,10.8075,10.87,10.665,10.81375,8.235753,28031200
2006-09-26,10.74375,11.09125,10.71125,11.04875,8.414724,33953600
2006-09-27,10.95,11.11375,10.9425,11.01375,8.388071,30388000
2006-09-28,11.0125,11.06625,10.97375,11.0375,8.40616,10926400
2006-09-29,11.0625,11.0625,10.945,10.9525,8.341426,11379200
2006-10-02,10.87125,10.99625,10.86375,10.935,8.3281,9556800
2006-10-03,10.90375,10.99625,10.86625,10.9825,8.364276,11223200
2006-10-04,10.9625,11.19625,10.9625,11.1625,8.501358,18701600
2006-10-05,11.09375,11.18125,11.05125,11.12625,8.473749,13629600
2006-10-06,11.0925,11.0925,10.925,11.01875,8.391881,12823200
2006-10-09,10.9625,11.085,10.94,11.0575,8.421391,7760800
2006-10-10,11.04875,11.16875,11.04875,11.0725,8.432817,9226400
2006-10-11,11.0625,11.0925,10.9725,11.055,8.419485,7115200
2006-10-12,11.0425,11.2525,11.02,11.22625,8.549914,16012800
2006-10-13,11.1875,11.25375,11.1625,11.2,8.52992,8913600
2006-10-16,11.2,11.34375,11.2,11.31625,8.618455,12733600
2006-10-17,11.25,11.29125,11.16,11.21875,8.544201,11596000
2006-10-18,11.22875,11.2375,11.02625,11.12625,8.473749,14620800
2006-10-19,11.075,11.1975,11.0275,11.175,8.510879,6892000
2006-10-20,11.175,11.18375,11.02,11.075,8.434721,9458400
2006-10-23,11.075,11.2975,11.07125,11.2925,8.600369,9538400
2006-10-24,11.19375,11.4075,11.1375,11.39125,8.675579,10454400
2006-10-25,11.425,11.67125,11.425,11.66875,8.88692,22471200
2006-10-26,11.63125,11.75875,11.57,11.70875,8.917385,16076000
2006-10-27,11.62125,11.65625,11.46125,11.4825,8.745073,11157600
2006-10-30,11.415,11.5325,11.37875,11.50125,8.759355,10457600
2006-10-31,11.475,11.5125,11.38625,11.485,8.746979,9246400
2006-11-01,11.5125,11.5125,11.38625,11.42375,8.700329,14890400
2006-11-02,11.34875,11.61375,11.3225,11.6,8.83456,16651200
2006-11-03,11.625,11.7175,11.51625,11.57125,8.812667,11793600
2006-11-06,11.56875,11.64,11.51875,11.60375,8.837418,11483200
2006-11-07,11.6075,11.65125,11.5475,11.55875,8.803144,14104800
2006-11-08,11.44625,11.6725,11.44375,11.6225,8.851698,8949600
2006-11-09,11.66875,11.66875,11.5275,11.595,8.830754,9478400
2006-11-10,11.61375,11.7625,11.58875,11.75875,8.955464,8728000
2006-11-13,11.7125,11.875,11.70625,11.765,8.960225,11998400
2006-11-14,11.79375,11.84875,11.71125,11.8375,9.01544,7215200
2006-11-15,11.8375,11.99125,11.8375,11.93625,9.090651,13675200
2006-11-16,11.98,11.9875,11.835,11.90375,9.065896,6719200
2006-11-17,11.87875,11.97375,11.85,11.9475,9.099216,10045600
2006-11-20,11.9375,12.06125,11.89625,12.0425,9.171569,9708800
2006-11-21,12.0,12.11125,11.94125,12.0725,9.194416,7824000
2006-11-22,12.04375,12.13,12.01625,12.12875,9.23726,4570400
2006-11-24,12.06625,12.1675,12.01125,12.09125,9.208694,5413600
2006-11-27,12.06,12.10875,11.96125,11.985,9.127779,8764000
2006-11-28,11.90125,12.0125,11.88,12.0,9.139197,7517600
2006-11-29,12.08125,12.1475,12.05375,12.10875,9.222026,7023200
2006-11-30,12.10875,12.4125,12.0675,12.36875,9.420041,17116800
2006-12-01,12.3375,12.39375,12.015,12.2,9.291522,13722400
2006-12-04,12.125,12.29125,12.0425,12.2675,9.342929,13048000
2006-12-05,12.23375,12.37375,12.2075,12.31375,9.378152,14239200
2006-12-06,12.345,12.345,12.23125,12.275,9.348639,14532800
2006-12-07,12.25,12.325,12.21625,12.2425,9.341488,7474400
2006-12-08,12.18125,12.27375,12.0875,12.13,9.255645,8344800
2006-12-11,12.1175,12.245,12.0525,12.18125,9.29475,14856000
2006-12-12,12.1575,12.17,12.04625,12.07125,9.210813,13992000
2006-12-13,12.04125,12.06875,11.89375,11.98125,9.142144,14917600
2006-12-14,12.00625,12.15625,11.99,12.125,9.251832,11707200
2006-12-15,12.14375,12.15375,12.0,12.00625,9.161219,10960800
2006-12-18,12.11,12.1625,12.01125,12.0225,9.173619,8676000
2006-12-19,12.0225,12.04375,11.84875,12.02375,9.174571,13292000
2006-12-20,12.125,12.51,12.08625,12.4725,9.516985,28552800
2006-12-21,12.4,12.65,12.34625,12.53625,9.565635,34651200
2006-12-22,12.46625,12.5225,12.37875,12.4925,9.532248,9952000
2006-12-26,12.4925,12.56,12.43375,12.5125,9.547504,6452800
2006-12-27,12.53125,12.53125,12.415,12.44,9.492187,6652800
2006-12-28,12.45,12.4825,12.3975,12.4,9.461663,6076000
2006-12-29,12.39875,12.4875,12.35,12.37875,9.445449,6665600
2007-01-03,12.25,12.46375,12.10125,12.20875,9.315733,17299200
2007-01-04,12.20875,12.37125,12.1075,12.33375,9.411115,15085600
2007-01-05,12.2625,12.42625,12.2125,12.35375,9.426376,14996800
2007-01-08,12.3125,12.37375,12.20375,12.31625,9.397762,10109600
2007-01-09,12.31625,12.4925,12.295,12.47,9.515081,15167200
2007-01-10,12.405,12.48125,12.3625,12.47,9.515081,13012800
2007-01-11,12.4875,12.54375,12.42875,12.4975,9.536061,14316000
2007-01-12,12.44375,12.5025,12.415,12.47,9.515081,9296800
2007-01-16,12.4375,12.49875,12.40125,12.49625,9.535108,9264800
2007-01-17,12.475,12.4875,12.38125,12.4775,9.520802,10762400
2007-01-18,12.4775,12.53125,12.375,12.45875,9.506495,16351200
2007-01-19,12.5,12.52375,12.435,12.4925,9.532248,11123200
2007-01-22,12.51875,12.51875,12.18125,12.2125,9.318595,19514400
2007-01-23,12.2125,12.2875,12.02625,12.095,9.22894,13594400
2007-01-24,12.1,12.16,12.07375,12.105,9.236568,8871200
2007-01-25,12.1125,12.20875,11.97875,11.98,9.141192,10141600
2007-01-26,12.0,12.0825,11.865,11.9,9.080144,10981600
2007-01-29,11.92,12.0775,11.91875,12.04,9.186974,16308000
2007-01-30,12.0625,12.22375,12.0625,12.21875,9.323366,19752800
2007-01-31,12.21875,12.40625,12.1875,12.35125,9.424465,17216800
2007-02-01,12.3275,12.62875,12.305,12.585,9.602827,24736800
2007-02-02,12.625,12.6775,12.47625,12.525,9.557043,10944000
2007-02-05,12.45,12.54,12.30625,12.4275,9.482646,11786400
2007-02-06,12.4275,12.66,12.4275,12.64625,9.649563,11491200
2007-02-07,12.7325,12.875,12.6775,12.8625,9.814569,20092000
2007-02-08,12.8375,12.9625,12.78,12.92375,9.861302,15504000
2007-02-09,12.88375,13.01625,12.88375,12.95,9.881339,16579200
2007-02-12,12.95125,13.0525,12.90375,13.04625,9.954779,20028800
2007-02-13,12.92875,13.19625,12.92875,13.15,10.03394,18204000
2007-02-14,13.15,13.2225,13.11875,13.1725,10.051113,13357600
2007-02-15,13.155,13.2125,13.1,13.18875,10.063513,11341600
2007-02-16,13.3125,13.43875,13.21,13.2875,10.138861,15173600
2007-02-20,13.2875,13.3875,13.205,13.35125,10.187506,14660800
2007-02-21,13.34875,13.42125,13.31375,13.38875,10.216121,11065600
2007-02-22,13.3625,13.5375,13.33,13.52875,10.322947,11451200
2007-02-23,13.52875,13.52875,13.3975,13.505,10.304818,7232000
2007-02-26,13.6125,13.6125,13.4,13.47875,10.284793,13248800
2007-02-27,13.43,13.48,12.90625,12.99625,9.916623,18844000
2007-02-28,13.09375,13.13875,12.91125,13.05875,9.964314,17872000
2007-03-01,12.8875,13.24625,12.77125,13.16125,10.042528,16936800
2007-03-02,13.15,13.23625,12.9825,12.9825,9.906136,11324800
2007-03-05,12.98375,13.0325,12.8075,12.8075,9.772605,11975200
2007-03-06,12.86875,13.1875,12.85125,13.1375,10.024405,12863200
2007-03-07,13.11375,13.18875,12.9425,13.07375,9.975759,18889600
2007-03-08,13.15,13.29875,13.0625,13.075,9.994396,12782400
2007-03-09,13.16875,13.285,13.1125,13.23125,10.113831,10588800
2007-03-12,13.2125,13.2625,13.15,13.2,10.089945,8794400
2007-03-13,13.12625,13.175,12.86375,13.075,9.994396,11155200
2007-03-14,13.07625,13.1425,12.84375,13.1025,10.015416,13520800
2007-03-15,13.09375,13.2825,13.09375,13.2075,10.095679,11751200
2007-03-16,13.225,13.46375,13.2075,13.43375,10.268621,19292800
2007-03-19,13.475,13.57625,13.4325,13.54,10.349832,11548800
2007-03-20,13.54,13.6675,13.49875,13.65625,10.438692,8747200
2007-03-21,13.655,13.7625,13.52,13.60625,10.400475,15316000
2007-03-22,13.59875,13.6225,13.35375,13.575,10.376592,25697600
2007-03-23,13.37625,13.65875,13.12625,13.63125,10.419583,35017600
2007-03-26,13.63,13.675,13.4275,13.59875,10.394746,11599200
2007-03-27,13.5625,13.56375,13.295,13.32125,10.182626,17855200
2007-03-28,13.3,13.30125,13.11125,13.14125,10.045033,18037600
2007-03-29,13.1375,13.21875,13.0625,13.12125,10.029749,13173600
2007-03-30,13.15,13.33625,13.095,13.2825,10.153005,12464800
2007-04-02,13.35,13.3975,13.23875,13.30375,10.169249,9031200
2007-04-03,13.3125,13.45,13.2625,13.3,10.16638,10764800
2007-04-04,13.3625,13.5,13.3,13.3975,10.24091,11908400
2007-04-05,13.3975,13.4575,13.31,13.37,10.219892,9134000
2007-04-09,13.3525,13.5225,13.3525,13.475,10.30015,11630800
2007-04-10,13.4325,13.515,13.335,13.5025,10.321167,13752000
2007-04-11,13.58,13.7025,13.4525,13.4975,10.317348,10686400
2007-04-12,13.4575,13.58,13.35,13.5575,10.363214,8052400
2007-04-13,13.775,13.775,13.35,13.4125,10.252376,8572800
2007-04-16,13.5,13.625,13.415,13.5925,10.389966,9806400
2007-04-17,13.5975,13.6,13.395,13.5375,10.347924,8610000
2007-04-18,13.52,13.525,13.41,13.4725,10.298241,8291600
2007-04-19,13.625,13.625,13.335,13.37,10.219892,9158800
2007-04-20,13.37,13.4325,13.27,13.3825,10.229445,14458000
2007-04-23,13.36,13.56,13.36,13.39,10.235176,9939200
2007-04-24,13.4625,13.47,13.2,13.3775,10.225618,9717200
2007-04-25,13.4625,13.5,13.35,13.405,10.246642,9505200
2007-04-26,13.4,13.5075,13.3325,13.46,10.288685,12355200
2007-04-27,13.4125,13.5775,13.375,13.53,10.342191,7848000
2007-04-30,13.5625,13.75,13.455,13.465,10.292507,10242400
2007-05-01,13.465,13.465,13.085,13.2475,10.126253,12098800
2007-05-02,13.2925,13.465,13.2675,13.37,10.219892,9485200
2007-05-03,13.3875,13.475,13.2725,13.32,10.181667,5989200
2007-05-04,13.3525,13.4575,13.3,13.3225,10.183581,7687200
2007-05-07,13.32,13.53,13.32,13.4675,10.294414,10214800
2007-05-08,13.4875,13.62,13.43,13.4375,10.271487,10196400
2007-05-09,13.45,13.555,13.42,13.48,10.303973,12282000
2007-05-10,13.505,13.505,13.3225,13.3275,10.187407,10914400
2007-05-11,13.33,13.33,13.1625,13.2575,10.133895,13996800
2007-05-14,13.32,13.3825,13.19,13.2175,10.103326,14686400
2007-05-15,13.25,13.3125,13.125,13.145,10.047904,13916000
2007-05-16,13.1725,13.335,13.1675,13.2475,10.126253,10677200
2007-05-17,13.2,13.3225,13.1675,13.2375,10.11861,8446400
2007-05-18,13.23,13.3125,13.145,13.3125,10.175935,9664800
2007-05-21,13.4,13.735,13.375,13.67,10.449207,16391600
2007-05-22,13.6725,13.8425,13.625,13.7825,10.535201,15042000
2007-05-23,13.85,13.85,13.66,13.705,10.475963,8990800
2007-05-24,13.7575,13.8475,13.58,13.6175,10.409077,11262400
2007-05-25,13.605,13.625,13.53,13.57,10.372768,9115200
2007-05-29,13.65,13.8125,13.6,13.68,10.45685,12687600
2007-05-30,13.675,13.935,13.56,13.9325,10.64986,14638800
2007-05-31,13.9925,14.28,13.9425,14.1875,10.844778,21175600
2007-06-01,14.1875,14.2725,14.12,14.1725,10.833313,16765200
2007-06-04,14.395,14.395,14.1,14.3075,10.936506,9418400
2007-06-05,14.31,14.375,14.185,14.2225,10.871532,12096000
2007-06-06,14.225,14.225,13.9275,13.9275,10.646037,16855200
2007-06-07,13.905,13.905,13.525,13.525,10.372817,26093600
2007-06-08,13.3125,13.335,12.9675,13.24,10.154239,35568400
2007-06-11,13.4,13.5075,13.325,13.35,10.238605,20000000
2007-06-12,13.35,13.45,13.24,13.2975,10.198336,23488000
2007-06-13,13.385,13.505,13.265,13.37,10.253941,12826000
2007-06-14,13.4375,13.485,13.315,13.42,10.292286,16084000
2007-06-15,13.47,13.4725,13.3475,13.355,10.242437,12562400
2007-06-18,13.465,13.4925,13.3575,13.4075,10.282701,7524000
2007-06-19,13.375,13.66,13.3125,13.625,10.44951,12092000
2007-06-20,13.675,13.7475,13.4,13.4075,10.282701,10204800
2007-06-21,13.42,13.5375,13.285,13.395,10.273114,11491200
2007-06-22,13.395,13.4275,13.2225,13.2375,10.152324,15773200
2007-06-25,13.4,13.745,13.3,13.4525,10.317215,19765600
2007-06-26,13.565,13.75,13.4025,13.455,10.319127,21800400
2007-06-27,14.1875,14.675,13.8725,14.5725,11.176183,56502800
2007-06-28,14.54,14.815,14.4425,14.5725,11.176183,20503200
2007-06-29,14.575,14.73,14.375,14.5725,11.176183,11669600
2007-07-02,14.675,14.85,14.5975,14.6,11.197271,14157600
2007-07-03,14.6075,14.79,14.575,14.745,11.308477,9467200
2007-07-05,14.745,14.85,14.525,14.8375,11.379418,12194400
2007-07-06,14.8375,14.9925,14.7525,14.9175,11.440773,8476000
2007-07-09,14.9075,14.9075,14.6575,14.77,11.327651,10976400
2007-07-10,14.6875,14.82,14.5825,14.6125,11.206856,11587600
2007-07-11,14.525,14.6875,14.4325,14.6125,11.206856,15405200
2007-07-12,14.605,14.8825,14.6,14.865,11.400506,12102000
2007-07-13,14.7875,14.815,14.6825,14.7525,11.314233,8435200
2007-07-16,14.5775,14.76,14.575,14.695,11.270132,8343600
2007-07-17,14.55,14.8975,14.5475,14.8625,11.398591,12642400
2007-07-18,14.6975,14.9375,14.68,14.92,11.44269,14374000
2007-07-19,14.9625,15.0875,14.8875,14.9575,11.471453,16358800
2007-07-20,14.84,14.975,14.605,14.63,11.220279,19228400
2007-07-23,14.765,14.9525,14.725,14.85,11.389005,14269600
2007-07-24,14.7875,14.85,14.5425,14.5875,11.187686,19211200
2007-07-25,14.59,14.64,14.2825,14.4575,11.087982,18154400
2007-07-26,14.175,14.3175,13.9325,14.225,10.909671,34760800
2007-07-27,14.1125,14.26,13.86,13.86,10.629738,21394800
2007-07-30,14.0825,14.2325,13.9,14.21,10.89817,18933200
2007-07-31,14.015,14.41,14.015,14.1125,10.823389,19502400
2007-08-01,14.3025,14.3075,13.995,14.225,10.909671,24376800
2007-08-02,14.3125,14.3125,14.0725,14.2375,10.919258,13747200
2007-08-03,14.0325,14.365,14.0275,14.125,10.832978,17859200
2007-08-06,13.9625,14.3975,13.9625,14.3675,11.018959,14806000
2007-08-07,14.255,14.6575,14.205,14.515,11.132082,15945200
2007-08-08,14.4375,14.59,13.965,14.1525,10.854066,18205600
2007-08-09,13.94,14.0,13.05,13.475,10.334469,34845200
2007-08-10,13.25,14.025,13.0,13.945,10.694929,22112800
2007-08-13,14.025,14.4275,13.9725,14.0375,10.76587,14322400
2007-08-14,14.0375,14.1975,13.65,13.665,10.480188,12666800
2007-08-15,13.58,13.805,13.3575,13.3925,10.271199,13448800
2007-08-16,13.255,13.4475,13.1,13.2975,10.198336,17456000
2007-08-17,13.595,13.87,13.17,13.6175,10.443756,12576800
2007-08-20,13.625,13.7425,13.5,13.595,10.426496,13122000
2007-08-21,13.625,13.7125,13.4275,13.53,10.376649,10607200
2007-08-22,13.5875,13.75,13.4575,13.5475,10.390068,14485200
2007-08-23,13.615,13.73,13.43,13.5075,10.359391,9080800
2007-08-24,13.5075,13.6025,13.4475,13.53,10.376649,7920800
2007-08-27,13.53,13.62,13.465,13.47,10.330635,7053200
2007-08-28,13.47,13.5975,13.3325,13.3825,10.263525,18553600
2007-08-29,13.4775,13.865,13.4725,13.865,10.633571,11531600
2007-08-30,13.725,14.0,13.7025,13.94,10.691094,9425200
2007-08-31,14.0675,14.1975,13.9,14.085,10.802301,12354800
2007-09-04,14.01,14.31,13.95,14.105,10.817634,13048000
2007-09-05,14.0475,14.05,13.765,13.8675,10.635493,9819600
2007-09-06,13.815,14.1325,13.815,13.95,10.734567,9376800
2007-09-07,13.7725,13.7875,13.545,13.675,10.522953,10242800
2007-09-10,13.7625,13.9025,13.5375,13.7875,10.609521,8439600
2007-09-11,13.825,13.925,13.7275,13.8825,10.682622,6804800
2007-09-12,13.8725,14.1525,13.7875,14.02,10.788428,9981200
2007-09-13,14.11,14.32,13.9325,14.22,10.942329,8672000
2007-09-14,14.1425,14.3575,14.0825,14.3075,11.009665,9575600
2007-09-17,14.25,14.25,14.0225,14.0775,10.832678,18174800
2007-09-18,14.18,14.785,14.095,14.6975,11.309768,18737200
2007-09-19,14.83,15.1325,14.54,14.64,11.265524,25739200
2007-09-20,14.675,14.75,14.4575,14.58,11.219352,16824000
2007-09-21,15.055,15.2475,14.2875,14.315,11.015432,41142000
2007-09-24,14.4375,14.5275,14.1675,14.4525,11.121242,24655200
2007-09-25,14.25,14.72,14.23,14.6125,11.244361,22343200
2007-09-26,14.66,14.7,14.525,14.5975,11.232816,10460400
2007-09-27,14.5825,14.5875,14.325,14.5425,11.190492,14309600
2007-09-28,14.52,14.7225,14.5025,14.665,11.284757,12752800
2007-10-01,14.6975,14.91,14.655,14.8475,11.425191,16150800
2007-10-02,14.8225,14.9675,14.7275,14.79,11.380946,9663200
2007-10-03,14.7025,15.0,14.6975,14.805,11.392488,12736400
2007-10-04,14.84,14.87,14.65,14.84,11.419421,10562000
2007-10-05,14.835,15.125,14.7475,15.0875,11.60987,16045600
2007-10-08,15.04,15.1175,14.9175,15.0025,11.544464,7972400
2007-10-09,15.0,15.5475,14.99,15.4425,11.883045,23422000
2007-10-10,15.365,15.5925,15.32,15.465,11.900362,17946000
2007-10-11,15.5,15.525,15.215,15.2525,11.736843,23566000
2007-10-12,15.24,15.86,15.24,15.7875,12.148526,21796000
2007-10-15,15.75,16.184999,15.7075,15.98,12.296654,19207600
2007-10-16,15.965,16.01,15.675,15.9775,12.294729,17908000
2007-10-17,16.125,16.1425,15.5,15.79,12.150449,13084000
2007-10-18,15.645,15.9,15.615,15.815,12.169688,8748400
2007-10-19,15.735,15.9925,15.5975,15.8325,12.183152,18352000
2007-10-22,15.6275,15.8675,15.495,15.7925,12.15237,17367200
2007-10-23,15.975,16.094999,15.615,16.030001,12.335131,15898000
2007-10-24,15.95,15.975,15.5975,15.865,12.208164,19608800
2007-10-25,15.8575,16.049999,15.795,15.96,12.281264,19069600
2007-10-26,15.87,16.247499,15.8475,16.1525,12.429394,14576800
2007-10-29,16.115,16.3675,16.110001,16.305,12.546741,9694400
2007-10-30,16.059999,16.362499,16.0,16.2325,12.490957,8095200
2007-10-31,16.3925,16.6425,16.3225,16.565001,12.746816,11764400
2007-11-01,16.485001,16.5175,15.915,15.955,12.277413,12705600
2007-11-02,16.334999,16.3375,15.6675,15.9675,12.287032,9771200
2007-11-05,15.5,15.9825,15.5,15.845,12.192772,10694400
2007-11-06,15.8575,16.067499,15.69,15.9975,12.310125,9244000
2007-11-07,15.75,15.9975,15.585,15.695,12.077352,11726400
2007-11-08,15.7075,15.9075,15.2275,15.825,12.177382,15632800
2007-11-09,15.585,15.71,15.3575,15.5525,11.96769,12809200
2007-11-12,15.4275,16.1,15.285,15.65,12.04272,16968000
2007-11-13,15.75,16.030001,15.575,15.9975,12.310125,12602400
2007-11-14,16.0625,16.200001,15.785,15.805,12.161994,11415600
2007-11-15,15.75,15.995,15.5725,15.7625,12.129288,8388800
2007-11-16,15.9,15.9775,15.4025,15.66,12.050421,14151200
2007-11-19,15.5925,15.8125,15.4075,15.5,11.927297,12268400
2007-11-20,15.5375,15.73,15.375,15.57,11.981161,11240400
2007-11-21,15.3275,15.98,15.3275,15.72,12.096589,9668400
2007-11-23,15.7825,16.0,15.7225,15.9375,12.263948,3479200
2007-11-26,15.97,15.97,15.53,15.545,11.961924,7994000
2007-11-27,15.595,15.9775,15.595,15.85,12.196623,10461200
2007-11-28,16.0,16.405001,15.85,16.3025,12.54482,14082400
2007-11-29,16.282499,16.282499,15.9575,16.1775,12.448633,6916000
2007-11-30,16.247499,16.547501,16.247499,16.4125,12.629462,10806400
2007-12-03,16.237499,16.9825,16.2125,16.75,12.889173,13298800
2007-12-04,16.84,16.84,16.3825,16.450001,12.658321,14831600
2007-12-05,16.610001,16.6875,16.3325,16.485001,12.685254,10892800
2007-12-06,16.342501,16.41,16.227501,16.352501,12.627343,10533200
2007-12-07,16.35,16.530001,16.2775,16.35,12.625407,7061600
2007-12-10,16.35,16.52,16.344999,16.465,12.714217,7772400
2007-12-11,16.522499,16.6525,16.0375,16.049999,12.393748,11172800
2007-12-12,16.217501,16.459999,15.855,16.112499,12.442007,13623600
2007-12-13,16.002501,16.317499,15.995,16.24,12.540464,15991600
2007-12-14,16.2775,16.2775,15.9775,16.08,12.416915,9867200
2007-12-17,16.01,16.190001,15.71,15.7625,12.171743,9237200
2007-12-18,15.8875,15.945,15.56,15.9375,12.306875,13237600
2007-12-19,16.040001,16.1625,15.8325,15.95,12.316532,12203600
2007-12-20,16.452499,16.85,16.452499,16.502501,12.743168,25314000
2007-12-21,16.665001,16.665001,16.455,16.567499,12.793361,11972000
2007-12-24,16.522499,16.7575,16.522499,16.719999,12.911118,5818000
2007-12-26,16.692499,16.745001,16.395,16.52,12.756681,7418800
2007-12-27,16.452499,16.557501,16.215,16.25,12.548186,8405600
2007-12-28,16.4575,16.469999,16.014999,16.077499,12.414982,17604400
2007-12-31,16.002501,16.1975,16.002501,16.059999,12.401471,7368400
2008-01-02,16.08,16.174999,15.675,15.82,12.216145,9781600
2008-01-03,15.82,15.9375,15.595,15.6775,12.106104,10636000
2008-01-04,15.56,15.72,15.425,15.435,11.918851,22335200
2008-01-07,15.5,15.58,15.325,15.5275,11.990279,20808400
2008-01-08,15.6,15.745,15.385,15.4575,11.936225,16714400
2008-01-09,15.5075,15.5075,15.2825,15.4925,11.963251,23320400
2008-01-10,15.48,15.795,15.325,15.635,12.07329,22925600
2008-01-11,15.51,15.51,15.0525,15.175,11.718079,22223200
2008-01-14,15.2675,15.37,14.9625,15.1825,11.723871,14272400
2008-01-15,14.9675,14.9725,14.25,14.265,11.015378,28277600
2008-01-16,14.235,14.565,14.0275,14.4175,11.133141,23447600
2008-01-17,14.43,14.59,13.99,13.995,10.806886,17617600
2008-01-18,14.1125,14.9675,14.0,14.125,10.907271,17035600
2008-01-22,12.99,14.5,12.875,14.3225,11.059781,22090800
2008-01-23,13.875,14.52,13.5025,14.38,11.104179,31090000
2008-01-24,14.405,14.6575,14.0625,14.3525,11.08295,21211200
2008-01-25,14.545,14.545,13.8975,14.0,10.810749,18719200
2008-01-28,14.0075,14.4325,13.9175,14.3225,11.059781,10897600
2008-01-29,14.3925,14.3925,14.07,14.3375,11.071366,14388800
2008-01-30,14.565,14.985,14.52,14.85,11.467115,22191200
2008-01-31,14.845,15.545,14.795,15.3325,11.839699,29711600
2008-02-01,15.41,15.6275,15.125,15.6275,12.067496,16319600
2008-02-04,15.6325,15.6575,15.06,15.185,11.725805,12340000
2008-02-05,14.9475,15.2125,14.8775,14.95,11.544333,14421600
2008-02-06,15.08,15.3475,14.96,15.0075,11.588735,15425200
2008-02-07,14.895,15.2625,14.8875,15.19,11.72966,15486400
2008-02-08,15.1375,15.3525,14.9525,15.16,11.706491,11468000
2008-02-11,15.185,15.3225,15.0,15.165,11.710353,10993600
2008-02-12,15.2025,15.4925,15.14,15.3425,11.847421,12473600
2008-02-13,15.4675,15.685,15.205,15.6375,12.07522,13797600
2008-02-14,15.7225,15.75,15.5175,15.575,12.026955,12611600
2008-02-15,15.54,15.73,15.42,15.5725,12.025028,10672400
2008-02-19,15.7225,15.7475,15.225,15.28,11.799158,9342800
2008-02-20,15.185,15.3825,15.115,15.3,11.814602,9100800
2008-02-21,14.915,15.2875,14.915,15.08,11.644719,13146400
2008-02-22,15.1125,15.195,14.915,15.1475,11.696841,13349200
2008-02-25,15.175,15.4325,15.0725,15.3975,11.889889,9977600
2008-02-26,15.3525,15.75,15.3525,15.6525,12.086802,10002800
2008-02-27,15.5275,15.73,15.5125,15.595,12.042403,9118800
2008-02-28,15.495,15.6025,15.3725,15.51,11.976765,8518000
2008-02-29,15.3275,15.4275,14.99,15.05,11.621552,11806800
2008-03-03,15.06,15.1275,14.84,15.0225,11.600319,10357200
2008-03-04,14.9075,15.225,14.875,15.1075,11.665952,16664000
2008-03-05,15.2025,15.4775,15.03,15.2025,11.739313,11769200
2008-03-06,15.155,15.16,14.8575,14.895,11.545533,18622000
2008-03-07,14.7475,14.93,14.4225,14.56,11.285864,17196800
2008-03-10,14.545,14.745,14.1925,14.2425,11.039759,16182400
2008-03-11,14.535,14.55,14.175,14.48,11.223853,14697200
2008-03-12,14.5,15.0675,14.5,14.94,11.580411,18241200
2008-03-13,14.7125,15.3425,14.5,15.2575,11.826514,19245600
2008-03-14,15.4,15.4,14.8275,14.99,11.619166,18881600
2008-03-17,14.605,15.04,14.4375,14.815,11.483523,18276800
2008-03-18,15.0675,15.435,14.8925,15.4175,11.950534,13800800
2008-03-19,15.6975,15.73,15.455,15.4575,11.98154,20753600
2008-03-20,16.1775,16.8375,15.4575,16.817499,13.035715,43300400
2008-03-24,16.747499,17.65,16.620001,17.27,13.386456,29827600
2008-03-25,17.309999,17.325001,17.002501,17.092501,13.248878,20459600
2008-03-26,17.0375,17.1,16.5175,16.567499,12.841931,20653600
2008-03-27,16.637501,16.827499,16.495001,16.495001,12.785734,15341200
2008-03-28,16.5825,16.6075,16.275,16.465,12.762487,21333200
2008-03-31,16.4375,17.065001,16.4375,17.0,13.17718,23122800
2008-04-01,17.15,17.477501,16.815001,17.3925,13.481414,18046800
2008-04-02,17.219999,17.5,16.887501,16.9925,13.171368,15547600
2008-04-03,16.8575,17.334999,16.815001,17.225,13.351576,12903600
2008-04-04,17.2875,17.3125,16.987499,17.127501,13.276,12564800
2008-04-07,17.217501,17.237499,16.705,16.7075,12.950452,13005600
2008-04-08,16.559999,16.860001,16.559999,16.6325,12.892319,13129200
2008-04-09,16.674999,16.817499,16.487499,16.610001,12.874877,12546400
2008-04-10,16.58,17.004999,16.475,16.842501,13.055092,17466000
2008-04-11,16.674999,17.0,16.65,16.672501,12.923323,13063600
2008-04-14,16.577499,16.690001,16.4625,16.514999,12.801237,8822000
2008-04-15,16.6525,16.6525,16.297501,16.455,12.754729,9449600
2008-04-16,16.5375,16.637501,16.3675,16.5175,12.803174,11082000
2008-04-17,16.5,16.9275,16.5,16.887501,13.089974,13870400
2008-04-18,17.0375,17.0375,16.809999,16.9725,13.155858,16032800
2008-04-21,16.8675,17.215,16.7775,17.155001,13.297319,14613600
2008-04-22,17.112499,17.195,16.827499,17.0075,13.182993,11544400
2008-04-23,17.105,17.237499,16.844999,16.895,13.095788,14086000
2008-04-24,16.952499,17.15,16.855,17.014999,13.188804,14331600
2008-04-25,17.129999,17.2125,16.93,17.184999,13.320572,12367200
2008-04-28,17.2575,17.2575,16.9,16.955,13.142296,11620800
2008-04-29,16.955,17.127501,16.875,17.057501,13.221748,10004400
2008-04-30,17.057501,17.174999,16.6525,16.700001,12.944636,16749600
2008-05-01,16.700001,17.127501,16.625,16.952499,13.140355,12510400
2008-05-02,17.147499,17.147499,16.752501,16.915001,13.111291,11914000
2008-05-05,16.780001,17.122499,16.637501,16.745001,12.979519,8763600
2008-05-06,16.74,16.955,16.547501,16.895,13.095788,7838800
2008-05-07,16.934999,17.165001,16.639999,16.6875,12.93495,10034800
2008-05-08,16.717501,16.752501,16.084999,16.200001,12.557073,18050800
2008-05-09,16.325001,16.325001,16.047501,16.217501,12.570641,9467200
2008-05-12,16.2925,16.4825,16.2125,16.334999,12.661714,33614800
2008-05-13,16.41,16.52,16.165001,16.415001,12.723728,15700800
2008-05-14,16.5,17.0975,16.415001,16.860001,13.068657,15339200
2008-05-15,16.9725,17.110001,16.825001,17.004999,13.18105,11500400
2008-05-16,17.067499,17.067499,16.702499,16.8825,13.0861,8302800
2008-05-19,16.8825,17.1625,16.797501,16.945,13.134543,9700800
2008-05-20,16.799999,17.040001,16.6775,16.76,12.991146,14901200
2008-05-21,16.7775,16.8375,16.215,16.282499,12.62102,11214400
2008-05-22,16.272499,16.372499,16.147499,16.252501,12.597767,10782800
2008-05-23,16.2225,16.3225,16.02,16.192499,12.551259,8026800
2008-05-27,16.23,16.67,16.030001,16.504999,12.793487,10364000
2008-05-28,16.647499,17.0175,16.647499,16.844999,13.057033,12643200
2008-05-29,16.8475,17.217501,16.7325,17.0975,13.25275,11737200
2008-05-30,17.18,17.219999,16.790001,17.092501,13.248878,10415600
2008-06-02,17.067499,17.067499,16.504999,16.785,13.010524,11579600
2008-06-03,16.877501,16.93,16.575001,16.7425,12.977577,11148400
2008-06-04,16.7425,17.1,16.682501,16.985001,13.165545,14140000
2008-06-05,17.012501,17.57,16.9375,17.5175,13.624428,19548400
2008-06-06,17.34,17.395,16.9825,16.9825,13.208322,12819600
2008-06-09,16.967501,17.2225,16.805,17.145,13.334713,13671200
2008-06-10,17.0075,17.25,17.0,17.120001,13.315268,15384800
2008-06-11,17.1325,17.1325,16.834999,16.860001,13.11305,18232800
2008-06-12,16.915001,17.15,16.615,16.695,12.98472,12115600
2008-06-13,16.772499,17.43,16.772499,17.247499,13.414431,13591600
2008-06-16,17.209999,17.215,16.969999,17.094999,13.295819,12796000
2008-06-17,17.299999,17.299999,16.942499,17.0,13.221941,13029600
2008-06-18,16.924999,17.237499,16.862499,16.969999,13.1986,12700000
2008-06-19,17.012501,17.120001,16.754999,16.959999,13.190825,11810000
2008-06-20,16.807501,16.875,16.465,16.682501,12.974999,16980000
2008-06-23,16.7575,16.945,16.635,16.725,13.00805,12956400
2008-06-24,16.77,16.8475,16.477501,16.4925,12.827223,14776800
2008-06-25,16.5625,16.877501,16.455,16.4925,12.827223,19211600
2008-06-26,15.2125,15.5,14.4075,14.875,11.569195,74110000
2008-06-27,14.93,15.4575,14.76,15.085,11.732526,30551600
2008-06-30,15.115,15.1375,14.8725,14.9025,11.590582,19787200
2008-07-01,14.9,14.91,14.4075,14.7475,11.470032,29830400
2008-07-02,14.8325,14.98,14.495,14.5225,11.29503,19503200
2008-07-03,14.5725,14.86,14.3525,14.63,11.378644,9906400
2008-07-07,14.64,14.805,13.88,14.115,10.978097,33076400
2008-07-08,14.0975,14.59,13.91,14.58,11.339753,19264000
2008-07-09,14.525,14.525,14.1425,14.2375,11.073376,25130400
2008-07-10,14.2125,14.2375,13.755,13.9175,10.824488,21954000
2008-07-11,13.785,14.2175,13.66,14.065,10.939212,25430400
2008-07-14,14.26,14.3275,13.9,13.9525,10.851711,16366000
2008-07-15,14.17,14.54,13.9225,14.41,11.207536,22334400
2008-07-16,14.3975,14.59,14.1,14.54,11.308643,24480400
2008-07-17,14.63,14.6925,14.2325,14.64,11.386421,25974400
2008-07-18,14.6825,14.695,14.08,14.55,11.316424,16460000
2008-07-21,14.315,14.47,14.12,14.3775,11.182257,11886400
2008-07-22,14.305,14.6675,14.16,14.6675,11.407803,15262400
2008-07-23,14.6425,15.1075,14.625,14.8,11.510859,15138400
2008-07-24,14.835,14.985,14.48,14.5325,11.302813,13551200
2008-07-25,14.62,14.7425,14.395,14.5425,11.310584,12376400
2008-07-28,14.5325,14.725,14.3075,14.31,11.129759,10239200
2008-07-29,14.275,14.81,14.275,14.765,11.483639,9439200
2008-07-30,14.825,15.1025,14.6725,14.92,11.604193,10321600
2008-07-31,14.9375,15.0575,14.4775,14.67,11.409752,10873600
2008-08-01,14.605,14.9475,14.4375,14.85,11.549751,12630400
2008-08-04,14.9025,15.045,14.6975,14.945,11.62364,9850000
2008-08-05,15.0275,15.395,14.8825,15.395,11.973627,18087600
2008-08-06,15.3725,15.6375,15.1,15.5475,12.09224,18742000
2008-08-07,15.4,15.4,15.01,15.2125,11.831687,17508400
2008-08-08,15.265,15.8225,15.125,15.7375,12.240013,11874800
2008-08-11,15.755,16.200001,15.5825,15.8175,12.302236,13809200
2008-08-12,15.6775,15.85,15.4,15.525,12.074737,12808000
2008-08-13,15.6075,15.6625,15.235,15.4925,12.049462,8266400
2008-08-14,15.4225,15.7125,15.335,15.5,12.055299,10138000
2008-08-15,15.505,15.7225,15.475,15.5725,12.111685,11118800
2008-08-18,15.625,15.6875,15.3375,15.4125,11.987241,6478400
2008-08-19,15.3025,15.38,15.1925,15.2575,11.866689,7378800
2008-08-20,15.2725,15.35,15.0275,15.165,11.794742,12656000
2008-08-21,15.025,15.1825,14.815,15.1475,11.781135,10855200
2008-08-22,15.245,15.5,15.2275,15.2775,11.882244,9777200
2008-08-25,15.165,15.315,14.855,14.9275,11.610026,10201600
2008-08-26,14.9475,14.9675,14.6875,14.73,11.456416,11962400
2008-08-27,14.775,14.95,14.675,14.9175,11.602252,9242800
2008-08-28,14.98,15.385,14.95,15.305,11.903633,9265200
2008-08-29,15.295,15.335,15.13,15.1525,11.785027,6644400
2008-09-02,15.39,15.685,15.195,15.295,11.895852,13534400
2008-09-03,15.1825,15.5225,15.0025,15.4775,12.037795,12368400
2008-09-04,15.2425,15.4325,14.9125,14.935,11.659175,11733600
2008-09-05,14.8525,14.9225,14.6175,14.705,11.479621,13754400
2008-09-08,15.0,15.105,14.725,15.0825,11.774323,12672400
2008-09-09,15.0825,15.3875,14.8725,15.07,11.764564,14018800
2008-09-10,14.9725,15.2025,14.7825,14.9675,11.684547,14780400
2008-09-11,14.8125,15.255,14.73,15.2425,11.899231,13285600
2008-09-12,15.15,15.52,15.0,15.48,12.084637,13172400
2008-09-15,15.1075,15.67,14.755,15.125,11.807503,14310400
2008-09-16,14.7775,15.485,14.7625,15.2975,11.942165,14528800
2008-09-17,14.8775,15.3425,14.675,14.89,11.624045,19561200
2008-09-18,15.0625,16.497499,14.685,16.16,12.615485,50457200
2008-09-19,16.655001,16.665001,15.4625,15.925,12.432029,28968400
2008-09-22,16.299999,16.452499,15.6125,15.7875,12.324691,16620800
2008-09-23,15.85,15.85,15.1375,15.2075,11.871905,17416800
2008-09-24,15.21,15.26,14.7075,14.8175,11.567448,18742000
2008-09-25,15.605,16.445,15.605,16.252501,12.687699,46048800
2008-09-26,16.045,17.0,16.0,16.9475,13.230252,30228000
2008-09-29,16.745001,16.8375,16.157499,16.262501,12.695502,31568400
2008-09-30,16.4825,16.860001,16.2125,16.725,13.056558,21366000
2008-10-01,16.549999,16.754999,16.2875,16.540001,12.912136,14877200
2008-10-02,16.280001,16.5,15.9,15.9375,12.441783,21488800
2008-10-03,16.0975,16.5,15.8125,15.8125,12.344207,16807600
2008-10-06,15.4975,15.75,14.355,15.285,11.932408,34281200
2008-10-07,15.4875,15.4875,14.4675,14.495,11.315683,18095200
2008-10-08,14.2575,14.7175,13.79,13.925,10.870707,36857600
2008-10-09,14.02,14.2375,13.2225,13.27,10.359376,24248400
2008-10-10,12.585,14.48,12.2575,13.6325,10.642364,38996000
2008-10-13,13.9225,14.0875,13.5725,13.9625,10.899978,26116000
2008-10-14,14.515,14.875,14.0725,14.28,11.147841,32041200
2008-10-15,14.005,14.1325,12.55,12.59,9.828522,28835600
2008-10-16,13.1575,14.0525,12.475,13.9925,10.923405,33808000
2008-10-17,13.6575,14.5525,13.465,14.37,11.218102,24772800
2008-10-20,14.5675,14.9375,14.215,14.9375,11.661127,21467200
2008-10-21,14.7525,14.9275,14.18,14.28,11.147841,17496800
2008-10-22,13.875,13.9675,12.75,13.125,10.246178,26076400
2008-10-23,13.0525,13.33,12.0425,12.6825,9.900734,29143600
2008-10-24,11.8975,12.5475,11.8075,11.9475,9.326948,30127200
2008-10-27,11.7975,12.22,11.6175,11.6375,9.084944,15547200
2008-10-28,11.915,13.125,11.6575,13.105,10.230571,25963200
2008-10-29,13.045,13.7225,12.685,13.12,10.242274,17874000
2008-10-30,13.6275,14.095,13.375,13.9525,10.892176,24024000
2008-10-31,13.795,14.76,13.795,14.4075,11.247377,21066000
2008-11-03,14.3375,14.625,13.8575,13.96,10.898032,12396400
2008-11-04,14.2175,14.3125,13.7575,14.055,10.972193,12760800
2008-11-05,13.9975,14.0975,13.135,13.195,10.300824,16672800
2008-11-06,12.985,12.985,12.485,12.66,9.883171,28529600
2008-11-07,12.665,12.81,11.89,12.3525,9.643114,24364000
2008-11-10,12.6825,12.6825,11.73,11.9925,9.362083,21672400
2008-11-11,11.9775,12.055,11.085,11.4175,8.913199,29281600
2008-11-12,11.285,11.435,10.875,11.0925,8.659485,19592000
2008-11-13,11.1325,12.2325,10.905,12.215,9.535778,24962400
2008-11-14,11.9625,12.1625,11.485,11.6325,9.081045,17134400
2008-11-17,11.5125,12.0075,11.5,11.5775,9.038106,17845200
2008-11-18,11.5325,11.86,11.1375,11.66,9.102514,19340000
2008-11-19,11.625,11.815,10.94,10.96,8.556045,16256800
2008-11-20,10.8175,11.96,10.67,10.9025,8.511158,27161600
2008-11-21,11.1025,12.0425,10.9375,11.97,9.344519,25641600
2008-11-24,12.045,12.75,11.9775,12.58,9.820716,18595200
2008-11-25,12.82,13.1875,12.065,12.3225,9.619696,23982800
2008-11-26,12.16,13.3725,12.06,13.3125,10.392551,15838400
2008-11-28,13.5,13.5,12.9075,13.3125,10.392551,7490400
2008-12-01,13.0675,13.0675,11.97,12.005,9.371837,14166000
2008-12-02,12.1725,12.62,12.0975,12.5025,9.760216,16110000
2008-12-03,12.2325,13.105,11.9525,13.0025,10.150547,17430800
2008-12-04,12.7925,13.5425,12.51,12.99,10.189772,21545200
2008-12-05,12.745,13.3925,12.3775,13.335,10.460399,13825200
2008-12-08,13.6325,14.3325,13.575,14.0425,11.015386,32329200
2008-12-09,13.8175,13.9075,13.045,13.235,10.381953,19459600
2008-12-10,12.8975,12.9875,12.235,12.625,9.903453,25456400
2008-12-11,12.5425,12.81,12.0475,12.1825,9.556339,16479600
2008-12-12,11.9175,12.425,11.9025,12.3425,9.681849,14694400
2008-12-15,12.5025,12.72,11.8375,12.0475,9.45044,13592800
2008-12-16,12.0675,12.55,11.9375,12.41,9.7348,24551200
2008-12-17,12.175,13.1,12.175,12.66,9.930907,15446800
2008-12-18,12.6725,13.5625,12.5875,13.1725,10.332926,24660800
2008-12-19,13.3225,13.5,12.6075,12.815,10.05249,24400800
2008-12-22,12.8175,12.9125,12.035,12.275,9.628901,13785600
2008-12-23,12.305,12.505,11.77,11.99,9.405338,13102000
2008-12-24,12.0125,12.345,11.91,12.2825,9.634786,4384800
2008-12-26,12.325,12.505,12.325,12.44,9.758332,4919200
2008-12-29,12.425,12.4925,12.0675,12.235,9.597525,9346000
2008-12-30,12.3325,12.45,12.1975,12.4225,9.744604,9626400
2008-12-31,12.4525,12.8875,12.385,12.75,10.001509,15089600
2009-01-02,12.7375,13.4,12.5775,13.265,10.405488,12028800
2009-01-05,13.155,13.4425,13.075,13.36,10.480009,12913200
2009-01-06,13.45,13.5,12.95,13.09,10.268212,15290400
2009-01-07,12.9025,13.0,12.575,12.615,9.895608,20164400
2009-01-08,12.5725,12.85,12.43,12.8475,10.077986,15730000
2009-01-09,12.8625,12.945,12.3425,12.4025,9.728916,13246400
2009-01-12,12.35,12.6175,12.24,12.53,9.828932,13730400
2009-01-13,12.4525,12.7375,12.2775,12.375,9.707342,15579200
2009-01-14,12.055,12.115,11.5425,11.6625,9.148437,27404000
2009-01-15,11.6625,11.8425,11.43,11.74,9.209229,16433600
2009-01-16,11.845,11.85,11.4675,11.7,9.177852,14116800
2009-01-20,11.5325,11.735,11.0,11.035,8.656206,14745600
2009-01-21,11.1725,11.435,10.885,11.415,8.954284,13943600
2009-01-22,11.2575,11.715,11.045,11.4075,8.948407,14369600
2009-01-23,11.1925,11.5675,11.01,11.42,8.958213,11378800
2009-01-26,11.4475,11.77,11.25,11.4175,8.956254,8005200
2009-01-27,11.48,11.54,11.2125,11.3775,8.924873,9689200
2009-01-28,11.58,12.0875,11.575,11.9,9.334739,11910800
2009-01-29,11.7825,11.92,11.455,11.4975,9.019007,8737600
2009-01-30,11.5725,11.6225,11.235,11.3125,8.873884,10670000
2009-02-02,11.1425,11.325,10.955,11.1075,8.713079,10016400
2009-02-03,11.17,11.6225,11.0275,11.575,9.0798,11098400
2009-02-04,11.605,11.6075,11.315,11.445,8.977822,15054800
2009-02-05,11.445,11.8575,11.3325,11.8,9.256296,14454000
2009-02-06,11.83,12.28,11.7,12.17,9.546534,13866800
2009-02-09,12.185,12.185,11.785,11.9425,9.368077,11381200
2009-02-10,11.8175,11.9425,11.19,11.2625,8.834665,18016400
2009-02-11,11.345,11.3475,10.8425,11.0775,8.689546,23980000
2009-02-12,10.9225,11.1525,10.735,11.115,8.718959,14872800
2009-02-13,11.0575,11.2575,10.8025,10.8575,8.516968,12082400
2009-02-17,10.68,10.68,10.3425,10.485,8.224767,22278000
2009-02-18,10.58,10.985,10.4875,10.88,8.534618,23450400
2009-02-19,10.985,11.095,10.585,10.7025,8.395379,13044400
2009-02-20,10.58,10.84,10.48,10.7325,8.418915,12084000
2009-02-23,10.8625,10.975,10.3525,10.4025,8.160052,12916800
2009-02-24,10.41,10.78,10.1225,10.735,8.420875,13858000
2009-02-25,10.66,10.79,10.39,10.5375,8.265948,15884800
2009-02-26,10.625,10.6325,10.25,10.2575,8.04631,12648800
2009-02-27,10.0575,10.545,10.02,10.3825,8.144359,18738400
2009-03-02,10.2075,10.3225,9.9075,9.94,7.797251,17423200
2009-03-03,10.0925,10.3125,10.005,10.0125,7.854122,17107600
2009-03-04,10.185,10.83,10.185,10.6375,8.344391,16695200
2009-03-05,10.3425,10.485,9.86,9.985,7.878845,23676800
2009-03-06,10.0625,10.2275,9.75,9.985,7.878845,23967200
2009-03-09,9.8375,10.02,9.56,9.6425,7.608587,20695200
2009-03-10,9.7425,10.5,9.7425,10.4025,8.208281,22955600
2009-03-11,10.495,10.985,10.4375,10.8575,8.567306,19248000
2009-03-12,10.8575,11.21,10.6025,11.1475,8.796135,18112400
2009-03-13,11.19,11.205,10.8175,11.1675,8.811916,19899600
2009-03-16,11.25,11.27,10.9025,10.9775,8.661997,16622800
2009-03-17,10.9625,11.4125,10.885,11.3525,8.957896,21866400
2009-03-18,11.4875,11.6325,11.235,11.48,9.058499,23451600
2009-03-19,10.945,11.75,10.8125,11.625,9.17291,32281600
2009-03-20,11.7425,11.965,11.0775,11.255,8.880958,24951200
2009-03-23,11.4925,11.9275,11.2175,11.905,9.393849,14384800
2009-03-24,11.685,11.8025,11.3425,11.4,8.995373,12832000
2009-03-25,11.53,11.8125,11.2875,11.5925,9.14727,13444000
2009-03-26,11.67,12.0725,11.635,11.9,9.389908,14117600
2009-03-27,11.855,11.9125,11.645,11.71,9.239981,7961600
2009-03-30,11.5,11.61,11.255,11.565,9.125571,13288800
2009-03-31,11.685,11.91,11.45,11.7225,9.249844,17907600
2009-04-01,11.545,11.8,11.41,11.75,9.271549,13006800
2009-04-02,11.9025,12.835,11.9025,12.6225,9.960011,23882000
2009-04-03,12.565,12.9725,12.55,12.9675,10.232239,14375600
2009-04-06,12.82,12.875,12.615,12.8175,10.113879,11080000
2009-04-07,12.5925,12.595,12.3775,12.465,9.835732,11580000
2009-04-08,12.49,12.655,12.3625,12.56,9.910692,13103200
2009-04-09,12.8125,13.375,12.645,13.3175,10.508412,18044400
2009-04-13,13.1825,13.3675,12.8975,13.28,10.478825,13202000
2009-04-14,13.15,13.15,12.545,12.85,10.139524,16975600
2009-04-15,12.85,13.05,12.7625,13.0275,10.279581,11099600
2009-04-16,13.05,13.5225,12.9825,13.4425,10.607046,11566000
2009-04-17,13.5075,13.75,13.305,13.6525,10.772748,13864000
2009-04-20,13.47,13.47,13.005,13.09,10.328899,9961200
2009-04-21,13.0775,13.4125,13.0075,13.3175,10.508412,10292400
2009-04-22,13.2275,13.9975,13.0625,13.75,10.849681,14134400
2009-04-23,13.75,13.8575,13.315,13.5975,10.729354,12211600
2009-04-24,13.6825,13.81,13.5075,13.6825,10.796422,8396000
2009-04-27,13.5025,13.82,13.3925,13.5325,10.678063,9206400
2009-04-28,13.355,14.075,13.35,13.8975,10.966075,9880400
2009-04-29,13.9,13.9375,13.125,13.24,10.447261,21858000
2009-04-30,13.385,13.755,13.045,13.1175,10.350603,19326400
2009-05-01,13.2175,13.3425,13.125,13.23,10.439369,13902000
2009-05-04,13.2275,13.8175,13.2175,13.8175,10.902947,14549600
2009-05-05,13.605,13.795,13.5875,13.75,10.849681,13247600
2009-05-06,13.8625,13.945,13.56,13.6525,10.772748,14808400
2009-05-07,13.83,13.9175,13.1075,13.27,10.470937,18546400
2009-05-08,13.44,13.715,13.0,13.605,10.735267,11371600
2009-05-11,13.4,13.4525,13.1975,13.285,10.482767,15055600
2009-05-12,13.125,13.2125,12.56,12.745,10.05667,24275200
2009-05-13,12.6,12.6,12.19,12.38,9.76866,18298800
2009-05-14,12.35,12.8425,12.35,12.7375,10.050752,16698000
2009-05-15,12.5225,12.9,12.41,12.4375,9.814033,14714800
2009-05-18,12.53,12.82,12.5,12.8,10.100067,10860000
2009-05-19,12.875,13.15,12.6325,13.01,10.265775,14625600
2009-05-20,13.0825,13.135,12.635,12.6725,9.999464,14862800
2009-05-21,12.59,12.8575,12.5175,12.8375,10.129661,15340800
2009-05-22,12.8375,13.2225,12.7975,13.1025,10.338763,14839200
2009-05-26,12.9925,13.6425,12.9925,13.5425,10.685952,16771200
2009-05-27,13.5425,13.8225,13.46,13.6025,10.733293,15127200
2009-05-28,13.6125,13.84,13.4025,13.7775,10.871383,15040400
2009-05-29,13.815,14.285,13.675,14.2625,11.254082,16568800
2009-06-01,14.465,14.9875,14.39,14.815,11.690041,17614400
2009-06-02,14.7475,14.83,14.4375,14.4575,11.407949,18942400
2009-06-03,14.3475,14.555,14.2,14.5425,11.47502,14018400
2009-06-04,14.535,14.535,14.1575,14.385,11.399736,13098000
2009-06-05,14.65,14.78,14.4875,14.5725,11.548324,16451200
2009-06-08,14.53,14.655,14.3175,14.5,11.490869,10683200
2009-06-09,14.4975,14.7375,14.41,14.665,11.621631,9716400
2009-06-10,14.7175,14.765,14.0625,14.2625,11.302657,23840000
2009-06-11,14.29,14.4725,14.1425,14.155,11.217463,15452000
2009-06-12,14.105,14.2475,13.9125,14.1525,11.215484,15486400
2009-06-15,14.0975,14.1175,13.8525,13.985,11.082747,12912800
2009-06-16,13.9875,14.1875,13.785,13.8325,10.961893,9774000
2009-06-17,13.7875,13.8825,13.5975,13.6575,10.823208,13586400
2009-06-18,13.8,14.3575,13.675,14.075,11.154069,17699600
2009-06-19,14.2075,14.49,14.1325,14.175,11.233315,15353200
2009-06-22,14.05,14.05,13.7775,13.815,10.948026,12300000
2009-06-23,13.8025,13.815,13.3375,13.385,10.607262,16074000
2009-06-24,13.4875,13.59,13.19,13.255,10.504236,20202000
2009-06-25,12.6625,12.8925,12.54,12.82,10.159509,59606800
2009-06-26,12.685,12.8425,12.6275,12.71,10.072338,21366800
2009-06-29,12.7875,13.04,12.7,12.9375,10.252631,13824800
2009-06-30,12.965,13.12,12.82,12.945,10.25857,11700400
2009-07-01,13.035,13.2475,12.8375,13.105,10.385367,12364800
2009-07-02,12.9425,12.9575,12.765,12.765,10.11593,15326400
2009-07-06,12.685,13.075,12.685,12.9775,10.284328,14878800
2009-07-07,12.925,12.9625,12.7225,12.8025,10.145646,12185600
2009-07-08,12.7475,12.9275,12.6875,12.8775,10.205082,10413600
2009-07-09,12.965,12.965,12.6925,12.765,10.11593,8537600
2009-07-10,12.6675,12.9475,12.655,12.825,10.163475,9436000
2009-07-13,12.865,12.9775,12.7025,12.885,10.211021,12468800
2009-07-14,12.8725,13.0725,12.8025,12.975,10.282346,8017200
2009-07-15,13.0875,13.2475,12.83,13.2325,10.486406,15544400
2009-07-16,13.195,13.37,13.0,13.2975,10.53792,13356000
2009-07-17,13.2875,13.2875,12.995,13.11,10.38933,13101200
2009-07-20,13.1475,13.31,13.0225,13.2075,10.4666,10645600
2009-07-21,13.3575,13.36,12.92,13.0175,10.316026,11007200
2009-07-22,13.0,13.1075,12.855,12.8825,10.209043,14300800
2009-07-23,12.875,13.02,12.75,12.785,10.131776,21532800
2009-07-24,12.7775,13.105,12.6475,13.0425,10.33584,14730800
2009-07-27,13.0525,13.1,12.91,13.0925,10.375463,6276400
2009-07-28,12.995,13.235,12.8575,13.2275,10.482448,10552800
2009-07-29,13.125,13.625,13.09,13.5925,10.771698,21214800
2009-07-30,13.7325,14.1325,13.645,14.0225,11.112464,20059600
2009-07-31,13.9175,14.4425,13.89,14.16,11.221431,21796800
2009-08-03,14.245,14.27,14.06,14.155,11.217463,13509600
2009-08-04,14.115,14.3925,14.0375,14.385,11.399736,14842800
2009-08-05,14.385,14.5425,14.1825,14.255,11.296712,16333200
2009-08-06,14.3125,14.45,14.205,14.405,11.415585,14561200
2009-08-07,14.49,14.5675,14.2825,14.5175,11.504737,11448000
2009-08-10,14.4675,14.4675,14.1775,14.285,11.32049,9543600
2009-08-11,14.23,14.2725,14.005,14.1975,11.251146,7614400
2009-08-12,14.15,14.475,14.105,14.38,11.395772,12197200
2009-08-13,14.345,14.4575,14.245,14.4525,11.453228,8377600
2009-08-14,14.415,14.5,14.075,14.215,11.265012,9124800
2009-08-17,14.0175,14.115,13.7925,13.86,10.983686,10980800
2009-08-18,13.88,13.9625,13.7975,13.9025,11.017366,13312400
2009-08-19,13.7725,14.23,13.7725,14.1925,11.247185,11306000
2009-08-20,14.2,14.285,14.05,14.25,11.292749,11903600
2009-08-21,13.9975,14.125,13.81,13.9125,11.02529,22557200
2009-08-24,13.925,14.0625,13.89,14.0,11.094633,15237600
2009-08-25,14.0725,14.1175,13.775,13.79,10.928213,18324800
2009-08-26,13.82,14.0,13.7325,13.8625,10.985666,13399200
2009-08-27,13.885,14.2825,13.7,14.2075,11.259071,19081600
2009-08-28,14.2625,14.345,13.9525,14.045,11.130293,8578000
2009-08-31,13.98,14.0,13.7875,13.8475,10.973781,7354400
2009-09-01,13.725,13.88,13.5275,13.59,10.769721,20162000
2009-09-02,13.53,13.5825,13.305,13.3275,10.561695,17540800
2009-09-03,13.3725,13.475,13.3275,13.4325,10.695059,14086000
2009-09-04,13.4675,13.595,13.355,13.5575,10.794583,9705600
2009-09-08,13.6575,13.815,13.5525,13.81,10.995626,11600800
2009-09-09,13.7325,13.87,13.6325,13.8375,11.017523,15984000
2009-09-10,13.8375,13.95,13.7175,13.855,11.031458,18652800
2009-09-11,13.89,13.9725,13.69,13.7475,10.945865,17368000
2009-09-14,13.62,13.805,13.38,13.7275,10.929938,14298800
2009-09-15,13.69,13.75,13.4925,13.6725,10.886146,14818400
2009-09-16,13.69,14.3625,13.6025,14.295,11.381788,24346400
2009-09-17,14.25,14.7025,14.2175,14.5225,11.562923,14762000
2009-09-18,14.5625,14.72,14.4875,14.6475,11.662451,11525200
2009-09-21,14.5125,14.8425,14.415,14.6375,11.654489,9472400
2009-09-22,14.7425,14.875,14.61,14.6425,11.658466,12374000
2009-09-23,14.7,14.8125,14.5575,14.575,11.604728,43572000
2009-09-24,14.5775,14.685,14.4575,14.5425,11.578848,26221200
2009-09-25,14.5825,14.9625,14.575,14.66,11.672402,17494400
2009-09-28,14.6825,14.8275,14.615,14.75,11.744064,10106400
2009-09-29,14.8075,15.0475,14.78,15.0225,11.961032,34763200
2009-09-30,16.002501,16.237499,16.002501,16.174999,12.878661,67174800
2009-10-01,16.0,16.1,15.625,15.625,12.440744,33036000
2009-10-02,15.3825,15.5975,15.27,15.505,12.3452,22568000
2009-10-05,15.47,15.73,15.4375,15.695,12.496481,11873200
2009-10-06,15.7275,16.105,15.71,15.7725,12.558184,14605600
2009-10-07,15.735,15.93,15.7,15.855,12.623873,8762400
2009-10-08,15.9275,16.09,15.8875,16.004999,12.743303,9364800
2009-10-09,16.030001,16.047501,15.75,15.8975,12.657711,8869600
2009-10-12,15.9625,16.0,15.8075,15.8125,12.590031,6200000
2009-10-13,15.815,15.9625,15.7525,15.92,12.675623,7062000
2009-10-14,16.02,16.307501,15.9775,16.225,12.918468,14631600
2009-10-15,16.182501,16.252501,16.032499,16.24,12.930409,14647200
2009-10-16,16.084999,16.299999,16.065001,16.275,12.95828,14616800
2009-10-19,16.26,16.5875,16.102501,16.522499,13.155341,18513200
2009-10-20,16.3825,16.4475,16.1625,16.272499,12.956286,13559600
2009-10-21,16.275,16.450001,16.174999,16.1875,12.888612,13313200
2009-10-22,16.205,16.424999,16.1,16.297501,12.976196,9990800
2009-10-23,16.262501,16.290001,15.8875,16.0425,12.773161,12698000
2009-10-26,16.02,16.24,15.8975,15.9375,12.689555,11814000
2009-10-27,15.9125,16.172501,15.625,16.022499,12.757235,15711600
2009-10-28,15.9075,16.065001,15.57,15.6425,12.45468,14820400
2009-10-29,15.75,16.0275,15.65,15.9275,12.681596,10848800
2009-10-30,15.8375,15.9475,15.505,15.545,12.377049,14672000
2009-11-02,15.585,15.905,15.4575,15.625,12.440744,11526400
2009-11-03,15.5625,15.7625,15.45,15.665,12.472596,10989200
2009-11-04,15.705,15.95,15.4925,15.6825,12.486526,8674800
2009-11-05,15.8725,16.1975,15.7675,16.190001,12.8906,10578000
2009-11-06,16.1625,16.205,15.97,16.139999,12.850786,7635200
2009-11-09,16.125,16.3325,16.09,16.33,13.00207,9146800
2009-11-10,16.334999,16.422501,16.0,16.1175,12.832876,9898000
2009-11-11,16.1525,16.3925,16.1425,16.2325,12.924443,6680400
2009-11-12,16.235001,16.3475,15.9525,16.022499,12.757235,6617200
2009-11-13,16.067499,16.24,15.93,16.105,12.822924,7310800
2009-11-16,16.165001,16.584999,16.129999,16.525,13.157329,10380000
2009-11-17,16.4725,16.5,16.1075,16.24,12.930409,7854000
2009-11-18,16.1975,16.1975,15.9475,16.105,12.822924,8098000
2009-11-19,15.9825,16.075001,15.72,15.89,12.651738,9852800
2009-11-20,15.835,16.02,15.675,15.98,12.723397,12614400
2009-11-23,16.205,16.3825,16.01,16.122499,12.836857,9432000
2009-11-24,16.17,16.275,16.08,16.129999,12.842827,6448800
2009-11-25,16.1325,16.467501,16.1325,16.424999,13.077711,7986000
2009-11-27,16.129999,16.360001,16.0,16.262501,12.948333,4698800
2009-11-30,16.200001,16.385,16.0975,16.2225,12.916483,9260800
2009-12-01,16.317499,16.522499,16.184999,16.35,13.017998,7950400
2009-12-02,16.1325,16.532499,16.1325,16.3375,13.008039,5936800
2009-12-03,16.315001,16.397499,16.135,16.1675,12.926091,11034800
2009-12-04,16.32,16.4625,15.955,16.075001,12.852139,10180000
2009-12-07,16.075001,16.247499,16.075001,16.135,12.900108,8948000
2009-12-08,16.0,16.0975,15.845,15.8825,12.698234,14510800
2009-12-09,15.8775,15.8775,15.4375,15.4875,12.382425,23438000
2009-12-10,15.55,15.85,15.55,15.675,12.532332,11972400
2009-12-11,15.79,16.047501,15.7725,15.965,12.764191,10860000
2009-12-14,16.002501,16.08,15.78,16.040001,12.824155,9257600
2009-12-15,15.9825,16.272499,15.905,16.0875,12.862132,9604800
2009-12-16,16.17,16.17,15.9075,16.012501,12.80217,7639600
2009-12-17,15.8925,16.012501,15.7675,15.8125,12.642266,11679600
2009-12-18,16.1,16.3375,16.012501,16.105,12.876124,20323200
2009-12-21,16.129999,16.317499,16.112499,16.219999,12.968066,7399200
2009-12-22,16.219999,16.3325,16.045,16.275,13.012038,8238800
2009-12-23,16.2675,16.3825,16.2225,16.360001,13.080001,6148400
2009-12-24,16.360001,16.389999,16.25,16.3125,13.042024,2302000
2009-12-28,16.3125,16.387501,16.195,16.375,13.091988,5648000
2009-12-29,16.375,16.6075,16.305,16.5525,13.233906,8083200
2009-12-30,16.4625,16.559999,16.4275,16.535,13.219915,6932000
2009-12-31,16.5525,16.655001,16.512501,16.5175,13.205923,6347600
2010-01-04,16.514999,16.5175,16.280001,16.3375,13.062013,11972400
2010-01-05,16.285,16.4475,16.174999,16.4025,13.11398,6275200
2010-01-06,16.35,16.422501,16.235001,16.3025,13.034025,13399200
2010-01-07,16.280001,16.5,16.262501,16.4625,13.161951,7187600
2010-01-08,16.4475,16.4625,16.235001,16.43,13.135967,7249600
2010-01-11,16.48,16.4825,16.1625,16.227501,12.974064,10678000
2010-01-12,16.15,16.275,16.07,16.205,12.956073,11485600
2010-01-13,16.2775,16.4175,16.195,16.35,13.072006,5648800
2010-01-14,16.372499,16.4575,16.1875,16.247499,12.990052,7311600
2010-01-15,16.195,16.252501,15.9875,16.0975,12.870126,11293200
2010-01-19,16.049999,16.200001,15.99,16.1775,12.934088,7453200
2010-01-20,16.0525,16.102501,15.8925,16.045,12.828154,8008400
2010-01-21,16.077499,16.084999,15.7575,15.91,12.720222,13983200
2010-01-22,15.8775,16.059999,15.7375,15.745,12.588302,13320000
2010-01-25,15.8425,16.01,15.8275,15.9175,12.726217,10749600
2010-01-26,15.8325,16.0275,15.7625,15.935,12.740204,6711200
2010-01-27,15.9175,16.0425,15.8125,16.0,12.792173,13560400
2010-01-28,16.0625,16.25,15.8425,15.88,12.696234,7158000
2010-01-29,15.91,16.1625,15.8875,15.9375,12.7422,10402400
2010-02-01,15.9925,16.112499,15.8775,16.025,12.812164,6407600
2010-02-02,16.0725,16.0725,15.9025,15.9825,12.778182,9539200
2010-02-03,15.9225,16.025,15.83,16.0,12.792173,7889200
2010-02-04,15.8825,15.9375,15.5125,15.5225,12.410405,17924800
2010-02-05,15.505,15.5575,15.2225,15.425,12.332454,13110800
2010-02-08,15.405,15.53,15.3075,15.325,12.252501,8177200
2010-02-09,15.445,15.775,15.4175,15.6275,12.494356,9438000
2010-02-10,15.6275,15.7375,15.5625,15.66,12.520344,7698400
2010-02-11,15.6075,15.7925,15.53,15.7375,12.582302,7010000
2010-02-12,15.63,15.6375,15.43,15.6225,12.49036,11152000
2010-02-16,15.705,15.9125,15.5825,15.9125,12.722215,9628000
2010-02-17,15.9675,16.172501,15.905,16.120001,12.888115,10640400
2010-02-18,16.122499,16.147499,15.9775,16.110001,12.880122,6468000
2010-02-19,16.035,16.15,16.002501,16.0875,12.862132,9498000
2010-02-22,16.1425,16.192499,16.0075,16.077499,12.854133,6864800
2010-02-23,16.075001,16.137501,15.9025,16.032499,12.818158,7738800
2010-02-24,16.0,16.254999,16.0,16.2325,12.978062,11618000
2010-02-25,16.252501,16.57,16.002501,16.540001,13.223908,15967600
2010-02-26,16.557501,16.9625,16.557501,16.9,13.511734,19633200
2010-03-01,16.977501,17.1775,16.9025,17.059999,13.639653,10674000
2010-03-02,17.014999,17.0825,16.92,17.0075,13.59768,9844800
2010-03-03,16.924999,16.9925,16.815001,16.91,13.519729,8670400
2010-03-04,17.004999,17.014999,16.860001,16.907499,13.571908,6306400
2010-03-05,16.9575,17.127501,16.9575,17.08,13.710375,7460000
2010-03-08,16.9925,17.24,16.9925,17.205,13.810716,7084000
2010-03-09,17.190001,17.295,17.1325,17.2325,13.832788,6042400
2010-03-10,17.227501,17.3125,17.102501,17.280001,13.870918,5592800
2010-03-11,17.275,17.4625,17.1775,17.4375,13.997341,6960000
2010-03-12,17.355,17.497499,17.352501,17.475,14.027444,7208400
2010-03-15,17.4375,17.682501,17.43,17.5975,14.12578,9514000
2010-03-16,17.5825,17.762501,17.525,17.594999,14.123772,10107200
2010-03-17,17.5975,17.8325,17.57,17.719999,14.224113,14751600
2010-03-18,18.3375,18.8375,18.325001,18.665001,14.982669,43696000
2010-03-19,18.565001,18.58,18.280001,18.379999,14.753904,18789600
2010-03-22,18.2225,18.540001,18.205,18.469999,14.826141,11696000
2010-03-23,18.6,18.647499,18.4925,18.622499,14.948563,8986000
2010-03-24,18.5875,18.5975,18.252501,18.344999,14.725805,11069200
2010-03-25,18.5425,18.695,18.3825,18.3925,14.763935,11321600
2010-03-26,18.450001,18.6875,18.342501,18.4725,14.828156,8661600
2010-03-29,18.540001,18.5825,18.395,18.4925,14.844211,6522400
2010-03-30,18.502501,18.6,18.387501,18.452499,14.812098,6461200
2010-03-31,18.372499,18.525,18.32,18.375,14.749891,7916000
2010-04-01,18.49,18.5975,18.4375,18.502501,14.852237,8376400
2010-04-05,18.547501,18.705,18.405001,18.5275,14.872308,7081600
2010-04-06,18.385,18.5375,18.375,18.477501,14.83217,8428000
2010-04-07,18.4925,18.547501,18.325001,18.397499,14.767952,8851200
2010-04-08,18.365,18.57,18.264999,18.497499,14.848222,10410400
2010-04-09,18.545,18.82,18.4125,18.795,15.087033,12502000
2010-04-12,18.8225,18.987499,18.799999,18.8825,15.157264,8867200
2010-04-13,18.8575,18.9825,18.6875,18.877501,15.153254,7025200
2010-04-14,18.9025,18.965,18.75,18.950001,15.211453,6804400
2010-04-15,18.8925,18.955,18.7425,18.91,15.179341,7014400
2010-04-16,18.897499,19.0,18.745001,18.7925,15.085021,13739200
2010-04-19,18.737499,18.950001,18.5625,18.895,15.1673,8790400
2010-04-20,19.004999,19.145,18.975,19.09,15.323834,9584400
2010-04-21,19.1,19.285,19.0425,19.18,15.396078,10800800
2010-04-22,19.0725,19.6325,19.0525,19.557501,15.699096,13848800
2010-04-23,19.455,19.610001,19.325001,19.475,15.632876,10151200
2010-04-26,19.477501,19.6175,19.445,19.504999,15.65696,6050400
2010-04-27,19.4175,19.622499,19.1525,19.184999,15.400091,11016800
2010-04-28,19.235001,19.5075,19.035,19.110001,15.339879,10812000
2010-04-29,19.275,19.422501,19.18,19.3925,15.566647,9083600
2010-04-30,19.362499,19.469999,18.9725,18.977501,15.233538,9869600
2010-05-03,19.002501,19.5975,18.977501,19.442499,15.606783,8428400
2010-05-04,19.504999,19.637501,19.275,19.3375,15.522502,14530400
2010-05-05,19.217501,19.325001,18.674999,18.8025,15.093044,17310400
2010-05-06,18.637501,18.997499,16.747499,18.075001,14.509076,26330000
2010-05-07,17.8375,18.110001,17.445,17.6525,14.169932,21502400
2010-05-10,18.4725,19.192499,18.434999,19.1625,15.382033,26477600
2010-05-11,18.950001,19.2675,18.940001,19.1075,15.337885,13755200
2010-05-12,19.1775,19.495001,19.002501,19.4625,15.622842,9956000
2010-05-13,19.4125,19.497499,18.8375,18.887501,15.161279,20976800
2010-05-14,18.657499,18.75,18.295,18.434999,14.798052,19014000
2010-05-17,18.432501,18.4625,18.0075,18.407499,14.775983,16944400
2010-05-18,18.540001,18.752501,18.174999,18.2325,14.635508,18855600
2010-05-19,18.135,18.18,17.75,18.0625,14.499044,23478800
2010-05-20,17.6325,17.897499,17.3925,17.577499,14.109718,25056400
2010-05-21,17.285,17.945,17.035,17.8475,14.326454,17064000
2010-05-24,17.7925,17.977501,17.6775,17.834999,14.316426,22684400
2010-05-25,17.522499,18.25,17.317499,18.227501,14.631489,21164000
2010-05-26,18.379999,18.405001,17.98,18.129999,14.553229,16727200
2010-05-27,18.32,18.49,18.190001,18.475,14.830162,14743600
2010-05-28,18.405001,18.465,17.99,18.094999,14.52513,15556800
2010-06-01,17.860001,18.155001,17.674999,17.795,14.284313,14684000
2010-06-02,17.827499,18.264999,17.827499,18.25,14.649552,12660800
2010-06-03,18.299999,18.465,18.235001,18.407499,14.830832,11356800
2010-06-04,18.09,18.1175,17.540001,17.692499,14.254761,15403600
2010-06-07,17.635,17.754999,17.370001,17.397499,14.01708,11056400
2010-06-08,17.397499,17.6075,17.1625,17.565001,14.152034,12263200
2010-06-09,17.629999,17.8325,17.4175,17.502501,14.101678,12914000
2010-06-10,17.797501,18.137501,17.785,17.9375,14.452152,11831200
2010-06-11,17.8225,18.16,17.7575,18.0825,14.56898,8808400
2010-06-14,18.122499,18.237499,17.977501,18.055,14.546824,8746400
2010-06-15,18.0725,18.495001,18.0725,18.495001,14.90133,8697600
2010-06-16,18.342501,18.625,18.27,18.4575,14.871114,12700400
2010-06-17,18.605,18.674999,18.407499,18.6425,15.020176,11802400
2010-06-18,18.700001,18.807501,18.6175,18.735001,15.094698,11196400
2010-06-21,18.872499,18.98,18.455,18.5875,14.975858,11192000
2010-06-22,18.610001,18.75,18.0425,18.115,14.595162,10388000
2010-06-23,18.165001,18.295,17.875,18.129999,14.607255,11658800
2010-06-24,17.502501,17.6675,17.299999,17.407499,14.025141,36104000
2010-06-25,17.465,17.6175,17.225,17.530001,14.123839,18090000
2010-06-28,17.625,17.717501,17.407499,17.625,14.200374,12720400
2010-06-29,17.407499,17.4175,16.860001,17.0425,13.731061,23320800
2010-06-30,16.985001,17.285,16.825001,16.887501,13.606179,18551200
2010-07-01,16.9725,17.125,16.692499,17.0175,13.710916,20482400
2010-07-02,17.047501,17.235001,16.8575,16.965,13.668613,11626800
2010-07-06,17.0525,17.2925,16.584999,16.8025,13.537696,16874800
2010-07-07,16.8675,17.147499,16.752501,17.139999,13.809614,17171600
2010-07-08,17.307501,17.620001,17.254999,17.57,14.156064,17801600
2010-07-09,17.540001,17.5525,17.379999,17.5375,14.129871,10962400
2010-07-12,17.4925,17.6175,17.32,17.452499,14.061397,8889600
2010-07-13,17.6,17.73,17.504999,17.6175,14.194333,12129600
2010-07-14,17.540001,17.65,17.3675,17.635,14.20843,11656000
2010-07-15,17.584999,17.700001,17.3375,17.6625,14.230593,14103200
2010-07-16,17.5875,17.665001,17.172501,17.24,13.89018,13703600
2010-07-19,17.285,17.3675,17.047501,17.1525,13.819684,9580000
2010-07-20,16.975,17.5,16.905001,17.459999,14.067437,14804000
2010-07-21,17.532499,17.7675,17.327499,17.4125,14.029167,15788800
2010-07-22,17.5975,18.030001,17.59,17.889999,14.41388,13528000
2010-07-23,17.875,18.290001,17.790001,18.184999,14.651561,11518800
2010-07-26,18.1775,18.487499,18.120001,18.305,14.74825,10491600
2010-07-27,18.424999,18.4625,18.209999,18.42,14.840902,10412400
2010-07-28,18.41,18.504999,18.217501,18.2775,14.726092,8456400
2010-07-29,18.4125,18.5275,18.17,18.3825,14.810687,9664400
2010-07-30,18.252501,18.487499,18.16,18.41,14.832847,8702800
2010-08-02,18.5975,18.7425,18.485001,18.58,14.969813,10268000
2010-08-03,18.549999,18.549999,18.2125,18.275,14.724074,12723600
2010-08-04,18.295,18.592501,18.282499,18.5,14.905356,12157600
2010-08-05,18.362499,18.59,18.325001,18.514999,14.917449,8065600
2010-08-06,18.355,18.522499,18.195,18.49,14.897307,7698800
2010-08-09,18.535,18.75,18.469999,18.530001,14.929531,7893600
2010-08-10,18.355,18.5975,18.200001,18.477501,14.887238,9386400
2010-08-11,18.192499,18.195,17.870001,18.02,14.518625,12152000
2010-08-12,17.747499,17.9475,17.674999,17.879999,14.405826,9752000
2010-08-13,17.852501,17.870001,17.620001,17.645,14.216492,8794400
2010-08-16,17.5275,17.8675,17.442499,17.764999,14.313167,9525600
2010-08-17,17.9375,18.1775,17.8675,17.9275,14.444098,10123600
2010-08-18,17.922501,18.1775,17.735001,18.059999,14.550852,8782800
2010-08-19,17.952499,18.002501,17.639999,17.834999,14.369569,9880800
2010-08-20,17.682501,17.852501,17.622499,17.815001,14.353455,7151600
2010-08-23,17.907499,18.0975,17.737499,17.737499,14.291017,7856000
2010-08-24,17.5075,17.682501,17.352501,17.512501,14.109732,10616000
2010-08-25,17.362499,17.59,17.08,17.532499,14.125847,12604400
2010-08-26,17.6625,17.93,17.584999,17.5975,14.178219,13606400
2010-08-27,17.682501,17.790001,17.424999,17.735001,14.289005,10624800
2010-08-30,17.68,17.85,17.49,17.59,14.172181,10087600
2010-08-31,17.502501,17.690001,17.395,17.5,14.099664,11941600
2010-09-01,17.782499,18.055,17.705,18.032499,14.528699,13737200
2010-09-02,18.02,18.2675,17.942499,18.24,14.751095,9632000
2010-09-03,18.434999,18.610001,18.3125,18.5625,15.011914,12278000
2010-09-07,18.445,18.6175,18.4375,18.504999,14.96541,8101200
2010-09-08,18.559999,18.6775,18.475,18.535,14.989662,9198000
2010-09-09,18.7075,18.754999,18.4,18.48,14.945189,7006800
2010-09-10,18.5375,18.7125,18.4175,18.4375,14.910826,8159200
2010-09-13,18.602501,18.82,18.594999,18.67,15.098841,9858400
2010-09-14,18.6175,18.969999,18.592501,18.817499,15.218129,9995200
2010-09-15,18.7875,19.1775,18.7325,19.139999,15.478944,15811600
2010-09-16,19.075001,19.217501,18.98,19.16,15.495126,8692800
2010-09-17,19.2325,19.385,19.120001,19.315001,15.620472,12146400
2010-09-20,19.325001,19.76,19.3225,19.592501,15.84489,15101600
2010-09-21,19.4825,19.5175,19.305,19.422501,15.707412,13273600
2010-09-22,19.3675,19.497499,19.174999,19.327499,15.630578,10488800
2010-09-23,19.225,19.530001,19.147499,19.4175,15.70337,17721600
2010-09-24,20.3375,20.424999,19.870001,19.8925,16.087513,33384400
2010-09-27,19.855,19.875,19.5375,19.7775,15.994508,18776000
2010-09-28,19.7675,20.205,19.6425,20.16,16.303846,21709600
2010-09-29,20.067499,20.102501,19.807501,19.9825,16.160288,14574000
2010-09-30,20.002501,20.200001,19.877501,20.035,16.202757,13493200
2010-10-01,20.24,20.24,19.9575,20.0625,16.224995,14170000
2010-10-04,19.98,20.065001,19.76,19.969999,16.150181,10353200
2010-10-05,20.15,20.3675,20.067499,20.325001,16.437271,13471200
2010-10-06,20.2575,20.327499,20.205,20.327499,16.439299,9634400
2010-10-07,20.317499,20.33,20.077499,20.247499,16.374603,12183600
2010-10-08,20.235001,20.65,20.225,20.51,16.586893,19038400
2010-10-11,20.405001,20.575001,20.375,20.495001,16.574766,9902800
2010-10-12,20.75,20.85,20.450001,20.4725,16.556566,22497200
2010-10-13,20.594999,20.6875,20.375,20.504999,16.582848,10490800
2010-10-14,20.43,20.567499,20.334999,20.442499,16.532309,9410000
2010-10-15,20.565001,20.615,20.405001,20.5,16.578808,8276800
2010-10-18,20.5,20.530001,20.375,20.415001,16.510071,6297600
2010-10-19,20.115,20.387501,20.02,20.182501,16.322035,10816400
2010-10-20,20.26,20.4175,20.2125,20.309999,16.42515,7533200
2010-10-21,20.405001,20.709999,20.372499,20.5275,16.601055,11593200
2010-10-22,20.5275,20.6325,20.4275,20.48,16.562635,4240400
2010-10-25,20.6425,20.7575,20.502501,20.512501,16.588924,8882800
2010-10-26,20.41,20.555,20.315001,20.455,16.542412,10289600
2010-10-27,20.309999,20.3375,20.067499,20.2575,16.382692,8974000
2010-10-28,20.327499,20.424999,20.1425,20.2775,16.398867,6505600
2010-10-29,20.235001,20.372499,20.1625,20.360001,16.465595,8051600
2010-11-01,20.469999,20.5,20.147499,20.275,16.396837,7583200
2010-11-02,20.450001,20.559999,20.377501,20.4375,16.528259,7117600
2010-11-03,20.432501,20.5425,20.24,20.4575,16.544437,7029200
2010-11-04,20.68,20.872499,20.6,20.852501,16.863884,9876000
2010-11-05,20.809999,21.0275,20.809999,21.0275,17.005409,9038800
2010-11-08,20.915001,20.959999,20.74,20.9025,16.904322,7300400
2010-11-09,20.9125,20.922501,20.719999,20.799999,16.821424,9705200
2010-11-10,20.785,20.997499,20.705,20.969999,16.95891,8811200
2010-11-11,20.8375,20.950001,20.747499,20.9175,16.916449,6689600
2010-11-12,20.797501,20.9125,20.51,20.655001,16.704168,7630400
2010-11-15,20.727501,20.735001,20.424999,20.450001,16.538372,7975600
2010-11-16,20.395,20.559999,20.065001,20.127501,16.277557,12930800
2010-11-17,20.195,20.4825,20.1425,20.3475,16.455479,10762000
2010-11-18,20.5425,20.735001,20.5425,20.6175,16.67384,8432000
2010-11-19,20.717501,21.58,20.717501,21.452499,17.349115,19276800
2010-11-22,21.27,21.5,21.27,21.48,17.371357,7275600
2010-11-23,21.262501,21.469999,21.219999,21.315001,17.237917,6632000
2010-11-24,21.360001,21.7425,21.360001,21.6325,17.494688,8905600
2010-11-26,21.577499,21.65,21.475,21.49,17.379444,4050400
2010-11-29,21.35,21.35,20.98,21.290001,17.217705,9700400
2010-11-30,21.125,21.65,21.092501,21.532499,17.413824,13166000
2010-12-01,21.870001,22.07,21.85,21.91,17.719107,7963600
2010-12-02,21.959999,22.0,21.74,21.9575,17.820557,6449200
2010-12-03,21.877501,21.995001,21.705,21.8825,17.75968,8116400
2010-12-06,21.877501,21.99,21.76,21.932501,17.800268,4806400
2010-12-07,22.0975,22.112499,21.780001,21.797501,17.690699,7686800
2010-12-08,21.862499,21.9125,21.6,21.83,17.717079,5462800
2010-12-09,22.035,22.125,21.809999,21.8675,17.747513,6420400
2010-12-10,21.940001,22.0975,21.875,21.950001,17.814472,5095200
2010-12-13,22.41,22.629999,22.252501,22.307501,18.10461,12956400
2010-12-14,22.245001,22.434999,22.127501,22.32,18.114758,7558800
2010-12-15,22.317499,22.4,22.1075,22.145,17.972729,7000800
2010-12-16,22.135,22.3125,21.942499,22.307501,18.10461,7224400
2010-12-17,22.34,22.5875,22.32,22.512501,18.270985,11552400
2010-12-20,22.6325,22.717501,22.407499,22.567499,18.315628,8692800
2010-12-21,22.75,23.122499,22.620001,23.075001,18.72751,25000000
2010-12-22,21.75,22.0625,21.65,21.737499,17.64201,33224000
2010-12-23,21.7325,21.75,21.3575,21.512501,17.459398,13772800
2010-12-27,21.495001,21.52,21.375,21.4575,17.414764,6373600
2010-12-28,21.559999,21.695,21.5275,21.5825,17.516212,8459600
2010-12-29,21.635,21.635,21.3125,21.317499,17.30114,6960400
2010-12-30,21.325001,21.530001,21.280001,21.440001,17.400558,5910000
2010-12-31,21.35,21.459999,21.280001,21.355,17.331568,5796000
2011-01-03,21.4575,21.645,21.315001,21.522499,17.467508,8566400
2011-01-04,21.4,21.4375,20.9375,20.9925,17.037371,13797600
2011-01-05,20.9125,21.2075,20.877501,21.129999,17.148962,11598800
2011-01-06,21.112499,21.125,20.889999,20.940001,16.994759,8057200
2011-01-07,20.924999,20.987499,20.817499,20.8825,16.948095,8174400
2011-01-10,20.8125,21.122499,20.764999,21.0425,17.077953,8914400
2011-01-11,21.049999,21.200001,20.905001,21.004999,17.047512,5563200
2011-01-12,21.1,21.122499,20.92,20.932501,16.988674,9653600
2011-01-13,20.9575,20.9575,20.612499,20.639999,16.75127,9774400
2011-01-14,20.655001,21.075001,20.592501,21.0175,17.057652,8390800
2011-01-18,21.105,21.245001,20.967501,21.014999,17.055624,9024400
2011-01-19,21.022499,21.0425,20.7075,20.915001,16.974476,10901200
2011-01-20,20.799999,20.9125,20.625,20.7675,16.854755,9431200
2011-01-21,20.877501,20.889999,20.547501,20.575001,16.698528,7430400
2011-01-24,20.5,20.725,20.375,20.665001,16.771568,8115600
2011-01-25,20.6425,20.737499,20.48,20.719999,16.816212,7434000
2011-01-26,20.785,21.0425,20.6975,21.0,17.043459,10357600
2011-01-27,21.0175,21.084999,20.672501,20.692499,16.793888,9769600
2011-01-28,20.727501,20.745001,20.325001,20.365,16.52809,8968000
2011-01-31,20.379999,20.639999,20.252501,20.620001,16.73505,7680800
2011-02-01,20.6875,20.924999,20.655001,20.887501,16.95215,9705200
2011-02-02,20.8575,20.985001,20.780001,20.977501,17.025192,7764400
2011-02-03,20.8925,21.075001,20.844999,20.950001,17.002876,10352400
2011-02-04,21.002501,21.4725,20.952499,21.434999,17.396502,9636400
2011-02-07,21.450001,21.700001,21.415001,21.625,17.550697,8380800
2011-02-08,21.67,21.702499,21.545,21.6775,17.593313,6836800
2011-02-09,21.6775,21.924999,21.612499,21.8125,17.702866,8368800
2011-02-10,21.73,21.860001,21.565001,21.6975,17.609545,6752400
2011-02-11,21.612499,21.6775,21.49,21.5525,17.491859,7392800
2011-02-14,21.58,21.635,21.362499,21.442499,17.40258,7376000
2011-02-15,21.317499,21.397499,21.155001,21.387501,17.357946,8109600
2011-02-16,21.379999,21.487499,21.280001,21.4375,17.398523,8908800
2011-02-17,21.184999,21.52,21.1,21.51,17.457361,11937200
2011-02-18,21.620001,22.2075,21.5,22.205,18.021427,14709200
2011-02-22,21.9,22.08,21.727501,21.807501,17.698818,10978800
2011-02-23,21.7225,21.9575,21.4475,21.547501,17.487801,11854400
2011-02-24,21.48,21.73,21.375,21.629999,17.554754,8765200
2011-02-25,21.6675,22.075001,21.635,21.995001,17.850992,8998400
2011-02-28,22.0725,22.290001,21.987499,22.2575,18.064035,10352800
2011-03-01,22.4125,22.452499,21.877501,21.924999,17.794178,13718400
2011-03-02,21.915001,22.307501,21.807501,22.0825,17.922009,9465200
2011-03-03,22.227501,22.497499,22.225,22.459999,18.292582,10421200
2011-03-04,22.452499,22.5,22.334999,22.469999,18.300726,10181600
2011-03-07,22.5,22.780001,22.067499,22.23,18.105253,16266400
2011-03-08,22.2875,22.4175,22.2075,22.297501,18.160234,9622000
2011-03-09,22.190001,22.415001,22.0625,22.237499,18.111368,9950400
2011-03-10,22.0625,22.2675,21.885,22.045,17.954584,9078400
2011-03-11,21.870001,21.897499,21.3675,21.7925,17.74893,14917200
2011-03-14,21.715,21.719999,21.34,21.5525,17.553469,10236000
2011-03-15,21.157499,21.455,21.0,21.3325,17.374285,9891200
2011-03-16,21.25,21.467501,21.012501,21.205,17.270441,10024800
2011-03-17,21.3925,21.434999,21.122499,21.352501,17.390579,13822000
2011-03-18,19.497499,19.6625,19.2075,19.397499,15.798324,78895200
2011-03-21,19.405001,19.487499,19.155001,19.209999,15.645609,23426000
2011-03-22,19.1625,19.25,17.3575,18.862499,15.362598,36628400
2011-03-23,18.795,19.424999,18.762501,19.305,15.722984,48562000
2011-03-24,19.370001,19.459999,19.1,19.182501,15.623211,17726800
2011-03-25,19.2075,19.4,19.155001,19.165001,15.608966,18833600
2011-03-28,19.17,19.247499,18.950001,18.9725,15.452182,14793600
2011-03-29,19.025,19.1625,18.905001,19.09,15.547874,15672400
2011-03-30,19.1175,19.25,19.059999,19.1875,15.627292,9911200
2011-03-31,19.122499,19.1525,18.905001,18.924999,15.413493,13097200
2011-04-01,18.985001,19.225,18.955,19.1325,15.582488,12892400
2011-04-04,19.195,19.389999,19.0875,19.352501,15.761679,9965200
2011-04-05,19.295,19.5,19.2125,19.4825,15.867552,12783200
2011-04-06,19.66,19.75,19.559999,19.6675,16.018227,15684000
2011-04-07,19.66,19.66,19.254999,19.522499,15.900126,14822800
2011-04-08,19.6675,19.75,19.264999,19.3475,15.757602,10769600
2011-04-11,19.315001,19.535,19.3125,19.532499,15.908275,8329200
2011-04-12,19.379999,19.592501,19.3375,19.549999,15.922524,8850000
2011-04-13,19.545,19.8825,19.5375,19.852501,16.168901,12069600
2011-04-14,19.715,20.067499,19.6625,20.02,16.305313,14087600
2011-04-15,20.102501,20.102501,19.6675,19.682501,16.030447,13746800
2011-04-18,19.5175,19.6625,19.299999,19.645,15.999894,11543200
2011-04-19,19.6675,19.887501,19.622499,19.682501,16.030447,10802800
2011-04-20,19.860001,20.0625,19.815001,20.0175,16.303286,14865200
2011-04-21,20.157499,20.157499,19.959999,20.047501,16.327721,8706000
2011-04-25,20.1525,20.227501,19.969999,20.0275,16.311434,6976000
2011-04-26,20.022499,20.15,19.85,19.99,16.280884,7317600
2011-04-27,20.014999,20.307501,19.98,20.280001,16.517073,9981200
2011-04-28,20.27,20.682501,20.15,20.6425,16.812309,10064000
2011-04-29,20.565001,20.6325,20.4375,20.58,16.761408,8844400
2011-05-02,20.695,20.870001,20.5,20.559999,16.745119,12402400
2011-05-03,20.5875,20.65,20.385,20.415001,16.627029,8710800
2011-05-04,20.620001,20.75,20.352501,20.6975,16.857107,11956000
2011-05-05,20.674999,20.834999,20.522499,20.6525,16.820457,9631200
2011-05-06,20.797501,20.8575,20.440001,20.504999,16.700329,9624800
2011-05-09,20.450001,20.7425,20.424999,20.727501,16.881546,6536800
2011-05-10,20.8125,20.924999,20.682501,20.875,17.001677,10405600
2011-05-11,20.7925,20.915001,20.549999,20.665001,16.830639,8601600
2011-05-12,20.66,21.174999,20.610001,21.145,17.221575,10240800
2011-05-13,21.18,21.6325,21.174999,21.565001,17.563656,14448800
2011-05-16,21.434999,21.565001,21.254999,21.317499,17.362072,10656800
2011-05-17,21.205,21.254999,20.9925,21.2225,17.284702,9972400
2011-05-18,21.2225,21.4,21.1325,21.2075,17.272482,9857600
2011-05-19,21.297501,21.540001,21.26,21.5275,17.5331,8239600
2011-05-20,21.5975,21.620001,21.0975,21.262501,17.317272,10130400
2011-05-23,21.025,21.182501,20.865,20.905001,17.026108,9112400
2011-05-24,20.9475,21.182501,20.907499,21.0825,17.170671,5756000
2011-05-25,20.945,20.950001,20.7775,20.797501,16.938551,9230400
2011-05-26,20.7925,21.059999,20.747499,21.0175,17.117737,6762000
2011-05-27,21.059999,21.200001,21.047501,21.155001,17.229717,6079600
2011-05-31,21.209999,21.237499,20.955,21.112499,17.195107,8879200
2011-06-01,21.084999,21.18,20.52,20.5375,16.726801,10124800
2011-06-02,20.467501,20.647499,20.264999,20.2875,16.585766,11829200
2011-06-03,20.127501,20.3375,20.055,20.09,16.424307,11259200
2011-06-06,20.092501,20.237499,19.934999,19.942499,16.303724,9092800
2011-06-07,20.047501,20.58,20.0375,20.475,16.739063,13809200
2011-06-08,20.3825,20.497499,19.967501,20.025,16.371164,12223200
2011-06-09,20.0725,20.3325,20.059999,20.1675,16.487671,9538800
2011-06-10,20.147499,20.389999,19.887501,19.915001,16.281246,9920000
2011-06-13,19.9375,20.4725,19.92,20.127501,16.454967,10787600
2011-06-14,20.2925,20.6075,20.27,20.559999,16.80855,11731600
2011-06-15,20.389999,20.477501,19.975,20.0975,16.430443,11418800
2011-06-16,20.1175,20.1875,19.860001,20.0725,16.409998,9092000
2011-06-17,20.202499,20.397499,20.200001,20.2775,16.5776,10494400
2011-06-20,20.215,20.8475,20.215,20.807501,17.010895,9140800
2011-06-21,20.7875,21.2075,20.762501,21.127501,17.272501,9263200
2011-06-22,20.9725,21.102501,20.4625,20.487499,16.749279,18370400
2011-06-23,20.34,20.59,20.157499,20.547501,16.79833,17086000
2011-06-24,20.5275,20.622499,20.182501,20.295,16.591902,15564400
2011-06-27,20.23,20.692499,20.23,20.405001,16.681833,22992800
2011-06-28,21.317499,22.645,21.290001,22.475,18.374132,60456800
2011-06-29,22.415001,22.5875,22.045,22.445,18.349607,25427600
2011-06-30,22.305,22.6075,22.305,22.495001,18.39049,17715200
2011-07-01,22.4125,22.997499,22.3575,22.955,18.76655,16781200
2011-07-05,22.82,23.0275,22.7325,22.934999,18.750204,14938800
2011-07-06,22.8475,23.122499,22.842501,23.0875,18.87487,14488000
2011-07-07,23.190001,23.557501,23.1775,23.415001,19.14262,17198000
2011-07-08,23.247499,23.334999,23.067499,23.309999,19.056772,12672400
2011-07-11,22.967501,23.262501,22.782499,22.8575,18.686836,12599600
2011-07-12,22.82,22.995001,22.6625,22.807501,18.645966,7284000
2011-07-13,22.745001,23.217501,22.745001,23.012501,18.813562,9458400
2011-07-14,23.0425,23.237499,22.8125,22.99,18.79517,10843200
2011-07-15,23.092501,23.092501,22.7075,22.924999,18.742025,14330400
2011-07-18,22.725,22.897499,22.620001,22.66,18.525372,11662400
2011-07-19,22.862499,22.8825,22.627501,22.684999,18.545815,18579600
2011-07-20,22.7225,22.745001,22.5425,22.65,18.517197,9916000
2011-07-21,22.690001,23.147499,22.5725,22.959999,18.770634,11621200
2011-07-22,23.012501,23.0725,22.8575,22.9275,18.744068,7219200
2011-07-25,22.584999,22.852501,22.58,22.7325,18.584652,6965200
2011-07-26,22.75,22.83,22.547501,22.5825,18.462021,7566800
2011-07-27,22.485001,22.6425,22.137501,22.18,18.132956,12686400
2011-07-28,22.217501,22.84,22.217501,22.620001,18.492674,14810400
2011-07-29,22.452499,22.700001,22.3125,22.5375,18.425234,9905200
2011-08-01,22.605,22.615,22.002501,22.334999,18.25967,10046800
2011-08-02,22.065001,22.299999,21.245001,21.2775,17.395134,17061600
2011-08-03,21.325001,21.780001,20.727501,21.77,17.797768,15954400
2011-08-04,21.5275,21.6875,20.372499,20.387501,16.66753,18850800
2011-08-05,20.627501,21.127501,20.084999,20.967501,17.141689,21511200
2011-08-08,20.344999,20.834999,19.5,19.797501,16.185186,23861600
2011-08-09,20.09,20.6625,19.245001,20.625,16.861691,21544000
2011-08-10,20.4175,20.725,19.76,19.8325,16.2138,19309600
2011-08-11,19.915001,21.0975,19.83,20.8125,17.014984,14950400
2011-08-12,20.965,21.262501,20.8475,21.059999,17.217321,10663200
2011-08-15,21.1525,21.290001,20.695,21.282499,17.399218,10026800
2011-08-16,21.022499,21.3825,20.782499,20.805,17.008848,14041200
2011-08-17,20.9125,21.147499,20.459999,20.637501,16.871914,12017200
2011-08-18,20.190001,20.3475,19.7425,19.98,16.334379,16644000
2011-08-19,19.735001,20.372499,19.625,19.645,16.060501,12648800
2011-08-22,20.0075,20.145,19.7575,19.8125,16.197435,11138800
2011-08-23,19.8925,20.907499,19.775,20.897499,17.084461,12045600
2011-08-24,20.8025,21.497499,20.715,21.450001,17.536161,15281600
2011-08-25,21.4625,21.622499,20.872499,20.940001,17.119215,12359600
2011-08-26,20.825001,21.615,20.575001,21.5725,17.636312,12230800
2011-08-29,21.7775,22.15,21.700001,22.135,18.09618,11164000
2011-08-30,22.075001,22.1325,21.59,21.592501,17.652655,18831200
2011-08-31,21.76,22.1325,21.5375,21.6625,17.709888,13958000
2011-09-01,21.5875,22.025,21.504999,21.637501,17.75296,15754400
2011-09-02,21.217501,21.4575,20.950001,21.01,17.238117,10301200
2011-09-06,20.2875,20.977501,20.049999,20.940001,17.180672,11293200
2011-09-07,21.26,21.627501,21.040001,21.627501,17.744755,11406000
2011-09-08,21.4375,21.872499,21.200001,21.3325,17.502722,11198800
2011-09-09,21.1075,21.3475,20.620001,20.625,16.922234,14903200
2011-09-12,20.440001,21.105,20.362499,21.09,17.303755,9916800
2011-09-13,21.102501,21.594999,21.014999,21.455,17.603224,11845600
2011-09-14,21.567499,22.1975,21.352501,21.872499,17.945766,15416000
2011-09-15,22.065001,22.1,21.690001,22.01,18.058596,11005600
2011-09-16,22.155001,22.495001,22.0825,22.442499,18.413439,16175600
2011-09-19,22.059999,22.625,22.0075,22.549999,18.501644,14538000
2011-09-20,22.6675,22.795,22.309999,22.365,18.349852,15854400
2011-09-21,22.309999,22.405001,21.387501,21.434999,17.586813,20442800
2011-09-22,20.797501,21.1775,20.555,21.045,17.266834,23763200
2011-09-23,21.945,22.497499,21.672501,22.16,18.181658,36419200
2011-09-26,22.389999,22.495001,21.805,22.327499,18.319086,16838400
2011-09-27,22.6,23.139999,22.495001,22.645,18.579576,17462800
2011-09-28,22.6675,22.995001,22.0625,22.1175,18.146784,14258000
2011-09-29,22.4475,22.5,21.360001,21.997499,18.048326,14378000
2011-09-30,21.745001,22.059999,21.370001,21.377501,17.539631,13958800
2011-10-03,21.237499,21.547501,20.75,20.762501,17.035049,14336000
2011-10-04,20.385,21.475,20.252501,21.432501,17.584766,13781600
2011-10-05,21.4825,22.059999,21.3325,21.950001,18.009363,14786400
2011-10-06,21.8825,22.4475,21.805,22.32,18.312933,10604000
2011-10-07,22.3225,22.467501,21.897499,22.0375,18.081148,10361600
2011-10-10,22.445,22.717501,22.334999,22.68,18.608301,8209200
2011-10-11,22.4475,22.674999,22.3575,22.4625,18.429857,8690400
2011-10-12,22.5825,23.125,22.487499,22.9475,18.827776,14055200
2011-10-13,22.855,23.125,22.7325,23.0525,18.913929,8464800
2011-10-14,23.145,23.295,22.977501,23.2425,19.069817,8570800
2011-10-17,23.067499,23.225,22.6775,22.754999,18.669842,8205600
2011-10-18,22.6525,23.0825,21.995001,22.870001,18.764191,11126000
2011-10-19,22.9175,23.125,22.7675,22.8225,18.725214,8566800
2011-10-20,22.91,23.115,22.672501,22.9725,18.848289,8444800
2011-10-21,23.200001,23.5875,23.1325,23.5875,19.352879,12383600
2011-10-24,23.584999,23.9825,23.530001,23.7675,19.500566,13173600
2011-10-25,23.5275,23.834999,23.3675,23.4375,19.229813,9488800
2011-10-26,23.66,23.747499,23.182501,23.5525,19.324163,9555200
2011-10-27,24.0425,24.122499,23.8575,23.9575,19.65645,15440800
2011-10-28,23.915001,24.2325,23.73,24.1875,19.845163,12221600
2011-10-31,23.940001,24.42,23.885,24.0875,19.763117,12228000
2011-11-01,23.377501,23.8575,23.365,23.469999,19.256475,10651200
2011-11-02,23.9125,23.950001,23.522499,23.735001,19.473902,11624400
2011-11-03,24.0375,24.059999,23.3925,23.92,19.625683,10792800
2011-11-04,23.799999,23.997499,23.4025,23.594999,19.359035,8239200
2011-11-07,23.629999,23.825001,23.360001,23.450001,19.24007,8730800
2011-11-08,23.5975,23.91,23.424999,23.855,19.572361,9659200
2011-11-09,23.3675,23.512501,22.9025,23.09,18.944695,11706800
2011-11-10,23.355,23.635,23.1425,23.48,19.264679,9393600
2011-11-11,23.6875,24.102501,23.612499,24.0375,19.72209,8108000
2011-11-14,23.959999,24.2225,23.799999,23.9375,19.640045,6849200
2011-11-15,23.815001,24.15,23.6675,23.987499,19.681065,7013600
2011-11-16,23.785,23.875,23.385,23.424999,19.219547,8850000
2011-11-17,23.282499,23.42,22.725,22.9725,18.848289,9039200
2011-11-18,23.155001,23.370001,22.862499,23.1875,19.024694,9440800
2011-11-21,22.905001,23.040001,22.4475,22.764999,18.678043,7354000
2011-11-22,22.797501,23.155001,22.747499,22.907499,18.79495,7660000
2011-11-23,22.682501,22.9925,22.625,22.7325,18.651379,7470400
2011-11-25,22.665001,22.965,22.57,22.57,18.518047,3475600
2011-11-28,23.01,23.9575,22.975,23.727501,19.467741,15442400
2011-11-29,23.815001,23.8575,23.577499,23.717501,19.459538,11024400
2011-11-30,24.27,24.375,23.73,24.045,19.728245,13492800
2011-12-01,23.84,24.084999,23.627501,23.8125,19.610889,9566800
2011-12-02,23.945,24.1775,23.877501,24.0625,19.816774,9465600
2011-12-05,24.182501,24.372499,23.985001,24.15,19.888838,8855600
2011-12-06,24.299999,24.309999,23.99,24.0625,19.816774,6987600
2011-12-07,24.195,24.247499,23.815001,23.9725,19.742653,11209200
2011-12-08,23.9,24.120001,23.75,23.795,19.596478,9393200
2011-12-09,23.870001,24.5625,23.825001,24.42,20.111198,12422800
2011-12-12,24.334999,24.4375,23.945,24.237499,19.960896,10852400
2011-12-13,24.282499,24.4475,23.602501,23.762501,19.56971,10714000
2011-12-14,23.7425,23.93,23.4375,23.5975,19.433825,9455200
2011-12-15,23.860001,23.934999,23.352501,23.52,19.369997,10732000
2011-12-16,23.695,23.77,23.387501,23.4175,19.285589,12788400
2011-12-19,23.48,23.535,23.264999,23.344999,19.22588,8765200
2011-12-20,23.620001,23.975,23.2225,23.407499,19.277349,18300800
2011-12-21,23.9575,24.3225,23.5725,24.0875,19.837366,25045200
2011-12-22,24.147499,24.147499,23.5625,23.705,19.522354,11711600
2011-12-23,23.817499,24.2325,23.692499,24.225,19.950609,7165200
2011-12-27,24.245001,24.5,24.127501,24.442499,20.129728,6448000
2011-12-28,24.4825,24.5,24.07,24.1075,19.853838,6830000
2011-12-29,24.137501,24.48,24.122499,24.365,20.065903,8571600
2011-12-30,24.3475,24.385,24.092501,24.092501,19.841482,6609200
2012-01-03,24.342501,24.497499,24.174999,24.202499,19.932081,10944400
2012-01-04,24.1775,24.6875,24.127501,24.555,20.222376,9440800
2012-01-05,24.4475,24.645,24.25,24.540001,20.210022,8393200
2012-01-06,24.4825,24.625,24.379999,24.497499,20.17502,7760800
2012-01-09,24.525,24.7325,24.424999,24.5875,20.249144,10045600
2012-01-10,24.7075,24.7325,24.42,24.6175,20.273849,9812400
2012-01-11,24.567499,24.65,24.4475,24.535,20.205904,7002800
2012-01-12,24.5725,24.785,24.434999,24.775,20.403555,7516400
2012-01-13,24.5975,24.7325,24.51,24.575001,20.238846,6534000
2012-01-17,24.674999,24.860001,24.512501,24.809999,20.432386,8242000
2012-01-18,24.702499,25.280001,24.674999,25.215,20.765926,12278800
2012-01-19,25.184999,25.4925,25.129999,25.395,20.914167,9158000
2012-01-20,25.387501,25.5,25.254999,25.440001,20.95122,8949600
2012-01-23,25.48,25.7425,25.2925,25.389999,20.910044,8329600
2012-01-24,25.334999,25.594999,25.254999,25.5525,21.043871,6564400
2012-01-25,25.48,25.8225,25.4725,25.8025,21.249762,11383600
2012-01-26,25.75,25.805,25.4475,25.575001,21.062403,7528000
2012-01-27,25.5425,25.657499,25.375,25.5275,21.023289,6934000
2012-01-30,25.362499,26.0375,25.217501,25.8475,21.286819,11892000
2012-01-31,26.1425,26.235001,25.865,25.997499,21.410355,24751600
2012-02-01,26.102501,26.2075,25.934999,25.9375,21.360949,10000400
2012-02-02,26.0,26.047501,25.6425,25.705,21.169468,9372800
2012-02-03,25.875,26.0,25.775,25.875,21.309464,13192000
2012-02-06,25.76,25.965,25.67,25.865,21.301229,6230400
2012-02-07,25.805,26.174999,25.74,26.057501,21.459766,5231200
2012-02-08,26.129999,26.665001,26.129999,26.4825,21.809778,11142800
2012-02-09,26.4375,26.545,26.305,26.440001,21.77478,5847600
2012-02-10,26.2675,26.397499,26.190001,26.352501,21.702715,6210000
2012-02-13,26.450001,26.4825,26.155001,26.305,21.663595,5875200
2012-02-14,26.1975,26.66,26.0725,26.657499,21.953901,9526000
2012-02-15,26.737499,26.907499,26.577499,26.65,21.947718,9935200
2012-02-16,26.6175,26.8575,26.387501,26.540001,21.857134,6658000
2012-02-17,26.684999,26.870001,26.57,26.67,21.964195,6957200
2012-02-21,26.647499,26.795,26.1775,26.237499,21.608004,7308800
2012-02-22,26.264999,26.559999,26.245001,26.432501,21.768599,6237200
2012-02-23,26.48,26.674999,26.385,26.535,21.853014,5860400
2012-02-24,26.5275,26.65,26.407499,26.5725,21.883907,4675200
2012-02-27,26.469999,26.9275,26.385,26.7925,22.065075,6077200
2012-02-28,26.852501,26.907499,26.629999,26.8575,22.118607,5047600
2012-02-29,26.877501,27.07,26.7325,26.98,22.219494,7088400
2012-03-01,27.2225,27.245001,27.004999,27.135,22.421944,7070400
2012-03-02,27.1675,27.264999,26.987499,27.184999,22.463257,7011200
2012-03-05,27.174999,27.4175,27.075001,27.309999,22.566555,7173200
2012-03-06,27.139999,27.305,26.7425,26.834999,22.174046,7887200
2012-03-07,26.865,27.0375,26.825001,26.895,22.223625,7177600
2012-03-08,27.032499,27.125,26.915001,26.975,22.28973,4564800
2012-03-09,27.16,27.5375,27.049999,27.495001,22.719416,9813600
2012-03-12,27.200001,27.48,27.15,27.362499,22.60993,9208000
2012-03-13,27.5,27.709999,27.385,27.690001,22.880545,9531200
2012-03-14,27.725,27.807501,27.540001,27.575001,22.785521,7452400
2012-03-15,27.7075,27.7675,27.577499,27.682501,22.874357,7297200
2012-03-16,27.684999,27.945,27.639999,27.805,22.975573,14449600
2012-03-19,27.975,28.129999,27.74,28.032499,23.163557,10399600
2012-03-20,27.932501,28.2425,27.932501,27.934999,23.082991,10681200
2012-03-21,28.0175,28.174999,27.594999,27.610001,22.814447,15109600
2012-03-22,27.5275,27.907499,27.27,27.747499,22.928066,20453600
2012-03-23,27.8025,27.875,26.5175,26.855,22.190584,26509200
2012-03-26,26.969999,27.200001,26.93,27.137501,22.424007,12512800
2012-03-27,27.1775,27.2925,26.93,26.969999,22.285603,10130800
2012-03-28,26.9025,26.9825,26.57,26.807501,22.151331,9239200
2012-03-29,26.575001,26.997499,26.575001,26.9625,22.279404,7893200
2012-03-30,27.094999,27.295,26.9625,27.110001,22.401279,9274800
2012-04-02,27.105,27.4575,26.997499,27.254999,22.521103,9788000
2012-04-03,27.202499,27.4125,27.075001,27.342501,22.593403,4644000
2012-04-04,27.2875,27.4725,27.17,27.372499,22.618196,8866800
2012-04-05,27.2575,27.6325,27.25,27.5975,22.804108,8787600
2012-04-09,27.2225,27.75,27.127501,27.672501,22.866081,11309600
2012-04-10,27.620001,27.625,26.4825,26.615,21.992264,16864400
2012-04-11,26.924999,27.192499,26.8675,27.0625,22.362034,12034800
2012-04-12,27.035,27.174999,26.7925,27.1625,22.444666,11554800
2012-04-13,27.2125,27.4,27.07,27.2925,22.552092,2622000
2012-04-16,27.2675,27.469999,27.17,27.35,22.599598,7135200
2012-04-17,27.465,27.5,27.299999,27.4575,22.688429,5772000
2012-04-18,27.334999,27.737499,27.262501,27.639999,22.839228,8174800
2012-04-19,27.657499,27.737499,27.2575,27.4025,22.642984,8027600
2012-04-20,27.432501,27.860001,27.432501,27.692499,22.882612,9299600
2012-04-23,27.4575,27.495001,27.1675,27.4375,22.671898,6355200
2012-04-24,27.247499,27.440001,26.584999,26.6875,22.052174,13254400
2012-04-25,26.7925,27.264999,26.7325,27.2575,22.523167,8388400
2012-04-26,27.2575,27.6875,27.182501,27.5875,22.795847,6228400
2012-04-27,27.522499,27.889999,27.452499,27.66,22.855753,9349200
2012-04-30,27.75,28.0,27.75,27.967501,23.10985,9552400
2012-05-01,27.977501,28.0,27.625,27.825001,22.9921,10164000
2012-05-02,27.76,28.639999,27.76,28.57,23.6077,10581200
2012-05-03,28.5525,28.702499,28.379999,28.6,23.632484,10340800
2012-05-04,28.475,28.512501,27.885,27.952499,23.097448,7205600
2012-05-07,27.85,28.075001,27.799999,27.855,23.01689,6864000
2012-05-08,27.450001,27.5375,26.639999,27.182501,22.461191,14058800
2012-05-09,26.8575,27.219999,26.77,27.0375,22.341372,9026000
2012-05-10,27.2575,27.377501,26.809999,26.889999,22.219496,9458800
2012-05-11,26.799999,27.325001,26.665001,27.065001,22.364109,6328400
2012-05-14,26.9125,27.115,26.735001,26.8675,22.200907,5636400
2012-05-15,26.827499,27.252501,26.752501,26.805,22.14926,7127600
2012-05-16,26.934999,27.23,26.555,26.75,22.103821,9965200
2012-05-17,26.695,26.75,26.067499,26.084999,21.554316,9444400
2012-05-18,26.35,26.945,26.27,26.360001,21.781549,15844800
2012-05-21,26.327499,26.84,26.327499,26.807501,22.151331,9034400
2012-05-22,26.809999,27.2875,26.799999,27.112499,22.403355,10214000
2012-05-23,26.942499,27.25,26.545,26.879999,22.211231,8513200
2012-05-24,26.9175,27.16,26.695,26.870001,22.202974,8629600
2012-05-25,26.98,27.297501,26.905001,27.1975,22.473589,6687600
2012-05-29,27.377501,27.73,27.285,27.73,22.913603,8734800
2012-05-30,27.395,27.5825,27.057501,27.1525,22.436407,10357200
2012-05-31,27.125,27.2125,26.665001,27.045,22.421896,10796800
2012-06-01,26.5725,26.637501,26.045,26.15,21.679886,9376400
2012-06-04,26.137501,26.280001,25.785,26.174999,21.700613,10202000
2012-06-05,26.075001,26.440001,26.0,26.377501,21.868498,9183200
2012-06-06,26.522499,26.775,26.432501,26.7675,22.191839,7794000
2012-06-07,26.985001,27.0975,26.5625,26.84,22.251945,7079600
2012-06-08,26.844999,27.192499,26.577499,27.16,22.517239,7254400
2012-06-11,27.280001,27.477501,26.85,26.865,22.272665,6257600
2012-06-12,26.897499,27.165001,26.684999,26.9,22.301691,10159600
2012-06-13,26.8025,26.8825,25.32,25.555,21.186602,22770400
2012-06-14,25.865,25.865,24.84,25.004999,20.730612,24052400
2012-06-15,25.0625,25.5,24.889999,25.4375,21.089188,16830800
2012-06-18,25.3825,25.432501,25.032499,25.35,21.016644,12656800
2012-06-19,25.360001,25.6625,25.3325,25.385,21.04566,8638400
2012-06-20,25.639999,25.68,25.157499,25.299999,20.975187,12839600
2012-06-21,25.315001,25.615,24.6325,24.665001,20.448738,16054400
2012-06-22,24.727501,24.879999,24.57,24.85,20.602112,15357200
2012-06-25,24.594999,24.684999,24.174999,24.365,20.200026,11873200
2012-06-26,24.440001,24.715,24.325001,24.612499,20.405216,9580000
2012-06-27,24.7325,24.9025,24.375,24.5275,20.334734,11222400
2012-06-28,24.385,24.620001,23.959999,24.2225,20.081881,23916800
2012-06-29,21.959999,22.625,21.275,21.945,18.193697,86339600
2012-07-02,22.0975,22.372499,22.0075,22.2125,18.41547,23501600
2012-07-03,22.342501,22.65,22.0625,22.620001,18.753304,14998400
2012-07-05,22.674999,23.174999,22.637501,23.049999,19.109797,22257200
2012-07-06,22.9025,23.057501,22.692499,22.844999,18.939846,16196400
2012-07-09,22.8025,22.924999,22.5,22.57,18.711855,13910000
2012-07-10,22.65,23.0,22.65,22.8225,18.921194,14529200
2012-07-11,22.9175,23.1,22.625,23.065001,19.122242,17389600
2012-07-12,22.98,23.059999,22.5525,22.955,19.031048,14964800
2012-07-13,23.065001,23.5725,23.01,23.4925,19.476662,11396400
2012-07-16,23.452499,23.4725,23.2225,23.254999,19.279762,11684800
2012-07-17,23.120001,23.3575,22.977501,23.190001,19.22588,10660000
2012-07-18,23.122499,23.735001,22.995001,23.657499,19.613457,10964000
2012-07-19,23.799999,23.995001,23.5275,23.815001,19.744038,10861200
2012-07-20,23.6775,23.75,23.262501,23.27,19.292198,11975200
2012-07-23,23.012501,23.315001,22.834999,23.2125,19.244528,8619200
2012-07-24,23.315001,23.4825,23.102501,23.24,19.267323,8305200
2012-07-25,23.385,23.5625,23.275,23.377501,19.381319,8244800
2012-07-26,23.622499,24.2225,23.5725,24.145,20.017624,14765600
2012-07-27,24.205,24.362499,23.91,24.2575,20.110888,10419600
2012-07-30,24.2325,24.4375,23.872499,23.9625,19.866325,9112800
2012-07-31,23.76,23.895,23.3125,23.3375,19.34816,13070000
2012-08-01,23.377501,23.5825,23.190001,23.25,19.275621,9594400
2012-08-02,22.995001,23.247499,22.76,23.135,19.180269,10461600
2012-08-03,23.4025,23.66,23.344999,23.6425,19.601019,8997200
2012-08-06,23.682501,23.934999,23.6625,23.879999,19.797924,6321600
2012-08-07,23.9125,24.297501,23.9125,24.0425,19.932646,8313200
2012-08-08,23.945,24.0525,23.799999,23.975,19.876678,8274000
2012-08-09,23.907499,23.9925,23.73,23.764999,19.702579,9914400
2012-08-10,23.6625,23.745001,23.5825,23.625,19.586517,9284000
2012-08-13,23.577499,23.977501,23.465,23.9625,19.866325,6880000
2012-08-14,24.030001,24.035,23.674999,23.727501,19.671494,10998800
2012-08-15,23.725,23.92,23.5425,23.555,19.528482,10466400
2012-08-16,23.5525,23.8475,23.3575,23.695,19.64455,13942800
2012-08-17,23.7575,24.115,23.7075,24.065001,19.9513,12295200
2012-08-20,24.055,24.192499,23.897499,23.942499,19.849743,7441600
2012-08-21,23.9825,24.067499,23.790001,23.9625,19.866325,8553200
2012-08-22,23.945,23.997499,23.797501,23.942499,19.849743,6465200
2012-08-23,23.92,23.995001,23.735001,23.862499,19.783415,6762000
2012-08-24,23.860001,24.282499,23.860001,24.215,20.075661,9764000
2012-08-27,24.23,24.3125,24.025,24.1075,19.986538,6921600
2012-08-28,24.0525,24.8225,23.9625,24.717501,20.49226,16471600
2012-08-29,24.74,24.75,24.5525,24.672501,20.454958,9468000
2012-08-30,24.4725,24.620001,24.3825,24.4375,20.334297,7020400
2012-08-31,24.5175,24.629999,24.237499,24.34,20.253176,8129200
2012-09-04,24.297501,24.4725,24.059999,24.315001,20.232372,7589200
2012-09-05,24.379999,24.445,24.2425,24.3375,20.251091,6288000
2012-09-06,24.4375,24.887501,24.3675,24.865,20.690018,9083600
2012-09-07,24.83,24.9375,24.719999,24.8225,20.654661,6991600
2012-09-10,24.8125,25.225,24.7575,25.01,20.810669,8677600
2012-09-11,24.8575,25.047501,24.7775,24.92,20.735786,9840000
2012-09-12,24.959999,25.23,24.85,25.209999,20.977095,9198000
2012-09-13,24.8375,24.950001,24.567499,24.799999,20.635933,17326000
2012-09-14,24.73,24.775,23.9725,24.16,20.103401,22890400
2012-09-17,24.08,24.514999,24.02,24.4925,20.380062,9379200
2012-09-18,24.424999,24.5625,24.2675,24.43,20.328066,13601200
2012-09-19,25.057501,25.125,24.4,24.415001,20.31558,18669600
2012-09-20,24.6,24.6,24.094999,24.18,20.120039,12850400
2012-09-21,24.385,24.385,24.049999,24.129999,20.078428,13657600
2012-09-24,23.9,24.0875,23.5,23.83,19.828804,11824800
2012-09-25,23.797501,24.0875,23.75,23.77,19.778879,15992400
2012-09-26,23.74,24.0525,23.5825,23.872499,19.864164,11866000
2012-09-27,23.950001,24.16,23.6625,24.0,19.970264,19398000
2012-09-28,23.264999,24.045,23.1975,23.727501,19.743511,27354400
2012-10-01,23.727501,24.049999,23.655001,23.887501,19.87665,11072800
2012-10-02,24.014999,24.049999,23.645,23.737499,19.751833,11305600
2012-10-03,23.727501,23.885,23.405001,23.450001,19.512617,14771200
2012-10-04,23.5825,23.99,23.5,23.9725,19.947376,13058400
2012-10-05,24.035,24.1325,23.715,23.805,19.807999,9247200
2012-10-08,23.752501,23.9475,23.6875,23.747499,19.760151,5638000
2012-10-09,23.727501,23.922501,23.6,23.620001,19.654066,9778800
2012-10-10,23.715,23.865,23.5375,23.555,19.599981,7208800
2012-10-11,23.655001,23.8675,23.6325,23.725,19.741436,7937600
2012-10-12,23.76,23.865,23.5825,23.605,19.641581,6537200
2012-10-15,23.6675,23.955,23.594999,23.9025,19.889135,7527600
2012-10-16,24.07,24.4025,24.035,24.309999,20.228209,10012000
2012-10-17,24.227501,24.5,24.227501,24.3925,20.296856,7126000
2012-10-18,24.424999,24.5175,24.254999,24.3925,20.296856,7797600
2012-10-19,24.385,24.525,24.025,24.112499,20.063868,9341200
2012-10-22,23.855,24.0875,23.455,23.620001,19.654066,8992800
2012-10-23,23.459999,23.5625,23.1875,23.205,19.308752,9384400
2012-10-24,23.434999,23.452499,23.115,23.2225,19.323301,9947600
2012-10-25,23.262501,23.375,22.782499,22.827499,18.994629,10019600
2012-10-26,22.77,22.8375,22.58,22.7875,18.96134,12444000
2012-10-31,22.762501,22.9475,22.695,22.844999,19.00919,9128800
2012-11-01,22.975,23.9,22.975,23.8375,19.835047,14254800
2012-11-02,23.924999,24.184999,23.622499,23.635,19.666542,7264400
2012-11-05,23.637501,23.870001,23.5875,23.815001,19.816324,5872800
2012-11-06,23.8125,24.032499,23.6875,24.032499,19.997307,7824800
2012-11-07,23.93,23.969999,23.655001,23.6625,19.689423,7655200
2012-11-08,23.612499,23.65,22.965,22.965,19.109039,10450400
2012-11-09,22.922501,23.25,22.92,23.077499,19.202658,7748800
2012-11-12,23.125,23.299999,22.995001,23.0725,19.198494,5979200
2012-11-13,22.7925,23.165001,22.7575,22.8675,19.02791,7246000
2012-11-14,22.99,22.99,22.4125,22.65,18.84693,13019200
2012-11-15,22.5725,22.805,22.5175,22.7075,18.894772,7764400
2012-11-16,22.959999,23.1875,22.85,23.147499,19.260897,11989200
2012-11-19,23.372499,24.084999,23.365,24.08,20.036831,10462400
2012-11-20,24.08,24.129999,23.817499,23.9025,19.889135,9103200
2012-11-21,23.889999,23.9575,23.74,23.9,19.887049,7363600
2012-11-23,24.0,24.190001,23.969999,24.1875,20.126274,3352400
2012-11-26,23.870001,24.42,23.844999,24.415001,20.31558,12052800
2012-11-27,24.012501,24.5,24.012501,24.252501,20.180367,8537200
2012-11-28,24.15,24.790001,24.15,24.782499,20.621374,8613600
2012-11-29,24.895,25.0825,24.700001,24.7425,20.588091,9744000
2012-11-30,24.615,24.629999,24.227501,24.370001,20.278135,12670000
2012-12-03,24.415001,24.727501,24.272499,24.389999,20.294779,8688000
2012-12-04,24.407499,24.594999,24.307501,24.4175,20.317659,7028400
2012-12-05,24.48,24.52,24.1525,24.42,20.319744,6764400
2012-12-06,24.3675,24.67,24.307501,24.605,20.562084,9092000
2012-12-07,24.727501,24.747499,24.432501,24.647499,20.597601,7418000
2012-12-10,24.6675,24.827499,24.495001,24.52,20.491056,7276800
2012-12-11,24.5,24.875,24.459999,24.852501,20.768927,9234400
2012-12-12,24.85,25.0,24.65,24.799999,20.725044,10656000
2012-12-13,24.772499,24.8925,24.26,24.3325,20.334366,7445200
2012-12-14,24.282499,24.4725,24.2125,24.227501,20.246618,8662000
2012-12-17,24.3025,24.522499,24.200001,24.497499,20.472252,8369600
2012-12-18,24.5175,24.745001,24.432501,24.73,20.666552,7871600
2012-12-19,24.73,24.799999,24.442499,24.445,20.428379,7879200
2012-12-20,24.530001,24.762501,24.3025,24.75,20.683268,12000000
2012-12-21,25.625,26.370001,25.290001,26.275,21.957687,27894800
2012-12-24,26.139999,26.557501,26.09,26.4,22.062147,11999200
2012-12-26,26.025,26.25,25.594999,25.665001,21.447912,8090400
2012-12-27,25.610001,25.969999,25.465,25.879999,21.627584,7850400
2012-12-28,25.725,25.860001,25.495001,25.495001,21.305853,6432400
2012-12-31,25.415001,25.82,25.295,25.799999,21.560732,6807400
2013-01-02,26.200001,26.24,25.700001,25.92,21.66102,7512800
2013-01-03,25.975,26.299999,25.889999,26.184999,21.882473,7232200
2013-01-04,26.25,26.52,26.235001,26.440001,22.095573,6794000
2013-01-07,26.395,26.540001,26.264999,26.48,22.129005,6489400
2013-01-08,26.360001,26.469999,26.094999,26.200001,21.895012,6714200
2013-01-09,26.285,26.370001,26.155001,26.225,21.915899,5530400
2013-01-10,26.315001,26.440001,26.084999,26.275,21.957687,7705600
2013-01-11,26.33,26.709999,26.155001,26.549999,22.1875,9791000
2013-01-14,26.594999,26.74,26.504999,26.594999,22.225105,5591800
2013-01-15,26.52,26.875,26.445,26.82,22.413137,6507200
2013-01-16,26.76,27.0,26.620001,26.865,22.450739,5300200
2013-01-17,26.895,26.985001,26.655001,26.74,22.346289,4864800
2013-01-18,26.735001,26.785,26.49,26.645,22.266897,6145400
2013-01-22,26.709999,26.754999,26.525,26.74,22.346289,6207600
2013-01-23,26.57,26.68,26.405001,26.545,22.183327,6779200
2013-01-24,26.594999,26.940001,26.58,26.93,22.505068,6819800
2013-01-25,27.065001,27.785,26.995001,27.775,23.211216,12542800
2013-01-28,27.700001,27.76,27.16,27.25,22.77248,8038200
2013-01-29,27.195,27.23,26.940001,26.959999,22.530134,7214800
2013-01-30,26.985001,27.08,26.780001,26.805,22.400602,6343000
2013-01-31,26.809999,27.139999,26.719999,27.025,22.584452,9143800
2013-02-01,27.23,27.360001,26.799999,26.85,22.438206,6773400
2013-02-04,26.795,27.129999,26.75,26.83,22.42149,5075800
2013-02-05,26.969999,27.155001,26.93,26.945,22.517593,4527200
2013-02-06,26.84,27.184999,26.75,27.08,22.630409,5297000
2013-02-07,27.115,27.360001,27.035,27.34,22.847696,5573000
2013-02-08,27.285,27.594999,27.24,27.295,22.810091,5100800
2013-02-11,27.639999,27.950001,27.365,27.610001,23.073334,8916600
2013-02-12,27.450001,27.605,27.395,27.545,23.019007,3866600
2013-02-13,27.514999,27.684999,27.205,27.280001,22.797548,6053800
2013-02-14,27.285,27.495001,27.16,27.309999,22.822624,6164200
2013-02-15,27.344999,27.57,27.26,27.475,22.960514,7056200
2013-02-19,27.445,27.58,27.145,27.235001,22.759949,8511200
2013-02-20,27.200001,27.33,26.995001,27.01,22.57192,7587200
2013-02-21,27.415001,27.52,27.059999,27.27,22.789196,9355800
2013-02-22,27.299999,27.440001,27.0,27.235001,22.759949,5855000
2013-02-25,27.27,27.495001,27.02,27.02,22.580275,8566000
2013-02-26,27.205,27.370001,26.969999,27.135,22.676373,6085200
2013-02-27,27.08,27.26,26.98,27.17,22.705624,6269200
2013-02-28,27.129999,27.360001,27.0,27.23,22.844048,6713600
2013-03-01,27.209999,27.415001,27.09,27.41,22.995056,8053400
2013-03-04,27.275,27.450001,27.205,27.365,22.957304,5291800
2013-03-05,27.450001,27.5,27.26,27.450001,23.028618,8098000
2013-03-06,27.48,27.805,27.35,27.65,23.196405,5812000
2013-03-07,27.700001,27.825001,27.57,27.610001,23.162851,5685200
2013-03-08,27.559999,27.615,27.25,27.344999,22.940523,8013000
2013-03-11,27.285,27.32,27.08,27.264999,22.873413,6754800
2013-03-12,26.85,27.084999,26.635,26.745001,22.43717,12341600
2013-03-13,26.805,27.495001,26.799999,27.424999,23.007647,8185400
2013-03-14,27.42,27.450001,27.17,27.344999,22.940523,6910800
2013-03-15,27.334999,27.424999,27.145,27.389999,22.978277,8121000
2013-03-18,27.215,27.33,27.040001,27.08,22.71821,5079400
2013-03-19,27.145,27.219999,26.77,26.915001,22.579779,6628400
2013-03-20,27.035,27.440001,27.030001,27.415001,22.999252,7941800
2013-03-21,27.23,27.360001,26.764999,26.799999,22.483309,15896200
2013-03-22,29.0,30.125,28.934999,29.764999,24.97073,38657400
2013-03-25,29.695,29.99,29.514999,29.780001,24.983324,13317400
2013-03-26,29.674999,29.815001,29.450001,29.735001,24.945562,8948600
2013-03-27,29.51,29.65,29.07,29.225,24.517717,10445000
2013-03-28,29.48,29.655001,29.225,29.504999,24.752613,7612400
2013-04-01,29.5,29.594999,28.99,29.129999,24.438017,6969800
2013-04-02,29.184999,29.695,29.18,29.450001,24.706476,9330600
2013-04-03,29.6,29.764999,29.280001,29.455,24.71067,7626600
2013-04-04,29.395,29.75,29.370001,29.67,24.891041,4999400
2013-04-05,29.290001,29.52,29.165001,29.485001,24.735834,6189800
2013-04-08,29.445,29.975,29.41,29.975,25.146914,8013200
2013-04-09,29.91,30.065001,29.645,29.945,25.121744,6675000
2013-04-10,29.959999,30.275,29.959999,30.145,25.28953,5951000
2013-04-11,30.184999,30.690001,30.155001,30.6,25.671236,8789400
2013-04-12,30.535,30.615,30.215,30.290001,25.411173,5538800
2013-04-15,30.23,30.465,29.834999,29.834999,25.029467,6662600
2013-04-16,30.014999,30.264999,29.834999,30.25,25.377611,5960600
2013-04-17,30.084999,30.655001,30.004999,30.450001,25.545401,10434800
2013-04-18,30.485001,30.6,29.85,30.09,25.243389,6016400
2013-04-19,30.290001,30.52,30.135,30.459999,25.553791,6768400
2013-04-22,30.545,30.745001,30.315001,30.68,25.738359,5968600
2013-04-23,30.809999,30.965,30.620001,30.84,25.87258,6119600
2013-04-24,30.924999,31.0,30.700001,30.764999,25.809668,4168000
2013-04-25,30.809999,31.245001,30.785,31.035,26.03618,4367600
2013-04-26,31.08,31.235001,30.790001,30.945,25.960669,4825600
2013-04-29,31.0,31.405001,30.809999,31.315001,26.27108,5841600
2013-04-30,31.365,31.885,31.33,31.799999,26.677956,10094800
2013-05-01,31.780001,32.145,31.6,31.68,26.577288,7924400
2013-05-02,31.75,31.785,31.475,31.66,26.560511,5605400
2013-05-03,31.84,32.48,31.84,32.275002,27.07645,6950800
2013-05-06,32.200001,32.275002,31.889999,31.98,26.82896,4750200
2013-05-07,32.095001,32.185001,31.905001,31.955,26.807993,6298000
2013-05-08,31.85,32.055,31.834999,31.950001,26.803795,6259000
2013-05-09,31.950001,32.264999,31.825001,31.870001,26.736683,4433800
2013-05-10,31.93,32.395,31.834999,32.380001,27.164543,6645600
2013-05-13,32.255001,32.400002,32.16,32.325001,27.118402,3780600
2013-05-14,32.264999,32.990002,32.264999,32.955002,27.646919,8277200
2013-05-15,32.889999,33.0,32.724998,32.915001,27.613365,5286200
2013-05-16,32.880001,33.035,32.080002,32.220001,27.030308,7688600
2013-05-17,32.235001,32.720001,32.200001,32.66,27.399437,6219200
2013-05-20,32.634998,32.75,32.525002,32.665001,27.403637,5461800
2013-05-21,32.669998,32.724998,32.490002,32.615002,27.361683,6465400
2013-05-22,32.619999,32.785,32.044998,32.224998,27.034498,8295200
2013-05-23,31.99,32.075001,31.545,31.665001,26.564699,8626400
2013-05-24,31.334999,31.434999,30.780001,31.395,26.33819,7517400
2013-05-28,31.785,32.055,31.52,31.639999,26.543734,7784000
2013-05-29,31.455,31.584999,31.200001,31.465,26.396923,5521200
2013-05-30,31.475,31.65,31.195,31.205,26.266447,5955200
2013-05-31,31.1,31.57,30.83,30.83,25.950788,7460400
2013-06-03,30.799999,31.540001,30.555,31.514999,26.527388,10141200
2013-06-04,31.625,31.785,31.155001,31.389999,26.422173,6785400
2013-06-05,31.299999,31.469999,30.799999,30.875,25.988668,6205400
2013-06-06,30.870001,31.09,30.605,31.08,26.161234,4761400
2013-06-07,31.24,31.545,31.125,31.375,26.409544,5332000
2013-06-10,31.455,31.74,31.370001,31.52,26.531595,5479000
2013-06-11,31.15,31.469999,30.985001,31.075001,26.157022,5540400
2013-06-12,31.285,31.285,30.674999,30.705,25.845583,5442600
2013-06-13,30.65,30.959999,30.514999,30.879999,25.992886,7832600
2013-06-14,30.815001,31.200001,30.805,30.945,26.047594,5222400
2013-06-17,31.190001,31.360001,30.91,30.969999,26.068642,7512800
2013-06-18,30.92,31.125,30.809999,31.075001,26.157022,9068800
2013-06-19,31.07,31.17,30.865,30.875,25.988668,9223600
2013-06-20,30.665001,30.815001,30.32,30.389999,25.580425,9824200
2013-06-21,30.41,30.690001,30.035,30.285,25.492048,10089200
2013-06-24,30.08,30.254999,29.555,29.975,25.231106,9489400
2013-06-25,30.209999,30.495001,29.975,30.195,25.41629,10896400
2013-06-26,30.43,31.059999,30.395,30.924999,26.030762,11376800
2013-06-27,31.434999,31.625,31.065001,31.16,26.228575,12282800
2013-06-28,30.969999,32.035,30.09,31.84,26.80094,26803800
2013-07-01,31.969999,32.294998,31.1,31.165001,26.232775,14398800
2013-07-02,30.965,31.540001,30.950001,31.309999,26.354826,7402400
2013-07-03,31.120001,31.469999,31.049999,31.43,26.455839,3375600
2013-07-05,31.58,31.915001,31.575001,31.82,26.784113,5157800
2013-07-08,32.0,32.330002,31.74,31.860001,26.81778,6981600
2013-07-09,32.0,32.139999,31.700001,31.965,26.90616,6989200
2013-07-10,31.955,31.955,31.66,31.799999,26.767275,5101800
2013-07-11,32.099998,32.220001,31.719999,31.860001,26.81778,7146000
2013-07-12,31.815001,31.915001,31.745001,31.834999,26.796736,4424000
2013-07-15,31.73,31.825001,31.625,31.674999,26.66206,5761800
2013-07-16,31.57,31.735001,31.235001,31.35,26.388502,6858200
2013-07-17,31.299999,31.834999,31.285,31.665001,26.653648,6247600
2013-07-18,31.620001,31.889999,31.450001,31.66,26.649439,4486800
2013-07-19,31.625,31.795,31.540001,31.674999,26.66206,5919400
2013-07-22,31.555,31.785,31.42,31.645,26.63681,5581600
2013-07-23,31.76,31.790001,31.57,31.594999,26.594723,4289600
2013-07-24,31.594999,31.715,31.285,31.315001,26.359039,4705400
2013-07-25,31.375,31.445,31.1,31.245001,26.300112,8911400
2013-07-26,31.025,31.299999,31.014999,31.264999,26.316952,5517800
2013-07-29,31.125,31.395,31.125,31.355,26.392706,5075600
2013-07-30,31.325001,31.549999,31.32,31.424999,26.451626,6399600
2013-07-31,31.559999,31.75,31.385,31.459999,26.481089,8461800
2013-08-01,31.620001,33.055,31.620001,32.985001,27.764746,15813200
2013-08-02,32.994999,33.305,32.705002,33.150002,27.903625,7499800
2013-08-05,33.099998,33.27,33.080002,33.200001,27.945723,4213000
2013-08-06,33.154999,33.424999,32.939999,33.27,28.004639,6244000
2013-08-07,33.07,33.119999,32.805,32.814999,27.621639,5888800
2013-08-08,33.029999,33.224998,32.889999,33.025002,27.79841,5057400
2013-08-09,32.959999,33.369999,32.919998,33.154999,27.907833,5644800
2013-08-12,33.044998,33.299999,33.025002,33.255001,27.992008,4401800
2013-08-13,33.305,33.375,32.845001,32.904999,27.697403,4299400
2013-08-14,32.764999,32.830002,32.115002,32.174999,27.082928,5961800
2013-08-15,31.889999,32.0,31.58,31.745001,26.720985,6227000
2013-08-16,31.719999,32.154999,31.67,31.825001,26.788319,5261200
2013-08-19,31.85,32.555,31.75,32.355,27.234447,7749600
2013-08-20,32.275002,32.855,32.154999,32.314999,27.200777,7668400
2013-08-21,32.285,32.494999,32.02,32.064999,26.990337,4770400
2013-08-22,32.049999,32.584999,31.950001,32.43,27.297573,5056000
2013-08-23,32.584999,32.610001,31.950001,32.105,27.024012,8044600
2013-08-26,32.099998,32.264999,31.959999,31.959999,26.901958,5472400
2013-08-27,31.629999,31.870001,31.395,31.405001,26.434792,4870800
2013-08-28,31.360001,31.85,31.325001,31.684999,26.670486,6044000
2013-08-29,31.495001,31.93,31.440001,31.74,26.805609,4600000
2013-08-30,31.855,31.895,31.299999,31.41,26.526913,5851000
2013-09-03,31.805,32.450001,31.75,32.145,27.147654,8214000
2013-09-04,32.165001,32.740002,32.150002,32.564999,27.502344,7101400
2013-09-05,32.5,32.790001,32.345001,32.689999,27.607922,5271600
2013-09-06,32.700001,32.775002,32.084999,32.490002,27.439013,4632600
2013-09-09,32.529999,32.794998,32.465,32.700001,27.616367,4147800
2013-09-10,33.349998,33.490002,32.98,33.41,28.215975,13380000
2013-09-11,33.490002,33.91,33.41,33.794998,28.541136,9112400
2013-09-12,33.98,34.450001,33.900002,34.040001,28.748049,8249800
2013-09-13,33.950001,34.07,33.595001,33.955002,28.676262,6584600
2013-09-16,34.375,34.41,33.955002,34.095001,28.794489,5337600
2013-09-17,34.09,34.334999,33.990002,34.16,28.849394,7752400
2013-09-18,33.985001,34.924999,33.965,34.740002,29.339216,8548000
2013-09-19,34.884998,35.279999,34.404999,34.75,29.347662,14627600
2013-09-20,34.599998,34.75,34.049999,34.685001,29.292759,37157000
2013-09-23,34.555,34.775002,34.02,34.490002,29.128082,11022000
2013-09-24,34.720001,34.860001,34.595001,34.715,29.318098,7432800
2013-09-25,34.715,34.764999,34.369999,34.459999,29.102757,7883200
2013-09-26,34.615002,35.244999,34.575001,35.169998,29.702368,13765000
2013-09-27,37.41,37.625,36.674999,36.82,31.095856,31182000
2013-09-30,36.150002,36.584999,36.080002,36.32,30.67358,14796400
2013-10-01,36.52,36.625,36.009998,36.209999,30.58069,10444400
2013-10-02,36.02,36.130001,35.794998,35.945,30.356886,8751600
2013-10-03,35.945,36.25,35.529999,35.82,30.251324,7144600
2013-10-04,35.884998,36.174999,35.66,36.07,30.462452,7168200
2013-10-07,35.705002,35.985001,35.650002,35.669998,30.124636,5172800
2013-10-08,35.73,36.314999,35.09,35.139999,29.677034,7514200
2013-10-09,35.259998,35.735001,34.98,35.445,29.93461,9282200
2013-10-10,36.075001,36.724998,35.970001,36.720001,31.011402,11104800
2013-10-11,36.735001,36.865002,36.439999,36.73,31.019846,10792200
2013-10-14,36.474998,37.084999,36.389999,37.029999,31.273209,6199800
2013-10-15,36.950001,37.185001,36.705002,36.855,31.125401,7951200
2013-10-16,37.044998,37.310001,36.860001,37.259998,31.46744,8751600
2013-10-17,37.174999,37.325001,37.040001,37.27,31.475901,9384400
2013-10-18,37.275002,37.994999,37.134998,37.965,32.062843,9830800
2013-10-21,37.945,38.185001,37.75,38.044998,32.130413,9992600
2013-10-22,38.055,38.244999,37.759998,37.98,32.075527,6818800
2013-10-23,37.77,37.970001,37.555,37.779999,31.906616,4762000
2013-10-24,37.805,37.889999,37.619999,37.755001,31.885489,5626400
2013-10-25,37.779999,38.18,37.674999,37.849998,31.965719,6889000
2013-10-28,37.875,37.990002,37.685001,37.755001,31.885489,6136800
2013-10-29,37.889999,38.09,37.77,37.955002,32.054398,4201000
2013-10-30,38.305,38.445,37.974998,38.064999,32.147308,6314200
2013-10-31,38.02,38.134998,37.57,37.880001,31.991068,8184400
2013-11-01,37.900002,38.215,37.825001,38.029999,32.117729,4221600
2013-11-04,38.165001,38.27,37.814999,38.185001,32.248653,3609200
2013-11-05,38.02,38.66,37.939999,38.599998,32.599133,6320400
2013-11-06,38.830002,38.830002,38.075001,38.380001,32.413338,3945400
2013-11-07,38.599998,38.650002,37.830002,37.849998,31.965719,6250800
2013-11-08,37.794998,38.57,37.790001,38.560001,32.565357,5821600
2013-11-11,38.650002,38.68,38.360001,38.580002,32.58223,3523200
2013-11-12,38.5,38.630001,38.200001,38.435001,32.459797,4327400
2013-11-13,38.27,38.945,38.23,38.924999,32.8736,4802200
2013-11-14,39.115002,39.404999,38.945,39.32,33.207184,4764200
2013-11-15,39.195,39.639999,39.125,39.610001,33.45211,5774000
2013-11-18,39.700001,39.700001,39.165001,39.290001,33.181866,5693200
2013-11-19,39.205002,39.314999,38.775002,38.904999,32.856739,6443200
2013-11-20,39.0,39.299999,38.865002,38.919998,32.86937,5893000
2013-11-21,38.91,39.110001,38.705002,39.044998,32.97496,4669400
2013-11-22,39.23,39.490002,38.990002,39.435001,33.304325,7035600
2013-11-25,39.529999,39.805,39.439999,39.564999,33.414101,4583400
2013-11-26,39.884998,39.935001,39.580002,39.799999,33.612572,7360400
2013-11-27,39.845001,39.915001,39.544998,39.665001,33.498558,3734200
2013-11-29,39.790001,39.880001,39.540001,39.57,33.418327,3475200
2013-12-02,39.735001,40.07,39.459999,39.544998,33.397205,6467800
2013-12-03,39.445,39.744999,39.299999,39.564999,33.414101,5129200
2013-12-04,39.450001,39.59,39.130001,39.41,33.283195,4833200
2013-12-05,39.494999,39.669998,39.314999,39.474998,33.338112,5493400
2013-12-06,39.810001,39.945,39.630001,39.93,33.72237,3894000
2013-12-09,39.965,40.130001,39.834999,39.889999,33.688587,4299200
2013-12-10,39.674999,39.830002,39.555,39.610001,33.45211,5393800
2013-12-11,39.459999,39.509998,38.365002,38.419998,32.447105,13311600
2013-12-12,38.459999,38.459999,37.709999,38.115002,32.29039,10826000
2013-12-13,38.174999,38.395,38.119999,38.200001,32.362404,7562200
2013-12-16,38.455002,38.549999,38.139999,38.220001,32.379349,9731000
2013-12-17,38.470001,38.625,38.200001,38.380001,32.514896,13980600
2013-12-18,38.5,39.290001,38.474998,39.275002,33.273117,10814400
2013-12-19,39.285,39.375,38.880001,39.130001,33.150272,10294600
2013-12-20,38.720001,38.849998,38.32,38.669998,32.760574,20442600
2013-12-23,38.544998,38.720001,38.345001,38.555,32.663139,9376800
2013-12-24,38.610001,38.900002,38.605,38.830002,32.896126,2782600
2013-12-26,38.869999,39.23,38.849998,39.095001,33.120621,4609800
2013-12-27,39.375,39.505001,39.014999,39.080002,33.107925,4640800
2013-12-30,38.959999,39.445,38.959999,39.369999,33.353607,4289000
2013-12-31,39.384998,39.474998,39.174999,39.32,33.311245,4106200
2014-01-02,39.075001,39.415001,38.965,39.119999,33.141815,5318600
2014-01-03,39.075001,39.314999,38.98,39.014999,33.052853,5597000
2014-01-06,39.235001,39.299999,38.705002,38.715,32.798695,6045800
2014-01-07,38.855,39.0,38.705002,38.744999,32.8241,6769000
2014-01-08,38.75,38.974998,38.465,38.544998,32.654675,6897800
2014-01-09,38.709999,38.73,38.380001,38.544998,32.654675,6263200
2014-01-10,38.5,38.674999,38.349998,38.459999,32.582661,5108000
2014-01-13,38.415001,38.459999,37.5,37.59,31.845617,8262400
2014-01-14,37.549999,37.669998,37.325001,37.584999,31.841385,7808400
2014-01-15,37.625,37.865002,37.57,37.715,31.951511,5852400
2014-01-16,37.615002,37.689999,37.174999,37.395,31.680418,4848000
2014-01-17,37.299999,37.369999,36.689999,36.695,31.087395,9851800
2014-01-21,37.07,37.299999,36.705002,36.875,31.23988,13147000
2014-01-22,36.98,37.029999,36.75,36.75,31.133974,7424000
2014-01-23,36.505001,36.59,36.009998,36.365002,30.807819,9505200
2014-01-24,36.145,36.330002,35.82,35.825001,30.35033,9212000
2014-01-27,35.955002,36.130001,35.860001,35.950001,30.456244,11411600
2014-01-28,36.145,36.575001,36.075001,36.355,30.799345,9069200
2014-01-29,36.154999,36.285,35.755001,35.884998,30.401163,10488800
2014-01-30,36.224998,37.099998,36.189999,36.970001,31.32037,10438400
2014-01-31,36.494999,36.654999,36.18,36.424999,30.858643,8652000
2014-02-03,36.380001,36.395,35.389999,35.439999,30.024166,9516000
2014-02-04,35.48,35.619999,35.169998,35.255001,29.867456,7004200
2014-02-05,35.235001,35.43,34.924999,35.299999,29.905569,7366800
2014-02-06,35.375,36.134998,35.25,35.755001,30.291046,7358600
2014-02-07,35.955002,36.424999,35.875,36.345001,30.790869,6747200
2014-02-10,36.365002,36.494999,36.060001,36.334999,30.782398,6430400
2014-02-11,36.325001,37.075001,36.224998,36.990002,31.337311,8739400
2014-02-12,37.154999,37.404999,36.919998,37.055,31.392366,6396200
2014-02-13,36.915001,37.48,36.869999,37.435001,31.714306,6161400
2014-02-14,37.435001,37.59,37.099998,37.535,31.799042,6204800
2014-02-18,37.57,37.735001,37.450001,37.605,31.858328,5935600
2014-02-19,37.305,37.775002,37.305,37.41,31.693115,5401400
2014-02-20,37.494999,37.875,37.43,37.790001,32.015045,5581600
2014-02-21,37.695,38.330002,37.68,38.240002,32.396275,8728600
2014-02-24,38.294998,39.07,38.244999,38.919998,32.972366,11072200
2014-02-25,38.865002,39.259998,38.785,39.055,33.086739,6844000
2014-02-26,39.154999,39.529999,39.154999,39.209999,33.218067,7917400
2014-02-27,39.0,39.195,38.740002,39.009998,33.150063,6599200
2014-02-28,38.950001,39.355,38.805,39.150002,33.269035,6875200
2014-03-03,38.814999,38.994999,38.275002,38.695,32.882389,6069200
2014-03-04,39.285,39.525002,39.18,39.310001,33.404999,5661200
2014-03-05,39.259998,39.299999,38.68,38.709999,32.895138,6733200
2014-03-06,38.900002,39.195,38.68,39.110001,33.23505,5536400
2014-03-07,39.549999,40.044998,39.540001,39.73,33.761917,8930800
2014-03-10,39.584999,39.68,39.224998,39.490002,33.557968,5344400
2014-03-11,39.525002,39.810001,39.285,39.400002,33.481483,4906600
2014-03-12,39.049999,39.5,39.014999,39.485001,33.553722,4296800
2014-03-13,39.625,39.865002,39.165001,39.264999,33.36676,8400400
2014-03-14,39.145,39.5,38.904999,39.16,33.277538,6086000
2014-03-17,39.435001,39.57,39.259998,39.490002,33.557968,8577600
2014-03-18,39.59,40.040001,39.525002,39.82,33.838394,8245400
2014-03-19,39.674999,39.98,39.279999,39.575001,33.630203,5970400
2014-03-20,39.474998,39.634998,38.884998,39.634998,33.68119,12440600
2014-03-21,38.549999,38.654999,37.5,37.605,31.956133,31767000
2014-03-24,37.740002,37.915001,37.285,37.43,31.807407,9999000
2014-03-25,37.674999,37.755001,36.794998,36.825001,31.293291,10527000
2014-03-26,37.09,37.25,36.610001,36.610001,31.110598,8537600
2014-03-27,36.654999,37.049999,36.505001,36.66,31.153072,8158600
2014-03-28,36.790001,37.060001,36.639999,36.77,31.246542,5987000
2014-03-31,37.0,37.095001,36.724998,36.93,31.382538,6356600
2014-04-01,37.009998,37.389999,37.009998,37.195,31.607719,7399400
2014-04-02,37.355,37.5,37.16,37.27,31.67144,7614600
2014-04-03,37.279999,37.59,36.91,36.994999,31.437763,8255000
2014-04-04,37.185001,37.25,36.259998,36.419998,30.949123,9720200
2014-04-07,36.404999,36.470001,35.299999,35.415001,30.095102,13853800
2014-04-08,36.110001,36.555,35.950001,36.459999,30.983122,12659600
2014-04-09,36.630001,36.799999,36.264999,36.779999,31.255056,7078400
2014-04-10,36.884998,37.084999,36.125,36.224998,30.783422,8376600
2014-04-11,36.0,36.334999,35.610001,35.625,30.273544,8698000
2014-04-14,35.849998,36.23,35.650002,36.189999,30.75367,7264800
2014-04-15,36.189999,36.435001,35.865002,36.139999,30.711197,7777400
2014-04-16,36.419998,36.59,36.25,36.549999,31.059597,4611200
2014-04-17,36.669998,37.215,36.645,37.014999,31.45476,9041600
2014-04-21,36.955002,37.029999,36.66,36.950001,31.399511,6811800
2014-04-22,36.855,37.349998,36.855,37.174999,31.590717,5122200
2014-04-23,37.27,37.43,37.005001,37.049999,31.484495,4719400
2014-04-24,37.009998,37.185001,36.549999,36.695,31.182827,6784600
2014-04-25,36.544998,36.849998,36.255001,36.349998,30.889637,6481200
2014-04-28,36.68,36.845001,35.549999,35.834999,30.452015,11446800
2014-04-29,35.860001,36.360001,35.825001,36.240002,30.796169,6236000
2014-04-30,36.165001,36.529999,36.044998,36.474998,30.995865,6173800
2014-05-01,36.404999,36.689999,36.294998,36.459999,30.983122,4818200
2014-05-02,36.465,36.764999,36.419998,36.494999,31.012863,4048000
2014-05-05,36.334999,36.715,36.130001,36.645,31.140333,4655600
2014-05-06,36.494999,36.584999,36.105,36.125,30.698437,4585200
2014-05-07,36.355,36.415001,35.764999,36.09,30.668699,5605400
2014-05-08,36.139999,36.674999,36.125,36.525002,31.038353,7965200
2014-05-09,36.435001,36.790001,36.345001,36.724998,31.208313,4817000
2014-05-12,36.810001,37.330002,36.685001,37.314999,31.709682,6636400
2014-05-13,37.334999,37.5,37.264999,37.294998,31.692682,4530200
2014-05-14,37.240002,37.325001,36.75,36.790001,31.263557,6281200
2014-05-15,36.705002,36.810001,36.185001,36.470001,30.991627,6039800
2014-05-16,36.48,36.974998,36.415001,36.970001,31.416521,5376800
2014-05-19,37.009998,37.275002,36.865002,37.244999,31.650188,4682200
2014-05-20,37.02,37.049999,36.555,36.630001,31.127583,5921400
2014-05-21,36.689999,37.130001,36.630001,37.105,31.531225,4671800
2014-05-22,37.209999,37.465,37.0,37.439999,31.815905,4866400
2014-05-23,37.564999,38.16,37.48,37.924999,32.228043,7335200
2014-05-27,38.220001,38.424999,38.110001,38.305,32.550976,6698000
2014-05-28,38.264999,38.305,37.959999,38.134998,32.406509,4730000
2014-05-29,38.099998,38.32,37.994999,38.189999,32.555676,3987600
2014-05-30,38.200001,38.465,38.150002,38.455002,32.781593,5192400
2014-06-02,38.494999,38.494999,38.150002,38.360001,32.700619,3809600
2014-06-03,38.209999,38.305,37.740002,37.775002,32.20192,6793400
2014-06-04,37.720001,38.18,37.709999,38.064999,32.449131,7356800
2014-06-05,38.154999,38.27,37.66,37.935001,32.33831,7326400
2014-06-06,38.080002,38.435001,38.075001,38.115002,32.491756,6637600
2014-06-09,38.049999,38.455002,38.049999,38.334999,32.679306,5028600
2014-06-10,38.169998,38.459999,38.119999,38.154999,32.525864,5150200
2014-06-11,37.834999,37.900002,37.450001,37.57,32.027145,9250000
2014-06-12,37.595001,37.720001,37.290001,37.384998,31.869457,6330600
2014-06-13,37.369999,37.465,36.57,37.310001,31.805527,7712200
2014-06-16,37.404999,37.650002,37.200001,37.275002,31.775675,6531400
2014-06-17,37.384998,37.580002,37.125,37.544998,32.005848,6122200
2014-06-18,37.619999,38.18,37.360001,38.105,32.483227,9852200
2014-06-19,38.215,38.224998,37.605,37.82,32.24028,4977600
2014-06-20,38.044998,38.064999,37.525002,37.549999,32.010113,11385600
2014-06-23,37.549999,37.805,37.200001,37.724998,32.159298,9069200
2014-06-24,37.695,37.985001,37.465,37.490002,31.958952,7617000
2014-06-25,37.514999,38.27,37.514999,38.235001,32.594055,7172200
2014-06-26,38.285,38.455002,37.834999,38.43,32.760269,10522600
2014-06-27,39.264999,39.575001,38.84,38.84,33.109791,18138400
2014-06-30,38.755001,38.865002,38.544998,38.775002,33.054379,8535800
2014-07-01,38.865002,39.27,38.865002,39.0,33.246193,7129200
2014-07-02,39.029999,39.205002,38.845001,38.895,33.156677,5577200
2014-07-03,38.764999,39.310001,38.5,39.224998,33.437984,4568600
2014-07-07,39.0,39.415001,38.970001,39.325001,33.523239,5464800
2014-07-08,39.154999,39.205002,38.535,38.834999,33.105537,8044400
2014-07-09,38.889999,39.384998,38.845001,39.345001,33.540283,7028800
2014-07-10,38.634998,38.904999,38.395,38.75,33.033066,6357000
2014-07-11,38.639999,38.794998,38.380001,38.645,32.943584,5758000
2014-07-14,38.974998,39.095001,38.794998,38.974998,33.224884,5503400
2014-07-15,38.759998,39.105,38.740002,39.014999,33.258976,6506000
2014-07-16,38.924999,39.115002,38.384998,38.459999,32.785851,7449600
2014-07-17,38.215,38.485001,38.150002,38.264999,32.619621,7461600
2014-07-18,38.424999,38.855,38.334999,38.759998,33.041599,6065200
2014-07-21,38.415001,38.650002,38.349998,38.41,32.743233,4209400
2014-07-22,38.555,38.82,38.5,38.52,32.837002,5036000
2014-07-23,38.630001,38.724998,38.415001,38.685001,32.977657,4092200
2014-07-24,38.970001,39.384998,38.93,39.299999,33.501923,8030200
2014-07-25,39.169998,39.389999,38.805,38.860001,33.12685,4540400
2014-07-28,38.965,39.299999,38.759998,39.200001,33.416683,4065200
2014-07-29,39.209999,39.43,39.049999,39.049999,33.288803,4669600
2014-07-30,39.195,39.970001,39.139999,39.805,33.932419,9048200
2014-07-31,39.330002,39.509998,38.490002,38.564999,32.87537,7796800
2014-08-01,38.27,38.625,38.195,38.389999,32.726189,5825800
2014-08-04,38.439999,38.705002,38.145,38.580002,32.888149,4839400
2014-08-05,38.380001,38.82,38.264999,38.459999,32.785851,4866200
2014-08-06,38.255001,38.619999,38.224998,38.57,32.879631,5074400
2014-08-07,38.849998,38.865002,37.990002,38.174999,32.542892,6737400
2014-08-08,38.154999,38.549999,37.950001,38.529999,32.845516,6714800
2014-08-11,38.740002,38.75,38.490002,38.529999,32.845516,7828600
2014-08-12,38.5,38.720001,38.244999,38.365002,32.70488,9142000
2014-08-13,38.540001,38.895,38.27,38.625,32.926529,6400400
2014-08-14,38.759998,38.904999,38.48,38.650002,32.947826,3935000
2014-08-15,38.860001,39.0,38.244999,38.564999,32.87537,4490000
2014-08-18,38.865002,39.345001,38.785,39.275002,33.480618,5697400
2014-08-19,39.355,39.544998,39.174999,39.255001,33.463566,4424000
2014-08-20,39.095001,39.540001,39.095001,39.455002,33.634056,3965800
2014-08-21,39.52,39.700001,39.325001,39.470001,33.646854,4001800
2014-08-22,39.625,39.865002,39.459999,39.645,33.796024,5807400
2014-08-25,39.799999,40.150002,39.75,40.005001,34.102924,5074400
2014-08-26,40.014999,40.049999,39.709999,39.740002,33.87701,5216400
2014-08-27,39.994999,39.994999,39.709999,39.860001,33.979313,3679400
2014-08-28,39.509998,39.610001,39.330002,39.41,33.697136,5169200
2014-08-29,39.424999,39.470001,39.134998,39.275002,33.581711,6423000
2014-09-02,39.174999,39.759998,39.174999,39.639999,33.893806,8164200
2014-09-03,39.895,39.939999,39.27,39.41,33.697136,4409600
2014-09-04,39.599998,40.110001,39.59,39.959999,34.167412,6022800
2014-09-05,39.77,41.055,39.674999,41.02,35.073769,12380600
2014-09-08,40.959999,41.395,40.544998,41.200001,35.227665,11728200
2014-09-09,41.134998,41.27,40.755001,40.919998,34.988266,8119000
2014-09-10,40.865002,41.305,40.75,41.235001,35.257587,6742400
2014-09-11,41.080002,41.294998,40.77,40.91,34.979698,7460400
2014-09-12,40.985001,41.0,40.705002,40.919998,34.988266,5926200
2014-09-15,41.049999,41.09,40.505001,40.805,34.889912,6729000
2014-09-16,40.615002,40.77,40.415001,40.599998,34.714638,9393200
2014-09-17,40.775002,40.915001,40.5,40.755001,34.847164,7443200
2014-09-18,40.924999,41.0,40.625,40.985001,35.043831,6393400
2014-09-19,41.32,41.369999,40.665001,40.904999,34.975437,19704400
2014-09-22,40.84,40.935001,40.099998,40.355,34.505161,8138400
2014-09-23,40.259998,40.290001,39.945,40.060001,34.252922,6046800
2014-09-24,40.07,40.435001,39.959999,40.419998,34.56073,6754000
2014-09-25,40.34,40.34,39.634998,39.875,34.094734,14138400
2014-09-26,43.990002,44.994999,43.650002,44.75,38.263054,35090400
2014-09-29,44.134998,45.049999,44.134998,44.560001,38.100597,14834400
2014-09-30,44.345001,45.145,44.200001,44.599998,38.134796,11583400
2014-10-01,44.455002,44.5,43.755001,43.849998,37.493526,9471600
2014-10-02,43.834999,44.755001,43.439999,44.650002,38.177555,8739200
2014-10-03,44.880001,45.224998,44.584999,45.145,38.600803,8790000
2014-10-06,45.145,45.25,44.279999,44.610001,38.143356,7031200
2014-10-07,44.299999,44.595001,44.014999,44.035,37.651711,5486400
2014-10-08,44.055,44.580002,43.764999,44.415001,37.976616,7481200
2014-10-09,44.224998,44.494999,43.549999,43.615002,37.292591,7462200
2014-10-10,43.720001,44.099998,43.505001,43.595001,37.275482,9048200
2014-10-13,43.48,43.560001,42.619999,42.695,36.505951,8005200
2014-10-14,42.889999,42.955002,42.419998,42.544998,36.377701,9853400
2014-10-15,42.560001,43.549999,42.049999,42.59,36.416172,17571600
2014-10-16,42.095001,43.625,41.924999,43.52,37.211361,13644000
2014-10-17,43.895,44.174999,43.465,43.59,37.27121,11396800
2014-10-20,43.400002,44.465,43.384998,44.450001,38.006542,6743400
2014-10-21,44.650002,45.349998,44.509998,45.32,38.75042,6459600
2014-10-22,45.325001,45.764999,44.904999,44.93,38.416965,7087800
2014-10-23,45.064999,45.66,44.974998,45.185001,38.635006,6191800
2014-10-24,44.974998,45.494999,44.955002,45.450001,38.861595,4931000
2014-10-27,45.455002,45.889999,45.215,45.82,39.177963,5819400
2014-10-28,45.764999,46.224998,45.654999,46.224998,39.524235,6358400
2014-10-29,46.080002,46.27,45.709999,45.974998,39.310486,4998600
2014-10-30,45.884998,46.5,45.775002,46.5,39.759377,4585200
2014-10-31,47.064999,47.07,46.334999,46.485001,39.746555,6463600
2014-11-03,46.674999,46.740002,46.435001,46.724998,39.951756,4862800
2014-11-04,46.529999,47.009998,46.310001,46.974998,40.165531,4441400
2014-11-05,47.419998,47.419998,46.855,47.34,40.477612,6513800
2014-11-06,47.424999,47.544998,47.27,47.299999,40.443413,5482000
2014-11-07,47.375,47.375,46.77,46.889999,40.092842,4909800
2014-11-10,47.02,47.535,47.02,47.48,40.597321,5898200
2014-11-11,47.599998,47.650002,47.290001,47.439999,40.563122,4563200
2014-11-12,47.224998,47.959999,47.115002,47.904999,40.960716,5018400
2014-11-13,48.09,48.275002,47.779999,48.060001,41.093246,5417400
2014-11-14,47.895,47.939999,47.505001,47.75,40.828194,6406800
2014-11-17,47.685001,48.095001,47.52,48.029999,41.067581,5931000
2014-11-18,47.994999,48.424999,47.880001,48.235001,41.242893,4803400
2014-11-19,48.25,48.549999,48.174999,48.474998,41.448101,4586000
2014-11-20,48.310001,48.849998,48.154999,48.650002,41.597721,4822400
2014-11-21,49.345001,49.48,48.330002,48.709999,41.649014,7016400
2014-11-24,48.895,49.25,48.869999,48.974998,41.875622,5081600
2014-11-25,49.150002,49.25,48.634998,48.645,41.59343,6177200
2014-11-26,48.650002,48.939999,48.549999,48.900002,41.811485,3948800
2014-11-28,49.169998,49.880001,49.115002,49.645,42.448494,3609400
2014-12-01,49.330002,49.695,48.830002,48.845001,41.764458,5139200
2014-12-02,49.029999,49.360001,48.845001,49.02,41.914078,4384000
2014-12-03,49.080002,49.299999,48.759998,49.25,42.110744,3792000
2014-12-04,49.25,49.695,49.029999,49.525002,42.345879,4128200
2014-12-05,49.630001,49.75,49.415001,49.665001,42.465584,3408200
2014-12-08,49.525002,49.525002,48.650002,48.860001,41.77729,5155200
2014-12-09,48.529999,48.700001,47.990002,48.514999,41.482285,5989000
2014-12-10,48.240002,49.119999,48.23,48.830002,41.751637,6457800
2014-12-11,48.740002,49.299999,48.419998,48.465,41.558678,8723600
2014-12-12,48.325001,48.945,48.084999,48.084999,41.232834,8243800
2014-12-15,48.215,48.465,47.389999,47.715,40.915562,10152600
2014-12-16,47.674999,47.709999,46.485001,46.605,39.96373,14614400
2014-12-17,46.865002,47.380001,46.450001,47.25,40.51683,11205200
2014-12-18,48.134998,48.540001,47.529999,48.540001,41.623005,18960800
2014-12-19,47.75,48.139999,46.415001,47.419998,40.662601,27002000
2014-12-22,47.564999,47.965,47.509998,47.965,41.129944,7662200
2014-12-23,48.0,48.255001,47.794998,47.985001,41.147083,5241800
2014-12-24,48.200001,48.674999,48.044998,48.145,41.284294,2439600
2014-12-26,48.255001,48.605,48.125,48.415001,41.515823,3144400
2014-12-29,48.305,48.825001,48.305,48.650002,41.717339,4017800
2014-12-30,48.439999,48.650002,48.310001,48.439999,41.537251,4146800
2014-12-31,48.485001,48.805,48.02,48.075001,41.22427,4697400
2015-01-02,48.275002,48.474998,47.055,47.514999,40.744061,4985800
2015-01-05,47.255001,47.275002,46.564999,46.75,40.088074,6889200
2015-01-06,46.945,47.075001,46.035,46.474998,39.852253,7576000
2015-01-07,46.805,47.650002,46.549999,47.435001,40.675465,7256000
2015-01-08,47.830002,48.549999,47.810001,48.529999,41.614414,5978200
2015-01-09,48.465,48.494999,47.799999,47.994999,41.15567,4689000
2015-01-12,47.955002,48.259998,47.615002,47.93,41.09993,5630800
2015-01-13,48.169998,48.724998,47.314999,47.505001,40.735493,6182200
2015-01-14,46.689999,47.185001,46.455002,46.855,40.17812,6750400
2015-01-15,47.314999,47.34,46.285,46.404999,39.792248,4235000
2015-01-16,46.384998,46.564999,46.014999,46.494999,39.869411,8770000
2015-01-20,46.720001,46.945,46.310001,46.805,40.135246,9403800
2015-01-21,46.555,47.064999,46.505001,46.755001,40.092377,5854000
2015-01-22,47.174999,48.055,46.779999,47.924999,41.095646,6952400
2015-01-23,48.07,48.375,47.825001,48.080002,41.22855,6781000
2015-01-26,48.0,48.235001,47.775002,48.174999,41.310013,4964000
2015-01-27,47.650002,47.724998,47.060001,47.25,40.51683,6696800
2015-01-28,47.5,47.66,46.625,46.654999,40.006634,6402600
2015-01-29,46.834999,47.435001,46.584999,47.435001,40.675465,6802400
2015-01-30,46.959999,47.18,46.049999,46.125,39.552135,8106400
2015-02-02,46.34,46.345001,45.384998,45.959999,39.41066,8056600
2015-02-03,46.115002,46.695,46.014999,46.674999,40.023766,7940200
2015-02-04,46.384998,46.634998,46.134998,46.27,39.676472,7187400
2015-02-05,46.439999,46.794998,46.279999,46.669998,40.019489,5754400
2015-02-06,46.700001,46.735001,45.77,45.895,39.354916,7381800
2015-02-09,45.75,45.849998,45.345001,45.584999,39.089088,7339400
2015-02-10,45.869999,46.549999,45.610001,46.375,39.766521,7694600
2015-02-11,46.244999,46.375,45.474998,45.654999,39.149128,8541000
2015-02-12,45.73,46.330002,45.400002,46.0,39.444962,11855800
2015-02-13,46.009998,46.285,45.950001,46.02,39.462097,7695600
2015-02-17,45.869999,46.450001,45.860001,45.93,39.384937,7371000
2015-02-18,45.77,46.884998,45.715,46.810001,40.139526,8143800
2015-02-19,46.740002,47.130001,46.740002,46.849998,40.173824,6605200
2015-02-20,46.805,47.645,46.674999,47.465,40.701199,7398000
2015-02-23,47.459999,47.615002,47.139999,47.505001,40.735493,4622200
2015-02-24,47.375,47.77,47.375,47.709999,40.911285,5239200
2015-02-25,47.709999,48.599998,47.709999,48.41,41.511536,7053600
2015-02-26,48.330002,48.665001,48.325001,48.494999,41.705029,5935000
2015-02-27,48.474998,48.705002,48.314999,48.560001,41.760929,7118600
2015-03-02,48.445,49.43,48.375,49.375,42.461815,11025000
2015-03-03,49.220001,49.235001,48.560001,48.985001,42.126411,7038400
2015-03-04,48.834999,48.935001,48.48,48.759998,41.932915,4853000
2015-03-05,48.98,49.34,48.895,49.23,42.337112,6633600
2015-03-06,49.23,49.345001,48.299999,48.455002,41.670643,7174600
2015-03-09,48.544998,48.91,48.470001,48.715,41.894226,5938800
2015-03-10,48.209999,48.485001,48.125,48.255001,41.498619,7096000
2015-03-11,48.189999,48.540001,47.59,47.669998,40.995537,7484200
2015-03-12,47.75,48.549999,47.689999,48.52,41.726509,5809800
2015-03-13,48.52,48.740002,47.650002,47.904999,41.197639,7396200
2015-03-16,48.099998,48.400002,47.965,48.220001,41.468529,8497000
2015-03-17,48.07,48.389999,47.755001,48.27,41.511536,6408200
2015-03-18,48.27,48.935001,47.805,48.755001,41.928616,8855600
2015-03-19,48.904999,49.310001,48.605,49.16,42.276917,13536000
2015-03-20,51.314999,51.895,50.625,50.990002,43.850685,29779800
2015-03-23,50.775002,51.299999,50.599998,50.73,43.62709,10471800
2015-03-24,50.525002,50.830002,50.299999,50.325001,43.278805,7598800
2015-03-25,50.5,50.59,49.470001,49.494999,42.565014,8133400
2015-03-26,49.169998,50.044998,48.834999,49.665001,42.711231,9479800
2015-03-27,49.560001,50.09,49.560001,49.939999,42.947693,4403600
2015-03-30,50.615002,50.775002,50.27,50.445,43.381996,5435400
2015-03-31,50.439999,50.919998,50.145,50.165001,43.141193,6309200
2015-04-01,50.0,50.139999,49.169998,49.775002,42.805813,6605400
2015-04-02,50.02,50.16,49.695,49.830002,42.853119,3840400
2015-04-06,49.375,50.314999,49.275002,49.865002,42.883205,5027400
2015-04-07,49.865002,50.130001,49.735001,49.805,42.831596,3993600
2015-04-08,50.0,50.485001,49.860001,50.419998,43.360493,6522400
2015-04-09,50.5,50.845001,50.299999,50.360001,43.308891,5301000
2015-04-10,50.459999,50.540001,49.965,49.985001,42.986401,5918200
2015-04-13,49.985001,50.029999,49.529999,49.634998,42.685394,7313800
2015-04-14,49.529999,49.904999,49.349998,49.764999,42.797218,4770800
2015-04-15,50.314999,50.365002,49.865002,49.915001,42.926216,5716200
2015-04-16,49.744999,50.084999,49.700001,49.950001,42.956303,4104000
2015-04-17,49.584999,49.685001,49.07,49.275002,42.375809,6049600
2015-04-20,49.540001,50.169998,49.509998,49.994999,42.994991,6208600
2015-04-21,50.380001,50.424999,49.860001,50.145,43.123989,5125200
2015-04-22,50.150002,50.195,49.645,50.075001,43.063805,3905800
2015-04-23,49.889999,50.799999,49.724998,50.555,43.476604,4668200
2015-04-24,50.23,50.639999,50.105,50.474998,43.407795,4334000
2015-04-27,50.634998,51.0,50.384998,50.470001,43.403503,5158400
2015-04-28,50.400002,50.400002,49.595001,49.93,42.93911,6031600
2015-04-29,49.764999,50.244999,49.630001,50.084999,43.072407,5395200
2015-04-30,49.875,50.255001,49.23,49.419998,42.5005,6497000
2015-05-01,49.939999,50.41,49.705002,50.389999,43.334682,6683400
2015-05-04,50.5,50.599998,50.240002,50.415001,43.356197,4557800
2015-05-05,50.215,50.435001,50.130001,50.209999,43.179893,5104400
2015-05-06,50.134998,50.5,49.84,50.110001,43.093906,5396600
2015-05-07,50.224998,50.794998,50.009998,50.724998,43.622791,5526200
2015-05-08,51.145,51.650002,51.145,51.220001,44.048485,5534800
2015-05-11,51.209999,51.610001,51.044998,51.395,44.198982,5339800
2015-05-12,50.990002,51.345001,50.799999,51.185001,44.018391,4676400
2015-05-13,51.345001,51.365002,50.895,51.080002,43.928085,4508200
2015-05-14,51.470001,51.755001,51.154999,51.720001,44.478477,5433400
2015-05-15,51.825001,52.514999,51.685001,52.490002,45.140678,7865200
2015-05-18,52.555,52.75,52.209999,52.375,45.041771,5045200
2015-05-19,52.310001,52.59,52.174999,52.32,44.994473,5971200
2015-05-20,52.459999,52.575001,52.105,52.305,44.981567,5399200
2015-05-21,52.435001,52.599998,52.119999,52.200001,44.891277,5455200
2015-05-22,52.605,52.610001,52.02,52.215,44.904182,5654800
2015-05-26,52.215,52.375,51.59,51.709999,44.469883,5691400
2015-05-27,51.740002,51.959999,51.154999,51.419998,44.220482,8896800
2015-05-28,51.115002,51.474998,50.755001,51.150002,44.108391,5781600
2015-05-29,51.150002,51.189999,50.52,50.834999,43.836739,5562200
2015-06-01,50.884998,51.145,50.724998,50.880001,43.875549,4944000
2015-06-02,50.900002,51.345001,50.75,51.055,44.026463,4974400
2015-06-03,51.145,51.544998,50.884998,51.255001,44.198925,4766800
2015-06-04,51.029999,51.650002,50.810001,50.974998,43.957466,4467200
2015-06-05,50.75,51.125,50.564999,51.014999,43.991951,3791800
2015-06-08,50.799999,50.945,50.689999,50.720001,43.737576,4314000
2015-06-09,50.744999,50.965,50.389999,50.674999,43.698765,3476800
2015-06-10,50.915001,52.014999,50.830002,51.669998,44.556793,6270400
2015-06-11,52.544998,52.560001,51.735001,51.939999,44.789623,6178000
2015-06-12,51.775002,52.049999,51.605,51.889999,44.746513,4133000
2015-06-15,51.549999,51.924999,51.365002,51.674999,44.561096,4902000
2015-06-16,51.740002,52.490002,51.720001,52.279999,45.082829,5034000
2015-06-17,52.369999,52.584999,52.040001,52.375,45.164738,4072400
2015-06-18,52.525002,53.334999,52.505001,53.0,45.70369,5690600
2015-06-19,53.014999,53.424999,52.970001,53.264999,45.932217,7285600
2015-06-22,53.43,53.724998,53.325001,53.395,46.044323,4186600
2015-06-23,53.599998,53.630001,53.41,53.599998,46.221107,5934200
2015-06-24,53.599998,53.685001,53.02,53.110001,45.798546,5056200
2015-06-25,53.404999,53.404999,52.334999,52.610001,45.36739,10811400
2015-06-26,54.185001,55.169998,54.185001,54.855,47.303329,20287600
2015-06-29,54.634998,54.744999,53.830002,53.834999,46.423752,9005000
2015-06-30,54.424999,54.439999,53.900002,54.009998,46.574661,7531200
2015-07-01,54.474998,54.715,54.294998,54.715,47.182602,5924000
2015-07-02,54.955002,55.365002,54.544998,54.935001,47.372311,5900000
2015-07-06,54.544998,55.255001,54.505001,54.919998,47.359371,4991400
2015-07-07,55.040001,55.665001,54.529999,55.645,47.984577,7207000
2015-07-08,55.110001,55.375,54.5,54.634998,47.113613,6733600
2015-07-09,55.119999,55.459999,54.595001,54.720001,47.18692,6168400
2015-07-10,55.264999,55.400002,54.5,55.259998,47.652565,5159200
2015-07-13,55.619999,56.275002,55.400002,56.205002,48.467468,5047600
2015-07-14,56.419998,56.529999,55.959999,56.169998,48.43729,5561400
2015-07-15,56.0,56.195,55.845001,55.950001,48.247581,5016400
2015-07-16,56.380001,56.450001,55.924999,56.169998,48.43729,4334600
2015-07-17,56.185001,56.490002,55.950001,56.400002,48.635639,4545400
2015-07-20,56.634998,56.775002,56.41,56.564999,48.777908,5978200
2015-07-21,56.490002,56.785,56.360001,56.494999,48.71756,4626400
2015-07-22,56.435001,57.110001,56.435001,57.044998,49.191837,5954200
2015-07-23,57.25,57.349998,56.904999,57.0,49.153027,6714200
2015-07-24,57.09,57.09,56.235001,56.494999,48.71756,5967200
2015-07-27,56.200001,56.459999,55.474998,55.865002,48.174286,6648000
2015-07-28,56.035,56.955002,55.924999,56.735001,48.924507,6948200
2015-07-29,56.790001,57.669998,56.75,57.459999,49.549706,6839800
2015-07-30,57.474998,57.700001,56.970001,57.505001,49.58852,5594000
2015-07-31,57.75,57.970001,57.415001,57.610001,49.679062,5078600
2015-08-03,57.755001,58.0,56.794998,57.415001,49.510895,4992000
2015-08-04,57.474998,57.965,57.165001,57.884998,49.916199,5229000
2015-08-05,58.305,58.860001,58.174999,58.375,50.338745,6853000
2015-08-06,58.5,58.75,57.185001,57.560001,49.635941,6211400
2015-08-07,57.360001,57.48,56.549999,57.255001,49.372921,5907800
2015-08-10,57.695,58.084999,57.424999,57.68,49.739422,4613200
2015-08-11,57.07,57.494999,56.814999,57.23,49.351372,5107400
2015-08-12,56.77,56.875,55.325001,56.529999,48.747742,7127000
2015-08-13,56.634998,57.264999,56.474998,56.799999,48.980556,5907800
2015-08-14,56.794998,57.285,56.555,57.18,49.30825,4685200
2015-08-17,57.060001,57.564999,56.544998,57.490002,49.575592,3917400
2015-08-18,57.560001,57.84,57.294998,57.41,49.506584,3669400
2015-08-19,57.0,58.025002,56.775002,57.48,49.566948,6216400
2015-08-20,56.855,57.224998,56.119999,56.150002,48.420044,6536800
2015-08-21,55.735001,55.830002,53.419998,53.435001,46.078812,15912800
2015-08-24,50.130001,53.689999,47.25,51.935001,44.78532,19882600
2015-08-25,53.639999,53.654999,51.740002,51.764999,44.638721,13616200
2015-08-26,53.25,54.505001,51.990002,54.380001,46.893723,15156000
2015-08-27,55.185001,56.345001,54.814999,56.310001,48.558018,13617400
2015-08-28,56.299999,56.5,55.82,56.25,48.506287,7526200
2015-08-31,56.195,56.244999,55.615002,55.875,48.182911,7073600
2015-09-01,54.490002,54.915001,54.014999,54.314999,46.837669,9385200
2015-09-02,55.075001,55.389999,54.599998,55.349998,47.73019,8536400
2015-09-03,55.615002,56.044998,55.205002,55.424999,47.916054,6065000
2015-09-04,54.610001,55.215,54.470001,54.845001,47.414619,7126200
2015-09-08,55.73,55.935001,55.110001,55.875,48.305099,5511400
2015-09-09,56.355,56.494999,54.805,54.93,47.488117,6349800
2015-09-10,54.830002,55.52,54.470001,55.189999,47.712898,7363000
2015-09-11,55.115002,55.919998,54.994999,55.91,48.335346,5589600
2015-09-14,55.755001,56.029999,55.57,55.945,48.365612,6833200
2015-09-15,55.950001,57.040001,55.400002,56.919998,49.208519,7699400
2015-09-16,57.165001,57.955002,56.919998,57.790001,49.96064,8104400
2015-09-17,57.619999,58.395,57.279999,57.634998,49.826641,8062600
2015-09-18,57.075001,57.814999,56.880001,57.525002,49.731544,18615000
2015-09-21,57.834999,58.544998,57.380001,58.279999,50.384251,8746600
2015-09-22,57.625,58.080002,57.189999,57.985001,50.129223,7555400
2015-09-23,57.985001,58.299999,57.599998,57.715,49.895817,9055800
2015-09-24,57.150002,57.575001,56.75,57.395,49.61916,14352600
2015-09-25,61.564999,62.974998,61.349998,62.5,54.032551,36968200
2015-09-28,62.25,62.380001,60.424999,61.07,52.79628,16450800
2015-09-29,61.0,61.044998,59.525002,59.834999,51.728584,14414400
2015-09-30,60.369999,61.560001,60.369999,61.485001,53.15506,9437800
2015-10-01,61.580002,61.970001,60.639999,61.915001,53.526798,8994200
2015-10-02,61.044998,62.605,60.779999,62.605,54.123314,9114400
2015-10-05,62.919998,63.244999,62.044998,62.134998,53.716995,9646400
2015-10-06,62.134998,62.400002,61.294998,61.595001,53.250149,7665400
2015-10-07,61.805,62.224998,60.5,61.049999,52.778996,10215400
2015-10-08,61.459999,62.619999,61.334999,62.455002,53.993637,7622600
2015-10-09,62.279999,62.669998,62.044998,62.470001,54.006603,6940600
2015-10-12,62.599998,63.549999,62.509998,63.215,54.650681,5449000
2015-10-13,63.0,63.27,62.794998,62.904999,54.382656,6355400
2015-10-14,62.994999,63.305,62.695,62.919998,54.395634,6509000
2015-10-15,63.610001,64.584999,63.48,64.394997,55.670792,10764800
2015-10-16,64.75,65.294998,64.434998,65.235001,56.396996,9321600
2015-10-19,65.855003,66.760002,65.555,66.605003,57.581398,12587800
2015-10-20,66.525002,66.68,65.985001,66.184998,57.218296,9104200
2015-10-21,66.324997,66.610001,65.915001,66.235001,57.261528,5504000
2015-10-22,66.434998,66.724998,65.290001,66.205002,57.235584,9294800
2015-10-23,66.535004,66.599998,64.455002,65.264999,56.422928,10517800
2015-10-26,65.135002,66.114998,65.135002,65.690002,56.790359,6882800
2015-10-27,65.5,65.620003,64.830002,65.410004,56.548294,6150000
2015-10-28,65.860001,66.025002,64.964996,65.644997,56.751457,7091400
2015-10-29,65.339996,65.735001,64.980003,65.559998,56.677963,4959000
2015-10-30,65.775002,65.809998,65.035004,65.514999,56.639072,7230800
2015-11-02,65.864998,66.0,64.730003,65.595001,56.708244,6123200
2015-11-03,65.620003,65.849998,65.339996,65.699997,56.799011,5492000
2015-11-04,65.695,65.934998,64.940002,65.18,56.349453,5190200
2015-11-05,65.589996,66.220001,65.230003,65.93,56.997849,5068200
2015-11-06,65.800003,66.470001,65.68,65.889999,56.963261,4837600
2015-11-09,65.625,65.709999,64.635002,65.239998,56.401325,6181200
2015-11-10,65.044998,65.345001,64.764999,65.0,56.193844,5287400
2015-11-11,65.139999,65.294998,63.639999,63.709999,55.078621,8578000
2015-11-12,63.5,64.0,62.705002,62.990002,54.45615,9388000
2015-11-13,62.540001,62.610001,60.575001,60.93,52.67524,16371000
2015-11-16,60.900002,61.740002,60.669998,61.73,53.366856,9146400
2015-11-17,61.525002,61.799999,60.209999,61.290001,52.986469,10581600
2015-11-18,61.52,63.014999,61.330002,62.889999,54.369698,10597800
2015-11-19,63.130001,63.494999,62.689999,62.889999,54.369698,8557600
2015-11-20,66.035004,66.400002,65.239998,66.324997,57.339325,19064800
2015-11-23,66.410004,66.5,65.889999,66.230003,57.257202,7135600
2015-11-24,65.815002,66.489998,65.629997,66.254997,57.27882,5311600
2015-11-25,66.540001,67.275002,66.514999,67.065002,57.979084,6989000
2015-11-27,67.459999,67.650002,66.665001,67.165001,58.065529,4527800
2015-11-30,66.964996,67.095001,65.82,66.139999,57.179394,8738800
2015-12-01,66.059998,66.709999,65.959999,66.654999,57.624634,6857000
2015-12-02,66.425003,66.610001,66.050003,66.324997,57.339325,7965600
2015-12-03,66.555,66.68,64.5,64.559998,55.813457,10649800
2015-12-04,64.900002,66.459999,64.900002,66.165001,57.201004,7410400
2015-12-07,66.375,66.449997,65.305,65.800003,57.023354,6190000
2015-12-08,65.434998,66.370003,65.214996,65.849998,57.066692,5605800
2015-12-09,65.379997,65.769997,63.869999,64.419998,55.827423,7442800
2015-12-10,64.360001,64.82,64.004997,64.32,55.740768,5682600
2015-12-11,63.810001,63.869999,62.834999,63.145,54.722473,8276000
2015-12-14,63.314999,64.165001,63.060001,63.93,55.402782,7991400
2015-12-15,64.800003,65.0,64.175003,64.305,55.727768,6869600
2015-12-16,64.684998,65.599998,64.410004,65.464996,56.733025,7542200
2015-12-17,65.849998,65.925003,65.035004,65.110001,56.425385,7400800
2015-12-18,64.864998,65.264999,64.184998,64.260002,55.688755,13804600
2015-12-21,64.839996,65.154999,64.305,64.900002,56.243416,8972600
2015-12-22,65.739998,65.925003,64.910004,65.925003,57.131687,17218400
2015-12-23,68.120003,68.195,63.91,64.355003,55.771091,57319400
2015-12-24,64.550003,64.730003,62.150002,63.18,54.752823,13889100
2015-12-28,63.209999,63.880001,62.799999,63.810001,55.298782,8786800
2015-12-29,64.309998,64.480003,64.019997,64.260002,55.688755,6708600
2015-12-30,64.360001,64.400002,63.169998,63.25,54.813488,5817900
2015-12-31,63.150002,63.169998,62.5,62.5,54.163521,6454700
2016-01-04,61.110001,61.91,60.860001,61.52,53.314243,11626800
2016-01-05,61.720001,62.59,61.720001,62.380001,54.059521,9220600
2016-01-06,61.299999,62.040001,61.150002,61.490002,53.288239,6551600
2016-01-07,60.389999,61.259998,59.779999,59.849998,51.866993,10881300
2016-01-08,60.060001,60.790001,58.66,58.869999,51.017708,11191300
2016-01-11,58.970001,60.040001,58.540001,59.549999,51.606995,12825000
2016-01-12,60.349998,60.82,59.57,59.939999,51.944973,8292200
2016-01-13,60.529999,60.529999,58.669998,58.779999,50.939701,9944300
2016-01-14,59.0,59.349998,57.279999,58.509998,50.705711,9989000
2016-01-15,56.93,58.139999,56.59,57.560001,49.882435,12208300
2016-01-19,58.189999,59.07,57.669998,58.32,50.541058,9924300
2016-01-20,57.25,59.59,56.75,59.040001,51.165031,16234200
2016-01-21,59.080002,61.16,59.060001,60.560001,52.482273,16121600
2016-01-22,61.290001,61.470001,60.59,60.880001,52.759605,8430100
2016-01-25,61.09,61.299999,60.619999,60.700001,52.603619,10383400
2016-01-26,60.490002,61.369999,60.27,61.110001,52.95892,8005200
2016-01-27,60.959999,61.099998,59.200001,59.580002,51.632999,8593700
2016-01-28,60.32,61.599998,59.98,61.200001,53.036919,10207000
2016-01-29,61.200001,62.16,61.200001,62.009998,53.738873,10475200
2016-02-01,61.75,63.470001,61.700001,63.16,54.735481,8247800
2016-02-02,63.02,63.5,62.310001,62.549999,54.20686,9458500
2016-02-03,62.880001,62.900002,61.299999,62.490002,54.154861,7213500
2016-02-04,62.02,62.16,59.990002,60.169998,52.14431,10455700
2016-02-05,59.759998,59.84,56.98,57.169998,49.544453,14415900
2016-02-08,56.099998,56.209999,53.639999,55.040001,47.698563,21214500
2016-02-09,54.5,56.619999,54.279999,55.68,48.253193,10915700
2016-02-10,56.540001,58.18,55.93,57.41,49.752434,13376800
2016-02-11,56.459999,56.91,55.389999,56.0,48.530502,13090900
2016-02-12,57.369999,57.450001,55.5,56.419998,48.894482,10229500
2016-02-16,57.57,58.0,56.82,57.790001,50.081753,8058000
2016-02-17,58.599998,58.599998,57.099998,58.169998,50.411083,10332700
2016-02-18,58.169998,58.959999,57.98,58.599998,50.783714,9658600
2016-02-19,58.5,59.310001,57.630001,59.310001,51.399006,10080100
2016-02-22,59.310001,60.48,59.259998,60.169998,52.14431,11523400
2016-02-23,60.259998,60.740002,59.889999,60.209999,52.178963,7504600
2016-02-24,59.740002,60.700001,59.200001,60.400002,52.343636,10390800
2016-02-25,60.68,62.380001,60.630001,62.380001,54.059521,8524300
2016-02-26,62.639999,63.490002,62.470001,62.599998,54.250187,8896100
2016-02-29,62.459999,62.68,61.580002,61.59,53.374901,7720600
2016-03-01,61.970001,63.099998,61.75,62.919998,54.527493,7438300
2016-03-02,62.52,62.889999,61.5,62.220001,53.92086,8465800
2016-03-03,62.049999,62.200001,60.919998,61.470001,53.408241,7924400
2016-03-04,61.419998,61.540001,60.380001,61.259998,53.225773,7279400
2016-03-07,61.07,61.139999,58.790001,59.25,51.479389,12829600
2016-03-08,59.029999,60.599998,58.709999,59.810001,51.965961,9307900
2016-03-09,59.580002,59.619999,57.950001,58.330002,50.680058,12766900
2016-03-10,58.700001,59.040001,57.970001,58.880001,51.157917,9402600
2016-03-11,59.130001,60.439999,59.130001,60.080002,52.200546,8834400
2016-03-14,60.189999,61.330002,60.099998,60.810001,52.834805,7090500
2016-03-15,60.5,61.75,60.360001,61.400002,53.347427,6188800
2016-03-16,61.470001,62.23,61.290001,61.860001,53.747101,7018300
2016-03-17,61.759998,63.380001,61.740002,63.18,54.893974,9926800
2016-03-18,63.549999,63.98,62.849998,62.990002,54.728886,13192900
2016-03-21,63.549999,65.290001,63.400002,64.720001,56.232014,13635400
2016-03-22,64.830002,65.440002,64.169998,64.900002,56.38842,18212900
2016-03-23,61.330002,63.450001,61.150002,62.439999,54.25103,26987000
2016-03-24,62.060001,62.139999,61.119999,61.650002,53.564636,12231300
2016-03-28,61.580002,61.98,61.25,61.34,53.29528,7899000
2016-03-29,61.259998,61.900002,61.25,61.490002,53.425621,7837800
2016-03-30,61.77,62.41,61.77,62.040001,53.9035,7859300
2016-03-31,61.990002,62.639999,61.310001,61.470001,53.408241,8257800
2016-04-01,61.220001,61.82,61.150002,61.59,53.512508,7555300
2016-04-04,61.73,61.849998,59.419998,59.970001,52.104961,16523400
2016-04-05,59.619999,60.169998,59.439999,59.669998,51.844303,7554000
2016-04-06,59.599998,60.68,59.189999,60.310001,52.400383,10201500
2016-04-07,59.790001,60.580002,59.709999,60.299999,52.391689,7092900
2016-04-08,60.490002,60.560001,59.32,59.419998,51.627098,8761700
2016-04-11,59.73,59.779999,57.82,57.919998,50.323822,12593400
2016-04-12,58.0,58.619999,56.889999,58.549999,50.871204,12471100
2016-04-13,59.02,59.950001,58.830002,59.580002,51.766125,10629100
2016-04-14,59.709999,60.34,59.439999,59.490002,51.687939,7785200
2016-04-15,59.02,59.59,58.389999,59.5,51.696606,7653600
2016-04-18,59.380001,60.0,59.380001,59.57,51.757427,6075900
2016-04-19,59.959999,59.990002,59.330002,59.560001,51.748741,6594400
2016-04-20,59.43,60.240002,59.43,59.619999,51.800873,7177500
2016-04-21,60.529999,60.529999,59.709999,60.080002,52.200546,7156700
2016-04-22,60.18,60.220001,58.970001,59.43,51.635788,8294300
2016-04-25,59.34,59.419998,58.759998,59.209999,51.444641,6117700
2016-04-26,59.310001,59.970001,59.27,59.540001,51.731365,5582200
2016-04-27,59.630001,59.73,58.630001,59.27,51.496773,8094600
2016-04-28,58.950001,59.889999,58.419998,58.540001,50.862507,6028600
2016-04-29,58.41,59.09,58.099998,58.939999,51.210056,8178700
2016-05-02,59.09,59.75,58.990002,59.59,51.774811,8647800
2016-05-03,59.240002,59.849998,59.029999,59.52,51.713985,8061300
2016-05-04,59.23,59.959999,58.82,59.110001,51.35775,8062800
2016-05-05,58.939999,58.98,58.0,58.189999,50.558411,7846000
2016-05-06,58.16,58.439999,57.380001,58.43,50.766937,7308000
2016-05-09,58.59,59.189999,58.450001,58.720001,51.018902,5604900
2016-05-10,58.610001,59.990002,58.610001,59.200001,51.435966,7600200
2016-05-11,58.5,58.68,56.849998,57.009998,49.53318,12823000
2016-05-12,57.52,58.34,57.310001,57.990002,50.384651,8083700
2016-05-13,57.740002,58.119999,57.279999,57.310001,49.793831,7392600
2016-05-16,57.27,57.529999,56.630001,57.139999,49.646114,8045900
2016-05-17,57.150002,57.380001,56.650002,57.099998,49.611378,7620700
2016-05-18,56.759998,56.869999,55.669998,56.119999,48.759884,11532800
2016-05-19,55.82,57.299999,55.669998,57.040001,49.559227,9376500
2016-05-20,55.880001,57.060001,55.41,56.48,49.072674,13745300
2016-05-23,56.599998,56.970001,55.950001,55.990002,48.646942,7780700
2016-05-24,56.049999,56.77,55.860001,56.59,49.168262,11098700
2016-05-25,56.470001,56.689999,55.77,55.990002,48.646942,9921500
2016-05-26,56.049999,56.360001,55.599998,55.84,48.516605,9063100
2016-05-27,56.169998,56.529999,55.98,56.189999,48.820713,8525900
2016-05-31,56.41,56.470001,55.169998,55.220001,47.977936,14233600
2016-06-01,53.330002,55.040001,52.919998,54.93,47.725971,28409300
2016-06-02,54.220001,54.669998,54.220001,54.529999,47.516834,13901700
2016-06-03,54.290001,54.57,53.400002,53.450001,46.575726,17265800
2016-06-06,53.77,54.540001,53.689999,54.299999,47.316399,13808300
2016-06-07,54.16,54.349998,53.549999,53.549999,46.662868,13334000
2016-06-08,53.830002,54.34,53.66,54.119999,47.159561,12068500
2016-06-09,54.110001,55.049999,53.880001,54.939999,47.8741,11609800
2016-06-10,54.639999,55.360001,54.549999,55.110001,48.022236,12183600
2016-06-13,55.0,55.639999,54.880001,54.91,47.847958,8582200
2016-06-14,54.580002,54.939999,54.080002,54.119999,47.159561,9585600
2016-06-15,54.240002,55.060001,54.240002,54.310001,47.325127,7498400
2016-06-16,53.540001,53.639999,52.939999,53.470001,46.593155,14456500
2016-06-17,53.450001,53.869999,53.16,53.709999,46.802296,11007100
2016-06-20,54.23,55.150002,54.23,54.360001,47.36869,8429400
2016-06-21,54.459999,55.09,54.439999,54.77,47.72596,8278200
2016-06-22,55.0,55.139999,54.529999,54.57,47.551685,7019600
2016-06-23,55.110001,55.18,53.950001,54.119999,47.159561,11219800
2016-06-24,52.360001,53.360001,52.18,52.59,45.826332,18481200
2016-06-27,52.0,52.52,51.48,51.889999,45.216366,15265700
2016-06-28,52.040001,53.200001,51.57,53.09,46.262028,20837800
2016-06-29,54.5,55.139999,52.889999,55.130001,48.039658,36084800
2016-06-30,55.290001,55.43,54.599998,55.200001,48.100662,17350500
2016-07-01,55.07,55.810001,54.91,55.610001,48.457916,9285100
2016-07-05,55.34,55.91,55.009998,55.200001,48.100662,10256100
2016-07-06,54.880001,55.810001,54.82,55.799999,48.623489,7863400
2016-07-07,55.799999,55.98,55.560001,55.919998,48.728062,6948000
2016-07-08,56.099998,56.82,56.09,56.720001,49.425159,8645900
2016-07-11,56.830002,57.23,56.709999,56.830002,49.521027,8122500
2016-07-12,57.09,58.200001,57.07,58.060001,50.592838,11164400
2016-07-13,58.18,58.439999,57.73,57.990002,50.531837,9126500
2016-07-14,58.299999,58.599998,58.150002,58.490002,50.967529,7488400
2016-07-15,58.59,58.869999,57.869999,57.869999,50.427265,9225200
2016-07-18,58.0,58.16,57.740002,57.740002,50.313995,6478900
2016-07-19,57.459999,57.77,57.150002,57.759998,50.331406,7442700
2016-07-20,57.990002,58.099998,57.740002,57.759998,50.331406,5872400
2016-07-21,57.990002,58.029999,56.57,56.990002,49.66045,8262000
2016-07-22,56.82,56.959999,56.43,56.73,49.433884,8614700
2016-07-25,56.869999,57.150002,56.459999,57.139999,49.791153,7256300
2016-07-26,57.200001,57.869999,56.25,56.369999,49.120193,8546700
2016-07-27,56.5,57.0,55.470001,55.790001,48.614784,10295400
2016-07-28,55.59,55.810001,54.98,55.450001,48.318489,9574100
2016-07-29,55.27,55.66,55.209999,55.5,48.362095,6353400
2016-08-01,55.73,55.869999,55.299999,55.41,48.283646,6268400
2016-08-02,55.23,55.279999,54.779999,54.919998,47.856663,7145600
2016-08-03,54.549999,55.189999,54.279999,54.75,47.708527,9687300
2016-08-04,54.959999,55.57,54.650002,54.790001,47.743389,8678100
2016-08-05,55.32,56.060001,55.169998,55.849998,48.667061,7512500
2016-08-08,56.130001,56.389999,55.68,55.98,48.78035,6307000
2016-08-09,56.080002,56.240002,55.689999,55.77,48.597351,8044400
2016-08-10,55.950001,56.18,55.07,55.130001,48.039658,6881400
2016-08-11,55.630001,56.889999,55.48,56.73,49.433884,9539500
2016-08-12,56.700001,56.759998,56.130001,56.450001,49.189896,5393400
2016-08-15,56.650002,57.060001,56.619999,56.77,49.468742,4836300
2016-08-16,56.799999,57.040001,56.419998,56.880001,49.564598,4901800
2016-08-17,56.869999,56.970001,56.540001,56.860001,49.547157,7340500
2016-08-18,56.990002,57.459999,56.900002,57.209999,49.85215,6043600
2016-08-19,57.400002,59.139999,57.25,58.900002,51.324806,15987100
2016-08-22,58.82,59.459999,58.650002,58.66,51.115658,8266000
2016-08-23,58.799999,59.799999,58.799999,59.619999,51.952202,8222800
2016-08-24,59.889999,60.330002,59.720001,60.220001,52.475025,11379000
2016-08-25,60.009998,60.150002,59.029999,59.240002,51.621063,8713900
2016-08-26,58.57,59.200001,58.299999,59.0,51.41193,9994300
2016-08-29,59.200001,59.25,58.529999,58.630001,51.089523,5831000
2016-08-30,58.459999,58.759998,57.849998,58.0,50.540543,6344600
2016-08-31,57.860001,58.279999,57.189999,57.639999,50.226852,7723600
2016-09-01,57.669998,58.549999,57.529999,58.540001,51.153091,8225000
2016-09-02,58.630001,59.18,57.990002,58.02,50.698715,6933100
2016-09-06,58.25,58.380001,57.209999,57.41,50.165672,9771800
2016-09-07,57.48,57.779999,57.009998,57.720001,50.436562,7536100
2016-09-08,56.880001,57.27,56.110001,56.169998,49.08215,12741900
2016-09-09,55.880001,56.0,55.27,55.330002,48.348156,11310400
2016-09-12,55.0,56.119999,54.950001,56.009998,48.942329,7470900
2016-09-13,55.860001,55.939999,55.119999,55.369999,48.38311,7359400
2016-09-14,55.16,55.560001,54.93,55.130001,48.173378,7621200
2016-09-15,55.0,55.540001,54.810001,55.470001,48.47049,6283900
2016-09-16,55.240002,55.360001,55.049999,55.18,48.217072,11715400
2016-09-19,55.380001,55.470001,54.93,54.950001,48.016094,7671300
2016-09-20,55.259998,55.439999,54.759998,54.869999,47.94619,8563000
2016-09-21,55.02,55.380001,54.610001,55.34,48.356876,8041700
2016-09-22,55.470001,55.98,55.240002,55.41,48.418041,8052400
2016-09-23,55.02,55.709999,54.91,55.150002,48.190861,8921700
2016-09-26,54.799999,55.0,54.080002,54.400002,47.535507,11629600
2016-09-27,54.25,55.540001,53.900002,55.34,48.356876,17945200
2016-09-28,54.599998,55.0,52.799999,53.25,46.530609,33213000
2016-09-29,52.919998,53.580002,52.119999,52.16,45.578167,16993900
2016-09-30,52.57,53.060001,52.279999,52.650002,46.006329,12940200
2016-10-03,52.540001,53.0,52.419998,52.669998,46.023796,7632500
2016-10-04,52.900002,53.060001,52.080002,52.139999,45.560684,10737400
2016-10-05,52.150002,52.639999,52.099998,52.119999,45.543198,7244100
2016-10-06,52.200001,52.330002,51.970001,52.029999,45.464565,9391700
2016-10-07,52.419998,52.459999,51.68,51.790001,45.254852,8407100
2016-10-10,52.130001,52.25,51.77,51.790001,45.254852,5469300
2016-10-11,51.950001,52.25,51.52,51.82,45.281063,9203500
2016-10-12,52.009998,52.709999,51.799999,52.439999,45.822826,9301300
2016-10-13,52.119999,52.32,51.5,52.029999,45.464565,8425800
2016-10-14,52.380001,52.5,51.619999,51.619999,45.1063,7133800
2016-10-17,51.650002,51.75,50.959999,51.029999,44.590744,7904000
2016-10-18,51.299999,51.66,51.189999,51.220001,44.756783,6805200
2016-10-19,51.34,51.84,51.139999,51.799999,45.263588,6999000
2016-10-20,51.77,52.360001,51.689999,51.889999,45.342228,6590500
2016-10-21,51.740002,51.869999,51.25,51.77,45.237373,9161000
2016-10-24,52.16,52.290001,51.830002,51.869999,45.324749,7578200
2016-10-25,50.970001,51.439999,50.709999,51.049999,44.608219,14975300
2016-10-26,50.950001,52.27,50.900002,51.970001,45.412144,12401100
2016-10-27,52.34,52.34,51.689999,51.889999,45.342228,7939200
2016-10-28,52.119999,52.5,51.790001,52.02,45.455822,9096700
2016-10-31,50.880001,51.150002,50.0,50.18,43.848015,17931300
2016-11-01,50.5,50.509998,49.139999,49.619999,43.358654,14100400
2016-11-02,49.240002,50.27,49.009998,49.720001,43.446045,10775900
2016-11-03,49.98,50.0,49.310001,49.73,43.454781,7678700
2016-11-04,49.799999,50.450001,49.759998,49.959999,43.655758,9925200
2016-11-07,50.48,50.93,50.279999,50.91,44.485886,8358700
2016-11-08,51.099998,51.490002,50.950001,51.080002,44.634438,8111400
2016-11-09,50.07,51.27,49.799999,51.119999,44.669395,9058600
2016-11-10,51.290001,51.369999,50.330002,50.389999,44.031502,12316100
2016-11-11,50.220001,50.849998,50.18,50.77,44.363548,6300600
2016-11-14,51.18,51.189999,50.209999,50.209999,43.874218,8063900
2016-11-15,50.459999,50.639999,49.75,50.130001,43.804321,9299800
2016-11-16,50.0,50.799999,49.950001,50.68,44.284912,6760300
2016-11-17,50.939999,51.669998,50.720001,51.59,45.080078,7671600
2016-11-18,51.389999,51.889999,50.959999,51.099998,44.651905,7461600
2016-11-21,51.0,51.419998,50.950001,51.279999,44.809196,5357200
2016-11-22,51.470001,51.75,51.049999,51.709999,45.184937,5228100
2016-11-23,51.709999,51.849998,51.200001,51.34,44.861622,4141600
2016-11-25,51.68,51.740002,51.349998,51.52,45.018909,2736800
2016-11-28,51.439999,51.439999,50.610001,51.009998,44.573273,8602100
2016-11-29,51.200001,51.369999,50.57,50.630001,44.241222,6065700
2016-11-30,50.52,50.810001,50.07,50.07,43.7519,8198400
2016-12-01,50.110001,51.25,50.060001,50.650002,44.418381,7610100
2016-12-02,50.259998,50.68,50.110001,50.459999,44.251759,6933300
2016-12-05,50.799999,52.27,50.700001,51.849998,45.470745,12031200
2016-12-06,50.830002,51.099998,50.259998,50.57,44.348217,12496300
2016-12-07,50.790001,52.25,50.599998,52.099998,45.689968,10412600
2016-12-08,52.150002,52.470001,51.450001,51.549999,45.207657,9260900
2016-12-09,51.759998,51.970001,51.5,51.720001,45.356724,5869800
2016-12-12,51.5,51.900002,50.939999,51.540001,45.198879,11459500
2016-12-13,51.830002,53.220001,51.830002,52.299999,45.865372,11442300
2016-12-14,52.240002,52.34,51.59,51.790001,45.418133,8012800
2016-12-15,52.0,52.040001,51.09,51.290001,44.979641,9567500
2016-12-16,51.599998,51.639999,50.669998,50.919998,44.655167,13984900
2016-12-19,50.91,51.360001,50.48,50.849998,44.593777,9451700
2016-12-20,51.060001,51.990002,50.75,51.790001,45.418133,15984100
2016-12-21,52.900002,53.349998,51.549999,52.299999,45.865372,23236400
2016-12-22,52.799999,53.0,52.029999,52.139999,45.725067,11798900
2016-12-23,51.990002,52.349998,51.669998,51.91,45.523365,9360800
2016-12-27,51.799999,52.25,51.200001,51.290001,44.979641,8175000
2016-12-28,51.310001,51.5,50.869999,51.02,44.742867,6318000
2016-12-29,51.0,51.240002,50.880001,51.060001,44.777939,4680800
2016-12-30,51.099998,51.330002,50.700001,50.830002,44.576229,7384300
2017-01-03,51.990002,52.5,51.77,51.98,45.584766,13295600
2017-01-04,52.23,53.349998,52.09,53.07,46.540638,13759500
2017-01-05,52.919998,53.099998,52.439999,53.060001,46.531876,8682200
2017-01-06,53.09,54.09,52.98,53.91,47.277294,12532400
2017-01-09,53.959999,53.990002,53.220001,53.380001,46.812496,8835300
2017-01-10,53.549999,53.73,53.110001,53.110001,46.575714,8041900
2017-01-11,53.119999,53.290001,52.669998,52.689999,46.207401,8208300
2017-01-12,52.509998,52.689999,52.16,52.400002,45.953075,7368700
2017-01-13,52.59,52.93,52.23,52.919998,46.409092,6694400
2017-01-17,53.400002,53.950001,53.009998,53.650002,47.04929,9888500
2017-01-18,53.860001,53.889999,52.860001,53.27,46.71603,6743100
2017-01-19,53.84,53.939999,52.889999,52.93,46.417854,8320600
2017-01-20,53.220001,53.349998,52.900002,53.200001,46.654648,7861000
2017-01-23,53.02,53.259998,52.720001,53.240002,46.689735,7025700
2017-01-24,53.02,53.57,52.990002,53.450001,46.87389,6321300
2017-01-25,53.73,54.119999,53.689999,53.860001,47.233444,6675000
2017-01-26,54.110001,54.119999,53.360001,53.650002,47.04929,6202000
2017-01-27,53.68,54.080002,53.029999,53.189999,46.645866,7362000
2017-01-30,52.779999,53.220001,52.41,53.080002,46.549416,9770800
2017-01-31,51.68,52.900002,51.630001,52.900002,46.391552,12342900
2017-02-01,52.98,53.259998,52.610001,53.02,46.496792,8810900
2017-02-02,53.0,53.009998,52.48,52.799999,46.303852,7874200
2017-02-03,52.619999,52.810001,52.25,52.360001,45.917984,8850400
2017-02-06,52.09,52.799999,52.049999,52.799999,46.303852,7355200
2017-02-07,53.07,53.279999,52.669998,52.810001,46.31263,6446900
2017-02-08,52.740002,53.939999,52.700001,53.880001,47.25098,9281100
2017-02-09,53.880001,55.700001,53.880001,55.310001,48.505043,14345400
2017-02-10,55.630001,56.470001,55.630001,56.220001,49.303093,14973400
2017-02-13,56.169998,56.34,55.75,56.09,49.189091,7679800
2017-02-14,55.919998,56.689999,55.830002,56.450001,49.504791,8891400
2017-02-15,56.290001,56.759998,56.209999,56.639999,49.671406,6652000
2017-02-16,56.880001,56.919998,56.099998,56.290001,49.364475,8374200
2017-02-17,56.119999,56.799999,55.860001,56.75,49.767876,12638000
2017-02-21,56.380001,57.450001,56.200001,57.360001,50.30283,10955000
2017-02-22,57.48,58.380001,57.360001,58.240002,51.074558,10914100
2017-02-23,58.110001,58.400002,57.27,57.389999,50.32914,12316300
2017-02-24,57.389999,58.419998,57.07,57.860001,50.741318,9684500
2017-02-27,57.650002,57.830002,57.349998,57.689999,50.59222,4375700
2017-02-28,57.369999,57.549999,56.860001,57.16,50.12743,7951300
2017-03-01,57.860001,58.029999,57.330002,57.950001,50.82024,8558900
2017-03-02,57.900002,58.25,57.650002,57.799999,50.84663,6438400
2017-03-03,57.799999,57.799999,56.509998,56.700001,49.878967,9181600
2017-03-06,56.700001,56.93,56.529999,56.77,49.94054,6896800
2017-03-07,56.709999,56.990002,56.02,56.549999,49.747013,7124400
2017-03-08,56.939999,56.939999,56.310001,56.509998,49.7118,7604800
2017-03-09,56.610001,56.66,56.09,56.360001,49.579865,6165700
2017-03-10,56.490002,56.990002,56.259998,56.43,49.641441,8882400
2017-03-13,56.43,56.82,56.110001,56.669998,49.852573,7235900
2017-03-14,56.869999,58.009998,56.720001,57.279999,50.389187,9286900
2017-03-15,57.630001,57.990002,56.75,57.66,50.723473,10067500
2017-03-16,57.43,57.720001,56.830002,57.599998,50.670685,9895000
2017-03-17,57.77,57.889999,57.310001,57.799999,50.84663,10791500
2017-03-20,58.0,58.810001,57.959999,58.68,51.62077,13352500
2017-03-21,58.779999,59.0,57.720001,58.009998,51.031361,15269800
2017-03-22,54.759998,55.0,53.759998,53.919998,47.433395,37413400
2017-03-23,54.610001,55.549999,54.52,55.369999,48.708965,23848300
2017-03-24,55.290001,56.639999,55.119999,56.360001,49.579865,14438600
2017-03-27,55.639999,56.25,55.540001,55.93,49.201607,8663600
2017-03-28,55.990002,56.779999,55.790001,56.619999,49.808582,7823900
2017-03-29,56.41,57.099998,56.349998,56.68,49.861366,7456200
2017-03-30,56.48,56.599998,55.810001,56.040001,49.298359,7210500
2017-03-31,56.0,56.029999,55.650002,55.73,49.025654,5905600
2017-04-03,55.740002,55.799999,55.150002,55.560001,48.876102,7088800
2017-04-04,55.150002,55.299999,54.830002,55.040001,48.418659,8843300
2017-04-05,54.970001,55.799999,54.5,54.98,48.365871,7722100
2017-04-06,55.07,55.939999,54.939999,55.139999,48.506641,6692200
2017-04-07,55.099998,55.240002,54.77,55.110001,48.480236,6078300
2017-04-10,55.0,55.330002,54.720001,54.900002,48.295506,5472700
2017-04-11,54.950001,55.07,54.549999,54.919998,48.313091,4348600
2017-04-12,54.66,55.619999,54.5,55.57,48.884903,8504100
2017-04-13,55.41,55.599998,55.259998,55.34,48.682568,5282100
2017-04-17,55.32,56.34,55.25,56.240002,49.474297,7688700
2017-04-18,56.02,56.419998,55.799999,56.110001,49.359932,5651100
2017-04-19,56.16,56.220001,55.740002,55.860001,49.140015,5947700
2017-04-20,55.959999,56.689999,55.880001,56.400002,49.615059,6867100
2017-04-21,56.290001,56.380001,55.68,55.849998,49.13121,6055600
2017-04-24,56.139999,56.209999,55.470001,55.470001,48.796936,10777700
2017-04-25,55.529999,55.77,55.41,55.450001,48.779327,8971000
2017-04-26,55.459999,55.84,55.119999,55.16,48.524216,10936000
2017-04-27,55.18,55.57,54.91,55.470001,48.796936,8558000
2017-04-28,55.43,55.529999,55.139999,55.41,48.744141,6437700
2017-05-01,55.43,55.450001,54.98,54.990002,48.374676,4881400
2017-05-02,55.119999,55.16,54.790001,55.07,48.445053,7363600
2017-05-03,55.169998,55.299999,54.400002,54.529999,47.970016,9474700
2017-05-04,54.68,54.830002,54.200001,54.470001,47.917229,6830600
2017-05-05,54.41,54.5,53.560001,53.950001,47.459782,13379900
2017-05-08,54.18,54.509998,53.830002,54.299999,47.767681,8728100
2017-05-09,54.330002,55.080002,54.16,54.889999,48.286705,6441200
2017-05-10,54.91,55.060001,54.509998,54.560001,47.996399,5823000
2017-05-11,54.52,54.52,53.400002,54.240002,47.714905,6499600
2017-05-12,54.099998,54.389999,53.790001,54.200001,47.679707,5606300
2017-05-15,54.119999,54.200001,53.68,53.77,47.301437,8201700
2017-05-16,52.369999,53.380001,52.119999,52.779999,46.430519,14562700
2017-05-17,52.779999,52.869999,51.799999,51.799999,45.568436,18341500
2017-05-18,51.970001,52.080002,51.299999,51.68,45.462872,22576500
2017-05-19,51.0,52.110001,50.810001,51.77,45.542061,20047800
2017-05-22,51.77,51.959999,51.400002,51.57,45.366096,13671500
2017-05-23,51.98,52.630001,51.880001,52.200001,45.920311,11087300
2017-05-24,52.25,52.299999,51.740002,52.009998,45.75317,9383600
2017-05-25,52.380001,52.59,52.209999,52.349998,46.052277,7627500
2017-05-26,52.349998,52.759998,52.23,52.59,46.26339,5921300
2017-05-30,52.759998,53.02,52.639999,52.919998,46.553696,8039600
2017-05-31,53.02,53.279999,52.709999,52.990002,46.61528,8938800
2017-06-01,53.060001,53.299999,52.209999,52.299999,46.165096,13352100
2017-06-02,52.700001,53.009998,52.360001,52.98,46.765331,18511200
2017-06-05,53.0,53.23,52.700001,53.009998,46.791805,5748900
2017-06-06,52.900002,53.099998,52.43,52.48,46.32399,8923000
2017-06-07,52.790001,53.360001,52.75,53.23,46.986,7438300
2017-06-08,53.23,54.139999,53.150002,53.200001,46.959526,7785600
2017-06-09,53.200001,53.470001,52.799999,53.459999,47.189022,8347400
2017-06-12,53.509998,54.25,53.5,54.029999,47.692165,9180000
2017-06-13,54.029999,54.66,53.84,54.310001,47.939331,8720100
2017-06-14,54.48,54.669998,53.950001,54.66,48.248264,6783900
2017-06-15,54.0,54.049999,52.73,52.900002,46.694717,16041100
2017-06-16,51.75,51.84,50.790001,51.099998,45.105854,25725500
2017-06-19,51.419998,52.220001,51.400002,52.02,45.917946,11265300
2017-06-20,52.049999,52.130001,51.099998,51.560001,45.511906,10676500
2017-06-21,51.900002,52.689999,51.900002,52.59,46.421078,13021700
2017-06-22,52.599998,52.619999,52.09,52.400002,46.253365,10660700
2017-06-23,52.150002,52.919998,51.669998,52.849998,46.650578,8522400
2017-06-26,52.950001,53.57,52.669998,53.279999,47.030148,7966200
2017-06-27,53.189999,53.259998,52.639999,52.950001,46.738846,7873100
2017-06-28,53.169998,53.610001,52.959999,53.360001,47.100758,7527200
2017-06-29,53.330002,53.630001,52.990002,53.169998,46.933048,14801900
2017-06-30,56.599998,59.709999,56.5,59.0,52.079174,46553000
2017-07-03,58.369999,59.009998,58.330002,58.650002,51.770237,9910000
2017-07-05,58.240002,58.290001,57.509998,57.560001,50.808098,16167000
2017-07-06,57.450001,57.720001,57.0,57.16,50.455009,9035700
2017-07-07,57.400002,58.080002,57.029999,57.98,51.178814,8145400
2017-07-10,57.889999,58.810001,57.68,58.73,51.840851,8942400
2017-07-11,58.540001,58.93,58.040001,58.18,51.355373,7223000
2017-07-12,58.310001,58.75,58.099998,58.220001,51.390671,7243100
2017-07-13,58.220001,58.580002,57.93,57.939999,51.143505,8108600
2017-07-14,57.950001,58.209999,57.639999,58.0,51.196476,6345300
2017-07-17,58.0,58.349998,57.759998,57.790001,51.011108,6885000
2017-07-18,57.740002,58.080002,57.470001,57.650002,50.887535,4922500
2017-07-19,57.599998,57.880001,57.389999,57.77,50.993462,4451100
2017-07-20,59.119999,59.59,58.799999,59.099998,52.167446,11915500
2017-07-21,59.0,60.0,58.91,59.950001,52.917744,11048300
2017-07-24,59.689999,59.77,58.759998,58.950001,52.035046,7498900
2017-07-25,59.32,59.52,58.919998,59.389999,52.423428,5157100
2017-07-26,59.09,59.130001,58.32,58.360001,51.514252,5529500
2017-07-27,58.599998,58.68,57.990002,58.150002,51.32888,8259900
2017-07-28,58.150002,58.740002,57.970001,58.669998,51.787888,5112800
2017-07-31,58.709999,59.119999,58.330002,59.049999,52.123314,6225900
2017-08-01,59.0,59.939999,58.900002,59.84,52.820644,9051700
2017-08-02,59.549999,59.950001,59.27,59.790001,52.776512,4468100
2017-08-03,59.799999,60.529999,59.639999,60.139999,53.085453,5677200
2017-08-04,60.169998,60.34,59.630001,59.759998,52.750023,4106000
2017-08-07,59.82,60.099998,59.709999,59.790001,52.776512,4066700
2017-08-08,59.880001,60.119999,59.360001,59.459999,52.48521,5586400
2017-08-09,59.419998,59.970001,59.259998,59.900002,52.8736,5310900
2017-08-10,59.68,59.689999,59.060001,59.07,52.140961,5585100
2017-08-11,58.73,59.27,58.59,58.970001,52.052692,4980000
2017-08-14,59.150002,60.0,59.130001,59.779999,52.767677,5900000
2017-08-15,58.939999,59.009998,58.290001,58.560001,51.690792,8913000
2017-08-16,58.900002,59.049999,58.220001,58.540001,51.67313,5489600
2017-08-17,58.529999,58.740002,57.419998,57.459999,50.719814,9148600
2017-08-18,54.849998,55.419998,54.169998,54.950001,48.504246,22905200
2017-08-21,54.439999,54.439999,53.110001,53.610001,47.321426,14289300
2017-08-22,53.919998,54.41,53.790001,54.130001,47.780441,8212800
2017-08-23,53.919998,54.080002,53.450001,53.610001,47.321426,6409400
2017-08-24,53.93,53.970001,53.459999,53.84,47.524452,5461900
2017-08-25,54.029999,54.200001,53.540001,53.900002,47.577415,6416600
2017-08-28,54.07,54.43,53.619999,53.73,47.427361,5269400
2017-08-29,52.740002,52.880001,52.07,52.73,46.544647,12539900
2017-08-30,52.799999,52.959999,52.25,52.560001,46.394608,7434500
2017-08-31,52.599998,52.98,52.470001,52.810001,46.775471,7728900
2017-09-01,53.0,53.450001,52.900002,53.360001,47.262619,5509800
2017-09-05,53.25,53.470001,52.880001,53.009998,46.952602,6306500
2017-09-06,53.119999,53.34,52.709999,52.759998,46.731186,7407600
2017-09-07,52.759998,52.849998,52.34,52.389999,46.40345,6905800
2017-09-08,52.25,52.509998,52.110001,52.200001,46.235172,8563300
2017-09-11,52.380001,53.130001,52.32,53.029999,46.97031,8649900
2017-09-12,53.77,54.09,53.299999,53.400002,47.29805,7823700
2017-09-13,53.450001,53.639999,53.040001,53.52,47.404339,6086000
2017-09-14,53.540001,53.889999,53.119999,53.73,47.590336,7497400
2017-09-15,53.860001,54.060001,53.52,53.869999,47.714336,10046800
2017-09-18,53.869999,54.16,53.400002,53.5,47.386616,8166400
2017-09-19,52.779999,54.049999,52.509998,53.330002,47.236042,14707200
2017-09-20,53.490002,53.639999,53.040001,53.560001,47.439758,7058000
2017-09-21,53.549999,53.639999,53.09,53.189999,47.112041,8065400
2017-09-22,53.02,53.610001,52.799999,53.240002,47.156322,10962400
2017-09-25,53.080002,53.560001,53.0,53.23,47.147465,12262400
2017-09-26,53.18,53.970001,52.98,53.700001,47.563766,16183700
2017-09-27,52.169998,52.689999,51.029999,52.669998,46.651451,36202500
2017-09-28,52.799999,53.029999,52.330002,52.630001,46.616032,11334700
2017-09-29,52.59,52.82,51.759998,51.849998,45.925171,12189900
2017-10-02,52.16,52.209999,51.66,51.869999,45.942875,7516200
2017-10-03,52.0,52.049999,51.400002,51.470001,45.588581,8126700
2017-10-04,51.509998,52.130001,51.400002,52.080002,46.128876,8204300
2017-10-05,52.009998,52.32,51.779999,52.18,46.217461,5287400
2017-10-06,52.200001,52.459999,52.119999,52.419998,46.430031,5360300
2017-10-09,52.23,52.299999,51.5,51.52,45.63287,6875100
2017-10-10,51.580002,51.82,51.369999,51.529999,45.641735,8372700
2017-10-11,51.389999,51.52,50.830002,51.029999,45.198868,9109600
2017-10-12,50.98,51.119999,50.349998,50.830002,45.021713,10658400
2017-10-13,50.830002,51.07,50.400002,50.98,45.154575,16227900
2017-10-16,50.799999,51.41,50.639999,51.369999,45.500015,9299300
2017-10-17,51.5,52.040001,51.380001,52.0,46.058018,9492700
2017-10-18,52.18,52.400002,52.099998,52.299999,46.323734,10890300
2017-10-19,51.66,52.799999,51.48,52.689999,46.669182,12568200
2017-10-20,52.790001,53.5,52.790001,53.060001,46.996902,13020900
2017-10-23,53.060001,53.950001,53.0,53.66,47.528355,12242600
2017-10-24,53.900002,54.0,53.099998,53.419998,47.315762,14767600
2017-10-25,53.43,55.91,52.669998,54.939999,48.662067,24804000
2017-10-26,55.259998,57.25,55.139999,56.810001,50.31839,22185100
2017-10-27,55.82,56.360001,55.650002,55.959999,49.565521,12801800
2017-10-30,55.709999,55.93,54.84,55.27,48.954361,10169400
2017-10-31,54.75,55.279999,54.52,54.990002,48.706364,9794800
2017-11-01,55.419998,55.5,54.849998,55.07,48.777222,7544500
2017-11-02,55.150002,55.32,54.59,55.119999,48.821503,7250300
2017-11-03,55.150002,55.720001,55.040001,55.709999,49.344078,9448200
2017-11-06,55.290001,56.130001,55.139999,56.040001,49.636372,9332200
2017-11-07,55.75,56.02,55.02,55.150002,48.848076,7774700
2017-11-08,55.0,55.77,54.889999,55.759998,49.388371,7079400
2017-11-09,55.5,56.349998,55.310001,56.130001,49.716095,10958500
2017-11-10,55.880001,56.490002,55.619999,56.09,49.680672,7535700
2017-11-13,55.66,56.09,55.66,55.91,49.521236,10106100
2017-11-14,55.709999,56.18,55.529999,55.98,49.583241,5037500
2017-11-15,55.959999,56.869999,55.080002,56.630001,50.15897,6610500
2017-11-16,56.619999,57.279999,56.41,57.23,50.690399,8233300
2017-11-17,58.540001,59.529999,58.369999,59.189999,52.426434,15475500
2017-11-20,58.630001,59.5,57.98,59.25,52.479568,8480600
2017-11-21,59.029999,59.400002,58.93,59.389999,52.60358,9057800
2017-11-22,59.18,59.34,58.939999,59.07,52.320152,8501300
2017-11-24,59.0,59.349998,58.91,59.32,52.54158,3400400
2017-11-27,59.200001,59.700001,59.169998,59.630001,52.816162,7891600
2017-11-28,58.759998,59.599998,58.540001,59.580002,52.771873,8665300
2017-11-29,59.73,60.630001,59.73,60.360001,53.46273,12022800
2017-11-30,60.259998,61.209999,60.200001,60.419998,53.515877,12551200
2017-12-01,60.419998,60.43,59.240002,59.880001,53.213737,10113500
2017-12-04,60.27,60.700001,59.970001,60.099998,53.409229,7513200
2017-12-05,60.650002,60.799999,59.650002,60.419998,53.693611,8862900
2017-12-06,60.41,60.849998,59.700001,59.720001,53.071533,7862200
2017-12-07,59.860001,61.060001,59.650002,60.599998,53.853569,6113300
2017-12-08,60.5,61.369999,60.290001,61.299999,54.475639,6065200
2017-12-11,61.369999,62.220001,61.299999,61.91,55.017746,9017800
2017-12-12,61.810001,62.529999,61.650002,62.169998,55.248791,7358000
2017-12-13,62.220001,64.459999,62.02,64.300003,57.141655,16072600
2017-12-14,64.43,64.849998,64.050003,64.529999,57.346058,13055100
2017-12-15,64.889999,65.07,64.150002,64.790001,57.577129,15659300
2017-12-18,64.93,65.080002,64.389999,64.809998,57.594887,12652000
2017-12-19,65.150002,65.190002,64.18,64.239998,57.088348,8212500
2017-12-20,64.389999,64.5,63.580002,63.59,56.510719,12468600
2017-12-21,64.290001,64.980003,63.299999,64.769997,57.559345,14352300
2017-12-22,61.200001,63.540001,60.130001,63.290001,56.244102,20414200
2017-12-26,62.900002,63.889999,62.810001,63.650002,56.564014,4563500
2017-12-27,63.560001,63.599998,62.77,62.950001,55.941959,8959700
2017-12-28,63.0,63.32,62.849998,62.950001,55.941959,3987200
2017-12-29,63.209999,63.369999,62.549999,62.549999,55.586494,5222100
2018-01-02,62.849998,63.490002,62.849998,63.490002,56.421852,6511000
2018-01-03,63.48,63.66,62.759998,63.48,56.412945,6091100
2018-01-04,63.400002,63.549999,62.549999,63.439999,56.377407,5780500
2018-01-05,63.700001,64.300003,63.470001,63.98,56.857288,11632300
2018-01-08,64.150002,64.709999,63.98,64.550003,57.363838,11905700
2018-01-09,64.230003,64.720001,63.470001,64.089996,56.955036,8771300
2018-01-10,63.880001,64.230003,63.439999,64.220001,57.070564,5010600
2018-01-11,64.029999,64.309998,63.779999,64.290001,57.132786,5103500
2018-01-12,64.5,64.720001,64.32,64.669998,57.47047,5135700
2018-01-16,64.779999,65.360001,63.369999,63.419998,56.359642,9117000
2018-01-17,63.669998,64.010002,63.080002,63.810001,56.706211,7422600
2018-01-18,64.0,64.209999,63.540001,64.110001,56.972816,5656900
2018-01-19,65.309998,67.239998,65.120003,67.209999,59.727688,12896100
2018-01-22,66.550003,66.830002,65.760002,66.389999,58.998993,8491800
2018-01-23,66.529999,67.330002,66.440002,67.139999,59.665493,6412000
2018-01-24,67.339996,68.18,67.07,68.0,60.429764,7421800
2018-01-25,68.129997,68.639999,67.449997,67.709999,60.172028,5707600
2018-01-26,68.199997,68.639999,67.919998,68.040001,60.465286,6290500
2018-01-29,67.82,68.139999,67.419998,67.580002,60.056515,5067300
2018-01-30,67.5,68.309998,67.160004,67.330002,59.834351,6350500
2018-01-31,67.5,68.830002,67.470001,68.220001,60.62524,11036400
2018-02-01,67.669998,67.970001,66.699997,67.650002,60.118732,5790500
2018-02-02,67.220001,67.790001,67.0,67.220001,59.73658,9348300
2018-02-05,66.629997,67.209999,64.389999,64.389999,57.221645,12549500
2018-02-06,62.48,65.419998,62.09,65.220001,57.959232,13356700
2018-02-07,65.150002,66.839996,65.099998,65.629997,58.323597,8845700
2018-02-08,65.529999,65.709999,62.459999,62.490002,55.533173,14121800
2018-02-09,63.759998,66.050003,62.84,65.489998,58.199177,13733300
2018-02-12,65.940002,66.82,65.68,65.980003,58.634644,9792200
2018-02-13,65.849998,66.230003,65.43,65.870003,58.536865,9538400
2018-02-14,65.720001,68.029999,65.550003,67.959999,60.394203,8662600
2018-02-15,68.389999,68.760002,67.25,68.290001,60.687481,7390200
2018-02-16,67.900002,69.0,67.739998,68.300003,60.696365,6842100
2018-02-20,67.639999,67.970001,67.050003,67.489998,59.976528,4859100
2018-02-21,67.660004,68.019997,67.029999,67.050003,59.585506,5107900
2018-02-22,67.25,67.480003,66.739998,67.129997,59.656612,6515800
2018-02-23,67.389999,68.160004,66.849998,68.160004,60.571968,4428500
2018-02-26,68.389999,69.809998,68.339996,69.650002,61.896042,6499500
2018-02-27,70.0,70.25,68.029999,68.029999,60.456436,6843100
2018-02-28,68.099998,68.300003,67.010002,67.029999,59.567741,6091800
2018-03-01,67.239998,67.669998,65.669998,66.32,58.936787,7323900
2018-03-02,64.910004,66.089996,64.209999,65.889999,58.731762,8380500
2018-03-05,65.480003,65.489998,64.339996,65.050003,57.983032,8838400
2018-03-06,65.209999,65.360001,64.629997,65.239998,58.15239,6550100
2018-03-07,64.510002,64.790001,63.889999,64.169998,57.198631,6457600
2018-03-08,64.559998,65.25,64.480003,65.110001,58.03651,5573000
2018-03-09,65.510002,66.510002,65.360001,66.300003,59.097229,5838400
2018-03-12,66.650002,67.610001,66.32,66.82,59.56073,7522700
2018-03-13,67.300003,67.690002,66.129997,66.169998,58.981358,5167300
2018-03-14,66.650002,66.900002,65.669998,66.199997,59.00808,6463800
2018-03-15,66.489998,66.610001,66.129997,66.389999,59.177452,5260800
2018-03-16,66.309998,66.690002,65.910004,65.910004,58.749603,12860900
2018-03-19,65.699997,66.339996,65.190002,65.709999,58.571323,7255600
2018-03-20,65.940002,66.870003,65.93,66.800003,59.542908,6906200
2018-03-21,66.730003,67.209999,66.309998,66.349998,59.141792,5805200
2018-03-22,65.599998,66.150002,64.230003,64.419998,57.421478,12313300
2018-03-23,66.699997,67.110001,64.459999,64.629997,57.608658,17343800
2018-03-26,65.080002,66.059998,64.989998,65.900002,58.740677,10796000
2018-03-27,65.889999,67.639999,65.43,66.169998,58.981358,9452500
2018-03-28,66.589996,67.150002,65.269997,65.440002,58.330666,7208400
2018-03-29,65.699997,66.550003,65.610001,66.440002,59.222008,10748300
2018-04-02,65.970001,66.050003,63.209999,64.120003,57.15406,12383900
2018-04-03,64.470001,66.730003,64.360001,66.699997,59.45377,8766400
2018-04-04,65.970001,68.5,65.93,68.419998,60.986919,10275800
2018-04-05,68.5,69.779999,68.389999,69.589996,62.029781,9093300
2018-04-06,68.510002,69.309998,66.93,67.550003,60.211437,9719300
2018-04-09,68.389999,68.550003,67.150002,67.18,59.881618,6504500
2018-04-10,67.809998,67.879997,66.489998,67.0,59.72118,10098900
2018-04-11,66.580002,67.199997,66.519997,66.830002,59.569649,5185500
2018-04-12,67.07,68.0,67.07,67.769997,60.407528,5145300
2018-04-13,68.120003,68.330002,66.980003,67.25,59.944035,4300200
2018-04-16,67.809998,67.980003,67.059998,67.059998,59.774662,6484400
2018-04-17,67.370003,67.669998,67.279999,67.510002,60.17577,5605700
2018-04-18,67.529999,67.739998,66.160004,66.199997,59.00808,7384000
2018-04-19,66.029999,66.300003,64.989998,65.730003,58.589165,8274300
2018-04-20,65.75,66.110001,65.449997,66.089996,58.910046,10402800
2018-04-23,66.0,67.029999,65.949997,66.879997,59.61422,6338400
2018-04-24,67.309998,67.510002,66.720001,66.970001,59.694435,8176100
2018-04-25,66.839996,67.0,66.25,66.669998,59.427029,5188900
2018-04-26,66.779999,68.290001,66.639999,68.050003,60.657104,5355200
2018-04-27,68.470001,70.0,68.449997,69.559998,62.003063,7814900
2018-04-30,69.580002,69.809998,68.389999,68.389999,60.960171,6484100
2018-05-01,67.980003,68.209999,67.029999,68.099998,60.701672,4957800
2018-05-02,68.040001,68.559998,67.480003,68.260002,60.844292,5752100
2018-05-03,67.800003,67.849998,66.639999,66.900002,59.632042,6155900
2018-05-04,66.839996,68.330002,66.800003,68.099998,60.701672,5132900
2018-05-07,68.059998,69.419998,68.059998,69.339996,61.806946,5041600
2018-05-08,69.199997,69.230003,68.199997,68.459999,61.02256,6534900
2018-05-09,68.419998,68.470001,67.010002,67.949997,60.56797,7956300
2018-05-10,68.139999,68.269997,67.330002,67.919998,60.541229,4965200
2018-05-11,68.029999,68.529999,67.910004,68.43,60.995811,4145100
2018-05-14,68.599998,68.889999,68.110001,68.839996,61.361286,3453800
2018-05-15,68.309998,69.519997,68.230003,69.5,61.9496,5045000
2018-05-16,69.669998,71.510002,69.620003,71.339996,63.589687,9693000
2018-05-17,71.400002,71.599998,70.82,70.940002,63.23315,6064700
2018-05-18,70.760002,71.589996,70.470001,71.32,63.571873,5688100
2018-05-21,71.480003,71.699997,70.709999,71.379997,63.625347,5480700
2018-05-22,71.459999,72.190002,71.260002,71.309998,63.562943,5675300
2018-05-23,70.949997,71.919998,70.830002,71.339996,63.589687,6806400
2018-05-24,71.43,72.279999,71.32,72.18,64.338425,5613800
2018-05-25,73.099998,73.489998,71.629997,72.25,64.400818,5889700
2018-05-29,71.519997,71.610001,70.43,70.919998,63.215324,5857900
2018-05-30,71.459999,72.290001,70.940002,72.230003,64.383003,5799900
2018-05-31,72.0,72.220001,71.239998,71.800003,63.999729,7856200
2018-06-01,72.120003,72.949997,72.120003,72.760002,65.036568,4085900
2018-06-04,73.0,73.870003,72.790001,73.830002,65.993011,4581900
2018-06-05,73.610001,74.220001,73.139999,74.050003,66.189667,4928700
2018-06-06,74.379997,74.940002,74.190002,74.75,66.815331,5318100
2018-06-07,74.949997,75.910004,74.650002,74.760002,66.82428,6846300
2018-06-08,74.779999,75.07,74.300003,74.900002,66.949409,5524900
2018-06-11,75.059998,75.209999,74.540001,74.589996,66.672318,4902800
2018-06-12,74.419998,74.610001,74.07,74.290001,66.40416,4356500
2018-06-13,74.269997,74.900002,73.989998,74.110001,66.243286,4696200
2018-06-14,74.599998,75.150002,74.349998,74.699997,66.770653,4636000
2018-06-15,74.709999,75.849998,74.5,75.839996,67.789619,10977300
2018-06-18,75.279999,75.760002,74.910004,75.610001,67.584045,4515900
2018-06-19,74.5,74.919998,73.650002,74.260002,66.377357,7562200
2018-06-20,74.199997,74.910004,73.970001,74.720001,66.788536,4424900
2018-06-21,73.699997,74.790001,73.550003,73.940002,66.091324,5537900
2018-06-22,73.57,74.410004,73.209999,73.43,65.635452,9404900
2018-06-25,73.32,73.360001,72.029999,72.349998,64.670105,9064100
2018-06-26,72.5,73.290001,72.349998,72.559998,64.857803,7072600
2018-06-27,72.730003,72.949997,71.150002,71.349998,63.776237,7624700
2018-06-28,71.449997,72.120003,71.349998,71.699997,64.089096,9118500
2018-06-29,78.760002,81.0,78.360001,79.68,71.222023,31314100
2018-07-02,78.580002,79.480003,77.019997,78.349998,70.033211,11867000
2018-07-03,77.410004,77.889999,76.099998,76.279999,68.182922,5794900
2018-07-05,76.620003,77.419998,76.139999,76.550003,68.424263,6534500
2018-07-06,76.480003,77.080002,76.07,76.480003,68.361694,5916200
2018-07-09,76.839996,77.379997,76.349998,77.279999,69.07679,4871400
2018-07-10,77.440002,78.089996,77.160004,77.57,69.336006,6281800
2018-07-11,77.129997,77.639999,76.830002,77.360001,69.148277,3656600
2018-07-12,77.940002,78.18,77.230003,77.370003,69.157249,4879200
2018-07-13,77.199997,77.610001,77.139999,77.379997,69.166176,2963100
2018-07-16,77.360001,78.099998,77.300003,77.75,69.496895,4755100
2018-07-17,77.510002,78.019997,77.400002,77.470001,69.246605,4355400
2018-07-18,77.43,77.620003,76.32,76.589996,68.460007,6101600
2018-07-19,75.93,77.160004,75.800003,76.949997,68.781822,4875100
2018-07-20,76.309998,77.080002,76.160004,76.959999,68.790749,5246400
2018-07-23,76.709999,76.949997,76.129997,76.589996,68.460007,4198200
2018-07-24,76.849998,77.089996,75.440002,75.529999,67.51252,6054000
2018-07-25,75.239998,77.18,75.059998,77.160004,68.969536,5542400
2018-07-26,77.0,78.440002,76.82,78.150002,69.854439,6706200
2018-07-27,78.169998,78.410004,76.790001,76.889999,68.728172,6125700
2018-07-30,76.879997,76.959999,75.43,75.959999,67.896912,7275300
2018-07-31,76.440002,77.589996,76.160004,76.910004,68.74604,8265600
2018-08-01,76.5,78.059998,76.5,77.540001,69.309212,6878300
2018-08-02,77.769997,79.07,77.400002,78.650002,70.301384,5313800
2018-08-03,78.730003,78.980003,78.440002,78.739998,70.381798,3762100
2018-08-06,78.739998,79.580002,78.43,79.510002,71.070076,4280600
2018-08-07,79.730003,80.629997,79.269997,80.529999,71.981796,5418900
2018-08-08,80.209999,81.080002,80.040001,80.5,71.954987,5327100
2018-08-09,80.489998,81.879997,80.410004,81.260002,72.634285,4558500
2018-08-10,80.82,81.290001,80.290001,80.730003,72.160576,5036700
2018-08-13,80.82,81.150002,80.010002,80.150002,71.642136,4101200
2018-08-14,80.330002,80.849998,79.68,80.139999,71.633202,6079700
2018-08-15,79.57,79.860001,79.120003,79.57,71.123711,5057200
2018-08-16,79.900002,80.610001,79.800003,80.050003,71.552765,5475800
2018-08-17,80.040001,80.440002,79.68,79.75,71.284607,9001400
2018-08-20,81.519997,82.419998,80.949997,82.18,73.45665,9345200
2018-08-21,82.309998,83.080002,82.019997,82.949997,74.144913,6337000
2018-08-22,83.099998,83.68,82.279999,82.639999,73.867821,4308300
2018-08-23,82.43,83.57,82.339996,82.910004,74.109177,4156900
2018-08-24,82.419998,82.879997,82.099998,82.449997,73.697983,3453000
2018-08-27,83.040001,83.449997,82.230003,82.650002,73.876755,4012400
2018-08-28,83.230003,83.629997,82.480003,82.580002,73.814178,3788800
2018-08-29,82.419998,83.099998,82.220001,82.790001,74.001892,5712400
2018-08-30,82.580002,82.760002,81.010002,81.400002,72.759453,7122100
2018-08-31,81.25,82.25,81.25,82.199997,73.655502,5177100
2018-09-04,79.389999,80.970001,79.0,79.599998,71.325775,18565800
2018-09-05,79.650002,80.32,79.300003,79.919998,71.612511,12269100
2018-09-06,80.169998,80.839996,79.769997,80.400002,72.042603,8576900
2018-09-07,80.010002,81.160004,80.010002,80.300003,71.952972,6633900
2018-09-10,81.389999,82.440002,81.220001,82.099998,73.565895,6965600
2018-09-11,83.199997,83.580002,82.550003,82.629997,74.040787,7166800
2018-09-12,82.699997,83.040001,82.040001,83.0,74.372368,5384300
2018-09-13,83.209999,83.900002,83.120003,83.470001,74.79348,5382100
2018-09-14,83.580002,83.839996,83.059998,83.489998,74.811417,4884400
2018-09-17,83.489998,83.93,82.940002,83.260002,74.605331,4861100
2018-09-18,83.239998,85.349998,83.239998,85.260002,76.397415,7277700
2018-09-19,85.690002,85.849998,84.120003,84.43,75.653717,8053100
2018-09-20,85.089996,85.870003,84.93,85.370003,76.49601,6620300
2018-09-21,86.0,86.040001,85.010002,85.550003,76.657288,13852700
2018-09-24,85.160004,85.260002,84.25,84.269997,75.510345,8770400
2018-09-25,84.860001,85.099998,84.07,84.790001,75.97628,10519500
2018-09-26,82.610001,84.730003,81.949997,83.699997,74.99958,16357100
2018-09-27,83.769997,84.919998,83.730003,84.540001,75.752274,6080600
2018-09-28,84.290001,85.269997,84.25,84.720001,75.913551,7452700
2018-10-01,85.099998,85.849998,84.370003,84.459999,75.680595,7876400
2018-10-02,84.339996,84.550003,82.5,82.769997,74.166267,8446900
2018-10-03,81.93,82.959999,81.75,82.5,73.924316,10046700
2018-10-04,82.339996,82.480003,80.019997,80.18,71.84549,9161100
2018-10-05,80.089996,80.989998,79.43,80.120003,71.791695,7019100
2018-10-08,80.040001,80.540001,79.080002,80.230003,71.890289,8058700
2018-10-09,80.370003,81.489998,80.160004,80.419998,72.060524,7643400
2018-10-10,79.660004,80.040001,74.769997,74.940002,67.150169,12977800
2018-10-11,74.769997,77.07,73.900002,74.510002,66.764839,11532100
2018-10-12,75.970001,76.860001,74.910004,75.910004,68.019318,10393800
2018-10-15,75.769997,76.160004,74.970001,74.989998,67.194962,5789000
2018-10-16,75.599998,77.650002,75.32,77.480003,69.426132,7744200
2018-10-17,77.519997,77.800003,75.940002,76.480003,68.530083,6816900
2018-10-18,77.400002,77.410004,75.0,75.599998,67.741562,7622200
2018-10-19,75.830002,76.050003,74.139999,74.209999,66.496033,7301200
2018-10-22,74.650002,75.209999,74.300003,74.900002,67.114334,7042500
2018-10-23,74.190002,74.379997,72.07,73.349998,65.725426,11423800
2018-10-24,73.470001,74.610001,71.949997,72.120003,64.623314,8333900
2018-10-25,72.690002,73.5,72.230003,73.099998,65.501419,7648000
2018-10-26,72.0,72.709999,70.690002,72.07,64.578506,8371100
2018-10-29,73.260002,74.010002,71.389999,72.190002,64.686012,9874200
2018-10-30,73.07,74.639999,72.809998,74.510002,66.764839,9470000
2018-10-31,75.5,76.339996,74.919998,75.040001,67.239761,8755500
2018-11-01,75.230003,76.839996,74.839996,76.790001,68.807854,6117800
2018-11-02,77.529999,78.589996,75.709999,76.580002,68.619698,6995100
2018-11-05,76.489998,77.769997,76.050003,77.529999,69.47094,7143300
2018-11-06,77.339996,77.580002,76.360001,76.57,68.610741,6424200
2018-11-07,76.940002,78.230003,76.57,77.970001,69.865196,5403900
2018-11-08,77.690002,78.160004,77.239998,77.779999,69.694946,5425000
2018-11-09,77.709999,77.769997,75.529999,76.360001,68.422546,4737600
2018-11-12,76.349998,76.769997,74.989998,75.099998,67.293526,5204900
2018-11-13,75.529999,76.269997,74.839996,75.199997,67.383125,4584600
2018-11-14,76.32,77.489998,74.889999,75.199997,67.383125,7984200
2018-11-15,74.440002,74.669998,72.889999,74.330002,66.603584,7858300
2018-11-16,73.760002,75.519997,73.059998,74.739998,66.970932,8064200
2018-11-19,74.690002,74.75,71.860001,72.519997,64.981728,6744900
2018-11-20,70.489998,72.07,69.519997,71.120003,63.727253,9053900
2018-11-21,71.989998,72.900002,71.809998,72.370003,64.847305,7326100
2018-11-23,72.050003,72.519997,71.410004,71.489998,64.058777,2582300
2018-11-26,72.339996,73.0,72.269997,72.709999,65.151978,6458300
2018-11-27,72.279999,72.550003,71.300003,72.089996,64.596405,5008000
2018-11-28,72.300003,74.760002,72.300003,74.660004,66.899269,6167200
2018-11-29,74.639999,74.949997,73.32,74.339996,66.612511,5436700
2018-11-30,74.18,75.480003,73.900002,75.120003,67.511261,7947300
2018-12-03,77.099998,79.0,76.93,77.940002,70.045609,10211800
2018-12-04,77.419998,78.400002,75.410004,75.790001,68.113388,8800400
2018-12-06,74.370003,75.57,73.589996,75.540001,67.888702,9693700
2018-12-07,75.040001,75.970001,72.870003,73.339996,65.91153,6133700
2018-12-10,73.099998,73.709999,70.610001,72.510002,65.165596,7235000
2018-12-11,73.870003,74.57,72.559998,73.57,66.118225,7794500
2018-12-12,74.519997,75.279999,73.510002,74.32,66.792282,6950400
2018-12-13,74.5,74.589996,72.589996,72.93,65.543053,7454800
2018-12-14,71.970001,73.650002,71.410004,72.529999,65.183563,7221200
2018-12-17,71.370003,71.769997,69.459999,69.900002,62.819965,10647700
2018-12-18,70.900002,72.410004,70.43,71.150002,63.943363,7533300
2018-12-19,71.449997,72.0,68.32,68.970001,61.984169,8426100
2018-12-20,68.730003,69.57,66.529999,67.529999,60.690018,14488500
2018-12-21,73.290001,74.290001,71.25,72.370003,65.039787,28487900
2018-12-24,71.400002,71.93,68.080002,68.099998,61.202293,8551400
2018-12-26,68.699997,73.010002,68.650002,73.010002,65.614967,10019200
2018-12-27,72.18,73.730003,70.989998,73.669998,66.208107,9004900
2018-12-28,73.970001,74.459999,72.57,73.339996,65.91153,6197000
2018-12-31,73.980003,74.459999,73.519997,74.139999,66.630501,5519100
2019-01-02,72.790001,74.639999,72.190002,74.059998,66.558601,6762700
2019-01-03,73.25,73.32,71.209999,72.75,65.381294,8007400
2019-01-04,73.449997,75.120003,73.120003,74.650002,67.08886,7844200
2019-01-07,74.739998,76.360001,74.300003,75.720001,68.050491,8184800
2019-01-08,76.830002,77.400002,76.199997,76.730003,68.958176,8809000
2019-01-09,76.970001,77.150002,76.139999,76.589996,68.832329,8591000
2019-01-10,75.639999,77.339996,75.459999,76.419998,68.67955,11148600
2019-01-11,76.339996,76.889999,75.800003,76.040001,68.338051,10689900
2019-01-14,75.459999,76.809998,75.459999,76.089996,68.38298,5677400
2019-01-15,76.190002,77.980003,76.129997,77.879997,69.991692,6212400
2019-01-16,78.0,78.849998,77.589996,77.68,69.811951,5697100
2019-01-17,77.540001,79.400002,77.309998,79.129997,71.115074,7737300
2019-01-18,79.949997,80.970001,79.739998,80.449997,72.301399,10404100
2019-01-22,80.330002,81.309998,80.199997,80.75,72.570992,8781700
2019-01-23,81.190002,81.400002,80.220001,80.5,72.346321,5823000
2019-01-24,80.599998,80.870003,79.550003,80.440002,72.292397,4753200
2019-01-25,81.25,81.330002,80.43,80.610001,72.44516,4457100
2019-01-28,79.800003,80.510002,79.739998,80.32,72.184547,5452000
2019-01-29,80.360001,80.830002,79.839996,80.220001,72.094688,4187500
2019-01-30,80.400002,81.290001,80.059998,81.279999,73.04731,5200200
2019-01-31,81.18,81.949997,80.709999,81.879997,73.586555,8599200
2019-02-01,81.830002,81.900002,81.129997,81.510002,73.254005,5351900
2019-02-04,81.220001,82.0,80.830002,81.989998,73.685387,4236600
2019-02-05,81.980003,83.190002,81.93,82.860001,74.467278,6545600
2019-02-06,82.510002,82.709999,81.639999,82.709999,74.332474,3682800
2019-02-07,82.150002,82.849998,81.709999,82.389999,74.044884,4827500
2019-02-08,82.25,82.720001,81.940002,82.360001,74.017906,3786500
2019-02-11,82.949997,83.830002,82.870003,83.68,75.204216,6158500
2019-02-12,83.970001,84.839996,83.620003,84.709999,76.129875,6290300
2019-02-13,84.760002,85.589996,84.760002,85.400002,76.750008,5032800
2019-02-14,84.610001,85.139999,83.699997,84.68,76.102936,5179000
2019-02-15,85.489998,85.779999,85.099998,85.379997,76.732033,6111300
2019-02-19,84.580002,85.050003,84.459999,84.57,76.004074,5105900
2019-02-20,84.629997,84.949997,84.349998,84.839996,76.246704,6436100
2019-02-21,83.57,84.150002,83.349998,83.949997,75.446869,8579200
2019-02-22,84.199997,85.019997,84.029999,84.760002,76.174828,4449500
2019-02-25,85.389999,85.730003,84.959999,85.169998,76.543274,6229700
2019-02-26,85.309998,86.080002,85.199997,85.800003,77.109489,6678700
2019-02-27,85.529999,86.220001,85.059998,86.169998,77.442009,4588200
2019-02-28,86.080002,86.400002,85.68,85.730003,77.046593,4988100
2019-03-01,86.93,87.989998,86.239998,87.160004,78.533272,6314900
2019-03-04,87.32,87.989998,85.110001,85.639999,77.163712,7339500
2019-03-05,85.879997,86.25,85.440002,85.440002,76.983498,4976300
2019-03-06,85.599998,85.989998,85.040001,85.129997,76.704201,3198000
2019-03-07,84.970001,85.410004,84.660004,85.260002,76.821327,4321800
2019-03-08,84.580002,84.879997,84.019997,84.800003,76.406868,4669700
2019-03-11,85.389999,85.940002,85.050003,85.82,77.325897,3999800
2019-03-12,85.779999,86.080002,85.019997,85.43,76.974518,4431600
2019-03-13,85.699997,86.660004,85.599998,85.93,77.425011,5037800
2019-03-14,86.150002,86.879997,85.699997,86.870003,78.27198,5906100
2019-03-15,87.220001,87.610001,85.959999,86.800003,78.208893,11031400
2019-03-18,87.300003,87.839996,87.0,87.82,79.12796,7750700
2019-03-19,88.220001,88.589996,87.290001,87.690002,79.010811,6642200
2019-03-20,87.5,87.580002,86.089996,86.690002,78.109772,5991500
2019-03-21,87.239998,88.120003,86.830002,88.010002,79.299141,10386900
2019-03-22,85.199997,85.900002,82.150002,82.190002,74.055183,21659800
2019-03-25,81.480003,83.220001,80.889999,82.330002,74.18132,15558300
2019-03-26,83.629997,84.089996,82.910004,83.379997,75.127373,9611900
2019-03-27,83.690002,83.800003,82.040001,83.089996,74.866104,6485100
2019-03-28,83.93,84.720001,83.699997,84.040001,75.722069,6032700
2019-03-29,84.599998,84.849998,83.860001,84.209999,75.875237,6492000
2019-04-01,85.040001,85.32,84.699997,85.230003,76.794304,6737400
2019-04-02,85.0,85.260002,84.160004,84.370003,76.019417,4433800
2019-04-03,84.900002,84.989998,84.25,84.470001,76.10952,4080900
2019-04-04,84.489998,85.379997,84.360001,85.279999,76.839348,3660700
2019-04-05,86.0,86.160004,85.050003,85.400002,76.947472,7367400
2019-04-08,85.010002,85.290001,84.57,84.730003,76.343811,4705800
2019-04-09,84.220001,84.599998,83.970001,84.279999,75.938316,3804500
2019-04-10,84.639999,85.010002,84.559998,84.879997,76.478951,3918400
2019-04-11,84.900002,85.050003,84.279999,85.0,76.587059,3347400
2019-04-12,85.300003,86.489998,85.290001,86.239998,77.704338,6037000
2019-04-15,86.889999,87.239998,86.440002,86.830002,78.235931,5034900
2019-04-16,87.0,87.949997,87.0,87.800003,79.109924,4652700
2019-04-17,87.949997,88.970001,87.449997,88.730003,79.947876,5694900
2019-04-18,88.760002,90.0,88.699997,89.199997,80.371353,7016600
2019-04-22,88.349998,88.639999,87.300003,87.360001,78.713463,5390500
2019-04-23,87.57,87.669998,87.010002,87.43,78.77655,7513700
2019-04-24,87.669998,88.82,87.43,88.389999,79.641556,8063000
2019-04-25,88.400002,88.540001,87.489998,87.559998,78.893684,7069900
2019-04-26,87.949997,88.940002,87.330002,88.309998,79.569458,6219600
2019-04-29,88.18,88.510002,88.129997,88.260002,79.524414,5008400
2019-04-30,88.290001,88.400002,87.260002,87.830002,79.136955,7614100
2019-05-01,87.730003,87.949997,85.870003,85.900002,77.398003,6524600
2019-05-02,86.209999,86.279999,84.989998,85.269997,76.830345,6813700
2019-05-03,85.900002,86.300003,85.699997,85.699997,77.217766,6798300
2019-05-06,83.769997,83.870003,82.860001,83.57,75.298592,12836600
2019-05-07,83.019997,83.629997,81.830002,82.540001,74.370522,9811300
2019-05-08,82.43,83.989998,82.139999,82.769997,74.577759,9501300
2019-05-09,82.209999,83.010002,81.540001,82.980003,74.766975,6336600
2019-05-10,82.779999,84.269997,82.190002,83.949997,75.640968,5450500
2019-05-13,81.650002,82.629997,81.32,82.529999,74.361526,6445200
2019-05-14,82.779999,84.0,82.059998,83.669998,75.388702,7529200
2019-05-15,83.169998,84.489998,82.940002,84.010002,75.695053,4862200
2019-05-16,84.510002,85.400002,84.199997,84.279999,75.938316,6745200
2019-05-17,83.510002,85.519997,83.5,84.57,76.199623,5068200
2019-05-20,83.800003,83.800003,82.739998,82.849998,74.649849,7181900
2019-05-21,83.360001,83.800003,82.510002,83.639999,75.361656,5762500
2019-05-22,82.989998,83.339996,82.760002,83.199997,74.96521,5237800
2019-05-23,82.5,83.059998,81.989998,82.639999,74.460625,9704200
2019-05-24,82.199997,83.169998,82.089996,82.160004,74.02816,5999000
2019-05-28,82.849998,83.190002,81.129997,81.199997,73.163155,7927300
2019-05-29,80.709999,80.860001,77.699997,78.870003,71.063766,10116900
2019-05-30,78.919998,79.730003,78.610001,79.260002,71.415169,6177800
2019-05-31,78.0,78.260002,77.07,77.139999,69.698471,8891100
2019-06-03,77.239998,78.580002,77.080002,77.959999,70.439369,11665500
2019-06-04,79.300003,81.650002,78.779999,81.620003,73.746307,7526800
2019-06-05,82.290001,82.900002,81.93,82.720001,74.740196,8173200
2019-06-06,82.720001,83.059998,82.080002,82.449997,74.496231,4953000
2019-06-07,83.089996,83.68,82.809998,83.410004,75.363632,3891100
2019-06-10,83.75,84.199997,82.449997,82.580002,74.613701,4419800
2019-06-11,83.650002,84.339996,83.129997,83.260002,75.228081,3939400
2019-06-12,83.480003,84.019997,82.519997,82.629997,74.658852,4025900
2019-06-13,83.150002,83.919998,83.050003,83.610001,75.544334,3383400
2019-06-14,83.510002,83.860001,83.040001,83.440002,75.390732,4355600
2019-06-17,83.339996,83.459999,82.010002,82.110001,74.189026,5101900
2019-06-18,82.699997,84.650002,82.5,84.300003,76.167747,6456500
2019-06-19,83.730003,83.900002,83.139999,83.550003,75.49012,6217700
2019-06-20,84.900002,85.669998,84.419998,85.239998,77.017075,6163800
2019-06-21,85.160004,85.75,84.599998,85.75,77.477867,9289800
2019-06-24,86.0,86.849998,84.370003,84.5,76.348465,8043300
2019-06-25,84.599998,84.690002,82.160004,82.620003,74.649826,7339900
2019-06-26,83.150002,83.690002,82.440002,82.550003,74.586578,5838500
2019-06-27,82.93,83.769997,82.93,83.660004,75.589478,11436700
2019-06-28,83.989998,84.75,82.669998,83.949997,75.851524,12443800
2019-07-01,84.93,86.279999,84.900002,85.410004,77.170654,6587300
2019-07-02,85.360001,85.470001,84.220001,84.959999,76.764091,7187200
2019-07-03,85.330002,86.290001,85.120003,86.199997,77.884453,4012800
2019-07-05,85.800003,86.910004,85.419998,86.82,78.444672,6440900
2019-07-08,86.059998,88.519997,85.970001,88.480003,79.944519,7052000
2019-07-09,88.099998,88.800003,87.82,88.040001,79.546959,6219700
2019-07-10,88.480003,88.940002,87.389999,87.440002,79.004845,5985500
2019-07-11,87.709999,88.300003,87.400002,88.290001,79.772858,3942400
2019-07-12,88.18,89.309998,88.010002,89.120003,80.522781,4240900
2019-07-15,89.059998,89.870003,89.059998,89.480003,80.848045,3750900
2019-07-16,89.5,89.709999,88.57,88.599998,80.05294,5812800
2019-07-17,88.419998,88.690002,87.440002,87.5,79.059044,4461500
2019-07-18,87.629997,87.760002,86.760002,87.440002,79.004845,4607000
2019-07-19,87.730003,87.879997,86.480003,86.550003,78.200706,6635300
2019-07-22,86.559998,86.989998,85.830002,85.970001,77.676666,6810300
2019-07-23,86.639999,87.099998,86.230003,86.699997,78.33622,5659900
2019-07-24,86.650002,87.209999,86.309998,86.699997,78.33622,6362900
2019-07-25,86.82,87.5,86.589996,87.279999,78.860298,4546400
2019-07-26,87.440002,87.839996,86.769997,87.540001,79.095222,3707200
2019-07-29,87.650002,87.870003,87.18,87.620003,79.167503,4387300
2019-07-30,86.82,87.910004,86.360001,87.199997,78.78801,3561200
2019-07-31,87.089996,87.269997,85.550003,86.029999,77.730865,5818200
2019-08-01,85.260002,86.769997,82.699997,83.120003,75.101578,7871800
2019-08-02,82.529999,83.239998,80.790001,81.139999,73.312599,8761400
2019-08-05,79.660004,80.050003,78.190002,78.970001,71.351929,8493300
2019-08-06,79.849998,81.589996,79.489998,81.300003,73.457146,8664500
2019-08-07,80.5,81.82,80.089996,81.279999,73.439087,6275000
2019-08-08,81.809998,83.360001,81.610001,83.0,74.993164,6208900
2019-08-09,83.139999,83.43,81.32,81.980003,74.071556,5460200
2019-08-12,81.410004,81.949997,81.18,81.650002,73.773407,3762500
2019-08-13,81.169998,84.150002,80.849998,83.32,75.282303,6896800
2019-08-14,81.239998,81.690002,80.510002,81.029999,73.213196,7266100
2019-08-15,80.93,81.300003,79.440002,79.510002,71.839867,6713600
2019-08-16,80.089996,80.559998,79.25,80.279999,72.535568,5649000
2019-08-19,82.0,82.339996,80.830002,81.129997,73.303574,7027900
2019-08-20,80.720001,81.230003,79.449997,80.529999,72.761444,5903100
2019-08-21,81.940002,82.839996,81.629997,82.739998,74.758247,6454200
2019-08-22,83.0,83.720001,82.5,83.309998,75.273254,5571600
2019-08-23,82.019997,82.760002,80.029999,80.440002,72.680122,8497800
2019-08-26,81.440002,82.279999,80.739998,82.25,74.315514,4336000
2019-08-27,82.629997,83.18,82.0,82.029999,74.11673,3842500
2019-08-28,81.900002,83.589996,81.720001,83.480003,75.426865,4123700
2019-08-29,84.220001,85.769997,84.169998,85.379997,77.143593,5101900
2019-08-30,85.699997,85.989998,84.410004,84.5,76.5457,5235400
2019-09-03,84.0,84.830002,83.620003,84.669998,76.699699,6360800
2019-09-04,85.580002,86.5,85.5,86.349998,78.22155,4151200
2019-09-05,87.279999,88.620003,87.279999,88.419998,80.09668,6328400
2019-09-06,88.400002,88.980003,88.019997,88.690002,80.341255,3625300
2019-09-09,88.940002,89.349998,88.419998,88.669998,80.323158,4282400
2019-09-10,88.260002,88.629997,86.290001,86.830002,78.656364,7072400
2019-09-11,86.959999,87.25,85.870003,86.75,78.583885,4623300
2019-09-12,87.099998,88.07,86.220001,87.669998,79.417305,4057500
2019-09-13,88.25,88.790001,87.300003,87.32,79.100243,5894700
2019-09-16,87.089996,87.82,86.669998,87.269997,79.054932,4171700
2019-09-17,86.769997,87.639999,86.470001,87.589996,79.344826,3248400
2019-09-18,87.650002,88.400002,87.209999,88.080002,79.788712,4722200
2019-09-19,88.400002,88.720001,87.510002,87.699997,79.444481,4231200
2019-09-20,88.0,88.489998,86.669998,86.68,78.520485,6991100
2019-09-23,86.980003,88.019997,86.800003,87.690002,79.435402,4790000
2019-09-24,88.449997,88.690002,86.760002,87.18,78.973419,10202900
2019-09-25,91.779999,92.790001,90.150002,90.809998,82.261719,25330700
2019-09-26,91.620003,92.449997,90.25,92.169998,83.49369,10408300
2019-09-27,91.849998,92.860001,91.599998,92.309998,83.620522,6420500
2019-09-30,92.529999,94.080002,92.5,93.919998,85.078934,7401200
2019-10-01,94.129997,94.75,92.059998,92.279999,83.593338,8464900
2019-10-02,91.470001,91.839996,90.57,91.489998,82.877716,6933900
2019-10-03,91.309998,92.32,90.349998,92.220001,83.539001,5762300
2019-10-04,92.220001,93.169998,91.93,93.07,84.308975,4551400
2019-10-07,92.5,93.919998,92.400002,93.169998,84.399544,4975400
2019-10-08,90.449997,92.709999,90.410004,91.75,83.113235,6916800
2019-10-09,92.410004,93.050003,91.82,92.519997,83.810745,5115900
2019-10-10,93.5,93.5,92.720001,93.0,84.24556,5794100
2019-10-11,94.0,94.57,93.559998,93.879997,85.042725,6220100
2019-10-14,94.199997,95.25,94.050003,94.879997,85.948593,4636000
2019-10-15,95.0,95.18,94.120003,94.790001,85.867058,4292500
2019-10-16,94.089996,95.139999,94.07,94.879997,85.948593,4883300
2019-10-17,95.57,95.889999,94.970001,95.559998,86.564598,3427400
2019-10-18,94.809998,96.459999,94.800003,96.099998,87.053764,6209200
2019-10-21,96.610001,96.870003,95.419998,96.220001,87.16246,5185800
2019-10-22,96.059998,96.830002,95.519997,95.599998,86.600822,5470100
2019-10-23,95.029999,95.540001,92.120003,92.32,83.629562,11933600
2019-10-24,92.68,92.870003,90.989998,91.5,82.886757,12085800
2019-10-25,91.440002,91.830002,90.75,90.919998,82.361359,8147200
2019-10-28,91.059998,91.300003,90.169998,90.849998,82.297943,10304700
2019-10-29,90.849998,90.919998,89.129997,89.279999,80.875748,9044700
2019-10-30,89.449997,90.269997,89.349998,90.190002,81.700089,8127500
2019-10-31,90.0,90.410004,88.940002,89.550003,81.120331,6752000
2019-11-01,90.18,90.529999,89.0,89.18,80.785133,5263600
2019-11-04,90.129997,90.559998,89.32,89.860001,81.401138,8161200
2019-11-05,90.150002,90.339996,89.540001,89.879997,81.41925,5589700
2019-11-06,90.639999,90.720001,88.739998,89.480003,81.056923,7033800
2019-11-07,90.470001,90.599998,89.769997,90.400002,81.890305,7110000
2019-11-08,90.279999,90.349998,89.290001,89.809998,81.355865,4555400
2019-11-11,89.370003,90.099998,89.370003,90.050003,81.57325,3247300
2019-11-12,90.309998,92.029999,89.489998,89.5,81.075035,3979600
2019-11-13,89.730003,91.550003,89.57,91.290001,82.696541,5923600
2019-11-14,91.489998,91.959999,90.720001,91.269997,82.678391,6035300
2019-11-15,92.139999,93.559998,91.959999,93.040001,84.281807,6785500
2019-11-18,93.5,94.260002,92.910004,94.18,85.314491,6165600
2019-11-19,94.610001,95.120003,93.059998,93.610001,84.798134,5368400
2019-11-20,94.110001,94.400002,92.769997,93.050003,84.290863,6235400
2019-11-21,92.620003,93.300003,92.07,92.160004,83.484634,5493100
2019-11-22,92.209999,93.349998,91.93,93.339996,84.553566,4264400
2019-11-25,93.779999,93.970001,92.739998,92.900002,84.154991,5419700
2019-11-26,93.379997,93.629997,93.019997,93.330002,84.544502,5907400
2019-11-27,93.5,94.379997,93.5,94.139999,85.278267,4017400
2019-11-29,94.370003,94.610001,93.389999,93.489998,84.910416,2541800
2019-12-02,94.089996,94.279999,92.980003,93.559998,84.973984,3892000
2019-12-03,92.480003,92.550003,91.309998,92.459999,83.974953,5570700
2019-12-04,92.809998,93.790001,92.730003,93.720001,85.119308,4456400
2019-12-05,95.879997,95.949997,94.68,95.790001,86.999352,6946000
2019-12-06,96.559998,97.309998,96.379997,97.0,88.098312,6368500
2019-12-09,97.019997,97.629997,96.160004,96.629997,87.762253,6517800
2019-12-10,96.760002,97.589996,96.629997,97.010002,88.107399,4234300
2019-12-11,96.900002,97.32,96.650002,97.18,88.261772,4319700
2019-12-12,97.32,98.18,96.900002,97.720001,88.75222,4762800
2019-12-13,97.43,98.290001,96.910004,97.769997,88.797638,5247600
2019-12-16,98.139999,99.339996,98.059998,98.809998,89.74221,8211300
2019-12-17,99.379997,100.169998,99.050003,99.650002,90.505104,7050700
2019-12-18,100.199997,100.790001,99.580002,100.57,91.340698,7332000
2019-12-19,100.5,101.269997,99.629997,101.150002,91.86747,12214500
2019-12-20,101.0,101.400002,98.849998,99.959999,90.786659,17641600
2019-12-23,100.230003,100.690002,99.550003,100.040001,90.859322,6350500
2019-12-24,99.830002,100.660004,99.760002,100.139999,90.95015,3328100
2019-12-26,100.339996,100.75,100.110001,100.709999,91.467834,3709900
2019-12-27,101.0,101.790001,100.989998,101.57,92.248924,5307500
2019-12-30,101.540001,101.610001,100.459999,100.800003,91.549599,3495200
2019-12-31,100.580002,101.389999,100.510002,101.309998,92.012772,3213600
2020-01-02,101.360001,102.209999,101.019997,102.199997,92.821106,5644100
2020-01-03,100.589996,102.0,100.309998,101.919998,92.566788,4541800
2020-01-06,100.949997,101.839996,100.870003,101.830002,92.485046,4612400
2020-01-07,101.809998,102.739998,100.809998,101.779999,92.439644,6719900
2020-01-08,101.309998,102.139999,100.849998,101.550003,92.230743,4942200
2020-01-09,101.940002,102.410004,101.389999,101.480003,92.167191,5007500
2020-01-10,101.889999,101.93,100.760002,100.900002,91.640404,5135300
2020-01-13,101.0,102.339996,100.82,102.160004,92.78476,6722400
2020-01-14,102.449997,103.889999,102.349998,102.919998,93.475029,5088500
2020-01-15,103.25,103.699997,102.480003,102.790001,93.356956,4209200
2020-01-16,102.879997,103.57,102.849998,103.370003,93.883736,6571700
2020-01-17,103.43,104.550003,103.339996,104.529999,94.937279,6271200
2020-01-21,104.25,104.690002,103.809998,104.580002,94.982704,4854700
2020-01-22,105.0,105.620003,104.419998,104.489998,94.900932,5031400
2020-01-23,104.029999,104.370003,102.620003,103.019997,93.565857,7102900
2020-01-24,103.589996,103.889999,101.660004,102.029999,92.666687,3839300
2020-01-27,98.209999,100.709999,98.010002,100.239998,91.040962,9841400
2020-01-28,100.339996,101.050003,99.519997,100.410004,91.195366,5673200
2020-01-29,101.07,101.300003,99.169998,99.839996,90.677681,4503700
2020-01-30,99.019997,99.75,97.370003,98.190002,89.179085,7065100
2020-01-31,98.110001,98.449997,95.919998,96.300003,87.462563,8780300
2020-02-03,99.0,100.919998,98.57,99.269997,90.159988,9727000
2020-02-04,101.910004,102.779999,101.260002,101.379997,92.07637,6559600
2020-02-05,101.760002,101.970001,99.529999,100.540001,91.313446,6108300
2020-02-06,100.900002,101.529999,100.160004,100.269997,91.068199,5641800
2020-02-07,99.809998,100.400002,98.970001,99.440002,90.3144,4121800
2020-02-10,99.220001,100.510002,99.0,100.019997,90.841164,4213900
2020-02-11,100.07,100.349998,99.440002,100.019997,90.841164,4871800
2020-02-12,100.739998,103.080002,100.440002,103.0,93.547676,8075600
2020-02-13,102.510002,103.739998,101.68,103.370003,93.883736,5386800
2020-02-14,103.529999,103.889999,102.449997,103.540001,94.038139,4305300
2020-02-18,103.0,103.379997,101.610001,102.0,92.63945,4916200
2020-02-19,102.660004,103.389999,102.43,102.459999,93.057251,6200500
2020-02-20,102.459999,102.629997,100.550003,102.529999,93.120819,6427600
2020-02-21,102.0,102.080002,99.629997,100.25,91.050064,5750900
2020-02-24,95.540001,97.07,95.25,95.910004,87.108345,8364200
2020-02-25,96.349998,96.760002,92.620003,92.900002,84.37455,9602100
2020-02-26,93.080002,94.650002,91.989998,92.0,83.557159,9308400
2020-02-27,90.0,93.059998,88.5,88.550003,80.423759,12825700
2020-02-28,86.029999,89.470001,85.150002,89.379997,81.402824,16552400
2020-03-02,89.599998,93.139999,87.910004,92.68,84.408295,14102000
2020-03-03,92.739998,94.980003,90.57,90.93,82.814476,14767600
2020-03-04,92.080002,93.82,90.839996,93.790001,85.419212,6904400
2020-03-05,91.260002,91.68,89.940002,90.580002,82.495728,8851100
2020-03-06,88.360001,89.389999,85.879997,88.360001,80.473862,12336400
2020-03-09,81.889999,86.739998,80.919998,84.110001,76.603157,13272700
2020-03-10,86.690002,88.400002,82.879997,88.300003,80.419205,12755900
2020-03-11,84.0,84.629997,82.07,84.0,76.502983,16172000
2020-03-12,78.230003,78.489998,73.0,74.199997,67.577629,21534800
2020-03-13,78.199997,78.199997,71.760002,75.580002,68.83448,21859600
2020-03-16,65.279999,72.970001,63.369999,66.790001,60.828987,17976700
2020-03-17,67.510002,73.330002,62.400002,69.839996,63.606762,17122100
2020-03-18,64.790001,68.330002,60.0,68.040001,61.967411,19498800
2020-03-19,67.040001,72.709999,64.150002,70.339996,64.062134,16177200
2020-03-20,71.510002,74.059998,67.199997,67.449997,61.430077,15761900
2020-03-23,65.0,66.879997,60.580002,62.799999,57.195084,17690000
2020-03-24,65.699997,72.660004,64.0,72.330002,65.874527,18849500
2020-03-25,80.110001,83.489998,76.199997,79.010002,71.958366,27053200
2020-03-26,80.169998,86.860001,80.010002,84.300003,76.776207,17200800
2020-03-27,81.699997,85.739998,79.510002,83.230003,75.80172,14183400
2020-03-30,84.0,85.959999,81.5,85.379997,77.759804,10960100
2020-03-31,85.129997,85.730003,82.400002,82.739998,75.355446,9610100
2020-04-01,79.489998,81.18,78.529999,79.230003,72.158691,9771300
2020-04-02,79.0,81.599998,77.160004,80.139999,72.98748,12731300
2020-04-03,79.360001,79.790001,77.910004,78.860001,71.821709,8476900
2020-04-06,81.910004,85.040001,81.209999,84.629997,77.076744,11266500
2020-04-07,88.699997,88.870003,84.029999,84.160004,76.648697,10468100
2020-04-08,84.699997,85.769997,83.610001,85.300003,77.686974,6642700
2020-04-09,86.690002,87.389999,85.160004,86.790001,79.043961,7773600
2020-04-13,85.800003,85.989998,84.139999,84.459999,76.921921,5077600
2020-04-14,85.949997,87.769997,85.480003,87.470001,79.663284,6397200
2020-04-15,84.870003,85.879997,83.709999,85.040001,77.450165,8053900
2020-04-16,85.43,86.529999,84.550003,86.300003,78.59771,9373800
2020-04-17,89.0,90.25,88.360001,89.910004,81.885521,8111400
2020-04-20,88.43,89.440002,87.519997,87.900002,80.054916,7244400
2020-04-21,85.989998,86.900002,85.089996,85.199997,77.595886,6597000
2020-04-22,86.980003,89.440002,86.419998,88.769997,80.847267,6463000
2020-04-23,88.940002,89.529999,87.260002,87.349998,79.554001,5343500
2020-04-24,88.889999,89.120003,87.650002,88.370003,80.482956,4450100
2020-04-27,88.379997,89.870003,87.309998,89.370003,81.393715,6875100
2020-04-28,90.550003,90.709999,88.629997,88.800003,80.874565,5145400
2020-04-29,90.0,91.389999,87.830002,88.07,80.209747,9461400
2020-04-30,87.0,88.0,86.510002,87.18,79.399147,9371400
2020-05-01,85.669998,86.110001,84.809998,85.540001,77.905533,6151200
2020-05-04,84.68,85.800003,84.309998,85.75,78.096786,6348900
2020-05-05,86.540001,88.529999,86.029999,87.199997,79.417366,6321500
2020-05-06,88.050003,88.690002,87.43,88.440002,80.546722,7342300
2020-05-07,89.400002,90.239998,88.379997,88.559998,80.656006,4565900
2020-05-08,90.110001,90.639999,89.589996,90.459999,82.386429,5488000
2020-05-11,89.449997,91.419998,89.139999,90.93,82.814476,4937600
2020-05-12,91.529999,91.669998,88.150002,88.260002,80.382782,5622600
2020-05-13,87.379997,87.739998,85.199997,86.019997,78.342697,6739800
2020-05-14,85.0,86.580002,84.110001,86.550003,78.825401,7431800
2020-05-15,85.25,87.230003,84.879997,86.989998,79.226128,9165000
2020-05-18,90.489998,91.599998,89.879997,91.040001,82.914658,8517200
2020-05-19,90.849998,93.82,90.82,91.510002,83.34272,6514100
2020-05-20,93.199997,93.860001,92.699997,92.949997,84.654205,6347000
2020-05-21,92.879997,94.379997,92.370003,94.260002,85.84729,7504300
2020-05-22,94.419998,94.650002,93.349998,93.75,85.382782,4049500
2020-05-26,95.980003,97.43,95.279999,96.620003,87.996651,7185200
2020-05-27,98.120003,99.989998,97.620003,99.870003,90.956589,7915900
2020-05-28,100.089996,100.690002,98.25,98.459999,89.672455,7260700
2020-05-29,98.190002,99.25,96.93,98.580002,90.005684,10332500
2020-06-01,98.400002,99.779999,97.889999,99.540001,90.882179,4295400
2020-06-02,99.419998,100.879997,98.82,100.739998,91.977798,10798700
2020-06-03,101.260002,104.550003,101.120003,104.110001,95.054703,5867700
2020-06-04,103.660004,103.900002,100.470001,101.279999,92.470825,8775000
2020-06-05,104.0,104.690002,102.129997,102.709999,93.776474,8363600
2020-06-08,103.050003,104.300003,102.709999,104.290001,95.219032,6165400
2020-06-09,102.82,103.769997,102.43,102.629997,93.703415,5385900
2020-06-10,103.0,103.150002,101.709999,102.120003,93.237785,5194200
2020-06-11,98.379997,98.989998,94.879997,95.169998,86.892281,10976900
2020-06-12,97.800003,97.800003,94.739998,96.43,88.042686,7416400
2020-06-15,93.900002,98.080002,93.440002,97.839996,89.330025,8645300
2020-06-16,101.25,101.339996,97.720001,99.040001,90.425659,6054400
2020-06-17,99.0,100.239998,98.889999,99.209999,90.580894,3405500
2020-06-18,98.690002,99.419998,97.849998,98.449997,89.886963,4392400
2020-06-19,99.970001,99.980003,95.779999,95.779999,87.449211,10304000
2020-06-22,96.849998,99.540001,96.019997,99.510002,90.85479,6918200
2020-06-23,101.150002,102.220001,100.709999,101.919998,93.055161,6499000
2020-06-24,100.940002,101.849998,98.089996,100.080002,91.375206,8611600
2020-06-25,99.230003,101.68,98.800003,101.400002,92.580406,11531400
2020-06-26,98.5,98.779999,93.57,93.669998,85.522743,24918500
2020-06-29,93.699997,96.0,93.699997,95.870003,87.531395,9624200
2020-06-30,96.0,98.300003,95.639999,98.050003,89.521767,9065500
2020-07-01,98.5,98.720001,97.110001,97.400002,88.928322,5733800
2020-07-02,98.779999,99.660004,98.019997,98.43,89.868713,5354900
2020-07-06,99.620003,100.029999,99.040001,99.949997,91.256508,4995000
2020-07-07,99.220001,99.550003,96.919998,97.07,88.627014,6352900
2020-07-08,97.5,98.980003,96.959999,98.839996,90.243073,5634600
2020-07-09,98.550003,98.910004,96.370003,96.989998,88.55397,6282300
2020-07-10,97.0,98.050003,95.720001,97.989998,89.46698,3967000
2020-07-13,98.25,98.940002,96.260002,96.459999,88.070053,4845600
2020-07-14,96.330002,97.25,95.510002,96.760002,88.343994,4850600
2020-07-15,98.410004,99.040001,97.309998,98.540001,89.969139,5343700
2020-07-16,97.5,98.230003,97.040001,97.260002,88.800491,3594700
2020-07-17,96.949997,97.230003,96.040001,96.279999,87.905731,7405700
2020-07-20,95.5,96.349998,95.110001,95.650002,87.330528,5822300
2020-07-21,96.919998,99.0,96.099998,98.360001,89.804817,5855600
2020-07-22,98.160004,98.989998,97.910004,98.910004,90.306976,4097000
2020-07-23,98.349998,100.18,97.720001,98.300003,89.750038,4530500
2020-07-24,98.139999,99.360001,97.699997,98.43,89.868713,5638400
2020-07-27,96.959999,98.400002,96.889999,97.209999,88.754845,4273400
2020-07-28,96.949997,97.470001,96.160004,96.269997,87.896591,3822600
2020-07-29,96.43,97.550003,96.300003,96.970001,88.535728,6872400
2020-07-30,96.470001,97.230003,95.800003,96.82,88.398773,4018400
2020-07-31,96.889999,97.650002,96.300003,97.610001,89.120049,5509900
2020-08-03,98.029999,99.290001,97.82,98.330002,89.77742,5472700
2020-08-04,97.790001,97.949997,96.550003,97.330002,88.864403,7539300
2020-08-05,97.120003,101.25,97.080002,100.940002,92.1604,7217500
2020-08-06,100.639999,101.18,100.029999,100.449997,91.71302,4060900
2020-08-07,101.0,101.910004,99.889999,101.860001,93.000389,5545600
2020-08-10,102.470001,106.830002,102.400002,105.410004,96.241615,12678000
2020-08-11,106.849998,107.330002,104.860001,105.120003,95.976822,5400700
2020-08-12,105.720001,105.889999,103.379997,105.220001,96.068161,4714800
2020-08-13,105.300003,106.989998,105.199997,106.519997,97.255081,4281700
2020-08-14,106.120003,106.779999,105.459999,106.43,97.172897,2985700
2020-08-17,106.5,106.5,105.120003,105.660004,96.469872,3017000
2020-08-18,106.459999,107.0,105.470001,106.970001,97.665939,5023000
2020-08-19,107.690002,109.690002,107.349998,108.389999,98.962418,9508100
2020-08-20,107.559998,108.739998,107.349998,108.010002,98.615471,4304000
2020-08-21,108.0,109.769997,107.75,109.75,100.204147,5564000
2020-08-24,110.0,112.0,109.900002,111.830002,102.103226,8173100
2020-08-25,112.0,112.279999,111.089996,111.510002,101.81105,4380900
2020-08-26,111.919998,112.089996,111.290001,111.529999,101.829308,4477900
2020-08-27,111.989998,112.790001,110.5,110.839996,101.199326,4390800
2020-08-28,111.010002,112.669998,110.57,112.290001,102.75032,3731100
2020-08-31,112.139999,112.519997,111.139999,111.889999,102.384308,3519800
2020-09-01,112.0,114.900002,111.830002,114.839996,105.083687,4912400
2020-09-02,115.059998,117.410004,114.5,116.800003,106.877182,6775400
2020-09-03,116.800003,116.900002,112.0,112.849998,103.262749,7264400
2020-09-04,112.959999,113.75,110.209999,112.400002,102.85099,5157600
2020-09-08,111.290001,113.839996,110.540001,112.720001,103.143814,5300100
2020-09-09,113.019997,116.209999,112.830002,114.900002,105.138596,5997900
2020-09-10,115.900002,118.230003,114.0,114.790001,105.037926,5032800
2020-09-11,116.760002,119.25,116.419998,118.0,107.975235,8565200
2020-09-14,118.5,119.93,118.169998,119.279999,109.146477,4990300
2020-09-15,119.699997,120.480003,119.18,119.269997,109.137329,5934200
2020-09-16,118.309998,119.690002,118.160004,118.589996,108.515083,7023700
2020-09-17,117.339996,118.550003,115.800003,116.360001,106.474548,7376400
2020-09-18,115.43,117.910004,114.489998,114.660004,104.918983,12876600
2020-09-21,112.949997,114.059998,111.739998,113.370003,103.738564,8486400
2020-09-22,113.099998,117.199997,112.849998,116.870003,106.941216,13007200
2020-09-23,130.220001,130.380005,125.260002,127.110001,116.311287,37822700
2020-09-24,126.440002,127.540001,123.300003,124.75,114.151779,13485800
2020-09-25,123.650002,124.75,122.269997,124.230003,113.675964,9182800
2020-09-28,125.160004,126.190002,123.889999,124.32,113.758293,7525000
2020-09-29,124.339996,127.099998,123.959999,126.349998,115.615852,7796400
2020-09-30,126.099998,127.279999,125.160004,125.540001,114.874657,8699700
2020-10-01,127.730003,127.730003,125.309998,126.639999,115.881203,5637200
2020-10-02,124.349998,126.800003,123.589996,126.639999,115.881203,7491100
2020-10-05,127.07,128.5,126.449997,127.910004,117.04332,8270300
2020-10-06,128.839996,130.440002,127.269997,127.650002,116.805405,5978000
2020-10-07,128.399994,130.410004,128.25,130.059998,119.010666,4390500
2020-10-08,130.399994,130.929993,129.509995,129.710007,118.690422,3595600
2020-10-09,129.990005,131.190002,129.330002,130.979996,119.852493,4293400
2020-10-12,131.190002,131.339996,129.259995,129.460007,118.461662,5136500
2020-10-13,128.050003,129.869995,127.959999,129.199997,118.223717,4245000
2020-10-14,129.529999,129.600006,127.010002,127.660004,116.81456,3586600
2020-10-15,126.480003,129.100006,126.110001,129.0,118.04071,4235800
2020-10-16,129.509995,130.190002,127.550003,128.0,117.125671,6010900
2020-10-19,129.100006,129.779999,127.050003,127.43,116.604088,5160800
2020-10-20,128.0,129.899994,127.720001,128.490005,117.574036,3799200
2020-10-21,128.5,131.380005,128.449997,129.429993,118.434158,4916300
2020-10-22,129.600006,130.259995,128.860001,130.020004,118.974045,2869900
2020-10-23,130.0,130.600006,128.649994,129.990005,118.946602,4046300
2020-10-26,129.059998,129.619995,126.68,128.369995,117.464233,5422500
2020-10-27,128.779999,129.490005,127.900002,127.989998,117.116516,2985700
2020-10-28,125.279999,126.400002,121.040001,122.080002,111.708603,8618300
2020-10-29,122.279999,124.190002,121.150002,122.860001,112.422348,4947000
2020-10-30,123.660004,123.660004,118.800003,120.080002,109.87851,7791600
2020-11-02,122.370003,124.099998,121.099998,122.389999,111.992279,4740400
2020-11-03,124.010002,125.5,123.190002,124.589996,114.005371,3490900
2020-11-04,125.330002,128.929993,125.260002,127.339996,116.521744,5061800
2020-11-05,129.190002,130.410004,128.460007,129.699997,118.681252,3940000
2020-11-06,129.910004,129.910004,128.350006,128.899994,117.949196,2954000
2020-11-09,135.059998,136.350006,128.770004,128.949997,117.994949,7491700
2020-11-10,130.050003,130.119995,126.25,127.709999,116.860298,8014700
2020-11-11,128.690002,129.800003,127.18,127.660004,116.81456,6058700
2020-11-12,126.620003,127.839996,125.629997,126.639999,115.881203,4780400
2020-11-13,127.910004,128.600006,126.830002,128.279999,117.381874,3986100
2020-11-16,129.460007,130.320007,127.370003,130.110001,119.056412,6116200
2020-11-17,130.479996,132.600006,129.110001,132.210007,120.978004,7002900
2020-11-18,133.070007,133.979996,131.529999,131.630005,120.447289,5572800
2020-11-19,131.919998,132.110001,129.929993,131.910004,120.703484,4642800
2020-11-20,133.300003,133.529999,131.910004,132.979996,121.682579,4318100
2020-11-23,134.380005,134.889999,133.089996,134.130005,122.734886,6118400
2020-11-24,135.0,135.990005,134.210007,134.699997,123.256462,7204700
2020-11-25,134.25,135.800003,133.619995,135.539993,124.025093,4484500
2020-11-27,136.0,136.130005,133.339996,134.25,122.844681,3506800
2020-11-30,133.910004,135.289993,132.690002,134.699997,123.256462,9652500
2020-12-01,136.440002,136.5,134.75,135.440002,123.933586,3833100
2020-12-02,135.160004,136.320007,134.669998,135.580002,124.061676,4132700
2020-12-03,135.100006,137.949997,135.0,136.960007,125.324493,4930900
2020-12-04,137.080002,137.399994,135.639999,137.190002,125.787506,4344000
2020-12-07,137.0,138.860001,136.800003,138.75,127.217827,4590800
2020-12-08,138.240005,140.440002,137.649994,139.119995,127.557068,6953600
2020-12-09,140.570007,140.570007,138.270004,138.789993,127.254509,4341300
2020-12-10,138.279999,139.139999,137.240005,137.580002,126.145073,4511000
2020-12-11,137.389999,138.139999,136.229996,137.410004,125.989212,4172400
2020-12-14,138.919998,139.0,136.199997,136.279999,124.953148,7599000
2020-12-15,137.429993,139.440002,137.25,139.389999,127.804619,7637000
2020-12-16,139.070007,140.490005,137.460007,138.339996,126.841911,6573400
2020-12-17,139.919998,140.740005,138.75,140.5,128.822388,8727000
2020-12-18,141.089996,141.139999,137.169998,137.279999,125.869995,17970800
2020-12-21,144.820007,147.949997,142.509995,144.020004,132.04982,16111300
2020-12-22,143.050003,143.470001,141.089996,142.449997,130.610321,6339400
2020-12-23,142.559998,143.600006,141.699997,141.759995,129.977615,3388300
2020-12-24,141.100006,142.190002,141.100006,141.600006,129.830948,1821900
2020-12-28,142.539993,142.919998,141.039993,142.429993,130.591995,4081500
2020-12-29,142.830002,143.059998,140.429993,141.570007,129.803513,3232400
2020-12-30,142.160004,142.610001,140.660004,141.580002,129.812637,3052100
2020-12-31,141.699997,141.789993,140.369995,141.470001,129.711746,2949900
2021-01-04,142.850006,142.970001,138.320007,140.100006,128.455643,6178500
2021-01-05,138.600006,141.660004,138.600006,141.229996,129.491669,4163100
2021-01-06,141.25,143.570007,139.529999,142.350006,130.518631,6072900
2021-01-07,143.199997,145.639999,143.0,144.949997,132.902512,5256900
2021-01-08,145.550003,146.820007,144.899994,146.350006,134.186172,3950500
2021-01-11,146.0,147.100006,144.800003,147.050003,134.827972,4252000
2021-01-12,146.5,146.850006,144.380005,145.050003,132.994186,3678800
2021-01-13,144.830002,145.130005,142.429993,143.039993,131.151276,3330100
2021-01-14,143.660004,144.899994,140.929993,141.300003,129.555893,4104000
2021-01-15,140.559998,142.380005,139.880005,140.720001,129.024094,6412400
2021-01-19,140.990005,141.220001,138.410004,139.270004,127.694603,6537800
2021-01-20,140.380005,143.210007,140.009995,142.800003,130.931244,4654400
2021-01-21,142.410004,143.809998,141.130005,141.610001,129.840149,4011200
2021-01-22,141.089996,141.880005,139.309998,139.350006,127.768005,4150500
2021-01-25,138.990005,139.179993,134.740005,137.550003,126.117569,5998700
2021-01-26,137.759995,137.850006,134.710007,135.100006,123.871208,5312300
2021-01-27,132.220001,132.860001,130.270004,131.020004,120.130318,7815900
2021-01-28,132.360001,136.369995,131.5,134.720001,123.522781,6244600
2021-01-29,133.949997,135.029999,132.149994,133.589996,122.486702,7166100
2021-02-01,135.369995,136.050003,133.300003,135.710007,124.430496,4366800
2021-02-02,137.059998,139.860001,136.75,139.589996,127.988029,7132800
2021-02-03,139.699997,140.059998,138.009995,138.630005,127.107803,4678600
2021-02-04,139.550003,141.050003,138.919998,140.630005,128.941605,4533700
2021-02-05,141.339996,145.570007,141.289993,145.110001,133.049271,6151500
2021-02-08,145.149994,145.880005,142.800003,143.410004,131.490524,6304300
2021-02-09,143.600006,144.220001,141.699997,141.789993,130.005142,3436300
2021-02-10,142.449997,142.600006,140.899994,142.460007,130.619476,4125700
2021-02-11,143.0,144.350006,142.410004,143.539993,131.609741,3828700
2021-02-12,143.110001,143.449997,141.399994,142.119995,130.307709,3637000
2021-02-16,143.369995,143.369995,141.029999,141.710007,129.931854,4873400
2021-02-17,141.300003,144.559998,140.210007,143.990005,132.022278,6437100
2021-02-18,142.979996,145.389999,141.210007,145.089996,133.030869,4486800
2021-02-19,145.429993,145.5,141.5,142.020004,130.216034,7486000
2021-02-22,141.539993,142.460007,136.259995,136.669998,125.310738,8985900
2021-02-23,136.029999,136.830002,131.580002,136.130005,124.81559,10364100
2021-02-24,135.059998,135.960007,133.949997,135.649994,124.375488,6360900
2021-02-25,137.600006,139.179993,134.529999,135.539993,124.274628,5674300
2021-02-26,135.899994,136.850006,133.360001,134.779999,123.829041,6650200
2021-03-01,135.639999,139.149994,135.5,137.649994,126.465836,5717800
2021-03-02,137.559998,138.259995,135.610001,137.020004,125.887047,5292700
2021-03-03,137.089996,137.410004,134.149994,134.259995,123.35128,4888400
2021-03-04,134.0,135.130005,130.179993,132.039993,121.311676,7181500
2021-03-05,133.539993,133.679993,129.190002,133.350006,122.515221,5957100
2021-03-08,133.639999,135.630005,132.369995,134.559998,123.6269,4983000
2021-03-09,135.509995,138.0,135.449997,135.949997,124.903992,5977800
2021-03-10,136.5,138.199997,136.100006,137.589996,126.410713,4519600
2021-03-11,139.179993,142.199997,138.559998,141.190002,129.718201,5696500
2021-03-12,140.0,140.910004,138.600006,140.449997,129.03833,4143200
2021-03-15,140.699997,145.0,140.669998,144.940002,133.163513,5413900
2021-03-16,145.880005,146.149994,143.839996,144.649994,132.897079,5623000
2021-03-17,143.199997,146.149994,143.199997,144.820007,133.053284,5134400
2021-03-18,144.369995,146.660004,142.550003,143.169998,131.537354,10188400
2021-03-19,140.0,142.860001,135.509995,137.490005,126.318909,24980400
2021-03-22,137.630005,138.809998,136.029999,138.270004,127.035484,7537300
2021-03-23,138.490005,140.639999,136.550003,137.119995,125.97892,5582600
2021-03-24,136.449997,137.919998,132.880005,133.160004,122.340691,8157600
2021-03-25,127.050003,129.389999,125.440002,128.639999,118.187927,18475800
2021-03-26,131.600006,133.190002,129.770004,132.990005,122.184502,10010500
2021-03-29,132.940002,133.910004,130.660004,133.490005,122.643867,7153900
2021-03-30,132.350006,133.350006,131.220001,132.949997,122.147736,6026600
2021-03-31,133.089996,134.179993,131.919998,132.889999,122.092606,6878900
2021-04-01,134.690002,134.690002,132.210007,132.529999,121.761833,5720600
2021-04-05,133.100006,135.679993,133.100006,135.119995,124.141403,5508900
2021-04-06,135.440002,137.710007,134.929993,137.160004,126.01564,4670100
2021-04-07,136.990005,138.240005,136.360001,136.539993,125.44603,6646000
2021-04-08,137.279999,137.309998,133.410004,133.679993,122.818398,8748400
2021-04-09,133.940002,135.5,133.5,135.449997,124.444572,6056800
2021-04-12,134.75,136.899994,134.220001,136.639999,125.537926,5638200
2021-04-13,135.600006,135.990005,133.399994,133.539993,122.689774,8778200
2021-04-14,133.539993,134.179993,131.820007,132.259995,121.513786,7354100
2021-04-15,133.0,134.070007,132.679993,133.669998,122.809258,6284800
2021-04-16,134.710007,134.770004,133.729996,134.309998,123.397232,6852500
2021-04-19,134.300003,134.380005,132.149994,132.570007,121.798607,5613600
2021-04-20,129.169998,129.899994,125.699997,127.110001,116.782234,13268700
2021-04-21,127.589996,130.330002,127.370003,129.899994,119.345528,7110900
2021-04-22,129.889999,130.369995,127.980003,129.179993,118.684021,6442900
2021-04-23,128.929993,130.649994,128.460007,130.190002,119.611992,7489000
2021-04-26,130.490005,131.699997,129.320007,131.600006,120.907417,8217800
2021-04-27,132.0,132.789993,131.410004,132.110001,121.375977,5833100
2021-04-28,132.259995,132.330002,130.350006,130.710007,120.089745,8195400
2021-04-29,131.770004,134.119995,131.229996,133.259995,122.432549,6612500
2021-04-30,132.440002,133.880005,132.050003,132.619995,121.844551,5643600
2021-05-03,133.369995,134.449997,132.589996,133.029999,122.221214,5053000
2021-05-04,132.229996,132.589996,130.479996,131.550003,120.861465,6129500
2021-05-05,132.699997,134.220001,132.080002,132.210007,121.467865,6234200
2021-05-06,132.600006,133.839996,131.940002,133.490005,122.643867,5201000
2021-05-07,135.0,139.360001,134.720001,137.809998,126.612869,10566700
2021-05-10,138.0,138.899994,136.300003,136.399994,125.317398,5669300
2021-05-11,138.380005,138.380005,135.009995,137.119995,125.97892,8045400
2021-05-12,135.419998,136.820007,133.339996,133.389999,122.551994,5865100
2021-05-13,133.699997,135.029999,132.490005,133.610001,122.754112,6284300
2021-05-14,134.339996,136.679993,134.050003,135.929993,124.885574,4367900
2021-05-17,136.330002,137.070007,135.5,136.410004,125.326591,3934200
2021-05-18,136.440002,137.470001,135.449997,135.559998,124.54567,5664700
2021-05-19,133.479996,133.970001,131.960007,132.960007,122.15696,5582300
2021-05-20,133.779999,134.210007,132.190002,133.270004,122.441734,4934800
2021-05-21,133.830002,134.169998,132.410004,132.660004,121.881294,5329700
2021-05-24,133.100006,134.350006,132.809998,134.059998,123.167511,4313200
2021-05-25,134.940002,135.169998,133.850006,134.320007,123.406395,4885800
2021-05-26,135.199997,137.919998,135.0,136.889999,125.767593,6781500
2021-05-27,137.550003,138.309998,136.460007,136.559998,125.464439,12882300
2021-05-28,136.240005,137.350006,136.089996,136.460007,125.625534,4153500
2021-06-01,137.850006,138.050003,134.210007,134.509995,123.830353,5577900
2021-06-02,134.589996,135.490005,133.529999,134.169998,123.517342,5226100
2021-06-03,133.199997,134.690002,132.509995,134.169998,123.517342,5027400
2021-06-04,134.5,134.940002,132.279999,133.740005,123.121483,5217100
2021-06-07,134.0,135.199997,133.449997,133.949997,123.314796,3765000
2021-06-08,134.690002,134.720001,132.410004,133.350006,122.762444,4915200
2021-06-09,133.619995,134.899994,131.449997,131.839996,121.372345,6448100
2021-06-10,131.5,132.570007,130.190002,130.979996,120.580589,6584100
2021-06-11,131.5,131.990005,130.529999,131.940002,121.464409,5414500
2021-06-14,131.699997,132.050003,130.130005,131.360001,120.930443,5743600
2021-06-15,131.539993,131.75,129.830002,130.289993,119.945404,5168100
2021-06-16,130.300003,131.169998,129.600006,130.399994,120.046661,7915500
2021-06-17,129.240005,129.880005,127.860001,128.919998,118.684166,8568100
2021-06-18,126.68,129.029999,126.68,128.410004,118.214661,9784800
2021-06-21,129.240005,130.759995,128.699997,130.080002,119.752068,6288500
2021-06-22,130.830002,132.690002,130.130005,132.479996,121.961494,6043800
2021-06-23,132.809998,133.699997,132.210007,133.100006,122.53228,4566000
2021-06-24,133.899994,134.820007,132.899994,133.600006,122.992615,11420500
2021-06-25,152.410004,154.589996,150.479996,154.350006,142.095123,46285400
2021-06-28,153.919998,154.050003,151.509995,152.360001,140.263123,13133300
2021-06-29,153.259995,156.399994,152.910004,155.949997,143.568085,10279900
2021-06-30,154.789993,155.339996,153.520004,154.490005,142.223984,10281800
2021-07-01,154.070007,158.210007,153.889999,158.0,145.455307,9011500
2021-07-02,158.210007,159.970001,157.639999,159.740005,147.057175,6396700
2021-07-06,159.919998,160.440002,157.860001,160.110001,147.397781,6671000
2021-07-07,160.160004,161.5,158.279999,160.160004,147.443832,5408300
2021-07-08,158.169998,160.820007,157.350006,160.630005,147.876526,6081600
2021-07-09,161.690002,161.960007,160.509995,161.0,148.217117,5002300
2021-07-12,161.639999,162.429993,160.710007,161.820007,148.972,4992200
2021-07-13,161.350006,162.309998,161.009995,161.589996,148.760284,5747700
2021-07-14,161.869995,162.729996,161.339996,161.539993,148.714279,4928000
2021-07-15,160.860001,162.199997,160.389999,161.690002,148.852295,6432500
2021-07-16,161.619995,161.699997,159.639999,159.850006,147.158447,6603700
2021-07-19,158.149994,158.820007,156.600006,157.869995,145.335632,7377100
2021-07-20,157.259995,160.429993,156.580002,159.740005,147.057175,4629200
2021-07-21,160.5,161.429993,160.009995,161.080002,148.290771,5393100
2021-07-22,161.110001,163.75,160.929993,163.679993,150.684357,4851500
2021-07-23,164.350006,166.449997,163.729996,166.360001,153.151535,4217700
2021-07-26,165.710007,166.529999,163.820007,165.089996,151.982361,3858800
2021-07-27,164.820007,165.610001,162.580002,164.570007,151.503677,4359000
2021-07-28,164.490005,165.899994,164.080002,165.460007,152.323029,4093600
2021-07-29,165.899994,167.029999,165.389999,166.990005,153.731522,3605600
2021-07-30,166.589996,167.869995,166.350006,167.509995,154.210281,5364400
2021-08-02,169.059998,169.979996,168.029999,168.75,155.351807,5532500
2021-08-03,169.220001,171.5,168.490005,171.229996,157.634933,5718100
2021-08-04,171.360001,172.339996,170.960007,171.910004,158.26088,4646200
2021-08-05,171.410004,174.0,171.179993,173.850006,160.04686,3824000
2021-08-06,174.360001,174.380005,172.699997,172.800003,159.080246,4088700
2021-08-09,172.5,173.059998,171.619995,171.770004,158.13205,3612800
2021-08-10,171.559998,173.960007,171.429993,172.270004,158.592346,3747100
2021-08-11,172.0,173.220001,170.940002,171.270004,157.671722,4078300
2021-08-12,170.889999,171.320007,169.479996,170.639999,157.091736,3997100
2021-08-13,170.449997,171.720001,168.779999,171.690002,158.05838,2966200
2021-08-16,170.699997,172.399994,169.660004,172.360001,158.675156,3530200
2021-08-17,171.539993,171.699997,169.380005,170.660004,157.110138,3602900
2021-08-18,169.75,171.800003,168.660004,168.809998,155.406998,5487400
2021-08-19,166.960007,167.539993,164.369995,165.589996,152.442703,7336300
2021-08-20,166.270004,168.009995,165.419998,167.789993,154.468018,4039100
2021-08-23,169.449997,170.899994,169.179993,169.720001,156.244812,3796500
2021-08-24,169.600006,170.869995,168.889999,169.979996,156.484161,3133100
2021-08-25,170.0,170.690002,169.529999,169.839996,156.35524,3003800
2021-08-26,169.380005,169.520004,166.270004,166.919998,153.667084,4069600
2021-08-27,167.270004,168.070007,166.279999,167.580002,154.529251,3012400
2021-08-30,167.889999,168.410004,166.570007,168.029999,154.944229,3537100
2021-08-31,167.550003,167.679993,164.199997,164.740005,151.910492,7545600
2021-09-01,164.919998,166.619995,164.080002,164.559998,151.744431,4706500
2021-09-02,165.240005,165.429993,162.789993,163.669998,150.923767,4632100
2021-09-03,163.199997,164.169998,162.220001,163.289993,150.573395,4254500
2021-09-07,163.699997,163.860001,161.910004,162.639999,149.973969,5648800
2021-09-08,162.0,162.089996,159.75,160.710007,148.194305,6591700
2021-09-09,165.259995,166.149994,163.199997,163.339996,150.619461,8414800
2021-09-10,164.25,165.660004,163.440002,163.589996,150.849976,4252100
2021-09-13,161.559998,162.919998,158.330002,159.520004,147.097031,8814500
2021-09-14,159.169998,159.389999,157.070007,158.759995,146.396133,5323900
2021-09-15,157.5,158.320007,155.669998,157.910004,145.61235,6827100
2021-09-16,157.589996,159.009995,157.199997,157.600006,145.326523,5085900
2021-09-17,157.960007,161.0,156.070007,156.419998,144.238419,7944800
2021-09-20,153.729996,155.270004,152.320007,154.25,142.23735,7041200
2021-09-21,155.089996,156.130005,153.580002,155.020004,142.947418,5857900
2021-09-22,156.789993,158.0,155.600006,157.440002,145.178955,6844800
2021-09-23,158.710007,160.289993,158.270004,159.580002,147.152298,11981500
2021-09-24,151.039993,151.850006,148.0,149.589996,137.940292,26913300
2021-09-27,149.509995,149.910004,147.289993,148.039993,136.511002,11479300
2021-09-28,147.339996,147.529999,145.0,145.300003,133.98439,10692300
2021-09-29,145.710007,147.940002,145.690002,146.020004,134.648315,7794900
2021-09-30,145.880005,147.479996,144.419998,145.229996,133.919846,10133600
2021-10-01,145.220001,148.0,144.369995,147.059998,135.6073,8112300
2021-10-04,147.059998,147.619995,145.759995,147.139999,135.681091,7951000
2021-10-05,148.0,151.0,147.820007,149.460007,137.820419,10881900
2021-10-06,148.0,149.460007,147.509995,148.800003,137.211823,7610700
2021-10-07,150.300003,153.660004,150.259995,151.850006,140.024292,7958000
2021-10-08,152.220001,152.869995,150.669998,152.479996,140.605194,6333700
2021-10-11,151.990005,153.589996,150.059998,150.279999,138.576538,5551200
2021-10-12,152.419998,153.600006,151.300003,153.350006,141.407486,7408600
2021-10-13,154.320007,156.669998,153.160004,156.300003,144.127731,8456300
2021-10-14,158.179993,158.460007,156.25,157.139999,144.902298,6024500
2021-10-15,157.800003,158.330002,156.559998,158.009995,145.704514,5532100
2021-10-18,157.309998,159.470001,155.949997,159.429993,147.013977,5765300
2021-10-19,159.679993,159.929993,156.800003,157.820007,145.529373,6198200
2021-10-20,158.5,158.800003,157.320007,158.449997,146.110275,4487000
2021-10-21,158.449997,162.339996,158.279999,162.179993,149.549835,6121700
2021-10-22,162.279999,164.619995,162.279999,163.479996,150.74855,5323000
2021-10-25,163.229996,164.729996,162.660004,164.220001,151.430923,3878200
2021-10-26,164.820007,165.449997,163.119995,163.789993,151.034393,4711200
2021-10-27,163.649994,164.059998,161.660004,162.350006,149.706573,4163900
2021-10-28,163.009995,164.600006,162.809998,164.460007,151.652267,3762000
2021-10-29,163.059998,167.630005,163.0,167.289993,154.261826,6740600
2021-11-01,167.800003,168.800003,165.889999,166.330002,153.376602,3610800
2021-11-02,166.759995,168.160004,166.110001,167.830002,154.759811,5038000
2021-11-03,169.0,172.869995,168.649994,172.5,159.066086,7176700
2021-11-04,172.210007,175.630005,172.0,175.440002,161.777161,5460100
2021-11-05,175.729996,179.100006,175.5,177.509995,163.685944,5892200
2021-11-08,176.350006,176.539993,170.360001,171.850006,158.466736,8301100
2021-11-09,171.25,173.929993,170.949997,173.820007,160.28334,4343000
2021-11-10,171.229996,172.169998,167.550003,168.259995,155.156326,8185200
2021-11-11,169.600006,169.600006,166.630005,166.970001,153.966751,4994900
2021-11-12,167.5,169.679993,167.399994,169.089996,155.921677,5126300
2021-11-15,169.699997,170.360001,168.520004,168.850006,155.700378,3856700
2021-11-16,169.25,174.0,169.25,171.830002,158.448318,4401000
2021-11-17,171.600006,172.740005,170.25,171.740005,158.365295,3940200
2021-11-18,172.330002,173.460007,170.360001,171.350006,158.005692,4044200
2021-11-19,172.149994,177.199997,170.529999,174.880005,161.260773,6145600
2021-11-22,174.979996,177.75,174.229996,174.240005,160.670639,5906400
2021-11-23,173.050003,173.429993,170.410004,172.149994,158.743378,5302100
2021-11-24,168.490005,172.429993,167.669998,172.029999,158.632721,4637600
2021-11-26,168.059998,169.679993,167.539993,168.020004,154.934982,4751100
2021-11-29,169.830002,171.149994,169.229996,169.869995,156.640884,5448700
2021-11-30,168.789993,171.550003,167.529999,169.240005,156.059998,11033700
2021-12-01,170.889999,173.369995,166.679993,166.699997,153.717789,6618200
2021-12-02,167.279999,170.550003,167.0,170.0,156.760834,4398900
2021-12-03,170.619995,172.070007,166.759995,170.240005,157.264297,4878500
2021-12-06,170.830002,171.210007,168.059998,168.910004,156.03566,5636900
2021-12-07,171.110001,173.350006,170.399994,171.289993,158.234207,5898700
2021-12-08,171.220001,171.789993,169.839996,170.25,157.273499,5614400
2021-12-09,169.289993,171.169998,167.990005,168.100006,155.287369,5171600
2021-12-10,168.5,170.240005,167.330002,169.059998,156.17421,4791100
2021-12-13,168.809998,169.389999,165.259995,166.839996,154.123413,5972300
2021-12-14,166.289993,167.080002,164.210007,165.399994,152.793182,4872200
2021-12-15,165.0,165.669998,161.820007,163.899994,151.407562,7144600
2021-12-16,162.699997,165.940002,162.529999,162.720001,150.317459,7138100
2021-12-17,161.630005,162.860001,160.550003,161.360001,149.061111,7705100
2021-12-20,159.339996,159.600006,155.470001,156.979996,145.014938,8411900
2021-12-21,166.690002,171.190002,164.710007,166.630005,153.929428,13862900
2021-12-22,167.240005,169.0,164.089996,165.440002,152.830124,5811300
2021-12-23,166.25,167.160004,165.440002,165.669998,153.042633,3876900
2021-12-27,166.520004,167.690002,165.479996,167.580002,154.806992,3769300
2021-12-28,167.800003,168.25,166.300003,166.419998,153.735397,2658600
2021-12-29,167.070007,169.800003,166.600006,168.779999,155.915543,3830900
2021-12-30,168.309998,170.119995,167.199997,167.490005,154.723877,2666800
2021-12-31,167.559998,167.720001,166.210007,166.669998,153.966354,2752000
2022-01-03,167.529999,167.910004,163.309998,164.669998,152.11882,5670500
2022-01-04,165.880005,167.179993,165.0,166.389999,153.707718,6064200
2022-01-05,166.490005,167.009995,162.100006,162.25,149.88327,5021000
2022-01-06,162.089996,163.190002,159.059998,161.039993,148.765503,4144600
2022-01-07,160.770004,161.139999,156.860001,156.970001,145.005692,5108000
2022-01-10,150.520004,151.330002,148.779999,150.440002,138.97345,10439000
2022-01-11,150.479996,150.839996,147.600006,150.300003,138.844131,8175400
2022-01-12,152.130005,153.460007,150.740005,152.210007,140.608505,6351200
2022-01-13,153.199997,153.600006,149.020004,149.589996,138.188202,4990900
2022-01-14,148.389999,148.839996,146.850006,148.179993,136.885651,6030500
2022-01-18,148.059998,148.830002,146.300003,146.949997,135.749451,6931000
2022-01-19,147.759995,149.100006,145.020004,145.110001,134.049698,4823800
2022-01-20,145.460007,147.380005,142.5,142.729996,131.851105,5366500
2022-01-21,144.320007,146.360001,142.850006,142.949997,132.054291,7553400
2022-01-24,140.809998,146.309998,139.559998,146.0,134.871841,9733200
2022-01-25,144.970001,147.960007,142.509995,145.479996,134.391495,8195400
2022-01-26,147.779999,148.970001,142.729996,143.990005,133.01506,7444600
2022-01-27,144.990005,147.350006,143.580002,144.639999,133.615494,6396400
2022-01-28,144.119995,146.029999,140.610001,145.910004,134.788712,6130200
2022-01-31,146.270004,148.179993,145.220001,148.070007,136.784073,6932200
2022-02-01,149.5,149.679993,146.800003,148.220001,136.922653,6695000
2022-02-02,148.350006,149.460007,147.529999,148.710007,137.375275,5491700
2022-02-03,147.399994,148.460007,144.970001,145.309998,134.234436,5240200
2022-02-04,145.369995,146.479996,143.639999,145.389999,134.308319,4313400
2022-02-07,145.300003,146.119995,144.220001,145.139999,134.077408,3877500
2022-02-08,144.740005,145.5,142.300003,143.529999,132.590088,5829400
2022-02-09,146.110001,147.360001,145.669998,146.259995,135.11203,4551000
2022-02-10,143.960007,147.539993,143.850006,144.820007,133.781799,5142600
2022-02-11,144.759995,145.059998,139.559998,140.179993,129.495438,6710500
2022-02-14,140.080002,143.210007,139.789993,141.589996,130.798004,6841200
2022-02-15,144.220001,146.320007,144.100006,145.580002,134.483826,7820200
2022-02-16,145.020004,146.949997,144.610001,146.490005,135.324493,4817500
2022-02-17,145.539993,146.910004,142.639999,142.800003,131.915787,5202300
2022-02-18,143.369995,143.940002,141.809998,142.949997,132.054291,5177400
2022-02-22,141.589996,141.639999,136.160004,138.190002,127.657135,9604500
2022-02-23,139.660004,140.970001,136.509995,136.830002,126.400772,7636600
2022-02-24,133.0,137.419998,130.929993,137.169998,126.714836,8417200
2022-02-25,138.130005,139.220001,136.190002,138.800003,128.220627,5424500
2022-02-28,137.059998,138.380005,135.039993,136.550003,126.142105,6613300
2022-03-01,136.720001,136.75,131.149994,132.220001,122.142151,6534000
2022-03-02,132.979996,136.610001,132.770004,135.679993,125.338425,7743900
2022-03-03,136.740005,136.800003,133.449997,133.970001,123.758766,4576500
2022-03-04,132.509995,133.619995,130.699997,131.179993,121.457924,7084500
2022-03-07,131.0,131.029999,124.169998,124.440002,115.217468,11383400
2022-03-08,125.239998,125.470001,120.800003,121.209999,112.22686,9089400
2022-03-09,127.379997,129.649994,126.629997,126.949997,117.541451,8845100
2022-03-10,124.019997,126.599998,124.0,126.029999,116.689629,7167400
2022-03-11,127.010002,127.870003,122.510002,122.629997,113.541611,5882000
2022-03-14,121.529999,122.449997,116.75,117.57,108.856606,13884900
2022-03-15,119.839996,120.419998,117.75,119.400002,110.55098,10431300
2022-03-16,122.849998,126.110001,121.93,125.190002,115.911888,11100400
2022-03-17,124.940002,127.410004,123.699997,127.410004,117.967354,6845300
2022-03-18,126.849998,131.460007,126.699997,131.240005,121.513504,10350900
2022-03-21,129.720001,132.309998,128.619995,130.190002,120.541321,14388500
2022-03-22,137.279999,139.0,132.990005,133.089996,123.226387,19731200
2022-03-23,132.639999,135.399994,131.199997,133.0,123.143074,8068800
2022-03-24,133.75,134.190002,131.199997,132.080002,122.291245,5853800
2022-03-25,133.050003,133.869995,131.710007,133.699997,123.791191,6287000
2022-03-28,133.759995,134.860001,132.169998,134.809998,124.818932,5804100
2022-03-29,137.850006,139.75,136.949997,139.139999,128.828003,7275900
2022-03-30,138.979996,139.860001,137.559998,138.539993,128.272507,5545800
2022-03-31,137.830002,138.710007,134.5,134.559998,124.587433,7206500
2022-04-01,134.449997,135.279999,132.75,133.520004,123.624557,5807500
2022-04-04,133.050003,135.210007,132.860001,134.339996,124.383781,5307300
2022-04-05,134.039993,134.679993,132.020004,132.300003,122.494972,5707800
2022-04-06,130.050003,130.300003,126.330002,128.360001,118.846947,6961000
2022-04-07,127.43,129.979996,127.089996,129.380005,119.791351,5320500
2022-04-08,129.440002,129.929993,127.879997,128.149994,118.652512,4877400
2022-04-11,125.099998,126.870003,124.32,124.980003,115.717453,6365400
2022-04-12,125.199997,128.100006,124.339996,125.040001,115.77301,5146800
2022-04-13,125.040001,127.860001,125.040001,127.489998,118.041412,5119300
2022-04-14,129.080002,134.380005,128.889999,133.460007,123.568977,12811300
2022-04-18,132.0,133.389999,130.309998,131.630005,121.874596,5298200
2022-04-19,133.089996,137.479996,132.779999,137.050003,126.892899,7346100
2022-04-20,137.960007,138.649994,135.660004,135.869995,125.800339,5309700
2022-04-21,138.550003,139.139999,135.080002,135.460007,125.420753,6562400
2022-04-22,134.330002,134.929993,128.710007,129.070007,119.504333,7321700
2022-04-25,127.800003,128.940002,124.849998,127.940002,118.458069,6512500
2022-04-26,126.949997,127.589996,120.480003,120.519997,111.587967,7977900
2022-04-27,121.089996,124.0,121.089996,121.239998,112.254608,6007800
2022-04-28,123.169998,127.970001,122.599998,127.050003,117.634026,6551600
2022-04-29,126.220001,128.449997,124.25,124.699997,115.458183,5867900
2022-05-02,124.43,126.18,122.800003,126.080002,116.735916,5428400
2022-05-03,125.019997,125.760002,120.220001,122.860001,113.754547,8201200
2022-05-04,122.540001,126.199997,120.080002,126.059998,116.717407,6924000
2022-05-05,124.110001,124.75,116.519997,118.629997,109.838051,8411600
2022-05-06,113.739998,115.900002,110.660004,114.489998,106.004883,11237500
2022-05-09,112.970001,114.43,110.589996,111.209999,102.967964,7506000
2022-05-10,113.029999,113.440002,108.349998,109.489998,101.37545,7526900
2022-05-11,110.699997,111.150002,107.589996,107.919998,99.921806,6611800
2022-05-12,105.18,109.879997,105.0,107.900002,99.903282,10245400
2022-05-13,110.260002,113.110001,108.669998,113.010002,104.63459,9618800
2022-05-16,112.980003,113.440002,111.559998,112.599998,104.254967,5722500
2022-05-17,115.5,117.099998,113.07,115.900002,107.310402,6026100
2022-05-18,112.5,113.360001,108.779999,109.370003,101.264328,8188300
2022-05-19,108.949997,109.110001,106.279999,106.440002,98.551498,7702000
2022-05-20,108.669998,109.690002,105.07,108.0,99.99588,7621900
2022-05-23,107.470001,108.75,105.82,108.629997,100.579178,7136400
2022-05-24,107.110001,107.989998,104.730003,107.290001,99.338493,6023400
2022-05-25,103.459999,108.889999,103.459999,108.199997,100.181038,7158800
2022-05-26,110.0,113.5,110.0,112.940002,104.569748,6520300
2022-05-27,114.220001,116.010002,114.010002,115.989998,107.3937,5043000
2022-05-31,117.5,119.790001,114.449997,118.849998,110.04174,13774600
2022-06-01,119.830002,120.75,117.610001,118.68,109.884346,5543100
2022-06-02,119.510002,123.580002,119.260002,123.410004,114.263809,5838100
2022-06-03,120.209999,122.540001,120.0,120.949997,112.263557,5201500
2022-06-06,121.5,122.139999,119.43,120.230003,111.595268,3963400
2022-06-07,118.660004,121.970001,118.459999,121.669998,112.931847,5373600
2022-06-08,120.900002,123.82,120.449997,122.400002,113.609421,4365800
2022-06-09,121.349998,122.029999,118.589996,118.599998,110.082344,3892600
2022-06-10,117.089996,117.089996,114.260002,114.730003,106.490265,6292600
2022-06-13,110.389999,112.019997,109.239998,110.440002,102.508392,6423100
2022-06-14,110.370003,111.889999,110.010002,110.720001,102.76828,4548400
2022-06-15,112.160004,114.720001,111.209999,113.440002,105.292938,4828700
2022-06-16,109.510002,109.900002,105.720001,107.120003,99.426819,7384800
2022-06-17,106.150002,108.550003,105.849998,107.339996,99.63102,10256800
2022-06-21,108.459999,109.82,108.040001,108.68,100.874794,6211400
2022-06-22,105.400002,106.900002,104.610001,104.919998,97.384819,9884000
2022-06-23,105.010002,108.099998,104.410004,108.0,100.243614,8898400
2022-06-24,109.93,112.940002,109.610001,112.910004,104.80098,10463700
2022-06-27,112.239998,113.209999,109.839996,110.5,102.564064,12644700
2022-06-28,108.199997,114.050003,102.480003,102.779999,95.398506,31296500
2022-06-29,102.989998,105.610001,101.529999,103.25,95.834755,10326600
2022-06-30,101.940002,103.379997,100.779999,102.199997,94.860146,9027400
2022-07-01,101.639999,102.5,99.529999,101.18,93.913414,7934300
2022-07-05,100.449997,104.379997,100.110001,104.32,96.827904,9948800
2022-07-06,104.889999,105.720001,103.449997,104.230003,96.744377,6432900
2022-07-07,105.650002,108.279999,105.269997,108.129997,100.364288,7633900
2022-07-08,106.580002,108.610001,106.510002,107.93,100.17865,5938600
2022-07-11,106.599998,107.089996,104.870003,105.110001,97.56118,4935200
2022-07-12,105.010002,105.860001,103.150002,103.760002,96.308136,6017400
2022-07-13,101.940002,105.879997,101.559998,105.110001,97.56118,5299400
2022-07-14,103.110001,103.800003,101.849998,103.220001,95.8069,6951300
2022-07-15,104.760002,105.620003,103.93,104.699997,97.180618,7862000
2022-07-18,106.190002,106.68,103.68,103.940002,96.475212,6834800
2022-07-19,105.599998,109.580002,105.43,109.190002,101.348152,8973900
2022-07-20,109.220001,111.629997,108.870003,111.110001,103.130249,5884600
2022-07-21,110.370003,111.669998,110.07,111.620003,103.60363,4291400
2022-07-22,111.93,111.93,108.75,109.120003,101.28318,6039300
2022-07-25,109.610001,109.610001,107.68,109.279999,101.431686,5079500
2022-07-26,107.480003,107.93,104.57,105.199997,97.644707,8459500
2022-07-27,106.300003,108.379997,105.75,107.860001,100.113693,7437000
2022-07-28,109.43,112.400002,108.029999,112.230003,104.169838,6773500
2022-07-29,112.760002,115.209999,111.5,114.919998,106.666626,7560000
2022-08-01,114.0,115.550003,113.25,114.300003,106.091187,4802900
2022-08-02,113.57,113.779999,111.669998,111.769997,103.742859,6334400
2022-08-03,113.419998,115.099998,112.580002,114.279999,106.072601,5986500
2022-08-04,114.639999,115.349998,113.830002,114.480003,106.25824,4332000
2022-08-05,112.790001,114.300003,112.57,113.870003,105.692047,4162200
2022-08-08,114.0,115.580002,113.309998,114.0,105.812706,6071600
2022-08-09,111.32,111.75,108.82,110.110001,102.202072,7377600
2022-08-10,113.239998,113.830002,111.860001,113.139999,105.014465,6951800
2022-08-11,114.879997,116.75,113.730003,114.099998,105.905525,5582100
2022-08-12,114.389999,116.129997,113.769997,116.07,107.734047,4407900
2022-08-15,115.449997,116.580002,114.849998,116.32,107.966087,4279000
2022-08-16,115.940002,118.470001,115.809998,118.059998,109.581123,6189800
2022-08-17,116.769997,117.980003,116.410004,117.040001,108.634384,5108400
2022-08-18,116.0,116.68,115.300003,116.010002,107.67836,4750200
2022-08-19,115.5,115.650002,113.029999,113.160004,105.033051,5967600
2022-08-22,111.019997,111.68,109.839996,110.339996,102.415558,5802900
2022-08-23,110.839996,112.830002,110.57,110.68,102.73114,4806700
2022-08-24,110.68,112.43,110.019997,111.410004,103.40873,4769000
2022-08-25,111.900002,113.339996,111.389999,113.220001,105.088715,5433700
2022-08-26,113.309998,113.730003,108.230003,108.279999,100.503517,6203600
2022-08-29,106.809998,108.540001,106.440002,107.879997,100.132225,4132400
2022-08-30,108.970001,110.080002,107.129997,107.860001,100.113693,5129500
2022-08-31,107.959999,108.010002,105.809998,106.449997,98.804939,8884800
2022-09-01,105.800003,106.550003,103.800003,106.489998,98.842072,5590800
2022-09-02,107.459999,108.150002,105.050003,105.739998,98.427841,7763800
2022-09-06,105.440002,106.410004,103.68,105.150002,97.878624,9158900
2022-09-07,105.080002,108.559998,105.0,108.480003,100.978371,7238300
2022-09-08,107.0,108.790001,106.080002,108.730003,101.211075,5628300
2022-09-09,109.379997,111.690002,109.300003,110.970001,103.296173,5171500
2022-09-12,111.379997,113.360001,111.379997,112.379997,104.608658,4836900
2022-09-13,108.839996,108.910004,105.440002,105.720001,98.40921,5955600
2022-09-14,106.129997,107.360001,105.150002,107.0,99.600708,4888700
2022-09-15,106.150002,108.139999,104.830002,105.5,98.20443,6598900
2022-09-16,104.07,105.290001,103.25,104.120003,96.919861,8000800
2022-09-19,103.690002,107.370003,103.330002,107.209999,99.796196,5162300
2022-09-20,103.82,104.440002,101.709999,102.419998,95.337425,10006600
2022-09-21,102.669998,103.629997,99.769997,99.790001,92.889313,6279300
2022-09-22,99.790001,100.209999,97.830002,98.550003,91.735046,9638800
2022-09-23,96.919998,97.540001,95.339996,97.019997,90.310844,9026500
2022-09-26,96.089996,97.730003,95.709999,96.059998,89.417221,8521600
2022-09-27,97.07,97.739998,95.0,96.290001,89.631332,9890300
2022-09-28,97.110001,99.43,96.760002,98.699997,91.874664,9423300
2022-09-29,98.110001,98.110001,94.480003,95.330002,88.737709,19339200
2022-09-30,83.300003,86.199997,82.5,83.120003,77.37207,48176100
2022-10-03,83.129997,86.470001,82.220001,85.400002,79.4944,19108200
2022-10-04,87.699997,89.07,87.110001,88.639999,82.510353,15114800
2022-10-05,87.489998,91.699997,87.150002,91.099998,84.800232,12732700
2022-10-06,90.489998,92.639999,89.809998,90.169998,83.93454,9951900
2022-10-07,88.540001,88.760002,86.690002,87.160004,81.13269,8554700
2022-10-10,87.760002,87.779999,85.07,86.690002,80.69519,7991200
2022-10-11,86.040001,88.25,85.75,87.989998,81.905289,11903200
2022-10-12,88.0,88.879997,87.309998,88.510002,82.389343,8772900
2022-10-13,86.389999,89.809998,86.050003,89.559998,83.366714,9335000
2022-10-14,90.510002,90.879997,87.489998,87.550003,81.495728,7811700
2022-10-17,89.529999,90.690002,88.699997,89.970001,83.748375,8451900
2022-10-18,92.599998,92.910004,89.150002,89.68,83.478409,7364700
2022-10-19,88.260002,89.739998,87.760002,88.57,82.445183,5102000
2022-10-20,89.470001,90.580002,86.610001,86.830002,80.825493,13500000
2022-10-21,87.019997,88.779999,86.709999,88.5,82.380028,7976300
2022-10-24,87.790001,88.839996,86.239998,88.010002,81.923904,8847100
2022-10-25,88.029999,91.93,87.889999,91.720001,85.377357,8639900
2022-10-26,90.779999,94.349998,90.699997,92.389999,86.001015,8648200
2022-10-27,92.879997,93.480003,90.220001,90.540001,84.278946,8617900
2022-10-28,91.199997,93.879997,90.459999,93.830002,87.341438,6022400
2022-10-31,93.0,93.889999,92.68,92.68,86.270958,6426400
2022-11-01,95.690002,96.459999,92.970001,93.769997,87.285583,7250700
2022-11-02,93.129997,94.440002,90.190002,90.300003,84.055542,7176600
2022-11-03,89.970001,91.610001,88.720001,90.400002,84.148621,6550300
2022-11-04,94.449997,98.230003,93.949997,95.790001,89.165916,12543300
2022-11-07,96.309998,96.870003,92.669998,93.440002,86.978416,9094500
2022-11-08,94.440002,96.029999,92.940002,93.75,87.266983,7017800
2022-11-09,92.669998,93.900002,91.959999,92.099998,85.731071,6550900
2022-11-10,96.330002,99.68,96.230003,99.489998,92.610031,9361000
2022-11-11,100.309998,107.209999,100.139999,106.089996,98.753616,12597500
2022-11-14,105.199997,106.440002,104.32,104.389999,97.171181,7134900
2022-11-15,107.989998,109.309998,105.529999,106.709999,99.330765,7242900
2022-11-16,105.25,106.599998,104.769997,105.230003,97.95311,5998700
2022-11-17,104.110001,105.400002,102.919998,105.360001,98.074104,5252900
2022-11-18,107.629997,107.720001,104.169998,105.419998,98.129974,5498900
2022-11-21,104.610001,105.480003,103.599998,103.830002,96.649925,4774800
2022-11-22,104.620003,106.160004,103.839996,105.970001,98.641937,5313200
2022-11-23,106.0,106.980003,105.230003,106.650002,99.27491,3873100
2022-11-25,106.449997,107.18,105.559998,105.959999,98.632614,3426100
2022-11-28,105.25,106.300003,104.650002,104.959999,97.70179,6967400
2022-11-29,105.370003,106.82,105.120003,106.25,98.90258,8494400
2022-11-30,107.080002,109.690002,105.449997,109.690002,102.104691,16251000
2022-12-01,110.089996,111.860001,109.550003,111.110001,103.426476,7822900
2022-12-02,108.650002,112.709999,108.339996,112.199997,104.761681,5892000
2022-12-05,111.019997,111.129997,109.190002,109.620003,102.352737,6220100
2022-12-06,109.650002,110.529999,106.75,107.93,100.774757,7086100
2022-12-07,107.32,109.120003,107.059998,108.330002,101.148262,5751500
2022-12-08,108.599998,111.489998,108.459999,111.360001,103.977386,6192800
2022-12-09,110.220001,111.379997,109.260002,109.419998,102.165985,5677700
2022-12-12,110.099998,112.169998,109.709999,112.07,104.640297,6426000
2022-12-13,115.610001,116.449997,111.25,112.849998,105.368599,8655300
2022-12-14,113.699997,114.120003,110.230003,111.449997,104.061401,7528500
2022-12-15,109.190002,109.620003,107.730003,108.510002,101.316322,7500700
2022-12-16,106.870003,107.610001,105.120003,105.949997,98.926033,14083600
2022-12-19,104.989998,105.510002,102.449997,103.050003,96.218292,10620300
2022-12-20,103.0,103.400002,101.68,103.209999,96.367676,17147900
2022-12-21,116.760002,119.18,115.339996,115.779999,108.104355,32777300
2022-12-22,114.290001,116.82,114.059998,116.709999,108.972687,17147600
2022-12-23,116.110001,117.169998,115.779999,116.25,108.543205,6603700
2022-12-27,116.470001,118.199997,115.82,117.559998,109.766357,6661100
2022-12-28,117.580002,118.239998,114.959999,114.980003,107.357384,5437800
2022-12-29,116.080002,118.07,115.800003,117.349998,109.570274,4588600
2022-12-30,116.559998,117.25,115.769997,117.010002,109.2528,4355500
2023-01-03,118.550003,119.489998,117.440002,118.75,110.877449,8124800
2023-01-04,119.959999,122.230003,119.529999,121.209999,113.17437,8550700
2023-01-05,120.279999,122.339996,120.080002,120.620003,112.623482,6046700
2023-01-06,122.0,125.360001,121.769997,124.529999,116.274269,10080700
2023-01-09,125.0,126.610001,124.550003,124.849998,116.573059,9397900
2023-01-10,125.209999,126.330002,124.370003,125.839996,117.497414,5899900
2023-01-11,126.32,128.259995,126.010002,127.940002,119.458214,6989200
2023-01-12,128.350006,128.460007,126.459999,127.889999,119.41153,8366400
2023-01-13,126.660004,129.229996,126.660004,128.850006,120.307884,4856500
2023-01-17,128.0,129.050003,127.830002,128.139999,119.644951,6172200
2023-01-18,127.800003,128.589996,126.0,126.43,118.048302,6828800
2023-01-19,124.790001,125.440002,123.610001,124.529999,116.274269,5273500
2023-01-20,124.68,126.639999,124.040001,126.620003,118.2257,5673200
2023-01-23,126.900002,128.75,126.540001,128.289993,119.784988,5581600
2023-01-24,126.809998,128.009995,120.449997,126.830002,118.421791,5486200
2023-01-25,125.860001,127.010002,124.830002,126.82,118.41246,5933700
2023-01-26,128.460007,128.990005,126.010002,127.529999,119.075371,5838800
2023-01-27,127.07,128.580002,126.699997,127.529999,119.075371,5730000
2023-01-30,126.5,127.559998,126.209999,126.370003,117.992294,6494600
2023-01-31,126.419998,127.849998,126.010002,127.330002,118.888634,7686900
2023-02-01,127.900002,130.220001,126.220001,129.5,120.91478,6387900
2023-02-02,130.449997,131.309998,127.860001,129.059998,120.503952,5214500
2023-02-03,126.790001,129.419998,126.440002,127.610001,119.150085,4930200
2023-02-06,125.519997,126.099998,124.32,125.730003,117.394722,4666400
2023-02-07,123.959999,125.93,123.25,125.330002,117.021233,5288900
2023-02-08,123.379997,124.099998,121.800003,122.910004,114.761665,5877800
2023-02-09,124.709999,125.019997,121.5,122.18,114.080078,5929000
2023-02-10,121.510002,122.639999,120.540001,122.230003,114.12674,5195500
2023-02-13,122.82,125.720001,122.459999,125.150002,116.853172,5689800
2023-02-14,123.949997,126.360001,123.739998,126.199997,117.833565,4845900
2023-02-15,124.900002,127.5,124.900002,127.480003,119.028717,5687900
2023-02-16,125.43,127.209999,124.110001,124.379997,116.134201,4722200
2023-02-17,123.709999,124.889999,123.440002,124.839996,116.563721,5161500
2023-02-21,123.279999,124.0,120.980003,121.099998,113.071663,5110300
2023-02-22,121.099998,121.400002,119.639999,119.900002,111.951225,5022000
2023-02-23,120.760002,120.760002,118.550003,119.959999,112.00724,4101900
2023-02-24,117.970001,118.739998,117.339996,118.040001,110.214508,4693000
2023-02-27,119.260002,119.82,118.32,118.529999,110.672035,4239800
2023-02-28,118.739998,120.400002,117.849998,118.790001,110.914818,8414100
2023-03-01,117.949997,119.790001,117.830002,118.580002,110.718719,4120500
2023-03-02,117.550003,119.959999,117.550003,119.580002,111.65242,4443200
2023-03-03,120.129997,121.040001,119.019997,120.940002,113.244247,3871800
2023-03-06,121.129997,121.989998,119.959999,120.169998,112.523239,5183800
2023-03-07,120.199997,121.019997,119.230003,119.589996,111.980148,5345700
2023-03-08,119.269997,120.040001,118.730003,119.860001,112.232964,4175200
2023-03-09,120.080002,121.860001,117.550003,117.870003,110.369598,5635900
2023-03-10,118.830002,118.989998,116.639999,117.489998,110.013786,5979600
2023-03-13,115.82,118.290001,115.790001,116.860001,109.423889,6038200
2023-03-14,119.0,119.489998,117.230003,119.0,111.427696,6050800
2023-03-15,116.32,118.629997,115.809998,118.169998,110.650505,6599200
2023-03-16,116.860001,120.809998,116.610001,120.650002,112.97271,5658700
2023-03-17,121.169998,121.730003,118.669998,120.389999,112.729248,12868900
2023-03-20,120.989998,122.68,119.809998,121.199997,113.487701,7594100
2023-03-21,123.5,126.059998,122.970001,125.610001,117.617088,15078800
2023-03-22,123.660004,125.260002,119.330002,119.5,111.895882,17625500
2023-03-23,120.470001,123.269997,119.470001,120.970001,113.272346,7628100
2023-03-24,120.230003,121.0,119.32,120.709999,113.028885,6158800
2023-03-27,121.019997,121.07,117.610001,117.809998,110.313416,6564200
2023-03-28,117.949997,118.440002,116.849998,117.870003,110.369598,4461400
2023-03-29,118.639999,120.57,118.489998,120.489998,112.822884,5644000
2023-03-30,121.029999,121.440002,119.339996,120.099998,112.45771,4578900
2023-03-31,120.919998,122.709999,120.599998,122.639999,114.836067,5659400
2023-04-03,122.5,122.849998,120.82,121.669998,113.927803,4838400
2023-04-04,121.379997,123.949997,121.360001,123.690002,115.81926,5895300
2023-04-05,123.0,123.330002,120.559998,120.900002,113.206795,4331400
2023-04-06,119.510002,120.489998,117.849998,120.220001,112.570061,4256900
2023-04-10,119.300003,121.910004,119.129997,121.910004,114.152534,3731200
2023-04-11,122.040001,124.080002,122.040001,123.300003,115.454094,4471000
2023-04-12,124.760002,124.860001,123.220001,123.660004,115.791183,4524900
2023-04-13,124.639999,126.669998,124.459999,126.43,118.384911,5355300
2023-04-14,127.0,127.489998,125.489998,125.949997,117.93544,4828700
2023-04-17,126.029999,126.480003,125.129997,126.190002,118.160194,3917900
2023-04-18,127.230003,127.279999,125.019997,126.209999,118.178902,3857700
2023-04-19,126.0,126.080002,124.919998,125.669998,117.673264,3547400
2023-04-20,124.800003,125.349998,123.709999,124.449997,116.530891,3891600
2023-04-21,124.400002,125.68,123.620003,125.529999,117.542168,3651400
2023-04-24,125.510002,127.129997,125.150002,127.089996,119.002922,3790900
2023-04-25,126.529999,126.769997,124.050003,124.660004,116.727531,4383300
2023-04-26,124.209999,124.980003,123.290001,123.839996,115.959709,4003200
2023-04-27,124.440002,126.010002,123.139999,125.699997,117.701355,4252100
2023-04-28,125.150002,127.07,124.959999,126.720001,118.656456,4421400
2023-05-01,126.919998,128.679993,126.860001,127.919998,119.780106,4112600
2023-05-02,127.150002,127.580002,125.169998,127.260002,119.162109,3831600
2023-05-03,125.489998,128.380005,123.669998,126.739998,118.675171,4560100
2023-05-04,124.940002,125.190002,122.82,123.669998,115.800537,6177100
2023-05-05,125.93,127.029999,125.220001,126.589996,118.534721,4887800
2023-05-08,127.260002,127.690002,125.980003,126.879997,118.806274,3892600
2023-05-09,125.269997,125.660004,124.169998,125.099998,117.139549,4082100
2023-05-10,126.290001,126.459999,122.169998,123.510002,115.650711,5052600
2023-05-11,123.449997,123.860001,121.900002,122.220001,114.442795,5923100
2023-05-12,120.989998,121.199997,119.029999,120.209999,112.560707,6574200
2023-05-15,119.82,119.989998,118.010002,119.830002,112.20488,5518200
2023-05-16,117.5,117.839996,116.120003,116.480003,109.068062,8306400
2023-05-17,116.379997,117.129997,115.25,116.980003,109.536232,7765400
2023-05-18,117.43,119.150002,116.849998,118.870003,111.305977,5970500
2023-05-19,114.559998,115.489998,113.099998,114.760002,107.457504,11674300
2023-05-22,112.849998,112.849998,110.019997,110.18,103.168945,12710300
2023-05-23,109.769997,111.059998,108.190002,108.779999,101.858017,11790400
2023-05-24,109.0,109.099998,107.199997,108.290001,101.399216,8503200
2023-05-25,108.349998,108.970001,107.419998,107.480003,100.640755,6729800
2023-05-26,107.0,108.449997,107.0,107.510002,100.668839,7911200
2023-05-30,108.400002,108.879997,106.269997,106.519997,99.741821,9335200
2023-05-31,105.699997,106.169998,104.830002,105.260002,98.562019,21465200
2023-06-01,104.18,104.599998,102.900002,103.629997,97.035744,12025200
2023-06-02,107.629997,108.419998,106.129997,107.779999,101.25386,11838200
2023-06-05,107.879997,107.879997,105.18,105.199997,98.83007,7434000
2023-06-06,105.489998,106.75,105.199997,106.190002,99.760139,7896300
2023-06-07,106.040001,108.239998,105.419998,107.089996,100.605637,11123900
2023-06-08,107.160004,107.519997,105.669998,106.199997,99.769531,9137600
2023-06-09,105.910004,106.279999,105.349998,105.860001,99.450119,5795200
2023-06-12,106.290001,106.849998,104.599998,106.830002,100.361382,7964600
2023-06-13,107.139999,107.480003,106.290001,106.779999,100.314415,8460500
2023-06-14,107.480003,113.400002,107.480003,112.860001,106.02626,17415500
2023-06-15,111.830002,112.82,110.160004,112.410004,105.603523,10374200
2023-06-16,114.0,114.760002,113.059998,113.589996,106.712059,14445500
2023-06-20,111.410004,112.82,108.959999,109.540001,102.907288,10602400
2023-06-21,109.129997,110.360001,108.709999,109.980003,103.320656,8377800
2023-06-22,110.82,111.25,109.779999,110.459999,103.771584,6002900
2023-06-23,107.75,110.290001,107.300003,109.519997,102.888504,14329200
2023-06-26,109.669998,112.209999,109.669998,111.739998,104.974068,6887100
2023-06-27,112.529999,114.18,112.43,113.610001,106.730843,7138600
2023-06-28,113.339996,113.75,112.120003,113.029999,106.185966,6766000
2023-06-29,113.599998,114.269997,112.610001,113.370003,106.505386,12465500
2023-06-30,111.589996,112.25,109.800003,110.370003,103.687035,19629600
2023-07-03,111.059998,111.300003,109.110001,109.110001,102.503334,5734200
2023-07-05,108.620003,108.910004,106.540001,107.099998,100.615028,10405300
2023-07-06,105.290001,106.089996,103.669998,105.099998,98.73613,9923500
2023-07-07,104.800003,105.470001,104.029999,104.459999,98.134895,7463100
2023-07-10,104.480003,106.309998,104.25,105.779999,99.374969,5374600
2023-07-11,105.650002,107.620003,105.620003,107.389999,100.887466,5454900
2023-07-12,108.529999,109.089996,107.220001,107.760002,101.235077,8305000
2023-07-13,109.07,109.129997,107.68,107.839996,101.310234,6692300
2023-07-14,107.940002,108.639999,107.190002,107.949997,101.413574,6933600
2023-07-17,107.260002,109.099998,106.760002,108.709999,102.127541,6682900
2023-07-18,108.580002,110.339996,108.309998,109.720001,103.076393,5717200
2023-07-19,109.080002,110.25,108.580002,109.879997,103.226707,5027100
2023-07-20,109.57,110.019997,107.480003,107.529999,101.019012,6458000
2023-07-21,108.0,109.290001,107.510002,109.059998,102.456352,6631600
2023-07-24,110.410004,110.550003,108.510002,108.769997,102.183914,6787600
2023-07-25,108.279999,108.849998,107.389999,108.300003,101.742386,7692800
2023-07-26,108.300003,109.589996,107.949997,109.300003,102.681816,5148900
2023-07-27,109.830002,110.230003,107.400002,107.669998,101.15052,6544600
2023-07-28,108.110001,108.959999,107.629997,108.620003,102.042992,5988300
2023-07-31,109.410004,110.849998,109.050003,110.389999,103.705826,6406000
2023-08-01,110.0,110.529999,109.139999,109.400002,102.775764,4566700
2023-08-02,108.279999,108.519997,107.449997,107.510002,101.000198,6213200
2023-08-03,107.0,109.089996,106.650002,108.639999,102.061806,5084300
2023-08-04,108.709999,110.309998,108.239998,108.809998,102.221497,5621400
2023-08-07,109.870003,110.940002,109.18,110.480003,103.79039,4887300
2023-08-08,109.629997,109.889999,107.349998,109.690002,103.048203,5851900
2023-08-09,109.790001,110.019997,108.300003,109.690002,103.048203,4328600
2023-08-10,110.309998,111.949997,108.519997,109.029999,102.428185,7276500
2023-08-11,108.900002,109.529999,107.860001,108.089996,101.545082,5104300
2023-08-14,107.919998,108.300003,107.07,107.639999,101.12233,5305200
2023-08-15,106.07,106.82,105.599998,106.550003,100.098343,6197600
2023-08-16,106.07,108.379997,106.07,106.529999,100.079544,5953100
2023-08-17,107.43,107.830002,104.779999,105.050003,98.689156,5692800
2023-08-18,103.830002,105.050003,103.760002,104.809998,98.463699,5836100
2023-08-21,105.470001,105.480003,102.629997,102.860001,96.631767,6697600
2023-08-22,100.959999,102.370003,100.730003,101.459999,95.316536,9814700
2023-08-23,96.980003,99.190002,96.550003,98.75,92.770638,20909100
2023-08-24,98.699997,99.190002,97.559998,97.629997,91.718445,10310000
2023-08-25,98.5,99.089996,97.809998,98.839996,92.855179,7290600
2023-08-28,99.589996,100.059998,98.870003,99.629997,93.597351,6006600
2023-08-29,100.029999,102.160004,99.720001,101.769997,95.607758,8641600
2023-08-30,101.639999,102.809998,101.510002,102.099998,95.917778,4822100
2023-08-31,102.620003,102.889999,101.610001,101.709999,95.551392,7046200
2023-09-01,101.970001,102.959999,101.519997,102.360001,96.484581,6359400
2023-09-05,101.5,101.959999,100.230003,100.32,94.561676,6698700
2023-09-06,99.760002,100.309998,99.029999,100.18,94.42971,6096000
2023-09-07,98.260002,98.760002,97.639999,97.93,92.308861,9927100
2023-09-08,98.099998,98.129997,97.279999,97.669998,92.063789,6435000
2023-09-11,98.330002,98.379997,96.580002,96.790001,91.234299,7584700
2023-09-12,96.989998,97.169998,96.18,96.300003,90.772423,6307700
2023-09-13,96.300003,97.199997,95.660004,96.129997,90.612175,7140700
2023-09-14,96.720001,97.68,95.900002,97.190002,91.611328,7075300
2023-09-15,98.150002,98.150002,96.129997,96.260002,90.734734,10467300
2023-09-18,96.0,96.370003,95.279999,95.510002,90.027771,6946300
2023-09-19,95.040001,95.489998,94.410004,94.620003,89.18885,9386600
2023-09-20,93.970001,95.400002,93.830002,94.040001,88.642136,10274200
2023-09-21,93.419998,93.489998,91.480003,91.589996,86.332779,7958600
2023-09-22,91.580002,92.330002,90.550003,90.849998,85.635254,9289400
2023-09-25,90.0,90.849998,89.790001,90.599998,85.399597,8291700
2023-09-26,90.0,90.699997,89.779999,90.169998,84.994286,8060500
2023-09-27,90.559998,90.699997,89.209999,89.419998,84.287331,7631000
2023-09-28,89.099998,89.779999,88.660004,89.629997,84.485268,16315600
2023-09-29,99.370003,99.470001,94.620003,95.620003,90.13147,34935400
2023-10-02,96.199997,96.379997,93.730003,94.559998,89.132294,12776300
2023-10-03,94.32,96.050003,94.18,95.089996,89.631874,10964300
2023-10-04,95.580002,96.260002,95.120003,95.889999,90.385941,8045400
2023-10-05,95.790001,96.230003,95.279999,95.790001,90.291702,7430000
2023-10-06,95.790001,97.709999,95.059998,97.110001,91.535927,8532900
2023-10-09,96.779999,97.139999,95.919998,96.879997,91.319122,5964200
2023-10-10,97.25,98.860001,97.230003,97.620003,92.016655,8499000
2023-10-11,98.309998,98.949997,98.010002,98.650002,92.987541,7642900
2023-10-12,99.540001,100.050003,98.519997,99.25,93.553078,10705200
2023-10-13,99.589996,100.849998,99.449997,99.910004,94.175201,8774700
2023-10-16,99.720001,102.580002,99.599998,102.040001,96.182938,10845400
2023-10-17,101.970001,103.589996,101.970001,103.010002,97.09729,9253800
2023-10-18,102.970001,103.900002,102.93,103.769997,97.813644,8757300
2023-10-19,103.769997,104.349998,102.849998,103.050003,97.134972,8391100
2023-10-20,103.32,103.769997,102.57,102.669998,96.776794,7823500
2023-10-23,102.129997,103.760002,101.769997,102.809998,96.908745,5966100
2023-10-24,103.660004,105.650002,103.660004,105.18,99.1427,9252200
2023-10-25,104.459999,105.040001,103.489998,103.540001,97.596848,7054700
2023-10-26,102.18,102.629997,99.949997,100.019997,94.278893,11222600
2023-10-27,99.779999,100.339996,97.809998,97.980003,92.355995,9602700
2023-10-30,99.0,102.050003,99.0,101.800003,95.956718,8206700
2023-10-31,101.400002,102.93,101.400002,102.769997,96.87104,6558500
2023-11-01,102.550003,102.669998,99.970001,100.879997,95.089523,7272400
2023-11-02,102.050003,105.550003,101.889999,105.080002,99.048462,8135100
2023-11-03,106.43,107.650002,106.050003,107.059998,100.914803,7568000
2023-11-06,106.959999,107.599998,106.370003,107.25,101.093887,5231900
2023-11-07,107.32,109.360001,107.230003,109.360001,103.082779,7745800
2023-11-08,109.370003,110.699997,108.900002,109.389999,103.111053,8639700
2023-11-09,109.82,109.900002,106.919998,107.0,100.858246,9154200
2023-11-10,107.339996,107.830002,105.610001,106.110001,100.019333,8897700
2023-11-13,105.370003,105.720001,104.18,104.199997,98.218956,7055600
2023-11-14,105.559998,107.099998,105.379997,105.75,99.68,9674800
2023-11-15,106.82,109.059998,106.720001,107.82,101.63118,11140800
2023-11-16,107.099998,108.0,107.0,107.610001,101.433243,5386800
2023-11-17,108.059998,108.209999,105.519997,105.959999,99.877937,6352600
2023-11-20,106.0,106.550003,105.099998,106.32,100.217278,6197400
2023-11-21,106.169998,106.699997,105.349998,106.550003,100.434074,5803500
2023-11-22,107.5,108.029999,106.82,107.919998,101.725441,6280300
2023-11-24,107.5,108.0,107.400002,107.639999,101.461502,2443600
2023-11-27,107.660004,108.220001,106.900002,107.959999,101.763138,5785000
2023-11-28,108.57,109.900002,108.150002,108.75,102.50779,7287400
2023-11-29,110.800003,112.150002,110.150002,110.370003,104.034813,9601800
2023-11-30,110.529999,110.599998,108.959999,110.269997,103.940552,8690900
2023-12-01,110.330002,113.550003,109.75,113.480003,107.326424,8051800
2023-12-04,113.080002,115.32,113.0,115.150002,108.905869,10086600
2023-12-05,114.660004,116.040001,114.599998,115.410004,109.151756,6960000
2023-12-06,116.0,117.139999,115.57,116.110001,109.813812,6317000
2023-12-07,114.120003,116.0,114.120003,114.809998,108.58429,7294500
2023-12-08,114.5,116.290001,114.470001,115.910004,109.624657,6122200
2023-12-11,117.790001,119.419998,117.43,118.610001,112.17823,7972800
2023-12-12,119.68,119.989998,118.580002,119.639999,113.15239,7378400
2023-12-13,119.349998,121.440002,119.199997,121.169998,114.599419,8182900
2023-12-14,121.440002,122.589996,119.82,121.019997,114.45755,9590500
2023-12-15,120.93,122.059998,120.599998,121.550003,114.958817,13633300
2023-12-18,121.410004,121.839996,120.860001,121.139999,114.571045,6874800
2023-12-19,121.739998,123.339996,121.639999,122.639999,115.9897,7697300
2023-12-20,121.129997,123.389999,121.0,121.43,114.845322,9176600
2023-12-21,122.300003,123.300003,121.300003,122.529999,115.885674,16533300
2023-12-22,108.260002,110.800003,107.449997,108.040001,102.181404,46666200
2023-12-26,108.300003,108.690002,107.480003,108.019997,102.162483,12846700
2023-12-27,108.339996,108.589996,106.849998,107.129997,101.320747,10157900
2023-12-28,107.209999,109.400002,106.809998,108.82,102.919121,9352900
2023-12-29,108.959999,109.959999,108.089996,108.57,102.682671,7667500
2024-01-02,107.610001,107.849998,106.449997,106.550003,100.772202,9326600
2024-01-03,105.720001,107.480003,104.0,104.040001,98.3983,10573700
2024-01-04,102.459999,103.620003,102.300003,102.300003,96.752663,10420600
2024-01-05,102.459999,103.68,101.900002,102.080002,96.544609,8044500
2024-01-08,102.080002,103.690002,101.730003,103.620003,98.001083,9414200
2024-01-09,103.169998,103.400002,102.5,102.739998,97.1688,7759500
2024-01-10,102.690002,103.830002,102.370003,103.769997,98.142952,6784700
2024-01-11,104.220001,106.010002,103.730003,105.900002,100.157455,9537700
2024-01-12,106.0,106.32,104.720001,105.059998,99.363007,6680900
2024-01-16,103.940002,104.220001,101.360001,101.720001,96.204109,10547900
2024-01-17,101.050003,101.309998,100.239998,100.82,95.352905,8226200
2024-01-18,101.0,101.43,100.07,100.940002,95.466415,8852400
2024-01-19,101.019997,102.18,99.669998,101.779999,96.260857,8517200
2024-01-22,101.75,101.809998,100.089996,100.559998,95.107018,9897400
2024-01-23,101.629997,102.139999,101.230003,101.900002,96.374359,8208000
2024-01-24,101.779999,101.800003,100.690002,100.760002,95.296181,7879300
2024-01-25,101.529999,101.739998,100.089996,100.769997,95.305618,10063700
2024-01-26,101.57,103.269997,101.220001,102.75,97.178268,9735800
2024-01-29,102.879997,104.010002,101.339996,103.879997,98.246994,8860800
2024-01-30,103.339996,104.309998,103.129997,104.18,98.530716,7542800
2024-01-31,104.089996,104.300003,101.120003,101.529999,96.024429,11547600
2024-02-01,101.900002,102.25,100.610001,101.760002,96.241951,7666700
2024-02-02,100.879997,101.410004,99.43,100.709999,95.248863,8966900
2024-02-05,100.5,100.589996,99.050003,99.68,94.274742,10097900
2024-02-06,99.5,102.629997,99.129997,102.610001,97.045853,11368600
2024-02-07,102.389999,104.339996,102.349998,103.790001,98.16188,9447800
2024-02-08,104.43,104.959999,103.050003,103.769997,98.142952,6330400
2024-02-09,103.800003,104.940002,103.330002,104.5,98.833366,5449000
2024-02-12,104.739998,107.43,104.650002,107.18,101.368042,7501900
2024-02-13,104.989998,105.800003,104.25,105.0,99.306252,6180500
2024-02-14,104.82,106.419998,104.459999,106.330002,100.56414,5743300
2024-02-15,107.019997,107.339996,105.830002,106.050003,100.299316,7201300
2024-02-16,104.629997,104.699997,101.650002,103.510002,97.897057,14590100
2024-02-20,103.129997,103.839996,102.169998,103.300003,97.698441,8759500
2024-02-21,103.349998,105.519997,102.93,105.269997,99.561607,8888100
2024-02-22,105.800003,106.010002,104.080002,105.080002,99.381912,6705500
2024-02-23,105.260002,106.620003,105.190002,105.629997,99.902084,6947300
2024-02-26,105.309998,106.099998,103.760002,104.540001,98.871201,5831500
2024-02-27,104.830002,105.25,103.989998,105.150002,99.44812,5317400
2024-02-28,104.099998,105.440002,103.699997,104.349998,98.69149,4219800
2024-02-29,104.980003,105.57,103.68,103.93,98.294266,10811600
2024-03-01,103.870003,103.940002,101.830002,101.879997,96.699692,7349300
2024-03-04,101.650002,101.769997,99.010002,99.540001,94.478676,11050900
2024-03-05,99.0,99.169998,98.0,98.309998,93.311234,8670600
2024-03-06,100.0,100.099998,97.059998,97.629997,92.665787,10045300
2024-03-07,97.989998,98.400002,97.68,98.190002,93.197327,8133900
2024-03-08,98.489998,99.32,98.019997,99.160004,94.118004,9043500
2024-03-11,99.900002,101.760002,99.440002,101.080002,95.940376,8537400
2024-03-12,100.790001,101.370003,99.650002,100.18,95.086136,7040900
2024-03-13,100.610001,102.0,100.330002,101.360001,96.206146,7326400
2024-03-14,102.199997,102.489998,100.089996,100.260002,95.162064,8350900
2024-03-15,100.300003,101.160004,99.339996,99.639999,94.573601,15208500
2024-03-18,98.980003,99.660004,98.519997,98.739998,93.719353,7207000
2024-03-19,98.5,100.040001,98.440002,99.959999,94.877327,6168900
2024-03-20,99.449997,100.440002,99.029999,100.269997,95.171555,7771700
2024-03-21,100.440002,101.919998,99.760002,100.82,95.693588,17176000
2024-03-22,93.849998,95.169998,91.720001,93.860001,89.087486,41837400
2024-03-25,94.07,95.519997,92.769997,93.75,88.983086,14548800
2024-03-26,93.739998,93.860001,92.410004,92.580002,87.872574,10816900
2024-03-27,93.269997,94.150002,92.32,94.129997,89.343765,11095700
2024-03-28,94.370003,94.809998,93.43,93.980003,89.201393,11331700
2024-04-01,93.809998,93.919998,91.690002,92.559998,87.853584,10360000
2024-04-02,91.760002,91.900002,90.639999,90.949997,86.325447,11107300
2024-04-03,91.010002,91.440002,90.279999,90.330002,85.736977,8876600
2024-04-04,90.949997,91.050003,88.889999,89.07,84.541046,12110300
2024-04-05,89.150002,90.25,88.800003,88.839996,84.322746,9716700
2024-04-08,89.110001,90.260002,88.800003,90.0,85.423759,8452500
2024-04-09,90.0,91.160004,89.870003,91.0,86.372917,7191900
2024-04-10,89.900002,90.099998,88.769997,89.0,84.474609,7932900
2024-04-11,91.230003,92.410004,90.830002,92.0,87.322067,15330200
2024-04-12,92.010002,92.870003,91.120003,92.0,87.322067,10905900
2024-04-15,93.589996,93.919998,92.540001,93.099998,88.36615,11597300
2024-04-16,93.040001,94.190002,91.650002,93.389999,88.641396,10388200
2024-04-17,94.610001,95.07,93.660004,94.839996,90.017662,10181200
2024-04-18,95.160004,95.879997,94.529999,95.739998,90.871895,10062900
2024-04-19,95.419998,96.220001,94.489998,94.529999,89.723419,11241900
2024-04-22,94.629997,95.059998,93.849998,94.190002,89.400711,8642000
2024-04-23,94.370003,94.720001,93.910004,94.019997,89.239342,6582700
2024-04-24,94.099998,95.190002,94.099998,94.639999,89.827835,6493200
2024-04-25,94.0,94.790001,92.440002,93.940002,89.163429,5317900
2024-04-26,94.589996,95.419998,93.910004,94.120003,89.334282,6115700
2024-04-29,94.440002,94.889999,93.699997,94.059998,89.277321,5030700
2024-04-30,92.910004,93.510002,92.25,92.260002,87.568855,6493300
2024-05-01,91.809998,91.870003,90.089996,90.339996,85.746483,9783100
2024-05-02,91.330002,92.449997,90.910004,92.410004,87.71122,7333300
2024-05-03,93.089996,93.650002,91.870003,92.150002,87.464447,5736700
2024-05-06,92.809998,93.370003,92.480003,93.360001,88.612907,6696300
2024-05-07,94.080002,94.32,93.209999,93.779999,89.011551,7113500
2024-05-08,93.120003,93.639999,92.730003,93.589996,88.831223,5372900
2024-05-09,93.639999,93.980003,93.010002,93.389999,88.641396,6429800
2024-05-10,93.07,93.139999,90.879997,90.940002,86.315971,10548400
2024-05-13,91.269997,92.769997,91.150002,92.720001,88.005463,8792100
2024-05-14,92.989998,94.339996,92.599998,92.790001,88.071899,7811000
2024-05-15,92.290001,92.620003,90.849998,91.669998,87.008842,15614400
2024-05-16,91.690002,92.839996,91.529999,91.769997,87.10376,12711700
2024-05-17,92.010002,92.290001,91.339996,92.18,87.492912,12019600
2024-05-20,92.25,92.699997,90.830002,91.769997,87.10376,9701500
2024-05-21,91.57,92.849998,91.449997,92.82,88.10038,7809700
2024-05-22,91.949997,92.760002,91.650002,92.5,87.796646,7611900
2024-05-23,92.449997,92.580002,91.150002,91.400002,86.752579,7729000
2024-05-24,91.769997,92.199997,91.489998,91.75,87.084778,6936800
2024-05-28,91.739998,92.519997,91.349998,92.0,87.322067,10835000
2024-05-29,91.68,92.720001,91.379997,91.669998,87.008842,7237300
2024-05-30,92.230003,93.879997,91.959999,93.449997,88.698318,9300100
2024-05-31,93.5,95.07,92.970001,95.050003,90.216988,12565600
2024-06-03,94.519997,95.25,94.050003,94.400002,89.950188,9668100
2024-06-04,94.290001,95.110001,93.410004,94.739998,90.274147,7838400
2024-06-05,95.32,95.32,93.699997,94.32,89.873962,7463300
2024-06-06,94.860001,96.800003,93.989998,95.720001,91.20797,9760100
2024-06-07,95.389999,97.940002,95.300003,96.550003,91.998848,9397400
2024-06-10,95.730003,96.989998,95.599998,96.0,91.474762,7035100
2024-06-11,95.519997,96.0,94.519997,95.870003,91.350899,7301500
2024-06-12,96.349998,96.5,93.5,93.68,89.264122,9861300
2024-06-13,94.040001,94.529999,93.720001,94.18,89.740547,8348200
2024-06-14,93.800003,94.779999,93.300003,93.389999,88.987793,7426800
2024-06-17,92.010002,95.120003,92.010002,95.0,90.521904,6365400
2024-06-18,94.669998,95.260002,94.209999,94.779999,90.312263,6712000
2024-06-20,93.879997,96.089996,93.519997,95.57,91.065033,9393800
2024-06-21,95.959999,97.209999,95.419998,97.18,92.599136,15124400
2024-06-24,97.300003,98.040001,96.68,97.169998,92.589615,9466900
2024-06-25,97.309998,97.639999,94.5,94.75,90.283676,9006500
2024-06-26,94.089996,94.480003,93.150002,94.059998,89.626205,10160400
2024-06-27,93.769997,94.739998,93.389999,94.190002,89.750076,25772700
2024-06-28,77.129997,79.050003,74.550003,75.370003,71.817223,129967000
2024-07-01,75.5,77.059998,74.290001,76.830002,73.208397,44369000
2024-07-02,76.82,76.940002,75.389999,76.040001,72.455635,26183400
2024-07-03,75.5,75.919998,75.019997,75.239998,71.693336,15952000
2024-07-05,75.360001,76.089996,74.779999,75.43,71.87439,19603700
2024-07-08,75.410004,75.489998,73.0,73.050003,69.606575,29905000
2024-07-09,73.300003,74.139999,72.379997,72.459999,69.044388,23445500
2024-07-10,72.260002,72.639999,71.669998,72.540001,69.120621,21378200
2024-07-11,72.699997,73.75,72.290001,73.389999,69.93055,15876700
2024-07-12,73.57,74.050003,73.169998,73.419998,69.959129,14527500
2024-07-15,73.0,73.010002,71.239998,71.309998,67.948586,20775800
2024-07-16,71.510002,72.959999,71.510002,72.809998,69.377892,20980700
2024-07-17,72.529999,73.339996,72.5,73.07,69.625626,11161600
2024-07-18,72.970001,73.93,72.349998,72.379997,68.968155,14440100
2024-07-19,72.300003,72.82,71.849998,72.699997,69.273071,11913300
2024-07-22,73.120003,75.339996,73.07,74.860001,71.331253,19385500
2024-07-23,74.629997,75.040001,73.239998,73.400002,69.940079,11041800
2024-07-24,73.25,73.389999,71.080002,71.089996,67.73896,18563300
2024-07-25,71.529999,72.43,70.910004,71.410004,68.043884,13855400
2024-07-26,72.0,72.779999,71.870003,72.559998,69.139671,8892000
2024-07-29,72.5,73.870003,72.199997,73.550003,70.083008,10471800
2024-07-30,73.690002,74.489998,73.459999,74.32,70.816704,8515700
2024-07-31,74.5,75.43,73.919998,74.860001,71.331253,14632900
2024-08-01,74.699997,74.790001,73.260002,73.849998,70.368858,9563500
2024-08-02,72.830002,74.129997,71.919998,74.010002,70.521324,11526600
2024-08-05,71.059998,72.620003,70.75,71.419998,68.053413,13191500
2024-08-06,71.660004,73.239998,71.510002,72.5,69.082504,13469700
2024-08-07,72.879997,74.209999,72.529999,72.620003,69.196854,9571200
2024-08-08,73.230003,74.209999,73.050003,74.190002,70.692841,8828000
2024-08-09,74.120003,74.580002,73.370003,74.339996,70.835762,7186600
2024-08-12,74.709999,75.0,74.050003,74.639999,71.12162,7067300
2024-08-13,75.25,79.050003,75.07,78.5,74.799675,22114800
2024-08-14,78.0,79.089996,77.419998,78.519997,74.818726,13613000
2024-08-15,82.099998,83.059998,80.669998,82.5,78.611122,23583600
2024-08-16,82.879997,83.940002,82.440002,83.230003,79.306725,13794200
2024-08-19,83.230003,83.989998,82.919998,83.279999,79.35434,9627300
2024-08-20,83.489998,83.900002,82.769997,83.559998,79.621155,7863100
2024-08-21,83.669998,84.239998,83.220001,84.0,80.040405,6915900
2024-08-22,84.449997,84.68,83.209999,83.410004,79.478226,8485500
2024-08-23,83.339996,84.239998,83.220001,84.050003,80.088058,9219700
2024-08-26,83.470001,84.510002,83.379997,84.279999,80.307213,7853300
2024-08-27,84.07,85.389999,83.610001,85.290001,81.269608,14954000
2024-08-28,85.050003,85.43,81.879997,82.790001,78.887451,11088600
2024-08-29,83.449997,83.889999,82.860001,83.260002,79.335304,7477200
2024-08-30,83.599998,83.879997,82.050003,83.32,79.392464,13755300
2024-09-03,82.709999,82.940002,81.010002,81.32,77.832375,10133700
2024-09-04,80.099998,81.089996,79.669998,81.019997,77.545242,12837400
2024-09-05,81.129997,81.239998,80.209999,80.830002,77.36338,7596300
2024-09-06,80.879997,81.879997,80.349998,80.629997,77.171967,8512200
2024-09-09,80.75,81.580002,79.019997,79.489998,76.080849,8003300
2024-09-10,79.559998,79.559998,77.550003,78.089996,74.740898,9748400
2024-09-11,78.0,78.589996,76.739998,78.400002,75.037613,8265500
2024-09-12,78.230003,79.07,77.529999,78.400002,75.037613,7176900
2024-09-13,78.300003,79.489998,78.110001,79.010002,75.621452,5814200
2024-09-16,79.330002,79.989998,78.690002,79.800003,76.377571,9547700
2024-09-17,80.010002,80.980003,79.860001,80.639999,77.181541,7580600
2024-09-18,80.660004,81.760002,80.230003,80.900002,77.430389,7637000
2024-09-19,82.599998,83.120003,80.470001,80.980003,77.50695,15067100
2024-09-20,87.870003,88.0,84.809998,86.519997,82.809349,52039300
2024-09-23,85.400002,86.529999,85.050003,86.199997,82.503082,17712400
2024-09-24,87.440002,88.279999,86.660004,87.459999,83.709038,21123300
2024-09-25,87.849998,88.099998,87.239998,88.0,84.225891,12392800
2024-09-26,89.919998,90.620003,89.050003,89.389999,85.556274,13592800
2024-09-27,89.449997,90.260002,89.209999,89.440002,85.604134,9181000
2024-09-30,89.699997,89.75,87.730003,88.400002,84.608742,12027100
2024-10-01,88.0,89.639999,87.709999,89.129997,85.307419,20623400
2024-10-02,82.889999,85.230003,81.769997,83.099998,79.536041,33208800
2024-10-03,82.400002,83.779999,81.980003,82.099998,78.578918,18143800
2024-10-04,82.629997,83.540001,82.099998,82.25,78.722488,10322600
2024-10-07,82.139999,82.470001,80.089996,80.830002,77.36338,12767400
2024-10-08,80.75,81.419998,79.93,80.769997,77.305962,10569600
2024-10-09,81.139999,82.93,81.07,82.449997,78.91391,11750600
2024-10-10,83.400002,83.449997,82.029999,82.099998,78.578918,8370200
2024-10-11,82.040001,82.269997,81.18,82.150002,78.626778,10171100
2024-10-14,82.0,82.040001,80.800003,81.599998,78.100357,8177700
2024-10-15,81.050003,82.720001,81.050003,82.120003,78.598068,11804400
2024-10-16,82.139999,84.089996,82.050003,83.940002,80.340019,11220600
2024-10-17,84.110001,84.760002,83.379997,83.400002,79.823174,9204500
2024-10-18,83.779999,83.949997,82.629997,82.919998,79.363747,7214800
2024-10-21,82.849998,83.089996,81.440002,81.480003,77.985519,7550200
2024-10-22,81.349998,82.419998,81.230003,81.419998,77.928093,7308800
2024-10-23,81.0,81.040001,79.790001,80.050003,76.616844,7253100
2024-10-24,80.5,80.800003,79.029999,79.040001,75.650169,7424500
2024-10-25,79.220001,79.580002,78.519997,78.849998,75.468307,9385400
2024-10-28,79.32,79.639999,78.82,78.910004,75.525742,6617200
2024-10-29,78.879997,79.470001,78.199997,78.400002,75.037613,7241100
2024-10-30,78.0,78.110001,76.419998,76.449997,73.171227,15691300
2024-10-31,76.199997,77.339996,75.199997,77.129997,73.822067,13990100
2024-11-01,77.050003,78.129997,76.959999,78.059998,74.712189,9623700
2024-11-04,77.989998,78.550003,77.110001,77.190002,73.879501,6593800
2024-11-05,77.25,78.0,77.0,77.980003,74.635628,5629200
2024-11-06,76.870003,76.949997,75.120003,75.32,72.089691,16193700
2024-11-07,75.699997,76.370003,75.209999,75.919998,72.663971,11831100
2024-11-08,75.5,76.559998,75.25,75.879997,72.625679,8140800
2024-11-11,76.150002,77.400002,76.099998,76.599998,73.314812,9877200
2024-11-12,76.459999,77.43,76.139999,76.660004,73.372238,9013900
2024-11-13,76.910004,77.290001,76.470001,76.519997,73.238228,6835300
2024-11-14,76.68,76.980003,75.669998,75.68,72.434265,6991600
2024-11-15,76.0,77.650002,75.610001,76.660004,73.372238,13584900
2024-11-18,76.160004,76.199997,74.25,74.889999,71.678131,12595100
2024-11-19,74.5,74.730003,73.599998,73.910004,70.740166,12028400
2024-11-20,73.660004,73.839996,72.709999,73.360001,70.213753,12290300
2024-11-21,73.360001,75.559998,73.199997,75.099998,71.879143,12818600
2024-11-22,76.129997,77.5,75.830002,77.400002,74.08049,12248600
2024-11-25,78.5,79.860001,78.410004,79.260002,75.860733,18328900
2024-11-26,78.900002,78.900002,77.57,77.610001,74.281502,9495600
2024-11-27,77.610001,79.050003,77.589996,78.339996,74.980186,8713500
2024-11-29,78.199997,79.18,78.029999,78.769997,75.391739,7123500
2024-12-02,77.919998,79.099998,77.199997,79.089996,76.084366,11221000
2024-12-03,79.0,79.400002,77.610001,78.860001,75.863121,9414500
2024-12-04,77.82,78.510002,77.099998,78.370003,75.391747,15042600
2024-12-05,78.260002,78.900002,78.099998,78.580002,75.593758,8316500
2024-12-06,79.220001,81.18,78.839996,78.889999,75.891968,13931100
2024-12-09,79.440002,79.449997,77.519997,77.639999,74.689491,12043400
2024-12-10,77.5,78.080002,76.620003,76.739998,73.823685,12193100
2024-12-11,76.790001,78.980003,76.309998,78.849998,75.853508,12033200
2024-12-12,78.709999,79.370003,77.860001,77.959999,74.997314,6983200
2024-12-13,77.349998,77.830002,76.769997,77.25,74.314308,8037300
2024-12-16,76.760002,79.019997,76.660004,77.199997,74.266205,13034000
2024-12-17,77.360001,78.769997,77.25,78.0,75.035797,12452400
2024-12-18,77.980003,79.0,76.839996,76.900002,73.9776,14376900
2024-12-19,76.940002,77.940002,76.43,77.099998,74.169998,27067600
2024-12-20,75.959999,78.0,74.860001,76.940002,74.016075,49883400
2024-12-23,76.330002,78.410004,75.739998,76.760002,73.842918,14203800
2024-12-24,76.75,77.110001,76.360001,76.790001,73.87178,4919100
2024-12-26,76.599998,77.459999,76.540001,76.940002,74.016075,6363500
2024-12-27,76.519997,76.93,75.800003,76.419998,73.515839,6334400
2024-12-30,75.599998,75.769997,74.550003,74.650002,71.813118,9042900
2024-12-31,74.900002,76.389999,74.779999,75.669998,72.794342,9425600
2025-01-02,76.25,76.690002,73.239998,73.669998,70.870354,10883400
2025-01-03,73.919998,74.190002,73.010002,73.309998,70.524033,10083500
2025-01-06,73.75,74.32,71.970001,72.0,69.263809,14947300
2025-01-07,72.400002,73.440002,71.980003,72.089996,69.350395,10463500
2025-01-08,71.559998,71.82,71.010002,71.290001,68.580803,11855000
2025-01-10,71.849998,72.389999,71.089996,71.199997,68.494209,15677400
2025-01-13,71.169998,72.599998,70.779999,72.080002,69.340782,14584300
2025-01-14,72.07,72.209999,70.529999,71.169998,68.465355,16732900
2025-01-15,71.989998,72.25,70.839996,71.07,68.369164,13468100
2025-01-16,70.900002,71.230003,70.32,71.110001,68.407639,13694600
2025-01-17,71.43,71.519997,70.839996,70.839996,68.147903,9711300
2025-01-21,71.300003,73.269997,71.139999,73.169998,70.389359,14199900
2025-01-22,73.379997,74.699997,73.010002,74.040001,71.226303,13029300
2025-01-23,73.339996,74.5,72.370003,74.290001,71.466797,10677400
2025-01-24,74.07,74.25,73.25,73.57,70.774162,8106700
2025-01-27,73.440002,75.849998,73.419998,75.580002,72.707764,11665400
2025-01-28,75.330002,75.599998,74.160004,74.389999,71.562988,8694400
2025-01-29,74.449997,77.110001,74.32,76.580002,73.669769,11764800
2025-01-30,76.849998,78.769997,76.849998,78.330002,75.353264,10902100
2025-01-31,78.110001,78.860001,76.760002,76.900002,73.9776,13098000
2025-02-03,74.900002,76.690002,73.220001,76.589996,73.679375,18539200
2025-02-04,77.550003,78.160004,76.040001,76.720001,73.804451,11943700
2025-02-05,76.300003,76.790001,74.400002,74.57,71.736153,9807400
2025-02-06,75.239998,75.400002,71.629997,71.739998,69.013695,16059400
2025-02-07,70.559998,70.809998,68.620003,68.68,66.069984,27428700
2025-02-10,69.360001,70.949997,69.120003,70.940002,68.244095,16201300
2025-02-11,70.57,71.989998,70.510002,71.339996,68.628891,9636600
2025-02-12,70.599998,72.449997,70.330002,72.260002,69.513939,10810900
2025-02-13,72.449997,73.599998,71.629997,73.209999,70.427834,9739600
2025-02-14,73.169998,73.5,72.339996,73.040001,70.264282,9254400
2025-02-18,74.5,77.68,74.5,77.589996,74.64138,28252400
2025-02-19,76.82,77.68,76.089996,76.779999,73.862167,14184100
2025-02-20,76.910004,77.269997,76.339996,77.230003,74.295067,10689600
2025-02-21,77.400002,77.989998,75.860001,76.5,73.592812,12823400
2025-02-24,78.879997,81.089996,78.75,80.279999,77.229149,24553500
2025-02-25,80.309998,81.959999,80.050003,81.720001,78.614433,15522500
2025-02-26,82.099998,82.440002,80.839996,81.169998,78.085327,16058100
2025-02-27,81.489998,81.489998,79.459999,80.019997,76.979027,11651900
2025-02-28,79.25,80.019997,78.18,79.43,76.411453,14113800
2025-03-03,79.989998,80.959999,77.889999,78.410004,75.812004,8628800
2025-03-04,77.699997,78.650002,76.779999,77.32,74.758125,10034100
2025-03-05,77.330002,78.309998,76.459999,77.809998,75.23188,9853600
2025-03-06,76.739998,78.330002,76.739998,77.709999,75.135193,9623700
2025-03-07,77.480003,79.0,76.970001,78.589996,75.986038,9294300
2025-03-10,77.510002,80.190002,76.059998,76.400002,73.868607,15822600
2025-03-11,75.910004,76.080002,73.620003,74.169998,71.712486,12837000
2025-03-12,74.360001,74.5,73.230003,73.580002,71.142036,12304900
2025-03-13,73.18,73.940002,71.669998,72.639999,70.233177,10195900
2025-03-14,73.279999,73.540001,71.32,71.660004,69.28566,12183000
2025-03-17,72.139999,73.949997,72.029999,73.699997,71.258057,15996900
2025-03-18,73.889999,74.160004,72.720001,73.309998,70.880981,8972300
2025-03-19,72.639999,73.43,72.290001,72.989998,70.571587,10830500
2025-03-20,72.919998,73.650002,71.519997,71.860001,69.479019,25202300
2025-03-21,66.589996,68.730003,65.169998,67.940002,65.688904,77287000
2025-03-24,68.559998,68.889999,66.690002,67.389999,65.157127,26552500
2025-03-25,67.559998,68.050003,66.239998,66.540001,64.335297,17394100
2025-03-26,66.379997,66.589996,64.949997,65.739998,63.561798,18688300
2025-03-27,65.5,67.099998,65.290001,65.800003,63.61982,16435800
2025-03-28,65.860001,65.860001,63.139999,63.290001,61.192982,19600300
2025-03-31,62.84,63.990002,62.650002,63.48,61.376682,17400000
2025-04-01,63.830002,65.160004,63.299999,64.760002,62.614273,13489500
2025-04-02,64.300003,65.400002,64.160004,64.959999,62.807648,11161400
2025-04-03,56.369999,58.68,55.400002,55.580002,53.738441,71499500
2025-04-04,53.220001,59.220001,52.5,57.25,55.353107,67775700
2025-04-07,55.400002,57.18,53.400002,55.610001,53.767445,45374400
2025-04-08,58.77,58.77,52.369999,53.27,51.504978,30404300
2025-04-09,53.279999,59.549999,52.48,59.32,57.354519,44732500
2025-04-10,57.23,57.25,52.279999,54.400002,52.597538,53919800
2025-04-11,54.400002,55.029999,52.860001,54.389999,52.587868,22617100
2025-04-14,55.639999,56.689999,54.669998,55.41,53.574074,28346600
2025-04-15,54.68,55.389999,54.169998,54.830002,53.01329,15977100
2025-04-16,54.720001,55.150002,53.34,53.549999,51.7757,19094900
2025-04-17,53.82,56.02,53.650002,55.759998,53.912468,18935100
2025-04-21,55.23,56.360001,53.5,56.119999,54.260544,17280900
2025-04-22,56.650002,58.09,56.240002,57.060001,55.169399,16852200
2025-04-23,59.0,59.200001,56.700001,57.389999,55.488468,21660300
2025-04-24,57.810001,58.700001,57.130001,58.48,56.542351,14508500
2025-04-25,58.209999,58.25,56.610001,57.619999,55.710846,17156000
2025-04-28,57.73,58.080002,56.799999,57.310001,55.411121,13321200
2025-04-29,57.0,57.740002,56.740002,57.540001,55.633499,12968000
2025-04-30,55.860001,56.59,54.75,56.400002,54.531273,17205900
2025-05-01,56.68,57.209999,56.259998,56.759998,54.879341,10527000
2025-05-02,57.869999,58.700001,57.310001,58.59,56.648705,14723900
2025-05-05,58.119999,58.34,57.290001,57.349998,55.449791,15971000
2025-05-06,57.150002,57.720001,56.790001,57.040001,55.150066,11440300
2025-05-07,57.869999,58.810001,57.560001,58.619999,56.677711,11883500
2025-05-08,59.689999,60.389999,58.799999,58.91,56.958103,19009000
2025-05-09,59.139999,59.380001,58.220001,58.299999,56.368313,13954400
2025-05-12,62.380001,63.470001,61.810001,62.580002,60.5065,29776600
2025-05-13,62.610001,62.779999,61.970001,62.389999,60.322796,17003100
2025-05-14,62.049999,62.869999,61.52,61.73,59.684666,13736300
2025-05-15,60.639999,62.68,60.419998,62.400002,60.33247,14371100
2025-05-16,62.5,63.75,62.5,63.110001,61.018944,12950600
2025-05-19,62.150002,62.43,61.759998,62.080002,60.023079,15105300
2025-05-20,62.5,63.189999,62.279999,62.560001,60.487167,10771800
2025-05-21,61.169998,61.759998,59.880001,59.98,57.992649,17354700
2025-05-22,60.580002,61.619999,60.16,61.32,59.288254,16764500
2025-05-23,59.860001,60.380001,59.490002,60.02,58.031326,14282400
2025-05-27,61.130001,62.84,60.84,62.830002,60.748222,16642100
2025-05-28,62.740002,63.110001,61.560001,61.779999,59.733009,10015600
2025-05-29,62.490002,62.900002,61.130001,61.439999,59.404274,12218000
2025-05-30,61.0,61.119999,60.099998,60.59,58.582436,18155100
2025-06-02,60.049999,61.599998,59.599998,61.57,59.925579,14065300
2025-06-03,61.240002,62.450001,60.459999,62.369999,60.704212,10286100
2025-06-04,62.380001,63.040001,62.27,62.77,61.093533,10242300
2025-06-05,62.939999,63.66,62.23,62.669998,60.996204,12336300
2025-06-06,62.669998,63.09,62.119999,62.799999,61.12273,13299600
2025-06-09,63.299999,63.490002,61.880001,61.91,60.2565,11640000
2025-06-10,62.380001,64.160004,62.25,63.869999,62.16415,15287000
2025-06-11,64.400002,64.849998,62.580002,63.110001,61.424454,10238700
2025-06-12,62.740002,62.93,61.759998,62.799999,61.12273,9830500
2025-06-13,61.75,62.779999,60.110001,60.529999,58.913357,16509700
2025-06-16,61.380001,62.18,61.240002,61.900002,60.246765,13681600
2025-06-17,61.299999,61.299999,59.68,60.0,58.397514,13649700
2025-06-18,60.0,60.450001,59.369999,59.509998,57.920597,14194300
2025-06-20,59.75,60.040001,59.189999,59.790001,58.193127,19084000
2025-06-23,59.580002,61.299999,59.439999,60.779999,59.156677,15921300
2025-06-24,61.330002,61.98,60.48,61.419998,59.779591,12564000
2025-06-25,61.450001,61.529999,60.360001,60.830002,59.205349,12186200
2025-06-26,61.560001,62.73,60.82,62.540001,60.869678,39659800
2025-06-27,69.790001,74.190002,69.690002,72.040001,70.115952,117530300
2025-06-30,71.449997,71.709999,70.059998,71.040001,69.142654,31090400
2025-07-01,71.989998,73.940002,71.830002,73.410004,71.449356,27512900
2025-07-02,73.169998,76.839996,73.0,76.389999,74.34977,36882300
2025-07-03,76.269997,77.029999,75.580002,76.389999,74.34977,12022600
2025-07-07,76.040001,77.5,75.849998,76.529999,74.486031,17296900
2025-07-08,76.129997,76.300003,73.650002,73.919998,71.94574,19572400
2025-07-09,74.129997,74.919998,73.419998,73.559998,71.595352,12076700
2025-07-10,73.120003,75.5,72.949997,74.620003,72.627045,13033000
2025-07-11,73.690002,73.839996,72.400002,72.629997,70.690186,12771400
2025-07-14,72.339996,72.580002,71.029999,72.25,70.320335,11385400
2025-07-15,72.260002,72.879997,71.580002,71.989998,70.067284,9708300
2025-07-16,71.900002,72.709999,71.150002,72.099998,70.174347,9008600
2025-07-17,72.120003,73.209999,72.040001,72.980003,71.030846,9180400
2025-07-18,73.279999,73.279999,72.120003,72.470001,70.534454,8801000
2025-07-21,72.93,74.809998,72.910004,74.019997,72.04306,12743900
2025-07-22,74.07,75.540001,74.040001,75.389999,73.37648,11297500
2025-07-23,76.150002,77.209999,75.82,76.75,74.70015,16428100
2025-07-24,76.510002,77.540001,75.410004,75.419998,73.40567,10037800
2025-07-25,75.910004,76.57,75.529999,76.269997,74.232971,7208400
2025-07-28,79.0,79.989998,77.559998,79.239998,77.12365,22631100
2025-07-29,78.760002,79.370003,77.760002,78.330002,76.237953,12885500
2025-07-30,77.779999,78.300003,75.959999,76.68,74.632034,14601700
2025-07-31,76.349998,76.400002,74.309998,74.690002,72.695175,16700000
2025-08-01,73.440002,74.699997,72.529999,74.620003,72.627045,11911600
2025-08-04,75.029999,75.260002,74.160004,74.82,72.821701,8839000
2025-08-05,74.910004,75.709999,74.239998,74.379997,72.393448,6533800
2025-08-06,74.470001,75.980003,74.25,75.480003,73.464081,7579800
2025-08-07,76.32,76.349998,74.0,74.349998,72.36425,8717600
2025-08-08,74.199997,74.959999,73.389999,74.190002,72.208534,6739000
2025-08-11,74.32,74.790001,73.050003,74.019997,72.04306,6985700
2025-08-12,74.720001,75.720001,74.339996,74.900002,72.899567,6397700
2025-08-13,75.480003,77.690002,75.190002,77.199997,75.13813,13472600
2025-08-14,75.910004,76.599998,75.349998,76.389999,74.34977,7990500
2025-08-15,76.739998,77.5,76.160004,76.970001,74.914276,9767700
2025-08-18,77.110001,78.260002,76.849998,77.43,75.361984,9069100
2025-08-19,78.199997,78.790001,76.68,76.879997,74.826675,7684800
2025-08-20,76.690002,77.559998,76.160004,76.260002,74.223236,6282600
2025-08-21,75.699997,76.230003,75.129997,76.18,74.14537,6354900
2025-08-22,76.540001,79.139999,76.25,78.379997,76.286621,10985900
2025-08-25,78.470001,80.169998,78.389999,79.169998,77.055511,12488900
2025-08-26,79.0,79.480003,78.379997,78.650002,76.549408,6874800
2025-08-27,78.959999,79.510002,77.650002,78.059998,75.975159,12636700
2025-08-28,78.580002,78.660004,77.720001,77.919998,75.838905,7478600
2025-08-29,77.75,79.129997,77.120003,77.370003,75.303596,14208800
2025-09-02,75.639999,76.050003,74.0,74.290001,72.68161,15078700
2025-09-03,74.400002,75.18,73.910004,74.739998,73.121872,8300100
2025-09-04,74.75,75.769997,74.510002,75.349998,73.718666,11096200
2025-09-05,74.800003,75.410004,73.629997,73.910004,72.309845,13758400
2025-09-08,74.260002,74.580002,73.709999,74.150002,72.544655,13793300
2025-09-09,73.989998,74.550003,73.050003,73.599998,72.006554,8740200
2025-09-10,75.25,75.459999,73.330002,74.25,72.642487,11359300
2025-09-11,74.410004,75.529999,74.010002,74.330002,72.720749,9803400
2025-09-12,74.239998,74.279999,71.93,73.0,71.41954,11806000
2025-09-15,73.18,73.209999,72.580002,73.029999,71.448898,10323800
2025-09-16,72.800003,73.379997,72.089996,72.75,71.174957,8813600
2025-09-17,73.07,73.32,71.610001,72.309998,70.744484,11108700
2025-09-18,73.440002,73.599998,71.629997,72.099998,70.539024,14918400
2025-09-19,72.010002,72.25,70.739998,70.889999,69.355232,33415600
2025-09-22,70.790001,72.489998,70.43,71.279999,69.736778,12336300
2025-09-23,71.57,72.419998,70.730003,70.93,69.394356,10432400
2025-09-24,70.669998,71.529999,70.449997,71.220001,69.678078,10024500
2025-09-25,71.160004,71.160004,69.050003,69.239998,67.740944,13075300
2025-09-26,69.379997,69.440002,68.029999,69.309998,67.809433,15627600
2025-09-29,69.769997,69.959999,68.739998,69.550003,68.044243,18479300
2025-09-30,70.07,70.209999,68.82,69.730003,68.220345,40567700
2025-10-01,74.349998,74.690002,71.610001,74.199997,72.593559,57921900
2025-10-02,75.0,76.970001,73.879997,74.57,72.955559,26254400
2025-10-03,74.779999,74.779999,71.919998,71.93,70.372711,18794900
2025-10-06,72.019997,72.389999,71.010002,71.169998,69.629166,14039600
2025-10-07,71.230003,71.580002,68.900002,68.910004,67.418106,17368000
2025-10-08,68.910004,69.43,68.669998,69.089996,67.594193,13051800
2025-10-09,69.550003,69.660004,67.889999,68.059998,66.586494,13410900
2025-10-10,68.18,68.489998,64.879997,65.220001,63.807987,18806100
2025-10-13,65.699997,67.519997,65.550003,67.379997,65.921219,13191200
2025-10-14,66.470001,68.0,66.059998,67.639999,66.175598,9483700
2025-10-15,68.580002,69.529999,68.129997,68.459999,66.977837,13001500
2025-10-16,68.599998,69.040001,66.580002,66.839996,65.392914,15349700
2025-10-17,66.629997,67.769997,66.32,67.370003,65.91143,10054000
2025-10-20,67.559998,68.18,67.470001,67.620003,66.156029,9670000
2025-10-21,67.75,69.290001,67.410004,68.360001,66.880005,9659200
2025-10-22,68.220001,69.360001,67.959999,69.080002,67.584419,8096100
2025-10-23,69.089996,69.889999,68.739998,69.68,68.171425,9124900
2025-10-24,69.709999,70.080002,68.910004,69.110001,67.61377,7102900
2025-10-27,70.040001,70.440002,68.260002,68.589996,67.105019,9838100
2025-10-28,68.110001,68.610001,67.050003,67.43,65.970131,11262400
2025-10-29,67.010002,67.190002,64.949997,65.349998,63.935173,15143100
2025-10-30,65.18,66.0,64.57,64.900002,63.494915,13895200
2025-10-31,65.0,65.25,64.25,64.589996,63.19162,17822500
2025-11-03,64.720001,64.849998,62.34,62.650002,61.293629,22633300
2025-11-04,62.419998,62.59,61.119999,61.23,59.904366,13725400
2025-11-05,61.279999,62.849998,60.860001,62.110001,60.765316,20979800
2025-11-06,61.880001,62.48,61.669998,61.889999,60.550079,15164600
2025-11-07,61.740002,62.18,60.290001,61.09,59.767395,15504800
2025-11-10,61.75,62.09,60.490002,60.799999,59.483677,13063100
2025-11-11,61.73,63.599998,61.240002,63.150002,61.782806,17646400
2025-11-12,64.099998,65.190002,63.740002,64.199997,62.810062,14812200
2025-11-13,65.709999,66.260002,64.879997,66.029999,64.600449,21923600
2025-11-14,64.940002,65.059998,63.75,64.169998,62.780712,17760100
2025-11-17,63.07,63.540001,62.259998,62.900002,61.538212,17064700
2025-11-18,62.400002,62.759998,61.68,62.490002,61.137089,14614600
2025-11-19,62.43,63.220001,62.009998,62.639999,61.283844,11732100
2025-11-20,62.950001,63.830002,61.41,61.43,60.10004,13886600
2025-11-21,62.009998,63.5,61.540001,62.799999,61.440376,12476900
2025-11-24,62.509998,63.07,61.93,61.93,60.589211,16681700
2025-11-25,62.34,64.120003,61.869999,63.68,62.301323,11527200
2025-11-26,63.5,64.870003,62.970001,64.330002,62.937256,13791000
2025-11-28,64.470001,64.779999,63.970001,64.629997,63.230759,4941400
2025-12-01,63.77,65.989998,63.580002,65.389999,64.382729,12047300
2025-12-02,65.449997,65.470001,64.580002,64.93,63.929821,9051200
2025-12-03,65.080002,66.660004,64.980003,65.650002,64.638733,12028300
2025-12-04,65.599998,66.099998,65.010002,65.690002,64.678108,10619500
2025-12-05,65.699997,66.080002,64.879997,65.860001,64.845497,10917900
2025-12-08,65.599998,65.800003,63.27,63.540001,62.56123,12867300
2025-12-09,63.509998,63.950001,62.970001,63.330002,62.354469,9300200
2025-12-10,63.98,66.150002,63.759998,65.790001,64.776573,20302100
2025-12-11,65.830002,67.82,65.559998,67.739998,66.696526,16153500
2025-12-12,68.169998,69.139999,67.120003,67.470001,66.430695,14829200
2025-12-15,67.410004,68.349998,66.690002,67.779999,66.735916,15287500
2025-12-16,67.290001,68.199997,66.739998,67.120003,66.086082,16376700
2025-12-17,66.559998,66.830002,65.620003,65.690002,64.678108,13205500
2025-12-18,66.010002,67.0,65.400002,65.629997,64.619034,35650000
2025-12-19,59.200001,60.380001,58.220001,58.709999,57.805634,108652700
2025-12-22,58.990002,59.080002,57.139999,57.220001,56.338585,38695900
2025-12-23,57.18,57.599998,56.990002,57.34,56.456738,23276700
2025-12-24,58.880001,60.580002,58.880001,60.0,59.075764,36073300
2025-12-26,60.0,60.93,59.860001,60.93,59.991436,22303600
2025-12-29,60.540001,61.75,60.509998,61.209999,60.26712,18062100
2025-12-30,61.299999,61.299999,60.639999,61.189999,60.247429,13507800
2025-12-31,62.25,64.199997,61.919998,63.709999,62.728611,35457400
2026-01-02,64.0,64.129997,62.549999,63.279999,62.305237,22284100
2026-01-05,63.740002,65.370003,63.389999,64.529999,63.53598,23482500
2026-01-06,64.059998,65.43,63.41,65.349998,64.343353,19973200
2026-01-07,65.519997,65.610001,63.189999,63.220001,62.246159,18284100
2026-01-08,62.18,65.739998,61.700001,65.260002,64.254738,21573900
2026-01-09,65.110001,66.540001,64.400002,65.919998,64.904564,18470400
2026-01-12,65.25,66.339996,64.239998,65.639999,64.628883,13901100
2026-01-13,66.25,67.080002,65.849998,66.300003,65.278717,13685200
2026-01-14,66.290001,67.129997,65.040001,65.57,64.559959,15939100
2026-01-15,65.760002,65.760002,64.209999,64.589996,63.595051,13295300
2026-01-16,64.389999,64.589996,63.68,64.379997,63.38829,15903000
2026-01-20,63.490002,64.580002,63.02,63.630001,62.649845,20406000
2026-01-21,63.880001,65.419998,63.610001,65.410004,64.402428,17166400
2026-01-22,65.410004,66.550003,65.25,65.459999,64.451653,11853700
2026-01-23,65.25,65.449997,64.440002,65.040001,64.038124,11243900
2026-01-26,64.809998,65.639999,64.779999,64.989998,63.988892,14765900
2026-01-27,64.75,64.830002,62.880001,63.09,62.118164,13536700
2026-01-28,63.049999,63.48,61.970001,62.240002,61.281258,10363600
2026-01-29,61.93,62.939999,61.459999,62.599998,61.635712,12739400
2026-01-30,62.240002,62.52,61.02,61.810001,60.85788,14309200
2026-02-02,61.66,62.57,61.150002,62.18,61.222179,11006300
2026-02-03,61.779999,62.529999,60.43,60.93,59.991436,17322100
2026-02-04,61.720001,64.410004,61.509998,64.220001,63.230759,20957700
2026-02-05,64.190002,64.580002,62.09,62.700001,61.734169,12506200
2026-02-06,63.009998,64.239998,63.0,63.919998,62.935375,11961500
2026-02-09,63.57,63.91,62.369999,62.41,61.448639,12920800
2026-02-10,63.0,64.190002,62.290001,63.040001,62.068935,13003400
2026-02-11,63.900002,64.010002,61.68,62.349998,61.389561,15511900
2026-02-12,62.330002,62.720001,60.849998,61.099998,60.158813,13602400
2026-02-13,61.59,63.380001,61.59,63.130001,62.157551,20180900
2026-02-17,62.939999,64.82,62.939999,64.82,63.821514,12347500
2026-02-18,64.309998,66.150002,64.309998,65.550003,64.540268,11211500
2026-02-19,65.199997,65.839996,64.25,65.610001,64.599342,10778300
2026-02-20,65.300003,68.489998,63.330002,65.400002,64.392586,33436800
2026-02-23,64.599998,64.970001,62.049999,63.09,62.118164,17748800
2026-02-24,63.279999,64.699997,62.599998,64.089996,63.102757,14296100
2026-02-25,63.889999,64.220001,63.259998,63.400002,62.423389,9500800
2026-02-26,64.209999,65.059998,63.779999,63.950001,62.964916,10319100
2026-02-27,62.720001,62.720001,61.52,62.18,61.222179,18017400
2026-03-02,59.900002,61.529999,59.139999,61.009998,60.468918,15335000
2026-03-03,59.439999,60.110001,58.619999,59.389999,58.863289,17438600
2026-03-04,59.189999,59.490002,58.610001,58.639999,58.119938,15971300
2026-03-05,58.599998,58.790001,57.43,58.02,57.50544,22040200
2026-03-06,57.470001,57.549999,56.759998,57.009998,56.504395,16323700
2026-03-09,55.740002,56.709999,55.389999,56.529999,56.028652,18053100
2026-03-10,56.700001,57.240002,55.799999,56.080002,55.582645,15706400
2026-03-11,57.599998,57.599998,55.41,55.700001,55.206013,20245300
2026-03-12,55.279999,55.459999,54.029999,54.130001,53.64994,18611800
2026-03-13,54.34,54.869999,53.740002,53.98,53.501266,14377100
2026-03-16,54.27,55.07,53.98,54.790001,54.304085,13115200
2026-03-17,55.450001,55.68,55.0,55.119999,54.631157,9861400
2026-03-18,54.5,54.959999,53.259998,53.470001,52.995792,16861300
2026-03-19,52.900002,53.630001,52.59,53.439999,52.966057,12307700
2026-03-20,52.939999,53.610001,52.18,52.369999,51.905544,19566100
2026-03-23,53.279999,53.560001,52.529999,52.709999,52.242531,15242700
2026-03-24,52.360001,54.080002,52.27,53.490002,53.015614,12073800
2026-03-25,53.759998,54.220001,52.560001,52.98,52.510136,13427100
2026-03-26,52.759998,53.619999,51.869999,52.07,51.608208,14486700
2026-03-27,51.709999,52.110001,51.200001,51.369999,50.914413,13077800
2026-03-30,51.43,52.189999,50.950001,51.240002,50.785568,16869200
2026-03-31,51.93,53.110001,51.689999,52.82,52.351555,36422800
2026-04-01,46.560001,46.830002,44.560001,44.630001,44.234192,114225700
2026-04-02,43.759998,44.34,43.169998,44.189999,43.798092,63242600
2026-04-06,44.16,44.380001,43.560001,44.029999,43.639511,26999600
2026-04-07,43.700001,43.869999,42.360001,42.689999,42.311394,38253000
2026-04-08,43.91,44.299999,42.759998,43.130001,42.747494,29462900
2026-04-09,43.220001,44.220001,42.720001,44.0,43.609779,24147400
2026-04-10,43.830002,43.959999,42.400002,42.619999,42.242016,26094800
2026-04-13,42.23,42.98,42.09,42.91,42.529446,21236700
2026-04-14,42.990002,44.209999,42.950001,44.200001,43.808006,22554100
2026-04-15,45.09,45.900002,44.709999,45.439999,45.037006,31523500
2026-04-16,45.799999,46.490002,45.549999,45.700001,45.294701,21766300
2026-04-17,46.380001,46.779999,45.779999,46.029999,45.621773,31290400
2026-04-20,45.98,46.560001,45.57,46.48,46.067783,19003100
2026-04-21,46.77,46.970001,45.93,46.389999,45.97858,22194000
2026-04-22,46.310001,46.950001,45.5,45.68,45.274879,17985200
2026-04-23,45.580002,45.75,44.240002,44.779999,44.382858,17457500
2026-04-24,44.98,45.419998,44.59,44.689999,44.293655,15885000
2026-04-27,44.599998,45.41,44.490002,45.139999,44.739666,14583100
2026-04-28,45.380001,45.709999,44.75,45.029999,44.630642,12426000
2026-04-29,44.919998,45.16,44.150002,44.389999,43.996319,13329700
2026-04-30,44.09,44.810001,43.509998,44.360001,43.966587,21679500
2026-05-01,44.82,44.959999,44.220001,44.400002,44.006233,11562800
2026-05-04,44.189999,44.34,43.09,43.09,42.707848,33272400
2026-05-05,43.040001,43.299999,42.650002,43.060001,42.678116,18589700
2026-05-06,43.630001,44.07,43.200001,43.880001,43.490841,19406700
2026-05-07,44.049999,44.639999,44.009998,44.41,44.01614,17177700
2026-05-08,44.259998,44.66,43.799999,44.139999,43.748535,17357100
2026-05-11,44.07,44.07,42.389999,42.389999,42.014057,24863800
2026-05-12,42.299999,42.509998,42.060001,42.349998,41.974411,21271300
2026-05-13,42.200001,42.610001,41.700001,42.34,41.9645,21325200
2026-05-14,42.560001,42.830002,41.990002,42.02,41.647339,19146900
2026-05-15,42.0,42.779999,41.84,41.880001,41.508579,26172600
2026-05-18,41.880001,42.75,41.349998,42.57,42.192459,18694900
2026-05-19,42.599998,43.200001,41.810001,42.419998,42.043789,22957900
2026-05-20,42.209999,44.279999,41.830002,44.189999,43.798092,27060200
2026-05-21,43.889999,44.740002,43.16,44.389999,43.996319,18428100
2026-05-22,44.560001,44.720001,44.209999,44.669998,44.273834,14905100
2026-05-26,44.700001,44.950001,44.099998,44.939999,44.541439,18667600
2026-05-27,45.709999,46.59,45.669998,45.98,45.572216,24251900
2026-05-28,45.970001,47.650002,45.560001,47.369999,46.94989,22871300
2026-05-29,47.110001,47.200001,46.080002,46.23,45.82,38949100
2026-06-01,45.52,46.279999,45.049999,45.93,45.93,26885100
2026-06-02,45.779999,45.779999,43.509998,43.73,43.73,28345000
2026-06-03,43.650002,43.990002,43.16,43.810001,43.810001,18940500
2026-06-04,44.5,44.700001,43.130001,43.619999,43.619999,17350900
2026-06-05,43.299999,43.740002,42.790001,42.98,42.98,18406500
2026-06-08,43.060001,43.860001,42.650002,43.23,43.23,18192000
2026-06-09,43.52,45.279999,43.27,44.650002,44.650002,21505800
2026-06-10,43.77,44.580002,43.310001,43.959999,43.959999,15335600
2026-06-11,44.52,45.98,44.220001,45.959999,45.959999,16647500
2026-06-12,46.290001,46.310001,44.849998,44.93,44.93,16524300
2026-06-15,45.360001,46.09,45.09,45.200001,45.200001,14345100
2026-06-16,45.509998,46.099998,45.0,45.040001,45.040001,19591400
2026-06-17,44.900002,45.849998,44.16,44.189999,44.189999,20859700
2026-06-18,44.41,45.709999,44.240002,45.200001,45.200001,32320300
2026-06-22,44.619999,44.91,43.139999,43.189999,43.189999,25864500
2026-06-23,42.389999,43.189999,42.32,42.380001,42.380001,31517900
2026-06-24,42.040001,42.330002,41.310001,41.82,41.82,34384300
2026-06-25,41.799999,41.860001,40.439999,40.900002,40.900002,29228300
2026-06-26,40.07,41.470001,40.0,40.75,40.75,33970700
2026-06-29,41.139999,41.689999,40.77,41.48,41.48,27824700
2026-06-30,41.380001,41.639999,40.889999,41.049999,41.049999,73891500
2026-07-01,41.400002,43.279999,40.110001,43.060001,43.060001,80185700
2026-07-02,44.110001,45.040001,43.599998,44.09,44.09,34233400
2026-07-06,43.900002,44.110001,41.84,43.34,43.34,21979100
2026-07-07,43.720001,44.040001,42.880001,43.209999,43.209999,17784900
2026-07-08,42.700001,43.259998,42.07,42.889999,42.889999,21101500
2026-07-09,42.689999,43.060001,42.130001,42.779999,42.779999,19647000
2026-07-10,43.419998,44.630001,43.060001,44.369999,44.369999,23313500
2026-07-13,44.759998,44.900002,43.669998,43.759998,43.759998,13665500
2026-07-14,44.310001,44.490002,42.470001,42.860001,42.860001,13090200
2026-07-15,43.0,43.580002,42.48,42.77,42.77,14388200
2026-07-16,42.900002,44.669998,42.900002,44.57,44.57,15944700
2026-07-17,44.52,44.98,43.52,43.759998,43.759998,15825100
2026-07-20,43.84,43.84,42.830002,43.470001,43.470001,11926900
2026-07-21,43.060001,43.560001,42.75,42.959999,42.959999,11859000
2026-07-22,42.450001,42.91,41.57,42.209999,42.209999,18990000
2026-07-23,41.799999,42.080002,40.689999,40.990002,40.990002,18156200
2026-07-24,41.189999,42.150002,40.889999,41.700001,41.700001,26175200
2026-07-27,42.150002,42.599998,41.580002,42.139999,42.139999,16996900
2026-07-28,42.75,43.27,42.52,43.049999,43.049999,23601400
2026-07-29,42.599998,43.689999,42.400002,43.220001,43.220001,15029100
2026-07-30,42.5,42.5,41.23,42.290001,42.290001,16977600
2026-07-31,42.02,42.080002,41.490002,41.709999,41.709999,22622400
2026-08-03,42.57,43.209999,42.060001,42.639999,42.639999,21329900
2026-08-04,41.349998,42.09,40.91,41.529999,41.529999,27802800
2026-08-05,41.650002,42.48,41.360001,42.450001,42.450001,22088600
2026-08-06,42.52,42.639999,41.849998,42.0,42.0,18150300
2026-08-07,42.02,42.369999,41.610001,41.700001,41.700001,22042300
2026-08-10,41.740002,42.23,41.139999,42.110001,42.110001,21664600
2026-08-11,41.48,41.529999,40.830002,41.32,41.32,25538000
2026-08-12,41.029999,41.25,40.450001,40.509998,40.509998,28760300
2026-08-13,40.740002,41.470001,40.48,41.23,41.23,23641700
2026-08-14,41.23,41.330002,40.709999,40.73,40.73,23639800
2026-08-17,40.349998,40.599998,38.860001,39.09,39.09,58659900
2026-08-18,39.650002,40.639999,39.23,40.060001,40.060001,39173300
2026-08-19,40.529999,41.310001,40.369999,41.049999,41.049999,22055700
2026-08-20,40.490002,40.639999,39.810001,40.209999,40.209999,16662100
2026-08-21,40.259998,41.130001,40.240002,40.759998,40.759998,14707800
2026-08-24,41.0,41.34,40.68,40.75,40.75,18839100
2026-08-25,39.52,39.869999,39.029999,39.48,39.48,41525000
2026-08-26,39.400002,39.48,38.41,38.59,38.59,38604300
2026-08-27,38.5,38.799999,38.169998,38.439999,38.439999,36573800
2026-08-28,38.709999,39.759998,38.560001,39.599998,39.599998,28392600
