date,open,high,low,close,adj_close,volume
2005-01-03,55.650002,55.75,55.099998,55.189999,30.215963,4858000
2005-01-04,55.119999,55.48,54.490002,54.5,29.838203,5547400
2005-01-05,55.279999,55.889999,55.0,55.07,30.150276,7277200
2005-01-06,54.82,55.540001,54.66,55.34,30.298084,5261200
2005-01-07,55.150002,56.150002,55.02,55.919998,30.615643,6250500
2005-01-10,56.02,56.57,55.889999,56.360001,30.856529,5802500
2005-01-11,55.919998,56.639999,55.84,56.299999,30.823683,5557200
2005-01-12,56.259998,56.580002,55.779999,56.509998,30.938646,5784100
2005-01-13,56.0,56.25,55.34,55.529999,30.402111,5222100
2005-01-14,55.5,55.98,55.43,55.880001,30.593739,4318000
2005-01-18,55.48,56.040001,53.299999,55.990002,30.653955,5519300
2005-01-19,55.84,56.849998,55.759998,56.68,31.170902,7833600
2005-01-20,56.299999,57.040001,56.279999,56.700001,31.18191,6108000
2005-01-21,56.43,56.529999,55.349998,55.650002,30.60445,6018800
2005-01-24,54.900002,55.549999,54.330002,55.209999,30.362486,7494600
2005-01-25,55.200001,55.919998,55.200001,55.73,30.648455,5719800
2005-01-26,55.709999,56.18,55.439999,55.439999,30.488976,6182400
2005-01-27,55.049999,55.549999,54.73,55.32,30.422974,5277800
2005-01-28,52.150002,54.369999,52.139999,54.150002,29.779547,53824300
2005-01-31,54.5,54.52,52.990002,53.23,29.273603,19821300
2005-02-01,53.450001,53.450001,52.689999,52.869999,29.075602,13982700
2005-02-02,53.009998,53.599998,52.990002,53.400002,29.367085,13125100
2005-02-03,53.34,53.439999,53.09,53.240002,29.279095,13414900
2005-02-04,53.23,53.240002,52.34,52.619999,28.93812,11129100
2005-02-07,52.619999,52.990002,52.349998,52.529999,28.888628,10555200
2005-02-08,52.529999,52.540001,51.75,51.98,28.586164,14104800
2005-02-09,52.0,52.09,51.509998,51.509998,28.327675,10631100
2005-02-10,51.689999,51.889999,51.16,51.619999,28.388172,13224600
2005-02-11,51.700001,52.279999,51.560001,52.150002,28.679649,10350400
2005-02-14,52.41,52.82,52.330002,52.700001,28.982128,13729800
2005-02-15,52.889999,53.619999,52.709999,53.48,29.411081,9685600
2005-02-16,53.490002,53.490002,53.150002,53.310001,29.317593,9472800
2005-02-17,53.290001,53.459999,53.09,53.330002,29.328585,6178600
2005-02-18,53.330002,53.919998,53.220001,53.5,29.422087,9532100
2005-02-22,53.150002,53.330002,52.25,52.25,28.734648,9229900
2005-02-23,53.150002,53.720001,52.889999,53.490002,29.416574,8675400
2005-02-24,53.599998,53.900002,53.490002,53.830002,29.603559,10081800
2005-02-25,53.830002,54.189999,53.759998,54.189999,29.801544,6687300
2005-02-28,54.189999,54.200001,53.0,53.09,29.196598,8728400
2005-03-01,53.09,53.549999,53.09,53.509998,29.427572,7072500
2005-03-02,53.259998,53.790001,53.25,53.59,29.471563,5047300
2005-03-03,53.779999,53.84,53.349998,53.48,29.411081,6376300
2005-03-04,53.869999,54.0,53.68,53.849998,29.614552,4552200
2005-03-07,53.98,53.98,53.68,53.700001,29.53207,4415800
2005-03-08,53.700001,53.759998,53.299999,53.349998,29.339584,4997300
2005-03-09,53.349998,53.5,52.799999,53.0,29.147083,5101000
2005-03-10,53.040001,53.860001,52.889999,53.27,29.295603,6955600
2005-03-11,53.290001,53.439999,52.48,52.509998,28.877636,6055900
2005-03-14,52.810001,53.25,52.529999,53.25,29.284595,5322700
2005-03-15,53.349998,53.439999,52.919998,52.919998,29.103111,4682700
2005-03-16,52.900002,53.299999,52.599998,52.810001,29.042622,5249500
2005-03-17,52.650002,53.0,52.419998,52.75,29.009621,5243300
2005-03-18,53.09,53.5,52.700001,53.400002,29.367085,11337100
2005-03-21,53.549999,53.599998,52.599998,52.740002,29.00412,5185200
2005-03-22,52.740002,52.790001,51.990002,52.049999,28.624653,7259600
2005-03-23,52.040001,53.189999,52.040001,52.830002,29.053612,7771100
2005-03-24,53.0,53.200001,52.599998,52.599998,28.927126,5249600
2005-03-28,52.549999,52.720001,52.220001,52.509998,28.877636,5758100
2005-03-29,52.400002,52.41,51.860001,51.860001,28.520163,7880900
2005-03-30,51.959999,53.560001,51.919998,53.360001,29.345083,8632900
2005-03-31,53.259998,53.299999,52.759998,53.0,29.147083,5391900
2005-04-01,53.099998,53.419998,52.369999,52.610001,28.932629,5349700
2005-04-04,53.18,54.0,52.919998,53.900002,29.642046,8448400
2005-04-05,53.98,54.16,53.77,54.0,29.69705,6734100
2005-04-06,54.0,54.0,53.669998,53.959999,29.675051,4753200
2005-04-07,54.049999,55.07,54.0,55.07,30.2855,8071500
2005-04-08,55.049999,55.060001,54.5,54.5,29.972021,5170700
2005-04-11,54.759998,55.880001,54.5,55.34,30.433987,8835800
2005-04-12,55.029999,55.720001,54.900002,55.52,30.532978,6922900
2005-04-13,55.369999,55.66,54.810001,55.209999,30.362486,6967500
2005-04-14,55.279999,55.599998,54.98,55.0,30.247007,8245500
2005-04-15,55.0,55.48,54.599998,54.799999,30.137003,9487800
2005-04-18,54.799999,54.98,54.130001,54.599998,30.027008,7933900
2005-04-19,54.439999,55.0,54.110001,54.330002,29.878525,7818200
2005-04-20,53.959999,54.16,53.25,53.389999,29.513693,6581000
2005-04-21,53.900002,54.189999,53.299999,54.189999,29.955919,4739900
2005-04-22,54.080002,54.189999,53.349998,53.889999,29.790087,5985800
2005-04-25,54.130001,54.189999,53.400002,53.830002,29.756924,6022800
2005-04-26,53.66,53.869999,53.369999,53.369999,29.50263,4107500
2005-04-27,53.169998,53.68,52.540001,53.529999,29.59107,5733400
2005-04-28,53.799999,55.599998,53.740002,53.990002,29.845364,15706100
2005-04-29,54.200001,54.540001,53.290001,54.150002,29.933813,10352100
2005-05-02,54.150002,54.98,54.009998,54.799999,30.293127,6715600
2005-05-03,54.810001,55.0,54.400002,54.900002,30.34841,5843200
2005-05-04,54.91,55.209999,54.66,55.139999,30.481075,5779000
2005-05-05,55.139999,55.200001,54.400002,54.779999,30.282074,5177900
2005-05-06,55.0,55.299999,54.59,54.75,30.26548,5404500
2005-05-09,54.75,55.119999,54.490002,54.98,30.39263,7267300
2005-05-10,54.650002,55.150002,54.279999,54.880001,30.33736,5999600
2005-05-11,55.07,55.580002,54.73,55.48,30.669033,8441300
2005-05-12,55.599998,56.009998,55.400002,55.439999,30.64691,6717600
2005-05-13,55.34,55.360001,54.25,54.75,30.26548,6613400
2005-05-16,54.919998,55.290001,54.799999,55.139999,30.481075,6793400
2005-05-17,55.099998,55.73,54.919998,55.630001,30.751953,7712500
2005-05-18,55.73,56.400002,55.650002,56.400002,31.177614,6306500
2005-05-19,55.790001,56.73,55.759998,56.619999,31.299202,6628400
2005-05-20,56.59,56.610001,56.27,56.48,31.221827,5379100
2005-05-23,56.380001,56.790001,56.200001,56.48,31.221827,4650800
2005-05-24,56.32,56.450001,55.759998,56.0,30.95649,5716300
2005-05-25,55.799999,56.0,55.400002,55.73,30.807226,5068400
2005-05-26,55.740002,56.07,55.700001,55.810001,30.851454,5097300
2005-05-27,55.66,55.790001,55.34,55.759998,30.823818,4389400
2005-05-31,55.419998,55.639999,55.130001,55.150002,30.486607,5904000
2005-06-01,55.009998,56.16,55.0,56.119999,31.022812,5475100
2005-06-02,55.849998,56.02,55.509998,55.970001,30.939886,6069900
2005-06-03,55.650002,55.790001,55.220001,55.27,30.552937,4310100
2005-06-06,55.18,55.380001,54.900002,55.310001,30.575048,4657700
2005-06-07,55.540001,55.959999,55.400002,55.450001,30.65243,5420600
2005-06-08,55.849998,55.849998,55.279999,55.310001,30.575048,4898100
2005-06-09,55.299999,55.299999,54.889999,55.200001,30.514235,4881300
2005-06-10,55.400002,55.400002,54.400002,54.75,30.26548,5514700
2005-06-13,54.41,54.889999,54.130001,54.310001,30.022259,5415800
2005-06-14,54.299999,54.560001,54.099998,54.389999,30.066496,5372300
2005-06-15,54.439999,54.610001,54.25,54.400002,30.072021,6483700
2005-06-16,54.18,54.34,54.080002,54.25,29.989082,4733500
2005-06-17,54.799999,54.880001,54.380001,54.419998,30.083067,11874400
2005-06-20,54.209999,54.470001,54.119999,54.25,29.989082,4178600
2005-06-21,54.060001,54.360001,54.0,54.330002,30.033319,5042100
2005-06-22,54.330002,54.52,54.150002,54.439999,30.094128,5628900
2005-06-23,54.279999,54.310001,53.57,53.66,29.662941,6714700
2005-06-24,53.5,53.700001,52.82,52.82,29.198606,10288000
2005-06-27,52.790001,53.040001,52.439999,52.669998,29.115673,6300300
2005-06-28,52.779999,53.380001,52.700001,53.330002,29.480518,5955700
2005-06-29,53.330002,54.07,53.099998,53.470001,29.557898,5824800
2005-06-30,53.099998,53.73,52.700001,52.75,29.159895,8299700
2005-07-01,53.0,53.459999,52.549999,52.900002,29.242823,6471600
2005-07-05,52.400002,53.150002,51.91,52.75,29.159895,11411500
2005-07-06,52.68,52.790001,52.48,52.5,29.021698,9545000
2005-07-07,52.200001,52.459999,52.0,52.16,28.83375,9086100
2005-07-08,52.169998,53.169998,52.16,52.959999,29.275995,7758300
2005-07-11,53.790001,54.080002,53.650002,53.900002,29.795614,7252300
2005-07-12,54.220001,54.48,53.900002,53.939999,29.817724,10455600
2005-07-13,53.959999,54.919998,53.950001,54.580002,30.171526,10491400
2005-07-14,54.959999,55.200001,54.720001,54.75,30.26548,10375400
2005-07-15,54.75,54.799999,54.400002,54.5,30.127289,9808200
2005-07-18,54.5,54.900002,54.310001,54.619999,30.193632,8540300
2005-07-19,54.77,55.049999,54.599998,54.880001,30.33736,8521100
2005-07-20,54.689999,55.279999,54.16,55.02,30.570707,7538300
2005-07-21,54.900002,55.240002,54.599998,55.130001,30.631844,7590300
2005-07-22,55.0,55.169998,54.75,54.990002,30.554052,6337900
2005-07-25,54.990002,55.110001,54.849998,54.939999,30.526266,5442900
2005-07-26,55.0,55.419998,54.950001,55.110001,30.620714,6355700
2005-07-27,55.310001,55.5,55.18,55.369999,30.765181,4983900
2005-07-28,55.25,55.98,55.200001,55.82,31.015207,5605800
2005-07-29,55.75,55.849998,55.52,55.630001,30.909657,6300900
2005-08-01,55.799999,55.990002,54.630001,55.32,30.737408,10809800
2005-08-02,55.52,55.700001,55.32,55.360001,30.759626,10497900
2005-08-03,55.360001,55.380001,54.59,55.0,30.559601,9843700
2005-08-04,55.0,55.099998,54.040001,54.169998,30.098434,11328200
2005-08-05,54.0,54.23,53.889999,54.099998,30.059538,8249900
2005-08-08,54.110001,54.419998,54.0,54.25,30.142872,6290300
2005-08-09,54.299999,54.299999,53.619999,53.939999,29.970636,8070900
2005-08-10,53.950001,54.389999,53.389999,53.709999,29.842844,8411100
2005-08-11,53.540001,53.889999,53.049999,53.66,29.815058,9664600
2005-08-12,53.41,53.700001,53.25,53.549999,29.753944,7422300
2005-08-15,53.549999,54.43,53.470001,54.18,30.103985,6592300
2005-08-16,54.240002,54.360001,53.549999,53.580002,29.770617,7150200
2005-08-17,53.5,53.849998,53.220001,53.419998,29.681717,7358100
2005-08-18,53.549999,54.59,53.5,54.18,30.103985,8655600
2005-08-19,54.369999,54.77,54.150002,54.540001,30.304016,6435000
2005-08-22,55.400002,55.720001,54.990002,55.16,30.648495,11513700
2005-08-23,55.419998,55.66,55.169998,55.400002,30.781862,7215800
2005-08-24,55.41,55.419998,54.549999,54.619999,30.348471,8321200
2005-08-25,54.880001,55.060001,54.599998,55.0,30.559601,6842000
2005-08-26,55.0,55.240002,54.700001,54.959999,30.537371,6619600
2005-08-29,54.919998,55.84,54.849998,55.639999,30.915203,11931300
2005-08-30,55.650002,55.650002,55.0,55.400002,30.781862,7833500
2005-08-31,55.400002,55.720001,55.189999,55.48,30.826309,9500700
2005-09-01,55.400002,55.939999,55.25,55.759998,30.98189,7784400
2005-09-02,55.75,56.360001,55.700001,55.990002,31.109684,6484500
2005-09-06,56.299999,56.75,56.060001,56.57,31.431944,8132300
2005-09-07,56.5,56.5,56.200001,56.259998,31.259693,9214000
2005-09-08,56.549999,56.549999,55.799999,56.150002,31.198593,7520100
2005-09-09,56.150002,57.209999,56.080002,56.900002,31.615301,7878700
2005-09-12,56.68,56.91,56.549999,56.560001,31.426373,6401100
2005-09-13,56.299999,56.310001,55.490002,55.540001,30.859642,11601300
2005-09-14,55.450001,55.529999,54.970001,55.02,30.570707,10317800
2005-09-15,55.240002,55.720001,55.09,55.5,30.837425,7203300
2005-09-16,55.740002,56.450001,55.630001,55.950001,31.087442,13634100
2005-09-19,55.759998,55.900002,55.259998,55.560001,30.87076,8016000
2005-09-20,56.240002,56.5,55.900002,56.040001,31.137466,9517000
2005-09-21,55.75,56.119999,55.599998,55.900002,31.059669,10153700
2005-09-22,55.91,56.900002,55.849998,56.689999,31.498627,8766200
2005-09-23,56.509998,56.939999,56.099998,56.740002,31.526392,7859500
2005-09-26,56.990002,57.130001,56.400002,56.59,31.443056,7647800
2005-09-27,56.470001,57.279999,56.34,57.099998,31.726429,7878800
2005-09-28,57.189999,57.73,57.099998,57.439999,31.915335,8143200
2005-09-29,57.349998,58.169998,57.279999,58.139999,32.304283,9644100
2005-09-30,57.869999,59.459999,57.59,59.459999,33.037704,23314300
2005-10-03,59.43,59.560001,59.130001,59.310001,32.954369,15234500
2005-10-04,58.450001,58.720001,57.970001,58.080002,32.270935,24592100
2005-10-05,57.799999,58.0,57.02,57.110001,31.731979,15616400
2005-10-06,57.0,57.759998,55.5,56.220001,31.237467,21143000
2005-10-07,56.549999,56.549999,55.869999,56.040001,31.137466,12314200
2005-10-10,56.040001,56.400002,55.799999,55.84,31.026327,9164800
2005-10-11,56.0,56.369999,55.900002,56.009998,31.120779,10238300
2005-10-12,56.009998,56.23,55.599998,56.029999,31.131918,9824100
2005-10-13,55.98,56.509998,55.959999,56.200001,31.226351,8723300
2005-10-14,55.849998,56.290001,55.779999,56.110001,31.176336,8307500
2005-10-17,56.02,56.110001,55.400002,55.779999,30.993,8406200
2005-10-18,55.400002,55.59,54.869999,55.349998,30.75408,7906600
2005-10-19,54.650002,55.700001,54.619999,55.669998,31.089153,9540100
2005-10-20,55.700001,55.959999,54.970001,55.169998,30.809919,9112000
2005-10-21,55.169998,55.349998,54.810001,54.810001,30.608881,10659000
2005-10-24,54.990002,55.639999,54.950001,55.099998,30.770844,8221200
2005-10-25,55.150002,55.73,55.029999,55.59,31.044462,7570700
2005-10-26,55.59,55.75,54.959999,54.990002,30.709402,7442600
2005-10-27,55.0,55.299999,54.880001,55.02,30.726143,7090300
2005-10-28,55.48,56.240002,55.150002,55.919998,31.22876,8200400
2005-10-31,55.669998,56.380001,55.66,55.990002,31.267849,10998100
2005-11-01,56.5,56.720001,55.25,55.25,30.854603,10760400
2005-11-02,55.0,55.700001,54.959999,55.650002,31.077988,10583100
2005-11-03,55.900002,56.110001,55.75,55.959999,31.251097,8328300
2005-11-04,56.200001,56.299999,55.75,55.919998,31.22876,6064700
2005-11-07,55.52,55.810001,55.139999,55.580002,31.038877,7611700
2005-11-08,55.369999,55.889999,55.34,55.709999,31.111485,6447900
2005-11-09,55.880001,56.330002,55.75,56.0,31.273443,6076000
2005-11-10,56.0,56.560001,55.919998,56.369999,31.480051,7645800
2005-11-11,56.41,56.700001,56.259998,56.369999,31.480051,7528500
2005-11-14,56.299999,56.509998,55.709999,55.919998,31.22876,9706700
2005-11-15,55.970001,56.119999,55.919998,56.0,31.273443,9658100
2005-11-16,56.18,56.849998,56.139999,56.599998,31.608517,9982900
2005-11-17,56.849998,57.43,56.599998,57.150002,31.915653,8009400
2005-11-18,57.650002,57.66,57.02,57.450001,32.083179,11973800
2005-11-21,57.200001,57.75,57.169998,57.639999,32.189308,5644200
2005-11-22,57.59,57.59,56.919998,57.139999,31.910072,6840700
2005-11-23,56.990002,57.009998,56.349998,57.009998,31.837471,8448500
2005-11-25,57.200001,57.630001,57.169998,57.279999,31.988258,2326800
2005-11-28,56.849998,57.360001,56.720001,57.110001,31.893314,5787100
2005-11-29,57.360001,57.970001,57.349998,57.68,32.211643,6821700
2005-11-30,57.790001,58.040001,57.16,57.189999,31.937992,8624300
2005-12-01,57.360001,58.0,57.32,57.639999,32.189308,6894300
2005-12-02,57.299999,57.720001,57.209999,57.360001,32.032925,15060900
2005-12-05,57.119999,57.599998,57.119999,57.43,32.072018,6158800
2005-12-06,57.400002,57.82,57.34,57.41,32.06086,6015500
2005-12-07,57.5,57.66,56.799999,57.040001,31.854225,6839200
2005-12-08,57.0,57.5,56.700001,57.009998,31.837471,5414200
2005-12-09,57.049999,57.5,57.049999,57.330002,32.016186,5284000
2005-12-12,57.299999,57.540001,56.82,56.91,31.781628,6006100
2005-12-13,57.200001,58.75,57.200001,58.509998,32.675152,10104900
2005-12-14,58.490002,59.700001,58.279999,59.619999,33.295036,9403200
2005-12-15,59.049999,59.130001,58.0,58.990002,32.94323,10429500
2005-12-16,59.189999,59.450001,57.5,58.110001,32.451775,18585300
2005-12-19,58.139999,58.84,57.759998,58.549999,32.697491,7045500
2005-12-20,58.0,58.689999,57.75,58.209999,32.507614,5440300
2005-12-21,58.25,58.790001,58.25,58.52,32.680752,6078300
2005-12-22,58.27,58.779999,58.25,58.779999,32.825943,5800000
2005-12-23,58.810001,59.189999,58.169998,58.880001,32.881786,3913000
2005-12-27,58.66,58.950001,58.450001,58.599998,32.725426,4744800
2005-12-28,58.59,58.799999,58.360001,58.540001,32.691914,5663000
2005-12-29,58.43,58.650002,58.119999,58.419998,32.624889,4008000
2005-12-30,58.150002,58.560001,57.880001,57.880001,32.32333,5928600
2006-01-03,58.299999,58.860001,57.689999,58.779999,32.825943,9741500
2006-01-04,58.799999,59.119999,58.560001,58.889999,32.887363,6746400
2006-01-05,58.700001,59.07,58.610001,58.700001,32.781273,8936100
2006-01-06,58.740002,58.799999,58.48,58.639999,32.747753,8825800
2006-01-09,58.450001,59.09,58.450001,59.080002,32.993473,7715700
2006-01-10,58.889999,58.900002,58.57,58.849998,32.865017,8552900
2006-01-11,58.939999,59.07,58.599998,59.060001,32.9823,8790500
2006-01-12,58.98,59.0,58.400002,58.41,32.619308,6612800
2006-01-13,58.41,58.919998,58.389999,58.900002,32.892956,7146800
2006-01-17,58.450001,58.860001,58.419998,58.650002,32.753342,5299200
2006-01-18,58.5,58.75,58.369999,58.669998,32.921684,6689500
2006-01-19,58.0,58.880001,58.0,58.509998,32.831898,8067300
2006-01-20,58.509998,58.560001,57.790001,57.84,32.455944,10491600
2006-01-23,57.84,58.259998,57.639999,57.639999,32.343723,9437700
2006-01-24,58.0,58.16,57.290001,57.869999,32.472771,8163500
2006-01-25,58.099998,58.470001,57.830002,58.470001,32.809464,8932300
2006-01-26,58.75,59.0,58.59,58.82,33.005844,7007000
2006-01-27,59.400002,59.799999,59.049999,59.740002,33.522087,11747900
2006-01-30,59.130001,59.700001,58.950001,59.139999,33.18541,7909700
2006-01-31,58.950001,59.349998,58.889999,59.23,33.235916,10347500
2006-02-01,59.099998,60.02,59.060001,59.82,33.56699,10834600
2006-02-02,59.740002,60.150002,59.639999,59.650002,33.471584,9759100
2006-02-03,59.389999,60.049999,59.32,59.68,33.488422,7815900
2006-02-06,59.580002,59.900002,59.099998,59.790001,33.55014,4998800
2006-02-07,59.470001,59.810001,59.110001,59.32,33.286407,6403600
2006-02-08,59.400002,59.799999,59.23,59.470001,33.370583,6775700
2006-02-09,59.459999,59.849998,59.32,59.619999,33.45475,6242200
2006-02-10,59.630001,59.790001,59.459999,59.700001,33.499641,5804900
2006-02-13,59.580002,59.669998,59.27,59.439999,33.353764,5198600
2006-02-14,59.549999,60.0,59.48,59.84,33.578201,7923000
2006-02-15,59.75,60.25,59.709999,60.110001,33.729717,8575200
2006-02-16,60.02,60.830002,60.009998,60.73,34.077614,6998200
2006-02-17,60.59,61.029999,60.419998,61.0,34.229118,9137500
2006-02-21,60.880001,61.0,60.689999,60.880001,34.161777,6770600
2006-02-22,61.0,62.0,60.98,61.939999,34.756588,8974000
2006-02-23,61.849998,62.09,61.389999,61.48,34.498459,7110800
2006-02-24,61.32,61.73,61.060001,61.5,34.509693,5610800
2006-02-27,61.68,61.889999,61.349998,61.349998,34.425518,6723100
2006-02-28,61.0,61.209999,59.849998,59.93,33.628712,14458000
2006-03-01,60.110001,60.459999,60.02,60.110001,33.729717,9155200
2006-03-02,59.990002,60.02,59.360001,59.549999,33.415478,10876800
2006-03-03,59.299999,60.16,59.299999,59.669998,33.482811,7797900
2006-03-06,59.549999,59.959999,59.5,59.669998,33.482811,4553300
2006-03-07,59.560001,60.560001,59.419998,60.299999,33.836319,7366400
2006-03-08,60.25,61.330002,60.23,61.07,34.268391,8680200
2006-03-09,61.5,62.0,61.099998,61.400002,34.453587,7114000
2006-03-10,61.450001,62.439999,61.450001,62.25,34.930531,8506900
2006-03-13,62.110001,62.5,61.799999,61.98,34.77903,5956100
2006-03-14,60.09,60.68,59.599998,60.009998,33.673599,18234500
2006-03-15,60.509998,60.509998,59.77,59.900002,33.611874,9813600
2006-03-16,59.799999,59.860001,59.0,59.389999,33.32568,12489800
2006-03-17,59.389999,59.400002,58.849998,59.099998,33.162956,17418000
2006-03-20,59.380001,59.380001,58.709999,59.18,33.207867,7027800
2006-03-21,59.209999,59.720001,58.939999,59.029999,33.123684,6909400
2006-03-22,58.700001,59.599998,58.700001,59.490002,33.381813,5849700
2006-03-23,59.259998,59.400002,58.439999,58.650002,32.910465,9166500
2006-03-24,58.560001,58.950001,57.98,58.740002,32.96096,8870500
2006-03-27,58.380001,58.619999,58.259998,58.290001,32.708458,8040400
2006-03-28,58.0,58.279999,57.5,57.529999,32.282005,14113000
2006-03-29,57.439999,57.98,57.0,57.740002,32.399826,12430600
2006-03-30,57.529999,58.099998,57.400002,57.630001,32.338097,8419500
2006-03-31,57.630001,58.299999,57.580002,57.630001,32.338097,11176100
2006-04-03,57.689999,58.360001,57.689999,57.880001,32.478382,8113400
2006-04-04,57.830002,58.48,57.77,58.0,32.545731,8873400
2006-04-05,57.950001,58.099998,57.540001,57.619999,32.3325,8926000
2006-04-06,57.57,57.919998,57.240002,57.5,32.265141,6607300
2006-04-07,57.5,57.939999,57.259998,57.279999,32.141697,7392400
2006-04-10,57.299999,57.400002,56.950001,57.150002,32.068752,7153700
2006-04-11,57.27,57.299999,56.09,56.490002,31.698418,13443800
2006-04-12,56.299999,56.5,56.279999,56.419998,31.659132,8850500
2006-04-13,56.400002,56.669998,56.349998,56.599998,31.760139,6852400
2006-04-17,56.200001,56.470001,55.75,56.029999,31.440294,13180200
2006-04-18,55.939999,56.369999,55.84,56.16,31.513245,11186200
2006-04-19,55.68,56.080002,55.07,56.07,31.637369,12877800
2006-04-20,56.16,56.799999,55.77,56.259998,31.744576,15583700
2006-04-21,56.099998,56.759998,55.990002,56.34,31.789721,12076800
2006-04-24,56.150002,57.0,56.150002,56.599998,31.936426,9313400
2006-04-25,56.900002,57.52,56.630001,57.27,32.314476,22369200
2006-04-26,57.560001,58.060001,57.48,58.009998,32.731991,15869100
2006-04-27,57.799999,58.73,57.759998,58.380001,32.940769,8826800
2006-04-28,58.299999,58.470001,58.0,58.209999,32.844856,8917700
2006-05-01,58.43,58.669998,57.759998,57.880001,32.658649,7304700
2006-05-02,57.66,58.34,57.43,58.110001,32.788433,8489300
2006-05-03,56.25,56.490002,55.18,56.220001,31.72201,28760000
2006-05-04,56.23,56.689999,55.599998,55.860001,31.518879,15422400
2006-05-05,56.240002,56.240002,55.650002,55.73,31.445526,13405200
2006-05-08,56.009998,56.599998,55.419998,56.34,31.789721,14653300
2006-05-09,56.360001,56.669998,56.169998,56.5,31.880007,11459800
2006-05-10,56.689999,56.740002,56.25,56.34,31.789721,9617500
2006-05-11,56.650002,56.650002,55.509998,55.650002,31.400389,12379000
2006-05-12,55.799999,55.830002,55.009998,55.009998,31.039255,13888800
2006-05-15,54.689999,55.700001,54.049999,55.57,31.355242,11531400
2006-05-16,55.599998,56.259998,55.52,56.040001,31.620453,11485100
2006-05-17,55.560001,55.919998,55.25,55.330002,31.21983,10081100
2006-05-18,55.200001,55.529999,54.880001,54.889999,30.971561,7772400
2006-05-19,54.990002,55.0,53.75,54.150002,30.554022,16266300
2006-05-22,53.959999,54.490002,53.950001,54.279999,30.627367,9208200
2006-05-23,54.310001,54.990002,54.060001,54.490002,30.745859,9505900
2006-05-24,54.560001,55.139999,54.189999,54.82,30.932068,9998700
2006-05-25,55.130001,55.279999,54.860001,55.259998,31.180321,8082600
2006-05-26,55.200001,55.299999,54.709999,55.130001,31.106972,6442600
2006-05-30,54.779999,55.02,54.330002,54.380001,30.68379,6971000
2006-05-31,54.580002,54.689999,54.0,54.25,30.610426,11624100
2006-06-01,54.349998,54.509998,54.029999,54.48,30.740206,6941200
2006-06-02,54.369999,54.549999,53.799999,53.950001,30.441166,8577600
2006-06-05,53.799999,54.040001,53.07,53.18,30.006678,7945800
2006-06-06,53.110001,53.5,52.75,53.369999,30.113897,9189300
2006-06-07,53.599998,54.130001,53.16,53.240002,30.04055,8439600
2006-06-08,53.5,55.099998,53.299999,54.740002,30.886919,15081400
2006-06-09,54.52,55.0,54.110001,54.450001,30.723282,7723700
2006-06-12,54.57,54.919998,54.16,54.310001,30.644291,5924200
2006-06-13,54.32,55.25,54.099998,54.130001,30.542727,10410600
2006-06-14,54.0,54.93,53.790001,54.830002,30.93771,8757100
2006-06-15,54.970001,55.09,53.970001,54.880001,30.965918,8548000
2006-06-16,54.889999,55.200001,54.830002,55.02,31.044912,10789100
2006-06-19,55.98,56.0,54.700001,54.869999,30.960266,11238100
2006-06-20,55.23,55.84,54.860001,55.580002,31.360891,11377800
2006-06-21,55.52,56.189999,55.459999,55.82,31.496305,8701300
2006-06-22,55.630001,55.919998,55.52,55.849998,31.513241,6121900
2006-06-23,55.560001,56.16,55.5,55.73,31.445526,6917400
2006-06-26,55.740002,56.0,55.259998,55.990002,31.592239,5617900
2006-06-27,55.25,56.0,55.200001,55.75,31.45682,7336400
2006-06-28,55.75,56.02,55.5,55.77,31.468094,6487900
2006-06-29,56.240002,57.0,55.82,56.990002,32.156479,10318500
2006-06-30,57.0,57.189999,55.599998,55.599998,31.372171,21154000
2006-07-03,56.02,56.41,56.02,56.299999,31.767141,4592900
2006-07-05,55.700001,56.139999,55.650002,55.93,31.558371,9146100
2006-07-06,55.970001,56.75,55.939999,56.450001,31.851791,7215400
2006-07-07,56.450001,56.75,56.25,56.5,31.880007,6834500
2006-07-10,56.43,57.130001,56.43,56.98,32.150826,6776600
2006-07-11,56.779999,57.34,56.779999,57.25,32.303188,6104000
2006-07-12,57.25,57.330002,56.509998,56.610001,31.942062,7060100
2006-07-13,56.610001,56.790001,56.400002,56.540001,31.902573,9209400
2006-07-14,56.290001,56.360001,55.25,55.66,31.406034,8959100
2006-07-17,55.630001,56.169998,55.549999,55.82,31.496305,6167300
2006-07-18,55.650002,55.919998,55.299999,55.810001,31.490665,7123000
2006-07-19,55.799999,56.849998,55.5,56.639999,32.137493,7938400
2006-07-20,56.41,56.990002,56.18,56.610001,32.120495,5748200
2006-07-21,56.849998,56.98,55.919998,56.07,31.814074,8014400
2006-07-24,56.349998,56.990002,56.150002,56.900002,32.285027,4482400
2006-07-25,56.599998,57.25,56.220001,56.880001,32.273678,6701600
2006-07-26,56.650002,56.77,56.310001,56.669998,32.154541,7223500
2006-07-27,56.849998,56.990002,56.400002,56.439999,32.024021,5572500
2006-07-28,56.869999,57.23,56.66,56.810001,32.233952,5886700
2006-07-31,56.41,56.66,56.07,56.200001,31.887859,7569000
2006-08-01,56.0,56.07,55.700001,55.93,31.734644,5850700
2006-08-02,57.98,58.900002,57.470001,58.290001,33.073704,17707400
2006-08-03,58.459999,59.689999,58.130001,59.450001,33.731895,12370500
2006-08-04,59.59,59.759998,59.09,59.450001,33.731895,7888800
2006-08-07,59.139999,59.470001,58.84,59.400002,33.703514,6377400
2006-08-08,59.75,60.0,59.279999,59.720001,33.885082,9319300
2006-08-09,59.799999,59.98,59.400002,59.540001,33.782959,5617000
2006-08-10,59.599998,60.290001,59.580002,60.259998,34.191479,8648900
2006-08-11,59.990002,60.450001,59.790001,60.259998,34.191479,8092500
2006-08-14,60.27,60.75,59.639999,59.759998,33.907784,8069500
2006-08-15,60.25,60.619999,60.099998,60.439999,34.293613,6944700
2006-08-16,60.380001,60.560001,60.23,60.419998,34.282261,6605100
2006-08-17,60.139999,60.639999,60.139999,60.34,34.23687,6589200
2006-08-18,60.349998,60.419998,59.779999,60.389999,34.265255,6865200
2006-08-21,60.299999,60.93,60.279999,60.779999,34.486534,5296500
2006-08-22,60.720001,61.18,60.709999,61.049999,34.639725,6521600
2006-08-23,60.900002,61.450001,60.73,60.919998,34.565975,4746000
2006-08-24,60.880001,61.380001,60.82,61.049999,34.639725,5346300
2006-08-25,60.830002,61.169998,60.82,60.869999,34.537598,4492800
2006-08-28,60.419998,61.220001,60.220001,60.98,34.600021,6248600
2006-08-29,61.0,61.389999,60.759998,61.200001,34.724846,4940800
2006-08-30,61.450001,62.029999,61.400002,61.75,35.036911,8797700
2006-08-31,61.57,62.029999,61.549999,61.900002,35.122028,6514600
2006-09-01,61.990002,62.09,61.75,61.91,35.127682,4132300
2006-09-05,61.5,61.689999,61.189999,61.560001,34.929104,6288700
2006-09-06,61.560001,61.669998,61.139999,61.439999,34.861008,4595800
2006-09-07,61.889999,62.029999,61.34,61.529999,34.912098,7174000
2006-09-08,62.34,62.34,61.099998,61.139999,34.6908,5725900
2006-09-11,61.099998,62.099998,61.09,61.919998,35.133373,9150500
2006-09-12,61.919998,62.18,61.75,61.849998,35.093651,5626800
2006-09-13,61.830002,61.849998,60.419998,60.560001,34.361698,11058000
2006-09-14,60.049999,60.970001,59.830002,60.77,34.480846,8959100
2006-09-15,61.099998,61.75,60.900002,60.900002,34.554615,17543900
2006-09-18,60.73,60.98,60.439999,60.5,34.32766,6676300
2006-09-19,60.32,60.93,60.209999,60.91,34.560299,7318100
2006-09-20,61.099998,61.779999,60.759998,61.630001,34.968834,6997800
2006-09-21,61.810001,62.02,61.43,61.740002,35.031227,9904700
2006-09-22,61.650002,62.0,61.540001,61.810001,35.07095,6795200
2006-09-25,61.57,62.5,61.560001,62.290001,35.343307,8142500
2006-09-26,62.029999,62.650002,61.91,62.48,35.451099,8944100
2006-09-27,62.48,62.849998,62.360001,62.73,35.59296,8292000
2006-09-28,62.41,62.549999,61.919998,62.259998,35.326279,9379800
2006-09-29,62.130001,62.689999,61.98,61.98,35.167408,7232500
2006-10-02,61.990002,62.310001,61.889999,62.040001,35.201454,4732100
2006-10-03,61.889999,62.5,61.889999,62.299999,35.348976,8824800
2006-10-04,62.080002,63.529999,62.02,63.34,35.93906,15044800
2006-10-05,63.23,63.740002,63.209999,63.52,36.041218,8244800
2006-10-06,63.150002,63.310001,62.720001,63.09,35.797226,7072300
2006-10-09,62.779999,63.040001,62.740002,62.849998,35.661037,3882500
2006-10-10,62.610001,62.720001,62.049999,62.720001,35.587296,7689900
2006-10-11,62.279999,62.669998,62.119999,62.48,35.451099,4826500
2006-10-12,62.57,62.869999,62.32,62.41,35.4114,5931800
2006-10-13,62.16,62.189999,61.650002,62.130001,35.252518,7187800
2006-10-16,61.82,62.23,61.5,62.049999,35.207123,5242700
2006-10-17,61.790001,62.48,61.77,62.25,35.320602,6684000
2006-10-18,62.150002,62.830002,62.0,62.59,35.691269,7517900
2006-10-19,62.290001,62.560001,62.139999,62.5,35.639942,5229600
2006-10-20,62.73,62.880001,62.150002,62.68,35.742588,8001100
2006-10-23,62.279999,63.470001,62.25,63.279999,36.084717,7354400
2006-10-24,63.0,63.169998,62.669998,62.880001,35.856636,6879500
2006-10-25,62.98,63.400002,62.82,63.130001,35.99921,5911000
2006-10-26,63.099998,63.669998,62.900002,63.5,36.210186,6426000
2006-10-27,63.310001,63.84,63.150002,63.560001,36.244392,7173400
2006-10-30,63.57,64.019997,63.450001,63.810001,36.386955,8786600
2006-10-31,62.209999,63.529999,62.209999,63.389999,36.147449,14877300
2006-11-01,63.200001,63.630001,62.549999,63.040001,35.947868,8882000
2006-11-02,62.84,63.389999,62.759998,63.27,36.079025,8152800
2006-11-03,63.27,63.490002,63.099998,63.400002,36.153149,5498300
2006-11-06,63.23,63.75,63.119999,63.560001,36.244392,9449400
2006-11-07,63.560001,64.379997,63.419998,64.110001,36.558029,7796600
2006-11-08,64.129997,64.349998,63.939999,64.040001,36.51812,9745400
2006-11-09,63.860001,64.0,63.189999,63.799999,36.381248,8202400
2006-11-10,63.959999,64.0,63.349998,63.700001,36.32423,6891900
2006-11-13,63.77,63.790001,63.150002,63.25,36.067623,6033000
2006-11-14,63.18,63.389999,62.740002,63.200001,36.039104,7899400
2006-11-15,63.119999,63.470001,62.98,63.119999,35.993481,5559200
2006-11-16,63.27,63.810001,63.0,63.52,36.2216,4839600
2006-11-17,63.5,63.869999,63.299999,63.860001,36.415462,6249100
2006-11-20,63.900002,63.970001,63.630001,63.689999,36.318531,4624800
2006-11-21,63.450001,63.709999,63.259998,63.259998,36.073334,5114800
2006-11-22,63.27,63.639999,63.060001,63.639999,36.29002,4059300
2006-11-24,63.639999,63.740002,63.400002,63.529999,36.227306,2288000
2006-11-27,63.169998,63.349998,62.529999,62.84,35.833832,7182900
2006-11-28,62.700001,63.360001,62.290001,63.07,35.964977,7145800
2006-11-29,62.950001,63.240002,62.59,63.209999,36.044811,5767900
2006-11-30,63.040001,63.240002,62.529999,62.790001,35.805298,9011900
2006-12-01,63.009998,63.099998,62.209999,62.689999,35.748287,6604400
2006-12-04,63.080002,63.549999,62.75,63.419998,36.164566,7083800
2006-12-05,63.419998,63.959999,63.299999,63.509998,36.215881,6025100
2006-12-06,63.57,63.810001,63.290001,63.799999,36.381248,5547900
2006-12-07,63.950001,64.040001,63.68,63.799999,36.381248,6999200
2006-12-08,63.700001,64.18,63.57,63.889999,36.432587,4695400
2006-12-11,63.700001,64.029999,63.599998,63.869999,36.421177,3858400
2006-12-12,63.919998,64.059998,63.450001,63.700001,36.32423,7022300
2006-12-13,63.73,63.950001,63.25,63.400002,36.153149,6102100
2006-12-14,63.299999,63.779999,63.279999,63.349998,36.124626,5850500
2006-12-15,63.490002,64.239998,63.369999,64.110001,36.558029,11542200
2006-12-18,64.019997,64.269997,63.650002,64.160004,36.58654,5769300
2006-12-19,63.720001,64.449997,63.700001,64.389999,36.717705,6102700
2006-12-20,64.300003,64.480003,64.019997,64.470001,36.763332,4477700
2006-12-21,64.300003,64.5,63.919998,64.050003,36.523823,6066400
2006-12-22,64.230003,64.25,63.75,63.799999,36.381248,4390700
2006-12-26,63.669998,64.269997,63.599998,64.190002,36.603664,4020000
2006-12-27,64.400002,64.580002,64.25,64.419998,36.734806,5246800
2006-12-28,64.169998,64.620003,64.120003,64.480003,36.769012,3901900
2006-12-29,64.360001,64.730003,64.099998,64.269997,36.649254,4421700
2007-01-03,63.720001,64.660004,63.700001,64.540001,36.803242,9717900
2007-01-04,64.339996,64.5,63.75,64.050003,36.523823,8711400
2007-01-05,63.869999,64.0,63.34,63.5,36.210186,9907900
2007-01-08,63.59,63.779999,63.23,63.639999,36.29002,11068200
2007-01-09,63.389999,63.799999,63.110001,63.48,36.198776,10823800
2007-01-10,63.27,64.330002,63.25,64.239998,36.63216,8139400
2007-01-11,64.160004,64.800003,64.099998,64.639999,36.860249,6593000
2007-01-12,64.400002,65.0,64.400002,65.0,37.065529,7904200
2007-01-16,64.910004,65.0,64.720001,65.0,37.065529,10397100
2007-01-17,65.209999,65.730003,64.849998,65.360001,37.449432,11403700
2007-01-18,65.25,65.650002,63.68,65.540001,37.552574,8679900
2007-01-19,65.690002,66.300003,65.540001,66.089996,37.86771,9241500
2007-01-22,65.949997,66.029999,65.160004,65.720001,37.655708,9324800
2007-01-23,66.0,66.0,65.290001,65.639999,37.609867,5763600
2007-01-24,65.550003,65.739998,65.099998,65.510002,37.535374,6366500
2007-01-25,65.360001,65.489998,64.68,64.919998,37.197323,6800500
2007-01-26,65.0,65.139999,64.5,64.860001,37.16296,6829500
2007-01-29,65.230003,65.550003,64.830002,64.879997,37.174389,9458300
2007-01-30,64.410004,64.790001,63.68,64.589996,37.00824,12003400
2007-01-31,64.5,65.160004,64.099998,64.870003,37.168671,8933600
2007-02-01,64.900002,65.489998,64.68,65.339996,37.437962,8122900
2007-02-02,65.580002,65.639999,65.089996,65.339996,37.437962,6379400
2007-02-05,65.120003,65.419998,64.93,65.150002,37.329113,6368900
2007-02-06,65.150002,65.260002,64.480003,64.589996,37.00824,8342400
2007-02-07,64.82,64.949997,64.349998,64.480003,36.945232,6747400
2007-02-08,64.110001,64.75,64.099998,64.589996,37.00824,5783700
2007-02-09,64.589996,64.82,64.220001,64.43,36.916573,5252100
2007-02-12,64.360001,64.589996,64.059998,64.160004,36.761868,8014100
2007-02-13,64.160004,64.739998,64.059998,64.709999,37.077003,8843900
2007-02-14,64.849998,65.07,64.620003,64.879997,37.174389,5969000
2007-02-15,64.800003,65.400002,64.800003,64.989998,37.237431,5174100
2007-02-16,64.889999,65.5,64.800003,65.07,37.283272,8158200
2007-02-20,64.75,65.07,64.360001,64.879997,37.174389,9201400
2007-02-21,64.75,64.989998,64.32,64.690002,37.065529,5655600
2007-02-22,64.480003,64.730003,64.309998,64.709999,37.077003,6321700
2007-02-23,64.779999,64.93,64.459999,64.82,37.14003,5536700
2007-02-26,64.660004,64.989998,64.32,64.440002,36.922287,6545300
2007-02-27,64.309998,64.730003,61.25,61.25,35.094513,16527200
2007-02-28,62.5,63.77,62.25,63.490002,36.377983,17275300
2007-03-01,62.75,64.120003,62.75,63.68,36.486832,11245000
2007-03-02,63.349998,63.709999,62.700001,63.16,36.1889,9275000
2007-03-05,62.84,63.599998,62.66,62.790001,35.976887,9904800
2007-03-06,63.0,63.07,62.450001,62.939999,36.062847,11971600
2007-03-07,62.799999,63.049999,62.02,62.080002,35.570084,10622400
2007-03-08,62.290001,62.48,61.869999,62.310001,35.701874,8996800
2007-03-09,62.400002,62.700001,62.0,62.16,35.615925,9194400
2007-03-12,62.09,62.400002,61.98,62.09,35.575806,5979700
2007-03-13,61.75,62.119999,61.139999,61.169998,35.048679,11281200
2007-03-14,61.349998,61.59,60.419998,61.360001,35.157551,10522000
2007-03-15,61.560001,62.049999,61.25,61.91,35.472683,12711000
2007-03-16,62.139999,62.16,61.48,61.610001,35.300774,12357900
2007-03-19,61.720001,62.150002,61.709999,61.98,35.512783,5646600
2007-03-20,61.98,62.34,61.799999,62.279999,35.684669,6516400
2007-03-21,62.34,63.0,62.150002,62.959999,36.074303,8562700
2007-03-22,63.5,63.900002,63.200001,63.849998,36.58424,14690800
2007-03-23,63.529999,63.98,63.450001,63.799999,36.555599,7081600
2007-03-26,63.599998,63.919998,63.27,63.900002,36.612896,7491800
2007-03-27,63.549999,63.759998,63.16,63.27,36.251926,8039100
2007-03-28,63.48,63.48,62.66,63.009998,36.102951,7296800
2007-03-29,63.490002,63.5,62.900002,63.259998,36.246178,5366300
2007-03-30,63.110001,63.400002,62.0,63.16,36.1889,8527800
2007-04-02,63.220001,63.349998,62.650002,63.02,36.108677,6484000
2007-04-03,63.220001,63.439999,62.740002,62.900002,36.039921,11410000
2007-04-04,63.099998,63.25,62.849998,63.049999,36.125862,9728200
2007-04-05,62.810001,63.18,62.810001,63.0,36.097206,6453000
2007-04-09,63.029999,63.400002,62.82,63.259998,36.246178,7690700
2007-04-10,63.240002,63.540001,63.110001,63.209999,36.217533,6554400
2007-04-11,63.209999,63.220001,62.75,63.040001,36.12014,9100200
2007-04-12,63.029999,63.59,62.900002,63.52,36.395176,7570100
2007-04-13,63.52,63.52,63.139999,63.380001,36.314949,6548000
2007-04-16,63.5,63.799999,63.290001,63.73,36.51548,8574400
2007-04-17,63.580002,64.080002,63.529999,63.900002,36.612896,12344700
2007-04-18,63.650002,63.900002,63.389999,63.759998,36.532692,8303800
2007-04-19,63.77,64.190002,63.5,63.619999,36.452457,8840500
2007-04-20,63.990002,64.0,63.490002,63.799999,36.555599,18753200
2007-04-23,63.799999,64.0,63.549999,63.630001,36.458183,6754000
2007-04-24,63.48,63.740002,62.77,63.73,36.51548,10107400
2007-04-25,63.349998,63.75,63.330002,63.529999,36.601925,7323400
2007-04-26,63.259998,63.48,62.919998,62.990002,36.290794,9165200
2007-04-27,62.91,63.209999,62.610001,62.98,36.285049,9744800
2007-04-30,63.360001,64.75,63.349998,64.400002,37.103134,19243300
2007-05-01,63.209999,63.25,62.630001,62.959999,36.273514,18845800
2007-05-02,63.209999,63.209999,62.310001,62.369999,35.93359,19498800
2007-05-03,62.630001,62.700001,61.84,62.0,35.720417,17770600
2007-05-04,62.25,62.470001,61.75,62.41,35.956627,12431700
2007-05-07,62.610001,62.790001,62.0,62.18,35.824142,12124700
2007-05-08,61.830002,61.970001,61.5,61.75,35.576397,16578900
2007-05-09,61.5,62.27,61.419998,62.009998,35.726181,10520000
2007-05-10,62.009998,62.049999,61.040001,61.490002,35.42659,14107600
2007-05-11,61.669998,61.849998,61.419998,61.650002,35.518787,8479000
2007-05-14,61.75,61.900002,61.560001,61.720001,35.559101,8754800
2007-05-15,61.720001,62.889999,61.720001,62.07,35.760746,14855900
2007-05-16,62.299999,63.610001,62.110001,63.32,36.480919,15809800
2007-05-17,63.049999,63.59,62.759998,63.369999,36.509735,10088800
2007-05-18,63.5,64.43,63.25,63.48,36.573093,16434000
2007-05-21,63.299999,63.459999,63.009998,63.27,36.452118,9699500
2007-05-22,63.009998,63.32,62.799999,63.0,36.296539,9681300
2007-05-23,63.029999,63.43,63.02,63.099998,36.354176,7685800
2007-05-24,63.360001,63.400002,62.830002,62.869999,36.221649,8971500
2007-05-25,63.299999,63.389999,62.849998,62.959999,36.273514,9440800
2007-05-29,62.91,63.810001,62.900002,63.650002,36.671047,9891900
2007-05-30,63.400002,63.849998,63.23,63.849998,36.786266,10316200
2007-05-31,63.75,63.919998,63.32,63.549999,36.613426,8615300
2007-06-01,63.549999,63.779999,62.959999,63.48,36.573093,9025800
2007-06-04,63.459999,63.5,62.849998,63.189999,36.40601,11481300
2007-06-05,63.09,63.73,63.060001,63.459999,36.561588,13480400
2007-06-06,63.349998,63.599998,63.169998,63.189999,36.40601,9903700
2007-06-07,62.610001,62.759998,62.119999,62.32,35.904778,21180400
2007-06-08,62.360001,63.200001,62.18,63.07,36.33688,15468500
2007-06-11,62.799999,63.209999,62.75,63.049999,36.325359,8119600
2007-06-12,62.700001,63.0,62.16,62.16,35.812607,10403400
2007-06-13,62.290001,62.82,62.02,62.369999,35.93359,15511000
2007-06-14,62.290001,62.599998,62.099998,62.419998,35.962399,11103000
2007-06-15,62.66,62.799999,62.25,62.57,36.048813,17155500
2007-06-18,62.5,62.5,61.720001,61.77,35.587902,15244900
2007-06-19,61.810001,61.91,61.099998,61.82,35.616726,19293000
2007-06-20,61.82,62.490002,61.82,61.939999,35.685852,18520400
2007-06-21,62.029999,62.400002,61.599998,61.880001,35.651279,13153300
2007-06-22,61.880001,61.970001,60.990002,61.029999,35.16156,19720000
2007-06-25,61.099998,61.529999,60.849998,61.080002,35.190376,11690800
2007-06-26,61.200001,61.59,60.990002,61.189999,35.253746,14784000
2007-06-27,61.150002,61.439999,60.91,61.43,35.392017,10475800
2007-06-28,61.599998,61.799999,61.049999,61.360001,35.3517,9235900
2007-06-29,61.450001,61.700001,60.759998,61.189999,35.253746,11984900
2007-07-02,61.349998,61.799999,61.349998,61.740002,35.57061,9868700
2007-07-03,61.450001,61.900002,61.450001,61.790001,35.599438,5091700
2007-07-05,61.93,61.93,61.400002,61.669998,35.530296,11880600
2007-07-06,61.5,61.630001,61.349998,61.48,35.420822,8197100
2007-07-09,61.48,61.669998,61.41,61.52,35.443871,12073500
2007-07-10,61.540001,61.700001,61.009998,61.029999,35.16156,12677700
2007-07-11,61.060001,61.669998,60.889999,61.560001,35.466919,12056600
2007-07-12,61.57,62.990002,61.560001,62.93,36.256237,17559900
2007-07-13,62.59,63.0,62.25,62.66,36.100674,12006400
2007-07-16,62.360001,63.5,62.200001,63.150002,36.38298,12873100
2007-07-17,63.040001,63.459999,62.68,62.68,36.112202,13777400
2007-07-18,62.400002,62.98,62.02,62.59,36.26284,11066000
2007-07-19,62.48,63.130001,62.48,62.790001,36.378696,8714300
2007-07-20,62.240002,62.889999,62.099998,62.150002,36.007919,12207800
2007-07-23,62.290001,63.709999,62.290001,63.34,36.697338,9577000
2007-07-24,62.57,64.379997,62.549999,62.959999,36.477196,14793500
2007-07-25,62.919998,63.57,62.59,62.98,36.4888,13581900
2007-07-26,62.32,63.810001,62.299999,62.560001,36.245449,22062300
2007-07-27,62.349998,63.41,62.299999,62.82,36.396084,16874600
2007-07-30,62.509998,63.540001,62.049999,63.27,36.656803,14882700
2007-07-31,63.060001,63.189999,61.740002,61.860001,35.839886,15470800
2007-08-01,61.52,63.490002,61.5,63.16,36.593086,14824200
2007-08-02,63.049999,63.59,62.639999,63.299999,36.674187,11878500
2007-08-03,63.25,63.68,62.34,62.880001,36.430836,20336700
2007-08-06,63.0,65.0,62.950001,65.0,37.659119,18583700
2007-08-07,64.230003,65.790001,64.230003,65.230003,37.792381,19227700
2007-08-08,65.349998,65.75,64.599998,65.160004,37.751823,13785200
2007-08-09,64.010002,66.75,64.0,64.970001,37.641731,19540900
2007-08-10,64.309998,65.889999,64.279999,65.389999,37.885071,17234900
2007-08-13,65.199997,65.400002,64.010002,64.279999,37.241955,15379400
2007-08-14,64.230003,64.449997,63.52,63.720001,36.917511,10928800
2007-08-15,63.950001,64.800003,63.34,63.48,36.778461,12162400
2007-08-16,62.529999,64.790001,62.529999,64.029999,37.09713,22611500
2007-08-17,64.900002,65.449997,64.169998,65.349998,37.8619,19957300
2007-08-20,65.150002,65.800003,64.720001,65.010002,37.664898,9519000
2007-08-21,64.650002,64.980003,64.209999,64.459999,37.34626,9745800
2007-08-22,64.879997,65.110001,64.389999,64.739998,37.508472,9600400
2007-08-23,64.989998,65.18,64.540001,65.040001,37.682278,10711600
2007-08-24,65.309998,65.949997,65.099998,65.93,38.197929,8496800
2007-08-27,65.669998,65.739998,64.910004,65.230003,37.792381,7794300
2007-08-28,65.150002,65.379997,64.199997,64.699997,37.485313,10828200
2007-08-29,64.889999,65.260002,64.5,65.120003,37.728642,8875500
2007-08-30,64.809998,65.309998,64.510002,65.010002,37.664898,8297200
2007-08-31,65.129997,65.610001,64.879997,65.309998,37.83873,8392900
2007-09-04,65.040001,65.540001,64.889999,65.449997,37.919823,8808600
2007-09-05,65.379997,65.650002,64.93,65.459999,37.925621,8978200
2007-09-06,65.139999,66.279999,65.089996,66.110001,38.302212,11114600
2007-09-07,65.690002,66.330002,65.400002,65.470001,37.931416,11491200
2007-09-10,65.550003,66.099998,65.43,65.900002,38.180553,8823000
2007-09-11,66.290001,67.0,65.849998,66.989998,38.812061,12452300
2007-09-12,66.900002,67.400002,66.540001,67.309998,38.997448,9591100
2007-09-13,67.32,67.720001,67.160004,67.459999,39.084366,8547100
2007-09-14,67.0,67.849998,66.940002,67.809998,39.287136,8319800
2007-09-17,67.489998,68.290001,67.260002,67.949997,39.368248,10281900
2007-09-18,68.290001,69.07,67.889999,68.68,39.791203,15487900
2007-09-19,68.949997,69.0,68.099998,68.790001,39.854931,15034600
2007-09-20,68.489998,69.32,68.449997,68.980003,39.965019,9045200
2007-09-21,69.669998,69.940002,68.980003,69.389999,40.202572,16085200
2007-09-24,69.32,70.0,69.099998,69.800003,40.440105,11617600
2007-09-25,69.400002,70.339996,69.400002,69.849998,40.469059,9845200
2007-09-26,69.910004,70.730003,69.660004,70.510002,40.851448,10491400
2007-09-27,70.510002,70.650002,69.830002,70.099998,40.613911,8618800
2007-09-28,69.949997,70.489998,69.910004,70.339996,40.752956,9747600
2007-10-01,70.440002,71.0,70.400002,70.910004,41.083195,11500200
2007-10-02,70.849998,71.0,70.349998,70.730003,40.978916,9366500
2007-10-03,70.720001,70.870003,70.230003,70.410004,40.79351,8697700
2007-10-04,70.199997,71.07,70.199997,70.830002,41.036858,11694600
2007-10-05,70.900002,71.32,70.580002,70.830002,41.036858,10286200
2007-10-08,70.050003,70.919998,70.050003,70.709999,40.967327,6046800
2007-10-09,71.18,71.349998,70.5,71.080002,41.181702,8256800
2007-10-10,71.150002,71.75,71.129997,71.400002,41.367092,7719800
2007-10-11,71.650002,71.980003,71.410004,71.769997,41.581455,9204200
2007-10-12,71.93,72.0,71.599998,71.699997,41.540901,8210600
2007-10-15,71.650002,71.900002,70.669998,71.0,41.135334,8233500
2007-10-16,70.980003,71.550003,70.540001,70.82,41.031052,9637700
2007-10-17,70.639999,70.839996,70.300003,70.589996,41.100922,11854600
2007-10-18,70.550003,71.0,70.5,70.900002,41.281425,8079900
2007-10-19,71.0,71.529999,70.610001,70.800003,41.223198,15979700
2007-10-22,70.599998,71.120003,70.510002,71.059998,41.374573,9040800
2007-10-23,71.169998,71.360001,70.639999,71.260002,41.491039,7704700
2007-10-24,71.160004,71.489998,70.629997,71.379997,41.560894,10096300
2007-10-25,71.209999,71.68,71.139999,71.349998,41.543434,10406100
2007-10-26,71.599998,71.760002,71.120003,71.75,41.776333,9320000
2007-10-29,71.949997,72.190002,71.599998,71.830002,41.822906,11479700
2007-10-30,69.529999,69.900002,67.900002,68.949997,40.146038,25799200
2007-10-31,69.349998,69.889999,69.040001,69.519997,40.477917,14144500
2007-11-01,69.220001,69.849998,68.589996,68.589996,39.936428,15104800
2007-11-02,69.050003,69.760002,68.860001,69.550003,40.495384,11447900
2007-11-05,69.389999,70.919998,69.379997,70.18,40.862198,12740000
2007-11-06,70.400002,70.639999,70.07,70.470001,41.031044,8733700
2007-11-07,70.440002,70.980003,69.230003,69.419998,40.41967,11873500
2007-11-08,69.760002,71.019997,69.099998,70.839996,41.246487,14437100
2007-11-09,70.550003,71.0,70.300003,70.419998,41.001938,11899000
2007-11-12,70.440002,71.480003,70.349998,70.769997,41.20573,10793800
2007-11-13,71.260002,71.760002,70.769997,71.57,41.671528,12264600
2007-11-14,71.980003,72.25,71.199997,71.540001,41.654064,11907300
2007-11-15,71.400002,72.489998,71.309998,71.830002,41.822906,11440000
2007-11-16,72.459999,73.25,72.150002,73.190002,42.61478,15145900
2007-11-19,72.870003,73.290001,72.279999,72.82,42.399338,11337900
2007-11-20,72.980003,73.849998,72.459999,73.209999,42.626415,12771000
2007-11-21,73.050003,73.800003,72.089996,72.260002,42.073277,10381700
2007-11-23,72.879997,72.919998,72.300003,72.860001,42.422623,4592500
2007-11-26,73.0,73.550003,71.919998,72.190002,42.032532,13661100
2007-11-27,72.709999,73.620003,72.269997,73.129997,42.579815,13090300
2007-11-28,72.989998,74.040001,72.519997,73.910004,43.033993,13638700
2007-11-29,73.82,74.300003,73.349998,74.150002,43.173729,7878900
2007-11-30,74.599998,74.599998,73.349998,74.0,43.086391,13784500
2007-12-03,74.0,74.25,73.220001,73.519997,42.8069,9036200
2007-12-04,73.230003,73.800003,73.040001,73.290001,42.672989,9185600
2007-12-05,73.650002,74.080002,72.910004,73.809998,42.97578,9682600
2007-12-06,73.779999,74.239998,73.489998,74.18,43.191181,8469600
2007-12-07,74.239998,74.82,74.059998,74.120003,43.156269,7692200
2007-12-10,74.169998,74.599998,74.080002,74.330002,43.278542,6521600
2007-12-11,74.589996,74.910004,73.760002,73.839996,42.993248,13287400
2007-12-12,74.650002,75.18,74.230003,74.669998,43.47649,13647300
2007-12-13,74.449997,75.0,74.099998,74.400002,43.319298,10568700
2007-12-14,74.370003,74.5,73.849998,73.900002,43.028152,13648100
2007-12-17,73.730003,73.940002,73.089996,73.239998,42.643864,13268800
2007-12-18,73.650002,73.650002,72.519997,72.839996,42.410984,10732100
2007-12-19,72.779999,73.620003,72.660004,72.980003,42.492493,8169000
2007-12-20,73.379997,73.489998,73.0,73.190002,42.61478,7362200
2007-12-21,73.410004,74.330002,73.339996,74.080002,43.132957,16176800
2007-12-24,74.029999,74.440002,73.699997,73.940002,43.05146,2827000
2007-12-26,73.900002,74.199997,73.769997,74.040001,43.109692,6433800
2007-12-27,73.800003,74.260002,73.620003,73.889999,43.022343,6901300
2007-12-28,74.059998,74.489998,73.82,74.25,43.231941,6637900
2007-12-31,74.25,74.260002,73.230003,73.419998,42.748684,7996700
2008-01-02,73.589996,73.589996,71.870003,72.309998,42.102406,12255300
2008-01-03,72.410004,73.330002,72.0,72.309998,42.102406,11162800
2008-01-04,71.699997,72.989998,71.699997,72.019997,41.933556,10049000
2008-01-07,72.239998,72.669998,71.900002,72.489998,42.207195,11916000
2008-01-08,72.699997,73.809998,72.0,72.68,42.317822,17169100
2008-01-09,72.540001,73.599998,72.059998,72.540001,42.236305,14875400
2008-01-10,72.07,72.849998,72.07,72.480003,42.201363,13039700
2008-01-11,72.300003,72.300003,70.010002,70.18,40.862198,18046500
2008-01-14,70.82,70.889999,70.010002,70.290001,40.926243,13145800
2008-01-15,70.0,70.790001,69.230003,69.699997,40.582722,12660600
2008-01-16,69.25,69.959999,68.769997,68.839996,40.284286,14936800
2008-01-17,68.949997,69.459999,67.849998,68.07,39.833683,15130900
2008-01-18,68.400002,68.650002,66.699997,67.150002,39.295315,17975000
2008-01-22,64.190002,65.93,62.810001,65.129997,38.113228,25636100
2008-01-23,62.740002,66.5,62.740002,66.239998,38.762794,18489400
2008-01-24,66.639999,66.779999,65.349998,66.150002,38.710125,12026900
2008-01-25,66.830002,66.830002,65.290001,65.309998,38.218563,13000400
2008-01-28,65.529999,65.699997,64.900002,65.290001,38.206852,12868600
2008-01-29,65.57,65.599998,64.650002,64.68,37.849895,12683500
2008-01-30,64.699997,65.93,64.599998,65.089996,38.089836,12264900
2008-01-31,63.790001,65.949997,63.779999,65.419998,38.28294,19878500
2008-02-01,66.150002,66.68,65.440002,66.050003,38.651619,12166500
2008-02-04,66.559998,67.019997,66.150002,66.150002,38.710125,10343000
2008-02-05,66.059998,66.309998,64.980003,65.040001,38.060555,14270600
2008-02-06,65.019997,65.459999,64.809998,65.309998,38.218563,13839800
2008-02-07,65.080002,66.339996,65.080002,65.769997,38.487755,16197800
2008-02-08,65.550003,65.75,64.849998,65.019997,38.048855,9271000
2008-02-11,64.910004,66.029999,64.730003,66.0,38.622353,10332800
2008-02-12,66.43,67.400002,66.080002,67.160004,39.301159,11107400
2008-02-13,67.389999,67.739998,66.769997,67.0,39.207527,11051700
2008-02-14,67.139999,67.449997,66.260002,66.629997,38.991013,10952100
2008-02-15,66.629997,66.900002,66.150002,66.300003,38.797901,11755100
2008-02-19,66.93,66.93,66.099998,66.309998,38.803745,10404000
2008-02-20,66.150002,66.230003,65.620003,66.169998,38.721821,10843400
2008-02-21,66.269997,66.330002,65.790001,65.959999,38.598942,11931400
2008-02-22,66.190002,66.400002,65.349998,66.209999,38.745235,11139700
2008-02-25,66.120003,67.18,66.050003,66.68,39.020279,11879700
2008-02-26,66.5,67.919998,66.349998,67.68,39.605457,11259700
2008-02-27,67.139999,67.639999,67.010002,67.209999,39.330421,11769800
2008-02-28,66.760002,67.099998,66.610001,66.970001,39.189972,11149300
2008-02-29,66.550003,66.959999,66.040001,66.18,38.727669,14640200
2008-03-03,66.150002,66.389999,65.529999,66.349998,38.82716,11568500
2008-03-04,65.949997,66.25,65.529999,66.050003,38.651619,16500300
2008-03-05,66.290001,67.160004,66.050003,66.699997,39.031979,11694500
2008-03-06,66.5,66.889999,66.32,66.510002,38.920795,9957900
2008-03-07,66.120003,66.339996,65.669998,65.800003,38.505314,13753900
2008-03-10,65.75,65.919998,65.580002,65.760002,38.481903,13774100
2008-03-11,65.809998,66.75,65.809998,66.660004,39.008568,14169500
2008-03-12,66.639999,67.629997,66.639999,67.040001,39.230946,9641200
2008-03-13,66.839996,67.629997,66.589996,67.360001,39.418201,16206400
2008-03-14,67.709999,67.709999,66.0,66.739998,39.055382,19283500
2008-03-17,66.0,67.650002,66.0,67.050003,39.236774,17066600
2008-03-18,67.800003,68.540001,67.150002,68.540001,40.108742,14680900
2008-03-19,68.739998,68.879997,67.779999,67.809998,39.681534,15093900
2008-03-20,68.489998,69.389999,68.0,69.370003,40.594433,16523000
2008-03-24,69.699997,70.0,69.059998,69.970001,40.945549,10100000
2008-03-25,69.980003,69.980003,69.32,69.540001,40.693905,10581200
2008-03-26,69.32,69.900002,69.059998,69.639999,40.752415,8431200
2008-03-27,69.690002,70.099998,69.32,69.410004,40.617828,11899700
2008-03-28,69.550003,70.040001,69.370003,69.440002,40.635387,7432200
2008-03-31,69.559998,70.18,68.900002,70.07,41.004059,13745600
2008-04-01,70.410004,71.199997,69.849998,71.139999,41.630203,11590300
2008-04-02,71.059998,71.129997,70.269997,70.480003,41.243977,10209400
2008-04-03,70.199997,70.599998,69.779999,70.470001,41.238136,9580000
2008-04-04,70.470001,70.919998,70.050003,70.599998,41.314213,10160300
2008-04-07,70.970001,70.970001,70.099998,70.510002,41.261536,9465400
2008-04-08,70.010002,70.669998,69.93,70.650002,41.343472,8748100
2008-04-09,70.150002,70.300003,69.639999,70.209999,41.085987,11440400
2008-04-10,70.089996,70.690002,69.949997,70.18,41.06842,9656800
2008-04-11,69.75,70.470001,69.75,70.0,40.963116,11862200
2008-04-14,70.120003,70.449997,69.760002,70.120003,41.033333,9079300
2008-04-15,70.389999,70.400002,69.800003,70.230003,41.097675,8604100
2008-04-16,70.68,70.68,68.970001,69.269997,40.768093,19498400
2008-04-17,68.720001,68.75,67.300003,67.559998,39.761703,21014000
2008-04-18,67.940002,68.0,66.860001,67.169998,39.532181,18345800
2008-04-21,66.910004,68.019997,66.739998,67.800003,39.902954,10496700
2008-04-22,67.510002,67.75,67.150002,67.470001,39.708733,13148900
2008-04-23,67.870003,67.870003,66.75,67.169998,39.532181,14184800
2008-04-24,67.050003,67.489998,66.790001,66.830002,39.332066,12614800
2008-04-25,67.269997,67.269997,66.169998,66.550003,39.16729,13674700
2008-04-28,66.620003,66.900002,66.029999,66.209999,38.96719,18166400
2008-04-29,66.209999,66.360001,65.800003,65.900002,38.784733,16567800
2008-04-30,67.050003,68.489998,66.870003,67.050003,39.461555,21859500
2008-05-01,67.029999,67.480003,66.519997,67.029999,39.449776,13493700
2008-05-02,67.099998,67.300003,66.360001,66.800003,39.314411,13290300
2008-05-05,66.699997,66.900002,66.220001,66.650002,39.226128,10193200
2008-05-06,66.209999,66.879997,66.209999,66.650002,39.226128,9819900
2008-05-07,66.589996,67.029999,65.699997,65.800003,38.72588,13045900
2008-05-08,66.099998,66.260002,65.68,65.919998,38.796501,10081900
2008-05-09,65.620003,65.790001,65.099998,65.209999,38.378639,9756700
2008-05-12,65.43,65.75,65.0,65.349998,38.46104,11162200
2008-05-13,65.5,66.120003,65.25,65.730003,38.684673,10942500
2008-05-14,65.93,66.489998,65.370003,65.5,38.549309,13205200
2008-05-15,65.279999,66.370003,65.120003,66.360001,39.055454,11877400
2008-05-16,66.440002,66.970001,66.419998,66.75,39.284973,12286200
2008-05-19,66.510002,66.970001,66.400002,66.860001,39.349728,9182900
2008-05-20,66.629997,66.800003,65.739998,65.860001,38.761204,11931600
2008-05-21,66.080002,66.080002,65.010002,65.169998,38.355087,11650300
2008-05-22,65.32,65.809998,65.059998,65.620003,38.619938,8639100
2008-05-23,65.379997,65.75,65.099998,65.269997,38.413937,8415300
2008-05-27,65.379997,65.5,64.910004,65.07,38.296238,10901600
2008-05-28,65.32,65.419998,64.760002,64.870003,38.178547,10195500
2008-05-29,64.879997,65.75,64.75,65.470001,38.531658,10548200
2008-05-30,65.529999,66.129997,65.32,66.050003,38.873009,9761700
2008-06-02,65.919998,65.919998,64.940002,65.360001,38.466934,9980200
2008-06-03,65.459999,65.639999,64.949997,65.410004,38.496353,11417400
2008-06-04,66.0,66.57,65.599998,66.449997,39.108421,12590900
2008-06-05,66.559998,66.82,66.099998,66.669998,39.237907,10784800
2008-06-06,66.349998,66.379997,65.260002,65.370003,38.472794,16364700
2008-06-09,65.349998,66.18,65.220001,66.07,38.884789,12983000
2008-06-10,65.629997,67.150002,65.629997,66.660004,39.232021,13803400
2008-06-11,66.43,66.82,66.019997,66.199997,38.961296,12619500
2008-06-12,66.400002,66.75,66.059998,66.459999,39.114311,11939500
2008-06-13,66.769997,66.809998,66.080002,66.449997,39.108421,10941500
2008-06-16,66.25,66.410004,65.769997,65.900002,38.784733,12204700
2008-06-17,65.970001,66.260002,65.739998,65.800003,38.72588,8220900
2008-06-18,65.589996,65.949997,64.919998,65.0,38.255043,11511700
2008-06-19,64.949997,65.57,64.709999,64.900002,38.196186,11544300
2008-06-20,64.650002,65.080002,63.099998,63.16,37.172131,21461900
2008-06-23,63.43,63.599998,62.740002,62.93,37.03677,10507400
2008-06-24,62.82,63.259998,62.419998,62.860001,36.995575,11172200
2008-06-25,63.139999,64.059998,62.830002,63.490002,37.366352,12888400
2008-06-26,63.220001,63.880001,62.23,62.25,36.636559,15244000
2008-06-27,62.189999,62.619999,60.490002,60.490002,35.600735,21773200
2008-06-30,60.689999,61.360001,60.439999,60.810001,35.789074,14977700
2008-07-01,60.549999,62.009998,60.049999,61.98,36.477657,19060400
2008-07-02,61.950001,62.939999,61.650002,62.689999,36.895515,18876400
2008-07-03,62.700001,63.889999,62.689999,63.669998,37.472279,11550400
2008-07-07,63.810001,63.810001,62.599998,62.91,37.025005,18716900
2008-07-08,62.669998,63.959999,62.669998,63.66,37.4664,18142100
2008-07-09,63.93,64.629997,63.41,63.799999,37.548786,15553100
2008-07-10,63.709999,64.32,63.360001,64.220001,37.795982,17753500
2008-07-11,63.93,64.290001,63.18,63.450001,37.342804,21841200
2008-07-14,63.900002,64.379997,63.619999,63.93,37.625324,14939400
2008-07-15,62.349998,67.410004,62.029999,64.349998,37.872498,25356900
2008-07-16,63.73,64.160004,63.380001,63.889999,37.83696,19482200
2008-07-17,63.970001,64.080002,63.200001,63.889999,37.83696,15878800
2008-07-18,63.970001,63.970001,63.25,63.669998,37.706669,15478100
2008-07-21,63.93,63.93,63.41,63.639999,37.688911,9811300
2008-07-22,63.650002,64.699997,63.529999,64.099998,37.961315,13192200
2008-07-23,64.25,64.940002,63.82,64.699997,38.316654,11255000
2008-07-24,64.699997,65.169998,64.410004,64.510002,38.204128,11091700
2008-07-25,64.620003,64.970001,64.260002,64.459999,38.174534,11002700
2008-07-28,64.389999,64.449997,63.650002,63.830002,37.801426,12599100
2008-07-29,63.950001,65.610001,63.799999,65.540001,38.814125,16520700
2008-07-30,65.43,66.760002,65.43,66.57,39.42411,13648100
2008-07-31,66.019997,66.440002,65.25,65.480003,38.778584,14043700
2008-08-01,65.730003,65.980003,64.720001,64.949997,38.464699,11147400
2008-08-04,65.120003,66.5,64.900002,65.82,38.979942,12657600
2008-08-05,66.209999,68.099998,65.82,67.970001,40.253216,20383200
2008-08-06,67.949997,68.120003,67.290001,67.769997,40.134773,13002200
2008-08-07,67.830002,68.199997,67.07,67.480003,39.963047,10964600
2008-08-08,67.010002,69.879997,66.800003,69.629997,41.236279,15116500
2008-08-11,69.620003,69.889999,67.07,69.43,41.117863,10843500
2008-08-12,69.220001,70.529999,69.099998,70.339996,41.65678,14375000
2008-08-13,70.220001,70.239998,69.199997,69.599998,41.218536,10701100
2008-08-14,69.550003,70.480003,69.110001,69.709999,41.283669,9447400
2008-08-15,70.489998,71.980003,69.709999,71.599998,42.402981,17615400
2008-08-18,71.32,72.0,71.029999,71.269997,42.207539,12509100
2008-08-19,71.019997,71.720001,70.650002,70.720001,41.881817,12332900
2008-08-20,70.68,70.760002,69.68,70.300003,41.633095,10981000
2008-08-21,69.830002,70.110001,69.290001,69.900002,41.396217,9722500
2008-08-22,70.07,71.800003,70.07,71.610001,42.408901,11870400
2008-08-25,71.330002,71.43,69.919998,70.129997,41.532425,9493700
2008-08-26,70.029999,70.360001,69.580002,69.839996,41.360657,8432900
2008-08-27,69.68,70.239998,69.379997,70.059998,41.490959,8307800
2008-08-28,70.349998,71.199997,69.809998,71.010002,42.053574,8106700
2008-08-29,70.709999,71.080002,69.739998,69.769997,41.31921,9569400
2008-09-02,70.349998,71.43,70.150002,70.470001,41.733768,11255200
2008-09-03,70.419998,71.5,70.18,71.419998,42.296406,10433900
2008-09-04,71.160004,71.519997,70.370003,70.440002,41.716,12298000
2008-09-05,70.389999,71.07,69.730003,70.779999,41.917362,11578800
2008-09-08,71.330002,72.480003,71.309998,72.370003,42.858982,16521200
2008-09-09,71.660004,72.459999,71.470001,71.889999,42.574707,18542200
2008-09-10,71.849998,73.540001,71.809998,72.389999,42.870838,19047700
2008-09-11,71.800003,73.160004,71.580002,73.080002,43.279472,16200400
2008-09-12,72.330002,73.25,72.330002,73.150002,43.320927,11378700
2008-09-15,72.339996,73.57,72.139999,72.139999,42.722778,19748500
2008-09-16,71.519997,73.0,71.300003,72.0,42.639858,21425800
2008-09-17,71.68,72.019997,70.839996,70.940002,42.012119,25324200
2008-09-18,71.220001,72.959999,70.400002,71.309998,42.231228,28178600
2008-09-19,72.559998,72.75,68.150002,70.360001,41.668636,28562500
2008-09-22,70.010002,70.400002,67.760002,68.040001,40.29467,14998700
2008-09-23,68.139999,69.639999,67.07,67.279999,39.844578,15133400
2008-09-24,67.43,68.870003,67.209999,68.739998,40.709213,13053800
2008-09-25,69.019997,70.199997,68.040001,68.510002,40.573013,17513200
2008-09-26,67.82,69.419998,67.82,68.839996,40.768456,13417000
2008-09-29,68.150002,69.5,66.0,66.75,39.530724,23388500
2008-09-30,67.190002,69.919998,67.050003,69.690002,41.271843,23102600
2008-10-01,69.339996,71.440002,69.339996,71.269997,42.207539,17760000
2008-10-02,70.910004,71.940002,70.519997,71.440002,42.308228,21833600
2008-10-03,71.019997,71.800003,70.07,71.019997,42.059498,22923700
2008-10-06,69.769997,70.459999,67.019997,68.580002,40.614468,25914800
2008-10-07,69.029999,69.690002,66.080002,66.25,39.2346,23857700
2008-10-08,65.779999,69.010002,64.459999,66.099998,39.145763,37290900
2008-10-09,66.139999,66.580002,60.689999,60.880001,36.054379,30092600
2008-10-10,58.77,63.0,54.919998,59.560001,35.272644,47113800
2008-10-13,61.669998,63.93,61.0,63.290001,37.481613,25023000
2008-10-14,65.550003,65.879997,62.560001,64.099998,37.961315,29454500
2008-10-15,63.279999,63.889999,58.630001,59.82,35.426628,23606500
2008-10-16,59.91,62.25,57.119999,61.77,36.581444,27622600
2008-10-17,60.650002,63.790001,59.830002,61.740002,36.563694,19589700
2008-10-20,62.540001,64.120003,61.099998,63.91,37.848785,16636400
2008-10-21,63.470001,64.290001,62.639999,62.959999,37.286201,12739400
2008-10-22,61.389999,61.540001,58.349998,58.759998,35.021362,34940700
2008-10-23,59.130001,61.299999,57.220001,60.57,36.100147,25829200
2008-10-24,56.900002,60.34,56.619999,58.869999,35.086926,26572200
2008-10-27,58.029999,60.5,57.0,57.369999,34.192917,23484700
2008-10-28,58.400002,63.490002,57.07,63.23,37.685516,35638500
2008-10-29,63.009998,63.98,59.41,60.990002,36.350468,31023600
2008-10-30,62.330002,63.5,61.439999,63.080002,37.596123,36499800
2008-10-31,62.959999,64.93,62.759998,64.540001,38.466286,42624100
2008-11-03,64.720001,65.25,64.07,64.400002,38.382866,50502400
2008-11-04,65.300003,66.480003,65.099998,66.07,39.378178,46653300
2008-11-05,65.410004,66.129997,63.810001,63.810001,38.031193,71833400
2008-11-06,64.050003,65.470001,62.540001,63.349998,37.757034,49444500
2008-11-07,63.700001,64.830002,63.43,64.489998,38.436481,19003000
2008-11-10,65.459999,65.779999,64.029999,64.949997,38.71064,16157100
2008-11-11,64.650002,64.879997,63.23,63.82,38.037159,16256000
2008-11-12,63.5,63.5,61.5,61.849998,36.863026,26012800
2008-11-13,61.709999,66.82,60.869999,65.050003,38.770256,44886300
2008-11-14,64.870003,66.0,61.959999,63.110001,37.613995,42262700
2008-11-17,63.0,64.540001,61.41,62.509998,37.256386,23074600
2008-11-18,62.25,64.489998,60.759998,64.25,38.293442,35518000
2008-11-19,63.880001,64.660004,62.110001,62.27,37.113354,23344900
2008-11-20,61.669998,63.419998,59.0,59.330002,35.36108,31313100
2008-11-21,60.049999,63.330002,58.290001,63.09,37.602077,34196200
2008-11-24,63.439999,65.0,62.68,64.68,38.549725,26076500
2008-11-25,64.540001,65.449997,53.77,63.18,37.65572,22843100
2008-11-26,61.77,63.189999,61.400002,63.16,37.643787,15151600
2008-11-28,63.040001,64.550003,63.040001,64.349998,38.353054,7768400
2008-12-01,63.73,63.799999,60.349998,60.490002,36.052448,20431200
2008-12-02,61.599998,61.650002,59.349998,61.439999,36.618664,20242400
2008-12-03,60.52,63.130001,60.5,62.880001,37.47691,19967600
2008-12-04,62.279999,62.93,60.580002,61.25,36.505436,17919600
2008-12-05,60.810001,62.93,59.400002,62.630001,37.327923,22060500
2008-12-08,63.009998,64.0,62.02,62.490002,37.244473,20894200
2008-12-09,61.970001,62.25,59.360001,59.790001,35.63525,21421800
2008-12-10,60.27,60.66,58.509998,59.119999,35.235935,14721200
2008-12-11,57.77,59.860001,57.5,58.580002,34.914101,18856600
2008-12-12,58.330002,59.23,57.049999,58.939999,35.128651,16817900
2008-12-15,58.150002,59.849998,58.150002,59.360001,35.378963,12230800
2008-12-16,59.900002,61.75,59.580002,61.619999,36.725952,17789000
2008-12-17,60.990002,61.389999,60.009998,60.700001,36.177624,16119000
2008-12-18,61.0,62.169998,59.5,60.310001,35.945179,17195600
2008-12-19,60.799999,61.98,59.75,60.18,35.867702,23247400
2008-12-22,60.889999,60.889999,59.25,60.459999,36.03458,11407100
2008-12-23,60.57,61.0,59.669998,59.830002,35.6591,10645200
2008-12-24,59.950001,60.700001,59.880001,60.389999,35.992859,4036600
2008-12-26,60.599998,61.0,60.09,60.529999,36.076298,4455600
2008-12-29,60.779999,60.779999,59.43,60.200001,35.879616,8586300
2008-12-30,60.5,61.470001,60.419998,61.119999,36.427948,10007100
2008-12-31,61.349998,62.200001,61.07,61.82,36.845139,10844800
2009-01-02,61.689999,62.970001,61.060001,62.799999,37.429234,11135700
2009-01-05,62.32,62.439999,61.59,62.349998,37.161026,14322800
2009-01-06,62.5,62.950001,61.509998,62.169998,37.053753,13401600
2009-01-07,61.330002,61.66,60.639999,61.080002,36.404114,12415600
2009-01-08,60.91,61.25,60.0,60.41,36.004772,11508100
2009-01-09,60.639999,60.799999,59.75,59.860001,35.676971,10843200
2009-01-12,59.75,60.419998,59.689999,59.939999,35.724655,11373200
2009-01-13,59.959999,60.290001,59.02,59.470001,35.444527,15791900
2009-01-14,59.049999,59.18,57.220001,57.860001,34.48497,16108100
2009-01-15,57.09,57.48,56.549999,57.459999,34.246555,18807200
2009-01-16,58.080002,58.25,57.119999,57.73,34.407482,18904200
2009-01-20,57.77,58.450001,57.23,57.43,34.228687,17999300
2009-01-21,58.200001,58.200001,56.490002,57.57,34.552773,18204700
2009-01-22,57.380001,57.560001,56.27,56.959999,34.186661,19133700
2009-01-23,56.540001,56.610001,55.59,56.0,33.610485,21067500
2009-01-26,55.950001,56.919998,55.610001,56.369999,33.832561,17032100
2009-01-27,56.48,57.389999,56.200001,56.700001,34.030621,11962900
2009-01-28,57.5,58.380001,56.900002,58.18,34.918903,17743200
2009-01-29,57.790001,59.0,57.560001,58.220001,34.942898,14550300
2009-01-30,56.5,56.84,54.240002,54.5,32.710213,35110700
2009-02-02,54.0,54.380001,52.209999,53.049999,31.839935,19427200
2009-02-03,53.490002,54.09,52.540001,53.91,32.356102,14898500
2009-02-04,54.330002,54.450001,52.209999,52.52,31.521824,14760300
2009-02-05,52.290001,53.599998,52.130001,53.32,32.001995,17727500
2009-02-06,53.419998,54.459999,53.060001,54.0,32.410114,15338000
2009-02-09,53.889999,53.98,52.669998,52.939999,31.773914,13422200
2009-02-10,52.740002,53.459999,50.970001,51.450001,30.879622,22520700
2009-02-11,51.799999,51.91,50.860001,51.16,30.705584,16404400
2009-02-12,50.93,51.400002,49.950001,51.279999,30.777588,18019300
2009-02-13,51.369999,51.68,50.73,51.09,30.663565,11644800
2009-02-17,50.0,50.939999,49.279999,50.110001,30.075371,20833900
2009-02-18,49.84,51.169998,49.75,50.950001,30.579546,16755100
2009-02-19,51.5,52.049999,51.029999,51.130001,30.687569,13503700
2009-02-20,50.240002,51.360001,49.799999,50.25,30.159405,19555100
2009-02-23,50.490002,50.490002,48.790001,48.900002,29.349167,15129900
2009-02-24,49.279999,50.18,48.970001,49.77,29.871325,14983500
2009-02-25,49.59,50.48,49.220001,49.919998,29.961349,17411600
2009-02-26,50.099998,50.200001,48.900002,48.970001,29.391171,13606800
2009-02-27,48.66,49.110001,47.759998,48.169998,28.911028,20748000
2009-03-02,47.32,47.93,46.799999,46.869999,28.130789,19033100
2009-03-03,47.330002,47.880001,46.380001,46.630001,27.986738,19531800
2009-03-04,46.93,48.0,46.669998,47.310001,28.394859,15699900
2009-03-05,46.450001,46.810001,44.93,45.400002,27.248495,19466600
2009-03-06,45.869999,46.59,44.630001,45.709999,27.434559,19553000
2009-03-09,45.299999,45.599998,43.93,44.18,26.516273,16927300
2009-03-10,44.509998,45.189999,44.369999,45.169998,27.110458,20635700
2009-03-11,45.59,45.740002,44.759998,45.07,27.05044,13395900
2009-03-12,44.889999,45.900002,44.52,45.779999,27.47657,13715200
2009-03-13,46.099998,47.080002,45.66,46.950001,28.178791,13905600
2009-03-16,47.369999,48.41,47.169998,47.82,28.700958,15181900
2009-03-17,47.950001,48.139999,47.41,47.98,28.796974,11481500
2009-03-18,47.75,48.75,46.990002,48.02,28.821005,16707400
2009-03-19,48.240002,48.419998,46.200001,46.310001,27.794674,16169800
2009-03-20,46.549999,46.939999,45.52,45.59,27.362526,25558100
2009-03-23,46.110001,47.799999,46.0,47.740002,28.652939,16278000
2009-03-24,47.419998,48.209999,46.889999,47.07,28.250818,12158800
2009-03-25,47.700001,48.599998,47.200001,48.060001,28.844994,15275900
2009-03-26,48.27,48.82,47.509998,48.759998,29.265123,16256400
2009-03-27,48.209999,49.029999,48.130001,48.57,29.151098,10402200
2009-03-30,48.040001,48.099998,46.57,47.279999,28.376842,12747900
2009-03-31,47.560001,47.830002,46.950001,47.09,28.262823,13847500
2009-04-01,46.75,48.48,46.290001,48.209999,28.935026,17104300
2009-04-02,48.720001,50.290001,48.720001,49.419998,29.661245,18320500
2009-04-03,49.540001,49.75,48.720001,49.630001,29.787294,14799800
2009-04-06,49.459999,49.970001,48.91,49.650002,29.79929,10345400
2009-04-07,49.419998,49.419998,48.529999,48.68,29.21711,9801300
2009-04-08,48.799999,49.0,47.880001,48.470001,29.091068,9434300
2009-04-09,49.169998,49.290001,48.369999,49.189999,29.523207,14766300
2009-04-13,48.880001,49.029999,47.950001,48.040001,28.832998,12908700
2009-04-14,47.98,48.029999,46.98,47.25,28.358845,15096100
2009-04-15,47.68,48.860001,47.650002,48.75,29.259134,14181600
2009-04-16,49.200001,50.740002,49.110001,50.43,30.267433,16333200
2009-04-17,51.150002,51.959999,50.82,51.66,31.005674,21662400
2009-04-20,51.57,51.970001,50.619999,50.73,30.447504,15444400
2009-04-21,50.82,51.669998,49.5,51.369999,30.831614,12604100
2009-04-22,50.959999,50.959999,49.540001,49.599998,30.026472,13385400
2009-04-23,49.84,49.84,48.75,49.32,29.856977,11859200
2009-04-24,49.5,49.889999,49.02,49.509998,29.971991,11324200
2009-04-27,49.07,50.41,49.07,49.970001,30.25046,9603900
2009-04-28,49.75,50.18,49.25,49.689999,30.080971,9004800
2009-04-29,49.91,50.970001,49.82,50.419998,30.522863,11399200
2009-04-30,50.23,50.23,48.25,49.439999,29.929611,24582200
2009-05-01,49.599998,49.75,48.549999,49.5,29.965944,11888500
2009-05-04,49.970001,51.029999,49.689999,50.990002,30.867931,12625200
2009-05-05,50.759998,50.990002,49.509998,49.790001,30.141502,12299300
2009-05-06,50.0,50.860001,49.900002,50.84,30.777136,14932300
2009-05-07,51.0,52.189999,50.619999,51.34,31.079817,13718200
2009-05-08,52.0,52.189999,51.189999,51.57,31.219048,13417100
2009-05-11,51.419998,51.549999,50.23,50.369999,30.492615,13896700
2009-05-12,50.400002,51.349998,50.0,50.939999,30.837675,13779000
2009-05-13,50.529999,51.209999,50.110001,50.959999,30.849787,11238900
2009-05-14,51.02,51.639999,50.75,50.799999,30.752928,11105800
2009-05-15,51.43,51.43,50.369999,50.669998,30.674221,14120300
2009-05-18,50.98,52.610001,50.919998,52.52,31.794151,14066100
2009-05-19,52.57,53.509998,52.27,52.950001,32.054474,15215200
2009-05-20,53.740002,54.77,53.560001,54.02,32.702225,15964200
2009-05-21,53.48,53.48,52.509998,53.02,32.09684,11225900
2009-05-22,53.07,53.740002,52.959999,53.029999,32.102905,6765000
2009-05-26,52.939999,54.099998,52.669998,53.779999,32.556931,10918600
2009-05-27,53.720001,53.779999,51.580002,51.779999,31.346186,14497600
2009-05-28,52.259998,52.669998,51.110001,52.59,31.83654,16611400
2009-05-29,52.619999,52.68,51.5,51.939999,31.443054,15133700
2009-06-01,52.549999,53.650002,52.360001,53.360001,32.302677,12487300
2009-06-02,53.23,54.130001,53.16,53.709999,32.514549,11923400
2009-06-03,53.380001,53.84,52.900002,53.810001,32.575089,12643500
2009-06-04,53.759998,53.860001,52.970001,53.349998,32.296631,9987000
2009-06-05,53.560001,53.950001,52.919998,53.18,32.193699,10551000
2009-06-08,52.93,53.580002,52.59,53.139999,32.16951,10651800
2009-06-09,52.84,52.900002,52.25,52.41,31.727571,11606000
2009-06-10,52.689999,52.93,51.57,52.080002,31.527798,13082500
2009-06-11,52.049999,52.740002,51.950001,52.009998,31.485418,10862400
2009-06-12,51.880001,52.77,51.73,52.549999,31.812332,10352700
2009-06-15,52.380001,52.380001,51.07,51.330002,31.073769,12158000
2009-06-16,51.610001,51.610001,50.029999,50.099998,30.329155,15721900
2009-06-17,50.130001,50.75,50.0,50.009998,30.274681,12696700
2009-06-18,50.07,51.360001,50.009998,51.169998,30.9769,12999600
2009-06-19,51.279999,51.470001,50.240002,50.639999,30.656055,19541900
2009-06-22,50.330002,50.869999,50.209999,50.560001,30.607626,12992200
2009-06-23,50.52,50.82,50.389999,50.549999,30.601587,10611800
2009-06-24,50.580002,50.98,50.060001,50.549999,30.601587,12399000
2009-06-25,50.43,52.029999,50.119999,51.68,31.285654,13723300
2009-06-26,51.459999,52.029999,51.049999,51.75,31.32803,25128800
2009-06-29,51.919998,52.400002,51.599998,52.23,31.618599,8899900
2009-06-30,52.23,52.23,50.75,51.099998,30.934523,14393700
2009-07-01,51.470001,52.529999,51.279999,52.0,31.479372,14314300
2009-07-02,51.790001,51.830002,50.740002,51.110001,30.940588,15212000
2009-07-06,50.75,52.419998,50.52,52.169998,31.582268,16040900
2009-07-07,51.990002,52.439999,51.630001,51.91,31.424892,13430500
2009-07-08,52.02,52.810001,51.540001,52.639999,31.866814,16899500
2009-07-09,52.650002,52.75,52.18,52.41,31.727571,11648100
2009-07-10,52.18,52.5,51.939999,52.220001,31.612543,9267400
2009-07-13,52.060001,53.139999,52.049999,52.98,32.072632,12289100
2009-07-14,53.07,53.77,52.740002,53.540001,32.411644,12817300
2009-07-15,53.610001,54.73,53.5,54.650002,33.083603,15161300
2009-07-16,54.650002,55.439999,54.5,55.209999,33.422607,12622000
2009-07-17,55.259998,55.919998,54.93,55.919998,33.852425,13344900
2009-07-20,56.009998,56.029999,55.150002,55.560001,33.634495,10925100
2009-07-21,55.939999,56.18,52.0,55.490002,33.59211,11131800
2009-07-22,55.16,55.360001,54.650002,54.869999,33.482288,10000100
2009-07-23,54.93,55.560001,54.799999,55.16,33.659245,15014200
2009-07-24,55.639999,55.900002,55.330002,55.84,34.074188,8710300
2009-07-27,55.889999,55.98,55.349998,55.779999,34.037567,6866800
2009-07-28,55.599998,55.959999,55.279999,55.709999,33.994858,8142400
2009-07-29,55.560001,56.369999,55.560001,56.119999,34.245049,9666300
2009-07-30,56.57,57.0,55.93,56.23,34.31216,11966500
2009-07-31,56.200001,56.75,55.43,55.509998,33.872826,12663900
2009-08-03,55.959999,56.0,55.0,55.610001,33.933838,11225600
2009-08-04,55.419998,55.919998,55.299999,55.459999,33.842304,10988300
2009-08-05,53.740002,54.169998,53.32,53.91,32.896481,21314600
2009-08-06,53.810001,53.91,51.139999,51.459999,31.401468,29715100
2009-08-07,51.84,52.82,51.459999,52.029999,31.749287,16314800
2009-08-10,51.919998,52.279999,51.580002,52.169998,31.8347,11763800
2009-08-11,52.110001,52.279999,51.93,51.93,31.688274,9293400
2009-08-12,52.0,52.490002,51.849998,52.080002,31.779793,10148400
2009-08-13,52.290001,52.34,51.75,52.299999,31.91404,10486500
2009-08-14,52.549999,52.810001,51.869999,52.369999,31.956745,12069600
2009-08-17,52.32,52.59,52.119999,52.209999,31.859118,11384000
2009-08-18,52.400002,52.66,52.080002,52.450001,32.005554,8342800
2009-08-19,52.27,53.040001,52.27,52.799999,32.219154,12152600
2009-08-20,52.93,53.139999,52.650002,53.02,32.353394,8471400
2009-08-21,53.450001,53.77,53.0,53.580002,32.69511,13272800
2009-08-24,53.77,53.919998,52.970001,53.34,32.54866,11781900
2009-08-25,53.459999,53.990002,53.16,53.400002,32.585285,12681600
2009-08-26,53.41,53.799999,53.279999,53.360001,32.560863,9380600
2009-08-27,53.299999,53.400002,52.700001,53.060001,32.377804,10394900
2009-08-28,53.110001,53.389999,52.66,53.189999,32.457115,8998800
2009-08-31,53.0,54.119999,52.810001,54.110001,33.018505,15366900
2009-09-01,53.849998,54.040001,52.869999,53.02,32.353394,14424400
2009-09-02,52.950001,53.220001,52.75,52.799999,32.219154,8875200
2009-09-03,52.950001,53.02,52.52,52.869999,32.261856,9120800
2009-09-04,52.790001,53.0,52.66,52.860001,32.255756,7527700
2009-09-08,53.450001,54.200001,53.209999,54.200001,33.073444,15674300
2009-09-09,54.200001,54.299999,53.529999,53.759998,32.804947,11148100
2009-09-10,55.23,56.32,55.18,56.040001,34.196224,26758300
2009-09-11,56.110001,56.400002,55.400002,55.639999,33.952137,12500400
2009-09-14,55.23,55.490002,55.049999,55.299999,33.744675,11139000
2009-09-15,55.560001,55.630001,54.889999,55.029999,33.579906,11674300
2009-09-16,55.080002,55.450001,54.610001,55.310001,33.750786,12932200
2009-09-17,55.330002,56.110001,55.299999,55.529999,33.885025,10665300
2009-09-18,56.57,57.509998,56.5,57.32,34.977303,25880200
2009-09-21,57.349998,57.459999,56.75,57.099998,34.843048,11672200
2009-09-22,57.299999,57.509998,56.959999,57.240002,34.92849,11517000
2009-09-23,57.34,58.049999,57.150002,57.25,34.934582,14611400
2009-09-24,57.380001,57.970001,57.299999,57.84,35.294609,13589500
2009-09-25,58.0,58.5,57.919998,58.009998,35.398327,13477500
2009-09-28,58.209999,58.66,58.009998,58.16,35.489883,9008100
2009-09-29,58.34,58.369999,57.759998,57.91,35.337322,7625300
2009-09-30,57.84,58.139999,57.34,57.919998,35.343422,14047300
2009-10-01,57.630001,57.630001,56.439999,56.619999,34.550148,15894300
2009-10-02,56.400002,56.91,56.200001,56.75,34.629463,13087600
2009-10-05,56.790001,56.939999,56.02,56.68,34.586765,10879600
2009-10-06,56.880001,57.240002,56.790001,57.029999,34.800331,12000200
2009-10-07,57.009998,57.080002,56.759998,56.950001,34.751511,7593900
2009-10-08,57.369999,57.849998,57.139999,57.650002,35.178665,12817100
2009-10-09,57.34,57.630001,57.299999,57.560001,35.123753,6466800
2009-10-12,57.669998,58.369999,57.419998,57.5,35.087139,7928200
2009-10-13,57.369999,57.369999,56.830002,57.259998,34.940678,11280500
2009-10-14,57.490002,57.490002,57.029999,57.310001,34.971203,8385300
2009-10-15,57.279999,57.43,56.869999,57.240002,34.92849,11793900
2009-10-16,57.119999,57.689999,57.099998,57.439999,35.050529,12248700
2009-10-19,57.509998,58.02,57.220001,57.790001,35.264099,7892600
2009-10-20,57.93,58.849998,57.880001,58.130001,35.471577,11321300
2009-10-21,57.919998,58.240002,57.400002,57.490002,35.348598,11468700
2009-10-22,57.48,58.32,57.369999,58.130001,35.742123,10267200
2009-10-23,58.130001,58.130001,57.209999,57.639999,35.44083,10811700
2009-10-26,57.650002,57.860001,56.580002,56.900002,34.985809,10452900
2009-10-27,56.880001,57.419998,56.669998,57.18,35.157993,10433200
2009-10-28,56.98,57.919998,56.970001,57.23,35.188732,15642700
2009-10-29,59.389999,59.98,58.91,59.540001,36.60907,26539900
2009-10-30,59.18,59.540001,57.860001,58.0,35.662189,21382000
2009-11-02,58.389999,58.990002,58.0,58.950001,36.2463,14739500
2009-11-03,58.450001,58.919998,58.200001,58.580002,36.018803,12101200
2009-11-04,58.939999,59.66,58.700001,59.029999,36.295479,13176000
2009-11-05,59.240002,60.639999,59.080002,60.470001,37.180897,16328800
2009-11-06,60.169998,61.380001,60.0,61.040001,37.531364,16008900
2009-11-09,61.189999,61.900002,60.84,61.849998,38.029419,14313000
2009-11-10,61.580002,62.360001,61.470001,61.860001,38.035561,15118900
2009-11-11,61.869999,62.279999,61.52,62.23,38.263058,9838800
2009-11-12,62.110001,62.119999,61.220001,61.299999,37.691235,14167900
2009-11-13,61.299999,61.849998,61.040001,61.610001,37.881836,11793200
2009-11-16,62.0,62.68,61.93,62.27,38.287659,12542100
2009-11-17,62.18,62.68,62.080002,62.310001,38.312252,11532100
2009-11-18,62.189999,62.450001,61.740002,62.41,38.373734,11983300
2009-11-19,62.16,62.290001,61.509998,62.150002,38.213856,9302600
2009-11-20,62.0,62.220001,61.48,61.799999,37.998665,12353500
2009-11-23,62.200001,62.959999,62.119999,62.73,38.57048,10581500
2009-11-24,62.77,62.950001,62.380001,62.799999,38.613533,9769700
2009-11-25,62.939999,63.48,62.700001,62.869999,38.656567,8235200
2009-11-27,61.889999,62.75,61.599998,62.48,38.416775,6195500
2009-11-30,62.369999,63.0,62.119999,62.349998,38.336834,12382400
2009-12-01,62.610001,63.349998,62.599998,62.91,38.681168,9560600
2009-12-02,62.93,63.389999,62.849998,63.189999,38.853325,9023800
2009-12-03,63.09,63.360001,62.419998,62.560001,38.465969,9844300
2009-12-04,63.150002,63.299999,62.25,62.599998,38.490562,11300000
2009-12-07,62.389999,62.73,62.040001,62.470001,38.410625,8948000
2009-12-08,62.139999,62.299999,61.599998,61.869999,38.041702,11168700
2009-12-09,61.93,62.41,61.700001,62.240002,38.269207,9118300
2009-12-10,62.349998,62.849998,62.080002,62.240002,38.269207,10030400
2009-12-11,62.290001,62.849998,62.209999,62.34,38.3307,8932500
2009-12-14,62.540001,63.080002,62.389999,63.009998,38.742657,9535800
2009-12-15,62.700001,62.82,61.889999,62.119999,38.195431,11430900
2009-12-16,62.380001,62.669998,62.119999,62.16,38.220024,9871800
2009-12-17,62.0,62.119999,61.540001,61.59,37.869545,10983600
2009-12-18,61.98,62.0,60.41,61.549999,37.84494,22847800
2009-12-21,61.650002,61.849998,61.23,61.299999,37.691235,9550100
2009-12-22,61.139999,61.5,61.02,61.299999,37.691235,7178900
2009-12-23,61.060001,61.349998,60.759998,61.310001,37.697388,5630600
2009-12-24,61.25,61.48,61.049999,61.279999,37.678928,3357000
2009-12-28,61.52,61.650002,60.790001,61.25,37.660492,6880600
2009-12-29,61.16,61.880001,61.150002,61.580002,37.8634,7281400
2009-12-30,61.380001,61.889999,61.16,61.369999,37.73428,5666200
2009-12-31,61.52,61.529999,60.560001,60.630001,37.279263,5942200
2010-01-04,61.110001,61.310001,60.630001,61.119999,37.580547,9190800
2010-01-05,61.130001,61.279999,60.599998,61.139999,37.592861,8649400
2010-01-06,60.939999,60.959999,60.5,60.849998,37.414543,9908400
2010-01-07,60.580002,60.700001,60.240002,60.52,37.211651,8972800
2010-01-08,60.360001,60.529999,60.060001,60.439999,37.16243,8464600
2010-01-11,60.080002,60.27,59.009998,60.200001,37.014881,14774600
2010-01-12,60.700001,61.360001,60.5,60.889999,37.439133,13460700
2010-01-13,61.040001,61.790001,60.91,61.52,37.8265,16968100
2010-01-14,61.419998,61.740002,61.380001,61.580002,37.8634,9139500
2010-01-15,61.599998,61.860001,60.439999,60.82,37.396107,15768300
2010-01-19,60.799999,61.830002,60.799999,61.720001,37.949478,11577700
2010-01-20,60.970001,61.040001,60.099998,60.450001,37.435467,11557800
2010-01-21,60.560001,60.93,59.450001,59.84,37.057709,14298400
2010-01-22,59.75,60.689999,59.220001,60.310001,37.348766,17703200
2010-01-25,60.830002,60.98,60.150002,60.630001,37.54694,11630800
2010-01-26,60.169998,60.950001,60.0,60.689999,37.584099,13079000
2010-01-27,60.459999,60.98,59.950001,60.810001,37.658421,15228400
2010-01-28,61.669998,63.310001,61.580002,61.68,38.197174,26930000
2010-01-29,61.91,62.240002,61.470001,61.549999,38.116684,17067100
2010-02-01,61.849998,62.240002,61.509998,61.990002,38.38916,12908100
2010-02-02,61.93,63.040001,61.66,62.900002,38.952713,17680700
2010-02-03,62.740002,62.860001,62.360001,62.650002,38.797886,11083500
2010-02-04,62.200001,62.34,61.310001,61.400002,38.023792,14306600
2010-02-05,61.09,61.439999,60.43,61.299999,37.961868,14844400
2010-02-08,61.060001,61.509998,60.810001,61.009998,37.782269,11431800
2010-02-09,61.380001,62.0,61.009998,61.759998,38.246731,11427100
2010-02-10,61.740002,61.849998,61.220001,61.669998,38.190998,9854600
2010-02-11,61.419998,62.16,61.27,61.959999,38.370579,10383400
2010-02-12,61.759998,62.130001,61.290001,61.759998,38.246731,16188300
2010-02-16,62.599998,62.869999,62.349998,62.830002,38.909351,13273100
2010-02-17,62.799999,62.970001,62.509998,62.849998,38.92173,14384400
2010-02-18,62.73,63.5,62.349998,63.389999,39.256161,17709000
2010-02-19,63.27,63.740002,63.02,63.450001,39.293312,10897800
2010-02-22,63.689999,63.880001,63.299999,63.419998,39.274746,9675300
2010-02-23,63.23,63.82,62.919998,63.209999,39.144688,11948500
2010-02-24,63.220001,63.959999,63.130001,63.889999,39.5658,12808800
2010-02-25,63.23,63.860001,63.009998,63.700001,39.448143,10085600
2010-02-26,63.75,63.880001,63.139999,63.279999,39.188038,10640900
2010-03-01,63.459999,63.799999,63.150002,63.509998,39.330467,7748600
2010-03-02,63.720001,63.869999,63.34,63.709999,39.454323,8004000
2010-03-03,63.66,63.900002,63.43,63.549999,39.355247,8608300
2010-03-04,63.650002,64.150002,63.41,63.669998,39.429543,8600300
2010-03-05,63.689999,63.779999,63.049999,63.689999,39.441944,10101100
2010-03-08,63.549999,63.669998,63.029999,63.189999,39.132301,11293300
2010-03-09,63.080002,63.5,63.049999,63.299999,39.200428,7100900
2010-03-10,63.23,63.290001,62.860001,63.009998,39.02084,9813200
2010-03-11,62.759998,63.18,62.509998,63.169998,39.119919,10047900
2010-03-12,63.330002,63.549999,63.060001,63.32,39.212799,8099000
2010-03-15,63.189999,63.700001,63.189999,63.700001,39.448143,7674900
2010-03-16,63.720001,63.900002,63.419998,63.529999,39.342846,8939300
2010-03-17,63.779999,64.029999,63.369999,64.010002,39.640118,10135400
2010-03-18,63.900002,64.129997,63.650002,63.73,39.466721,8867400
2010-03-19,63.84,64.0,63.52,63.84,39.534843,17458100
2010-03-22,63.52,64.099998,63.52,63.880001,39.559597,9648000
2010-03-23,63.93,64.580002,63.66,64.529999,39.96212,11807900
2010-03-24,64.330002,64.400002,63.48,63.610001,39.392384,11732100
2010-03-25,63.939999,64.120003,63.580002,63.619999,39.398582,8203200
2010-03-26,63.68,63.93,63.400002,63.689999,39.441944,10630300
2010-03-29,63.73,64.040001,63.59,63.73,39.466721,8176700
2010-03-30,63.73,63.970001,63.509998,63.66,39.42337,6113600
2010-03-31,63.529999,63.669998,63.18,63.27,39.181835,8193800
2010-04-01,63.470001,63.700001,63.200001,63.360001,39.237579,10554900
2010-04-05,63.389999,63.889999,63.299999,63.759998,39.485294,8579800
2010-04-06,63.580002,63.59,63.009998,63.110001,39.082756,11052300
2010-04-07,62.91,63.0,62.209999,62.5,38.704987,14043500
2010-04-08,62.450001,62.849998,62.119999,62.560001,38.742146,8458800
2010-04-09,62.57,63.0,62.509998,62.73,38.847427,9146700
2010-04-12,62.450001,62.98,62.41,62.700001,38.82885,9164400
2010-04-13,62.599998,63.34,62.580002,63.0,39.014637,11229400
2010-04-14,62.919998,63.23,62.709999,63.189999,39.132301,7685600
2010-04-15,63.029999,63.139999,62.720001,63.0,39.014637,11314800
2010-04-16,62.799999,63.490002,62.630001,62.849998,38.92173,12568700
2010-04-19,62.82,63.25,62.700001,63.220001,39.150879,9548900
2010-04-20,63.470001,63.490002,63.029999,63.189999,39.132301,11230400
2010-04-21,63.209999,63.66,63.119999,63.630001,39.404774,9858500
2010-04-22,63.509998,63.740002,63.23,63.59,39.380013,8372900
2010-04-23,63.48,63.639999,63.200001,63.540001,39.349064,8452600
2010-04-26,63.450001,64.0,63.400002,63.939999,39.596764,9262400
2010-04-27,63.240002,63.900002,63.040001,63.110001,39.082756,12849900
2010-04-28,62.650002,63.459999,62.41,63.169998,39.42099,13090000
2010-04-29,62.279999,62.970001,60.830002,62.200001,38.815662,27302400
2010-04-30,62.529999,63.0,62.110001,62.16,38.790703,15768900
2010-05-03,62.419998,62.84,61.84,62.68,39.115208,9756600
2010-05-04,62.299999,62.529999,61.560001,61.709999,38.509884,11402600
2010-05-05,61.619999,62.57,61.5,62.16,38.790703,11611000
2010-05-06,61.91,62.669998,39.369999,60.75,37.910789,28560400
2010-05-07,60.610001,61.200001,60.0,60.310001,37.636204,23976600
2010-05-10,61.57,62.700001,61.16,62.419998,38.952957,16011300
2010-05-11,62.040001,62.970001,61.98,62.369999,38.921738,12397400
2010-05-12,62.110001,63.130001,62.099998,63.02,39.327389,11004800
2010-05-13,62.91,63.419998,62.73,62.75,39.158886,11157600
2010-05-14,62.759998,63.200001,62.150002,62.540001,39.027851,14651600
2010-05-17,63.009998,63.48,62.66,63.380001,39.552048,14659000
2010-05-18,63.400002,63.950001,63.130001,63.209999,39.445946,15873100
2010-05-19,63.099998,63.599998,62.810001,63.220001,39.452202,15928300
2010-05-20,62.470001,62.540001,61.580002,61.610001,38.447464,23365800
2010-05-21,60.400002,61.880001,60.369999,61.849998,38.597244,23162500
2010-05-24,61.43,61.98,61.0,61.400002,38.316437,12718900
2010-05-25,60.150002,61.119999,60.049999,61.049999,38.098015,18250900
2010-05-26,60.869999,61.209999,60.330002,60.439999,37.717331,17432200
2010-05-27,60.880001,61.169998,60.610001,60.950001,38.035614,14963400
2010-05-28,60.950001,61.68,60.849998,61.09,38.122978,13952100
2010-06-01,60.889999,61.740002,60.52,61.16,38.166656,15341700
2010-06-02,61.16,61.830002,61.040001,61.740002,38.528603,12985200
2010-06-03,61.970001,62.139999,61.700001,61.799999,38.566048,10739800
2010-06-04,61.119999,61.119999,60.57,60.799999,37.941998,17909700
2010-06-07,60.720001,61.07,60.59,60.619999,37.829685,13182300
2010-06-08,60.68,62.240002,60.490002,62.139999,38.778206,15336800
2010-06-09,62.450001,62.599998,61.27,61.470001,38.360119,14211600
2010-06-10,61.970001,62.290001,61.669998,61.91,38.634697,14756000
2010-06-11,61.349998,61.400002,60.380001,61.009998,38.073036,19772400
2010-06-14,61.389999,61.720001,61.209999,61.25,38.222816,10972800
2010-06-15,61.610001,61.93,61.34,61.91,38.634697,11944100
2010-06-16,61.52,61.740002,60.830002,61.189999,38.185375,14628800
2010-06-17,61.18,61.82,60.830002,61.759998,38.541088,12060100
2010-06-18,61.799999,61.939999,61.200001,61.299999,38.254021,17518700
2010-06-21,61.720001,61.790001,60.779999,61.099998,38.129208,9688200
2010-06-22,61.060001,61.650002,60.689999,60.720001,37.892071,13228700
2010-06-23,60.889999,61.57,60.709999,61.380001,38.303947,13424400
2010-06-24,61.07,61.380001,60.75,60.869999,37.985687,12932700
2010-06-25,60.889999,60.990002,59.790001,59.790001,37.31171,44195600
2010-06-28,60.0,60.939999,59.57,60.619999,37.829685,14115500
2010-06-29,60.330002,60.540001,59.75,60.32,37.642471,17814300
2010-06-30,60.130001,60.540001,59.709999,59.98,37.430283,17273600
2010-07-01,59.84,60.290001,59.360001,59.540001,37.155685,19338700
2010-07-02,59.630001,59.889999,59.209999,59.380001,37.055851,12101900
2010-07-06,59.880001,59.93,58.919998,59.34,37.030891,13959000
2010-07-07,59.5,60.91,59.130001,60.82,37.954487,15470000
2010-07-08,60.84,61.970001,60.779999,61.950001,38.659649,14770600
2010-07-09,61.939999,61.939999,61.360001,61.75,38.534843,9626800
2010-07-12,61.540001,62.16,61.34,62.09,38.747017,8324500
2010-07-13,62.299999,62.849998,62.169998,62.389999,38.934242,10497300
2010-07-14,62.209999,62.790001,62.0,62.66,39.102726,13797100
2010-07-15,62.619999,62.889999,62.349998,62.73,39.146408,10267200
2010-07-16,62.450001,62.669998,61.630001,61.990002,38.684616,14142400
2010-07-19,61.990002,62.290001,61.709999,61.860001,38.603489,9643600
2010-07-20,61.630001,62.119999,61.209999,62.07,38.734543,10930100
2010-07-21,61.720001,61.82,60.860001,61.110001,38.433926,14913600
2010-07-22,61.060001,61.919998,61.009998,61.369999,38.597424,13007300
2010-07-23,61.400002,61.959999,61.209999,61.91,38.93705,8461600
2010-07-26,61.66,62.580002,61.66,62.52,39.320694,7807300
2010-07-27,62.720001,63.360001,62.349998,63.080002,39.672894,12532500
2010-07-28,62.880001,63.130001,62.560001,62.700001,39.433895,7844500
2010-07-29,62.200001,62.380001,61.220001,61.669998,38.78611,15776400
2010-07-30,61.16,61.529999,60.82,61.16,38.465347,11931700
2010-08-02,61.950001,62.09,61.509998,62.060001,39.031403,11167800
2010-08-03,59.860001,60.200001,59.549999,59.939999,37.698067,24449800
2010-08-04,60.07,60.57,59.549999,59.549999,37.452774,19654100
2010-08-05,59.549999,60.200001,59.400002,59.860001,37.647751,12620400
2010-08-06,59.5,60.040001,59.169998,60.02,37.748371,12649700
2010-08-09,60.389999,60.830002,59.860001,60.380001,37.974785,11104800
2010-08-10,60.099998,61.34,60.080002,60.779999,38.226349,13450200
2010-08-11,60.18,60.639999,60.0,60.27,37.905602,12946800
2010-08-12,59.990002,60.48,59.380001,59.990002,37.729511,11580500
2010-08-13,59.740002,60.599998,59.689999,59.82,37.622581,8805300
2010-08-16,59.630001,60.200001,59.32,59.77,37.591137,13138100
2010-08-17,60.310001,60.919998,59.93,60.290001,37.918182,10878200
2010-08-18,60.16,61.060001,60.040001,60.75,38.207493,10739300
2010-08-19,60.549999,60.630001,59.849998,60.189999,37.855289,9822700
2010-08-20,59.939999,60.169998,59.669998,59.98,37.723221,12107000
2010-08-23,60.009998,60.389999,59.860001,60.029999,37.754658,8468500
2010-08-24,59.700001,60.02,59.580002,59.66,37.521957,13728400
2010-08-25,59.790001,59.900002,59.400002,59.669998,37.528248,10394900
2010-08-26,59.91,59.91,59.400002,59.540001,37.44648,10264400
2010-08-27,59.709999,59.919998,59.25,59.799999,37.610016,10317400
2010-08-30,59.709999,59.91,59.34,59.369999,37.339573,7462000
2010-08-31,59.310001,59.75,59.25,59.669998,37.528248,12590100
2010-09-01,59.900002,60.049999,59.529999,59.799999,37.610016,14748800
2010-09-02,59.740002,60.299999,59.709999,60.07,37.779823,10257800
2010-09-03,60.259998,60.5,59.830002,60.290001,37.918182,8970100
2010-09-07,60.009998,60.450001,59.919998,60.139999,37.82386,7420600
2010-09-08,60.150002,60.5,60.150002,60.369999,37.968491,7719500
2010-09-09,60.669998,60.689999,60.209999,60.290001,37.918182,7937500
2010-09-10,60.509998,60.630001,60.279999,60.400002,37.987385,7379100
2010-09-13,60.650002,60.740002,60.220001,60.48,38.037697,9808100
2010-09-14,60.389999,60.939999,60.32,60.639999,38.138313,11011300
2010-09-15,60.560001,61.41,60.529999,61.110001,38.433926,9189700
2010-09-16,60.869999,61.110001,60.66,61.110001,38.433926,7647900
2010-09-17,61.310001,61.470001,60.810001,60.970001,38.345856,17798000
2010-09-20,61.009998,61.59,60.91,61.43,38.63517,9053600
2010-09-21,61.450001,61.860001,61.23,61.52,38.691769,11303600
2010-09-22,61.529999,62.0,61.419998,61.790001,38.861595,9646300
2010-09-23,61.419998,61.580002,61.150002,61.220001,38.503082,10107400
2010-09-24,61.5,61.810001,61.360001,61.639999,38.76725,10602800
2010-09-27,61.450001,61.700001,61.02,61.040001,38.389881,10284100
2010-09-28,61.009998,61.130001,60.349998,60.619999,38.125729,11367300
2010-09-29,60.459999,60.619999,60.029999,60.25,37.893032,9709400
2010-09-30,60.32,60.650002,59.84,59.970001,37.716923,13101700
2010-10-01,60.09,60.369999,59.950001,60.16,37.836426,10253300
2010-10-04,60.009998,60.349998,59.68,59.959999,37.71064,11620700
2010-10-05,60.259998,60.91,59.990002,60.82,38.25153,11412700
2010-10-06,60.75,60.990002,60.299999,60.869999,38.282963,7229800
2010-10-07,60.990002,61.139999,60.75,60.799999,38.238941,23255800
2010-10-08,61.0,62.0,60.900002,61.860001,38.905617,30692500
2010-10-11,61.919998,62.209999,61.860001,62.139999,39.081688,7425200
2010-10-12,62.009998,62.18,61.560001,62.02,39.006233,24975000
2010-10-13,62.23,62.93,62.080002,62.630001,39.389889,9906000
2010-10-14,62.669998,62.84,62.52,62.799999,39.496803,8771400
2010-10-15,62.970001,63.0,62.549999,62.759998,39.471649,9943500
2010-10-18,62.880001,63.52,62.639999,63.349998,39.842705,11449200
2010-10-19,62.98,63.560001,62.900002,63.18,39.735802,12109100
2010-10-20,62.880001,63.619999,62.77,63.369999,40.161682,10344900
2010-10-21,63.59,63.98,62.599998,63.509998,40.250404,9612900
2010-10-22,63.529999,63.700001,63.130001,63.400002,40.180695,5933400
2010-10-25,63.73,63.810001,63.48,63.540001,40.269432,8928400
2010-10-26,63.119999,63.439999,62.52,62.860001,39.838467,12935900
2010-10-27,63.330002,63.349998,62.73,63.080002,39.977901,13348100
2010-10-28,63.130001,63.560001,63.060001,63.189999,40.047604,9231200
2010-10-29,63.23,63.849998,63.189999,63.57,40.288437,11368300
2010-11-01,63.880001,64.139999,63.400002,63.619999,40.320114,11926700
2010-11-02,63.869999,64.279999,63.849998,64.019997,40.573631,8129000
2010-11-03,64.0,64.360001,63.830002,64.309998,40.757427,8621300
2010-11-04,64.529999,65.0,64.389999,65.0,41.194729,11807500
2010-11-05,64.910004,65.0,64.620003,65.0,41.194729,9747000
2010-11-08,64.870003,64.919998,64.57,64.75,41.036266,7203100
2010-11-09,64.779999,64.940002,64.610001,64.809998,41.074306,8461200
2010-11-10,64.669998,64.800003,64.360001,64.57,40.922207,8151400
2010-11-11,64.32,64.580002,64.059998,64.360001,40.789104,7003900
2010-11-12,64.260002,64.519997,64.019997,64.330002,40.770107,9280400
2010-11-15,64.550003,64.910004,64.139999,64.290001,40.744747,10861200
2010-11-16,64.360001,64.370003,63.099998,63.450001,40.212387,14384500
2010-11-17,63.389999,63.5,63.139999,63.27,40.098309,7938500
2010-11-18,63.59,64.269997,63.509998,64.019997,40.573631,11296700
2010-11-19,64.230003,64.239998,63.610001,64.050003,40.592644,9495800
2010-11-22,63.580002,63.790001,63.029999,63.560001,40.282108,9139700
2010-11-23,63.07,63.130001,62.32,62.610001,39.680019,10488100
2010-11-24,62.959999,62.970001,62.400002,62.599998,39.673679,8766300
2010-11-26,62.279999,62.5,62.029999,62.130001,39.375813,3916500
2010-11-29,62.049999,62.240002,61.669998,62.130001,39.375813,8433700
2010-11-30,61.509998,61.66,61.02,61.07,38.704021,17675200
2010-12-01,61.57,62.34,61.5,62.150002,39.388493,11598600
2010-12-02,62.150002,62.490002,61.959999,62.360001,39.521587,7866500
2010-12-03,62.450001,62.5,61.970001,62.330002,39.502563,8971900
2010-12-06,62.25,62.330002,62.049999,62.060001,39.331463,5849500
2010-12-07,62.189999,62.630001,62.009998,62.150002,39.388493,9882400
2010-12-08,62.279999,62.68,62.279999,62.630001,39.692703,8344500
2010-12-09,62.66,62.970001,62.529999,62.869999,39.844795,8541200
2010-12-10,63.299999,63.790001,63.060001,63.200001,40.053944,11510100
2010-12-13,63.310001,63.52,63.150002,63.189999,40.047604,8783600
2010-12-14,63.330002,63.700001,63.200001,63.549999,40.275761,8626100
2010-12-15,63.610001,63.91,63.560001,63.639999,40.332809,11074500
2010-12-16,63.860001,64.75,63.150002,64.5,40.877842,14337400
2010-12-17,64.540001,65.040001,64.290001,64.809998,41.074306,23534700
2010-12-20,64.860001,65.309998,64.669998,64.970001,41.175716,10616100
2010-12-21,65.220001,65.379997,64.639999,64.870003,41.112331,8193900
2010-12-22,64.279999,64.970001,64.269997,64.949997,41.163029,7083400
2010-12-23,64.760002,65.290001,64.760002,65.239998,41.346832,5950800
2010-12-27,65.040001,65.110001,64.370003,64.669998,40.985573,7195800
2010-12-28,64.800003,64.830002,64.400002,64.760002,41.042622,4648400
2010-12-29,64.720001,64.800003,64.349998,64.400002,40.814468,4916400
2010-12-30,64.480003,64.489998,64.059998,64.279999,40.738411,3819900
2010-12-31,64.080002,64.449997,64.010002,64.330002,40.770107,5245600
2011-01-03,64.389999,64.889999,64.0,64.769997,41.048962,10004000
2011-01-04,64.410004,64.959999,64.349998,64.949997,41.163029,11333200
2011-01-05,64.669998,65.089996,64.639999,64.800003,41.067974,7459600
2011-01-06,64.690002,64.779999,64.309998,64.690002,40.998257,11585100
2011-01-07,64.629997,64.870003,64.169998,64.5,40.877842,11940000
2011-01-10,64.400002,64.529999,64.150002,64.360001,40.789104,12253700
2011-01-11,64.5,64.599998,63.740002,64.040001,40.586296,9624200
2011-01-12,64.410004,65.0,63.400002,64.970001,41.175716,10150600
2011-01-13,64.919998,65.5,64.910004,65.480003,41.498924,9899100
2011-01-14,65.349998,65.660004,65.269997,65.529999,41.530617,10947000
2011-01-18,65.650002,65.940002,65.440002,65.5,41.511589,12395900
2011-01-19,65.110001,65.669998,65.050003,65.349998,41.723576,11763500
2011-01-20,65.440002,65.900002,65.349998,65.800003,42.010891,12492800
2011-01-21,65.900002,65.949997,65.519997,65.910004,42.081123,9554100
2011-01-24,65.900002,66.699997,65.790001,66.580002,42.508892,10568200
2011-01-25,66.57,66.949997,66.470001,66.699997,42.585487,11064100
2011-01-26,66.889999,66.919998,66.07,66.110001,42.208801,9499500
2011-01-27,64.360001,64.5,63.139999,64.18,40.976566,23967100
2011-01-28,63.900002,64.339996,63.84,64.199997,40.989338,14927400
2011-01-31,64.349998,64.360001,63.009998,63.130001,40.306168,12568400
2011-02-01,63.43,63.610001,62.720001,62.919998,40.172112,14623900
2011-02-02,62.759998,62.950001,62.299999,62.790001,40.089104,11626100
2011-02-03,62.66,63.130001,62.650002,62.900002,40.159336,8546700
2011-02-04,62.830002,63.709999,62.77,63.610001,40.612644,9827300
2011-02-07,63.950001,64.800003,63.799999,64.550003,41.212807,12847100
2011-02-08,64.389999,64.75,64.300003,64.639999,41.270267,8193700
2011-02-09,64.639999,64.879997,64.080002,64.389999,41.110653,11019900
2011-02-10,64.629997,64.790001,64.080002,64.580002,41.231949,10977000
2011-02-11,64.080002,64.970001,64.080002,64.730003,41.327736,8951600
2011-02-14,64.809998,64.870003,64.349998,64.540001,41.206425,7093800
2011-02-15,64.699997,64.699997,63.669998,63.919998,40.810566,11785000
2011-02-16,64.099998,64.110001,63.700001,63.759998,40.708424,9851200
2011-02-17,63.580002,64.209999,63.450001,64.0,40.861652,7364600
2011-02-18,64.139999,64.379997,63.93,64.300003,41.053192,9093700
2011-02-22,63.73,64.370003,63.619999,64.07,40.906345,9437500
2011-02-23,64.010002,64.400002,63.900002,64.150002,40.957413,11711100
2011-02-24,64.32,64.389999,62.830002,63.049999,40.255119,15218000
2011-02-25,62.959999,63.110001,62.529999,62.84,40.121033,11370400
2011-02-28,62.799999,63.240002,62.619999,63.049999,40.255119,11558200
2011-03-01,63.43,63.650002,62.650002,62.740002,40.057186,12134200
2011-03-02,62.599998,62.84,62.32,62.41,39.846474,10020700
2011-03-03,62.700001,62.950001,62.110001,62.549999,39.935875,14193800
2011-03-04,62.509998,62.73,61.560001,62.029999,39.603882,11875900
2011-03-07,62.0,62.130001,61.470001,61.709999,39.399574,11300700
2011-03-08,61.75,62.25,61.73,62.049999,39.616634,10944000
2011-03-09,62.09,62.299999,61.75,62.0,39.584721,8781500
2011-03-10,61.720001,61.919998,61.209999,61.490002,39.259109,12106800
2011-03-11,61.200001,61.700001,61.119999,61.490002,39.259109,9586700
2011-03-14,61.040001,61.389999,60.790001,61.349998,39.169708,9135600
2011-03-15,60.619999,60.860001,60.310001,60.66,38.729183,13092400
2011-03-16,60.48,60.509998,59.700001,59.73,38.135406,16378600
2011-03-17,60.700001,60.700001,60.0,60.43,38.582344,10646900
2011-03-18,60.919998,61.07,60.119999,60.599998,38.690872,17016800
2011-03-21,60.959999,61.52,60.799999,61.299999,39.137802,9602500
2011-03-22,61.049999,61.419998,60.880001,60.93,38.901562,7772900
2011-03-23,60.84,61.09,60.540001,60.91,38.888802,7998200
2011-03-24,61.23,61.279999,60.75,61.139999,39.035645,8197900
2011-03-25,61.18,61.380001,60.709999,60.880001,38.869648,7757900
2011-03-28,61.080002,61.34,60.610001,60.66,38.729183,8381500
2011-03-29,60.610001,61.419998,60.610001,61.279999,39.125031,7684300
2011-03-30,61.459999,61.970001,61.380001,61.970001,39.565575,7552100
2011-03-31,61.759998,62.0,61.59,61.599998,39.32935,11569500
2011-04-01,61.880001,62.299999,61.740002,62.080002,39.635807,8243700
2011-04-04,62.169998,62.330002,61.93,62.259998,39.750713,6438000
2011-04-05,62.02,62.259998,61.599998,61.669998,39.374023,9105800
2011-04-06,61.880001,61.939999,61.540001,61.759998,39.431496,8249600
2011-04-07,61.619999,62.150002,61.470001,62.130001,39.667721,7692800
2011-04-08,62.200001,62.23,61.630001,61.900002,39.520882,7271400
2011-04-11,62.02,62.5,61.900002,62.189999,39.706028,7649500
2011-04-12,62.029999,62.990002,62.0,62.889999,40.152946,11415700
2011-04-13,62.84,63.07,62.720001,62.990002,40.216801,10414900
2011-04-14,62.759998,63.490002,62.759998,63.299999,40.414719,10027100
2011-04-15,63.459999,64.209999,63.09,64.18,40.976566,12378300
2011-04-18,63.669998,64.150002,63.560001,64.0,40.861652,11323800
2011-04-19,64.220001,64.32,63.560001,63.860001,40.772266,9284200
2011-04-20,64.260002,64.339996,63.560001,63.720001,40.682884,8844700
2011-04-21,63.610001,63.75,63.0,63.27,40.395569,10600800
2011-04-25,63.080002,63.389999,62.599998,63.369999,40.459412,7369600
2011-04-26,63.450001,64.0,63.279999,63.830002,40.753105,9500000
2011-04-27,63.639999,64.160004,63.560001,64.019997,41.213394,9896600
2011-04-28,63.240002,64.589996,62.93,64.5,41.5224,13366000
2011-04-29,64.580002,65.099998,64.410004,64.900002,41.779896,13357700
2011-05-02,65.239998,65.449997,65.0,65.18,41.960152,8909000
2011-05-03,65.260002,65.790001,65.160004,65.709999,42.301338,9924100
2011-05-04,65.699997,66.5,65.580002,66.470001,42.790585,14236900
2011-05-05,66.080002,66.389999,65.629997,65.879997,42.410782,10812500
2011-05-06,66.209999,66.339996,65.040001,65.269997,42.018097,11125800
2011-05-09,64.93,65.389999,64.860001,65.139999,41.934402,8698800
2011-05-10,65.290001,65.889999,65.25,65.730003,42.314224,8076200
2011-05-11,65.790001,66.120003,65.650002,65.919998,42.436539,9176300
2011-05-12,66.029999,66.989998,65.82,66.839996,43.028778,11100000
2011-05-13,66.669998,67.309998,66.550003,66.860001,43.041676,12601200
2011-05-16,66.660004,67.300003,66.510002,66.940002,43.093178,9880600
2011-05-17,66.639999,67.720001,66.639999,67.419998,43.402164,12185600
2011-05-18,67.400002,67.5,66.970001,67.379997,43.376415,8870300
2011-05-19,67.290001,67.459999,66.900002,67.459999,43.42791,7425400
2011-05-20,67.419998,67.599998,67.18,67.360001,43.363541,9361500
2011-05-23,66.879997,67.230003,66.709999,67.050003,43.163975,9406300
2011-05-24,66.980003,67.25,66.800003,67.010002,43.138218,7105200
2011-05-25,66.599998,66.830002,65.900002,66.379997,42.732658,11639200
2011-05-26,66.190002,66.300003,65.760002,66.190002,42.610348,8946700
2011-05-27,66.040001,66.720001,66.010002,66.199997,42.616802,7973400
2011-05-31,66.330002,67.0,66.330002,67.0,43.131786,10603900
2011-06-01,66.959999,66.989998,66.339996,66.400002,42.745522,9579500
2011-06-02,66.459999,66.5,65.660004,66.010002,42.494473,8540400
2011-06-03,65.559998,65.82,65.25,65.43,42.121098,8579100
2011-06-06,65.360001,65.639999,65.209999,65.5,42.166149,7668800
2011-06-07,65.459999,65.540001,65.010002,65.059998,41.8829,8892500
2011-06-08,65.040001,65.050003,64.690002,64.849998,41.747715,11292100
2011-06-09,65.029999,65.449997,64.860001,65.010002,41.850712,10219500
2011-06-10,64.919998,65.050003,64.650002,64.699997,41.651154,10509000
2011-06-13,64.650002,65.18,64.510002,64.769997,41.69622,8873100
2011-06-14,65.029999,65.220001,64.660004,64.760002,41.689789,7240100
2011-06-15,64.510002,64.519997,63.330002,63.759998,41.046032,11790300
2011-06-16,63.869999,64.330002,63.5,64.260002,41.367901,8894300
2011-06-17,64.650002,65.120003,64.529999,64.690002,41.644722,10057200
2011-06-20,64.510002,65.290001,64.510002,65.089996,41.902225,5911700
2011-06-21,65.239998,65.239998,64.160004,64.220001,41.342152,11024200
2011-06-22,64.080002,64.43,63.869999,64.059998,41.239151,9107100
2011-06-23,63.73,63.73,62.799999,63.459999,40.852882,11693900
2011-06-24,63.450001,63.5,62.439999,62.59,40.29282,15278300
2011-06-27,62.759998,63.25,62.630001,62.82,40.440887,6705500
2011-06-28,63.110001,63.34,62.529999,62.720001,40.376507,8551500
2011-06-29,62.869999,62.900002,62.360001,62.549999,40.267063,11386200
2011-06-30,62.73,63.650002,62.580002,63.57,40.923702,11807400
2011-07-01,63.470001,64.440002,63.34,64.269997,41.374329,9700500
2011-07-05,64.099998,64.5,63.950001,64.260002,41.367901,9224100
2011-07-06,64.529999,64.940002,64.339996,64.699997,41.651154,9334700
2011-07-07,64.980003,65.139999,64.720001,64.949997,41.81208,8973600
2011-07-08,65.040001,65.110001,64.529999,64.93,41.799213,9227800
2011-07-11,64.290001,64.739998,64.260002,64.720001,41.664024,9206700
2011-07-12,64.480003,65.059998,64.389999,64.529999,41.541706,11583700
2011-07-13,64.839996,65.019997,64.489998,64.639999,41.612534,9154200
2011-07-14,64.550003,64.800003,64.360001,64.599998,41.586773,13269400
2011-07-15,64.68,64.849998,64.330002,64.830002,41.734852,20588800
2011-07-18,64.690002,64.790001,64.279999,64.550003,41.5546,13343700
2011-07-19,64.599998,64.790001,64.32,64.610001,41.593224,8393800
2011-07-20,64.260002,64.440002,64.040001,64.199997,41.66785,13089600
2011-07-21,64.349998,64.849998,64.239998,64.489998,41.856079,8564400
2011-07-22,64.459999,64.739998,64.139999,64.25,41.700294,6047200
2011-07-25,63.959999,63.98,63.220001,63.310001,41.090206,8801200
2011-07-26,63.470001,63.700001,63.080002,63.09,40.947422,8715200
2011-07-27,63.029999,63.119999,62.150002,62.200001,40.369785,11165200
2011-07-28,62.16,62.43,61.849998,61.919998,40.188057,7535600
2011-07-29,61.68,62.18,61.490002,61.490002,39.908974,10380300
2011-08-01,62.16,62.310001,61.0,61.43,39.870029,10103800
2011-08-02,61.130001,61.349998,60.75,60.869999,39.506577,9609000
2011-08-03,60.759998,60.990002,60.490002,60.73,39.415703,13107900
2011-08-04,60.369999,61.0,59.5,59.580002,38.669315,17790100
2011-08-05,61.060001,61.400002,59.32,60.59,39.32486,23699300
2011-08-08,60.119999,61.349998,59.240002,59.290001,38.481098,30994600
2011-08-09,60.52,60.900002,57.560001,60.220001,39.084717,31875700
2011-08-10,59.970001,60.09,58.310001,58.509998,37.974857,23417700
2011-08-11,58.720001,61.09,58.610001,60.450001,39.233986,18713900
2011-08-12,60.779999,61.720001,60.59,61.139999,39.681812,13520700
2011-08-15,61.869999,61.959999,61.060001,61.880001,40.162106,12111500
2011-08-16,61.470001,61.869999,61.169998,61.619999,39.993355,9420600
2011-08-17,61.779999,62.119999,61.25,61.669998,40.025799,7973100
2011-08-18,60.82,61.27,60.049999,60.860001,39.50008,17846200
2011-08-19,60.509998,61.509998,60.23,60.959999,39.564987,16297700
2011-08-22,61.740002,61.91,61.450001,61.709999,40.05175,12676600
2011-08-23,61.950001,63.220001,61.759998,63.02,40.901989,15222400
2011-08-24,62.720001,63.380001,62.380001,63.310001,41.090206,8417200
2011-08-25,63.25,63.470001,62.200001,62.529999,40.583958,15063000
2011-08-26,62.240002,62.650002,61.169998,62.57,40.609924,10374200
2011-08-29,62.779999,63.290001,62.779999,63.09,40.947422,9147700
2011-08-30,63.09,63.889999,62.889999,63.5,41.21352,9181100
2011-08-31,63.459999,63.950001,63.389999,63.68,41.330349,8972600
2011-09-01,63.619999,64.25,63.189999,63.259998,41.057755,8871400
2011-09-02,62.799999,63.07,62.41,62.549999,40.596954,8817300
2011-09-06,61.18,62.549999,61.099998,62.380001,40.486622,11458200
2011-09-07,62.75,63.049999,62.619999,62.720001,40.707287,8874900
2011-09-08,62.59,63.830002,62.389999,62.91,40.830593,11124300
2011-09-09,62.41,62.509998,61.57,61.84,40.136139,12286400
2011-09-12,61.25,61.919998,61.0,61.830002,40.129654,9865500
2011-09-13,61.77,62.099998,61.169998,61.939999,40.201046,8329200
2011-09-14,62.119999,62.950001,61.529999,62.34,40.460659,11547700
2011-09-15,62.450001,62.779999,62.099998,62.779999,40.746235,9161300
2011-09-16,63.220001,64.699997,63.009998,64.330002,41.752228,24690100
2011-09-19,63.639999,64.099998,63.52,63.810001,41.414742,11022700
2011-09-20,63.849998,64.68,63.48,64.080002,41.589977,8215800
2011-09-21,64.370003,64.459999,62.959999,63.02,40.901989,9649100
2011-09-22,61.580002,61.91,60.299999,61.169998,39.701267,17381200
2011-09-23,60.939999,61.27,60.400002,61.25,39.753204,9122500
2011-09-26,61.669998,62.790001,61.630001,62.540001,40.590458,13364100
2011-09-27,63.080002,63.98,62.759998,63.259998,41.057755,10732400
2011-09-28,63.360001,63.880001,62.57,62.73,40.713776,9031800
2011-09-29,63.540001,64.050003,62.990002,63.700001,41.343338,9798600
2011-09-30,63.400002,64.400002,63.169998,63.18,41.005852,11358100
2011-10-03,63.689999,64.220001,62.75,62.84,40.785168,12323800
2011-10-04,62.299999,63.490002,61.779999,63.369999,41.129154,12800000
2011-10-05,63.25,63.639999,62.790001,63.34,41.109665,12023100
2011-10-06,63.060001,63.66,62.630001,63.610001,41.28492,8691600
2011-10-07,63.970001,64.400002,63.650002,63.91,41.47963,8902000
2011-10-10,64.370003,64.82,64.129997,64.800003,42.057266,6663600
2011-10-11,64.239998,64.839996,64.239998,64.57,41.907993,5705600
2011-10-12,64.720001,65.339996,64.540001,64.889999,42.115673,10206200
2011-10-13,64.510002,64.800003,63.970001,64.650002,41.959923,7305200
2011-10-14,65.0,65.169998,64.370003,64.889999,42.115673,7485100
2011-10-17,64.839996,65.449997,64.059998,64.260002,41.706791,7165000
2011-10-18,64.160004,65.589996,64.099998,64.919998,42.13517,11796600
2011-10-19,64.330002,65.32,64.279999,64.75,42.367428,9099100
2011-10-20,64.900002,65.279999,64.470001,65.089996,42.589924,7728400
2011-10-21,65.610001,66.300003,65.470001,66.260002,43.355469,13026800
2011-10-24,65.75,65.889999,65.010002,65.370003,42.77314,9819000
2011-10-25,65.089996,65.370003,64.370003,64.510002,42.210403,8919200
2011-10-26,64.900002,65.010002,64.18,64.949997,42.498291,9401200
2011-10-27,65.370003,65.669998,64.309998,65.260002,42.701153,16764300
2011-10-28,64.830002,65.029999,64.32,64.730003,42.354355,10656200
2011-10-31,64.550003,64.830002,63.939999,63.990002,41.870152,9438800
2011-11-01,63.369999,63.599998,62.509998,62.709999,41.032619,13462600
2011-11-02,63.400002,63.549999,62.400002,62.860001,41.130768,8783200
2011-11-03,63.310001,63.52,62.889999,63.209999,41.359772,8532600
2011-11-04,62.889999,63.189999,62.369999,63.029999,41.241989,7758200
2011-11-07,63.029999,63.57,62.689999,63.459999,41.523361,6559500
2011-11-08,63.48,64.339996,63.48,64.209999,42.014111,7422000
2011-11-09,63.799999,63.830002,62.560001,62.720001,41.039165,9701300
2011-11-10,63.509998,63.650002,62.799999,63.240002,41.379421,6143700
2011-11-11,63.75,64.139999,63.580002,63.889999,41.804733,5731100
2011-11-14,63.439999,63.540001,62.93,63.049999,41.255085,6832800
2011-11-15,63.380001,63.900002,63.099998,63.560001,41.588791,7673800
2011-11-16,63.110001,63.889999,63.02,63.279999,41.405567,9228000
2011-11-17,63.150002,63.650002,62.540001,62.939999,41.183117,8525500
2011-11-18,63.110001,63.5,63.060001,63.240002,41.379421,7624000
2011-11-21,62.540001,62.970001,61.450001,61.66,40.345573,13254400
2011-11-22,61.52,62.25,61.490002,61.689999,40.365208,8321500
2011-11-23,61.310001,61.509998,61.0,61.060001,39.952984,7488200
2011-11-25,61.200001,61.790001,61.0,61.0,39.913719,4734800
2011-11-28,61.650002,62.459999,61.57,62.240002,40.72509,7673200
2011-11-29,62.48,62.950001,62.360001,62.529999,40.914833,6442700
2011-11-30,63.23,64.589996,63.189999,64.57,42.24966,15034500
2011-12-01,64.580002,64.790001,63.869999,64.080002,41.929054,9387600
2011-12-02,64.68,64.860001,64.269997,64.660004,42.308552,9952600
2011-12-05,64.889999,64.940002,64.449997,64.839996,42.426331,9820200
2011-12-06,64.650002,65.0,64.489998,64.839996,42.426331,8315400
2011-12-07,64.790001,65.5,64.650002,65.230003,42.681507,11144700
2011-12-08,64.870003,65.0,64.300003,64.470001,42.184231,8352600
2011-12-09,64.660004,65.169998,64.599998,64.970001,42.511395,7647800
2011-12-12,64.580002,64.919998,63.939999,64.309998,42.079544,8793500
2011-12-13,64.540001,65.330002,64.400002,64.730003,42.354355,11126100
2011-12-14,64.470001,64.949997,64.32,64.449997,42.171143,10326700
2011-12-15,64.830002,65.209999,64.650002,64.989998,42.524475,9654800
2011-12-16,65.43,65.629997,64.82,65.139999,42.622631,18291900
2011-12-19,65.349998,65.589996,64.739998,64.949997,42.498291,8172300
2011-12-20,65.239998,65.910004,65.209999,65.790001,43.047935,9797100
2011-12-21,65.5,66.0,65.5,66.0,43.185349,9479000
2011-12-22,65.839996,66.239998,65.790001,66.190002,43.309662,7666300
2011-12-23,66.209999,66.690002,66.010002,66.669998,43.623737,5209800
2011-12-27,66.129997,66.949997,66.07,66.790001,43.702271,5604700
2011-12-28,66.910004,66.949997,66.449997,66.540001,43.538662,4152000
2011-12-29,66.730003,66.980003,66.650002,66.970001,43.820034,4425900
2011-12-30,66.879997,66.959999,66.589996,66.709999,43.649899,4062300
2012-01-03,66.300003,67.0,66.269997,66.830002,43.728424,11565900
2012-01-04,66.629997,66.879997,66.339996,66.800003,43.708794,10595400
2012-01-05,66.440002,66.650002,66.25,66.519997,43.525581,10085300
2012-01-06,66.510002,66.629997,65.93,66.360001,43.420906,8421200
2012-01-09,66.25,66.75,66.220001,66.639999,43.604099,7836100
2012-01-10,66.849998,66.870003,66.07,66.330002,43.401268,10318900
2012-01-11,66.099998,66.309998,65.470001,65.68,42.97596,14676800
2012-01-12,66.0,66.0,65.559998,65.809998,43.061012,29758100
2012-01-13,65.559998,65.830002,65.370003,65.809998,43.061012,33539100
2012-01-17,65.959999,66.510002,65.949997,66.260002,43.355469,35728800
2012-01-18,65.900002,66.129997,65.82,66.029999,43.550049,10386800
2012-01-19,65.959999,66.25,65.419998,66.080002,43.583015,9346600
2012-01-20,65.629997,66.25,65.449997,66.230003,43.68195,12190100
2012-01-23,65.910004,65.940002,64.779999,65.0,42.870689,14828100
2012-01-24,64.639999,64.75,64.040001,64.5,42.540932,9742400
2012-01-25,64.379997,65.150002,64.18,64.980003,42.857517,10913100
2012-01-26,65.099998,65.379997,64.730003,64.800003,42.738785,11932100
2012-01-27,64.309998,64.970001,63.66,64.300003,42.409012,10979900
2012-01-30,63.799999,63.799999,63.029999,63.209999,41.690098,12492000
2012-01-31,63.419998,63.549999,62.700001,63.040001,41.57798,11358600
2012-02-01,63.419998,63.700001,63.189999,63.209999,41.690098,12900500
2012-02-02,63.349998,63.630001,63.25,63.32,41.762661,12613100
2012-02-03,63.360001,63.860001,62.560001,62.77,41.39991,17440500
2012-02-06,62.860001,63.610001,62.779999,63.509998,41.887974,9851200
2012-02-07,63.560001,63.91,63.369999,63.700001,42.013302,8901600
2012-02-08,63.720001,63.779999,63.439999,63.639999,41.973709,8174800
2012-02-09,63.84,64.099998,63.529999,64.040001,42.237526,9152000
2012-02-10,63.599998,63.98,63.549999,63.880001,42.132015,8295500
2012-02-13,64.150002,64.379997,64.059998,64.230003,42.362843,6899400
2012-02-14,64.099998,64.480003,64.089996,64.480003,42.527733,6997700
2012-02-15,64.82,64.940002,64.379997,64.550003,42.573902,11651700
2012-02-16,64.779999,65.400002,64.650002,65.199997,43.002594,10823300
2012-02-17,65.489998,65.540001,64.900002,64.910004,42.811337,10281600
2012-02-21,64.989998,65.07,64.349998,64.419998,42.488163,10037700
2012-02-22,64.239998,64.709999,64.169998,64.440002,42.501335,7029500
2012-02-23,64.349998,66.57,64.25,66.419998,43.807247,20163300
2012-02-24,66.739998,66.949997,66.519997,66.709999,43.998512,17777100
2012-02-27,66.57,67.040001,66.129997,66.699997,43.991928,17903200
2012-02-28,66.589996,67.489998,66.540001,67.389999,44.447014,13468100
2012-02-29,67.410004,67.769997,67.309998,67.620003,44.598717,14742500
2012-03-01,67.440002,67.690002,66.459999,66.660004,43.965549,11967000
2012-03-02,66.720001,66.879997,66.400002,66.669998,43.972149,7022200
2012-03-05,66.610001,66.970001,66.459999,66.949997,44.156822,6933400
2012-03-06,66.5,67.089996,66.199997,66.839996,44.084259,9827000
2012-03-07,66.82,67.07,66.419998,66.580002,43.912781,7470800
2012-03-08,66.949997,67.059998,66.769997,66.900002,44.12384,5811500
2012-03-09,67.059998,67.059998,66.599998,66.93,44.143623,5710200
2012-03-12,66.769997,67.779999,66.730003,67.709999,44.658081,8825500
2012-03-13,67.849998,67.900002,67.57,67.900002,44.78339,9056700
2012-03-14,67.730003,67.949997,67.690002,67.849998,44.750412,8056200
2012-03-15,67.690002,67.790001,67.5,67.68,44.638294,8611500
2012-03-16,67.830002,67.849998,67.129997,67.25,44.354687,15713500
2012-03-19,67.029999,67.480003,66.959999,67.209999,44.328297,7038900
2012-03-20,66.959999,67.449997,66.900002,67.209999,44.328297,6139000
2012-03-21,67.209999,67.360001,66.860001,67.199997,44.321705,6120400
2012-03-22,67.0,67.760002,66.949997,67.519997,44.532768,7321000
2012-03-23,67.510002,67.540001,67.269997,67.43,44.473408,6006400
2012-03-26,67.540001,67.830002,67.25,67.459999,44.493191,7818800
2012-03-27,67.510002,67.730003,66.959999,67.150002,44.288738,7936900
2012-03-28,67.120003,67.309998,66.949997,67.190002,44.315105,7534600
2012-03-29,66.980003,67.150002,66.760002,67.010002,44.196381,6917400
2012-03-30,67.150002,67.480003,67.010002,67.209999,44.328297,8670300
2012-04-02,67.43,67.919998,67.400002,67.559998,44.559151,8595200
2012-04-03,67.43,67.599998,66.940002,67.089996,44.249157,6954100
2012-04-04,66.709999,67.559998,66.709999,67.260002,44.361275,8372200
2012-04-05,66.919998,67.480003,66.830002,67.309998,44.394257,7696300
2012-04-09,66.720001,67.129997,66.709999,66.809998,44.06448,6890400
2012-04-10,66.739998,66.900002,66.290001,66.349998,43.761074,9436700
2012-04-11,66.739998,66.919998,66.32,66.440002,43.820457,7593800
2012-04-12,66.169998,66.370003,65.949997,66.089996,43.589592,27847200
2012-04-13,66.040001,66.5,65.800003,65.809998,43.404926,29792000
2012-04-16,66.010002,67.099998,65.879997,66.779999,44.044701,32810100
2012-04-17,66.910004,67.199997,66.830002,67.019997,44.202976,8894700
2012-04-18,66.93,67.199997,66.730003,66.75,44.024906,6081800
2012-04-19,66.879997,66.910004,66.230003,66.57,43.906197,7721200
2012-04-20,66.709999,67.610001,66.589996,67.510002,44.526184,11092600
2012-04-23,66.910004,67.0,66.379997,66.650002,43.958946,8420500
2012-04-24,66.830002,67.0,66.559998,67.0,44.189785,6962300
2012-04-25,66.669998,66.989998,66.5,66.889999,44.490437,6994200
2012-04-26,66.639999,67.139999,66.629997,66.870003,44.477135,8415000
2012-04-27,65.099998,65.260002,63.950001,64.440002,42.860867,30719500
2012-04-30,63.580002,64.160004,63.290001,63.639999,42.328758,19195000
2012-05-01,63.34,63.740002,63.290001,63.57,42.282207,11899600
2012-05-02,63.66,64.110001,63.400002,63.98,42.554897,9689200
2012-05-03,64.290001,64.760002,64.160004,64.510002,42.90741,12079900
2012-05-04,64.529999,64.75,64.239998,64.279999,42.754444,12006500
2012-05-07,63.459999,64.5,63.360001,64.25,42.734482,11124300
2012-05-08,64.129997,64.440002,64.110001,64.160004,42.674641,11481800
2012-05-09,63.93,64.290001,63.57,63.669998,42.348721,13842600
2012-05-10,64.0,64.339996,63.830002,64.139999,42.661324,8109500
2012-05-11,64.059998,64.150002,63.619999,63.68,42.355362,11318000
2012-05-14,63.5,63.759998,63.299999,63.580002,42.28886,9902700
2012-05-15,63.720001,64.220001,63.5,63.720001,42.381969,12824700
2012-05-16,64.339996,64.809998,64.0,64.290001,42.761097,12375000
2012-05-17,64.120003,64.400002,63.91,63.959999,42.541611,10261800
2012-05-18,64.190002,64.25,63.400002,63.52,42.248943,11583100
2012-05-21,63.66,63.799999,62.950001,63.389999,42.162487,9553100
2012-05-22,63.43,63.549999,62.98,63.150002,42.002857,7535500
2012-05-23,63.0,63.049999,62.040001,62.389999,41.49736,13765400
2012-05-24,62.490002,62.98,62.23,62.57,41.617054,9178100
2012-05-25,62.580002,63.200001,62.400002,62.490002,41.563873,7377700
2012-05-29,62.639999,63.029999,62.619999,62.950001,41.869827,7401000
2012-05-30,62.639999,62.889999,62.240002,62.32,41.450802,7493400
2012-05-31,62.599998,62.619999,61.98,62.290001,41.43084,9268400
2012-06-01,61.759998,61.939999,61.200001,61.549999,40.938641,12728000
2012-06-04,61.689999,61.700001,61.099998,61.400002,40.838882,7768200
2012-06-05,61.209999,61.330002,61.02,61.169998,40.685886,7855500
2012-06-06,61.27,61.889999,61.16,61.799999,41.104923,9622000
2012-06-07,62.080002,62.84,61.720001,62.759998,41.743454,13904700
2012-06-08,63.040001,63.189999,62.57,62.75,41.736801,7697800
2012-06-11,62.990002,63.060001,62.5,62.540001,41.597126,6345500
2012-06-12,62.5,62.77,62.209999,62.759998,41.743454,7814500
2012-06-13,62.610001,62.77,62.27,62.57,41.617054,6838500
2012-06-14,62.759998,63.43,62.700001,63.18,42.022816,8389100
2012-06-15,63.529999,63.669998,62.52,62.880001,41.823254,14126800
2012-06-18,62.560001,62.75,61.790001,62.290001,41.43084,10289300
2012-06-19,62.41,62.75,62.099998,62.209999,41.37764,12844900
2012-06-20,60.889999,60.889999,59.740002,60.389999,40.167095,39133900
2012-06-21,60.360001,60.48,59.75,59.75,39.741425,18876100
2012-06-22,59.77,60.299999,59.759998,59.830002,39.794632,14395600
2012-06-25,59.540001,59.93,59.25,59.310001,39.448772,11745100
2012-06-26,59.450001,59.580002,59.07,59.27,39.422157,8794100
2012-06-27,59.240002,60.0,59.150002,59.98,39.89439,11454100
2012-06-28,59.700001,60.290001,59.330002,60.290001,40.100594,9207600
2012-06-29,60.650002,61.27,60.540001,61.25,40.73912,13301800
2012-07-02,61.040001,61.259998,60.779999,61.189999,40.699196,8914300
2012-07-03,61.130001,61.400002,60.82,61.360001,40.812275,4817400
2012-07-05,61.439999,61.599998,61.189999,61.349998,40.805618,35413700
2012-07-06,61.220001,61.389999,60.860001,61.279999,40.759068,36773400
2012-07-09,61.119999,61.799999,61.119999,61.549999,40.938641,33492400
2012-07-10,61.709999,61.900002,61.490002,61.73,41.058372,8651900
2012-07-11,61.77,61.77,60.98,61.400002,40.838882,9975600
2012-07-12,62.84,64.269997,62.700001,63.700001,42.368683,37140900
2012-07-13,63.93,65.75,63.77,65.089996,43.293194,29170000
2012-07-16,64.620003,65.0,64.239998,64.809998,43.106964,10675900
2012-07-17,64.639999,65.400002,64.540001,65.349998,43.466137,12565600
2012-07-18,64.830002,65.139999,64.349998,64.82,43.487602,13387400
2012-07-19,64.949997,65.07,64.529999,64.919998,43.554699,8077600
2012-07-20,64.519997,64.919998,64.400002,64.730003,43.427235,10121500
2012-07-23,64.400002,64.720001,64.230003,64.389999,43.19912,10711100
2012-07-24,64.480003,64.57,63.720001,64.019997,42.950874,8271700
2012-07-25,64.120003,64.309998,63.889999,64.019997,42.950874,9424700
2012-07-26,64.589996,65.099998,64.440002,64.559998,43.31316,10472200
2012-07-27,64.68,65.269997,64.559998,65.089996,43.668736,11141800
2012-07-30,64.889999,65.290001,64.5,65.099998,43.675446,8388600
2012-07-31,64.790001,64.989998,64.5,64.540001,43.299751,9327200
2012-08-01,64.870003,64.970001,63.900002,64.010002,42.944168,7782900
2012-08-02,63.66,63.98,63.240002,63.509998,42.608723,9462400
2012-08-03,64.709999,65.900002,64.699997,65.5,43.943813,15279100
2012-08-06,65.230003,66.239998,65.199997,65.809998,44.151787,10034400
2012-08-07,65.919998,66.449997,65.910004,66.220001,44.426857,10463300
2012-08-08,66.010002,66.800003,65.959999,66.720001,44.762302,9673200
2012-08-09,66.589996,66.93,66.400002,66.730003,44.76902,9677800
2012-08-10,66.68,66.769997,66.209999,66.769997,44.795849,7293600
2012-08-13,66.559998,66.75,66.349998,66.480003,44.601299,6633900
2012-08-14,66.529999,66.989998,66.190002,66.730003,44.76902,8887400
2012-08-15,66.860001,66.919998,66.559998,66.639999,44.708637,9873600
2012-08-16,66.580002,67.0,66.449997,67.0,44.95015,10165100
2012-08-17,66.870003,67.300003,66.629997,67.0,44.95015,9394300
2012-08-20,66.93,67.050003,66.550003,66.75,44.782436,8938700
2012-08-21,66.760002,67.139999,66.68,66.769997,44.795849,9145400
2012-08-22,66.57,66.860001,66.510002,66.849998,44.849533,7749600
2012-08-23,66.800003,66.830002,66.589996,66.68,44.73547,8006500
2012-08-24,66.599998,67.18,66.330002,67.019997,44.963566,8580200
2012-08-27,66.93,67.370003,66.860001,67.110001,45.023972,6419600
2012-08-28,66.870003,67.220001,66.849998,66.989998,44.943455,7605400
2012-08-29,66.970001,67.18,66.800003,66.870003,44.862942,6752200
2012-08-30,66.639999,66.940002,66.620003,66.879997,44.869637,7285600
2012-08-31,67.139999,67.449997,66.889999,67.190002,45.077625,10088600
2012-09-04,67.220001,67.470001,67.010002,67.400002,45.218533,7628600
2012-09-05,67.209999,67.540001,67.209999,67.290001,45.14473,7741100
2012-09-06,67.68,68.25,67.599998,68.239998,45.78207,13200500
2012-09-07,68.160004,68.599998,67.980003,68.519997,45.969921,12656300
2012-09-10,68.410004,68.580002,68.120003,68.510002,45.963226,8920600
2012-09-11,68.43,68.650002,68.080002,68.260002,45.795494,8840900
2012-09-12,68.349998,68.589996,68.050003,68.099998,45.688137,6896000
2012-09-13,67.889999,68.980003,67.889999,68.910004,46.231575,10495400
2012-09-14,68.809998,69.220001,68.769997,69.160004,46.399307,12269800
2012-09-17,68.879997,69.25,68.860001,69.25,46.459675,11274600
2012-09-18,69.190002,69.690002,69.110001,69.220001,46.439545,12833500
2012-09-19,69.099998,69.580002,69.019997,69.260002,46.466393,8682900
2012-09-20,69.110001,69.639999,69.110001,69.559998,46.667664,8652700
2012-09-21,69.699997,69.830002,69.379997,69.419998,46.573719,20290300
2012-09-24,69.339996,69.849998,69.239998,69.760002,46.801842,8361000
2012-09-25,69.699997,69.970001,69.540001,69.589996,46.68779,10026700
2012-09-26,69.489998,69.849998,69.300003,69.300003,46.493229,7698400
2012-09-27,69.410004,69.559998,69.059998,69.300003,46.493229,6773100
2012-09-28,69.25,69.419998,68.639999,69.360001,46.533478,8955100
2012-10-01,69.330002,69.769997,69.099998,69.449997,46.593853,8588600
2012-10-02,69.529999,69.720001,68.519997,68.790001,46.151058,11241400
2012-10-03,69.019997,69.540001,68.730003,69.169998,46.405998,8869500
2012-10-04,69.360001,69.779999,69.309998,69.379997,46.546886,7792700
2012-10-05,69.779999,69.849998,69.410004,69.629997,46.714611,6907800
2012-10-08,69.480003,69.480003,68.889999,69.099998,46.359039,6577000
2012-10-09,68.919998,69.279999,68.519997,68.699997,46.090687,8200100
2012-10-10,68.790001,68.940002,67.949997,68.139999,45.714977,8937500
2012-10-11,68.330002,68.389999,67.82,68.0,45.621056,6600700
2012-10-12,68.230003,68.459999,67.870003,67.940002,45.580803,6537400
2012-10-15,68.269997,68.889999,67.970001,68.709999,46.097397,8359300
2012-10-16,68.959999,69.260002,68.790001,69.0,46.291973,7702700
2012-10-17,68.550003,69.639999,68.510002,69.470001,46.990025,11061000
2012-10-18,69.449997,69.5,69.040001,69.470001,46.990025,7358100
2012-10-19,69.360001,69.489998,68.449997,68.57,46.381245,10125600
2012-10-22,68.349998,68.550003,67.870003,68.5,46.333893,7516800
2012-10-23,67.980003,68.129997,67.260002,67.440002,45.616909,8030800
2012-10-24,67.370003,68.370003,67.370003,68.080002,46.049797,10209600
2012-10-25,69.75,70.830002,69.580002,70.07,47.395847,24479700
2012-10-26,69.739998,70.360001,69.389999,69.440002,46.969711,11945200
2012-10-31,69.510002,69.949997,69.010002,69.239998,46.834423,9095400
2012-11-01,69.160004,69.510002,69.139999,69.25,46.841209,7703800
2012-11-02,69.739998,69.769997,69.059998,69.190002,46.800617,6963100
2012-11-05,69.220001,69.220001,68.349998,68.669998,46.448891,6525700
2012-11-06,68.599998,69.0,68.360001,68.93,46.624748,6639800
2012-11-07,68.82,68.870003,67.790001,68.059998,46.036255,8849600
2012-11-08,67.980003,68.089996,66.900002,66.910004,45.258396,7917700
2012-11-09,66.830002,67.459999,66.760002,67.010002,45.326031,8147700
2012-11-12,67.150002,67.400002,66.910004,67.080002,45.373386,4371300
2012-11-13,66.769997,67.599998,66.769997,66.849998,45.217823,6769100
2012-11-14,66.889999,67.059998,66.290001,66.529999,45.001369,9680100
2012-11-15,66.760002,67.0,65.830002,66.32,44.859314,9290000
2012-11-16,66.360001,66.970001,66.139999,66.82,45.19754,11354200
2012-11-19,66.989998,67.919998,66.860001,67.919998,45.941559,8741400
2012-11-20,67.809998,68.489998,67.760002,68.300003,46.198624,7611600
2012-11-21,68.160004,68.5,67.970001,68.470001,46.313599,6201400
2012-11-23,68.75,69.610001,68.709999,69.589996,47.071182,4598200
2012-11-26,69.139999,69.57,69.050003,69.480003,46.996769,7493600
2012-11-27,69.199997,69.480003,68.910004,68.989998,46.665333,8154300
2012-11-28,69.0,69.739998,68.900002,69.440002,46.969711,11255800
2012-11-29,69.410004,69.800003,69.129997,69.5,47.010296,8783800
2012-11-30,69.370003,69.889999,69.370003,69.830002,47.233517,8886800
2012-12-03,69.839996,69.93,69.5,69.580002,47.064419,7404600
2012-12-04,69.5,69.849998,69.07,69.309998,46.881779,6634900
2012-12-05,69.480003,69.879997,69.080002,69.410004,46.949425,7623400
2012-12-06,69.480003,70.239998,69.440002,69.949997,47.314682,10686900
2012-12-07,69.849998,70.660004,69.849998,70.290001,47.54467,11590900
2012-12-10,70.120003,70.419998,70.029999,70.220001,47.497307,8124100
2012-12-11,70.290001,70.970001,70.139999,70.660004,47.794933,9298000
2012-12-12,70.760002,70.989998,70.610001,70.760002,47.862576,8405900
2012-12-13,70.550003,70.639999,69.900002,70.129997,47.436436,8478200
2012-12-14,69.919998,70.470001,69.779999,69.93,47.301167,8997600
2012-12-17,69.949997,70.150002,69.620003,69.93,47.301167,8791500
2012-12-18,69.889999,70.279999,69.43,69.970001,47.328205,13568900
2012-12-19,69.760002,69.989998,68.769997,69.339996,46.902077,10304800
2012-12-20,69.300003,70.25,69.300003,69.82,47.226757,10218200
2012-12-21,69.43,69.82,68.379997,68.720001,46.482708,17746900
2012-12-24,68.669998,68.690002,68.239998,68.519997,46.347416,3578800
2012-12-26,68.57,68.589996,67.699997,68.0,45.995686,6937000
2012-12-27,67.879997,68.160004,67.410004,67.970001,45.97541,7648800
2012-12-28,67.730003,67.910004,67.059998,67.150002,45.420753,6463300
2012-12-31,67.0,67.970001,66.830002,67.889999,45.921303,9061900
2013-01-02,68.650002,69.389999,68.349998,69.389999,46.935886,9987000
2013-01-03,69.440002,69.5,68.940002,68.949997,46.638283,7741900
2013-01-04,69.010002,69.169998,68.68,69.089996,46.732975,5853700
2013-01-07,68.919998,68.919998,68.379997,68.620003,46.415062,5269800
2013-01-08,68.519997,68.730003,68.400002,68.510002,46.340656,7362000
2013-01-09,68.769997,69.110001,68.610001,68.879997,46.590916,5762900
2013-01-10,68.980003,69.290001,68.68,69.269997,46.854733,12855000
2013-01-11,69.300003,69.300003,69.010002,69.220001,46.820911,12193500
2013-01-14,69.309998,69.970001,69.230003,69.629997,47.098236,11570700
2013-01-15,69.160004,69.959999,69.150002,69.879997,47.26733,7563400
2013-01-16,69.419998,69.699997,69.110001,69.339996,47.282341,7061000
2013-01-17,69.559998,69.959999,69.339996,69.669998,47.507362,6263300
2013-01-18,69.690002,70.0,69.669998,69.940002,47.69146,10610800
2013-01-22,69.860001,69.980003,69.75,69.949997,47.698288,8313600
2013-01-23,69.839996,70.699997,69.800003,70.690002,48.202908,10588600
2013-01-24,70.68,70.849998,70.199997,70.419998,48.018772,8877200
2013-01-25,71.75,73.25,71.75,73.25,49.948532,28760300
2013-01-28,73.730003,74.230003,73.190002,73.769997,50.303104,14010000
2013-01-29,73.550003,75.309998,73.519997,75.0,51.14183,17576700
2013-01-30,74.75,75.480003,74.669998,75.080002,51.196392,12677800
2013-01-31,74.830002,75.260002,74.669998,75.160004,51.25095,11661500
2013-02-01,75.300003,75.970001,75.169998,75.919998,51.769196,12204000
2013-02-04,75.690002,75.800003,74.949997,75.25,51.312321,11086000
2013-02-05,75.440002,76.690002,75.32,75.699997,51.619156,14851700
2013-02-06,75.32,76.190002,75.040001,76.150002,51.926033,17015800
2013-02-07,75.980003,76.419998,75.790001,76.150002,51.926033,9897000
2013-02-08,76.150002,76.480003,75.559998,75.75,51.653263,9130700
2013-02-11,75.410004,75.919998,75.120003,75.809998,51.694176,6928200
2013-02-12,75.959999,76.309998,75.809998,75.980003,51.810089,6281000
2013-02-13,76.010002,76.580002,75.980003,76.559998,52.205593,7113300
2013-02-14,76.300003,76.970001,76.25,76.779999,52.355602,10049400
2013-02-15,76.720001,76.959999,76.209999,76.540001,52.191936,11165600
2013-02-19,76.559998,77.769997,76.489998,77.379997,52.764748,11783500
2013-02-20,77.269997,77.519997,76.919998,77.080002,52.560173,9275400
2013-02-21,76.279999,77.199997,75.900002,77.040001,52.532909,10305200
2013-02-22,77.050003,77.190002,76.75,76.989998,52.498806,8433200
2013-02-25,77.07,77.669998,75.919998,75.919998,51.769196,9970400
2013-02-26,75.989998,76.379997,75.769997,76.080002,51.878281,8378900
2013-02-27,75.949997,76.949997,75.699997,76.75,52.335155,7567800
2013-02-28,76.660004,76.910004,76.169998,76.18,51.946476,10466900
2013-03-01,75.699997,76.720001,75.559998,76.489998,52.157856,9599700
2013-03-04,76.25,76.68,75.970001,76.68,52.287418,7631000
2013-03-05,76.779999,77.389999,76.720001,77.050003,52.539711,9716200
2013-03-06,77.010002,77.449997,76.809998,77.199997,52.641987,7194700
2013-03-07,77.220001,77.489998,76.779999,76.900002,52.437447,7111400
2013-03-08,77.010002,77.199997,76.459999,77.18,52.628372,7252800
2013-03-11,77.019997,77.389999,76.900002,77.349998,52.744289,6621000
2013-03-12,77.190002,77.449997,77.0,77.169998,52.621536,7016700
2013-03-13,77.07,77.099998,76.519997,76.800003,52.36924,6340300
2013-03-14,76.870003,77.470001,76.830002,77.389999,52.771564,8079100
2013-03-15,77.080002,77.379997,76.339996,76.339996,52.055565,15237000
2013-03-18,75.900002,76.550003,75.800003,76.160004,51.932835,7081800
2013-03-19,76.139999,77.18,76.110001,77.110001,52.580643,9326400
2013-03-20,77.290001,77.82,77.269997,77.580002,52.901127,8615800
2013-03-21,77.419998,77.669998,77.139999,77.209999,52.64883,6319500
2013-03-22,77.18,77.449997,77.0,77.269997,52.68972,5868400
2013-03-25,77.269997,77.620003,76.440002,76.68,52.287418,6843600
2013-03-26,77.019997,77.5,76.889999,77.400002,52.778381,5386000
2013-03-27,76.980003,77.110001,76.57,77.059998,52.546543,5274600
2013-03-28,76.949997,77.160004,76.660004,77.059998,52.546543,8016700
2013-04-01,76.849998,77.849998,76.730003,77.699997,52.982933,7266000
2013-04-02,77.839996,79.150002,77.650002,78.959999,53.842117,13373600
2013-04-03,78.879997,79.080002,77.839996,78.120003,53.269341,8426700
2013-04-04,78.32,78.980003,78.25,78.540001,53.555721,8770600
2013-04-05,77.879997,78.389999,77.830002,78.230003,53.344349,6562600
2013-04-08,78.120003,78.879997,77.879997,78.790001,53.726204,6284500
2013-04-09,78.82,78.889999,78.07,78.260002,53.364807,6760600
2013-04-10,78.489998,79.489998,78.43,79.239998,54.033054,7947600
2013-04-11,79.370003,80.129997,79.330002,79.669998,54.326263,11831600
2013-04-12,79.510002,80.660004,79.470001,80.080002,54.605846,9383400
2013-04-15,79.790001,80.839996,79.599998,79.650002,54.312645,10877200
2013-04-16,79.830002,80.209999,79.370003,80.099998,54.619476,9365600
2013-04-17,79.980003,80.139999,78.849998,79.059998,53.910294,10964600
2013-04-18,79.089996,80.18,79.059998,79.870003,54.462654,10896200
2013-04-19,80.370003,81.699997,80.199997,81.43,55.526405,13147600
2013-04-22,81.309998,81.589996,81.120003,81.400002,55.505939,7530300
2013-04-23,81.459999,82.540001,80.510002,82.540001,56.283287,12684800
2013-04-24,79.489998,79.610001,76.93,77.120003,52.973808,25708200
2013-04-25,77.669998,77.669998,76.349998,76.580002,52.602886,14702300
2013-04-26,76.720001,77.220001,76.580002,77.099998,52.960079,8769100
2013-04-29,77.559998,77.980003,77.230003,77.68,53.358463,6638100
2013-04-30,77.860001,77.889999,76.599998,76.769997,52.733387,9653800
2013-05-01,76.830002,77.769997,76.720001,76.989998,52.884514,8388800
2013-05-02,77.389999,78.279999,77.139999,77.760002,53.413448,7288200
2013-05-03,78.099998,78.459999,77.660004,78.190002,53.708794,7884000
2013-05-06,78.029999,78.400002,77.519997,77.75,53.406563,7204200
2013-05-07,77.980003,78.199997,77.269997,77.940002,53.537086,9574200
2013-05-08,77.900002,78.510002,77.230003,78.440002,53.880512,12067300
2013-05-09,78.57,78.889999,78.019997,78.209999,53.722527,7189400
2013-05-10,78.410004,78.790001,78.230003,78.760002,54.100334,6162500
2013-05-13,78.510002,78.970001,78.419998,78.589996,53.983559,5420200
2013-05-14,78.93,79.470001,78.739998,79.470001,54.58802,6867400
2013-05-15,79.470001,81.0,79.470001,80.68,55.419186,11154400
2013-05-16,80.489998,80.739998,79.889999,80.199997,55.089481,8065600
2013-05-17,79.910004,80.18,79.309998,80.019997,54.965816,8549900
2013-05-20,79.980003,79.980003,78.779999,79.089996,54.327007,7307300
2013-05-21,79.169998,79.220001,78.220001,78.800003,54.127808,7377700
2013-05-22,78.839996,79.68,78.620003,78.82,54.141537,8873300
2013-05-23,78.269997,79.110001,78.230003,78.699997,54.059105,7141200
2013-05-24,81.879997,82.349998,81.440002,81.879997,56.243465,25580900
2013-05-28,82.050003,82.129997,80.769997,80.860001,55.54282,14372700
2013-05-29,80.160004,80.25,78.870003,78.900002,54.196487,9992500
2013-05-30,78.900002,79.879997,78.900002,79.089996,54.327007,14761500
2013-05-31,78.790001,78.809998,76.75,76.760002,52.726524,16461900
2013-06-03,76.870003,77.699997,76.120003,77.660004,53.344753,11720600
2013-06-04,77.709999,78.470001,76.75,77.370003,53.145531,11379300
2013-06-05,77.080002,77.209999,76.629997,76.660004,52.657829,8826900
2013-06-06,76.559998,76.970001,75.830002,76.82,52.76775,11099900
2013-06-07,77.440002,78.279999,77.269997,77.75,53.406563,7839500
2013-06-10,77.690002,78.220001,77.260002,78.07,53.626366,8966400
2013-06-11,77.68,78.75,77.449997,78.120003,53.660725,6781200
2013-06-12,78.639999,78.889999,77.480003,77.599998,53.303539,7834200
2013-06-13,77.540001,78.690002,77.139999,78.43,53.87365,6927700
2013-06-14,78.489998,78.790001,77.669998,78.029999,53.5989,6825900
2013-06-17,78.260002,79.470001,78.25,78.959999,54.237694,7359900
2013-06-18,78.949997,79.230003,78.699997,79.040001,54.292671,6051400
2013-06-19,79.050003,79.470001,77.589996,77.610001,53.310398,7424500
2013-06-20,77.209999,77.330002,75.099998,75.25,51.689312,15555700
2013-06-21,76.25,77.529999,75.690002,77.43,53.186764,20055700
2013-06-24,76.949997,77.43,75.629997,76.580002,52.602886,12563300
2013-06-25,77.099998,77.239998,76.290001,76.690002,52.678444,7909400
2013-06-26,77.230003,77.589996,77.019997,77.400002,53.166153,7326500
2013-06-27,77.959999,78.379997,77.57,77.669998,53.351597,14731500
2013-06-28,77.620003,77.940002,76.900002,76.989998,52.884514,9865300
2013-07-01,77.019997,78.449997,77.0,78.019997,53.59203,6699200
2013-07-02,77.949997,78.610001,77.709999,78.440002,53.880512,10228500
2013-07-03,78.279999,78.75,77.43,78.57,53.969826,5339900
2013-07-05,78.889999,79.019997,77.779999,78.339996,53.811829,7264700
2013-07-08,78.540001,79.080002,78.5,78.760002,54.100334,11141400
2013-07-09,79.07,79.900002,79.07,79.57,54.656731,11456200
2013-07-10,79.650002,80.099998,79.300003,79.800003,54.814697,6862800
2013-07-11,80.550003,80.989998,80.290001,80.769997,55.480991,9185400
2013-07-12,80.669998,81.639999,80.669998,81.550003,56.016785,12586300
2013-07-15,81.370003,81.589996,80.849998,81.510002,55.989311,10024700
2013-07-16,81.32,81.370003,80.910004,80.970001,55.618397,11208600
2013-07-17,80.489998,80.849998,80.010002,80.089996,55.426003,7644300
2013-07-18,80.029999,80.75,80.029999,80.300003,55.571316,5526000
2013-07-19,80.360001,81.410004,80.050003,81.370003,56.311817,7862600
2013-07-22,81.230003,81.449997,80.900002,81.220001,56.208008,4813600
2013-07-23,81.220001,81.400002,80.779999,80.949997,56.021156,4311700
2013-07-24,80.949997,81.0,80.129997,80.269997,55.550552,5606600
2013-07-25,80.010002,80.57,79.839996,80.410004,55.647442,6239900
2013-07-26,80.019997,80.419998,79.389999,80.389999,55.633614,6543500
2013-07-29,80.099998,80.449997,80.050003,80.089996,55.426003,4389400
2013-07-30,80.489998,80.900002,80.160004,80.440002,55.668217,6434100
2013-07-31,80.440002,81.410004,80.160004,80.300003,55.571316,11857000
2013-08-01,81.620003,82.230003,81.209999,81.639999,56.498661,10724800
2013-08-02,81.419998,81.5,80.559998,81.290001,56.256458,6626300
2013-08-05,81.050003,81.650002,80.959999,81.400002,56.332584,4662800
2013-08-06,81.300003,81.970001,81.300003,81.739998,56.56786,6212500
2013-08-07,81.410004,82.209999,81.379997,81.959999,56.720116,5828500
2013-08-08,82.110001,82.400002,81.510002,82.169998,56.86544,6207900
2013-08-09,81.919998,82.059998,81.190002,81.639999,56.498661,6127200
2013-08-12,81.230003,81.730003,81.040001,81.620003,56.484818,4922200
2013-08-13,81.779999,81.989998,81.330002,81.660004,56.512508,4936400
2013-08-14,81.669998,81.779999,81.190002,81.25,56.228779,5167500
2013-08-15,80.959999,81.080002,80.169998,80.480003,55.695877,7415300
2013-08-16,80.269997,80.480003,79.059998,79.900002,55.29451,9451600
2013-08-19,79.639999,80.089996,79.419998,79.589996,55.079956,5959400
2013-08-20,79.720001,80.099998,79.279999,79.529999,55.038437,5172500
2013-08-21,79.5,80.120003,79.050003,79.379997,54.934631,7390900
2013-08-22,79.300003,80.050003,78.870003,79.769997,55.204544,6274400
2013-08-23,79.870003,80.07,79.589996,80.010002,55.370632,5219600
2013-08-26,79.919998,79.980003,78.529999,78.540001,54.353302,6385400
2013-08-27,77.870003,78.360001,77.330002,77.970001,53.958858,7052200
2013-08-28,77.860001,77.860001,76.849998,76.849998,53.183754,9008500
2013-08-29,76.760002,77.839996,76.419998,77.309998,53.502094,5961000
2013-08-30,77.529999,78.07,73.610001,77.889999,53.903496,9039100
2013-09-03,78.269997,78.419998,77.440002,77.75,53.80661,6743800
2013-09-04,77.519997,77.75,77.120003,77.489998,53.626663,6031300
2013-09-05,77.580002,77.629997,76.830002,77.139999,53.384441,7163200
2013-09-06,77.120003,77.610001,76.400002,77.150002,53.391361,6977400
2013-09-09,77.370003,78.199997,77.370003,78.160004,54.090351,6089300
2013-09-10,78.5,78.639999,77.779999,77.949997,53.945026,6650200
2013-09-11,77.260002,78.269997,77.25,78.269997,54.166473,7049800
2013-09-12,78.400002,78.800003,78.169998,78.260002,54.159554,6944900
2013-09-13,78.440002,79.18,78.410004,79.050003,54.706257,4894100
2013-09-16,79.720001,80.209999,79.709999,80.160004,55.474442,7512800
2013-09-17,79.959999,80.25,79.639999,79.830002,55.246082,5457700
2013-09-18,79.059998,80.480003,78.529999,80.300003,55.571316,10372100
2013-09-19,80.5,80.529999,79.779999,80.120003,55.446751,8157300
2013-09-20,80.089996,80.18,79.389999,79.389999,54.941559,11146100
2013-09-23,79.199997,79.580002,78.669998,79.279999,54.865421,6304900
2013-09-24,78.970001,79.480003,78.589996,78.620003,54.408695,7692100
2013-09-25,78.839996,79.0,77.709999,77.720001,53.785831,7589300
2013-09-26,77.910004,78.139999,77.620003,78.050003,54.01421,4632600
2013-09-27,77.75,77.75,76.769997,77.209999,53.432903,6551300
2013-09-30,76.800003,77.160004,75.349998,75.589996,52.311764,15028300
2013-10-01,75.519997,76.5,75.440002,76.160004,52.706261,8076100
2013-10-02,75.910004,76.139999,75.419998,75.93,52.547077,8522900
2013-10-03,75.889999,76.139999,75.199997,75.839996,52.484795,9251600
2013-10-04,75.980003,76.120003,75.510002,76.019997,52.609352,4984700
2013-10-07,75.660004,76.099998,75.480003,75.650002,52.353298,6373300
2013-10-08,76.389999,77.0,76.050003,76.330002,52.823895,9656600
2013-10-09,76.580002,77.160004,76.099998,76.949997,53.252956,8470700
2013-10-10,77.410004,77.919998,77.150002,77.889999,53.903496,10121900
2013-10-11,78.0,78.489998,77.809998,78.480003,54.311794,6082200
2013-10-14,78.010002,78.800003,77.93,78.739998,54.491718,6326100
2013-10-15,78.379997,78.610001,77.440002,77.599998,53.702808,11192500
2013-10-16,77.349998,78.489998,77.260002,78.339996,54.638775,6562600
2013-10-17,78.190002,79.470001,77.980003,79.419998,55.392017,8671300
2013-10-18,79.389999,79.57,78.779999,79.410004,55.385082,7958500
2013-10-21,79.269997,79.32,78.440002,78.970001,55.078171,6478700
2013-10-22,79.309998,80.610001,79.279999,80.379997,56.061584,9572300
2013-10-23,80.339996,81.25,80.25,80.910004,56.431248,8960700
2013-10-24,80.769997,80.949997,80.25,80.610001,56.222,7521100
2013-10-25,80.550003,80.720001,79.510002,80.0,55.796558,9606500
2013-10-28,80.110001,81.860001,79.949997,81.300003,56.703262,9820900
2013-10-29,81.459999,82.620003,81.099998,82.459999,57.512302,9482900
2013-10-30,82.529999,82.559998,81.230003,81.519997,56.856667,6490000
2013-10-31,81.199997,81.599998,80.720001,80.75,56.319664,7786800
2013-11-01,80.68,81.330002,80.639999,81.150002,56.598629,6802300
2013-11-04,81.459999,81.730003,80.910004,81.330002,56.724171,5460100
2013-11-05,81.129997,81.739998,80.849998,81.43,56.793934,4949300
2013-11-06,81.639999,83.099998,81.330002,82.809998,57.756443,9526400
2013-11-07,82.910004,83.099998,82.110001,82.32,57.414654,10087700
2013-11-08,82.279999,82.57,81.669998,82.510002,57.547184,9768400
2013-11-11,82.349998,82.68,82.019997,82.260002,57.372803,6173600
2013-11-12,82.230003,83.040001,82.120003,82.800003,57.749413,8201700
2013-11-13,82.57,83.5,82.459999,83.5,58.237663,7581600
2013-11-14,83.43,84.459999,83.43,84.32,58.809563,7580500
2013-11-15,84.169998,84.919998,84.160004,84.839996,59.172237,9664700
2013-11-18,84.790001,84.940002,84.18,84.57,58.983913,8507300
2013-11-19,84.309998,84.589996,84.209999,84.339996,58.823521,7924200
2013-11-20,84.309998,84.980003,84.239998,84.690002,59.067642,7680900
2013-11-21,84.839996,84.889999,84.510002,84.669998,59.053677,7287700
2013-11-22,84.529999,85.0,84.230003,84.949997,59.248978,7436200
2013-11-25,84.959999,85.82,84.849998,85.410004,59.569809,9670500
2013-11-26,85.199997,85.760002,84.639999,84.639999,59.032768,7111600
2013-11-27,84.879997,84.889999,84.019997,84.279999,58.781677,4905000
2013-11-29,84.769997,85.209999,84.150002,84.220001,58.739841,4954500
2013-12-02,84.040001,84.150002,83.099998,83.339996,58.126083,7497500
2013-12-03,83.300003,84.0,83.230003,83.830002,58.467831,7533200
2013-12-04,83.379997,83.489998,82.589996,83.349998,58.133034,6807200
2013-12-05,83.389999,83.449997,82.300003,82.690002,57.672737,8186600
2013-12-06,83.230003,84.529999,83.169998,84.519997,58.949062,7189400
2013-12-09,84.480003,84.940002,84.339996,84.779999,59.130402,7395300
2013-12-10,84.410004,84.43,83.43,83.650002,58.342274,7373300
2013-12-11,83.739998,84.5,83.610001,84.019997,58.600346,9787900
2013-12-12,83.82,83.870003,81.93,82.300003,57.400723,10176300
2013-12-13,82.32,82.459999,81.559998,82.370003,57.449539,7441600
2013-12-16,82.720001,83.07,81.599998,81.690002,56.975273,8849700
2013-12-17,81.790001,81.849998,80.690002,80.910004,56.431248,11416400
2013-12-18,81.209999,82.419998,80.480003,82.379997,57.45652,12036100
2013-12-19,81.980003,82.290001,81.510002,81.900002,57.121727,6442600
2013-12-20,81.980003,82.540001,81.82,81.839996,57.079865,13206100
2013-12-23,82.139999,82.139999,81.010002,81.309998,56.710236,8653600
2013-12-24,81.330002,81.610001,81.25,81.309998,56.710236,2899100
2013-12-26,81.489998,81.889999,81.290001,81.760002,57.024094,5347000
2013-12-27,82.089996,82.480003,81.860001,82.010002,57.19846,4006000
2013-12-30,82.0,82.050003,81.57,82.0,57.191467,4145600
2013-12-31,81.830002,82.0,81.089996,81.410004,56.779987,5765300
2014-01-02,81.330002,81.360001,80.32,80.540001,56.173176,6981700
2014-01-03,80.760002,80.849998,80.190002,80.449997,56.110424,6925600
2014-01-06,80.610001,80.980003,80.300003,80.639999,56.242943,7208200
2014-01-07,80.709999,81.580002,80.620003,81.419998,56.786934,7158200
2014-01-08,80.970001,81.150002,80.050003,80.239998,55.963936,13458800
2014-01-09,80.540001,80.800003,80.029999,80.419998,56.089493,10833900
2014-01-10,80.589996,80.889999,80.199997,80.300003,56.005798,8448300
2014-01-13,80.010002,80.5,79.690002,80.010002,55.803543,9360800
2014-01-14,80.059998,80.919998,80.019997,80.870003,56.403351,8737100
2014-01-15,80.699997,81.18,80.25,80.790001,56.347546,8221900
2014-01-16,80.650002,80.830002,80.260002,80.559998,56.187138,11673300
2014-01-17,80.419998,80.639999,79.800003,79.879997,55.712868,13629800
2014-01-21,80.589996,80.720001,79.540001,80.18,55.922112,13216400
2014-01-22,79.57,79.879997,79.050003,79.230003,55.677567,8455600
2014-01-23,78.709999,78.970001,78.120003,78.239998,54.981842,12667700
2014-01-24,79.330002,81.699997,78.779999,79.18,55.64241,20163200
2014-01-27,79.239998,79.300003,78.419998,78.470001,55.143459,10395400
2014-01-28,78.669998,79.519997,78.43,79.110001,55.593212,10060800
2014-01-29,78.800003,78.800003,77.379997,77.639999,54.560204,13443100
2014-01-30,78.050003,78.050003,76.769997,76.870003,54.019104,9450500
2014-01-31,76.029999,77.190002,75.260002,76.620003,53.84343,12988800
2014-02-03,76.690002,76.760002,75.599998,75.699997,53.196903,14292700
2014-02-04,76.0,76.389999,75.400002,76.089996,53.470959,12055400
2014-02-05,75.940002,76.800003,75.669998,76.449997,53.723957,9734100
2014-02-06,76.529999,76.989998,76.480003,76.900002,54.040188,7819700
2014-02-07,76.989998,77.389999,76.75,77.309998,54.328312,7259200
2014-02-10,77.43,78.089996,77.190002,78.029999,54.834282,8959700
2014-02-11,78.099998,79.110001,77.639999,78.839996,55.403481,10500800
2014-02-12,78.129997,78.529999,77.059998,77.489998,54.454784,11019700
2014-02-13,77.089996,77.919998,77.0,77.800003,54.672642,7420600
2014-02-14,77.690002,79.75,77.25,79.400002,55.797005,10791900
2014-02-18,79.480003,79.629997,77.559998,77.970001,54.792118,15750700
2014-02-19,77.639999,78.959999,77.550003,78.139999,54.91156,8740000
2014-02-20,77.959999,78.440002,77.5,77.919998,54.756962,8275200
2014-02-21,78.050003,78.889999,77.910004,77.970001,54.792118,8089200
2014-02-24,78.029999,78.769997,77.610001,77.860001,54.714783,7838700
2014-02-25,77.730003,78.309998,77.400002,78.120003,54.897518,8177500
2014-02-26,78.230003,78.769997,77.82,77.860001,54.714783,7764700
2014-02-27,77.769997,78.230003,77.559998,78.190002,54.946701,6549800
2014-02-28,78.239998,78.910004,78.010002,78.660004,55.276989,8489600
2014-03-03,78.260002,78.410004,77.349998,77.480003,54.447781,8598600
2014-03-04,78.089996,78.720001,77.900002,78.449997,55.129414,8306900
2014-03-05,78.32,78.410004,77.550003,77.82,54.686699,8542300
2014-03-06,78.040001,78.440002,77.839996,78.059998,54.855339,6475600
2014-03-07,78.410004,78.599998,78.110001,78.379997,55.080223,5865400
2014-03-10,78.290001,78.57,78.199997,78.529999,55.185631,5229900
2014-03-11,78.589996,79.389999,78.57,78.949997,55.480808,6595800
2014-03-12,78.660004,79.449997,78.620003,79.239998,55.684586,7469300
2014-03-13,79.32,79.760002,79.190002,79.190002,55.649448,9676600
2014-03-14,79.099998,79.230003,78.669998,78.980003,55.501858,14850700
2014-03-17,79.019997,79.949997,79.019997,79.839996,56.106205,8452100
2014-03-18,79.839996,80.080002,79.510002,79.769997,56.05703,7703200
2014-03-19,79.68,79.910004,78.510002,78.779999,55.361309,8607200
2014-03-20,78.699997,78.93,78.150002,78.32,55.038059,8659500
2014-03-21,79.040001,79.75,77.879997,77.879997,54.728859,21244400
2014-03-24,78.5,79.830002,78.470001,79.300003,55.726753,11221600
2014-03-25,79.519997,79.989998,79.440002,79.809998,56.085148,8892500
2014-03-26,80.029999,80.18,79.330002,79.5,55.867283,8269800
2014-03-27,79.550003,80.43,79.379997,79.650002,55.972698,8134100
2014-03-28,79.940002,80.32,79.519997,79.760002,56.050007,6413500
2014-03-31,80.0,80.830002,79.550003,80.599998,56.640297,8492800
2014-04-01,80.599998,80.839996,80.209999,80.339996,56.457584,8222300
2014-04-02,80.190002,80.330002,79.800003,80.129997,56.30999,6741800
2014-04-03,80.279999,80.580002,79.93,80.099998,56.28891,5646000
2014-04-04,80.470001,80.559998,79.75,79.769997,56.05703,8649600
2014-04-07,80.019997,81.07,79.93,80.489998,56.562996,13229000
2014-04-08,80.510002,81.379997,80.019997,81.349998,57.167355,11880700
2014-04-09,81.800003,82.239998,81.32,81.489998,57.265705,11550700
2014-04-10,81.580002,82.129997,80.889999,81.089996,56.98465,12194300
2014-04-11,80.980003,81.660004,80.5,80.760002,56.752743,11831400
2014-04-14,81.0,81.199997,80.510002,80.809998,56.787865,7105600
2014-04-15,80.790001,81.089996,80.519997,80.839996,56.808929,9000800
2014-04-16,81.279999,81.879997,81.029999,81.650002,57.378181,8300700
2014-04-17,81.470001,81.889999,81.339996,81.760002,57.45546,8374700
2014-04-21,81.809998,81.809998,81.290001,81.559998,57.314907,6391000
2014-04-22,81.540001,81.669998,81.150002,81.25,57.097088,9259100
2014-04-23,80.720001,80.720001,79.379997,80.360001,56.922817,9577500
2014-04-24,80.260002,81.379997,80.010002,81.150002,57.482395,9523200
2014-04-25,81.199997,81.580002,80.970001,81.410004,57.666592,7497400
2014-04-28,81.540001,82.980003,81.510002,82.940002,58.750351,11595100
2014-04-29,82.75,82.949997,82.360001,82.440002,58.396194,7214300
2014-04-30,82.389999,82.75,82.239998,82.550003,58.474098,6243300
2014-05-01,82.389999,82.470001,81.760002,82.339996,58.325333,5305000
2014-05-02,82.220001,82.599998,81.75,81.919998,58.02784,6629200
2014-05-05,81.639999,81.879997,81.470001,81.699997,57.871986,4563600
2014-05-06,81.760002,81.760002,81.120003,81.129997,57.468239,4591300
2014-05-07,81.449997,82.139999,81.419998,82.089996,58.148262,6639500
2014-05-08,82.059998,82.32,81.82,82.160004,58.197853,4631200
2014-05-09,82.199997,82.800003,82.139999,82.389999,58.36076,7303500
2014-05-12,82.610001,82.709999,81.709999,81.730003,57.893261,7859000
2014-05-13,81.940002,81.980003,81.419998,81.610001,57.808247,6540200
2014-05-14,81.739998,81.910004,81.120003,81.169998,57.496578,6867200
2014-05-15,81.25,81.370003,80.440002,80.529999,57.043236,9402100
2014-05-16,80.629997,80.760002,80.0,80.330002,56.901577,11558900
2014-05-19,80.010002,80.050003,79.540001,79.93,56.618233,6068100
2014-05-20,80.019997,80.580002,79.970001,80.230003,56.830742,7057200
2014-05-21,80.339996,80.669998,80.019997,80.489998,57.0149,6339800
2014-05-22,80.370003,80.669998,80.050003,80.650002,57.128235,5561100
2014-05-23,80.510002,80.849998,80.400002,80.519997,57.03614,4472600
2014-05-27,80.550003,80.580002,80.050003,80.080002,56.724468,7003800
2014-05-28,80.029999,80.279999,80.019997,80.099998,56.738628,4201400
2014-05-29,80.099998,80.400002,80.080002,80.400002,56.951164,3886800
2014-05-30,80.25,80.849998,80.169998,80.790001,57.227402,7433000
2014-06-02,80.660004,80.669998,80.290001,80.360001,56.922817,4331700
2014-06-03,80.040001,80.300003,79.599998,79.93,56.618233,6970600
2014-06-04,80.0,80.220001,79.639999,79.860001,56.568626,5427700
2014-06-05,80.110001,80.309998,79.970001,80.110001,56.745758,5787700
2014-06-06,80.089996,80.239998,79.82,80.029999,56.689045,5520500
2014-06-09,79.910004,80.239998,79.849998,80.089996,56.731575,6352500
2014-06-10,80.029999,80.300003,80.0,80.150002,56.774078,5658400
2014-06-11,80.050003,80.300003,79.879997,80.059998,56.71032,7453700
2014-06-12,79.82,80.029999,79.690002,79.760002,56.497807,6526800
2014-06-13,79.730003,79.940002,79.5,79.639999,56.412811,5214000
2014-06-16,79.519997,79.940002,79.110001,79.690002,56.448208,5334600
2014-06-17,79.610001,79.790001,79.349998,79.580002,56.370316,5337300
2014-06-18,79.440002,79.940002,79.129997,79.790001,56.519062,9614200
2014-06-19,79.849998,80.57,79.800003,80.239998,56.83783,12485100
2014-06-20,80.440002,80.5,79.830002,79.93,56.618233,11659900
2014-06-23,80.059998,80.059998,79.360001,79.519997,56.327816,6938900
2014-06-24,79.419998,79.440002,78.919998,79.010002,55.966534,8157300
2014-06-25,79.040001,79.360001,78.650002,79.32,56.186134,12569300
2014-06-26,79.239998,79.290001,78.589996,78.620003,55.690304,7258800
2014-06-27,78.599998,79.190002,78.519997,79.019997,55.973618,8974900
2014-06-30,79.010002,79.459999,78.43,78.589996,55.669048,10297700
2014-07-01,78.870003,79.410004,78.510002,79.279999,56.15778,8421200
2014-07-02,79.559998,79.860001,79.440002,79.559998,56.356125,6276600
2014-07-03,79.93,80.139999,79.639999,79.980003,56.653633,5501100
2014-07-07,79.75,80.199997,79.660004,80.190002,56.802383,6673600
2014-07-08,80.029999,80.849998,79.910004,80.559998,57.06448,9150200
2014-07-09,80.660004,81.800003,80.5,81.669998,57.850758,12113100
2014-07-10,81.269997,81.910004,81.190002,81.610001,57.808247,8786500
2014-07-11,81.059998,81.57,81.0,81.160004,57.489502,7519300
2014-07-14,81.360001,81.739998,81.300003,81.32,57.602837,6802000
2014-07-15,81.510002,81.519997,81.089996,81.260002,57.560333,9637600
2014-07-16,80.900002,81.199997,80.75,80.940002,57.791691,8940500
2014-07-17,80.989998,81.220001,80.389999,80.400002,57.406097,5844700
2014-07-18,80.550003,80.75,80.160004,80.550003,57.513226,6502400
2014-07-21,80.330002,80.400002,79.949997,80.279999,57.320408,4434300
2014-07-22,80.290001,80.580002,79.769997,80.099998,57.191898,6073200
2014-07-23,80.330002,80.5,79.82,79.989998,57.113365,5891200
2014-07-24,80.120003,80.32,79.849998,80.260002,57.306145,6273100
2014-07-25,80.019997,80.160004,79.370003,79.559998,56.806335,6293400
2014-07-28,79.410004,79.620003,78.849998,79.260002,56.592136,6757300
2014-07-29,79.089996,79.5,78.650002,78.650002,56.156586,6419600
2014-07-30,78.699997,79.010002,78.139999,78.160004,55.806755,8296500
2014-07-31,77.760002,78.010002,77.290001,77.32,55.206985,11235600
2014-08-01,79.25,80.669998,78.830002,79.650002,56.870583,18110700
2014-08-04,79.459999,79.459999,78.660004,79.220001,56.563595,12075300
2014-08-05,78.989998,79.739998,78.980003,79.410004,56.699253,7995900
2014-08-06,79.400002,81.300003,79.269997,81.089996,57.898758,12839000
2014-08-07,81.019997,81.18,80.010002,80.139999,57.22047,7904000
2014-08-08,80.050003,81.029999,80.040001,80.949997,57.798809,6215600
2014-08-11,81.230003,81.870003,81.029999,81.480003,58.177223,8188000
2014-08-12,81.5,81.860001,81.209999,81.419998,58.134365,6591200
2014-08-13,81.639999,81.800003,81.110001,81.480003,58.177223,5472200
2014-08-14,81.589996,82.040001,81.440002,81.949997,58.512825,5930700
2014-08-15,82.230003,82.230003,81.18,81.779999,58.391441,7418400
2014-08-18,81.989998,82.849998,81.809998,82.440002,58.862694,8450500
2014-08-19,82.349998,82.870003,82.120003,82.690002,59.04118,6867700
2014-08-20,82.459999,82.940002,82.459999,82.809998,59.12685,4581800
2014-08-21,82.800003,83.470001,82.690002,83.279999,59.462433,7099800
2014-08-22,83.160004,83.660004,83.139999,83.389999,59.540974,6978500
2014-08-25,83.739998,83.82,83.309998,83.540001,59.648056,5586800
2014-08-26,83.610001,83.830002,83.330002,83.379997,59.533833,5188400
2014-08-27,83.43,83.599998,83.160004,83.309998,59.48386,4248300
2014-08-28,83.019997,83.220001,82.760002,83.029999,59.283958,4278700
2014-08-29,83.089996,83.129997,82.599998,83.110001,59.341049,4901300
2014-09-02,83.209999,83.489998,82.709999,82.980003,59.248234,5528900
2014-09-03,83.260002,83.480003,82.769997,82.900002,59.191132,5851800
2014-09-04,82.919998,83.75,82.779999,83.699997,59.762321,7444200
2014-09-05,83.440002,83.800003,83.07,83.769997,59.812305,5888900
2014-09-08,83.57,83.599998,83.129997,83.32,59.490986,4899600
2014-09-09,83.050003,83.290001,82.830002,82.989998,59.25539,5202900
2014-09-10,83.199997,83.959999,83.150002,83.639999,59.719479,6715300
2014-09-11,83.610001,83.75,83.370003,83.489998,59.612377,6341600
2014-09-12,83.209999,83.379997,82.860001,83.260002,59.448177,6358500
2014-09-15,83.18,84.25,83.139999,83.870003,59.883678,7004700
2014-09-16,83.580002,84.449997,83.559998,84.080002,60.033657,7143800
2014-09-17,84.019997,84.5,83.93,84.160004,60.090752,8273800
2014-09-18,84.18,84.440002,84.07,84.190002,60.112183,5309200
2014-09-19,84.519997,84.769997,84.18,84.470001,60.312107,11377700
2014-09-22,84.639999,84.949997,84.489998,84.809998,60.554874,8397100
2014-09-23,84.650002,84.919998,84.440002,84.440002,60.290703,7723500
2014-09-24,84.330002,85.400002,84.330002,85.239998,60.861866,11694700
2014-09-25,85.019997,85.129997,84.330002,84.330002,60.212151,8212300
2014-09-26,84.540001,84.739998,83.860001,84.580002,60.390644,5478000
2014-09-29,84.110001,84.470001,83.660004,84.440002,60.290703,6360000
2014-09-30,84.339996,84.360001,83.68,83.739998,59.790882,8074700
2014-10-01,84.019997,84.040001,83.029999,83.139999,59.362488,9024700
2014-10-02,83.099998,83.970001,82.949997,83.050003,59.298203,8858400
2014-10-03,83.440002,83.949997,82.879997,83.790001,59.826588,6701500
2014-10-06,83.57,83.940002,83.190002,83.57,59.669495,5656500
2014-10-07,83.379997,83.919998,83.120003,83.160004,59.376743,7378200
2014-10-08,83.339996,84.279999,83.209999,84.18,60.105034,8107100
2014-10-09,84.209999,84.879997,83.529999,83.660004,59.733768,7765700
2014-10-10,83.949997,85.279999,83.910004,84.690002,60.46917,13732400
2014-10-13,84.309998,84.470001,83.309998,83.370003,59.526703,10066100
2014-10-14,83.910004,83.910004,83.029999,83.550003,59.655231,8210300
2014-10-15,82.589996,83.580002,81.760002,82.949997,59.22681,13283200
2014-10-16,81.650002,82.800003,81.57,82.239998,58.719883,11310200
2014-10-17,82.949997,83.480003,82.029999,83.269997,59.455307,11786600
2014-10-20,83.25,84.330002,82.830002,84.18,60.105034,8558100
2014-10-21,84.470001,84.639999,83.660004,84.610001,60.412083,12389600
2014-10-22,84.059998,84.589996,83.919998,84.230003,60.602024,9747600
2014-10-23,84.260002,84.330002,82.300003,83.230003,59.882538,14292100
2014-10-24,85.099998,85.970001,84.910004,85.160004,61.271145,13465600
2014-10-27,84.959999,86.480003,84.830002,85.949997,61.839512,10316600
2014-10-28,86.199997,86.650002,86.169998,86.470001,62.213669,9437700
2014-10-29,86.669998,86.669998,85.910004,86.540001,62.264023,6880600
2014-10-30,86.160004,87.0,85.669998,86.940002,62.551842,5560300
2014-10-31,87.080002,87.360001,86.709999,87.269997,62.789253,9359800
2014-11-03,86.660004,87.389999,86.199997,87.379997,62.868382,7789500
2014-11-04,87.489998,88.870003,87.440002,88.639999,63.774933,10594800
2014-11-05,88.739998,89.489998,88.360001,89.0,64.033936,8462000
2014-11-06,89.080002,89.199997,88.57,88.900002,63.962009,6628900
2014-11-07,88.739998,89.199997,88.25,89.129997,64.12748,5975700
2014-11-10,88.919998,89.5,88.260002,89.449997,64.357719,5927100
2014-11-11,89.379997,89.790001,89.169998,89.669998,64.515999,6343900
2014-11-12,89.599998,89.879997,89.419998,89.480003,64.379311,6298700
2014-11-13,88.940002,89.839996,88.459999,88.599998,63.746147,10191600
2014-11-14,88.699997,88.889999,87.93,88.110001,63.393597,7559400
2014-11-17,88.0,88.18,87.370003,87.839996,63.199345,9475800
2014-11-18,88.019997,88.18,87.489998,87.949997,63.278496,6419400
2014-11-19,88.239998,88.870003,87.93,88.730003,63.839676,6570400
2014-11-20,88.330002,88.800003,88.330002,88.470001,63.652637,5527600
2014-11-21,89.260002,89.43,88.459999,88.599998,63.746147,8984100
2014-11-24,88.879997,88.889999,87.860001,88.110001,63.393597,5569200
2014-11-25,88.360001,88.82,88.080002,88.800003,63.890068,6439700
2014-11-26,88.830002,88.879997,88.449997,88.879997,63.947613,4420000
2014-11-28,89.089996,90.559998,88.970001,90.43,65.062798,7661800
2014-12-01,90.169998,90.669998,89.519997,90.080002,64.810997,6745100
2014-12-02,90.440002,91.169998,90.120003,91.07,65.523262,7432900
2014-12-03,90.839996,90.970001,89.639999,90.0,64.753433,6465600
2014-12-04,90.5,90.940002,90.099998,90.580002,65.170738,6406700
2014-12-05,90.32,90.419998,89.209999,90.379997,65.026817,6383400
2014-12-08,90.339996,91.0,90.32,90.760002,65.300247,4721900
2014-12-09,90.470001,90.779999,89.870003,90.709999,65.264252,5704000
2014-12-10,90.949997,91.099998,89.959999,90.0,64.753433,6293300
2014-12-11,90.0,91.279999,89.980003,90.410004,65.048431,6468700
2014-12-12,90.010002,90.970001,89.529999,89.550003,64.429657,6574600
2014-12-15,89.699997,90.599998,89.029999,89.199997,64.177849,6511900
2014-12-16,89.139999,90.959999,88.379997,89.360001,64.292961,8773800
2014-12-17,89.559998,91.160004,89.400002,90.699997,65.257057,7412700
2014-12-18,91.010002,92.0,90.550003,92.0,66.192398,8724500
2014-12-19,92.150002,92.730003,91.760002,92.050003,66.228355,14037800
2014-12-22,92.099998,92.730003,92.0,92.599998,66.624092,7157100
2014-12-23,92.739998,93.480003,92.699997,93.290001,67.120506,5610600
2014-12-24,93.5,93.889999,93.139999,93.139999,67.012596,2403000
2014-12-26,93.150002,93.809998,93.059998,93.459999,67.242844,3148700
2014-12-29,93.120003,93.43,92.5,92.639999,66.652832,4657700
2014-12-30,92.25,92.82,92.099998,92.400002,66.480194,4730000
2014-12-31,92.040001,92.550003,91.029999,91.089996,65.537651,5712100
2015-01-02,90.839996,91.0,89.919998,90.440002,65.069984,7251400
2015-01-05,90.230003,91.0,89.849998,90.010002,64.760635,8626100
2015-01-06,90.309998,90.559998,89.260002,89.599998,64.465622,7791200
2015-01-07,89.940002,90.370003,89.559998,90.07,64.803802,5986600
2015-01-08,90.480003,91.230003,90.129997,91.099998,65.544861,6823300
2015-01-09,91.18,91.18,90.120003,90.25,64.933296,4872800
2015-01-12,90.480003,90.620003,89.510002,89.919998,64.695885,5250900
2015-01-13,90.779999,91.5,89.769997,90.300003,64.969261,6727100
2015-01-14,89.730003,90.160004,89.43,89.989998,64.746223,6418200
2015-01-15,90.489998,90.5,89.339996,89.860001,64.652702,6768200
2015-01-16,89.949997,91.339996,89.870003,91.25,65.652794,8815700
2015-01-20,91.25,91.790001,90.5,91.190002,65.609612,9869900
2015-01-21,90.400002,91.190002,89.629997,90.730003,65.74295,6974500
2015-01-22,91.040001,91.690002,89.870003,91.620003,66.38784,7211200
2015-01-23,91.169998,91.190002,89.949997,90.080002,65.271957,6745700
2015-01-26,89.949997,89.949997,88.739998,89.580002,64.909645,9371700
2015-01-27,87.099998,87.209999,86.019997,86.489998,62.670628,14417400
2015-01-28,86.629997,86.910004,85.010002,85.150002,61.699669,14033400
2015-01-29,85.779999,86.110001,85.150002,85.669998,62.076469,12054500
2015-01-30,85.089996,85.220001,84.25,84.290001,61.076519,14685300
2015-02-02,84.580002,85.139999,83.68,85.120003,61.677956,10278700
2015-02-03,85.949997,86.0,85.120003,85.949997,62.27935,10747900
2015-02-04,85.889999,86.480003,85.550003,85.790001,62.163418,9212800
2015-02-05,86.239998,86.779999,86.099998,86.699997,62.822819,6531300
2015-02-06,86.559998,86.610001,85.150002,85.610001,62.03299,8429800
2015-02-09,85.309998,85.43,84.589996,85.050003,61.62722,8811500
2015-02-10,85.330002,85.57,84.82,85.389999,61.873589,7059300
2015-02-11,85.949997,86.199997,85.150002,85.639999,62.054726,7184600
2015-02-12,86.059998,86.150002,85.410004,86.029999,62.337334,6074600
2015-02-13,86.029999,86.150002,85.5,85.900002,62.243134,6272000
2015-02-17,86.059998,86.059998,85.0,85.489998,61.946049,10310400
2015-02-18,85.760002,86.389999,85.519997,86.260002,62.504002,8132300
2015-02-19,86.110001,86.300003,85.050003,85.209999,61.743134,7271600
2015-02-20,84.949997,85.050003,84.190002,84.870003,61.496746,9581300
2015-02-23,84.959999,85.5,84.650002,85.389999,61.873589,7919200
2015-02-24,85.510002,85.739998,85.010002,85.5,61.953266,6502200
2015-02-25,85.699997,85.800003,85.239998,85.459999,61.924305,5975800
2015-02-26,85.419998,85.760002,84.889999,85.169998,61.714153,7964500
2015-02-27,85.019997,85.379997,84.57,85.129997,61.685184,7685000
2015-03-02,85.129997,85.410004,84.839996,85.410004,61.888081,7235200
2015-03-03,85.349998,85.440002,84.540001,85.160004,61.706928,6095600
2015-03-04,85.040001,85.239998,84.209999,84.349998,61.120007,7370000
2015-03-05,84.620003,84.760002,84.089996,84.629997,61.322903,5914200
2015-03-06,84.339996,84.370003,82.370003,82.660004,59.895409,11338700
2015-03-09,82.790001,83.209999,82.68,83.089996,60.206993,7326700
2015-03-10,82.470001,82.879997,81.540001,81.540001,59.083862,9681400
2015-03-11,81.529999,81.779999,80.809998,81.389999,58.975178,10066600
2015-03-12,81.589996,82.120003,81.510002,82.089996,59.482395,6951100
2015-03-13,81.980003,82.279999,81.150002,81.830002,59.293983,7492500
2015-03-16,82.080002,83.949997,81.989998,83.559998,60.547569,15618300
2015-03-17,83.360001,83.370003,82.43,82.849998,60.033096,7509300
2015-03-18,82.860001,84.050003,82.019997,83.75,60.685234,12607900
2015-03-19,83.459999,83.75,83.120003,83.379997,60.417133,9257500
2015-03-20,83.989998,84.790001,83.769997,84.739998,61.40258,22580300
2015-03-23,84.370003,85.050003,84.360001,84.860001,61.489536,9891100
2015-03-24,84.889999,85.110001,83.870003,83.919998,60.808418,7478800
2015-03-25,84.370003,84.370003,82.860001,83.010002,60.14904,8482200
2015-03-26,82.580002,82.610001,81.949997,82.150002,59.52586,7311600
2015-03-27,82.080002,82.540001,81.989998,82.309998,59.641811,6440600
2015-03-30,82.629997,82.949997,82.150002,82.720001,59.938881,6416800
2015-03-31,82.760002,82.93,81.940002,81.940002,59.373692,8649700
2015-04-01,82.440002,82.449997,81.449997,82.32,59.649059,7395300
2015-04-02,82.169998,82.589996,81.919998,82.43,59.728771,6169800
2015-04-06,81.919998,83.230003,81.510002,83.040001,60.170753,6856300
2015-04-07,82.93,83.290001,82.330002,82.389999,59.699764,6329900
2015-04-08,82.300003,83.18,82.269997,82.769997,59.97514,6523400
2015-04-09,82.629997,82.949997,82.010002,82.889999,60.062099,6185000
2015-04-10,82.800003,83.629997,82.720001,83.349998,60.395386,7001700
2015-04-13,83.0,83.949997,82.940002,83.43,60.453373,8290500
2015-04-14,83.389999,83.879997,83.050003,83.599998,60.576553,6792600
2015-04-15,83.849998,84.199997,83.480003,83.510002,60.511345,7006400
2015-04-16,83.559998,84.07,83.349998,83.5,60.504074,7615900
2015-04-17,83.0,83.220001,82.029999,82.529999,59.801231,9533800
2015-04-20,83.089996,83.980003,82.800003,82.870003,60.047592,7416000
2015-04-21,83.389999,83.800003,82.900002,83.080002,60.199745,7696400
2015-04-22,83.220001,83.339996,82.599998,83.089996,60.206993,6753100
2015-04-23,81.419998,82.099998,80.900002,80.949997,59.128151,14569500
2015-04-24,81.040001,81.529999,80.900002,81.0,59.16468,8785500
2015-04-27,80.910004,81.199997,80.470001,80.599998,58.872501,9192300
2015-04-28,80.730003,80.82,80.190002,80.419998,58.741016,8395500
2015-04-29,80.0,80.309998,79.720001,79.849998,58.324688,11858500
2015-04-30,79.949997,80.150002,79.07,79.510002,58.076351,9409300
2015-05-01,79.760002,80.32,79.629997,80.290001,58.646072,8193000
2015-05-04,80.480003,80.970001,80.300003,80.349998,58.68988,7203800
2015-05-05,80.5,80.650002,79.779999,80.07,58.485374,6589400
2015-05-06,80.339996,80.580002,79.519997,80.400002,58.726395,7335700
2015-05-07,80.370003,80.550003,80.0,80.199997,58.580334,7224300
2015-05-08,80.889999,81.209999,80.82,80.959999,59.135468,6929400
2015-05-11,80.949997,80.989998,80.260002,80.269997,58.631451,5237800
2015-05-12,80.029999,80.290001,79.360001,79.949997,58.397713,6305800
2015-05-13,80.160004,80.589996,79.550003,79.699997,58.215111,6459900
2015-05-14,80.110001,80.690002,80.089996,80.57,58.850609,5634200
2015-05-15,80.830002,81.120003,80.730003,81.050003,59.201187,7454800
2015-05-18,80.970001,81.129997,80.5,80.739998,58.97477,5590800
2015-05-19,80.75,80.949997,80.330002,80.830002,59.040512,5729500
2015-05-20,80.93,81.0,80.449997,80.480003,58.784855,5487000
2015-05-21,80.169998,80.580002,79.839996,80.410004,58.733734,6054700
2015-05-22,80.239998,80.400002,79.919998,79.949997,58.397713,6003600
2015-05-26,79.970001,80.07,78.940002,79.139999,57.806103,6698300
2015-05-27,79.220001,79.940002,79.089996,79.389999,57.988674,8094600
2015-05-28,79.43,79.449997,79.019997,79.330002,57.944874,5803400
2015-05-29,79.18,79.239998,78.190002,78.389999,57.258251,12551700
2015-06-01,78.650002,79.07,78.269997,78.849998,57.594261,7588000
2015-06-02,78.459999,78.720001,78.169998,78.540001,57.367817,7380800
2015-06-03,78.910004,78.93,78.269997,78.559998,57.38242,5985800
2015-06-04,78.410004,78.839996,78.059998,78.150002,57.08297,7714600
2015-06-05,78.040001,78.120003,77.370003,77.43,56.557053,9439700
2015-06-08,77.480003,77.980003,77.099998,77.709999,56.761566,10916200
2015-06-09,77.970001,79.330002,77.82,78.900002,57.630779,11528900
2015-06-10,79.230003,79.790001,79.010002,79.540001,58.098244,9483500
2015-06-11,79.93,79.93,79.239998,79.410004,58.003307,7633300
2015-06-12,79.169998,79.32,78.57,78.870003,57.60886,6508600
2015-06-15,78.330002,78.459999,77.93,78.120003,57.061047,7527900
2015-06-16,79.599998,79.599998,78.540001,79.099998,57.776875,8285700
2015-06-17,79.199997,80.190002,79.160004,80.080002,58.492676,9305800
2015-06-18,80.330002,81.220001,80.300003,80.82,59.033207,10712500
2015-06-19,80.709999,81.199997,80.480003,80.540001,58.828674,15598800
2015-06-22,80.919998,81.18,80.330002,80.449997,58.762928,6907900
2015-06-23,80.330002,80.449997,79.620003,79.790001,58.280853,7190600
2015-06-24,79.800003,79.849998,79.5,79.510002,58.076351,8843700
2015-06-25,79.709999,79.900002,79.389999,79.389999,57.988674,5855700
2015-06-26,79.540001,79.739998,79.279999,79.339996,57.952175,7703200
2015-06-29,78.949997,79.370003,78.260002,78.32,57.207119,7966200
2015-06-30,78.919998,79.010002,78.129997,78.239998,57.14867,8451400
2015-07-01,78.389999,79.769997,78.120003,79.720001,58.229733,8868000
2015-07-02,80.010002,80.349998,79.769997,79.93,58.383125,6602500
2015-07-06,79.610001,80.220001,79.5,80.050003,58.470776,6601200
2015-07-07,80.059998,81.830002,80.059998,81.720001,59.690575,11690400
2015-07-08,81.209999,81.690002,80.889999,80.989998,59.157379,6724700
2015-07-09,81.75,82.0,80.519997,80.660004,58.916336,10419800
2015-07-10,81.230003,81.360001,80.760002,80.949997,59.128151,6892500
2015-07-13,81.519997,82.040001,81.339996,81.910004,59.829372,7332900
2015-07-14,82.040001,82.459999,81.980003,82.040001,59.924313,6119500
2015-07-15,81.910004,82.32,81.839996,82.150002,60.004646,6673700
2015-07-16,82.449997,82.550003,82.099998,82.300003,60.114231,6623400
2015-07-17,81.889999,82.379997,81.599998,82.239998,60.070415,5827300
2015-07-20,82.089996,82.349998,82.0,82.190002,60.033886,5012900
2015-07-21,82.010002,82.129997,81.370003,81.629997,59.624844,7512400
2015-07-22,81.029999,81.300003,80.669998,80.830002,59.523964,6106400
2015-07-23,80.830002,80.889999,80.139999,80.699997,59.42823,5380900
2015-07-24,80.510002,80.730003,80.230003,80.290001,59.126308,5660800
2015-07-27,79.830002,80.07,79.43,79.970001,58.890644,8613600
2015-07-28,80.139999,80.660004,79.910004,80.230003,59.082123,8649900
2015-07-29,80.260002,80.989998,80.160004,80.620003,59.369301,8921500
2015-07-30,79.400002,79.480003,77.150002,77.389999,56.990707,22067800
2015-07-31,77.629997,77.739998,76.660004,76.699997,56.482567,11877200
2015-08-03,76.510002,77.089996,76.010002,76.400002,56.261669,9511300
2015-08-04,76.029999,76.339996,75.75,75.910004,55.900837,13369100
2015-08-05,76.050003,76.540001,75.75,75.769997,55.797714,10895400
2015-08-06,76.010002,76.010002,75.25,75.739998,55.775608,9353300
2015-08-07,75.589996,75.720001,75.339996,75.480003,55.584164,10045400
2015-08-10,75.949997,76.5,75.800003,76.379997,56.246933,9165900
2015-08-11,76.040001,76.449997,75.809998,76.220001,56.129124,7491900
2015-08-12,75.889999,76.43,75.339996,76.389999,56.254292,10397700
2015-08-13,76.489998,76.510002,75.629997,75.779999,55.805096,5948000
2015-08-14,75.739998,75.809998,75.379997,75.620003,55.687279,5586900
2015-08-17,75.809998,75.809998,74.75,75.529999,55.620983,8683900
2015-08-18,75.580002,75.800003,75.0,75.129997,55.326412,7445900
2015-08-19,74.93,74.93,74.019997,74.120003,54.582649,9865300
2015-08-20,73.75,74.720001,73.459999,73.910004,54.428005,10696500
2015-08-21,73.550003,73.900002,71.830002,71.839996,52.903622,15763900
2015-08-24,68.57,71.07,65.019997,69.139999,50.915333,23696300
2015-08-25,72.18,72.230003,68.300003,68.419998,50.385105,21476900
2015-08-26,69.900002,71.0,68.949997,70.900002,52.211403,17464700
2015-08-27,71.400002,71.75,70.019997,71.480003,52.638535,13434000
2015-08-28,71.169998,71.269997,70.589996,71.209999,52.439701,10020000
2015-08-31,71.0,71.0,70.300003,70.669998,52.042046,9520900
2015-09-01,69.370003,69.879997,68.519997,68.900002,50.738598,15437700
2015-09-02,69.650002,69.849998,69.220001,69.809998,51.408718,8903700
2015-09-03,70.18,70.459999,69.699997,69.93,51.497074,8468300
2015-09-04,69.279999,69.279999,68.5,68.760002,50.635517,11497500
2015-09-08,70.309998,70.440002,69.559998,69.980003,51.533913,9182300
2015-09-09,70.440002,70.540001,68.370003,68.480003,50.42931,11070600
2015-09-10,68.120003,68.949997,67.75,68.32,50.31147,12591100
2015-09-11,68.059998,68.510002,67.730003,68.419998,50.385105,11291400
2015-09-14,68.230003,68.300003,67.330002,68.059998,50.12001,9712800
2015-09-15,68.019997,69.739998,67.900002,69.449997,51.14362,11043700
2015-09-16,70.120003,70.360001,69.699997,70.099998,51.622284,8704200
2015-09-17,70.0,71.269997,69.860001,70.239998,51.72538,11029600
2015-09-18,69.440002,70.779999,69.370003,69.940002,51.504471,18210200
2015-09-21,70.150002,70.879997,70.010002,70.650002,52.027325,7742800
2015-09-22,70.059998,70.650002,69.980003,70.190002,51.68856,10207800
2015-09-23,70.18,70.489998,69.959999,70.260002,51.740105,6294200
2015-09-24,69.82,71.580002,69.739998,71.360001,52.550156,13423500
2015-09-25,72.389999,73.379997,71.949997,72.669998,53.514843,15080700
2015-09-28,72.309998,72.669998,71.75,71.769997,52.852077,9207300
2015-09-29,71.769997,72.410004,71.349998,72.279999,53.227657,9033300
2015-09-30,72.860001,73.059998,71.550003,71.940002,52.97728,11041900
2015-10-01,71.760002,72.18,71.400002,71.949997,52.984642,8547600
2015-10-02,71.360001,72.419998,71.290001,72.419998,53.330753,9085600
2015-10-05,72.970001,73.43,72.5,73.220001,53.91988,9187700
2015-10-06,73.339996,73.779999,72.589996,73.400002,54.052425,8851500
2015-10-07,73.720001,73.870003,73.32,73.720001,54.288086,8013200
2015-10-08,73.68,74.440002,73.489998,74.400002,54.788841,6856600
2015-10-09,74.589996,74.910004,74.32,74.480003,54.847759,6880100
2015-10-12,74.690002,74.760002,73.910004,74.330002,54.737305,6255900
2015-10-13,74.239998,74.279999,73.660004,74.110001,54.575287,8390200
2015-10-14,74.209999,74.610001,73.900002,74.209999,54.64893,8479200
2015-10-15,74.639999,74.839996,74.029999,74.269997,54.693119,8607400
2015-10-16,74.720001,75.040001,74.339996,74.900002,55.157066,9578900
2015-10-19,74.650002,75.190002,74.529999,75.160004,55.348511,7292200
2015-10-20,74.870003,75.050003,74.160004,74.43,54.810936,8531900
2015-10-21,73.75,74.540001,73.5,73.589996,54.679428,8302100
2015-10-22,73.860001,75.610001,73.610001,74.849998,55.615623,14080900
2015-10-23,76.760002,78.449997,76.309998,77.029999,57.235435,16451200
2015-10-26,77.0,77.900002,77.0,77.489998,57.577232,11464700
2015-10-27,77.120003,77.360001,76.809998,77.290001,57.428635,9423400
2015-10-28,77.389999,77.540001,75.690002,76.510002,56.849068,10178400
2015-10-29,76.75,77.190002,76.239998,77.019997,57.228027,8230700
2015-10-30,76.980003,77.139999,76.379997,76.379997,56.752468,9547700
2015-11-02,76.57,76.769997,76.050003,76.599998,56.915943,7152900
2015-11-03,76.300003,77.419998,75.959999,77.050003,57.250324,8013200
2015-11-04,77.029999,77.139999,76.510002,77.059998,57.25774,6375400
2015-11-05,77.089996,77.260002,75.959999,76.389999,56.759892,6860900
2015-11-06,75.879997,76.0,74.690002,75.57,56.15062,9483500
2015-11-09,75.190002,75.629997,74.93,75.400002,56.024307,8607200
2015-11-10,75.379997,76.239998,75.230003,75.769997,56.299213,6551000
2015-11-11,76.019997,76.43,75.919998,75.959999,56.440392,5295900
2015-11-12,75.669998,76.010002,74.660004,74.660004,55.474453,7678600
2015-11-13,74.639999,74.980003,73.949997,73.959999,54.954357,8468800
2015-11-16,74.25,75.330002,74.010002,75.300003,55.949993,7410600
2015-11-17,75.330002,76.010002,74.870003,75.07,55.779087,8761800
2015-11-18,74.980003,75.959999,74.809998,75.900002,56.395817,6447100
2015-11-19,76.139999,76.959999,76.019997,76.220001,56.633595,7899500
2015-11-20,76.550003,76.860001,75.68,75.82,56.336369,9533200
2015-11-23,75.82,76.059998,75.400002,75.970001,56.447815,9421300
2015-11-24,75.620003,76.690002,75.610001,76.449997,56.804482,7086800
2015-11-25,76.529999,76.739998,75.879997,75.900002,56.395817,4266500
2015-11-27,75.889999,76.370003,75.5,75.699997,56.247215,2390100
2015-11-30,75.580002,75.809998,74.839996,74.839996,55.608219,8935700
2015-12-01,74.870003,76.220001,74.870003,75.940002,56.425537,8391700
2015-12-02,75.730003,76.459999,75.650002,75.790001,56.314068,8104200
2015-12-03,75.830002,76.199997,75.169998,75.739998,56.276905,11177800
2015-12-04,75.980003,77.900002,75.919998,77.830002,57.829857,11961000
2015-12-07,77.540001,78.5,77.540001,78.370003,58.231102,9460000
2015-12-08,77.68,78.5,77.349998,77.75,57.770401,8312700
2015-12-09,77.599998,78.989998,77.440002,77.699997,57.733276,10081900
2015-12-10,77.910004,78.540001,77.57,77.790001,57.800148,8984200
2015-12-11,77.510002,78.330002,77.110001,77.779999,57.792706,12280500
2015-12-14,77.629997,78.529999,77.440002,78.290001,58.17165,12179000
2015-12-15,78.709999,80.0,78.480003,79.68,59.204464,14113400
2015-12-16,79.980003,81.230003,79.800003,80.989998,60.177837,14102600
2015-12-17,80.980003,81.029999,80.199997,80.290001,59.657711,9864200
2015-12-18,79.949997,80.120003,78.129997,78.129997,58.052769,21342100
2015-12-21,78.629997,78.980003,78.150002,78.949997,58.662037,9105800
2015-12-22,79.160004,79.75,78.879997,79.599998,59.145023,9872200
2015-12-23,79.949997,80.43,79.5,79.919998,59.38279,8254600
2015-12-24,79.660004,80.150002,79.599998,79.790001,59.286194,2498000
2015-12-28,79.739998,79.970001,79.470001,79.919998,59.38279,4150000
2015-12-29,80.220001,80.610001,79.849998,80.360001,59.709728,4406100
2015-12-30,80.459999,80.5,80.0,80.07,59.494236,3793200
2015-12-31,79.910004,80.040001,79.309998,79.410004,59.003845,5077700
2016-01-04,78.360001,78.5,77.540001,78.370003,58.231102,11529800
2016-01-05,78.440002,78.959999,78.209999,78.620003,58.416832,8133700
2016-01-06,77.669998,78.290001,77.120003,77.860001,57.85215,9551000
2016-01-07,76.849998,77.599998,76.07,77.18,57.346886,11973900
2016-01-08,77.360001,77.480003,75.669998,75.970001,56.447815,9676400
2016-01-11,76.169998,77.040001,75.599998,76.669998,56.967949,10209200
2016-01-12,77.0,77.019997,75.75,76.510002,56.849068,8774700
2016-01-13,76.970001,76.989998,75.790001,75.849998,56.358669,9310100
2016-01-14,76.099998,76.949997,75.879997,76.150002,56.581573,12835100
2016-01-15,74.5,75.68,74.470001,74.980003,55.712238,17023900
2016-01-19,75.800003,76.910004,75.720001,76.730003,57.012527,13457300
2016-01-20,75.290001,76.089996,74.459999,75.830002,56.834904,17795000
2016-01-21,76.019997,77.18,75.410004,76.720001,57.501942,12712900
2016-01-22,77.400002,77.970001,76.550003,77.360001,57.981609,9465800
2016-01-25,77.199997,77.360001,76.559998,76.849998,57.599384,9870400
2016-01-26,78.0,79.580002,77.540001,78.809998,59.068432,16374800
2016-01-27,78.529999,79.849998,78.150002,78.800003,59.06094,10816100
2016-01-28,79.400002,80.0,78.610001,79.82,59.825405,9895100
2016-01-29,79.980003,82.0,79.830002,81.690002,61.226986,19895000
2016-02-01,81.209999,81.400002,80.529999,81.120003,60.799774,9657200
2016-02-02,80.089996,80.540001,79.809998,80.220001,60.125225,9116400
2016-02-03,80.480003,81.239998,80.019997,81.099998,60.784798,10149600
2016-02-04,80.849998,81.099998,80.330002,80.699997,60.48497,8295100
2016-02-05,80.580002,81.199997,80.57,81.199997,60.859737,9957600
2016-02-08,80.290001,82.720001,80.290001,82.620003,61.924038,16530200
2016-02-09,81.830002,83.0,81.019997,82.639999,61.939014,14308900
2016-02-10,82.910004,83.0,81.459999,81.620003,61.174538,10585400
2016-02-11,80.389999,80.989998,79.629997,79.900002,59.885376,12343900
2016-02-12,80.360001,81.019997,79.790001,80.989998,60.702351,9306100
2016-02-16,81.989998,81.989998,80.839996,81.470001,61.062096,9352600
2016-02-17,81.650002,82.830002,81.510002,82.449997,61.7966,10892900
2016-02-18,82.230003,82.32,81.209999,81.980003,61.444363,7702600
2016-02-19,81.959999,82.260002,81.400002,81.790001,61.301956,7709600
2016-02-22,81.790001,82.669998,81.709999,82.129997,61.556759,6916500
2016-02-23,82.0,82.459999,81.610001,81.809998,61.316936,5840600
2016-02-24,81.260002,81.639999,80.660004,81.559998,61.129559,6759800
2016-02-25,81.699997,82.339996,81.470001,82.339996,61.714165,6789700
2016-02-26,82.519997,82.650002,80.949997,81.099998,60.784798,9281100
2016-02-29,81.099998,81.349998,80.209999,80.290001,60.177681,11065300
2016-03-01,80.540001,81.360001,80.529999,81.230003,60.882214,9483900
2016-03-02,81.580002,82.660004,80.849998,82.550003,61.871574,12096600
2016-03-03,82.540001,82.93,82.18,82.839996,62.088921,8747100
2016-03-04,82.620003,83.739998,82.260002,83.489998,62.576084,9406700
2016-03-07,83.18,83.699997,83.0,83.099998,62.283794,6792400
2016-03-08,82.970001,83.75,82.669998,83.059998,62.253784,7788400
2016-03-09,83.300003,83.690002,82.68,82.959999,62.178875,8954800
2016-03-10,83.129997,83.230003,81.75,82.279999,61.669205,10385600
2016-03-11,82.75,82.800003,81.440002,81.75,61.271957,11109500
2016-03-14,81.57,81.849998,80.68,81.169998,60.837257,12389300
2016-03-15,81.0,81.459999,80.760002,81.309998,60.942184,9297800
2016-03-16,81.309998,81.800003,80.480003,81.339996,60.964661,9490300
2016-03-17,81.290001,83.230003,81.279999,82.75,62.021458,12061500
2016-03-18,82.860001,83.5,82.440002,83.150002,62.321289,33635200
2016-03-21,83.120003,83.870003,82.910004,83.32,62.448689,8625600
2016-03-22,83.279999,83.32,82.489998,82.739998,62.013977,7205900
2016-03-23,82.720001,83.489998,82.580002,82.82,62.073929,5594600
2016-03-24,82.459999,83.120003,82.43,82.889999,62.126423,6645700
2016-03-28,82.989998,83.449997,82.519997,82.620003,61.924038,4988500
2016-03-29,82.660004,83.089996,82.160004,82.800003,62.058933,6731400
2016-03-30,83.089996,83.360001,82.650002,82.68,61.968983,6925400
2016-03-31,82.75,83.0,82.150002,82.309998,61.691677,6819200
2016-04-01,82.0,83.620003,81.93,83.529999,62.606083,8028600
2016-04-04,83.650002,83.650002,83.029999,83.209999,62.366219,5593400
2016-04-05,83.160004,83.559998,82.989998,83.160004,62.328751,5259100
2016-04-06,83.139999,83.839996,83.080002,83.809998,62.815933,6292100
2016-04-07,83.239998,83.68,82.870003,83.239998,62.388714,6655900
2016-04-08,83.440002,83.449997,82.769997,83.199997,62.358727,5453000
2016-04-11,83.029999,83.339996,82.660004,82.730003,62.006432,7081500
2016-04-12,82.709999,83.209999,82.449997,82.830002,62.081444,7081600
2016-04-13,83.050003,83.43,81.839996,82.459999,61.804119,11738600
2016-04-14,81.949997,82.370003,81.540001,82.010002,61.970333,6904400
2016-04-15,82.050003,82.43,81.849998,82.300003,62.189503,7299300
2016-04-18,82.300003,82.989998,82.019997,82.830002,62.589977,5628000
2016-04-19,82.910004,83.699997,82.849998,83.279999,62.929996,6606100
2016-04-20,83.290001,83.339996,81.480003,81.550003,61.622757,9124200
2016-04-21,81.040001,81.309998,80.550003,80.800003,61.056026,8802100
2016-04-22,80.400002,80.949997,79.910004,80.949997,61.169365,8027700
2016-04-25,80.919998,81.480003,80.419998,81.410004,61.516956,7672800
2016-04-26,81.5,81.5,79.209999,79.550003,60.111462,13742300
2016-04-27,79.470001,80.150002,79.099998,79.889999,60.368404,7689700
2016-04-28,79.480003,80.269997,79.389999,79.760002,60.270157,7615900
2016-04-29,79.669998,80.150002,79.370003,80.120003,60.542198,9391000
2016-05-02,80.019997,81.300003,80.019997,80.970001,61.18449,7862600
2016-05-03,80.800003,81.699997,80.690002,81.099998,61.282703,7617500
2016-05-04,80.870003,81.769997,80.870003,81.599998,61.660534,7365900
2016-05-05,81.599998,82.089996,80.919998,81.300003,61.433834,6399500
2016-05-06,81.419998,82.25,81.169998,82.129997,62.061031,6297200
2016-05-09,82.209999,82.730003,81.970001,82.120003,62.053493,6718800
2016-05-10,82.150002,82.68,82.120003,82.480003,62.325512,6222400
2016-05-11,82.5,82.889999,82.129997,82.150002,62.076157,5975000
2016-05-12,82.480003,82.739998,82.110001,82.410004,62.272587,4925000
2016-05-13,82.419998,82.419998,81.0,81.230003,61.380939,6579000
2016-05-16,81.010002,81.889999,80.75,81.629997,61.683197,6497200
2016-05-17,81.639999,82.059998,80.330002,80.620003,60.920017,10188200
2016-05-18,80.589996,80.769997,79.410004,79.849998,60.338154,8344100
2016-05-19,79.639999,80.220001,79.449997,80.190002,60.595062,6242500
2016-05-20,80.440002,80.5,79.790001,80.019997,60.466606,6526800
2016-05-23,80.050003,80.330002,79.849998,80.199997,60.602612,5620600
2016-05-24,80.300003,81.379997,80.300003,80.970001,61.18449,6293300
2016-05-25,81.080002,81.769997,81.010002,81.480003,61.569855,6049800
2016-05-26,81.480003,81.599998,81.089996,81.220001,61.373405,4622300
2016-05-27,81.269997,81.660004,81.160004,81.43,61.532082,4322200
2016-05-31,81.580002,81.82,80.739998,81.040001,61.237358,6705000
2016-06-01,80.949997,81.800003,80.860001,81.790001,61.804119,6184100
2016-06-02,81.529999,81.949997,81.330002,81.949997,61.924999,5186300
2016-06-03,81.93,82.489998,81.779999,82.470001,62.317959,6306700
2016-06-06,82.400002,82.830002,82.230003,82.769997,62.544636,5292300
2016-06-07,82.760002,82.889999,82.25,82.32,62.204601,6327500
2016-06-08,82.370003,82.75,82.019997,82.650002,62.45396,4712600
2016-06-09,82.580002,83.260002,82.43,83.169998,62.846893,6144900
2016-06-10,82.769997,83.339996,82.610001,83.199997,62.86956,6840800
2016-06-13,82.959999,83.400002,82.529999,82.57,62.393517,6167400
2016-06-14,82.550003,83.370003,82.269997,83.349998,62.982922,6868600
2016-06-15,83.400002,83.5,82.82,82.949997,62.680656,7082200
2016-06-16,82.669998,83.610001,82.660004,83.410004,63.028244,6630100
2016-06-17,83.309998,83.440002,82.349998,83.129997,62.816666,11741700
2016-06-20,83.519997,83.699997,83.029999,83.040001,62.748634,6164300
2016-06-21,83.089996,83.779999,83.089996,83.410004,63.028244,6594700
2016-06-22,83.5,83.760002,83.290001,83.57,63.14917,4940100
2016-06-23,83.809998,84.209999,83.57,84.209999,63.632767,7361300
2016-06-24,82.610001,83.82,81.989998,82.260002,62.159264,12401100
2016-06-27,81.830002,81.889999,81.0,81.230003,61.380939,9601800
2016-06-28,81.440002,82.489998,80.949997,82.459999,62.310406,9257100
2016-06-29,82.959999,83.910004,82.910004,83.910004,63.406071,7927500
2016-06-30,83.910004,84.800003,83.82,84.669998,63.980358,10969300
2016-07-01,84.519997,84.989998,84.510002,84.779999,64.063507,9531100
2016-07-05,84.480003,85.949997,84.449997,85.440002,64.56221,11403100
2016-07-06,85.370003,85.5,84.739998,85.029999,64.25238,8356500
2016-07-07,85.230003,85.239998,84.529999,84.830002,64.10125,7905700
2016-07-08,84.980003,85.900002,84.769997,85.769997,64.811562,6827300
2016-07-11,85.610001,85.949997,84.910004,85.75,64.796463,6156800
2016-07-12,85.489998,85.940002,85.190002,85.75,64.796463,6649800
2016-07-13,85.809998,86.150002,85.410004,85.889999,64.90226,7572100
2016-07-14,86.440002,86.889999,85.849998,85.870003,64.887131,11342600
2016-07-15,86.25,86.480003,85.790001,86.010002,64.992928,8491300
2016-07-18,86.019997,86.050003,85.699997,85.93,64.932442,4781300
2016-07-19,85.669998,86.18,85.559998,86.169998,65.113823,6078200
2016-07-20,85.379997,85.730003,85.129997,85.32,64.976746,6289000
2016-07-21,85.019997,85.370003,84.879997,85.260002,64.931068,5407000
2016-07-22,85.5,85.980003,85.449997,85.720001,65.28138,6165600
2016-07-25,85.529999,85.800003,85.150002,85.800003,65.3423,5605300
2016-07-26,85.68,86.080002,85.169998,85.269997,64.938675,5379300
2016-07-27,85.239998,85.300003,84.32,84.459999,64.321785,7744700
2016-07-28,84.419998,84.980003,84.400002,84.809998,64.588341,5911600
2016-07-29,84.889999,85.790001,84.800003,85.589996,65.182358,7520900
2016-08-01,85.440002,86.580002,85.419998,86.410004,65.806854,10420600
2016-08-02,87.019997,87.150002,86.239998,86.760002,66.073433,13083200
2016-08-03,86.510002,86.720001,85.459999,85.970001,65.471748,8192100
2016-08-04,86.120003,86.529999,85.800003,86.050003,65.532684,5564100
2016-08-05,86.080002,86.440002,85.529999,85.779999,65.327057,6729700
2016-08-08,85.610001,85.900002,85.129997,85.760002,65.311844,5388200
2016-08-09,85.860001,86.339996,85.68,85.989998,65.486992,4158800
2016-08-10,86.260002,86.82,86.0,86.309998,65.730698,5981400
2016-08-11,86.699997,87.0,86.400002,86.730003,66.050545,7387100
2016-08-12,86.919998,87.449997,86.779999,87.040001,66.286644,8063400
2016-08-15,87.519997,87.57,86.989998,87.019997,66.271393,6871200
2016-08-16,86.980003,87.400002,86.470001,86.580002,65.936333,8071100
2016-08-17,86.449997,87.110001,85.970001,86.959999,66.225723,6762100
2016-08-18,86.940002,87.459999,86.940002,87.440002,66.591301,7082800
2016-08-19,87.199997,87.410004,87.050003,87.309998,66.492256,6199900
2016-08-22,87.139999,87.209999,86.580002,86.849998,66.141937,5921100
2016-08-23,87.129997,87.5,87.040001,87.400002,66.560814,5420100
2016-08-24,87.32,87.449997,86.559998,87.309998,66.492256,5713300
2016-08-25,87.300003,87.940002,87.040001,87.900002,66.941574,10595500
2016-08-26,87.870003,88.5,87.169998,87.580002,66.697876,16408200
2016-08-29,87.389999,88.400002,87.32,88.300003,67.246216,8934500
2016-08-30,87.720001,88.300003,87.459999,87.540001,66.667419,11619400
2016-08-31,87.75,87.849998,87.029999,87.309998,66.492256,11407800
2016-09-01,87.360001,88.309998,86.980003,88.309998,67.253822,29793300
2016-09-02,88.480003,88.870003,88.040001,88.199997,67.170044,17470400
2016-09-06,88.25,88.639999,87.879997,88.639999,67.50515,14472100
2016-09-07,88.309998,88.410004,87.709999,87.949997,66.979668,17556400
2016-09-08,87.949997,88.18,87.629997,87.779999,66.850189,23465700
2016-09-09,87.099998,87.169998,86.239998,86.239998,65.677391,21955000
2016-09-12,86.040001,88.379997,85.959999,88.25,67.20813,16105700
2016-09-13,87.550003,87.910004,87.010002,87.050003,66.294243,19682700
2016-09-14,87.120003,87.599998,86.870003,87.010002,66.263786,25397900
2016-09-15,86.75,88.269997,86.75,88.059998,67.063446,13833600
2016-09-16,87.620003,88.110001,87.300003,88.050003,67.055824,23518300
2016-09-19,87.919998,88.949997,87.25,88.370003,67.2995,19173900
2016-09-20,88.5,88.949997,88.18,88.580002,67.45945,33986500
2016-09-21,88.540001,88.790001,86.440002,87.800003,66.86544,55409800
2016-09-22,87.769997,89.300003,87.769997,88.989998,67.77166,52692700
2016-09-23,88.629997,88.940002,87.489998,87.760002,66.834991,48281400
2016-09-26,87.419998,88.43,86.610001,87.849998,66.903519,60276600
2016-09-27,88.059998,88.809998,87.660004,88.360001,67.291901,65150800
2016-09-28,88.980003,89.730003,88.470001,89.459999,68.129616,89806000
2016-09-29,89.160004,89.269997,87.540001,88.230003,67.192902,74587500
2016-09-30,88.300003,90.220001,88.290001,89.75,68.350494,123735700
2016-10-03,89.349998,89.449997,88.410004,88.660004,67.52037,26789500
2016-10-04,88.290001,88.68,87.949997,88.349998,67.284271,23317600
2016-10-05,88.480003,89.0,88.209999,88.849998,67.665085,64580300
2016-10-06,88.610001,89.730003,88.470001,89.220001,67.946861,61462800
2016-10-07,89.010002,90.050003,88.300003,90.0,68.540871,20518800
2016-10-10,90.190002,90.330002,88.779999,89.059998,67.824982,15492400
2016-10-11,88.830002,89.120003,88.199997,88.540001,67.428978,11723100
2016-10-12,88.739998,89.010002,88.330002,88.57,67.451851,17118000
2016-10-13,88.050003,88.57,87.599998,88.239998,67.200516,11158100
2016-10-14,88.5,88.959999,88.220001,88.43,67.345207,7369000
2016-10-17,88.43,88.650002,87.709999,87.830002,66.888268,7610600
2016-10-18,88.209999,88.269997,87.440002,87.449997,66.598869,10749500
2016-10-19,86.650002,86.82,85.440002,85.540001,65.647247,12788800
2016-10-20,85.379997,85.519997,84.790001,84.93,65.179115,10175100
2016-10-21,84.410004,84.860001,84.239998,84.330002,64.718636,13974100
2016-10-24,84.389999,84.699997,84.059998,84.099998,64.54213,10573200
2016-10-25,87.489998,88.080002,86.970001,86.970001,66.74469,20761200
2016-10-26,86.910004,87.739998,86.779999,87.400002,67.074699,8464100
2016-10-27,87.510002,87.599998,86.449997,86.580002,66.445404,6598300
2016-10-28,86.870003,87.230003,86.449997,86.839996,66.644897,7021100
2016-10-31,87.010002,87.470001,86.690002,86.800003,66.614235,8207100
2016-11-01,86.580002,86.989998,86.480003,86.849998,66.652611,8564500
2016-11-02,86.769997,87.410004,86.559998,86.739998,66.568176,7773200
2016-11-03,86.800003,86.980003,86.470001,86.599998,66.460739,6899900
2016-11-04,86.690002,86.730003,85.07,85.080002,65.294243,9378100
2016-11-07,86.019997,86.57,85.599998,86.559998,66.430046,8878500
2016-11-08,86.769997,87.690002,86.589996,87.459999,67.12075,7674600
2016-11-09,85.260002,86.540001,84.309998,85.93,65.946556,11972500
2016-11-10,85.510002,85.699997,82.18,82.959999,63.667244,22095000
2016-11-11,82.669998,84.059998,82.650002,83.580002,64.143066,8905700
2016-11-14,83.559998,83.779999,82.760002,83.0,63.697941,12862500
2016-11-15,84.580002,84.580002,82.879997,83.620003,64.173759,9464000
2016-11-16,83.980003,84.199997,83.169998,83.190002,63.843727,8542900
2016-11-17,83.269997,83.5,82.93,83.07,63.751637,9083700
2016-11-18,82.919998,83.099998,81.989998,82.0,62.930489,14565500
2016-11-21,82.0,82.75,81.709999,82.639999,63.421665,11482100
2016-11-22,83.010002,83.18,82.660004,82.760002,63.513744,7426500
2016-11-23,82.589996,82.93,82.519997,82.68,63.452358,7693300
2016-11-25,82.989998,83.459999,82.949997,83.459999,64.050949,3882900
2016-11-28,83.129997,83.360001,82.760002,83.07,63.751637,6990100
2016-11-29,83.419998,83.480003,82.690002,82.889999,63.613518,6183100
2016-11-30,82.519997,82.830002,82.260002,82.459999,63.28352,12115500
2016-12-01,82.209999,82.32,81.18,81.860001,62.823063,12516900
2016-12-02,82.349998,82.68,82.07,82.400002,63.23748,9079400
2016-12-05,82.559998,83.080002,82.480003,82.989998,63.690258,8597500
2016-12-06,83.239998,83.25,82.610001,82.910004,63.628872,7327200
2016-12-07,82.739998,84.279999,82.709999,84.18,64.603531,8567700
2016-12-08,83.790001,84.18,83.5,83.5,64.08165,7522800
2016-12-09,83.519997,84.400002,83.470001,84.370003,64.749359,8004500
2016-12-12,84.209999,85.18,84.209999,85.129997,65.332596,7494100
2016-12-13,84.669998,85.360001,84.529999,85.18,65.370972,11795900
2016-12-14,85.290001,85.739998,84.169998,84.370003,64.749359,12292200
2016-12-15,84.150002,84.800003,83.610001,84.68,64.987259,8768100
2016-12-16,84.900002,85.120003,84.150002,84.68,64.987259,21172400
2016-12-19,84.75,84.980003,84.32,84.709999,65.010269,6431200
2016-12-20,84.57,84.709999,84.190002,84.57,64.902817,7485400
2016-12-21,84.190002,84.730003,84.120003,84.279999,64.68026,6099300
2016-12-22,84.0,84.610001,83.870003,84.470001,64.82608,7864800
2016-12-23,84.68,85.18,84.550003,84.959999,65.202126,5284200
2016-12-27,84.900002,84.940002,84.419998,84.599998,64.92585,3782600
2016-12-28,84.400002,84.629997,83.949997,84.07,64.519104,4298800
2016-12-29,84.239998,84.489998,84.099998,84.349998,64.733994,3718300
2016-12-30,84.169998,84.449997,83.919998,84.080002,64.526787,6209800
2017-01-03,83.879997,84.389999,83.5,84.199997,64.618889,8792700
2017-01-04,84.449997,84.599998,84.239998,84.5,64.849091,8096700
2017-01-05,84.410004,85.43,84.379997,85.059998,65.278893,6852400
2017-01-06,84.940002,85.25,84.620003,85.029999,65.255836,4799900
2017-01-09,84.059998,84.660004,83.75,84.400002,64.772354,11000600
2017-01-10,84.339996,84.43,83.239998,83.489998,64.073975,10918200
2017-01-11,83.389999,83.75,83.279999,83.75,64.273514,9572300
2017-01-12,83.709999,83.879997,83.370003,83.839996,64.342575,6545400
2017-01-13,83.849998,84.019997,83.440002,84.010002,64.473083,6762800
2017-01-17,83.900002,85.580002,83.879997,85.209999,65.39399,13145100
2017-01-18,84.800003,85.300003,84.589996,84.93,65.695671,10520400
2017-01-19,84.629997,85.0,84.279999,84.699997,65.517769,14074500
2017-01-20,86.889999,87.980003,86.419998,87.449997,67.644951,22944400
2017-01-23,87.089996,87.349998,86.849998,86.959999,67.265938,9408900
2017-01-24,87.220001,87.949997,87.220001,87.860001,67.96209,8704700
2017-01-25,87.839996,87.900002,87.059998,87.160004,67.420654,8082900
2017-01-26,87.120003,87.230003,86.589996,86.599998,66.987465,6542300
2017-01-27,86.449997,86.849998,86.019997,86.720001,67.080276,9332300
2017-01-30,86.779999,86.860001,86.5,86.75,67.103508,7350000
2017-01-31,86.629997,87.660004,86.529999,87.599998,67.760971,9712400
2017-02-01,87.029999,87.589996,86.75,87.330002,67.552139,8291000
2017-02-02,87.610001,88.349998,87.25,87.760002,67.884758,8997200
2017-02-03,88.120003,88.169998,87.389999,87.410004,67.614006,7161900
2017-02-06,87.5,87.790001,87.129997,87.400002,67.60627,7483000
2017-02-07,87.639999,88.279999,87.480003,88.010002,68.078125,6646100
2017-02-08,88.07,88.339996,87.809998,88.330002,68.325668,6815800
2017-02-09,88.330002,88.779999,88.029999,88.669998,68.588654,9914100
2017-02-10,88.559998,88.730003,87.970001,87.970001,68.04718,11057600
2017-02-13,88.040001,88.360001,87.639999,88.309998,68.310173,6905100
2017-02-14,88.0,88.220001,87.230003,87.860001,67.96209,20123400
2017-02-15,89.809998,91.150002,89.809998,91.120003,70.48378,25847700
2017-02-16,90.919998,91.120003,90.540001,90.790001,70.228531,12408500
2017-02-17,90.610001,91.360001,90.449997,91.089996,70.460579,12152400
2017-02-21,90.580002,91.800003,90.580002,91.669998,70.909233,9018700
2017-02-22,91.449997,91.800003,91.25,91.440002,70.731323,6749900
2017-02-23,91.610001,91.800003,90.910004,91.129997,70.491531,7611600
2017-02-24,90.970001,91.339996,90.669998,91.050003,70.429649,6643400
2017-02-27,90.529999,90.910004,90.059998,90.889999,70.305885,11840300
2017-02-28,90.900002,91.790001,90.650002,91.07,70.445129,10535600
2017-03-01,91.050003,91.889999,90.709999,91.660004,70.901505,8792200
2017-03-02,91.400002,91.589996,90.879997,90.910004,70.321365,7031200
2017-03-03,90.910004,90.910004,89.889999,90.5,70.004211,8334900
2017-03-06,89.889999,90.510002,89.589996,90.370003,69.903664,9533800
2017-03-07,90.139999,90.489998,90.059998,90.290001,69.841774,5363000
2017-03-08,90.019997,90.349998,89.760002,90.139999,69.725731,5503700
2017-03-09,90.139999,90.489998,90.099998,90.339996,69.880455,5587400
2017-03-10,90.800003,91.160004,90.650002,91.07,70.445129,6797800
2017-03-13,91.059998,91.489998,90.849998,91.309998,70.630737,7397500
2017-03-14,91.260002,91.589996,90.82,91.0,70.390991,6686400
2017-03-15,91.0,91.779999,90.730003,91.400002,70.700394,7855300
2017-03-16,91.440002,91.720001,91.099998,91.440002,70.731323,6601200
2017-03-17,91.449997,92.0,90.919998,91.0,70.390991,37010100
2017-03-20,90.959999,91.410004,90.940002,91.220001,70.561165,7772900
2017-03-21,91.300003,91.75,91.029999,91.190002,70.537949,8211000
2017-03-22,91.309998,91.800003,90.75,90.989998,70.383224,7798000
2017-03-23,90.910004,91.459999,90.599998,90.769997,70.213074,6831400
2017-03-24,90.769997,90.919998,90.209999,90.57,70.058372,9252000
2017-03-27,90.449997,90.720001,90.18,90.489998,69.99649,10072000
2017-03-28,90.169998,91.059998,90.129997,90.760002,70.205322,11855800
2017-03-29,90.559998,90.870003,90.389999,90.599998,70.081551,4252800
2017-03-30,90.5,90.57,90.099998,90.199997,69.772163,3691900
2017-03-31,90.029999,90.339996,89.839996,89.849998,69.501411,6942400
2017-04-03,89.860001,90.059998,89.449997,89.68,69.369919,6967400
2017-04-04,89.75,89.959999,89.419998,89.910004,69.547836,5680800
2017-04-05,90.0,90.5,89.760002,89.970001,69.594254,6320100
2017-04-06,89.769997,89.809998,89.309998,89.400002,69.15332,7231500
2017-04-07,89.459999,89.610001,89.18,89.230003,69.021835,4739100
2017-04-10,89.129997,89.68,88.75,89.489998,69.222946,5956000
2017-04-11,89.660004,89.82,89.290001,89.800003,69.462769,5186000
2017-04-12,89.699997,90.419998,89.559998,90.309998,69.857246,6286300
2017-04-13,90.050003,90.540001,89.790001,90.029999,69.640633,5040100
2017-04-17,90.230003,90.589996,90.129997,90.389999,69.919136,6931700
2017-04-18,90.400002,91.129997,90.339996,90.800003,70.236275,7087800
2017-04-19,90.099998,90.449997,89.5,89.599998,69.838753,6919000
2017-04-20,89.699997,89.699997,89.309998,89.330002,69.628319,6983500
2017-04-21,89.169998,89.279999,88.610001,88.620003,69.07489,9061200
2017-04-24,89.120003,89.660004,89.010002,89.550003,69.799759,8338500
2017-04-25,89.580002,90.25,89.470001,90.0,70.150528,9088400
2017-04-26,89.849998,90.0,87.610001,87.739998,68.388962,11951300
2017-04-27,87.580002,88.239998,87.230003,87.690002,68.349983,8517500
2017-04-28,87.519997,87.589996,87.150002,87.330002,68.069405,8295400
2017-05-01,87.379997,87.599998,87.080002,87.089996,67.882324,4546600
2017-05-02,87.290001,87.290001,86.019997,86.220001,67.204208,13197500
2017-05-03,86.300003,86.629997,85.900002,86.43,67.367905,6122000
2017-05-04,86.849998,87.239998,86.300003,86.449997,67.383492,5986200
2017-05-05,86.540001,86.610001,86.129997,86.5,67.422462,4506200
2017-05-08,86.330002,86.620003,86.239998,86.550003,67.461426,4634600
2017-05-09,86.800003,86.82,86.220001,86.400002,67.344513,9577600
2017-05-10,86.480003,86.790001,86.389999,86.489998,67.41468,6178500
2017-05-11,86.610001,86.629997,85.879997,86.169998,67.165245,6064700
2017-05-12,86.239998,86.32,85.919998,86.190002,67.180847,5892400
2017-05-15,86.650002,86.709999,86.25,86.330002,67.289955,5820700
2017-05-16,86.879997,87.0,86.190002,86.239998,67.21978,6554500
2017-05-17,86.239998,86.629997,85.93,86.260002,67.23539,7805800
2017-05-18,86.18,86.220001,85.519997,85.870003,66.931404,6985600
2017-05-19,86.0,86.379997,85.669998,86.239998,67.21978,7320700
2017-05-22,86.25,86.400002,86.029999,86.209999,67.196404,4260000
2017-05-23,86.279999,86.540001,85.980003,86.080002,67.095078,4394200
2017-05-24,86.449997,86.650002,86.209999,86.5,67.422462,4878800
2017-05-25,86.580002,86.980003,86.550003,86.860001,67.703049,4368000
2017-05-26,86.93,87.379997,86.82,87.25,68.007027,4337000
2017-05-30,87.25,87.610001,87.099998,87.400002,68.123978,4594500
2017-05-31,87.669998,88.349998,87.449997,88.089996,68.661781,10146600
2017-06-01,88.019997,88.139999,87.370003,88.129997,68.692986,6251300
2017-06-02,88.400002,88.68,88.010002,88.589996,69.051506,6136400
2017-06-05,88.300003,88.760002,88.0,88.739998,69.168434,4115300
2017-06-06,88.760002,88.970001,88.449997,88.800003,69.215187,6503000
2017-06-07,88.68,88.889999,88.400002,88.769997,69.191795,4781600
2017-06-08,88.769997,88.800003,87.360001,87.849998,68.474724,7712100
2017-06-09,87.849998,88.209999,87.550003,88.160004,68.716354,9696900
2017-06-12,88.160004,88.660004,88.089996,88.239998,68.778694,7867700
2017-06-13,88.360001,88.400002,87.769997,88.059998,68.638405,6419300
2017-06-14,88.489998,88.75,88.059998,88.440002,68.934593,6183900
2017-06-15,88.230003,89.620003,88.230003,89.379997,69.667274,7047500
2017-06-16,89.720001,89.769997,88.809998,89.660004,69.885544,13855000
2017-06-19,89.599998,89.860001,89.199997,89.860001,70.04142,5246200
2017-06-20,89.769997,90.209999,89.610001,89.629997,69.862106,5674200
2017-06-21,89.620003,89.949997,89.290001,89.400002,69.682869,4164500
2017-06-22,89.269997,89.410004,88.900002,89.029999,69.394455,4536700
2017-06-23,89.029999,89.800003,88.900002,89.419998,69.698456,8782100
2017-06-26,89.629997,89.68,89.269997,89.360001,69.651688,4373300
2017-06-27,89.360001,89.360001,88.610001,88.610001,69.067085,5180400
2017-06-28,89.080002,89.209999,88.260002,88.370003,68.88002,4875000
2017-06-29,88.019997,88.220001,86.93,86.989998,67.80439,8123500
2017-06-30,87.050003,87.470001,87.0,87.150002,67.929108,6070300
2017-07-03,87.400002,88.0,87.18,87.739998,68.388962,3607400
2017-07-05,87.860001,88.0,87.489998,87.669998,68.334404,4974300
2017-07-06,87.650002,87.949997,87.360001,87.370003,68.100578,6038900
2017-07-07,87.690002,87.82,87.279999,87.650002,68.31881,5142200
2017-07-10,87.629997,87.870003,86.889999,87.089996,67.882324,5356400
2017-07-11,87.230003,87.449997,86.309998,86.769997,67.632912,5838600
2017-07-12,87.239998,87.470001,86.830002,86.959999,67.781006,4374200
2017-07-13,86.769997,87.050003,86.5,86.699997,67.578346,5448900
2017-07-14,86.959999,87.290001,86.730003,87.099998,67.890137,4577700
2017-07-17,87.07,87.910004,86.739998,87.550003,68.240875,5227800
2017-07-18,87.610001,88.760002,87.459999,88.639999,69.090477,7492300
2017-07-19,87.870003,88.410004,87.599998,88.349998,69.404701,6008500
2017-07-20,88.32,89.309998,88.309998,88.599998,69.601097,7285000
2017-07-21,88.160004,88.68,87.809998,88.610001,69.608955,5714800
2017-07-24,88.550003,88.599998,87.970001,88.18,69.271156,6202000
2017-07-25,88.669998,89.199997,88.540001,89.139999,70.025299,6766700
2017-07-26,89.0,89.419998,88.870003,89.300003,70.151001,6987000
2017-07-27,90.290001,90.75,89.0,90.68,71.235085,11089200
2017-07-28,90.559998,91.0,89.959999,90.209999,70.865868,6137500
2017-07-31,90.209999,91.07,90.209999,90.82,71.345062,7835700
2017-08-01,91.029999,91.730003,90.720001,91.099998,71.565002,8662100
2017-08-02,90.970001,91.300003,90.529999,91.040001,71.517883,7167700
2017-08-03,90.860001,91.75,90.82,90.860001,71.376488,6413200
2017-08-04,90.690002,91.080002,90.529999,90.669998,71.227211,5824400
2017-08-07,90.669998,91.559998,90.519997,91.440002,71.832108,5011300
2017-08-08,91.400002,91.940002,91.230003,91.580002,71.942101,5623400
2017-08-09,91.519997,91.940002,91.519997,91.919998,72.209167,5572800
2017-08-10,91.860001,92.0,91.690002,91.739998,72.067764,6338200
2017-08-11,91.940002,92.080002,91.290001,91.339996,71.753555,7094200
2017-08-14,91.540001,91.949997,91.25,91.650002,71.997063,5398400
2017-08-15,91.910004,92.360001,91.879997,92.199997,72.429131,5293400
2017-08-16,92.290001,92.949997,92.190002,92.440002,72.617676,7965500
2017-08-17,92.400002,92.669998,92.07,92.07,72.327011,5711400
2017-08-18,91.980003,92.779999,91.849998,92.470001,72.641228,6815000
2017-08-21,92.379997,92.959999,92.360001,92.860001,72.947609,4334300
2017-08-22,92.910004,92.959999,92.589996,92.790001,72.892616,4731500
2017-08-23,92.5,92.660004,92.279999,92.440002,72.617676,3631900
2017-08-24,92.440002,92.57,92.040001,92.269997,72.4841,5173700
2017-08-25,92.650002,92.860001,92.410004,92.510002,72.672668,4933000
2017-08-28,92.519997,92.709999,91.980003,92.470001,72.641228,5386500
2017-08-29,92.480003,92.690002,92.239998,92.32,72.523384,3676300
2017-08-30,92.080002,92.080002,91.660004,91.870003,72.169899,4709600
2017-08-31,91.889999,92.389999,91.839996,92.269997,72.4841,5864400
2017-09-01,92.419998,92.660004,92.260002,92.529999,72.688377,4960700
2017-09-05,92.18,92.739998,92.040001,92.720001,72.837624,6532100
2017-09-06,92.790001,92.910004,92.360001,92.720001,72.837624,6747200
2017-09-07,92.739998,93.360001,92.330002,92.970001,73.034027,7735400
2017-09-08,92.760002,93.150002,92.510002,92.839996,72.931915,6070100
2017-09-11,93.089996,94.190002,92.900002,93.989998,73.835297,10177300
2017-09-12,93.720001,93.980003,93.209999,93.510002,73.458229,5804000
2017-09-13,93.5,93.769997,93.449997,93.550003,73.489647,5369300
2017-09-14,93.230003,93.650002,93.18,93.550003,73.489647,5492300
2017-09-15,93.82,93.82,92.82,93.269997,73.269691,12428800
2017-09-18,93.169998,93.5,92.860001,93.150002,73.175415,6177700
2017-09-19,93.339996,94.449997,93.339996,94.169998,73.976685,6587200
2017-09-20,94.169998,94.669998,93.830002,94.400002,74.157379,5941500
2017-09-21,94.150002,94.5,92.449997,92.639999,72.77478,9376700
2017-09-22,92.550003,93.0,92.080002,92.239998,72.460556,6837700
2017-09-25,92.43,93.089996,92.330002,92.720001,72.837624,6436200
2017-09-26,92.82,92.849998,92.199997,92.650002,72.782646,4885200
2017-09-27,92.519997,92.519997,90.339996,90.870003,71.384331,9631200
2017-09-28,90.860001,91.120003,90.629997,90.889999,71.400032,4999800
2017-09-29,90.970001,91.43,90.699997,90.980003,71.470718,6634500
2017-10-02,91.260002,92.400002,91.239998,91.769997,72.091354,7302400
2017-10-03,91.959999,92.339996,91.559998,92.120003,72.366295,5909900
2017-10-04,92.120003,92.800003,92.019997,92.419998,72.601952,6140700
2017-10-05,92.489998,92.650002,91.940002,92.029999,72.295578,6912800
2017-10-06,92.0,92.349998,91.879997,92.330002,72.531265,5241900
2017-10-09,92.400002,92.620003,91.93,92.120003,72.366295,5149000
2017-10-10,92.370003,93.040001,89.860001,91.620003,71.973495,17125600
2017-10-11,91.089996,91.730003,91.07,91.459999,71.847809,7115400
2017-10-12,91.410004,92.309998,91.389999,92.150002,72.389862,5984900
2017-10-13,92.699997,93.510002,92.589996,93.040001,73.089012,6956700
2017-10-16,92.970001,93.370003,92.709999,93.139999,73.167564,4159100
2017-10-17,93.040001,93.089996,92.400002,92.800003,72.900475,5316100
2017-10-18,92.779999,92.949997,92.010002,92.769997,72.876907,7399700
2017-10-19,91.699997,91.989998,91.139999,91.589996,72.489082,8585000
2017-10-20,89.720001,89.959999,87.589996,88.25,69.845634,19997800
2017-10-23,88.629997,88.860001,86.870003,87.300003,69.093765,13358200
2017-10-24,87.370003,87.419998,86.779999,86.980003,68.840485,11519000
2017-10-25,86.900002,87.110001,86.279999,86.860001,68.745522,9024300
2017-10-26,87.190002,87.769997,87.099998,87.5,69.252052,6233800
2017-10-27,87.529999,87.529999,86.449997,87.040001,68.887993,7433800
2017-10-30,86.910004,87.080002,86.160004,86.269997,68.278564,5387100
2017-10-31,86.489998,86.5,85.720001,86.339996,68.333954,7119000
2017-11-01,86.330002,87.139999,86.110001,86.889999,68.769272,4884100
2017-11-02,86.779999,87.040001,86.230003,86.510002,68.468521,5021200
2017-11-03,86.779999,87.160004,86.459999,86.580002,68.523926,5106500
2017-11-06,86.550003,86.639999,86.029999,86.050003,68.104446,5186700
2017-11-07,86.040001,87.0,85.419998,86.980003,68.840485,6875100
2017-11-08,86.989998,87.599998,86.800003,87.580002,69.315392,6910000
2017-11-09,87.349998,88.169998,87.300003,87.779999,69.473663,5280000
2017-11-10,87.989998,88.389999,87.779999,88.160004,69.774437,7227300
2017-11-13,88.669998,89.410004,88.629997,89.0,70.439247,6873500
2017-11-14,88.739998,89.050003,88.470001,88.870003,70.336357,5035500
2017-11-15,88.730003,88.940002,88.0,88.230003,69.829819,6688100
2017-11-16,89.839996,89.900002,88.769997,89.25,70.637093,7205100
2017-11-17,88.949997,89.089996,88.080002,88.43,69.988113,5941800
2017-11-20,88.43,88.559998,87.709999,88.269997,69.861481,4926200
2017-11-21,88.18,89.209999,88.019997,88.720001,70.217628,6196400
2017-11-22,88.5,88.910004,88.059998,88.330002,69.908958,6006900
2017-11-24,88.589996,88.959999,88.419998,88.449997,70.003944,2196700
2017-11-27,88.330002,89.099998,88.150002,88.959999,70.407585,6199700
2017-11-28,89.480003,89.519997,88.910004,89.400002,70.755806,4841300
2017-11-29,89.400002,89.809998,89.029999,89.379997,70.739983,5158900
2017-11-30,89.349998,90.370003,89.209999,89.989998,71.222755,9789900
2017-12-01,90.18,90.529999,89.120003,90.360001,71.515594,7953200
2017-12-04,91.760002,91.910004,89.830002,91.410004,72.346634,9003700
2017-12-05,91.519997,91.839996,91.07,91.400002,72.338722,8683000
2017-12-06,91.389999,91.779999,91.07,91.25,72.219994,6737400
2017-12-07,91.050003,91.07,89.889999,90.099998,71.309845,7273600
2017-12-08,90.019997,90.370003,89.580002,90.370003,71.523521,5883400
2017-12-11,90.230003,90.330002,89.75,90.230003,71.41272,4856000
2017-12-12,90.449997,90.510002,89.82,89.849998,71.111961,6558900
2017-12-13,90.019997,91.410004,89.970001,90.879997,71.927162,7141000
2017-12-14,90.940002,91.43,90.900002,91.0,72.022141,5853500
2017-12-15,91.57,92.269997,91.480003,91.889999,72.726547,15924000
2017-12-18,91.980003,93.139999,91.809998,91.879997,72.71862,7405700
2017-12-19,92.0,92.129997,91.580002,91.68,72.56031,5644400
2017-12-20,91.800003,91.970001,91.349998,91.529999,72.441597,6938500
2017-12-21,91.660004,92.080002,91.529999,91.669998,72.552422,4860400
2017-12-22,91.879997,92.43,91.720001,92.129997,72.916489,4919400
2017-12-26,92.349998,92.769997,92.150002,92.480003,73.193474,3431900
2017-12-27,92.489998,92.75,91.93,92.099998,72.892738,4276700
2017-12-28,92.300003,92.540001,91.910004,92.07,72.868996,3005400
2017-12-29,92.239998,92.459999,91.879997,91.879997,72.71862,4346700
2018-01-02,91.919998,91.93,90.550003,90.650002,71.745148,7558900
2018-01-03,90.730003,91.089996,90.519997,90.540001,71.658066,5863600
2018-01-04,90.830002,91.769997,90.610001,91.18,72.164604,6322500
2018-01-05,91.269997,91.300003,90.57,91.239998,72.212082,5949700
2018-01-08,90.93,91.769997,90.93,91.720001,72.591972,4860700
2018-01-09,91.470001,91.650002,91.010002,91.050003,72.061699,6630100
2018-01-10,90.910004,90.910004,90.010002,90.470001,71.602684,6564700
2018-01-11,90.400002,90.519997,89.919998,90.150002,71.349388,5469700
2018-01-12,90.050003,90.339996,89.349998,89.610001,70.92202,8111000
2018-01-16,90.139999,90.769997,89.639999,90.220001,71.4048,9465300
2018-01-17,90.559998,91.730003,90.43,91.199997,72.180443,8345500
2018-01-18,90.239998,90.650002,89.669998,90.18,71.917259,7699800
2018-01-19,90.279999,91.260002,90.239998,91.07,72.627037,9364000
2018-01-22,90.879997,91.919998,90.769997,91.889999,73.280952,8658000
2018-01-23,89.82,90.209999,88.599998,89.050003,71.016098,18756300
2018-01-24,89.059998,89.160004,87.699997,88.309998,70.425949,15141900
2018-01-25,88.68,89.050003,88.010002,88.339996,70.44989,11264400
2018-01-26,88.169998,88.169998,87.230003,87.730003,69.963425,11503100
2018-01-29,87.690002,87.739998,86.690002,86.860001,69.2696,11685800
2018-01-30,86.82,87.440002,86.629997,86.949997,69.341393,9662900
2018-01-31,86.809998,87.410004,86.080002,86.339996,68.854904,11798100
2018-02-01,86.150002,86.5,85.559998,85.849998,68.464142,8606300
2018-02-02,85.559998,85.610001,84.209999,84.25,67.188171,12846300
2018-02-05,83.989998,84.370003,80.099998,81.059998,64.644173,17462200
2018-02-06,80.529999,82.449997,80.120003,82.379997,65.696861,19955500
2018-02-07,82.300003,83.389999,81.82,81.839996,65.266266,11851800
2018-02-08,82.029999,82.220001,80.150002,80.220001,63.974297,14596100
2018-02-09,80.980003,81.029999,78.589996,79.919998,63.735043,18838800
2018-02-12,80.610001,81.669998,80.580002,81.330002,64.859528,10769000
2018-02-13,81.150002,81.830002,80.910004,81.5,64.995087,9278700
2018-02-14,81.059998,81.260002,80.269997,80.68,64.341148,9412000
2018-02-15,80.970001,82.410004,80.5,82.410004,65.720779,8910700
2018-02-16,82.209999,83.25,82.129997,82.599998,65.87233,10371700
2018-02-20,82.190002,82.220001,81.07,81.339996,64.867493,7087700
2018-02-21,81.309998,81.809998,80.190002,80.239998,63.990257,9134500
2018-02-22,80.470001,81.279999,80.169998,80.839996,64.468727,10277700
2018-02-23,81.010002,81.120003,80.480003,81.050003,64.636208,10321800
2018-02-26,81.449997,81.690002,81.050003,81.629997,65.098755,9422200
2018-02-27,81.889999,82.0,80.510002,80.540001,64.229485,8919600
2018-02-28,80.68,80.790001,78.5,78.519997,62.61858,16862000
2018-03-01,78.400002,79.279999,77.900002,78.699997,62.762127,13504200
2018-03-02,78.480003,79.660004,78.419998,79.5,63.400112,9317700
2018-03-05,79.279999,80.389999,79.150002,80.290001,64.030113,8177000
2018-03-06,80.410004,80.419998,79.370003,80.019997,63.8148,9085300
2018-03-07,79.529999,79.639999,78.900002,79.160004,63.128975,9089500
2018-03-08,79.169998,79.989998,79.019997,79.970001,63.774925,7951700
2018-03-09,80.18,80.75,79.900002,80.290001,64.030113,7662200
2018-03-12,80.230003,80.620003,79.760002,79.860001,63.687214,7182000
2018-03-13,80.0,80.190002,79.360001,79.720001,63.575554,9620200
2018-03-14,79.690002,79.839996,78.860001,79.0,63.001366,8898100
2018-03-15,79.089996,79.139999,78.540001,78.669998,62.738201,6996900
2018-03-16,78.93,79.389999,78.839996,78.970001,62.977448,17715400
2018-03-19,78.970001,79.57,78.269997,78.660004,62.730225,8368200
2018-03-20,78.739998,79.099998,77.959999,78.309998,62.451088,8465500
2018-03-21,78.050003,78.239998,76.879997,77.040001,61.43829,9822800
2018-03-22,76.830002,77.519997,76.370003,76.410004,60.935902,10481600
2018-03-23,76.790001,77.18,75.809998,75.910004,60.537125,11728300
2018-03-26,76.57,76.870003,76.019997,76.410004,60.935902,12937000
2018-03-27,76.529999,78.440002,76.300003,77.790001,62.0364,11288200
2018-03-28,77.949997,79.139999,77.949997,78.839996,62.87376,12857800
2018-03-29,79.43,80.489998,79.18,79.279999,63.224659,10036400
2018-04-02,79.260002,79.370003,77.059998,77.400002,61.725395,12017200
2018-04-03,77.559998,78.800003,77.18,78.459999,62.570724,11933100
2018-04-04,77.82,79.519997,77.589996,79.050003,63.041245,9030800
2018-04-05,79.089996,79.32,78.510002,78.800003,62.841873,7864700
2018-04-06,78.370003,79.360001,77.900002,78.43,62.546818,8300800
2018-04-09,78.800003,78.849998,77.57,78.160004,62.33147,9031200
2018-04-10,78.709999,78.839996,77.940002,78.370003,62.498959,6779000
2018-04-11,78.190002,78.690002,78.040001,78.269997,62.419186,7143500
2018-04-12,78.639999,78.699997,77.790001,77.790001,62.0364,8282300
2018-04-13,78.059998,78.440002,77.720001,78.370003,62.498959,6198500
2018-04-16,78.559998,78.860001,78.040001,78.610001,62.690353,5962200
2018-04-17,78.93,78.940002,78.099998,78.43,62.546818,6492400
2018-04-18,78.580002,78.68,78.019997,78.199997,62.363392,7349400
2018-04-19,75.389999,75.720001,74.199997,74.949997,60.324677,16955600
2018-04-20,74.040001,74.919998,73.739998,73.800003,59.399055,14085000
2018-04-23,73.589996,73.980003,72.760002,73.0,58.755169,13653400
2018-04-24,73.059998,73.330002,72.150002,72.5,58.35273,16551700
2018-04-25,72.410004,72.75,71.949997,72.300003,58.191772,14208800
2018-04-26,72.57,73.010002,72.370003,72.75,58.55394,11204300
2018-04-27,72.529999,73.080002,72.209999,72.809998,58.602253,8144800
2018-04-30,72.910004,72.919998,72.160004,72.339996,58.223965,13076500
2018-05-01,72.050003,72.330002,71.660004,71.959999,57.918121,8103800
2018-05-02,71.940002,72.010002,70.730003,70.940002,57.097153,10830900
2018-05-03,70.809998,71.720001,70.739998,71.360001,57.435177,9386500
2018-05-04,71.379997,72.620003,71.339996,72.43,58.296394,8107400
2018-05-07,72.669998,73.220001,71.889999,71.980003,57.934212,6633600
2018-05-08,72.050003,72.120003,71.110001,71.440002,57.499588,8084100
2018-05-09,71.769997,72.550003,71.739998,72.370003,58.2481,7528400
2018-05-10,72.940002,73.339996,72.690002,73.150002,58.875916,7618500
2018-05-11,73.629997,74.099998,73.050003,73.370003,59.052971,7586200
2018-05-14,73.779999,73.779999,73.089996,73.279999,58.980518,8646900
2018-05-15,73.309998,73.410004,72.599998,72.949997,58.71492,11502800
2018-05-16,72.980003,73.93,72.959999,73.529999,59.181751,8325000
2018-05-17,73.519997,74.0,73.400002,73.959999,59.527843,8053600
2018-05-18,73.980003,74.07,73.110001,73.449997,59.117344,7042700
2018-05-21,73.75,74.25,73.419998,74.059998,59.608337,6428400
2018-05-22,74.459999,74.940002,73.830002,74.029999,59.584187,7744200
2018-05-23,74.019997,74.300003,73.720001,74.18,59.704906,6592500
2018-05-24,74.080002,74.349998,73.589996,73.769997,59.374901,6508900
2018-05-25,73.900002,74.620003,73.75,74.309998,59.809532,7546500
2018-05-29,74.059998,74.699997,73.769997,74.050003,59.600285,8905600
2018-05-30,74.330002,75.019997,74.050003,74.889999,60.276367,8128600
2018-05-31,74.669998,74.690002,72.800003,73.169998,58.891994,15526000
2018-06-01,73.330002,73.739998,72.860001,73.449997,59.117344,7209300
2018-06-04,73.540001,74.620003,73.449997,74.18,59.704906,8743800
2018-06-05,74.279999,74.379997,73.599998,73.970001,59.5359,6910100
2018-06-06,74.07,74.419998,73.720001,74.349998,59.841732,7002900
2018-06-07,74.18,76.389999,74.099998,75.760002,60.976604,13476100
2018-06-08,75.849998,77.209999,75.739998,77.18,62.119507,13625300
2018-06-11,76.970001,77.690002,76.879997,77.529999,62.401211,9049400
2018-06-12,77.82,77.889999,77.110001,77.239998,62.167789,8786000
2018-06-13,77.400002,77.400002,76.199997,76.470001,61.54805,8022400
2018-06-14,76.559998,76.559998,75.699997,75.989998,61.161739,8895200
2018-06-15,76.160004,77.510002,75.919998,77.379997,62.280472,14943500
2018-06-18,76.860001,77.099998,75.389999,75.839996,61.040977,7384900
2018-06-19,75.589996,76.68,75.57,76.330002,61.435379,8514000
2018-06-20,76.349998,76.349998,75.540001,75.849998,61.049038,6603500
2018-06-21,75.529999,77.050003,75.529999,76.440002,61.523903,8691200
2018-06-22,76.790001,77.629997,76.769997,77.43,62.320709,11446400
2018-06-25,77.279999,77.940002,77.18,77.790001,62.61047,11300500
2018-06-26,77.790001,78.309998,77.360001,78.0,62.779491,9558500
2018-06-27,78.110001,78.709999,77.559998,77.690002,62.529984,7873300
2018-06-28,77.860001,78.32,77.660004,78.050003,62.819721,5714400
2018-06-29,77.93,78.540001,77.290001,78.059998,62.827785,7679900
2018-07-02,77.5,78.309998,77.419998,78.129997,62.884132,6092800
2018-07-03,78.540001,78.760002,77.779999,77.900002,62.699005,5897200
2018-07-05,78.139999,79.25,78.120003,79.209999,63.753368,7956100
2018-07-06,79.379997,79.620003,78.900002,79.309998,63.833855,7244000
2018-07-09,78.459999,78.830002,77.779999,77.860001,62.666809,9095900
2018-07-10,78.07,79.940002,77.989998,79.82,64.244339,12773500
2018-07-11,79.629997,79.839996,79.029999,79.160004,63.713154,7851600
2018-07-12,79.339996,79.519997,78.57,78.889999,63.495819,8556800
2018-07-13,79.080002,79.470001,78.900002,79.309998,63.833855,6021300
2018-07-16,79.209999,79.629997,78.830002,79.529999,64.010941,6931200
2018-07-17,79.660004,80.5,79.550003,80.029999,64.413376,8983400
2018-07-18,79.720001,80.209999,79.330002,79.720001,64.163857,9105100
2018-07-19,78.419998,79.190002,77.889999,78.730003,63.942146,8010600
2018-07-20,78.32,79.059998,78.32,78.68,63.901535,8234700
2018-07-23,78.489998,78.940002,78.239998,78.510002,63.763474,5881600
2018-07-24,77.540001,79.010002,77.540001,78.989998,64.153297,8297100
2018-07-25,78.720001,79.599998,78.720001,79.470001,64.543137,6208400
2018-07-26,79.559998,80.769997,79.470001,80.089996,65.046692,9771100
2018-07-27,79.669998,80.830002,79.459999,80.580002,65.444649,7492900
2018-07-30,80.07,80.5,79.839996,80.199997,65.136032,7090700
2018-07-31,80.389999,80.980003,79.43,80.879997,65.688309,9878200
2018-08-01,80.419998,80.82,80.110001,80.650002,65.501495,7556700
2018-08-02,80.800003,82.220001,80.589996,82.0,66.597946,9261700
2018-08-03,82.139999,83.099998,81.919998,82.330002,66.865952,7102800
2018-08-06,82.199997,82.93,82.150002,82.519997,67.020271,5669200
2018-08-07,82.410004,82.68,81.730003,82.639999,67.117737,6418000
2018-08-08,82.099998,82.800003,82.099998,82.349998,66.882202,4891300
2018-08-09,82.440002,82.440002,81.300003,81.400002,66.110641,5167400
2018-08-10,81.300003,81.760002,81.0,81.43,66.13501,5566000
2018-08-13,81.699997,82.080002,81.150002,81.519997,66.208107,5068100
2018-08-14,81.389999,81.720001,81.230003,81.309998,66.037529,6226900
2018-08-15,81.300003,82.370003,80.809998,82.300003,66.841591,8753500
2018-08-16,82.459999,84.0,82.309998,83.690002,67.97052,12368000
2018-08-17,83.730003,84.199997,83.599998,83.690002,67.97052,8409300
2018-08-20,83.889999,83.949997,83.309998,83.639999,67.929893,6795800
2018-08-21,83.57,84.0,83.089996,83.900002,68.141037,8534500
2018-08-22,83.809998,83.849998,83.059998,83.389999,67.726845,5132600
2018-08-23,83.010002,83.599998,82.839996,83.239998,67.605042,4323200
2018-08-24,83.220001,83.550003,83.029999,83.360001,67.702484,5356000
2018-08-27,83.5,83.82,83.019997,83.440002,67.767471,3941500
2018-08-28,83.720001,83.860001,83.32,83.480003,67.799942,5405200
2018-08-29,83.510002,83.760002,83.290001,83.489998,67.808067,4520400
2018-08-30,83.389999,83.739998,83.190002,83.410004,67.743103,4549700
2018-08-31,83.349998,83.529999,82.389999,82.949997,67.369499,6674900
2018-09-04,82.480003,82.959999,82.07,82.699997,67.166466,5800700
2018-09-05,82.110001,83.470001,82.110001,83.290001,67.64563,7651900
2018-09-06,82.910004,83.309998,82.489998,82.650002,67.125832,7541100
2018-09-07,82.099998,82.199997,81.25,81.910004,66.524864,11110900
2018-09-10,82.580002,83.099998,82.339996,82.379997,66.906548,6783000
2018-09-11,82.129997,82.419998,81.629997,82.010002,66.606071,5210300
2018-09-12,81.900002,83.18,81.699997,83.110001,67.499451,5925200
2018-09-13,83.269997,83.489998,82.650002,83.449997,67.775589,5328400
2018-09-14,83.470001,83.669998,82.970001,83.610001,67.905548,5004100
2018-09-17,83.5,84.269997,83.339996,84.25,68.425316,7098800
2018-09-18,84.290001,84.290001,83.580002,84.0,68.222282,6022800
2018-09-19,83.919998,84.290001,83.769997,84.0,68.222282,6157600
2018-09-20,84.290001,85.639999,84.230003,85.360001,69.326828,10053000
2018-09-21,85.809998,86.279999,85.519997,85.82,69.700424,17402500
2018-09-24,85.629997,85.709999,84.230003,84.269997,68.441551,6389400
2018-09-25,84.279999,84.410004,83.080002,83.120003,67.507576,5657200
2018-09-26,83.25,83.989998,83.029999,83.260002,67.6213,6581000
2018-09-27,83.040001,83.629997,82.809998,82.860001,67.29641,6277600
2018-09-28,83.029999,83.290001,82.790001,83.230003,67.596909,5125800
2018-10-01,83.309998,83.720001,83.169998,83.669998,67.954262,4899900
2018-10-02,83.480003,84.440002,83.370003,84.360001,68.514664,7390900
2018-10-03,84.440002,84.519997,82.849998,83.029999,67.434456,7958700
2018-10-04,82.5,82.5,81.099998,81.919998,66.532967,7029900
2018-10-05,81.980003,82.449997,81.980003,82.150002,66.719765,5454600
2018-10-08,81.980003,82.739998,81.75,82.400002,66.922813,7192300
2018-10-09,82.389999,82.720001,82.059998,82.199997,66.760368,6268100
2018-10-10,81.809998,82.68,81.440002,81.440002,66.143143,9295800
2018-10-11,81.639999,81.970001,78.669998,78.870003,64.05584,12560300
2018-10-12,79.370003,79.379997,78.489998,79.059998,64.210159,9878700
2018-10-15,79.010002,80.540001,78.919998,80.129997,65.079185,9691500
2018-10-16,79.910004,81.089996,79.900002,81.010002,65.793892,9462600
2018-10-17,80.760002,82.18,80.379997,81.860001,66.48423,10375300
2018-10-18,80.709999,81.339996,80.0,80.239998,65.74437,9869500
2018-10-19,84.860001,87.760002,84.860001,87.300003,71.528961,30276400
2018-10-22,86.730003,87.239998,85.230003,86.599998,70.955391,14124100
2018-10-23,86.010002,87.300003,86.010002,87.160004,71.414215,16269500
2018-10-24,87.279999,90.699997,87.220001,89.459999,73.298737,26703500
2018-10-25,88.110001,89.330002,87.309998,89.0,72.921837,14647000
2018-10-26,88.690002,89.169998,87.389999,87.860001,71.987785,14335900
2018-10-29,88.290001,89.419998,87.440002,88.239998,72.299126,12878900
2018-10-30,88.849998,89.43,88.209999,89.190002,73.077507,13844000
2018-10-31,88.769997,89.32,87.269997,88.68,72.659645,13362400
2018-11-01,88.809998,89.830002,88.18,89.589996,73.405266,9732400
2018-11-02,89.879997,89.949997,88.980003,89.809998,73.585518,11336000
2018-11-05,89.889999,91.440002,89.82,91.199997,74.724411,12270100
2018-11-06,90.860001,91.529999,90.43,91.510002,74.978424,8857800
2018-11-07,91.589996,91.620003,90.620003,91.290001,74.798141,9019800
2018-11-08,90.949997,91.529999,90.669998,91.360001,74.855507,6614400
2018-11-09,91.349998,92.669998,91.169998,92.410004,75.715813,10713500
2018-11-12,92.209999,93.449997,91.75,92.699997,75.953423,12522100
2018-11-13,91.970001,93.57,91.589996,93.470001,76.58432,13438700
2018-11-14,93.419998,93.900002,92.989998,93.489998,76.600693,11623000
2018-11-15,93.330002,93.900002,92.720001,93.830002,76.879288,12506000
2018-11-16,93.82,94.809998,93.669998,93.82,76.871086,13013500
2018-11-19,93.720001,94.190002,92.910004,93.290001,76.436806,9458300
2018-11-20,93.239998,93.790001,91.860001,92.099998,75.461823,12074000
2018-11-21,91.660004,92.370003,91.239998,91.410004,74.896469,8911800
2018-11-23,91.25,91.989998,90.629997,91.540001,75.002975,4399600
2018-11-26,91.150002,92.400002,91.150002,91.940002,75.330704,8171400
2018-11-27,91.93,92.860001,91.849998,92.720001,75.969803,9023400
2018-11-28,92.629997,93.220001,92.209999,93.010002,76.207413,8093700
2018-11-29,92.860001,93.300003,92.660004,92.82,76.051735,6126900
2018-11-30,93.18,94.650002,92.75,94.510002,77.436417,16291800
2018-12-03,94.669998,94.669998,92.260002,93.32,76.461395,13934700
2018-12-04,93.489998,94.860001,93.169998,93.309998,76.453217,11123600
2018-12-06,92.699997,93.629997,91.080002,93.550003,76.649864,14199200
2018-12-07,93.589996,93.779999,92.139999,92.449997,75.748581,7996800
2018-12-10,93.25,93.400002,91.370003,93.029999,76.223801,9307600
2018-12-11,93.720001,94.519997,93.400002,93.910004,76.944817,8743800
2018-12-12,94.209999,94.550003,93.099998,94.029999,77.043159,9644000
2018-12-13,94.870003,96.790001,94.800003,96.489998,79.058739,18541300
2018-12-14,96.449997,96.900002,96.019997,96.639999,79.181656,12657300
2018-12-17,96.0,96.5,92.400002,92.769997,76.010773,12427600
2018-12-18,93.129997,93.309998,91.860001,92.489998,75.781357,12250600
2018-12-19,92.550003,93.349998,91.290001,91.760002,75.18325,10825600
2018-12-20,91.510002,92.230003,90.129997,90.980003,74.544136,14439200
2018-12-21,90.610001,93.169998,90.360001,90.970001,74.53595,24030000
2018-12-24,90.449997,90.660004,86.879997,87.360001,71.578094,7396300
2018-12-26,87.419998,90.089996,86.739998,90.089996,73.814934,8630900
2018-12-27,89.610001,92.050003,88.199997,92.019997,75.396263,11360100
2018-12-28,92.559998,93.279999,90.839996,91.18,74.708008,9611800
2018-12-31,91.629997,92.18,91.150002,91.919998,75.314323,7239500
2019-01-02,91.029999,91.389999,89.93,91.279999,74.789955,9843900
2019-01-03,90.940002,92.5,90.379997,90.639999,74.265587,9820200
2019-01-04,90.839996,92.489998,90.370003,92.489998,75.781357,10565700
2019-01-07,91.910004,92.5,91.400002,92.120003,75.47821,9012500
2019-01-08,92.699997,93.089996,91.82,92.459999,75.75676,9551300
2019-01-09,92.690002,92.959999,90.809998,90.949997,74.519585,15015600
2019-01-10,90.889999,91.540001,90.610001,91.169998,74.699829,11102300
2019-01-11,91.669998,91.980003,91.110001,91.769997,75.191414,7166600
2019-01-14,91.5,91.910004,90.849998,91.150002,74.683426,7952000
2019-01-15,91.150002,92.610001,91.139999,92.010002,75.388084,7834500
2019-01-16,91.739998,92.150002,90.989998,91.370003,74.863678,7964500
2019-01-17,90.709999,91.559998,90.349998,90.639999,74.852966,8044500
2019-01-18,91.370003,91.839996,91.040001,91.419998,75.497086,9100300
2019-01-22,91.389999,91.75,89.080002,90.440002,74.687782,13518500
2019-01-23,94.18,96.410004,93.629997,94.839996,78.321404,22869000
2019-01-24,94.290001,94.559998,93.190002,94.300003,77.875481,12146400
2019-01-25,94.419998,94.889999,93.059998,93.599998,77.297386,10618000
2019-01-28,93.32,93.970001,92.970001,93.519997,77.231339,9765600
2019-01-29,93.790001,94.120003,93.099998,93.540001,77.247856,9769800
2019-01-30,93.610001,94.660004,93.57,94.519997,78.057159,7750200
2019-01-31,94.43,96.809998,94.080002,96.470001,79.667526,16044400
2019-02-01,96.349998,97.610001,95.989998,97.470001,80.493347,12720800
2019-02-04,97.209999,98.220001,96.720001,98.029999,80.955818,11887500
2019-02-05,97.989998,98.019997,97.209999,97.440002,80.468575,9772300
2019-02-06,97.25,98.32,97.120003,97.919998,80.864967,8693900
2019-02-07,97.519997,97.599998,96.339996,97.139999,80.220833,8732500
2019-02-08,97.010002,97.720001,96.699997,97.709999,80.691544,7483200
2019-02-11,97.489998,98.389999,97.43,98.269997,81.153999,8494100
2019-02-12,98.379997,99.339996,97.980003,99.260002,81.971573,11238800
2019-02-13,99.290001,99.699997,99.010002,99.239998,81.955048,11587200
2019-02-14,98.699997,98.82,97.839996,98.459999,81.310913,7930100
2019-02-15,98.949997,99.199997,98.25,98.480003,81.327423,12069100
2019-02-19,98.559998,100.0,98.470001,99.989998,82.57444,10098200
2019-02-20,99.779999,100.220001,98.940002,99.279999,81.988083,8947400
2019-02-21,99.099998,99.860001,98.589996,99.779999,82.401001,7444800
2019-02-22,99.690002,100.400002,99.400002,100.25,82.789154,7925400
2019-02-25,100.360001,100.449997,99.330002,99.57,82.227577,7436100
2019-02-26,99.839996,100.18,99.629997,99.830002,82.442322,7115300
2019-02-27,99.339996,99.629997,98.82,98.910004,81.682556,6013600
2019-02-28,98.910004,99.199997,98.080002,98.550003,81.385239,10575400
2019-03-01,98.610001,98.779999,97.830002,98.440002,81.294411,7733200
2019-03-04,98.57,98.879997,97.879997,98.870003,81.649521,6895300
2019-03-05,98.910004,99.68,98.910004,99.089996,81.8312,6274600
2019-03-06,98.860001,99.099998,98.400002,98.93,81.699066,4622300
2019-03-07,98.970001,99.599998,98.25,98.550003,81.385239,8408600
2019-03-08,98.82,99.18,97.75,98.410004,81.26963,5144500
2019-03-11,98.790001,99.68,98.510002,99.580002,82.235847,7544400
2019-03-12,99.779999,100.519997,99.730003,100.050003,82.623993,7597500
2019-03-13,99.989998,101.589996,99.959999,101.18,83.557175,9883300
2019-03-14,100.940002,101.779999,100.720001,101.32,83.672791,8590200
2019-03-15,101.760002,102.889999,101.730003,102.440002,84.597694,30802700
2019-03-18,102.059998,102.290001,101.199997,101.510002,83.829697,8442800
2019-03-19,101.910004,102.139999,101.290001,101.900002,84.151749,7334100
2019-03-20,101.730003,102.309998,101.050003,101.720001,84.00312,7513800
2019-03-21,101.279999,102.910004,101.279999,102.489998,84.638992,8221000
2019-03-22,102.480003,103.150002,99.010002,101.660004,83.953575,11035900
2019-03-25,101.660004,102.339996,101.260002,101.959999,84.201302,6955500
2019-03-26,102.440002,103.480003,102.400002,103.019997,85.076691,6909400
2019-03-27,102.760002,103.019997,102.040001,102.900002,84.977585,6037100
2019-03-28,103.309998,103.68,103.110001,103.550003,85.514366,6793700
2019-03-29,103.860001,104.150002,103.110001,104.050003,85.927284,7535400
2019-04-01,104.230003,104.230003,103.139999,103.639999,85.588676,6626500
2019-04-02,103.610001,104.019997,103.260002,103.75,85.679543,6088800
2019-04-03,103.580002,103.889999,102.75,103.690002,85.629997,5226500
2019-04-04,103.480003,103.669998,102.790001,103.43,85.415268,4786100
2019-04-05,103.610001,103.690002,103.169998,103.650002,85.596962,4281800
2019-04-08,103.93,105.139999,103.5,104.970001,86.68705,8468600
2019-04-09,104.550003,104.760002,104.139999,104.660004,86.431038,5820300
2019-04-10,104.660004,105.0,104.239998,104.650002,86.422783,5394300
2019-04-11,104.580002,105.050003,104.370003,104.75,86.505363,5078400
2019-04-12,104.75,105.059998,104.169998,105.059998,86.761368,6707900
2019-04-15,104.980003,105.779999,104.790001,105.730003,87.314682,5639200
2019-04-16,105.980003,106.5,105.650002,106.419998,87.884499,8136100
2019-04-17,106.269997,106.510002,105.349998,105.849998,88.030869,6778100
2019-04-18,106.019997,106.709999,105.830002,106.050003,88.197212,7248900
2019-04-22,106.129997,107.199997,105.739998,106.010002,88.163948,9057200
2019-04-23,104.010002,104.110001,102.129997,103.160004,85.793709,15979800
2019-04-24,103.32,104.650002,102.790001,103.690002,86.234505,10094800
2019-04-25,103.099998,103.57,102.589996,103.279999,85.893539,6085300
2019-04-26,103.949997,105.879997,103.910004,105.860001,88.039207,7747400
2019-04-29,105.57,105.75,104.720001,104.779999,87.140991,4787600
2019-04-30,104.860001,106.620003,104.660004,106.480003,88.554832,8251300
2019-05-01,106.150002,106.389999,104.809998,104.93,87.265755,6733800
2019-05-02,105.199997,105.760002,105.050003,105.559998,87.789688,6270300
2019-05-03,105.989998,106.410004,105.580002,106.080002,88.222176,4793400
2019-05-06,105.120003,105.82,105.040001,105.68,87.889511,4890400
2019-05-07,105.029999,105.580002,104.099998,104.699997,87.074455,6021700
2019-05-08,104.989998,105.769997,104.160004,105.07,87.382179,5392600
2019-05-09,104.669998,105.040001,103.779999,104.239998,86.691917,6901700
2019-05-10,103.980003,106.150002,103.919998,106.010002,88.163948,5815800
2019-05-13,105.139999,106.589996,104.849998,106.110001,88.247108,7575500
2019-05-14,105.769997,106.5,105.57,105.599998,87.82296,7004000
2019-05-15,105.610001,107.0,105.5,106.699997,88.737778,5535600
2019-05-16,106.739998,108.68,106.589996,108.110001,89.910423,9284200
2019-05-17,107.269997,108.0,107.260002,107.449997,89.361519,6370200
2019-05-20,107.440002,108.129997,107.139999,107.330002,89.261719,6565300
2019-05-21,107.470001,107.540001,106.290001,106.370003,88.463348,5226400
2019-05-22,106.089996,107.050003,105.940002,106.720001,88.754417,4889700
2019-05-23,106.68,107.029999,105.889999,106.760002,88.787697,6175600
2019-05-24,107.150002,107.440002,106.540001,106.690002,88.729477,4372100
2019-05-28,106.699997,107.25,104.419998,104.459999,86.874863,7615500
2019-05-29,103.959999,104.809998,103.699997,104.190002,86.650337,7137300
2019-05-30,104.370003,105.370003,104.370003,105.330002,87.598427,4729200
2019-05-31,104.889999,104.900002,102.410004,102.910004,85.585808,10282300
2019-06-03,103.150002,103.959999,102.400002,103.800003,86.325966,8532900
2019-06-04,104.010002,105.099998,103.849998,104.68,87.057846,6906400
2019-06-05,105.239998,106.75,104.889999,106.730003,88.762756,6481700
2019-06-06,106.849998,107.68,106.330002,107.379997,89.303314,6681600
2019-06-07,107.739998,109.379997,107.739998,108.769997,90.459305,8063400
2019-06-10,108.32,109.019997,107.459999,108.720001,90.417702,4767000
2019-06-11,108.940002,109.599998,108.870003,109.379997,90.966637,8074400
2019-06-12,109.599998,110.660004,109.580002,109.68,91.216133,7687800
2019-06-13,109.980003,110.949997,109.860001,110.910004,92.239052,8611400
2019-06-14,110.970001,111.75,110.650002,111.199997,92.480232,6438100
2019-06-17,111.160004,111.209999,110.239998,110.989998,92.305588,6020000
2019-06-18,111.449997,111.559998,109.43,109.599998,91.14959,7731200
2019-06-19,109.5,110.730003,109.260002,110.419998,91.831558,7028000
2019-06-20,110.779999,112.019997,110.5,111.739998,92.929337,7044200
2019-06-21,111.620003,112.470001,111.019997,111.199997,92.480232,13799400
2019-06-24,111.82,112.5,111.400002,112.330002,93.420021,5518100
2019-06-25,112.110001,112.629997,111.309998,111.720001,92.912697,6805600
2019-06-26,111.389999,111.440002,109.660004,109.730003,91.257721,7170300
2019-06-27,109.919998,110.269997,109.290001,109.779999,91.299294,5613300
2019-06-28,111.860001,111.959999,109.019997,109.650002,91.191177,12152000
2019-07-01,109.919998,110.699997,109.610001,110.489998,91.889763,6775900
2019-07-02,110.610001,111.5,110.290001,111.480003,92.713097,6578200
2019-07-03,111.959999,114.269997,111.839996,114.080002,94.875412,6223300
2019-07-05,112.970001,113.449997,112.230003,113.150002,94.101967,8694800
2019-07-08,113.339996,114.230003,113.300003,114.050003,94.850449,5317800
2019-07-09,113.900002,113.910004,112.32,112.910004,93.902367,7537700
2019-07-10,113.459999,114.5,113.400002,113.75,94.600975,5600700
2019-07-11,113.660004,114.400002,113.440002,114.379997,95.124908,4625300
2019-07-12,114.07,115.209999,114.07,114.989998,95.632217,7058600
2019-07-15,115.07,115.879997,114.790001,115.480003,96.039734,6240700
2019-07-16,115.720001,116.519997,115.449997,115.889999,96.380699,7644300
2019-07-17,115.730003,116.290001,115.730003,115.940002,96.42231,7861700
2019-07-18,114.93,115.769997,114.790001,115.440002,96.628197,5828700
2019-07-19,115.5,115.949997,115.010002,115.010002,96.268265,6547000
2019-07-22,115.040001,115.449997,114.580002,115.300003,96.511024,4018800
2019-07-23,115.709999,116.050003,113.839996,113.849998,95.297295,8194600
2019-07-24,113.849998,113.879997,112.279999,112.599998,94.250999,9635900
2019-07-25,111.480003,112.980003,111.379997,112.769997,94.393295,7809400
2019-07-26,113.209999,114.879997,112.879997,114.730003,96.033913,5559600
2019-07-29,114.730003,116.209999,114.620003,116.0,97.096954,7768700
2019-07-30,119.82,121.760002,118.800003,120.410004,100.788315,18788800
2019-07-31,119.660004,120.68,117.07,118.040001,98.804512,12641800
2019-08-01,118.559998,119.169998,116.730003,116.730003,97.707985,11308600
2019-08-02,116.510002,117.080002,115.690002,116.440002,97.46524,12266100
2019-08-05,116.089996,116.300003,112.830002,113.080002,94.652771,12974800
2019-08-06,113.650002,115.0,113.18,114.279999,95.657242,9490600
2019-08-07,113.75,116.239998,112.68,115.519997,96.695168,9507600
2019-08-08,115.519997,117.489998,115.339996,117.440002,98.302292,7416600
2019-08-09,117.620003,118.040001,115.849998,116.779999,97.749855,6939500
2019-08-12,116.779999,117.669998,115.589996,116.029999,97.12204,4996200
2019-08-13,116.510002,118.07,116.339996,117.25,98.143242,6722000
2019-08-14,116.459999,117.940002,115.660004,115.790001,96.921188,10148300
2019-08-15,116.800003,118.089996,116.440002,117.389999,98.260429,7758000
2019-08-16,118.059998,119.540001,117.599998,119.18,99.758743,8302400
2019-08-19,119.970001,120.449997,119.110001,120.239998,100.646011,5867100
2019-08-20,120.050003,120.260002,118.790001,118.900002,99.524391,6744300
2019-08-21,119.269997,119.650002,118.68,119.199997,99.77549,4037400
2019-08-22,119.080002,119.790001,118.699997,119.419998,99.959648,4558400
2019-08-23,119.139999,120.110001,116.43,117.32,98.201851,7336800
2019-08-26,117.75,119.599998,117.220001,119.32,99.875954,5661500
2019-08-27,119.989998,121.050003,119.779999,120.550003,100.90551,6996300
2019-08-28,120.459999,121.43,119.629997,121.400002,101.616974,4600300
2019-08-29,121.790001,122.0,120.32,121.18,101.432846,5011500
2019-08-30,121.959999,122.0,119.510002,120.230003,100.637642,6007100
2019-09-03,119.790001,121.540001,119.629997,121.360001,101.583511,4959300
2019-09-04,121.849998,123.279999,121.459999,123.209999,103.132034,5586900
2019-09-05,123.239998,123.43,122.18,122.760002,102.755356,7491900
2019-09-06,123.0,123.379997,122.540001,122.870003,102.84742,5306900
2019-09-09,122.709999,122.779999,121.779999,122.169998,102.261505,7662400
2019-09-10,121.029999,121.18,119.580002,119.879997,100.344666,9582200
2019-09-11,119.860001,121.339996,119.360001,121.269997,101.508148,7565500
2019-09-12,122.650002,123.209999,121.620003,122.769997,102.763725,6194300
2019-09-13,121.82,122.580002,121.5,122.120003,102.219658,6777400
2019-09-16,121.809998,121.959999,119.019997,119.75,100.23587,9626700
2019-09-17,119.629997,121.989998,119.440002,121.160004,101.416077,6377100
2019-09-18,121.269997,121.959999,120.769997,121.410004,101.625359,5684200
2019-09-19,121.389999,122.230003,121.239998,121.900002,102.0355,4525800
2019-09-20,122.129997,122.599998,121.75,122.239998,102.320114,15362000
2019-09-23,122.199997,123.769997,121.970001,123.220001,103.140396,6060400
2019-09-24,123.699997,124.730003,123.360001,123.610001,103.46685,7633200
2019-09-25,123.559998,123.830002,122.949997,123.019997,102.972984,5812600
2019-09-26,123.639999,125.0,123.529999,124.309998,104.052765,6984800
2019-09-27,124.410004,124.879997,123.720001,124.57,104.270424,5589800
2019-09-30,124.57,125.360001,124.129997,124.379997,104.111351,5206900
2019-10-01,124.360001,124.639999,123.199997,123.849998,103.667732,5415700
2019-10-02,123.199997,123.650002,120.209999,121.080002,101.349098,6755100
2019-10-03,121.669998,122.540001,120.839996,121.739998,101.901573,5171000
2019-10-04,122.190002,124.059998,121.989998,124.0,103.79332,4377900
2019-10-07,123.529999,123.889999,122.68,122.839996,102.822311,4749700
2019-10-08,122.660004,122.93,120.879997,120.93,101.223579,5545300
2019-10-09,121.809998,122.389999,121.43,121.980003,102.10247,3775600
2019-10-10,121.330002,122.190002,120.800003,121.940002,102.068977,3943400
2019-10-11,122.040001,122.059998,120.82,121.089996,101.357498,6292200
2019-10-14,121.620003,121.620003,119.580002,120.050003,100.486969,7360200
2019-10-15,120.190002,120.559998,116.699997,117.199997,98.101402,11113900
2019-10-16,117.669998,117.769997,116.510002,117.529999,98.377609,7973100
2019-10-17,117.309998,117.639999,116.550003,116.629997,98.247902,5956900
2019-10-18,116.550003,117.75,116.169998,117.470001,98.955505,9016700
2019-10-21,117.419998,119.120003,117.349998,119.080002,100.311752,6731600
2019-10-22,124.0,124.220001,121.599998,122.18,102.923149,14410500
2019-10-23,121.989998,123.730003,121.839996,123.0,103.61393,8249300
2019-10-24,123.760002,125.769997,123.339996,124.790001,105.121796,6725600
2019-10-25,124.82,124.82,123.169998,123.25,103.824501,6093300
2019-10-28,123.480003,124.120003,122.599998,123.480003,104.018265,5459500
2019-10-29,123.199997,124.559998,123.099998,123.599998,104.119339,5659800
2019-10-30,123.989998,125.169998,123.5,124.940002,105.248146,4734500
2019-10-31,124.790001,125.449997,123.360001,124.510002,104.885918,6399500
2019-11-01,124.830002,125.139999,123.25,123.870003,104.346809,6010200
2019-11-04,123.919998,123.919998,118.639999,119.07,100.303314,10351400
2019-11-05,118.830002,119.589996,118.239998,118.900002,100.160118,9239600
2019-11-06,119.099998,120.349998,118.660004,120.32,101.356308,6756300
2019-11-07,120.339996,120.339996,118.809998,119.620003,100.76664,8909700
2019-11-08,119.849998,120.589996,119.160004,119.699997,100.834023,4249900
2019-11-11,119.480003,120.0,119.089996,119.330002,100.522339,3850400
2019-11-12,119.489998,119.599998,118.550003,119.269997,100.471794,4759600
2019-11-13,119.900002,121.050003,119.870003,120.650002,101.634308,7262800
2019-11-14,120.620003,121.169998,120.110001,120.5,101.507942,5188300
2019-11-15,120.989998,120.989998,119.970001,120.540001,101.541649,7108600
2019-11-18,120.25,122.559998,120.169998,121.889999,102.678864,7493700
2019-11-19,121.93,122.779999,121.129997,121.419998,102.282951,5989000
2019-11-20,121.419998,122.379997,120.93,122.290001,103.015831,6480000
2019-11-21,121.779999,122.540001,120.279999,120.339996,101.373161,7094200
2019-11-22,120.230003,120.610001,119.389999,120.290001,101.331039,4414900
2019-11-25,120.440002,120.919998,120.019997,120.510002,101.51638,5134300
2019-11-26,120.730003,122.349998,120.410004,122.260002,102.990547,8235200
2019-11-27,122.419998,122.440002,120.959999,121.760002,102.569366,3751400
2019-11-29,121.989998,122.629997,121.709999,122.059998,102.822075,2927300
2019-12-02,121.940002,122.779999,120.959999,122.720001,103.378059,6146200
2019-12-03,122.309998,122.959999,121.800003,122.949997,103.5718,6396200
2019-12-04,122.75,124.580002,122.690002,124.529999,104.902779,6857300
2019-12-05,124.269997,124.629997,123.660004,124.620003,104.9786,7029200
2019-12-06,124.730003,125.449997,123.889999,124.190002,104.616379,7150900
2019-12-09,124.309998,125.139999,124.18,124.870003,105.189186,7452800
2019-12-10,124.779999,124.870003,124.120003,124.269997,104.683739,4740100
2019-12-11,124.269997,125.269997,124.07,124.660004,105.012291,4823300
2019-12-12,124.779999,125.760002,123.879997,124.57,104.936485,5897800
2019-12-13,124.209999,125.739998,123.790001,125.470001,105.694611,5471600
2019-12-16,125.470001,126.349998,125.349998,125.559998,105.770447,8281900
2019-12-17,125.589996,125.980003,124.309998,125.309998,105.55983,8832200
2019-12-18,125.309998,125.870003,123.690002,124.010002,104.464729,8607600
2019-12-19,124.160004,125.199997,123.900002,124.919998,105.231293,6629100
2019-12-20,126.150002,126.599998,125.029999,125.360001,105.601952,16250500
2019-12-23,125.519997,125.82,124.690002,124.900002,105.214447,6619500
2019-12-24,124.790001,125.309998,124.580002,125.220001,105.484039,2022100
2019-12-26,125.099998,125.75,124.870003,125.220001,105.484039,4760400
2019-12-27,125.559998,126.300003,125.389999,126.089996,106.216866,5192000
2019-12-30,125.760002,125.980003,124.139999,124.470001,104.852234,3884300
2019-12-31,124.43,124.989998,123.949997,124.900002,105.214447,4798900
2020-01-02,124.5,124.730003,122.940002,123.410004,103.959305,8130800
2020-01-03,122.160004,123.529999,121.860001,122.580002,103.260117,7970500
2020-01-06,122.57,123.190002,122.379997,122.75,103.40332,6674400
2020-01-07,122.879997,123.209999,121.870003,121.989998,102.763107,7583400
2020-01-08,122.190002,123.43,122.0,122.510002,103.201141,5385100
2020-01-09,122.510002,123.879997,122.510002,123.849998,104.329948,5944000
2020-01-10,123.900002,124.32,123.300003,123.970001,104.431046,3927100
2020-01-13,124.0,124.900002,123.809998,124.879997,105.197609,8409200
2020-01-14,124.650002,125.199997,124.480003,124.690002,105.03756,7829700
2020-01-15,125.059998,126.120003,125.010002,125.959999,106.107384,4843700
2020-01-16,126.110001,126.779999,125.589996,126.07,106.20005,6233700
2020-01-17,126.349998,127.0,125.879997,126.410004,106.486488,11315200
2020-01-21,126.410004,126.620003,124.839996,126.089996,106.216866,8553100
2020-01-22,126.330002,126.68,125.830002,126.309998,106.402229,7396700
2020-01-23,124.300003,126.550003,123.650002,124.989998,105.915817,11096500
2020-01-24,125.220001,126.790001,124.769997,125.139999,106.042931,9508600
2020-01-27,124.75,126.389999,124.75,125.690002,106.508995,9338400
2020-01-28,125.93,126.980003,125.720001,126.029999,106.797112,6200200
2020-01-29,125.910004,126.07,125.029999,125.059998,105.975143,5271000
2020-01-30,124.790001,126.059998,124.419998,125.949997,106.729317,5894400
2020-01-31,125.989998,126.949997,124.459999,124.620003,105.602295,6612900
2020-02-03,124.660004,125.949997,124.489998,125.110001,106.017502,6052300
2020-02-04,125.709999,127.349998,125.360001,125.660004,106.483566,6512200
2020-02-05,125.910004,127.059998,125.400002,126.809998,107.458061,6125400
2020-02-06,126.900002,128.089996,126.599998,127.139999,107.737717,9102700
2020-02-07,127.190002,127.269997,126.050003,126.080002,106.83947,5915100
2020-02-10,126.459999,126.830002,125.760002,126.169998,106.915756,5216100
2020-02-11,126.269997,126.269997,124.029999,124.160004,105.212486,6105700
2020-02-12,123.68,123.970001,122.849998,123.449997,104.610832,6031700
2020-02-13,123.730003,125.279999,123.519997,124.959999,105.890404,7159000
2020-02-14,125.290001,126.150002,124.790001,126.139999,106.890312,5889100
2020-02-18,125.830002,126.18,124.830002,124.870003,105.814133,6767600
2020-02-19,124.849998,126.470001,124.650002,125.440002,106.297157,4734000
2020-02-20,125.470001,126.760002,125.129997,126.580002,107.263176,6094600
2020-02-21,126.129997,128.070007,125.980003,126.699997,107.364861,8723900
2020-02-24,125.260002,126.589996,123.139999,123.300003,104.483742,7533900
2020-02-25,123.019997,123.959999,120.879997,121.43,102.899101,8903200
2020-02-26,121.419998,122.389999,119.849998,120.160004,101.822906,6894200
2020-02-27,119.120003,119.919998,113.43,113.5,96.179253,13298900
2020-02-28,109.459999,113.230003,106.669998,113.230003,95.95047,22784300
2020-03-02,113.190002,119.790001,112.550003,119.559998,101.314453,12399800
2020-03-03,119.730003,121.839996,117.139999,118.169998,100.136612,12510900
2020-03-04,119.879997,124.690002,119.599998,124.5,105.50061,9459300
2020-03-05,121.300003,122.900002,120.279999,121.629997,103.068588,9363500
2020-03-06,118.029999,122.610001,117.550003,121.660004,103.094009,9817400
2020-03-09,115.269997,120.029999,115.120003,116.059998,98.348602,13116500
2020-03-10,118.959999,120.82,114.440002,120.550003,102.153404,11419100
2020-03-11,117.599998,118.440002,110.68,111.589996,94.560738,16456000
2020-03-12,103.0,111.580002,101.0,101.839996,86.298622,20988000
2020-03-13,106.5,114.629997,105.410004,114.07,96.662262,17378700
2020-03-16,101.75,115.949997,101.0,108.5,91.942284,17367400
2020-03-17,111.449997,119.699997,110.769997,118.239998,100.195908,19451400
2020-03-18,113.019997,121.5,112.089996,117.449997,99.526466,23139200
2020-03-19,116.610001,118.0,109.790001,110.830002,93.91671,16428100
2020-03-20,109.190002,109.699997,101.589996,102.43,86.79863,19922900
2020-03-23,100.190002,103.75,94.339996,97.699997,82.790428,17776800
2020-03-24,101.230003,104.0,96.07,103.269997,87.510414,14625500
2020-03-25,100.510002,104.699997,98.599998,100.919998,85.519035,13789100
2020-03-26,103.879997,108.309998,102.529999,107.379997,90.993202,15796000
2020-03-27,106.489998,114.290001,106.489998,110.169998,93.357445,16073100
2020-03-30,113.900002,115.790001,110.199997,115.0,97.450363,14571600
2020-03-31,113.5,114.290001,108.949997,110.0,93.213371,21691000
2020-04-01,107.949997,112.18,107.0,109.330002,92.645638,11095800
2020-04-02,107.690002,114.989998,107.5,114.400002,96.941925,9168800
2020-04-03,113.739998,115.900002,113.010002,115.080002,97.518158,7768700
2020-04-06,117.0,119.0,114.580002,117.809998,99.831543,16848400
2020-04-07,116.709999,120.059998,112.5,112.769997,95.560654,14438400
2020-04-08,114.389999,117.300003,111.860001,115.099998,97.535095,12564500
2020-04-09,115.260002,118.660004,114.199997,114.660004,97.162231,12747300
2020-04-13,113.610001,116.75,113.160004,115.949997,98.255386,7926700
2020-04-14,118.760002,121.470001,116.25,120.959999,102.500824,10474200
2020-04-15,120.860001,123.419998,119.589996,121.220001,102.721161,14192900
2020-04-16,122.349998,122.5,119.900002,121.5,102.95842,12020200
2020-04-17,122.449997,124.989998,120.540001,124.690002,105.661606,15899800
2020-04-20,121.470001,123.230003,120.540001,120.599998,102.19577,10832000
2020-04-21,119.5,120.300003,118.43,119.68,101.416138,9465400
2020-04-22,119.989998,120.279999,118.779999,119.400002,101.178894,10259400
2020-04-23,118.650002,119.669998,118.050003,119.400002,101.853653,17277000
2020-04-24,119.099998,119.760002,118.620003,118.779999,101.324776,12751100
2020-04-27,119.190002,119.190002,116.900002,117.449997,100.190224,10635700
2020-04-28,117.099998,117.910004,116.169998,116.889999,99.712517,9958000
2020-04-29,117.519997,118.050003,115.080002,117.080002,99.874611,8707900
2020-04-30,115.919998,118.279999,115.660004,117.870003,100.548492,10026400
2020-05-01,117.599998,118.370003,116.32,116.82,99.652786,7366400
2020-05-04,117.089996,117.199997,115.0,115.769997,98.75708,5636000
2020-05-05,115.800003,117.260002,115.209999,116.010002,98.961823,5425200
2020-05-06,115.540001,116.139999,112.889999,113.099998,96.479469,7892200
2020-05-07,114.059998,114.139999,111.82,112.169998,95.686127,8762800
2020-05-08,113.519997,116.300003,113.389999,115.949997,98.910652,9279900
2020-05-11,115.75,116.010002,114.919998,115.309998,98.364693,6947500
2020-05-12,115.199997,115.900002,114.139999,114.550003,97.71637,6734400
2020-05-13,114.279999,115.349998,113.730003,113.919998,97.178947,9312600
2020-05-14,113.540001,114.449997,111.25,113.809998,97.085121,9310000
2020-05-15,113.93,114.790001,112.050003,114.610001,97.767555,10694800
2020-05-18,116.029999,116.989998,114.709999,116.209999,99.132439,10020800
2020-05-19,115.089996,115.639999,112.339996,112.440002,95.916451,8047600
2020-05-20,113.0,113.769997,112.129997,113.279999,96.633011,6593800
2020-05-21,112.800003,113.199997,111.43,111.620003,95.216949,6552700
2020-05-22,112.290001,113.599998,111.760002,112.599998,96.052933,5571900
2020-05-26,114.150002,114.150002,111.68,112.029999,95.566704,10432400
2020-05-27,112.5,113.970001,111.82,113.889999,97.153389,8279700
2020-05-28,115.529999,116.989998,114.900002,116.059998,99.004486,6586700
2020-05-29,116.129997,116.720001,114.620003,115.919998,98.885056,7868000
2020-06-01,116.0,117.5,115.260002,117.25,100.019592,5105600
2020-06-02,117.07,118.139999,116.82,118.059998,100.710564,6327900
2020-06-03,118.099998,119.190002,117.949997,118.529999,101.111504,6171000
2020-06-04,118.0,118.830002,115.57,116.050003,98.995972,6895800
2020-06-05,116.25,118.830002,116.050003,118.330002,100.940903,7337800
2020-06-08,117.440002,119.120003,116.839996,119.050003,101.555092,6926700
2020-06-09,119.400002,119.760002,118.150002,118.339996,100.949417,5563200
2020-06-10,119.0,119.889999,118.110001,119.230003,101.708633,6678200
2020-06-11,118.809998,119.57,116.0,116.260002,99.175087,8937500
2020-06-12,116.589996,118.050003,115.260002,115.620003,98.629128,7998500
2020-06-15,114.550003,117.279999,113.760002,116.690002,99.541901,8786000
2020-06-16,118.529999,118.970001,116.93,118.129997,100.770294,8165200
2020-06-17,118.389999,119.110001,117.440002,117.93,100.59967,6320800
2020-06-18,117.459999,119.959999,117.370003,119.279999,101.751282,6274400
2020-06-19,120.489998,121.82,118.830002,118.919998,101.444176,17506200
2020-06-22,118.779999,119.080002,117.339996,117.75,100.446129,5695600
2020-06-23,118.669998,119.190002,117.650002,117.730003,100.429062,5340400
2020-06-24,117.220001,117.959999,116.279999,116.419998,99.311577,6547800
2020-06-25,116.989998,118.029999,116.029999,117.889999,100.565552,5489300
2020-06-26,117.589996,118.470001,115.040001,115.230003,98.296463,23201700
2020-06-29,116.510002,118.050003,116.349998,117.660004,100.369347,6866900
2020-06-30,117.970001,119.989998,117.800003,119.57,101.998642,7818000
2020-07-01,119.650002,120.389999,118.900002,119.980003,102.348412,6501200
2020-07-02,121.0,122.57,120.529999,120.879997,103.11615,6150900
2020-07-06,121.769997,122.410004,120.879997,121.629997,103.755959,6023300
2020-07-07,121.300003,123.25,120.889999,122.220001,104.259239,6866300
2020-07-08,122.150002,123.239998,122.0,122.889999,104.830772,6494100
2020-07-09,122.82,123.980003,121.809998,122.480003,104.481026,5341000
2020-07-10,122.57,124.5,122.470001,123.889999,105.683823,6752600
2020-07-13,124.0,125.589996,123.339996,124.050003,105.82032,7681500
2020-07-14,123.989998,125.660004,123.5,125.089996,106.707474,6272100
2020-07-15,125.980003,126.900002,124.260002,124.5,106.204185,8145000
2020-07-16,125.080002,125.519997,123.910004,124.760002,106.425987,3959300
2020-07-17,125.089996,126.07,124.830002,125.629997,107.168121,4868600
2020-07-20,125.470001,125.839996,124.790001,125.239998,106.835434,4242100
2020-07-21,125.489998,126.639999,124.919998,125.07,106.690422,5162300
2020-07-22,125.5,126.400002,124.209999,126.139999,107.603172,5929200
2020-07-23,126.120003,127.18,125.599998,126.160004,108.299377,6664800
2020-07-24,126.989998,127.769997,125.32,125.959999,108.127678,6014200
2020-07-27,125.709999,126.639999,125.540001,126.32,108.436714,6464600
2020-07-28,126.370003,128.460007,126.290001,127.879997,109.775856,7644400
2020-07-29,127.559998,129.240005,127.360001,128.309998,110.144989,6702000
2020-07-30,130.660004,132.029999,129.649994,131.419998,112.81469,10400700
2020-07-31,130.660004,131.210007,129.270004,131.119995,112.557167,8487000
2020-08-03,130.470001,131.919998,130.470001,131.289993,112.703102,7769400
2020-08-04,130.770004,133.929993,130.699997,133.789993,114.849167,7773700
2020-08-05,133.589996,134.649994,133.119995,133.440002,114.548714,5680000
2020-08-06,132.850006,133.369995,132.119995,132.710007,113.922081,3974100
2020-08-07,132.889999,133.639999,132.449997,133.550003,114.643173,4934900
2020-08-10,133.699997,134.440002,133.190002,134.100006,115.115303,5812700
2020-08-11,134.270004,134.740005,132.789993,133.229996,114.368469,5329900
2020-08-12,133.770004,135.970001,133.699997,135.460007,116.282761,5920400
2020-08-13,135.080002,135.869995,134.929993,135.779999,116.557457,4989500
2020-08-14,135.610001,135.639999,134.550003,135.100006,115.973709,5845200
2020-08-17,134.940002,135.699997,134.660004,135.5,116.317093,5603800
2020-08-18,135.809998,137.520004,135.419998,136.509995,117.184105,8670700
2020-08-19,135.539993,136.320007,135.5,135.770004,116.548866,6827700
2020-08-20,135.240005,136.979996,135.190002,136.850006,117.475952,4352200
2020-08-21,136.600006,138.100006,135.910004,137.440002,117.982437,5706600
2020-08-24,137.490005,138.779999,137.199997,138.509995,118.90094,7420500
2020-08-25,139.0,139.149994,137.800003,139.059998,119.3731,4718300
2020-08-26,138.570007,139.320007,138.25,138.389999,118.797974,4746200
2020-08-27,138.839996,139.690002,138.179993,138.210007,118.643425,6156100
2020-08-28,138.320007,138.910004,136.949997,138.770004,119.124176,4166300
2020-08-31,138.190002,138.729996,137.820007,138.330002,118.746475,5596800
2020-09-01,137.860001,138.220001,137.070007,138.179993,118.617668,5671800
2020-09-02,138.110001,141.440002,137.610001,140.509995,120.617775,8384800
2020-09-03,140.740005,141.699997,137.089996,138.259995,118.686371,7277900
2020-09-04,137.809998,139.190002,136.119995,137.960007,118.428795,7437700
2020-09-08,138.520004,138.639999,135.039993,135.940002,116.694809,6847500
2020-09-09,136.419998,139.559998,136.270004,138.149994,118.591904,6002900
2020-09-10,138.119995,138.720001,136.509995,136.699997,117.347198,5242500
2020-09-11,137.690002,138.660004,137.160004,138.139999,118.583366,4398000
2020-09-14,138.440002,139.580002,138.330002,138.630005,119.003952,4767400
2020-09-15,138.789993,139.770004,138.389999,138.630005,119.003952,4046500
2020-09-16,139.570007,140.169998,137.600006,137.699997,118.205643,6049900
2020-09-17,137.059998,137.880005,136.190002,137.520004,118.051125,4648500
2020-09-18,136.910004,137.929993,136.259995,137.369995,117.922371,10192800
2020-09-21,137.0,137.470001,134.699997,136.710007,117.355789,7092600
2020-09-22,136.490005,139.029999,136.240005,137.960007,118.428795,4722800
2020-09-23,138.419998,138.419998,136.089996,136.309998,117.012421,6373700
2020-09-24,136.669998,137.149994,135.710007,136.919998,117.536057,5708200
2020-09-25,135.889999,137.990005,135.889999,137.619995,118.136971,4969900
2020-09-28,138.559998,139.940002,137.779999,138.009995,118.471733,5810800
2020-09-29,138.389999,138.419998,136.660004,137.259995,117.827919,4492100
2020-09-30,138.160004,139.850006,137.809998,138.990005,119.313019,8727800
2020-10-01,139.580002,139.990005,138.210007,139.240005,119.527611,5713400
2020-10-02,137.929993,139.119995,136.949997,138.119995,118.566185,6077900
2020-10-05,138.720001,139.649994,138.300003,139.389999,119.656349,6333900
2020-10-06,139.419998,140.770004,138.809998,139.610001,119.845253,6042900
2020-10-07,140.080002,141.389999,139.369995,140.699997,120.780891,4640900
2020-10-08,140.559998,141.929993,140.360001,141.649994,121.596466,4569800
2020-10-09,141.839996,143.639999,141.699997,142.919998,122.686638,6551700
2020-10-12,143.330002,145.330002,143.330002,144.490005,124.034386,5791500
2020-10-13,143.820007,144.839996,143.460007,144.210007,123.793999,4509400
2020-10-14,144.179993,145.100006,143.080002,144.039993,123.648041,3860700
2020-10-15,143.059998,144.389999,142.889999,143.830002,123.467804,4997100
2020-10-16,144.419998,145.869995,143.919998,144.389999,123.948517,6806100
2020-10-19,144.470001,145.389999,141.130005,141.910004,121.819603,6427600
2020-10-20,145.610001,145.690002,141.899994,142.479996,122.308922,7582100
2020-10-21,142.490005,144.339996,142.470001,143.25,122.96994,5649700
2020-10-22,141.490005,142.75,141.080002,141.449997,122.098969,4502900
2020-10-23,141.759995,142.880005,141.759995,142.380005,122.901733,4278100
2020-10-26,141.5,142.050003,140.009995,141.300003,121.969482,5315500
2020-10-27,141.940002,143.339996,141.649994,142.360001,122.884445,6806700
2020-10-28,140.449997,140.940002,137.309998,137.660004,118.827431,8192200
2020-10-29,137.350006,139.089996,135.800003,137.570007,118.749809,5476900
2020-10-30,137.179993,137.990005,134.679993,137.100006,118.34404,6422000
2020-11-02,138.509995,140.0,137.440002,138.5,119.552528,6682800
2020-11-03,139.320007,142.660004,139.320007,141.220001,121.900421,6244200
2020-11-04,140.460007,143.0,140.270004,140.639999,121.399727,5820600
2020-11-05,142.440002,143.529999,141.779999,142.380005,122.901733,5673100
2020-11-06,142.669998,144.070007,142.380005,143.229996,123.635437,4702300
2020-11-09,146.149994,146.919998,137.600006,137.990005,119.112289,12664700
2020-11-10,138.100006,140.619995,137.149994,140.259995,121.07177,7854000
2020-11-11,141.850006,143.0,140.649994,142.070007,122.63414,5554300
2020-11-12,142.289993,142.550003,141.070007,142.149994,122.703194,5631700
2020-11-13,142.210007,144.479996,141.880005,144.279999,124.541779,6466800
2020-11-16,144.779999,144.779999,141.259995,142.429993,122.944862,7976600
2020-11-17,141.889999,143.470001,141.75,141.880005,122.470116,6396800
2020-11-18,141.990005,142.100006,139.660004,139.699997,120.588341,6097100
2020-11-19,139.869995,140.119995,138.449997,139.529999,120.441605,5284100
2020-11-20,139.529999,140.350006,138.630005,139.300003,120.243065,4726900
2020-11-23,139.320007,139.949997,137.860001,138.759995,119.776947,4770600
2020-11-24,138.830002,139.839996,138.070007,138.309998,119.388496,7101800
2020-11-25,138.160004,139.389999,138.039993,138.679993,119.707893,8411300
2020-11-27,138.589996,138.889999,137.529999,138.610001,119.647491,4252200
2020-11-30,138.0,139.199997,136.740005,138.869995,119.871925,11640400
2020-12-01,139.160004,139.539993,138.160004,139.369995,120.30352,7169700
2020-12-02,139.369995,139.940002,137.490005,138.360001,119.431679,6963000
2020-12-03,138.089996,138.350006,135.539993,137.339996,118.551201,8742500
2020-12-04,137.210007,137.860001,135.869995,137.470001,118.663445,6617200
2020-12-07,136.610001,137.740005,136.559998,137.679993,118.844711,6918000
2020-12-08,137.020004,138.779999,136.429993,138.050003,119.164085,6493500
2020-12-09,137.830002,138.039993,136.25,136.410004,117.748459,6773400
2020-12-10,136.520004,136.919998,135.039993,135.509995,116.971581,6800500
2020-12-11,134.460007,136.800003,134.199997,136.509995,117.83477,6548000
2020-12-14,137.020004,137.929993,135.770004,135.850006,117.265076,6485300
2020-12-15,136.389999,137.539993,136.240005,136.649994,117.955605,5397000
2020-12-16,136.710007,138.270004,136.710007,137.270004,118.490791,5382500
2020-12-17,138.009995,139.119995,137.949997,138.25,119.336708,7405300
2020-12-18,138.259995,140.070007,137.449997,139.039993,120.018646,19988800
2020-12-21,137.960007,138.429993,136.220001,137.520004,118.706581,6732400
2020-12-22,137.289993,138.070007,136.380005,136.550003,117.869308,5023100
2020-12-23,137.389999,137.550003,136.130005,136.339996,117.687996,6004200
2020-12-24,136.199997,138.130005,136.199997,137.720001,118.879234,2588200
2020-12-28,138.149994,139.389999,137.949997,138.679993,119.707893,3714700
2020-12-29,139.220001,139.940002,138.199997,138.419998,119.483475,5139300
2020-12-30,138.600006,138.919998,137.550003,137.770004,118.922394,3261400
2020-12-31,138.309998,139.289993,137.389999,139.139999,120.104942,4076400
2021-01-04,139.660004,139.860001,136.350006,137.820007,118.965538,8330900
2021-01-05,137.990005,138.919998,136.270004,138.699997,119.725151,6856400
2021-01-06,138.770004,141.039993,138.600006,140.160004,120.985428,10578000
2021-01-07,139.75,140.130005,138.039993,138.850006,119.854645,7355400
2021-01-08,138.470001,139.059998,137.0,138.789993,119.802834,7448500
2021-01-11,138.75,139.440002,137.600006,137.850006,118.991432,7239900
2021-01-12,137.850006,138.25,136.240005,137.050003,118.300888,6333500
2021-01-13,137.100006,138.070007,137.100006,137.259995,118.482162,6078800
2021-01-14,137.429993,137.649994,135.279999,135.800003,117.221901,6172800
2021-01-15,135.25,136.199997,134.660004,134.779999,116.341446,7757600
2021-01-19,135.699997,136.360001,133.559998,133.600006,115.322891,9184900
2021-01-20,132.529999,133.800003,131.259995,131.929993,113.881325,12506600
2021-01-21,130.649994,131.990005,130.509995,131.009995,113.769295,8761600
2021-01-22,131.020004,131.470001,129.990005,130.0,112.892227,7202800
2021-01-25,129.949997,133.0,129.899994,132.240005,114.83744,9640000
2021-01-26,132.25,133.470001,131.429993,133.089996,115.575584,5996700
2021-01-27,132.389999,133.100006,127.699997,128.380005,111.485413,10826700
2021-01-28,127.839996,131.649994,127.440002,130.360001,113.204849,8242000
2021-01-29,130.190002,130.289993,128.070007,128.210007,111.337799,8344100
2021-02-01,129.0,129.660004,128.199997,128.970001,111.99778,6534200
2021-02-02,129.600006,130.720001,128.690002,128.789993,111.841461,6825600
2021-02-03,128.949997,129.199997,127.75,128.949997,111.9804,7309400
2021-02-04,129.380005,129.460007,128.580002,129.029999,112.049881,6613700
2021-02-05,129.119995,130.100006,129.029999,129.570007,112.518822,5063700
2021-02-08,129.929993,130.100006,128.110001,129.169998,112.171448,7011200
2021-02-09,129.460007,129.940002,128.229996,128.669998,111.737259,5917800
2021-02-10,128.75,129.160004,127.959999,128.220001,111.346474,8594100
2021-02-11,128.539993,129.330002,128.210007,128.330002,111.442009,6139200
2021-02-12,128.0,128.130005,126.580002,127.620003,110.825424,8407300
2021-02-16,127.970001,128.169998,126.989998,127.919998,111.08596,8246000
2021-02-17,127.190002,129.490005,127.110001,128.460007,111.554901,8845200
2021-02-18,127.809998,129.850006,127.589996,129.529999,112.48407,6936400
2021-02-19,129.350006,129.440002,127.019997,127.120003,110.391235,8277900
2021-02-22,126.790001,127.239998,126.379997,126.580002,109.922287,6975500
2021-02-23,127.779999,129.929993,127.190002,127.519997,110.738602,10145300
2021-02-24,127.349998,128.240005,126.910004,127.660004,110.860168,7263000
2021-02-25,127.489998,128.990005,126.290001,126.580002,109.922287,7790800
2021-02-26,126.540001,126.93,121.82,123.529999,107.273659,17718800
2021-03-01,124.160004,125.489998,124.0,124.290001,107.933655,7740200
2021-03-02,123.870003,124.860001,123.43,123.900002,107.594971,10206500
2021-03-03,123.769997,124.199997,122.790001,123.160004,106.95237,7537000
2021-03-04,123.099998,124.769997,121.540001,122.150002,106.075279,10228100
2021-03-05,122.760002,126.330002,122.550003,125.980003,109.401268,10490900
2021-03-08,125.760002,128.899994,125.32,127.309998,110.556221,9224700
2021-03-09,127.650002,128.919998,126.059998,126.18,109.574936,8859700
2021-03-10,126.150002,128.419998,125.470001,127.339996,110.58226,9070900
2021-03-11,127.129997,127.849998,126.720001,126.910004,110.208885,6941500
2021-03-12,127.650002,128.820007,127.650002,128.139999,111.276993,6521900
2021-03-15,128.389999,129.039993,127.190002,128.559998,111.641716,7172600
2021-03-16,128.509995,129.979996,128.509995,128.940002,111.971725,6485200
2021-03-17,129.110001,129.839996,128.350006,128.419998,111.520149,6192900
2021-03-18,128.210007,129.039993,127.040001,128.699997,111.763306,6871300
2021-03-19,129.100006,129.740005,127.900002,128.009995,111.164093,20262100
2021-03-22,128.009995,130.889999,128.009995,130.179993,113.048531,8077600
2021-03-23,130.410004,133.289993,129.990005,132.600006,115.150055,9503800
2021-03-24,130.940002,133.139999,130.619995,132.559998,115.115341,8318000
2021-03-25,133.089996,133.619995,132.050003,133.479996,115.914261,7517300
2021-03-26,133.220001,135.610001,132.479996,135.449997,117.624992,10821200
2021-03-29,135.0,137.600006,135.0,137.570007,119.466057,11176000
2021-03-30,136.610001,137.0,135.139999,135.449997,117.624992,8090600
2021-03-31,135.679993,136.75,135.259995,135.429993,117.607635,9202600
2021-04-01,135.050003,135.479996,133.330002,134.279999,116.608955,9117800
2021-04-05,134.960007,137.25,134.729996,136.449997,118.493423,8279100
2021-04-06,136.0,137.020004,135.639999,136.5,118.536842,6180600
2021-04-07,137.119995,137.330002,136.25,136.740005,118.74527,10244500
2021-04-08,136.899994,137.630005,136.589996,137.259995,119.1968,6190300
2021-04-09,136.509995,137.270004,135.559998,136.369995,118.423965,5855400
2021-04-12,136.5,137.039993,135.710007,136.919998,118.901573,6440900
2021-04-13,136.020004,136.389999,134.839996,135.110001,117.329796,9161200
2021-04-14,135.520004,135.789993,134.580002,135.600006,117.755272,7584000
2021-04-15,135.970001,137.759995,135.869995,137.240005,119.179451,7945300
2021-04-16,137.610001,137.899994,136.880005,137.25,119.188133,7708500
2021-04-19,136.940002,137.080002,135.389999,136.610001,118.632347,9149400
2021-04-20,134.839996,138.589996,133.529999,137.75,119.622353,10040500
2021-04-21,137.889999,138.570007,136.600006,136.850006,118.840767,8465900
2021-04-22,135.369995,135.789993,134.059998,134.630005,117.660919,7338300
2021-04-23,134.929993,135.080002,133.25,133.940002,117.057892,6708300
2021-04-26,133.490005,133.759995,131.169998,131.259995,114.715706,9910600
2021-04-27,131.240005,131.889999,130.289993,131.179993,114.645782,8296800
2021-04-28,131.710007,131.850006,130.880005,131.399994,114.838051,6262800
2021-04-29,131.309998,132.990005,131.309998,132.509995,115.808136,6786800
2021-04-30,132.75,133.669998,132.259995,133.419998,116.603455,9188600
2021-05-03,134.029999,135.679993,134.029999,135.0,117.984299,8070300
2021-05-04,134.979996,135.830002,134.210007,134.539993,117.582275,9624000
2021-05-05,134.369995,134.970001,133.369995,133.460007,116.63842,8295900
2021-05-06,134.009995,135.369995,133.919998,135.139999,118.106644,9771100
2021-05-07,135.080002,136.029999,134.759995,135.149994,118.115379,6299100
2021-05-10,135.889999,138.419998,135.690002,137.669998,120.317764,8852700
2021-05-11,138.490005,138.789993,136.470001,136.990005,119.723473,10973700
2021-05-12,136.490005,137.0,135.490005,135.539993,118.456245,8853700
2021-05-13,135.889999,138.529999,135.389999,137.720001,120.361465,8753600
2021-05-14,137.669998,139.100006,137.669998,138.009995,120.614906,5989500
2021-05-17,137.970001,139.070007,137.610001,137.729996,120.370193,7690700
2021-05-18,136.460007,137.830002,136.149994,136.320007,119.137939,9239100
2021-05-19,136.059998,136.830002,135.589996,136.600006,119.382622,9806800
2021-05-20,136.789993,138.710007,136.720001,138.0,120.606133,8768200
2021-05-21,138.199997,138.940002,137.779999,138.0,120.606133,10161000
2021-05-24,138.0,138.800003,137.729996,137.960007,120.57119,6981300
2021-05-25,138.050003,138.479996,136.75,138.429993,120.981979,8142400
2021-05-26,138.789993,138.860001,137.869995,138.119995,120.711075,8122900
2021-05-27,138.119995,138.279999,134.660004,134.979996,117.966812,33095700
2021-05-28,135.149994,136.130005,134.639999,134.850006,117.853226,10477100
2021-06-01,135.789993,136.0,132.479996,132.880005,116.131516,9993900
2021-06-02,133.0,133.630005,132.520004,133.460007,116.63842,8254100
2021-06-03,133.229996,135.910004,133.199997,135.850006,118.727173,11249800
2021-06-04,135.699997,136.619995,135.399994,135.949997,118.814537,6894400
2021-06-07,136.360001,136.839996,135.679993,136.419998,119.225327,8418000
2021-06-08,136.679993,136.75,134.75,134.839996,117.844467,6911500
2021-06-09,135.550003,136.440002,134.740005,134.789993,117.800735,6200700
2021-06-10,135.020004,136.350006,134.619995,135.789993,118.674713,6515500
2021-06-11,135.75,135.869995,133.899994,134.860001,117.861954,10641400
2021-06-14,134.979996,135.029999,133.960007,134.910004,117.90564,6302000
2021-06-15,135.199997,135.639999,134.550003,134.649994,117.678375,5543400
2021-06-16,135.179993,135.580002,132.649994,132.779999,116.044113,8936400
2021-06-17,132.820007,134.160004,132.649994,133.990005,117.101601,7875600
2021-06-18,133.339996,133.350006,131.940002,132.029999,115.388641,13997600
2021-06-21,132.690002,133.259995,132.399994,133.070007,116.297577,8014800
2021-06-22,133.039993,134.020004,132.880005,133.119995,116.341255,6550900
2021-06-23,132.949997,133.360001,132.320007,132.929993,116.175186,5796000
2021-06-24,132.949997,133.309998,132.699997,133.020004,116.25386,6056700
2021-06-25,133.259995,135.539993,132.949997,134.919998,117.914413,24504900
2021-06-28,134.899994,136.160004,134.759995,135.320007,118.263962,6065400
2021-06-29,135.509995,135.830002,133.820007,134.399994,117.459915,5792300
2021-06-30,134.580002,135.289993,134.289993,134.929993,117.923111,5776600
2021-07-01,135.429993,136.139999,134.919998,135.240005,118.194054,5922300
2021-07-02,135.600006,136.639999,135.419998,135.899994,118.770866,5572000
2021-07-06,135.520004,136.300003,135.360001,135.979996,118.840759,6534400
2021-07-07,136.029999,137.589996,136.029999,137.0,119.732193,5532700
2021-07-08,136.990005,137.399994,135.889999,136.979996,119.714699,7585200
2021-07-09,137.240005,137.649994,136.839996,137.029999,119.758415,5948700
2021-07-12,136.899994,137.470001,136.429993,137.139999,119.854576,6807300
2021-07-13,136.389999,137.570007,136.389999,136.970001,119.705978,5603800
2021-07-14,137.009995,138.229996,136.369995,137.979996,120.588669,5903600
2021-07-15,138.009995,139.259995,137.699997,139.160004,121.619972,7357100
2021-07-16,139.300003,140.779999,139.110001,140.509995,122.799797,9346300
2021-07-19,140.320007,141.869995,138.809998,140.440002,122.738609,9544100
2021-07-20,140.440002,141.979996,139.639999,139.690002,122.08316,8136300
2021-07-21,139.949997,140.199997,138.990005,139.199997,121.654922,6954700
2021-07-22,137.289993,138.330002,136.710007,137.800003,121.188805,6013800
2021-07-23,137.479996,139.979996,137.080002,139.789993,122.938919,7906000
2021-07-26,139.619995,140.820007,139.220001,140.279999,123.36985,5925800
2021-07-27,140.149994,141.619995,140.0,140.850006,123.87114,7075400
2021-07-28,140.669998,140.669998,138.710007,138.759995,122.033073,8520000
2021-07-29,139.759995,140.179993,138.729996,139.479996,122.66629,5430500
2021-07-30,142.0,144.539993,141.550003,142.229996,125.084808,14394300
2021-08-02,141.770004,142.429993,140.800003,141.880005,124.776955,7009500
2021-08-03,141.860001,144.210007,141.520004,143.949997,126.597466,8455700
2021-08-04,143.039993,144.089996,142.350006,142.429993,125.260696,6628000
2021-08-05,143.350006,143.550003,141.470001,142.5,125.32225,5363300
2021-08-06,143.029999,143.119995,141.220001,141.410004,124.363655,6030100
2021-08-09,141.949997,142.589996,141.699997,142.179993,125.040802,4743800
2021-08-10,141.910004,142.509995,141.660004,142.270004,125.119987,5253500
2021-08-11,142.740005,143.240005,142.470001,142.619995,125.427841,4205000
2021-08-12,143.149994,143.149994,142.350006,142.949997,125.717987,4956100
2021-08-13,142.949997,143.990005,142.690002,143.639999,126.324814,4888800
2021-08-16,143.669998,144.690002,143.380005,144.639999,127.204292,6040800
2021-08-17,144.399994,145.600006,143.889999,144.880005,127.415321,7577000
2021-08-18,144.699997,144.880005,143.179993,143.300003,126.025803,7162000
2021-08-19,143.160004,145.279999,143.160004,144.990005,127.512131,5787200
2021-08-20,145.25,145.979996,144.779999,145.089996,127.600029,5273800
2021-08-23,144.289993,145.339996,144.229996,144.350006,126.949234,4522200
2021-08-24,144.009995,144.149994,142.979996,143.179993,125.920265,4560400
2021-08-25,143.070007,143.130005,142.25,142.669998,125.471748,3861500
2021-08-26,142.559998,142.710007,141.470001,142.419998,125.251877,4749400
2021-08-27,142.479996,142.770004,141.639999,142.309998,125.155159,4741200
2021-08-30,142.600006,142.990005,142.050003,142.929993,125.700417,3845800
2021-08-31,143.039993,143.529999,142.050003,142.389999,125.22551,9642400
2021-09-01,142.330002,144.190002,142.229996,143.839996,126.50071,6214200
2021-09-02,143.970001,144.729996,143.580002,143.949997,126.597466,5392500
2021-09-03,143.759995,144.369995,143.520004,144.050003,126.685425,5466400
2021-09-07,144.320007,144.5,143.289993,143.509995,126.210495,6520600
2021-09-08,143.080002,144.940002,143.009995,144.600006,127.169113,6897800
2021-09-09,144.570007,144.880005,143.649994,143.990005,126.63266,6354700
2021-09-10,144.059998,144.460007,143.320007,144.130005,126.755753,5750000
2021-09-13,144.850006,147.229996,144.850006,145.679993,128.118927,9952500
2021-09-14,146.130005,146.360001,144.949997,145.429993,127.899033,5831800
2021-09-15,145.350006,145.770004,144.740005,145.119995,127.626389,6237100
2021-09-16,144.839996,145.190002,142.820007,144.110001,126.738182,6142100
2021-09-17,144.369995,146.279999,144.229996,144.339996,126.940453,18737400
2021-09-20,144.220001,144.850006,141.970001,142.889999,125.665215,10238700
2021-09-21,142.979996,144.529999,142.880005,143.110001,125.858719,6651300
2021-09-22,143.820007,144.350006,142.860001,143.600006,126.289688,6332500
2021-09-23,144.059998,144.690002,143.490005,144.190002,126.808525,5171200
2021-09-24,143.800003,144.449997,143.089996,143.550003,126.245667,5009400
2021-09-27,143.149994,143.169998,141.520004,141.660004,124.583519,5749700
2021-09-28,141.050003,141.369995,139.559998,140.589996,123.642509,7015300
2021-09-29,140.270004,142.679993,140.179993,142.020004,124.900108,5460000
2021-09-30,142.639999,142.740005,139.529999,139.800003,122.947716,6934900
2021-10-01,139.929993,140.229996,138.320007,139.580002,122.754234,5587200
2021-10-04,139.389999,140.399994,137.600006,138.789993,122.059464,5816000
2021-10-05,138.800003,140.520004,138.720001,139.330002,122.534348,6902700
2021-10-06,138.990005,141.259995,138.619995,141.190002,124.170174,5332900
2021-10-07,141.75,143.029999,141.75,142.320007,125.163963,5334600
2021-10-08,142.289993,142.619995,141.039993,141.729996,124.645081,6131800
2021-10-11,142.369995,142.770004,141.770004,142.320007,125.163963,5995600
2021-10-12,142.600006,143.039993,141.699997,142.110001,124.97924,6734800
2021-10-13,142.399994,142.759995,141.029999,142.440002,125.269478,5689800
2021-10-14,142.830002,144.309998,142.809998,144.050003,126.685425,6777800
2021-10-15,144.520004,144.869995,143.679993,144.419998,127.01078,6923700
2021-10-18,143.550003,143.699997,142.100006,142.339996,125.181503,9119000
2021-10-19,139.080002,140.820007,138.800003,140.660004,123.704033,9555300
2021-10-20,140.149994,141.960007,139.850006,141.210007,124.187767,7352700
2021-10-21,140.860001,141.160004,139.179993,139.330002,123.293968,6545500
2021-10-22,139.389999,141.009995,139.320007,140.830002,124.621361,5265000
2021-10-25,140.410004,140.919998,139.050003,140.850006,124.639053,5382100
2021-10-26,141.619995,143.179993,141.240005,142.850006,126.408875,6234900
2021-10-27,143.139999,143.679993,141.690002,141.830002,125.506271,9643500
2021-10-28,141.889999,142.880005,141.710007,142.679993,126.258377,4538500
2021-10-29,142.160004,143.479996,142.020004,142.990005,126.532738,6239500
2021-11-01,143.360001,143.800003,142.490005,142.639999,126.223038,5038900
2021-11-02,142.720001,144.580002,142.279999,144.059998,127.479607,9954300
2021-11-03,144.130005,145.110001,143.520004,145.050003,128.355652,7620100
2021-11-04,142.839996,145.389999,142.339996,145.320007,128.594604,6402500
2021-11-05,145.440002,146.369995,144.800003,146.039993,129.23175,6062700
2021-11-08,145.5,146.100006,144.020004,144.949997,128.267136,5854400
2021-11-09,145.029999,145.830002,144.580002,145.389999,128.656555,4873100
2021-11-10,145.740005,147.309998,145.589996,146.820007,129.921967,7334900
2021-11-11,146.860001,146.970001,146.210007,146.399994,129.550308,4096300
2021-11-12,146.740005,147.080002,145.979996,146.559998,129.691864,5687400
2021-11-15,147.029999,147.75,146.470001,147.399994,130.435165,5510200
2021-11-16,147.389999,148.589996,147.009995,147.190002,130.249359,7603900
2021-11-17,146.970001,147.779999,146.419998,147.100006,130.169724,4900200
2021-11-18,147.039993,148.080002,146.509995,147.119995,130.187408,5509300
2021-11-19,147.949997,148.229996,146.789993,146.820007,129.921967,6274300
2021-11-22,146.970001,148.940002,146.830002,147.800003,130.789124,6625400
2021-11-23,147.830002,149.5,147.669998,149.440002,132.240341,7912800
2021-11-24,148.770004,148.880005,147.679993,148.660004,131.55014,5665200
2021-11-26,148.580002,149.720001,147.309998,147.470001,130.497131,6299800
2021-11-29,147.789993,149.660004,146.789993,149.020004,131.86879,7113300
2021-11-30,147.809998,148.539993,144.119995,144.580002,127.939789,11696400
2021-12-01,144.850006,147.869995,144.850006,146.399994,129.550308,8313500
2021-12-02,147.009995,148.460007,146.940002,147.259995,130.311295,9468800
2021-12-03,148.020004,150.0,147.660004,149.880005,132.629761,11200800
2021-12-06,150.190002,152.389999,150.190002,152.149994,134.638519,11935100
2021-12-07,151.949997,152.580002,151.270004,151.75,134.284561,7913400
2021-12-08,151.669998,152.660004,150.279999,152.429993,134.886276,8329300
2021-12-09,152.309998,154.190002,151.600006,153.320007,135.673843,8334300
2021-12-10,153.850006,155.800003,153.429993,155.460007,137.567581,7172300
2021-12-13,155.300003,158.330002,154.910004,157.669998,139.523163,8944000
2021-12-14,157.899994,158.630005,156.660004,158.25,140.036453,8677500
2021-12-15,157.639999,159.639999,157.639999,158.860001,140.576172,9152600
2021-12-16,158.729996,161.320007,158.419998,161.110001,142.567276,10852900
2021-12-17,160.660004,161.720001,157.309998,157.460007,139.337341,24349400
2021-12-20,156.600006,158.460007,156.570007,157.860001,139.691315,9202600
2021-12-21,157.649994,158.149994,156.789993,157.759995,139.602829,6946000
2021-12-22,157.770004,159.580002,157.270004,159.320007,140.983261,6626300
2021-12-23,159.5,160.919998,159.440002,160.100006,141.673508,5640900
2021-12-27,160.669998,161.990005,160.610001,161.970001,143.328278,4548600
2021-12-28,161.960007,163.380005,161.940002,162.839996,144.09816,5929400
2021-12-29,163.210007,164.979996,163.080002,164.190002,145.292755,5346100
2021-12-30,164.399994,164.589996,162.610001,162.770004,144.036209,5911500
2021-12-31,162.860001,163.729996,162.460007,163.580002,144.752991,5327000
2022-01-03,161.690002,162.940002,159.880005,162.899994,144.15123,9317300
2022-01-04,162.289993,164.389999,162.179993,163.470001,144.65564,9253800
2022-01-05,163.440002,165.320007,163.399994,164.210007,145.310455,9330200
2022-01-06,164.339996,165.199997,162.610001,162.830002,144.089325,7556000
2022-01-07,163.130005,163.529999,161.949997,162.740005,144.009674,6098500
2022-01-10,162.509995,163.119995,160.169998,160.520004,142.045151,8055000
2022-01-11,160.220001,160.220001,156.910004,158.660004,140.399261,11957900
2022-01-12,158.259995,159.360001,157.830002,159.009995,140.708923,7127500
2022-01-13,159.309998,159.449997,157.779999,158.289993,140.071808,6551000
2022-01-14,158.070007,160.490005,157.559998,159.809998,141.416901,10708000
2022-01-18,158.529999,158.529999,156.039993,156.729996,138.691376,10988400
2022-01-19,157.610001,164.190002,156.970001,162.0,143.354858,14088300
2022-01-20,160.119995,164.330002,160.119995,162.0,144.128845,10799100
2022-01-21,163.0,165.350006,162.100006,162.619995,144.680435,10900400
2022-01-24,163.429993,164.119995,158.720001,161.300003,143.506073,14838100
2022-01-25,160.449997,161.300003,157.889999,159.539993,141.940216,9369600
2022-01-26,157.339996,159.570007,156.380005,158.149994,140.703598,10707100
2022-01-27,158.729996,161.350006,158.580002,159.130005,141.57547,9083000
2022-01-28,158.610001,160.949997,157.320007,160.5,142.794342,9494200
2022-01-31,159.350006,160.649994,158.869995,160.449997,142.749832,8950100
2022-02-01,160.789993,161.300003,157.729996,159.740005,142.118164,6284100
2022-02-02,160.139999,162.839996,159.470001,162.600006,144.662659,7558800
2022-02-03,161.979996,164.979996,161.619995,164.139999,146.032761,10474500
2022-02-04,163.130005,164.490005,161.410004,161.529999,143.710724,8959900
2022-02-07,161.869995,162.259995,159.669998,160.320007,142.634155,6430500
2022-02-08,161.119995,161.270004,159.649994,159.960007,142.313904,5048700
2022-02-09,160.360001,160.639999,159.270004,159.600006,141.993591,8077400
2022-02-10,159.089996,159.5,156.649994,157.169998,139.83168,7033000
2022-02-11,158.009995,158.580002,155.580002,156.289993,139.048737,9341400
2022-02-14,156.139999,157.059998,153.360001,156.740005,139.449127,9472200
2022-02-15,157.770004,159.320007,156.110001,156.820007,139.520279,6659200
2022-02-16,156.830002,158.779999,156.270004,158.009995,140.579025,9315700
2022-02-17,158.380005,160.380005,157.350006,159.820007,142.189346,7925500
2022-02-18,159.5,161.059998,158.820007,159.899994,142.260498,8063200
2022-02-22,160.110001,160.880005,156.660004,157.929993,140.507843,8179500
2022-02-23,158.300003,158.600006,155.600006,155.960007,138.755173,6273000
2022-02-24,155.639999,155.979996,150.559998,151.759995,135.018448,13145100
2022-02-25,152.330002,158.940002,152.25,158.240005,140.7836,8888800
2022-02-28,156.289993,157.190002,153.820007,155.889999,138.692886,8669200
2022-03-01,154.309998,155.399994,152.339996,153.309998,136.397476,8311900
2022-03-02,152.960007,155.080002,152.600006,153.789993,136.824493,6111300
2022-03-03,153.770004,155.860001,153.770004,154.360001,137.331696,7451200
2022-03-04,153.119995,155.350006,152.550003,155.139999,138.025604,8639100
2022-03-07,154.490005,154.520004,151.139999,152.839996,135.979324,8374500
2022-03-08,152.179993,152.949997,146.580002,146.789993,130.596741,9517200
2022-03-09,148.830002,150.470001,147.809998,148.770004,132.358322,7044100
2022-03-10,147.800003,148.279999,143.940002,144.940002,128.950867,9221000
2022-03-11,145.399994,146.160004,143.029999,143.220001,127.420586,7086100
2022-03-14,144.449997,146.039993,143.350006,145.050003,129.048706,7964600
2022-03-15,147.009995,150.539993,146.889999,150.270004,133.692886,9868400
2022-03-16,150.630005,151.789993,148.039993,149.759995,133.239075,6908900
2022-03-17,149.990005,150.470001,148.5,150.229996,133.657303,6003800
2022-03-18,150.869995,150.869995,148.240005,150.149994,133.58609,15570300
2022-03-21,150.440002,151.419998,149.240005,150.720001,134.093201,6937500
2022-03-22,153.429993,153.600006,150.520004,151.880005,135.125244,7292100
2022-03-23,152.199997,153.009995,150.690002,150.820007,134.18219,5531900
2022-03-24,150.889999,151.559998,150.160004,151.080002,134.413467,4203100
2022-03-25,151.630005,153.919998,151.509995,152.830002,135.970428,5047700
2022-03-28,153.639999,153.899994,152.630005,153.880005,136.904633,4234000
2022-03-29,155.369995,156.470001,154.020004,155.460007,138.310333,5643400
2022-03-30,152.5,154.429993,151.940002,154.389999,137.358337,5779300
2022-03-31,154.100006,154.339996,152.399994,152.800003,135.943756,7538600
2022-04-01,153.520004,155.460007,152.059998,155.089996,137.98114,5742600
2022-04-04,153.809998,154.350006,151.259995,154.080002,137.082581,5992000
2022-04-05,153.610001,157.369995,153.539993,154.619995,137.562988,7653000
2022-04-06,154.419998,157.289993,153.940002,156.830002,139.52916,8884700
2022-04-07,157.869995,159.389999,156.970001,158.860001,141.335236,6889700
2022-04-08,159.699997,160.529999,158.919998,160.100006,142.438461,6045400
2022-04-11,159.949997,161.210007,158.630005,159.490005,141.895767,6158400
2022-04-12,159.309998,160.630005,158.699997,159.009995,141.468689,7221500
2022-04-13,159.080002,160.410004,158.710007,159.460007,141.869049,5247700
2022-04-14,159.979996,160.300003,158.449997,158.570007,141.077209,7806500
2022-04-18,158.479996,158.979996,156.529999,157.059998,139.733826,6034500
2022-04-19,156.770004,160.029999,156.300003,159.410004,141.8246,7897000
2022-04-20,160.5,164.479996,160.0,163.649994,145.596817,10196100
2022-04-21,163.820007,164.899994,162.429993,162.610001,145.4832,9365700
2022-04-22,163.240005,163.520004,160.910004,161.25,144.266434,9394600
2022-04-25,161.699997,163.289993,159.800003,162.550003,145.429504,6986800
2022-04-26,162.679993,163.639999,159.75,159.789993,142.96022,7769500
2022-04-27,160.210007,161.449997,159.110001,159.360001,142.575516,6754900
2022-04-28,160.539993,163.710007,159.270004,163.410004,146.198959,9306800
2022-04-29,162.470001,162.949997,160.199997,160.550003,143.640167,10637000
2022-05-02,161.600006,162.0,156.190002,158.380005,141.698761,10351600
2022-05-03,158.220001,158.990005,155.009995,156.210007,139.757294,10344000
2022-05-04,155.830002,157.550003,155.149994,157.360001,140.786133,7771000
2022-05-05,156.300003,157.289993,153.139999,154.460007,138.191605,8217100
2022-05-06,154.770004,156.240005,153.869995,156.0,139.569382,7304800
2022-05-09,153.960007,156.759995,152.75,155.610001,139.220459,8540800
2022-05-10,155.550003,156.619995,153.940002,154.789993,138.486862,7447400
2022-05-11,154.029999,155.899994,152.350006,152.610001,136.536438,7692200
2022-05-12,153.520004,153.610001,149.880005,151.990005,135.98175,9600800
2022-05-13,152.580002,153.729996,150.419998,153.619995,137.440079,5675500
2022-05-16,153.470001,155.899994,152.029999,155.119995,138.782074,5971000
2022-05-17,155.130005,156.75,153.070007,154.679993,138.388397,6509100
2022-05-18,154.669998,154.759995,144.539993,145.039993,129.763733,9670700
2022-05-19,143.410004,143.419998,140.600006,141.699997,126.77552,9694100
2022-05-20,142.149994,142.449997,139.179993,141.789993,126.856071,7786900
2022-05-23,142.839996,145.630005,142.080002,145.050003,129.772675,7134500
2022-05-24,144.889999,147.940002,144.820007,147.630005,132.081009,7207400
2022-05-25,147.110001,147.139999,143.5,145.210007,129.915833,8217800
2022-05-26,146.479996,147.380005,145.039993,146.479996,131.052078,5702600
2022-05-27,146.970001,148.720001,146.630005,148.720001,133.056137,6028800
2022-05-31,147.289993,148.990005,146.160004,147.880005,132.304642,12416700
2022-06-01,148.0,148.119995,144.710007,145.639999,130.300537,7036000
2022-06-02,145.970001,147.259995,142.630005,147.210007,131.705185,6479800
2022-06-03,146.360001,147.210007,145.119995,145.889999,130.5242,4720700
2022-06-06,147.369995,147.639999,144.589996,145.320007,130.014267,4751100
2022-06-07,143.669998,147.179993,143.429993,146.940002,131.463638,4918600
2022-06-08,146.300003,146.429993,144.990005,145.110001,129.82634,4369600
2022-06-09,145.410004,146.889999,142.339996,142.490005,127.482361,4625700
2022-06-10,140.889999,143.149994,139.449997,141.949997,126.999214,6630800
2022-06-13,139.5,140.490005,137.630005,138.149994,123.599442,8549500
2022-06-14,137.509995,137.580002,132.539993,133.839996,119.74337,9980200
2022-06-15,134.440002,134.899994,129.5,132.509995,118.553467,12178100
2022-06-16,131.029999,135.070007,130.600006,133.320007,119.27816,9683300
2022-06-17,132.559998,134.259995,131.429993,132.360001,118.419281,17113300
2022-06-21,134.619995,137.0,133.429993,136.369995,122.006927,9017000
2022-06-22,135.679993,139.690002,135.669998,138.5,123.91259,8374500
2022-06-23,139.050003,142.479996,138.899994,142.300003,127.312347,6418300
2022-06-24,144.199997,145.240005,143.119995,144.350006,129.146439,19440600
2022-06-27,144.119995,144.759995,142.710007,143.25,128.162292,5618500
2022-06-28,143.539993,144.089996,140.580002,140.919998,126.077721,6077300
2022-06-29,141.600006,142.860001,141.149994,142.199997,127.222885,5174600
2022-06-30,141.690002,144.440002,141.229996,143.789993,128.64537,7410100
2022-07-01,144.240005,146.25,143.399994,146.110001,130.721085,5937200
2022-07-05,144.580002,146.100006,142.539993,144.699997,129.459564,5760900
2022-07-06,145.509995,147.490005,144.970001,146.050003,130.667374,5485200
2022-07-07,145.289993,146.190002,144.600006,146.0,130.62265,6623400
2022-07-08,145.990005,146.809998,144.570007,145.020004,129.74588,4294200
2022-07-11,145.149994,146.580002,144.679993,146.039993,130.658447,5482900
2022-07-12,145.860001,146.919998,144.369995,144.75,129.504318,5204400
2022-07-13,144.410004,146.960007,144.210007,145.699997,130.354248,5075600
2022-07-14,143.759995,145.529999,143.470001,145.270004,129.969528,4867000
2022-07-15,145.339996,145.699997,144.100006,145.070007,129.790604,6264600
2022-07-18,144.940002,145.089996,143.169998,143.309998,128.215958,6047500
2022-07-19,144.570007,145.009995,143.639999,144.039993,128.86908,5943600
2022-07-20,144.0,144.220001,140.639999,141.550003,126.641335,8635300
2022-07-21,140.600006,141.360001,138.949997,140.770004,126.761078,8310200
2022-07-22,140.759995,143.169998,140.669998,143.020004,128.787186,5292700
2022-07-25,142.800003,144.419998,142.529999,143.990005,129.66066,5262100
2022-07-26,142.690002,144.490005,141.710007,144.270004,129.912827,5375700
2022-07-27,143.880005,146.210007,143.529999,145.639999,131.146454,5500000
2022-07-28,146.139999,148.610001,145.080002,148.059998,133.325607,7115700
2022-07-29,141.429993,142.5,138.229996,138.910004,125.086189,18694700
2022-08-01,138.339996,143.940002,138.270004,142.899994,128.679123,12590000
2022-08-02,143.110001,143.720001,141.770004,141.949997,127.823669,7495000
2022-08-03,141.660004,145.270004,140.910004,144.880005,130.462128,6811000
2022-08-04,144.850006,146.460007,144.009995,144.649994,130.25499,6124700
2022-08-05,143.75,144.839996,142.770004,144.720001,130.317993,4580300
2022-08-08,145.029999,146.470001,144.729996,145.270004,130.813278,4486800
2022-08-09,145.570007,145.940002,144.490005,144.929993,130.507095,3977300
2022-08-10,145.889999,146.5,145.389999,146.300003,131.740799,4641300
2022-08-11,146.809998,147.289993,144.929993,145.259995,130.80426,5954300
2022-08-12,145.910004,146.729996,144.960007,146.669998,132.073944,5038700
2022-08-15,146.869995,148.770004,146.75,148.559998,133.775848,6008000
2022-08-16,148.360001,150.600006,148.360001,149.929993,135.009521,7093000
2022-08-17,149.100006,149.75,148.880005,149.240005,134.388214,4834600
2022-08-18,148.869995,149.990005,148.520004,149.770004,134.865433,3829000
2022-08-19,149.210007,150.630005,148.720001,149.729996,134.829453,6502500
2022-08-22,148.979996,150.130005,148.839996,149.330002,134.469254,6380700
2022-08-23,148.429993,148.440002,145.830002,146.449997,131.875854,5268200
2022-08-24,146.610001,147.259995,145.119995,145.820007,131.308594,5903200
2022-08-25,145.229996,145.779999,144.490005,145.699997,131.200485,5097600
2022-08-26,146.0,146.529999,142.020004,142.289993,128.129837,6086600
2022-08-29,141.300003,142.690002,141.020004,141.690002,127.589523,5272100
2022-08-30,142.410004,142.410004,139.910004,140.179993,126.229797,5203700
2022-08-31,140.399994,140.880005,137.860001,137.940002,124.212746,8406900
2022-09-01,137.830002,139.759995,136.759995,139.639999,125.74353,7446500
2022-09-02,140.419998,141.149994,136.550003,137.160004,123.510345,7077800
2022-09-06,135.880005,137.940002,135.289993,135.630005,122.132614,8217200
2022-09-07,136.029999,137.759995,136.020004,137.679993,123.978577,6609400
2022-09-08,137.009995,138.490005,136.059998,137.860001,124.140709,7380500
2022-09-09,137.949997,141.089996,137.300003,139.960007,126.031708,6434300
2022-09-12,139.410004,141.800003,139.110001,141.100006,127.058281,5818700
2022-09-13,140.779999,141.429993,137.860001,138.179993,124.428833,6350200
2022-09-14,138.660004,139.660004,137.669998,138.509995,124.726006,6137800
2022-09-15,138.779999,138.889999,136.639999,137.440002,123.762497,5320700
2022-09-16,137.440002,139.059998,137.110001,138.279999,124.518898,9321500
2022-09-19,138.199997,138.460007,137.229996,137.990005,124.257759,6056000
2022-09-20,137.410004,137.970001,136.529999,137.5,123.816521,5589800
2022-09-21,138.080002,138.199997,135.710007,135.729996,122.222641,6413900
2022-09-22,135.740005,137.070007,135.240005,136.210007,122.654892,5061600
2022-09-23,135.679993,136.5,133.949997,135.580002,122.087593,6523600
2022-09-26,135.580002,136.820007,134.990005,135.710007,122.204659,7396400
2022-09-27,135.960007,136.940002,131.710007,131.979996,118.845833,7722200
2022-09-28,133.020004,133.020004,131.190002,131.979996,118.845833,10455100
2022-09-29,131.869995,131.869995,128.259995,128.699997,115.89225,7128500
2022-09-30,129.0,129.039993,126.209999,126.25,113.686081,9431900
2022-10-03,127.25,129.100006,126.68,128.509995,115.721169,8477700
2022-10-04,129.100006,130.869995,128.699997,130.100006,117.152946,7211600
2022-10-05,129.199997,130.089996,128.089996,129.199997,116.342491,5071100
2022-10-06,128.889999,129.059998,126.349998,126.480003,113.893173,5530800
2022-10-07,126.5,126.580002,123.760002,124.269997,111.903122,6095400
2022-10-10,123.370003,124.25,122.18,123.760002,111.443878,6923300
2022-10-11,123.690002,125.699997,123.599998,124.230003,111.867096,5516200
2022-10-12,124.839996,125.809998,124.410004,124.43,112.047173,6823500
2022-10-13,123.510002,126.75,122.919998,126.309998,113.740097,6910500
2022-10-14,126.75,127.019997,124.769997,125.080002,112.632507,5516800
2022-10-17,126.010002,128.279999,125.860001,127.339996,114.667595,6664600
2022-10-18,129.330002,130.070007,127.660004,128.369995,115.595093,7114200
2022-10-19,131.639999,133.0,129.509995,129.559998,116.666664,9993700
2022-10-20,128.619995,129.770004,126.68,126.989998,115.163986,8168000
2022-10-21,126.540001,128.949997,126.480003,128.580002,116.605911,6394600
2022-10-24,129.490005,130.440002,128.350006,129.369995,117.32235,6946000
2022-10-25,129.600006,131.179993,128.470001,130.860001,118.673599,6776000
2022-10-26,130.649994,132.570007,130.399994,131.779999,119.507927,6612800
2022-10-27,132.0,133.119995,131.5,131.880005,119.598618,6676700
2022-10-28,133.169998,135.509995,132.919998,135.220001,122.627571,6996400
2022-10-31,135.199997,135.669998,134.259995,134.669998,122.128754,8346300
2022-11-01,134.699997,136.279999,133.839996,134.880005,122.319206,6428300
2022-11-02,134.720001,136.539993,132.809998,132.940002,120.559868,7318100
2022-11-03,131.729996,132.639999,130.960007,132.029999,119.734634,5204000
2022-11-04,133.320007,135.0,132.520004,134.440002,121.920227,5555400
2022-11-07,135.350006,137.190002,135.059998,136.5,123.788345,6746800
2022-11-08,136.820007,137.520004,135.800003,136.809998,124.069511,5266200
2022-11-09,136.869995,137.970001,136.339996,136.479996,123.770218,5690700
2022-11-10,139.460007,141.630005,138.199997,141.179993,128.032516,8068700
2022-11-11,141.199997,141.630005,139.110001,140.970001,127.842087,7175200
2022-11-14,140.509995,143.559998,140.259995,140.979996,127.851128,8516200
2022-11-15,142.089996,143.199997,139.699997,140.490005,127.406784,7732400
2022-11-16,141.5,142.910004,140.979996,141.740005,128.540375,6193700
2022-11-17,141.110001,141.690002,139.860001,140.869995,127.751411,5186300
2022-11-18,141.919998,142.759995,141.270004,142.570007,129.293076,5671400
2022-11-21,143.059998,145.190002,142.830002,144.380005,130.934525,6377200
2022-11-22,145.429993,145.789993,144.839996,145.619995,132.059082,5372900
2022-11-23,145.899994,146.630005,145.570007,146.449997,132.811768,4296000
2022-11-25,146.789993,147.199997,146.399994,146.720001,133.05661,2411100
2022-11-28,146.389999,147.339996,146.139999,146.600006,132.9478,6628200
2022-11-29,145.75,146.059998,144.529999,145.479996,131.932083,5634200
2022-11-30,145.649994,149.160004,145.130005,149.160004,135.269409,12396800
2022-12-01,149.529999,150.360001,148.570007,149.25,135.351013,6927400
2022-12-02,148.470001,150.770004,148.080002,150.610001,136.584351,4938300
2022-12-05,148.710007,149.669998,148.270004,149.089996,135.205917,5402500
2022-12-06,149.720001,150.080002,148.279999,149.279999,135.378204,6866700
2022-12-07,149.009995,150.429993,149.009995,150.240005,136.248825,6175500
2022-12-08,149.460007,151.380005,149.009995,151.320007,137.228241,5187100
2022-12-09,150.699997,151.949997,150.220001,150.919998,136.865463,5868200
2022-12-12,151.220001,152.559998,151.039993,152.470001,138.271118,6142400
2022-12-13,153.410004,154.229996,150.789993,152.240005,138.062561,7680600
2022-12-14,152.789993,154.440002,152.169998,152.839996,138.606689,7385600
2022-12-15,151.720001,152.0,149.740005,151.110001,137.037796,7117200
2022-12-16,150.360001,151.070007,149.020004,150.440002,136.430161,19966400
2022-12-19,150.220001,151.380005,149.240005,150.399994,136.393906,5881800
2022-12-20,149.320007,150.899994,149.270004,150.460007,136.448349,5646100
2022-12-21,150.75,152.630005,150.720001,151.839996,137.699799,5024700
2022-12-22,151.130005,152.410004,150.880005,152.190002,138.017227,5904900
2022-12-23,152.309998,152.919998,151.669998,152.619995,138.407166,3401800
2022-12-27,152.699997,154.320007,152.660004,153.949997,139.613297,4215100
2022-12-28,154.279999,154.649994,151.899994,151.960007,137.80864,4197500
2022-12-29,152.809998,153.240005,152.139999,152.589996,138.379974,3809100
2022-12-30,152.429993,152.679993,150.440002,151.559998,137.445908,4532000
2023-01-03,150.949997,151.710007,149.119995,151.570007,137.454971,6447300
2023-01-04,151.990005,153.389999,151.229996,152.229996,138.053497,7313400
2023-01-05,152.210007,152.479996,150.130005,150.339996,136.339539,5373800
2023-01-06,151.850006,154.460007,151.75,153.919998,139.586121,7882200
2023-01-09,153.440002,154.800003,152.0,152.039993,137.88118,5727000
2023-01-10,152.100006,152.699997,150.940002,151.889999,137.745178,4716400
2023-01-11,152.320007,152.559998,149.350006,150.660004,136.6297,8691300
2023-01-12,151.699997,151.729996,149.520004,149.809998,135.858871,7801600
2023-01-13,149.610001,151.050003,149.419998,150.880005,136.829208,5535800
2023-01-17,150.789993,152.130005,150.399994,150.440002,136.430161,9611800
2023-01-18,149.660004,149.929993,146.039993,146.410004,132.775497,10461200
2023-01-19,143.309998,146.220001,142.240005,142.419998,129.96756,12683700
2023-01-20,142.320007,143.149994,140.149994,142.970001,130.469421,8603300
2023-01-23,143.360001,143.699997,140.690002,141.050003,128.717316,7473100
2023-01-24,140.690002,142.380005,139.809998,141.820007,129.419983,6822500
2023-01-25,140.389999,141.75,138.729996,141.720001,129.32872,6902600
2023-01-26,141.729996,141.740005,140.740005,141.149994,128.808563,5398600
2023-01-27,141.070007,141.360001,139.289993,140.570007,128.279297,6870800
2023-01-30,140.960007,142.119995,140.279999,141.009995,128.680771,6369300
2023-01-31,141.229996,142.470001,140.759995,142.380005,129.931046,9373400
2023-02-01,142.080002,144.100006,141.350006,143.190002,130.670197,7207900
2023-02-02,142.169998,142.710007,141.210007,142.169998,129.73938,6444300
2023-02-03,142.779999,143.380005,141.169998,142.610001,130.140915,5993100
2023-02-06,142.009995,142.639999,141.009995,141.399994,129.036697,6108100
2023-02-07,139.970001,140.789993,138.779999,140.020004,127.777344,6278300
2023-02-08,139.059998,139.539993,138.410004,138.570007,126.45414,7123800
2023-02-09,138.880005,139.330002,137.0,137.050003,125.067055,6547400
2023-02-10,136.949997,138.300003,135.830002,138.259995,126.171257,8108900
2023-02-13,138.940002,140.449997,138.740005,140.070007,127.822998,5081600
2023-02-14,140.139999,140.240005,138.619995,139.279999,127.102097,5253500
2023-02-15,139.110001,139.320007,138.070007,138.960007,126.810059,5530300
2023-02-16,137.389999,138.199997,136.550003,137.139999,125.149178,7595700
2023-02-17,136.589996,140.039993,136.589996,140.009995,127.768234,8034700
2023-02-21,138.869995,140.889999,138.869995,139.910004,127.676964,6899500
2023-02-22,139.979996,141.580002,139.880005,140.5,128.215408,6126300
2023-02-23,140.229996,141.139999,139.100006,140.050003,127.804756,5835400
2023-02-24,138.929993,139.429993,138.080002,139.259995,127.083817,5260700
2023-02-27,139.610001,140.470001,138.529999,139.139999,126.974297,5820900
2023-02-28,138.449997,138.589996,137.279999,137.559998,125.532448,6709900
2023-03-01,138.050003,138.330002,136.509995,137.660004,125.623703,7101800
2023-03-02,138.0,140.429993,137.779999,139.929993,127.695236,5924600
2023-03-03,141.190002,141.240005,139.970001,140.949997,128.626068,5259400
2023-03-06,140.729996,141.139999,139.940002,140.350006,128.078537,4943100
2023-03-07,140.429993,140.619995,137.339996,137.559998,125.532448,5606800
2023-03-08,137.199997,137.690002,136.600006,137.580002,125.55072,5518800
2023-03-09,138.149994,138.559998,136.100006,136.570007,124.629036,4467200
2023-03-10,136.949997,137.990005,136.350006,137.190002,125.194817,5928000
2023-03-13,137.039993,141.320007,137.039993,138.139999,126.061729,8337100
2023-03-14,138.289993,140.110001,137.399994,139.850006,127.622253,9219700
2023-03-15,138.809998,142.149994,138.809998,141.830002,129.429092,8823500
2023-03-16,141.940002,143.119995,141.610001,142.889999,130.396408,7063400
2023-03-17,142.5,143.389999,141.529999,142.929993,130.432922,16018800
2023-03-20,143.5,145.399994,143.229996,145.130005,132.440567,8379200
2023-03-21,144.910004,145.229996,142.839996,144.080002,131.482376,7753200
2023-03-22,144.039993,145.75,143.830002,143.990005,131.400269,5729100
2023-03-23,144.240005,145.119995,143.190002,143.789993,131.217728,5788400
2023-03-24,144.300003,146.759995,144.300003,146.720001,133.891541,6144800
2023-03-27,146.889999,147.419998,145.869995,145.949997,133.188889,5917200
2023-03-28,146.550003,146.820007,145.800003,146.360001,133.563034,4213800
2023-03-29,147.080002,147.289993,146.259995,146.809998,133.973679,4987700
2023-03-30,146.919998,147.539993,146.300003,147.449997,134.557693,4117700
2023-03-31,147.740005,148.690002,147.570007,148.690002,135.689331,7685900
2023-04-03,148.429993,150.070007,147.089996,149.509995,136.437637,5721700
2023-04-04,150.080002,151.710007,150.080002,150.229996,137.094635,6714300
2023-04-05,151.330002,152.350006,151.149994,151.259995,138.034592,6094800
2023-04-06,151.869995,152.960007,151.419998,152.220001,138.910675,5399700
2023-04-10,151.649994,151.669998,149.509995,150.960007,137.760849,4891800
2023-04-11,151.259995,151.440002,150.520004,150.660004,137.487061,6311800
2023-04-12,150.309998,152.410004,149.929993,151.070007,137.861237,6137900
2023-04-13,150.899994,151.869995,149.820007,151.770004,138.5,5489500
2023-04-14,151.350006,151.589996,150.509995,151.0,137.797333,4478800
2023-04-17,151.169998,151.470001,150.339996,151.050003,137.842957,4296400
2023-04-18,150.979996,151.589996,150.100006,151.210007,137.988968,4158400
2023-04-19,151.169998,151.899994,150.710007,151.240005,138.016373,3837600
2023-04-20,150.369995,151.360001,150.369995,150.850006,138.522324,5370900
2023-04-21,154.940002,158.110001,154.5,156.070007,143.315735,14876900
2023-04-24,155.220001,157.25,155.220001,156.350006,143.572845,8109800
2023-04-25,156.509995,157.940002,155.789993,156.389999,143.609589,8341800
2023-04-26,155.300003,156.0,154.339996,154.580002,141.947464,4843700
2023-04-27,155.300003,156.610001,155.009995,156.470001,143.683044,4805600
2023-04-28,156.279999,157.369995,155.759995,156.380005,143.600372,5754700
2023-05-01,156.029999,157.399994,155.800003,156.570007,143.774872,3844600
2023-05-02,156.589996,156.929993,155.669998,156.429993,143.646301,5262900
2023-05-03,156.639999,157.570007,155.429993,156.229996,143.462646,5775000
2023-05-04,156.100006,156.600006,155.089996,155.509995,142.801468,4892600
2023-05-05,155.399994,156.309998,154.690002,156.029999,143.278976,3989200
2023-05-08,155.350006,155.729996,154.869995,155.300003,142.608658,4950700
2023-05-09,155.850006,155.979996,153.580002,153.710007,141.14859,4472100
2023-05-10,153.449997,154.320007,152.440002,154.029999,141.442459,4754900
2023-05-11,154.809998,154.889999,153.389999,154.389999,141.773026,3495300
2023-05-12,154.699997,156.050003,154.389999,155.960007,143.214722,5252900
2023-05-15,156.610001,156.75,154.639999,156.009995,143.260605,5414900
2023-05-16,155.869995,156.919998,154.929993,155.740005,143.012711,5591500
2023-05-17,156.259995,156.559998,153.899994,155.080002,142.406647,4286900
2023-05-18,153.309998,153.649994,151.600006,152.529999,140.065018,6997600
2023-05-19,152.470001,153.320007,151.839996,153.169998,140.65271,4754100
2023-05-22,152.5,152.600006,148.830002,149.160004,136.970428,7876200
2023-05-23,148.789993,148.880005,147.070007,147.550003,135.492004,6116000
2023-05-24,147.589996,148.199997,146.089996,146.330002,134.371704,5755400
2023-05-25,145.490005,146.210007,144.350006,145.389999,133.508499,6510300
2023-05-26,145.330002,146.009995,144.729996,145.399994,133.5177,4716400
2023-05-30,143.860001,144.039993,142.350006,143.179993,131.479111,5561000
2023-05-31,143.160004,143.979996,141.899994,142.5,130.854721,19854800
2023-06-01,143.25,144.119995,142.449997,143.960007,132.195404,6091100
2023-06-02,144.509995,146.679993,144.389999,146.520004,134.546173,6124400
2023-06-05,146.050003,147.850006,145.729996,145.940002,134.01358,4753700
2023-06-06,146.070007,146.309998,143.550003,144.490005,132.682083,4635900
2023-06-07,144.009995,145.119995,143.470001,144.800003,132.966751,6194400
2023-06-08,145.339996,146.649994,144.919998,146.440002,134.472717,4863700
2023-06-09,145.679993,146.779999,144.729996,146.559998,134.582916,5569500
2023-06-12,147.0,147.009995,144.550003,145.410004,133.526901,5354000
2023-06-13,144.509995,145.679993,144.279999,145.059998,133.205475,5321200
2023-06-14,145.309998,146.889999,144.830002,146.419998,134.45433,5693300
2023-06-15,147.169998,148.970001,146.539993,148.449997,136.31842,5863000
2023-06-16,148.919998,150.089996,148.899994,149.539993,137.319351,11244900
2023-06-20,149.75,150.279999,148.110001,148.160004,136.05217,5340700
2023-06-21,148.259995,149.600006,147.869995,149.440002,137.227539,4649700
2023-06-22,150.350006,151.100006,149.479996,149.949997,137.695877,6666800
2023-06-23,150.25,150.529999,147.960007,148.460007,136.327652,13843300
2023-06-26,148.100006,148.970001,146.720001,148.610001,136.465393,4353100
2023-06-27,148.440002,150.169998,148.389999,150.020004,137.760147,5445400
2023-06-28,149.330002,150.300003,147.960007,149.990005,137.73259,6733300
2023-06-29,148.479996,149.699997,147.100006,149.380005,137.17244,7343000
2023-06-30,149.830002,152.070007,149.789993,151.740005,139.339569,7058300
2023-07-03,151.479996,152.529999,150.470001,152.5,140.037476,3996100
2023-07-05,151.630005,152.460007,151.440002,152.240005,139.798721,8279800
2023-07-06,151.199997,152.190002,150.759995,151.990005,139.569168,7958300
2023-07-07,151.710007,151.919998,148.75,148.800003,136.639847,9169500
2023-07-10,148.940002,150.320007,148.740005,148.860001,136.694946,5529200
2023-07-11,148.729996,149.050003,146.960007,148.080002,135.978683,5150300
2023-07-12,148.029999,149.399994,147.639999,148.850006,136.685745,6764600
2023-07-13,149.0,149.520004,148.199997,148.949997,136.777573,5561400
2023-07-14,149.270004,150.630005,148.729996,150.050003,137.787704,6128900
2023-07-17,149.649994,150.160004,148.970001,148.990005,136.814316,4625300
2023-07-18,148.639999,150.479996,148.380005,149.270004,137.071442,5351200
2023-07-19,149.550003,150.820007,148.860001,150.289993,138.008057,6203600
2023-07-20,149.550003,150.75,148.139999,150.559998,139.127121,6445400
2023-07-21,151.149994,153.669998,150.699997,152.929993,141.317154,9938400
2023-07-24,152.839996,153.949997,152.300003,153.419998,141.769974,5549500
2023-07-25,153.479996,153.860001,152.449997,153.779999,142.102615,5883800
2023-07-26,153.119995,154.839996,152.889999,153.940002,142.250473,7013800
2023-07-27,154.160004,154.600006,151.919998,152.110001,140.559402,7191600
2023-07-28,154.660004,157.479996,154.600006,156.410004,144.532883,9397300
2023-07-31,156.399994,157.679993,155.059998,156.300003,144.431259,7955200
2023-08-01,155.880005,157.169998,155.869995,156.25,144.385025,5718800
2023-08-02,155.970001,157.729996,155.970001,156.589996,144.699219,5636000
2023-08-03,156.759995,157.699997,156.210007,157.0,145.07811,5792700
2023-08-04,157.429993,157.729996,155.149994,155.279999,143.488724,4785900
2023-08-07,155.669998,157.149994,155.490005,156.919998,145.004181,4107400
2023-08-08,157.279999,157.630005,156.529999,157.089996,145.161255,4625500
2023-08-09,157.309998,158.089996,156.770004,156.889999,144.97644,4293200
2023-08-10,157.169998,158.380005,155.800003,156.110001,144.255692,4307800
2023-08-11,156.429993,157.460007,155.789993,157.020004,145.096588,3862300
2023-08-14,157.130005,157.529999,155.5,155.789993,143.959991,4297600
2023-08-15,155.789993,155.970001,154.460007,154.789993,143.035904,6921100
2023-08-16,154.759995,155.729996,152.869995,153.210007,141.575897,6356800
2023-08-17,153.210007,153.559998,151.789993,152.110001,140.559402,6419500
2023-08-18,151.619995,152.889999,151.169998,152.539993,140.956757,5448200
2023-08-21,152.089996,152.779999,151.259995,151.770004,140.245224,4504700
2023-08-22,151.419998,152.149994,150.929993,151.830002,140.300674,4195600
2023-08-23,152.470001,153.479996,152.470001,153.25,141.612885,4522500
2023-08-24,152.550003,154.679993,152.479996,152.539993,140.956757,4088900
2023-08-25,153.399994,154.080002,152.460007,153.539993,141.880844,3541500
2023-08-28,153.710007,154.369995,153.050003,153.779999,142.102615,3614700
2023-08-29,153.949997,154.039993,152.029999,153.869995,142.185776,4034600
2023-08-30,154.100006,154.869995,153.710007,154.039993,142.342865,3712200
2023-08-31,154.119995,155.160004,153.830002,154.339996,142.620071,5451400
2023-09-01,154.899994,155.279999,153.559998,154.509995,142.777176,4126300
2023-09-05,153.800003,154.850006,152.399994,152.440002,140.864365,5097000
2023-09-06,152.289993,152.449997,151.539993,152.139999,140.587143,3877400
2023-09-07,152.490005,154.190002,152.369995,153.589996,141.926987,4824800
2023-09-08,153.419998,153.460007,152.350006,152.929993,141.317154,3384700
2023-09-11,153.330002,155.100006,153.080002,154.75,142.998962,4288500
2023-09-12,154.990005,155.149994,151.570007,152.029999,140.485504,4537800
2023-09-13,151.979996,153.589996,151.660004,153.089996,141.464996,4040600
2023-09-14,153.850006,154.919998,153.369995,154.770004,143.017441,4606800
2023-09-15,154.029999,155.320007,153.229996,153.470001,141.816116,10262400
2023-09-18,154.449997,154.479996,153.509995,154.050003,142.352142,3536500
2023-09-19,153.75,154.059998,151.740005,153.600006,141.93631,4704200
2023-09-20,153.770004,154.779999,153.360001,153.470001,141.816116,5446400
2023-09-21,153.449997,153.710007,152.070007,152.139999,140.587143,5096400
2023-09-22,152.440002,153.339996,151.380005,151.580002,140.069687,6327000
2023-09-25,151.179993,151.279999,150.020004,150.660004,139.219528,5527000
2023-09-26,149.979996,150.360001,148.789993,149.320007,137.981293,6366500
2023-09-27,149.419998,149.699997,146.630005,147.339996,136.151627,5403700
2023-09-28,147.820007,147.979996,145.679993,146.339996,135.227554,6237100
2023-09-29,146.539993,146.770004,144.820007,145.860001,134.784027,6683300
2023-10-02,144.779999,145.600006,143.899994,145.190002,134.164902,5153800
2023-10-03,145.169998,146.490005,145.009995,145.490005,134.442123,4670600
2023-10-04,145.589996,146.309998,144.929993,145.970001,134.885666,4727800
2023-10-05,145.679993,146.089996,143.690002,143.800003,132.880432,5205700
2023-10-06,143.600006,144.559998,141.449997,144.089996,133.148407,7406700
2023-10-09,143.360001,143.970001,141.600006,143.360001,132.473862,5062200
2023-10-10,143.979996,145.220001,143.720001,144.779999,133.786041,5988900
2023-10-11,145.139999,145.559998,142.559998,143.0,132.141235,5469100
2023-10-12,142.789993,143.929993,141.660004,143.320007,132.43689,5965600
2023-10-13,143.190002,145.029999,143.190002,144.690002,133.702866,7078900
2023-10-16,145.860001,147.059998,145.460007,146.070007,134.978073,6509800
2023-10-17,146.110001,146.820007,145.240005,146.259995,135.153641,6160100
2023-10-18,150.059998,151.300003,148.770004,150.029999,138.637375,10508500
2023-10-19,149.610001,150.279999,147.179993,148.25,137.857193,8146000
2023-10-20,149.050003,149.880005,147.919998,148.050003,137.671219,7284200
2023-10-23,147.860001,149.5,147.559998,148.149994,137.764175,5981800
2023-10-24,148.119995,150.070007,148.070007,149.899994,139.391479,6322000
2023-10-25,149.639999,151.190002,149.119995,150.600006,140.04245,6172900
2023-10-26,151.050003,151.380005,149.740005,149.800003,139.298538,7582100
2023-10-27,148.979996,149.949997,146.279999,147.160004,136.843613,8131800
2023-10-30,147.899994,149.550003,147.539993,149.259995,138.796387,5412800
2023-10-31,149.460007,150.259995,148.639999,150.029999,139.51239,6762100
2023-11-01,150.679993,150.679993,149.210007,149.610001,139.121857,5896900
2023-11-02,149.539993,151.649994,148.910004,151.440002,140.823563,5859200
2023-11-03,151.789993,152.289993,149.619995,150.070007,139.549622,6587700
2023-11-06,150.360001,151.25,150.100006,150.940002,140.358627,6480800
2023-11-07,150.919998,151.25,150.119995,150.589996,140.033142,6003800
2023-11-08,150.960007,151.199997,149.509995,150.009995,139.49382,4832600
2023-11-09,149.740005,150.350006,149.119995,150.350006,139.809967,6581500
2023-11-10,150.839996,151.440002,149.919998,151.410004,140.79567,5387200
2023-11-13,151.449997,152.899994,151.449997,152.460007,141.772049,6297500
2023-11-14,152.550003,153.5,151.679993,152.119995,141.455856,7982600
2023-11-15,152.059998,152.389999,150.380005,151.419998,140.804947,7672600
2023-11-16,151.990005,152.889999,151.309998,152.830002,142.116119,7590500
2023-11-17,152.720001,152.839996,150.889999,151.070007,140.479507,8495600
2023-11-20,150.210007,151.029999,149.660004,150.270004,139.735596,6856500
2023-11-21,149.850006,150.009995,148.830002,149.610001,139.121857,7310400
2023-11-22,150.100006,151.479996,150.100006,151.020004,140.433014,4372700
2023-11-24,151.179993,151.740005,151.029999,151.380005,140.767792,2132500
2023-11-27,151.520004,151.639999,150.740005,151.240005,140.637589,6021300
2023-11-28,151.149994,152.770004,151.149994,152.289993,141.613968,6110400
2023-11-29,152.289993,152.449997,150.990005,151.130005,140.535278,5342700
2023-11-30,150.899994,153.630005,150.080002,153.520004,142.757751,9771300
2023-12-01,153.330002,153.490005,152.229996,152.660004,141.958038,5685400
2023-12-04,151.770004,152.529999,151.660004,152.059998,141.400085,6578300
2023-12-05,152.139999,152.610001,146.179993,146.759995,136.471603,11895800
2023-12-06,147.009995,147.160004,145.639999,146.649994,136.36937,7610000
2023-12-07,146.570007,147.100006,146.020004,146.5,136.229828,6119600
2023-12-08,145.919998,146.240005,144.520004,145.149994,134.974503,6385300
2023-12-11,144.800003,145.869995,144.649994,145.820007,135.597565,8471200
2023-12-12,145.860001,146.229996,145.080002,145.940002,135.709152,6069200
2023-12-13,145.860001,148.649994,145.449997,148.580002,138.164062,9055500
2023-12-14,148.460007,148.550003,144.380005,144.660004,134.51886,10565200
2023-12-15,143.179993,144.25,142.5,143.960007,133.867905,14550000
2023-12-18,144.169998,147.490005,144.149994,146.169998,135.923004,8421800
2023-12-19,145.669998,146.339996,145.389999,146.169998,135.923004,5233600
2023-12-20,145.570007,146.070007,143.839996,143.910004,133.821457,7663800
2023-12-21,144.520004,144.789993,143.130005,144.259995,134.146896,6104700
2023-12-22,144.5,145.630005,144.289993,145.279999,135.095398,4413800
2023-12-26,145.089996,146.169998,144.970001,145.940002,135.709152,3634900
2023-12-27,145.649994,146.309998,145.360001,146.059998,135.820694,4569400
2023-12-28,146.0,146.009995,145.039993,145.729996,135.513824,5023000
2023-12-29,146.0,146.960007,145.729996,146.539993,136.267059,5300900
2024-01-02,146.360001,149.410004,146.309998,148.740005,138.312866,7238400
2024-01-03,148.339996,149.199997,147.179993,147.839996,137.475922,7697500
2024-01-04,148.050003,149.270004,147.770004,148.649994,138.229141,7067400
2024-01-05,148.720001,148.869995,146.550003,147.419998,137.085388,5294200
2024-01-08,147.910004,148.919998,147.649994,148.690002,138.266327,8255300
2024-01-09,148.570007,149.399994,148.050003,149.300003,138.833588,9786800
2024-01-10,149.350006,150.0,149.259995,149.940002,139.428696,8591100
2024-01-11,150.050003,150.800003,149.289993,150.509995,139.958725,6659400
2024-01-12,150.949997,151.300003,149.889999,150.600006,140.04245,5684700
2024-01-16,150.149994,151.5,148.880005,149.789993,139.289246,8120100
2024-01-17,149.160004,150.600006,149.009995,149.940002,139.428696,6541400
2024-01-18,148.229996,148.399994,146.919998,148.139999,138.624878,6526200
2024-01-19,148.25,148.619995,147.309998,147.570007,138.091507,7848100
2024-01-22,146.970001,148.210007,146.279999,147.860001,138.362869,11084100
2024-01-23,153.110001,156.399994,152.889999,153.979996,144.089767,19101600
2024-01-24,153.929993,154.229996,152.089996,152.119995,142.349228,11592700
2024-01-25,152.399994,155.660004,152.059998,155.619995,145.624435,10352500
2024-01-26,155.809998,156.160004,155.339996,156.139999,146.111038,8356600
2024-01-29,156.679993,157.330002,155.399994,156.160004,146.129745,8987400
2024-01-30,156.339996,157.919998,155.820007,157.490005,147.374344,7794700
2024-01-31,157.990005,158.5,156.699997,157.139999,147.046814,8870000
2024-02-01,156.770004,159.300003,156.619995,159.179993,148.955765,7601100
2024-02-02,158.970001,159.600006,157.529999,158.089996,147.935806,7937700
2024-02-05,158.169998,159.0,157.559998,158.210007,148.048096,6931900
2024-02-06,158.309998,159.070007,157.869995,158.960007,148.749908,6185400
2024-02-07,159.100006,159.830002,158.740005,159.119995,148.899628,7209300
2024-02-08,158.800003,159.100006,157.770004,158.639999,148.45047,6121600
2024-02-09,158.259995,158.339996,156.960007,157.419998,147.308838,5978000
2024-02-12,157.360001,157.610001,155.490005,157.110001,147.018738,5482000
2024-02-13,157.75,158.970001,155.479996,156.270004,146.232681,6046800
2024-02-14,156.160004,156.160004,154.910004,155.630005,145.633804,5727300
2024-02-15,156.300003,157.419998,156.149994,157.009995,146.925156,6249200
2024-02-16,157.039993,158.449997,156.669998,157.509995,147.393021,6617600
2024-02-20,158.699997,159.789993,158.130005,158.509995,148.328796,6622100
2024-02-21,159.190002,160.399994,159.190002,160.399994,150.097412,7121000
2024-02-22,159.460007,161.089996,158.630005,160.559998,150.247131,6619500
2024-02-23,160.600006,161.740005,160.160004,161.029999,150.686966,5486500
2024-02-26,161.029999,161.169998,160.070007,160.220001,149.92897,4531900
2024-02-27,159.410004,159.800003,158.960007,159.300003,149.068069,3868200
2024-02-28,159.070007,160.119995,158.639999,160.050003,149.769897,3802900
2024-02-29,159.929993,160.110001,158.179993,158.940002,148.731186,8348100
2024-03-01,158.050003,159.029999,157.610001,158.850006,148.646957,4819800
2024-03-04,157.740005,159.759995,157.669998,159.559998,149.311356,3841600
2024-03-05,159.460007,159.990005,158.779999,159.320007,149.086807,4481600
2024-03-06,159.679993,159.990005,158.910004,159.570007,149.320724,5405700
2024-03-07,159.949997,160.910004,159.470001,160.619995,150.303284,4783900
2024-03-08,159.850006,161.25,158.289993,160.350006,150.050644,5080200
2024-03-11,161.339996,162.619995,160.820007,161.550003,151.173553,5170900
2024-03-12,161.820007,162.520004,161.229996,161.929993,151.529129,4229100
2024-03-13,162.380005,162.729996,161.330002,162.300003,151.875412,5410500
2024-03-14,162.240005,162.619995,161.130005,161.5,151.12677,5848100
2024-03-15,160.699997,161.5,160.300003,161.380005,151.014481,10956900
2024-03-18,161.479996,162.720001,161.0,161.210007,150.855377,6086300
2024-03-19,161.800003,162.169998,161.169998,161.830002,151.435562,6148100
2024-03-20,162.009995,162.399994,161.470001,161.990005,151.585266,4870300
2024-03-21,162.089996,162.460007,161.119995,161.860001,151.463654,5211500
2024-03-22,162.199997,162.410004,161.470001,161.660004,151.276474,6393200
2024-03-25,161.169998,161.660004,159.729996,160.190002,149.900879,7145600
2024-03-26,160.360001,161.139999,160.139999,160.550003,150.237778,5842700
2024-03-27,161.360001,162.740005,161.339996,162.610001,152.165466,6599700
2024-03-28,162.820007,163.139999,161.699997,162.25,151.828552,7191500
2024-04-01,161.779999,162.070007,159.800003,160.580002,150.265854,5971900
2024-04-02,159.639999,160.710007,159.639999,160.570007,150.2565,6771200
2024-04-03,160.630005,160.880005,155.679993,156.149994,146.120377,9601800
2024-04-04,156.880005,157.080002,155.410004,155.449997,145.465378,6801700
2024-04-05,155.289993,157.059998,154.690002,156.100006,146.073639,5121200
2024-04-08,155.970001,156.699997,155.630005,156.039993,146.017471,5476800
2024-04-09,156.270004,156.75,155.699997,156.660004,146.597641,4608100
2024-04-10,155.649994,157.580002,155.649994,157.240005,147.140381,7784900
2024-04-11,157.550003,157.600006,155.770004,155.839996,145.830307,8209800
2024-04-12,155.220001,155.970001,154.740005,155.330002,145.353104,6770500
2024-04-15,156.419998,156.820007,155.330002,155.449997,145.465378,5754000
2024-04-16,155.850006,156.940002,155.669998,155.949997,145.933243,6103300
2024-04-17,156.300003,157.119995,155.740005,156.960007,146.878372,6621900
2024-04-18,156.339996,157.630005,155.960007,157.289993,148.137589,7819300
2024-04-19,154.979996,158.179993,153.520004,158.139999,148.938126,12034200
2024-04-22,158.429993,161.289993,157.25,160.539993,151.198456,8926300
2024-04-23,161.679993,162.100006,160.419998,161.5,152.102615,7707300
2024-04-24,161.199997,162.860001,159.419998,162.600006,153.138596,7217600
2024-04-25,162.970001,164.320007,162.080002,162.550003,153.091492,7094600
2024-04-26,162.5,163.320007,160.490005,161.289993,151.9048,5659800
2024-04-29,161.169998,161.789993,160.410004,161.660004,152.253281,4621000
2024-04-30,161.839996,163.350006,161.600006,163.199997,153.70369,8106100
2024-05-01,163.279999,164.240005,162.220001,163.399994,153.892044,7543000
2024-05-02,163.539993,164.490005,162.639999,163.839996,154.306442,5647500
2024-05-03,163.539993,164.710007,162.160004,164.460007,154.890381,5581500
2024-05-06,164.779999,164.979996,163.259995,164.440002,154.871521,5472400
2024-05-07,164.979996,166.039993,164.589996,165.759995,156.114716,6433000
2024-05-08,165.979996,166.369995,164.929993,165.070007,155.464874,4579400
2024-05-09,165.050003,166.330002,165.050003,166.039993,156.378418,4671100
2024-05-10,166.089996,167.360001,165.699997,166.850006,157.141327,4879400
2024-05-13,166.850006,167.649994,165.360001,165.869995,156.218307,5725500
2024-05-14,165.529999,166.070007,163.949997,165.759995,156.114716,6009800
2024-05-15,165.309998,166.679993,165.119995,166.509995,156.821091,5102700
2024-05-16,166.929993,168.339996,166.589996,167.860001,158.092529,6793600
2024-05-17,167.669998,168.0,166.880005,167.639999,157.885315,4700800
2024-05-20,167.550003,167.880005,166.789993,167.309998,157.574509,3804600
2024-05-21,167.759995,168.539993,167.289993,168.350006,158.554016,5147100
2024-05-22,168.009995,168.429993,167.630005,167.809998,158.045441,4536700
2024-05-23,167.289993,168.110001,165.320007,165.490005,155.860443,4729800
2024-05-24,165.850006,166.309998,165.149994,165.330002,155.709717,3820100
2024-05-28,164.490005,164.759995,162.259995,163.110001,153.618927,6466200
2024-05-29,162.649994,162.740005,161.419998,161.649994,152.243866,4360400
2024-05-30,161.649994,162.699997,161.479996,162.580002,153.119766,4748200
2024-05-31,162.440002,164.770004,161.970001,164.539993,154.965714,10341400
2024-06-03,163.929993,166.240005,163.630005,164.649994,155.069275,5828400
2024-06-04,164.789993,167.119995,164.399994,167.009995,157.291977,6277000
2024-06-05,167.009995,167.009995,164.979996,166.050003,156.387848,5243300
2024-06-06,165.830002,168.580002,165.080002,168.470001,158.667038,6302000
2024-06-07,168.399994,168.970001,166.839996,167.059998,157.339081,4558200
2024-06-10,166.779999,167.720001,166.080002,167.350006,157.612198,4110600
2024-06-11,166.970001,167.5,166.020004,167.479996,157.734619,3947700
2024-06-12,167.5,167.639999,164.220001,165.179993,155.568466,5474500
2024-06-13,164.470001,167.0,164.470001,166.410004,156.726898,4902200
2024-06-14,165.990005,166.929993,165.25,166.789993,157.084793,3695000
2024-06-17,165.850006,168.710007,165.399994,167.5,157.753494,6759400
2024-06-18,167.029999,168.649994,166.940002,168.559998,158.751801,5112600
2024-06-20,168.369995,168.779999,166.860001,167.669998,157.913559,8483600
2024-06-21,167.479996,168.880005,167.179993,168.259995,158.469269,14682000
2024-06-24,168.759995,169.410004,167.479996,168.449997,158.648178,7565200
2024-06-25,168.630005,168.910004,165.899994,166.850006,157.141327,7968200
2024-06-26,166.050003,167.809998,165.660004,167.449997,157.706375,5164000
2024-06-27,167.490005,168.100006,165.5,166.619995,156.924667,5007000
2024-06-28,166.0,167.240005,164.580002,164.919998,155.323593,9253100
2024-07-01,165.589996,166.210007,162.199997,162.720001,153.251617,7638600
2024-07-02,162.580002,164.039993,161.710007,163.899994,154.362961,5449200
2024-07-03,163.210007,164.210007,162.979996,163.830002,154.297028,2980500
2024-07-05,164.009995,165.630005,163.5,165.210007,155.596725,6509200
2024-07-08,165.949997,166.669998,165.619995,166.520004,156.830505,5144500
2024-07-09,166.630005,166.759995,165.139999,165.660004,156.020538,4393100
2024-07-10,165.899994,166.919998,165.539993,166.800003,157.094208,5037100
2024-07-11,166.300003,166.630005,164.779999,165.539993,155.907532,5831500
2024-07-12,166.220001,167.639999,166.020004,166.610001,156.915268,4684600
2024-07-15,166.470001,166.619995,164.460007,164.580002,155.003387,5752500
2024-07-16,164.910004,167.070007,164.610001,166.949997,157.235489,6378300
2024-07-17,167.75,170.169998,167.330002,169.440002,159.580582,7982300
2024-07-18,168.800003,170.919998,168.279999,168.440002,158.638779,5926300
2024-07-19,167.970001,169.039993,167.130005,167.960007,159.138092,6597100
2024-07-22,167.929993,168.699997,167.699997,168.25,159.412857,6383000
2024-07-23,168.110001,168.419998,166.320007,166.619995,157.868469,4863400
2024-07-24,166.320007,168.279999,165.580002,168.0,159.175995,5907000
2024-07-25,168.320007,170.089996,166.869995,166.899994,158.133759,7338300
2024-07-26,167.25,169.320007,167.029999,169.110001,160.227692,5581600
2024-07-29,168.850006,170.539993,168.110001,169.929993,161.004639,6797800
2024-07-30,161.789993,162.380005,158.039993,161.699997,153.206879,15746300
2024-07-31,160.809998,162.860001,159.210007,160.759995,152.316254,9660900
2024-08-01,160.880005,166.309998,160.679993,165.690002,156.987335,12532700
2024-08-02,167.440002,170.350006,165.149994,170.080002,161.146744,11899000
2024-08-05,170.880005,170.880005,166.669998,168.059998,159.232849,10338800
2024-08-06,167.899994,170.330002,167.850006,168.089996,159.261246,7454900
2024-08-07,168.570007,171.720001,168.009995,170.020004,161.08989,8385500
2024-08-08,169.419998,171.559998,169.0,170.869995,161.895248,6386900
2024-08-09,170.119995,171.259995,169.649994,170.539993,161.582596,5377300
2024-08-12,169.399994,169.649994,166.199997,166.809998,158.048508,7208100
2024-08-13,167.339996,167.800003,166.460007,167.289993,158.503265,3770000
2024-08-14,166.5,169.470001,165.820007,168.800003,159.933975,5476600
2024-08-15,169.460007,169.679993,166.75,167.919998,159.10022,9491400
2024-08-16,167.820007,168.350006,166.800003,167.889999,159.071762,5640800
2024-08-19,168.179993,169.240005,168.169998,168.419998,159.573929,3885300
2024-08-20,168.770004,170.559998,168.110001,170.410004,161.459412,4513600
2024-08-21,170.190002,171.889999,169.600006,170.160004,161.222565,4082000
2024-08-22,170.880005,171.240005,169.139999,170.149994,161.213074,4097300
2024-08-23,170.050003,170.110001,168.25,169.169998,160.284561,4771300
2024-08-26,168.699997,170.970001,168.699997,170.350006,161.402588,6472400
2024-08-27,170.830002,171.100006,169.080002,169.25,160.360382,4456400
2024-08-28,169.419998,171.199997,168.580002,169.059998,160.180313,5644800
2024-08-29,169.75,170.600006,168.940002,170.029999,161.09938,4413200
2024-08-30,170.160004,171.880005,169.690002,171.539993,162.530045,7301600
2024-09-03,171.029999,175.0,170.990005,174.520004,165.353531,10101400
2024-09-04,173.630005,176.0,173.630005,175.899994,166.661057,7517500
2024-09-05,175.990005,176.550003,174.669998,175.470001,166.253647,6061900
2024-09-06,175.759995,177.039993,175.339996,175.589996,166.367325,5785700
2024-09-09,175.539993,176.839996,174.660004,176.059998,166.812653,6450200
2024-09-10,175.910004,177.940002,175.910004,177.789993,168.451782,6396300
2024-09-11,176.600006,177.0,173.630005,173.919998,164.78508,6828200
2024-09-12,173.899994,174.610001,172.440002,173.470001,164.358704,4838900
2024-09-13,173.369995,174.539993,172.800003,174.080002,164.936661,3918000
2024-09-16,174.710007,177.309998,174.320007,177.240005,167.930679,6892300
2024-09-17,176.630005,176.970001,175.360001,175.880005,166.64212,4757100
2024-09-18,175.050003,175.899994,172.570007,173.919998,164.78508,5102900
2024-09-19,172.880005,173.160004,170.380005,171.539993,162.530045,8692000
2024-09-20,171.509995,174.539993,171.5,174.220001,165.06929,28647500
2024-09-23,174.009995,175.190002,172.589996,173.770004,164.642929,10265000
2024-09-24,172.880005,174.5,172.619995,173.240005,164.140778,5422400
2024-09-25,174.070007,174.679993,172.059998,172.259995,163.212234,8916500
2024-09-26,171.5,174.610001,171.360001,173.210007,164.11235,4957200
2024-09-27,173.009995,174.449997,172.580002,173.550003,164.434509,4599500
2024-09-30,173.729996,174.0,172.710007,173.199997,164.10289,6296600
2024-10-01,173.240005,174.0,172.199997,173.039993,163.951279,7130600
2024-10-02,172.009995,172.449997,171.080002,171.919998,162.890076,6212700
2024-10-03,171.369995,171.369995,169.770004,170.119995,161.184647,4794300
2024-10-04,168.850006,170.089996,168.259995,168.880005,160.009781,6002800
2024-10-07,169.160004,169.580002,166.869995,167.119995,158.342209,6325300
2024-10-08,166.850006,168.589996,166.270004,168.160004,159.327606,7473000
2024-10-09,168.380005,169.809998,168.0,169.270004,160.379303,8758800
2024-10-10,168.800003,169.789993,168.369995,168.949997,160.076096,6932300
2024-10-11,169.460007,171.410004,168.970001,171.089996,162.103699,7036500
2024-10-14,171.020004,172.839996,170.740005,172.509995,163.449112,5909000
2024-10-15,172.889999,174.910004,172.820007,173.570007,164.453445,7172200
2024-10-16,171.880005,172.589996,170.889999,172.380005,163.325943,6117000
2024-10-17,172.179993,173.679993,171.759995,172.279999,163.231201,7045600
2024-10-18,170.300003,172.210007,168.460007,171.279999,163.237869,8372500
2024-10-21,170.979996,171.479996,168.449997,169.539993,161.579559,5522500
2024-10-22,168.570007,170.729996,168.570007,169.699997,161.73204,7511400
2024-10-23,169.550003,170.169998,168.729996,169.580002,161.617706,4837800
2024-10-24,169.419998,169.960007,168.929993,169.619995,161.655823,5861200
2024-10-25,168.919998,169.399994,168.039993,168.220001,160.321548,4877900
2024-10-28,169.279999,169.660004,168.380005,169.300003,161.35083,5753800
2024-10-29,168.860001,168.860001,166.830002,167.169998,159.320831,5681000
2024-10-30,167.089996,167.320007,165.960007,166.160004,158.358246,5518100
2024-10-31,165.759995,167.039993,165.089996,165.179993,157.424271,6056500
2024-11-01,165.309998,166.350006,164.990005,165.100006,157.348038,5454800
2024-11-04,165.720001,166.270004,164.580002,165.080002,157.328979,5130200
2024-11-05,164.330002,166.320007,164.330002,165.759995,157.977051,4397400
2024-11-06,165.610001,166.039993,159.809998,161.050003,153.48819,11473700
2024-11-07,161.960007,163.949997,161.479996,163.410004,155.737396,9056700
2024-11-08,164.020004,167.75,163.929993,167.710007,159.83548,7506200
2024-11-11,167.0,168.520004,165.779999,166.029999,158.23436,6364400
2024-11-12,166.139999,167.059998,165.570007,165.839996,158.053299,6507500
2024-11-13,166.059998,166.800003,165.679993,166.580002,158.75856,5412300
2024-11-14,166.710007,168.039993,166.509995,167.080002,159.235077,7444300
2024-11-15,167.940002,170.570007,166.880005,169.539993,161.579559,9939400
2024-11-18,169.110001,171.449997,168.830002,170.75,162.732773,6681000
2024-11-19,170.690002,171.169998,169.660004,170.759995,162.742294,5683700
2024-11-20,170.009995,171.070007,169.509995,170.889999,162.86618,7081100
2024-11-21,171.660004,173.509995,170.220001,172.75,164.638824,6240400
2024-11-22,174.149994,177.399994,173.880005,176.279999,168.003098,10609800
2024-11-25,177.479996,178.820007,176.899994,177.389999,169.060959,19357000
2024-11-26,177.199997,179.460007,177.199997,179.309998,170.890839,6276700
2024-11-27,180.0,180.429993,178.729996,179.360001,170.938507,5522900
2024-11-29,178.699997,179.630005,178.279999,179.259995,170.84317,3823700
2024-12-02,179.119995,180.160004,178.009995,179.699997,171.262512,5728200
2024-12-03,178.770004,179.619995,175.199997,175.419998,167.183487,8127300
2024-12-04,174.169998,175.149994,173.460007,175.110001,166.888016,6823500
2024-12-05,174.860001,176.460007,174.449997,176.029999,167.764832,5022200
2024-12-06,175.369995,176.740005,173.75,173.820007,165.658615,5741200
2024-12-09,173.639999,173.759995,170.429993,170.789993,162.770874,7164300
2024-12-10,170.419998,172.929993,169.929993,172.279999,164.190918,6219900
2024-12-11,173.009995,173.389999,170.399994,170.630005,162.618378,5237500
2024-12-12,171.429993,171.820007,170.020004,170.850006,162.828079,4072800
2024-12-13,170.770004,171.789993,170.119995,171.059998,163.028198,3884500
2024-12-16,171.449997,172.779999,171.100006,171.139999,163.104431,5943600
2024-12-17,170.669998,171.949997,170.020004,170.330002,162.332458,6069200
2024-12-18,169.759995,170.559998,169.020004,169.080002,161.141174,7517100
2024-12-19,169.009995,170.100006,167.350006,169.190002,161.246002,8585200
2024-12-20,168.869995,169.869995,167.5,168.059998,160.169067,21999300
2024-12-23,168.059998,168.679993,166.360001,168.110001,160.216721,6983900
2024-12-24,167.619995,169.179993,167.419998,168.940002,161.007736,2460800
2024-12-26,168.309998,170.300003,168.070007,170.160004,162.170456,3629400
2024-12-27,169.419998,170.759995,169.259995,169.529999,161.570038,4367900
2024-12-30,168.669998,168.979996,166.710007,167.089996,159.244598,4354500
2024-12-31,167.360001,168.080002,166.589996,167.649994,159.77829,3957600
2025-01-02,168.089996,168.710007,165.910004,165.979996,158.186722,5401700
2025-01-03,166.25,166.5,164.25,165.130005,157.376633,5256600
2025-01-06,162.809998,163.5,160.440002,160.600006,153.059326,8731700
2025-01-07,161.460007,162.610001,160.740005,161.300003,153.72644,8447400
2025-01-08,160.990005,162.399994,160.570007,162.100006,154.488907,4974800
2025-01-10,160.149994,161.210007,157.470001,158.559998,151.115112,8501500
2025-01-13,159.350006,160.089996,158.410004,158.839996,151.381943,6772200
2025-01-14,158.850006,160.070007,158.309998,159.740005,152.239716,5982200
2025-01-15,160.589996,161.149994,159.339996,159.649994,152.153931,8059200
2025-01-16,159.619995,160.580002,159.139999,160.5,152.96402,5774400
2025-01-17,159.740005,161.75,159.600006,161.130005,153.564453,7262700
2025-01-21,160.960007,162.350006,160.960007,161.720001,154.126755,13914700
2025-01-22,167.100006,168.139999,164.440002,164.740005,157.004959,14356700
2025-01-23,163.880005,166.479996,163.320007,166.149994,158.348724,7614300
2025-01-24,165.910004,165.910004,163.199997,164.119995,157.367813,6199800
2025-01-27,166.720001,169.940002,166.110001,169.660004,162.679901,9170800
2025-01-28,168.910004,169.589996,166.110001,166.190002,159.352676,6716300
2025-01-29,166.720001,167.289993,165.880005,166.229996,159.391006,4850300
2025-01-30,167.479996,167.600006,165.929993,167.410004,160.522461,4136500
2025-01-31,166.0,166.619995,165.210007,165.990005,159.160889,5464700
2025-02-03,165.470001,169.380005,165.229996,168.759995,161.81691,8668600
2025-02-04,169.289993,169.289993,166.279999,168.130005,161.21286,6410900
2025-02-05,168.089996,169.139999,166.610001,169.009995,162.056625,7536800
2025-02-06,169.369995,169.929993,168.029999,168.880005,161.932022,4957900
2025-02-07,169.089996,169.119995,167.869995,167.970001,161.059418,4535600
2025-02-10,167.690002,168.479996,166.399994,167.529999,160.637543,7062900
2025-02-11,167.690002,169.570007,166.5,169.429993,162.459351,5438100
2025-02-12,168.350006,170.080002,167.970001,169.580002,162.60321,6037400
2025-02-13,169.630005,171.380005,169.139999,171.020004,163.983932,6328300
2025-02-14,169.789993,170.0,162.300003,162.889999,156.188431,13179500
2025-02-18,163.350006,165.759995,162.199997,165.429993,158.623917,7075300
2025-02-19,166.100006,166.869995,165.240005,166.490005,159.64032,7910700
2025-02-20,163.149994,167.779999,162.800003,167.210007,160.330704,6162600
2025-02-21,167.440002,170.550003,165.919998,170.229996,163.226425,9813700
2025-02-24,170.220001,172.979996,169.789993,170.539993,163.523697,8564100
2025-02-25,171.279999,173.949997,170.800003,172.649994,165.54689,7314900
2025-02-26,172.279999,172.649994,170.649994,171.300003,164.252426,5519000
2025-02-27,170.850006,173.089996,170.630005,171.970001,164.894867,5467000
2025-02-28,173.580002,174.649994,171.850006,173.839996,166.687912,10240100
2025-03-03,173.580002,176.289993,173.509995,175.589996,168.365921,7615300
2025-03-04,176.75,179.990005,172.910004,173.179993,166.055084,12117600
2025-03-05,173.380005,175.869995,173.020004,174.610001,167.426254,6989100
2025-03-06,174.889999,175.839996,172.839996,174.660004,167.474197,6702500
2025-03-07,174.089996,178.889999,174.050003,175.949997,168.711121,9566700
2025-03-10,176.759995,179.990005,175.830002,176.259995,169.008362,11047000
2025-03-11,175.830002,175.990005,172.320007,173.119995,165.997528,11032300
2025-03-12,169.699997,171.830002,167.770004,168.369995,161.442963,10158800
2025-03-13,167.699997,169.289993,167.279999,168.589996,161.653915,6609000
2025-03-14,167.789993,168.589996,166.619995,167.970001,161.059418,6790500
2025-03-17,168.369995,171.089996,168.130005,169.759995,162.775772,9931700
2025-03-18,170.070007,170.259995,167.580002,167.710007,160.810135,6099900
2025-03-19,167.869995,168.75,167.110001,168.570007,161.63475,7569200
2025-03-20,168.889999,169.210007,166.029999,167.550003,160.656708,8789200
2025-03-21,167.139999,168.139999,164.119995,166.690002,159.832092,16027300
2025-03-24,166.429993,166.869995,165.360001,165.649994,158.834869,6102100
2025-03-25,165.300003,165.369995,162.199997,162.850006,156.150085,8366700
2025-03-26,163.350006,166.820007,162.990005,166.580002,159.726608,7756000
2025-03-27,167.869995,169.029999,166.619995,168.710007,161.768982,6211700
2025-03-28,169.380005,169.710007,167.619995,168.029999,161.116959,5479100
2025-03-31,168.100006,171.139999,168.100006,170.419998,163.408646,11520100
2025-04-01,170.570007,171.050003,169.059998,170.559998,163.542877,7021100
2025-04-02,170.070007,170.880005,168.309998,169.5,162.526489,6274500
2025-04-03,174.229996,174.800003,170.729996,172.389999,165.297577,9393300
2025-04-04,171.770004,173.600006,163.470001,163.75,157.013062,13454200
2025-04-07,163.660004,164.699997,159.190002,160.229996,153.637848,15708000
2025-04-08,162.309998,163.279999,156.710007,158.389999,151.873581,11541100
2025-04-09,157.360001,164.679993,156.690002,162.320007,155.641876,10670200
2025-04-10,162.899994,165.070007,160.75,163.559998,156.830841,10581600
2025-04-11,163.369995,168.020004,162.619995,166.910004,160.043045,8602800
2025-04-14,167.039993,170.110001,165.779999,169.130005,162.171707,9877300
2025-04-15,169.139999,170.160004,168.279999,168.470001,161.538879,8765000
2025-04-16,169.289993,169.679993,165.789993,166.389999,159.544449,5897500
2025-04-17,167.529999,171.649994,167.350006,170.630005,163.610001,7227100
2025-04-21,169.889999,169.949997,164.279999,165.75,159.921432,8062400
2025-04-22,165.860001,168.770004,164.539993,167.880005,161.976532,7907400
2025-04-23,166.399994,166.610001,163.110001,165.729996,159.90213,9309200
2025-04-24,160.5,160.960007,156.580002,159.529999,153.920151,20077700
2025-04-25,159.880005,161.800003,157.770004,161.020004,155.357758,12892800
2025-04-28,161.039993,162.559998,160.389999,161.850006,156.158569,8127000
2025-04-29,161.289993,162.389999,159.199997,162.259995,156.554138,8266200
2025-04-30,162.449997,163.160004,159.949997,162.570007,156.853256,12475500
2025-05-01,160.660004,161.350006,159.050003,159.979996,154.354324,6792800
2025-05-02,160.929993,161.809998,159.899994,160.520004,154.875336,5750200
2025-05-05,160.889999,160.910004,158.020004,158.830002,153.244781,7576200
2025-05-06,158.039993,159.710007,157.649994,159.25,153.649994,7703800
2025-05-07,159.020004,160.050003,158.539993,159.289993,153.688583,6430000
2025-05-08,158.380005,160.0,158.009995,158.649994,153.071091,7230800
2025-05-09,158.020004,159.130005,157.410004,157.660004,152.115921,6453200
2025-05-12,157.429993,161.050003,156.690002,160.899994,155.241974,7378400
2025-05-13,160.020004,160.720001,157.360001,158.729996,153.148285,7780800
2025-05-14,158.119995,159.160004,157.570007,158.020004,152.463257,5988900
2025-05-15,159.589996,162.910004,158.699997,162.410004,156.698883,8727300
2025-05-16,162.649994,163.429993,161.850006,163.279999,157.538284,7100800
2025-05-19,163.470001,165.149994,163.410004,164.770004,158.975891,8119900
2025-05-20,164.610001,166.0,164.600006,165.639999,159.815292,5576600
2025-05-21,164.820007,166.369995,164.619995,165.429993,159.612671,6424200
2025-05-22,164.440002,166.199997,164.020004,165.029999,159.226746,6245600
2025-05-23,164.830002,166.220001,163.479996,165.860001,160.027557,5349800
2025-05-27,165.270004,167.979996,165.270004,167.759995,161.860733,11423800
2025-05-28,167.649994,168.839996,167.059998,167.360001,161.474823,5385900
2025-05-29,166.740005,168.990005,166.440002,168.559998,162.632599,4842500
2025-05-30,168.75,170.990005,168.600006,169.889999,163.915848,12587500
2025-06-02,169.020004,169.039993,166.229996,167.779999,161.880035,7574400
2025-06-03,166.779999,167.410004,165.899994,166.850006,160.982758,6223000
2025-06-04,166.690002,168.050003,165.919998,165.949997,160.114395,4939000
2025-06-05,165.429993,165.440002,162.509995,162.800003,157.07515,10351800
2025-06-06,163.289993,165.240005,163.279999,164.020004,158.252274,5697700
2025-06-09,163.389999,164.020004,162.070007,162.559998,156.843597,6544200
2025-06-10,162.690002,163.509995,161.919998,162.839996,157.11377,7680000
2025-06-11,162.630005,162.770004,161.690002,162.110001,156.409424,5960100
2025-06-12,161.970001,163.309998,161.679993,163.179993,157.441803,6509900
2025-06-13,162.759995,163.029999,159.910004,160.279999,154.643784,7104500
2025-06-16,160.880005,161.949997,160.009995,160.880005,155.222687,6332000
2025-06-17,160.059998,160.369995,158.309998,158.520004,152.945663,6809700
2025-06-18,158.550003,158.649994,157.660004,158.020004,152.463257,7211200
2025-06-20,158.029999,159.339996,157.850006,159.080002,153.485977,16173400
2025-06-23,159.070007,161.190002,159.0,161.029999,155.367416,6588200
2025-06-24,161.179993,161.740005,159.649994,160.360001,154.720963,7470100
2025-06-25,159.820007,160.339996,158.710007,158.970001,153.379852,5933700
2025-06-26,159.550003,159.559998,157.169998,158.630005,153.051804,7410400
2025-06-27,158.679993,160.130005,158.289993,159.860001,154.238556,19257000
2025-06-30,159.259995,159.899994,158.130005,159.320007,153.717545,11238200
2025-07-01,159.880005,162.529999,159.380005,161.220001,155.550735,10664900
2025-07-02,161.139999,161.350006,159.860001,161.199997,155.531418,8848700
2025-07-03,161.789993,162.020004,159.789993,160.830002,155.174454,6999600
2025-07-07,160.889999,161.179993,159.289993,160.5,154.856049,7225700
2025-07-08,159.520004,159.779999,157.440002,157.889999,152.337814,12034800
2025-07-09,158.100006,158.199997,155.949997,157.520004,151.98085,18770900
2025-07-10,157.759995,159.610001,157.039993,158.490005,152.916733,7200500
2025-07-11,158.050003,158.050003,156.440002,157.050003,151.527359,8053800
2025-07-14,155.580002,155.800003,152.860001,153.759995,148.353043,11491700
2025-07-15,153.559998,154.050003,151.899994,152.679993,147.311005,9142600
2025-07-16,152.740005,153.759995,152.270004,153.729996,148.324112,8479000
2025-07-17,154.039993,155.75,153.880005,155.619995,150.147644,8320000
2025-07-18,153.779999,155.570007,153.630005,155.100006,150.669312,7337300
2025-07-21,155.070007,155.940002,154.889999,155.029999,150.601303,6328400
2025-07-22,154.919998,158.369995,154.899994,158.320007,153.797348,8187000
2025-07-23,158.220001,158.880005,157.679993,158.279999,153.758453,4804800
2025-07-24,158.869995,159.020004,158.050003,158.809998,154.273315,7027400
2025-07-25,157.339996,158.440002,157.020004,158.300003,153.777893,5799900
2025-07-28,157.630005,158.089996,156.229996,157.110001,152.621887,7885000
2025-07-29,158.649994,158.649994,154.839996,156.610001,152.136169,11466100
2025-07-30,157.0,157.0,152.050003,152.880005,148.512726,8162900
2025-07-31,151.800003,152.0,149.910004,150.470001,146.171585,11845400
2025-08-01,151.779999,153.490005,150.520004,150.649994,146.34642,8594200
2025-08-04,150.25,151.460007,150.020004,150.759995,146.453293,7679400
2025-08-05,150.710007,152.080002,150.320007,150.509995,146.210434,6670100
2025-08-06,150.860001,153.479996,150.210007,152.860001,148.493301,7376200
2025-08-07,153.119995,154.009995,152.699997,153.490005,149.105316,6719000
2025-08-08,152.770004,153.789993,152.570007,153.509995,149.124725,5811000
2025-08-11,153.539993,155.389999,153.309998,154.979996,150.552719,7331700
2025-08-12,155.059998,155.539993,154.309998,155.089996,150.659592,6938000
2025-08-13,155.210007,157.009995,154.949997,155.410004,150.970459,5812400
2025-08-14,154.639999,154.699997,153.270004,153.740005,149.348175,6343700
2025-08-15,154.470001,155.600006,154.210007,154.360001,149.95047,7121700
2025-08-18,154.419998,156.919998,154.169998,155.720001,151.271591,8274500
2025-08-19,155.729996,158.699997,155.669998,158.399994,153.875031,7868100
2025-08-20,158.580002,161.029999,158.410004,159.509995,154.953339,7840400
2025-08-21,157.929993,159.059998,157.179993,158.729996,154.195602,6417500
2025-08-22,159.380005,160.679993,158.309998,158.669998,154.137329,5797300
2025-08-25,158.389999,158.699997,155.889999,156.149994,151.689316,4692500
2025-08-26,155.919998,156.699997,155.339996,155.970001,151.514465,6338000
2025-08-27,156.149994,157.130005,155.789993,156.960007,152.476181,4551200
2025-08-28,157.0,157.009995,155.029999,155.649994,151.203583,5857400
2025-08-29,156.089996,157.559998,155.649994,157.039993,152.553879,5318200
2025-09-02,157.360001,158.860001,156.979996,157.990005,153.476746,6432800
2025-09-03,157.649994,158.639999,156.5,158.169998,153.651596,6592500
2025-09-04,158.520004,159.75,157.809998,159.190002,154.642471,6934900
2025-09-05,158.550003,160.559998,158.410004,160.020004,155.448761,6436200
2025-09-08,159.610001,160.270004,158.25,159.009995,154.46759,7178400
2025-09-09,158.610001,159.869995,158.199997,159.460007,154.90477,4984900
2025-09-10,158.600006,158.940002,155.889999,157.350006,152.855042,6205500
2025-09-11,157.720001,159.350006,157.389999,158.630005,154.09848,5819500
2025-09-12,157.929993,159.130005,157.779999,157.899994,153.389328,5957000
2025-09-15,157.880005,158.520004,156.199997,156.830002,152.349884,5995000
2025-09-16,157.139999,158.389999,156.889999,158.050003,153.535049,6559600
2025-09-17,158.429993,161.669998,158.429993,160.330002,155.749924,6764200
2025-09-18,158.149994,159.020004,157.160004,157.320007,152.825897,7651500
2025-09-19,157.610001,157.619995,155.970001,156.039993,151.582458,17224800
2025-09-22,156.080002,156.080002,153.050003,153.070007,148.697311,8712900
2025-09-23,153.199997,153.289993,150.970001,152.5,148.1436,8853400
2025-09-24,152.050003,153.630005,151.789993,152.419998,148.065872,6483300
2025-09-25,153.229996,153.880005,151.779999,152.149994,147.803574,7511400
2025-09-26,152.229996,152.679993,151.529999,152.5,148.1436,5721100
2025-09-29,152.419998,153.720001,151.789993,153.529999,149.144165,8139700
2025-09-30,153.460007,154.380005,152.839996,153.649994,149.260727,7762600
2025-10-01,153.699997,153.889999,151.410004,153.179993,148.804153,7566000
2025-10-02,152.720001,152.800003,151.630005,152.050003,147.706436,6892100
2025-10-03,152.0,153.429993,152.0,152.270004,147.920151,5212600
2025-10-06,151.5,152.320007,150.399994,150.410004,146.113281,6737000
2025-10-07,150.759995,153.169998,150.050003,152.539993,148.182434,6844400
2025-10-08,152.789993,152.789993,150.630005,150.690002,146.385284,5254700
2025-10-09,150.740005,150.869995,149.580002,150.580002,146.278412,6134500
2025-10-10,150.940002,151.509995,149.449997,149.690002,145.413864,7374000
2025-10-13,149.0,149.429993,146.970001,147.490005,143.276718,7511100
2025-10-14,147.570007,149.25,147.080002,149.160004,144.899017,8585300
2025-10-15,148.529999,149.410004,147.270004,147.419998,143.20871,10003100
2025-10-16,148.009995,150.399994,147.919998,149.600006,145.326431,8809700
2025-10-17,150.570007,152.029999,150.429993,151.399994,147.074997,8612900
2025-10-20,151.589996,152.389999,151.300003,151.960007,147.619019,5601300
2025-10-21,151.960007,152.279999,150.869995,151.619995,147.288696,6013400
2025-10-22,151.300003,153.460007,150.789993,152.199997,147.852127,6394400
2025-10-23,152.350006,153.300003,150.580002,152.210007,147.861893,8205400
2025-10-24,156.399994,157.399994,151.529999,152.490005,149.169754,11968500
2025-10-27,151.610001,151.759995,150.130005,151.740005,148.436081,7775300
2025-10-28,151.119995,153.169998,150.619995,151.369995,148.074127,5819300
2025-10-29,150.660004,150.970001,148.470001,148.770004,145.530762,7405500
2025-10-30,149.470001,150.800003,149.339996,149.580002,146.32312,6760700
2025-10-31,148.710007,151.100006,148.529999,150.369995,147.095917,7930300
2025-11-03,150.100006,150.220001,147.770004,148.020004,144.797073,8946400
2025-11-04,148.600006,149.5,146.25,147.169998,143.965591,9295400
2025-11-05,146.869995,147.419998,145.649994,145.789993,142.615631,11199900
2025-11-06,145.880005,146.679993,144.460007,146.130005,142.948242,10024500
2025-11-07,146.949997,147.940002,146.0,146.979996,143.779709,8500100
2025-11-10,146.380005,146.619995,144.089996,145.5,142.331955,10208100
2025-11-11,145.960007,148.649994,145.669998,148.539993,145.305756,7332500
2025-11-12,148.529999,149.149994,147.509995,148.009995,144.787292,7851100
2025-11-13,148.179993,149.0,147.639999,147.960007,144.738388,7566800
2025-11-14,149.100006,149.380005,147.610001,147.669998,144.454697,9150800
2025-11-17,147.75,147.979996,145.009995,145.820007,142.644989,9902300
2025-11-18,146.330002,147.389999,145.509995,146.990005,143.789505,10735200
2025-11-19,146.960007,147.539993,145.860001,146.990005,143.789505,6367000
2025-11-20,146.639999,148.660004,146.130005,148.190002,144.963379,9021300
2025-11-21,148.380005,151.5,148.300003,150.919998,147.633942,12018000
2025-11-24,150.100006,150.410004,146.539993,146.979996,143.779709,13846900
2025-11-25,147.320007,148.649994,147.220001,148.490005,145.256851,10477700
2025-11-26,147.919998,148.970001,147.610001,148.25,145.022079,9238500
2025-11-28,147.800003,148.710007,147.179993,148.160004,144.934036,4707200
2025-12-01,148.100006,148.889999,147.350006,147.440002,144.229706,8240700
2025-12-02,145.289993,146.190002,142.509995,145.860001,142.684113,16376800
2025-12-03,145.919998,148.289993,145.860001,146.710007,143.51561,9125300
2025-12-04,146.669998,147.419998,144.5,145.360001,142.194992,10479300
2025-12-05,145.160004,145.630005,143.25,143.449997,140.326569,12791700
2025-12-08,142.910004,142.910004,138.139999,138.339996,135.32785,17507500
2025-12-09,139.190002,140.880005,139.0,139.630005,136.589752,10375700
2025-12-10,139.649994,141.279999,139.539993,139.820007,136.775635,13650400
2025-12-11,141.0,141.839996,140.360001,140.759995,137.69516,11798000
2025-12-12,141.0,143.110001,140.839996,142.839996,139.729874,10268800
2025-12-15,143.270004,145.320007,143.199997,145.130005,141.970016,13877700
2025-12-16,146.100006,146.539993,144.649994,145.210007,142.048279,10251700
2025-12-17,146.690002,148.449997,146.449997,147.809998,144.59166,9833300
2025-12-18,146.619995,147.5,145.350006,145.520004,142.351517,12239900
2025-12-19,145.509995,146.050003,143.940002,144.460007,141.314606,19345600
2025-12-22,143.710007,144.399994,142.419998,142.690002,139.583145,11731400
2025-12-23,142.490005,143.729996,142.080002,143.179993,140.062469,9541600
2025-12-24,142.899994,144.740005,142.830002,144.490005,141.343933,3259200
2025-12-26,144.309998,145.639999,144.309998,144.740005,141.588516,4711500
2025-12-29,144.800003,145.070007,143.949997,144.570007,141.422226,7662100
2025-12-30,144.289993,144.460007,143.570007,144.050003,140.913528,6006400
2025-12-31,144.0,144.139999,143.229996,143.309998,140.189621,5293200
2026-01-02,143.110001,143.339996,141.240005,141.789993,138.702744,8946100
2026-01-05,141.100006,141.350006,139.600006,140.369995,137.313644,12297300
2026-01-06,140.389999,141.419998,139.509995,139.910004,136.863663,10421800
2026-01-07,139.800003,139.800003,137.619995,138.039993,135.034378,14369100
2026-01-08,137.889999,141.779999,137.820007,141.529999,138.448395,9297100
2026-01-09,141.699997,142.330002,140.830002,141.869995,138.780991,9528500
2026-01-12,142.279999,143.880005,141.710007,143.460007,140.336395,12812000
2026-01-13,144.0,144.339996,142.970001,144.240005,141.099396,15549200
2026-01-14,144.679993,146.899994,144.369995,146.350006,143.163437,13475000
2026-01-15,145.679993,146.350006,144.350006,144.630005,141.480896,10102800
2026-01-16,143.759995,144.729996,143.660004,144.529999,141.383072,11729300
2026-01-20,144.460007,147.0,144.119995,147.0,143.799301,12901400
2026-01-21,147.059998,147.369995,144.970001,146.059998,142.879745,14126800
2026-01-22,148.080002,150.910004,147.5,149.929993,146.665497,18501900
2026-01-23,150.839996,151.649994,149.800003,150.149994,147.923553,14562600
2026-01-26,150.119995,150.880005,148.520004,149.490005,147.273346,12655700
2026-01-27,148.070007,149.639999,147.929993,148.339996,146.140396,9546000
2026-01-28,148.0,148.710007,146.789993,147.339996,145.155212,7465800
2026-01-29,147.289993,150.130005,147.110001,149.899994,147.677261,11035600
2026-01-30,150.429993,151.970001,149.149994,151.770004,149.519547,12651400
2026-02-02,152.419998,153.729996,151.25,153.190002,150.918488,10554900
2026-02-03,152.589996,156.529999,152.199997,155.320007,153.016907,12424700
2026-02-04,156.130005,158.369995,155.759995,156.869995,154.543915,12178500
2026-02-05,158.839996,159.649994,156.119995,158.610001,156.258118,13077700
2026-02-06,158.240005,159.990005,158.009995,159.169998,156.809814,10441700
2026-02-09,158.759995,159.279999,156.020004,157.330002,154.997101,11439900
2026-02-10,157.529999,160.149994,156.720001,159.080002,156.721161,9910100
2026-02-11,158.639999,161.139999,158.190002,160.0,157.627518,10217300
2026-02-12,160.020004,163.139999,159.649994,161.210007,158.819565,13512900
2026-02-13,161.740005,162.570007,159.710007,160.070007,157.696487,13998900
2026-02-17,159.949997,162.169998,158.880005,159.550003,157.184174,13319100
2026-02-18,158.979996,158.979996,155.770004,156.860001,154.534073,14434300
2026-02-19,156.830002,159.960007,156.830002,158.559998,156.208862,10724600
2026-02-20,159.130005,161.059998,158.160004,160.779999,158.395935,11508100
2026-02-23,160.320007,165.360001,160.300003,165.169998,162.72084,14772400
2026-02-24,164.899994,166.869995,163.940002,165.279999,162.829224,9709500
2026-02-25,164.539993,165.0,162.100006,163.389999,160.967239,7878500
2026-02-26,164.220001,164.5,162.860001,163.75,161.321899,7028600
2026-02-27,164.039993,167.25,163.690002,167.199997,164.720734,14878500
2026-03-02,165.289993,166.550003,163.449997,163.509995,161.085449,9095500
2026-03-03,162.190002,162.190002,158.619995,159.720001,157.351669,10161000
2026-03-04,159.440002,159.610001,157.309998,158.300003,155.952713,8752700
2026-03-05,156.940002,157.100006,153.770004,153.990005,151.706619,10060300
2026-03-06,153.660004,154.429993,151.889999,153.630005,151.351959,8187900
2026-03-09,153.149994,156.229996,152.899994,155.220001,152.918381,12494900
2026-03-10,155.490005,157.149994,153.600006,156.009995,153.696655,7756800
2026-03-11,155.229996,155.380005,151.429993,153.320007,151.04657,8855100
2026-03-12,152.210007,153.050003,150.330002,150.5,148.268372,8489300
2026-03-13,151.369995,152.550003,150.179993,150.649994,148.416138,7298900
2026-03-16,151.860001,152.639999,150.649994,152.119995,149.864349,6944000
2026-03-17,153.009995,153.460007,151.199997,151.479996,149.233841,6147700
2026-03-18,149.309998,149.619995,146.460007,146.710007,144.534576,10059300
2026-03-19,146.220001,147.380005,144.789993,144.839996,142.692291,10340300
2026-03-20,144.990005,145.820007,144.25,144.279999,142.140594,60620900
2026-03-23,146.149994,146.149994,143.479996,143.990005,141.854904,10315600
2026-03-24,143.330002,145.229996,142.229996,143.160004,141.037216,8567600
2026-03-25,143.740005,144.100006,142.229996,143.919998,141.785934,8418100
2026-03-26,143.690002,144.570007,142.240005,142.419998,140.308182,6443200
2026-03-27,142.720001,144.080002,142.009995,142.710007,140.593887,11558300
2026-03-30,143.039993,145.570007,142.570007,144.720001,142.574081,11616300
2026-03-31,144.820007,144.919998,142.279999,144.440002,142.298233,10407500
2026-04-01,143.919998,144.970001,143.210007,144.089996,141.95343,8061700
2026-04-02,144.089996,144.210007,142.580002,143.119995,140.997803,5941700
2026-04-06,143.009995,143.669998,141.919998,142.770004,140.653,6823100
2026-04-07,142.520004,142.770004,140.740005,141.300003,139.204788,7207500
2026-04-08,143.149994,145.110001,141.869995,144.899994,142.751404,10849700
2026-04-09,144.389999,146.940002,143.0,146.660004,144.485321,6794800
2026-04-10,146.889999,146.889999,144.759995,145.160004,143.007553,9790300
2026-04-13,145.0,145.089996,142.630005,143.580002,141.450974,7121400
2026-04-14,143.240005,144.720001,142.770004,144.380005,142.239136,6621600
2026-04-15,144.360001,144.399994,142.259995,143.380005,141.253952,7698200
2026-04-16,143.199997,144.289993,142.660004,143.110001,140.987961,6947100
2026-04-17,143.410004,147.589996,143.160004,146.929993,144.751312,10886000
2026-04-20,146.059998,146.660004,143.589996,144.490005,142.347488,8084700
2026-04-21,144.619995,144.619995,142.320007,142.320007,140.209671,11197200
2026-04-22,142.5,143.300003,142.220001,142.850006,140.731812,7236300
2026-04-23,143.399994,146.229996,143.399994,145.710007,143.549408,11288800
2026-04-24,152.009995,152.419998,147.619995,148.179993,147.082031,13786200
2026-04-27,147.419998,149.699997,147.419998,148.399994,147.3004,9166400
2026-04-28,150.029999,151.190002,148.429993,149.169998,148.064697,7965700
2026-04-29,148.300003,148.75,145.889999,146.460007,145.374786,9002400
2026-04-30,147.089996,147.720001,145.949997,147.089996,146.000107,9491700
2026-05-01,147.869995,149.279999,146.460007,147.259995,146.168839,6814800
2026-05-04,146.059998,146.059998,143.270004,143.419998,142.3573,9642800
2026-05-05,143.380005,145.899994,142.179993,144.899994,143.826324,7664300
2026-05-06,146.399994,148.949997,145.940002,147.899994,146.804108,9399500
2026-05-07,147.990005,147.990005,146.020004,146.059998,144.977737,9545800
2026-05-08,146.550003,147.520004,146.210007,146.419998,145.335068,5741000
2026-05-11,145.789993,145.949997,141.970001,143.360001,142.297745,7489500
2026-05-12,144.350006,145.860001,142.860001,143.910004,142.843674,9051200
2026-05-13,143.149994,144.669998,141.660004,142.240005,141.18605,6685900
2026-05-14,143.179993,144.279999,142.630005,142.710007,141.652573,9636200
2026-05-15,143.399994,143.399994,141.199997,141.570007,140.521011,6989400
2026-05-18,142.100006,144.429993,141.630005,142.389999,141.33493,7731200
2026-05-19,142.470001,143.710007,140.850006,141.300003,140.253006,8355800
2026-05-20,141.449997,143.220001,140.619995,142.440002,141.384567,8375600
2026-05-21,141.880005,143.720001,140.089996,143.399994,142.337448,6297300
2026-05-22,143.869995,144.639999,143.529999,144.440002,143.369751,4616700
2026-05-26,144.509995,145.610001,142.529999,142.960007,141.900711,8157200
2026-05-27,143.460007,148.539993,143.460007,147.490005,146.397156,10048900
2026-05-28,146.699997,146.699997,145.009995,145.910004,144.828857,10196700
2026-05-29,145.520004,145.639999,143.199997,143.559998,142.496262,12355800
2026-06-01,141.520004,141.820007,138.860001,140.279999,139.24057,11093800
2026-06-02,140.119995,141.119995,139.029999,140.820007,139.776581,9599500
2026-06-03,140.929993,142.449997,140.0,140.190002,139.151245,9351000
2026-06-04,142.699997,143.139999,139.889999,140.779999,139.736862,8194000
2026-06-05,142.220001,148.229996,141.800003,146.539993,145.454178,10963200
2026-06-08,145.789993,146.550003,145.020004,145.100006,144.024857,7200700
2026-06-09,144.669998,149.479996,144.529999,148.669998,147.568405,8259300
2026-06-10,149.910004,150.429993,148.380005,149.050003,147.945587,7345900
2026-06-11,148.699997,149.619995,147.770004,148.339996,147.240845,6684700
2026-06-12,149.380005,150.199997,148.300003,149.610001,148.501434,6832000
2026-06-15,148.759995,151.5,148.759995,150.460007,149.345139,9158900
2026-06-16,151.509995,153.020004,150.550003,152.490005,151.360107,8518900
2026-06-17,152.380005,152.940002,149.770004,150.559998,149.444397,7055800
2026-06-18,150.869995,152.289993,150.179993,150.380005,149.265732,17076100
2026-06-22,150.110001,150.889999,147.570007,147.679993,146.585724,10533000
2026-06-23,149.660004,151.369995,149.369995,150.860001,149.742172,7259600
2026-06-24,151.990005,153.350006,150.919998,152.039993,150.913422,8618500
2026-06-25,151.570007,152.289993,147.820007,148.5,147.399658,11197200
2026-06-26,150.339996,150.880005,148.419998,149.020004,147.915817,16724600
2026-06-29,148.729996,149.050003,147.039993,148.449997,147.350021,10387700
2026-06-30,147.529999,147.529999,144.169998,146.639999,145.553436,9353800
2026-07-01,146.529999,147.5,145.550003,147.429993,146.337585,9571700
2026-07-02,148.580002,151.669998,147.740005,151.410004,150.288101,9256000
2026-07-06,150.679993,151.220001,146.960007,149.309998,148.203659,8323100
2026-07-07,152.660004,153.490005,150.610001,152.75,151.618164,8061400
2026-07-08,150.960007,151.070007,148.350006,148.399994,147.3004,14272300
2026-07-09,146.770004,147.660004,145.600006,146.850006,145.761887,7748000
2026-07-10,147.100006,148.589996,146.710007,147.039993,145.95047,12473000
2026-07-13,148.080002,150.050003,147.110001,148.369995,147.270615,7816100
2026-07-14,148.369995,148.75,145.589996,146.080002,144.997589,7668100
2026-07-15,145.279999,148.589996,144.660004,148.050003,146.953003,6180000
2026-07-16,149.490005,151.520004,148.179993,151.5,150.377426,6485400
2026-07-17,152.860001,154.320007,149.309998,149.979996,148.868683,8917400
2026-07-20,149.559998,150.100006,148.429993,149.130005,148.024994,5788300
2026-07-21,147.860001,148.410004,146.880005,148.100006,147.002625,7027600
2026-07-22,149.5,150.460007,148.820007,149.130005,148.024994,5371200
2026-07-23,146.139999,147.610001,145.589996,146.970001,145.880997,6499200
2026-07-24,146.449997,147.990005,145.399994,147.410004,147.410004,6620700
2026-07-27,147.850006,150.25,147.850006,148.630005,148.630005,7301800
2026-07-28,151.5,153.679993,148.520004,148.880005,148.880005,12848800
2026-07-29,141.380005,146.380005,140.199997,146.100006,146.100006,14616800
2026-07-30,143.759995,144.449997,142.25,143.960007,143.960007,9571100
2026-07-31,143.509995,144.699997,141.460007,144.490005,144.490005,9152600
2026-08-03,145.850006,147.149994,144.259995,144.970001,144.970001,8843600
2026-08-04,144.039993,148.25,143.789993,148.009995,148.009995,7362300
2026-08-05,147.850006,147.850006,144.660004,146.800003,146.800003,9753300
2026-08-06,147.820007,148.5,145.449997,146.970001,146.970001,8766700
2026-08-07,144.899994,146.0,143.880005,145.789993,145.789993,7565500
2026-08-10,144.729996,146.460007,144.149994,146.440002,146.440002,7386500
2026-08-11,145.410004,145.710007,143.929993,145.210007,145.210007,7936700
2026-08-12,144.050003,144.940002,143.789993,144.080002,144.080002,7195000
2026-08-13,144.589996,145.800003,144.0,144.259995,144.259995,7491300
2026-08-14,144.330002,144.910004,143.419998,144.550003,144.550003,7249600
2026-08-17,143.639999,143.970001,142.479996,143.119995,143.119995,9867500
2026-08-18,143.279999,144.419998,142.679993,143.449997,143.449997,12746100
2026-08-19,144.300003,146.229996,143.619995,144.380005,144.380005,13948500
2026-08-20,144.470001,144.919998,142.559998,142.970001,142.970001,15794100
2026-08-21,143.020004,145.270004,142.139999,144.679993,144.679993,9785200
2026-08-24,145.240005,146.800003,145.0,146.600006,146.600006,7061800
2026-08-25,145.729996,146.119995,144.949997,145.399994,145.399994,9125700
2026-08-26,145.279999,145.929993,144.5,145.0,145.0,8249100
2026-08-27,143.699997,144.149994,142.710007,143.139999,143.139999,7817200
2026-08-28,143.25,144.399994,143.009995,143.779999,143.779999,5868900
