date,open,high,low,close,adj_close,volume
2005-01-03,24.93,24.969999,24.09,24.18,14.802244,9305500
2005-01-04,24.190001,24.309999,23.139999,23.6,14.447183,12968100
2005-01-05,23.5,23.59,22.75,22.889999,14.012543,17913300
2005-01-06,22.98,23.1,22.65,22.799999,13.957446,11317200
2005-01-07,23.0,23.26,22.639999,22.92,14.030907,9839600
2005-01-10,22.790001,23.09,22.5,22.610001,13.841134,10170200
2005-01-11,22.379999,22.610001,22.1,22.370001,13.694215,13744100
2005-01-12,22.52,22.700001,22.059999,22.389999,13.706459,12308600
2005-01-13,22.379999,22.4,21.9,22.200001,13.590147,14803400
2005-01-14,22.25,22.709999,22.25,22.469999,13.755435,8145400
2005-01-18,22.26,22.58,22.23,22.5,13.7738,8978700
2005-01-19,22.719999,22.73,21.889999,21.92,13.418736,11753600
2005-01-20,21.67,21.85,21.24,21.379999,13.088175,17038700
2005-01-21,21.379999,21.65,20.959999,21.030001,12.873912,14640000
2005-01-24,21.139999,21.309999,20.700001,20.77,12.714742,15531700
2005-01-25,21.0,21.290001,21.0,21.120001,12.929008,19725000
2005-01-26,21.940001,22.950001,21.799999,22.66,13.871746,26594200
2005-01-27,22.639999,22.959999,22.52,22.879999,14.021886,14115800
2005-01-28,23.1,23.26,22.77,23.110001,14.16285,15514500
2005-01-31,23.32,23.450001,22.99,23.209999,14.224129,12705400
2005-02-01,23.120001,23.690001,23.120001,23.58,14.450889,13986300
2005-02-02,23.58,23.610001,23.200001,23.49,14.395728,10133400
2005-02-03,23.25,23.42,22.879999,23.129999,14.175106,10817000
2005-02-04,23.809999,24.799999,23.370001,24.799999,15.198551,20387600
2005-02-07,24.6,24.98,24.549999,24.700001,15.137265,11172000
2005-02-08,24.700001,25.559999,24.620001,25.35,15.53562,15838900
2005-02-09,25.35,25.360001,24.52,24.629999,15.094367,13292500
2005-02-10,24.799999,25.280001,24.35,24.91,15.265968,15232800
2005-02-11,24.98,25.98,24.790001,25.860001,15.848173,17349600
2005-02-14,25.77,26.030001,25.58,25.950001,15.903324,11112800
2005-02-15,25.950001,26.379999,25.73,26.040001,15.958485,17616700
2005-02-16,26.0,26.440001,25.51,26.09,15.989122,15300700
2005-02-17,26.190001,26.209999,25.440001,25.48,15.615284,15902600
2005-02-18,25.35,25.610001,25.110001,25.32,15.51723,10782600
2005-02-22,25.02,26.08,25.02,25.57,15.670444,15824100
2005-02-23,25.65,25.9,25.049999,25.469999,15.609165,13665700
2005-02-24,25.370001,26.1,25.27,25.959999,15.909458,12867000
2005-02-25,26.0,26.879999,25.950001,26.700001,16.362967,15233900
2005-02-28,26.65,27.41,26.41,26.469999,16.222006,21692300
2005-03-01,26.9,27.309999,26.860001,27.15,16.638739,14096000
2005-03-02,26.9,27.370001,26.74,26.969999,16.528425,14698500
2005-03-03,27.0,27.15,26.35,26.58,16.289421,17260300
2005-03-04,26.879999,27.1,26.49,26.889999,16.479403,16490700
2005-03-07,26.889999,27.790001,26.82,27.370001,16.773575,26277900
2005-03-08,26.549999,27.139999,26.25,26.34,16.14233,30920900
2005-03-09,26.370001,26.879999,26.34,26.639999,16.326195,20056500
2005-03-10,26.83,27.290001,26.620001,27.08,16.595842,20921200
2005-03-11,27.09,27.15,26.08,26.200001,16.056541,18092800
2005-03-14,26.18,26.34,25.879999,26.26,16.093306,14487200
2005-03-15,26.18,26.34,25.620001,25.719999,15.76237,15470300
2005-03-16,25.57,26.129999,25.290001,25.450001,15.596908,13119400
2005-03-17,25.549999,25.870001,25.4,25.639999,15.713338,9988900
2005-03-18,25.639999,25.700001,24.98,25.440001,15.59078,17023400
2005-03-21,25.43,25.610001,25.09,25.219999,15.455946,10308900
2005-03-22,25.540001,25.74,25.0,25.0,15.321117,11616900
2005-03-23,24.92,25.57,24.879999,25.34,15.52949,10299100
2005-03-24,25.43,25.77,25.360001,25.51,15.633673,8096500
2005-03-28,25.52,25.950001,25.459999,25.49,15.62142,9639200
2005-03-29,25.35,25.639999,25.049999,25.18,15.431438,12815800
2005-03-30,25.18,25.83,24.5,25.75,15.780747,11741000
2005-03-31,25.75,25.75,25.299999,25.49,15.62142,11524500
2005-04-01,25.780001,25.790001,24.889999,24.959999,15.29661,14186200
2005-04-04,24.65,25.5,24.48,24.85,15.229196,14851200
2005-04-05,24.82,25.190001,24.73,24.870001,15.24145,11343000
2005-04-06,24.99,25.219999,24.690001,24.73,15.155652,10255100
2005-04-07,24.85,25.209999,24.559999,25.07,15.364022,8992400
2005-04-08,25.17,25.290001,24.9,24.91,15.265968,7847200
2005-04-11,24.98,25.07,24.65,24.700001,15.137265,7878700
2005-04-12,24.68,24.74,23.5,24.219999,14.843102,28399700
2005-04-13,24.02,24.049999,23.629999,23.639999,14.48765,13543400
2005-04-14,23.559999,23.77,23.309999,23.389999,14.334442,16145900
2005-04-15,23.16,23.18,22.549999,22.76,13.948353,20251000
2005-04-18,22.51,23.309999,22.51,22.92,14.046407,15836200
2005-04-19,24.950001,24.950001,24.02,24.17,14.812464,20912300
2005-04-20,24.299999,24.4,23.76,24.02,14.720537,15300600
2005-04-21,24.440001,24.889999,24.190001,24.68,15.125013,14888800
2005-04-22,24.68,24.709999,24.129999,24.42,14.965679,8673600
2005-04-25,24.48,24.75,24.389999,24.620001,15.088239,9286600
2005-04-26,24.52,25.200001,24.35,24.540001,15.039212,11682200
2005-04-27,24.35,24.75,24.25,24.709999,15.143396,8907300
2005-04-28,24.48,25.030001,24.41,24.610001,15.097385,13360400
2005-04-29,24.799999,24.99,24.450001,24.959999,15.312107,12865100
2005-05-02,25.0,25.25,24.93,25.129999,15.416395,12686100
2005-05-03,25.049999,25.379999,25.02,25.200001,15.45933,9460800
2005-05-04,25.389999,25.940001,25.27,25.780001,15.815144,11338800
2005-05-05,25.700001,26.17,25.690001,26.040001,15.974643,12157900
2005-05-06,26.190001,26.540001,26.08,26.41,16.20162,10910600
2005-05-09,26.23,26.41,26.01,26.389999,16.189362,9225200
2005-05-10,26.0,26.309999,25.68,25.879999,15.876493,9919000
2005-05-11,25.91,26.129999,25.360001,26.1,16.011456,9600500
2005-05-12,26.0,26.66,26.0,26.32,16.146414,11832000
2005-05-13,26.48,26.74,26.35,26.5,16.25683,15178500
2005-05-16,26.5,27.219999,26.35,26.959999,16.539028,13013700
2005-05-17,27.0,27.440001,26.889999,27.41,16.815094,10903800
2005-05-18,27.5,27.75,27.17,27.559999,16.907118,12761700
2005-05-19,27.540001,27.860001,27.17,27.379999,16.796684,11326200
2005-05-20,27.48,27.809999,27.23,27.700001,16.992996,11258800
2005-05-23,27.52,27.700001,27.27,27.379999,16.796684,11923200
2005-05-24,27.110001,27.610001,27.07,27.530001,16.888702,13539900
2005-05-25,27.450001,27.549999,27.09,27.49,16.864166,8477000
2005-05-26,27.6,28.07,27.6,27.950001,17.146364,9634500
2005-05-27,27.879999,27.9,27.42,27.75,17.023668,6397100
2005-05-31,27.6,27.879999,27.540001,27.639999,16.956188,8938700
2005-06-01,27.559999,28.07,27.360001,27.790001,17.048208,9076600
2005-06-02,27.75,28.059999,27.629999,28.040001,17.201578,8432800
2005-06-03,27.92,28.190001,27.719999,27.98,17.164768,10091900
2005-06-06,27.889999,27.940001,27.540001,27.75,17.023668,8278000
2005-06-07,28.0,28.26,27.129999,27.280001,16.735336,16600900
2005-06-08,27.879999,28.200001,27.57,27.9,17.115694,16581800
2005-06-09,28.049999,28.139999,27.52,28.030001,17.195448,15233200
2005-06-10,27.969999,27.969999,27.1,27.379999,16.796684,12443800
2005-06-13,27.23,27.799999,27.17,27.35,16.778288,8366800
2005-06-14,27.299999,27.48,26.98,27.02,16.57584,12036000
2005-06-15,27.02,27.209999,26.700001,27.139999,16.64945,10718400
2005-06-16,26.959999,27.4,26.959999,27.219999,16.69854,11563200
2005-06-17,27.43,27.5,27.190001,27.32,16.759882,17339500
2005-06-20,27.139999,27.85,27.1,27.639999,16.956188,11814300
2005-06-21,27.6,28.030001,27.59,28.0,17.177032,10494400
2005-06-22,28.0,28.370001,27.98,28.34,17.385611,12560800
2005-06-23,28.42,29.18,28.190001,28.219999,17.312002,19944100
2005-06-24,28.299999,28.34,27.85,28.01,17.183176,14156600
2005-06-27,27.99,28.049999,27.440001,27.530001,16.888702,9994300
2005-06-28,27.73,28.6,27.700001,28.26,17.336544,15527500
2005-06-29,28.24,28.52,28.02,28.219999,17.312002,8882500
2005-06-30,28.15,28.4,28.0,28.07,17.219978,9059700
2005-07-01,28.049999,28.299999,27.889999,28.030001,17.195448,5352200
2005-07-05,28.200001,28.969999,27.25,28.940001,17.753693,11165600
2005-07-06,28.98,29.459999,28.92,29.200001,17.913197,13278500
2005-07-07,28.85,29.4,28.690001,29.4,18.035887,9805100
2005-07-08,29.4,29.780001,29.26,29.75,18.250599,10164000
2005-07-11,29.9,30.690001,29.67,30.65,18.802715,15670600
2005-07-12,30.5,30.709999,30.110001,30.59,18.765917,14471000
2005-07-13,30.5,30.65,30.139999,30.629999,18.790451,10463600
2005-07-14,30.85,31.059999,30.610001,30.77,18.876347,10754100
2005-07-15,30.6,30.83,30.34,30.76,18.870205,8178400
2005-07-18,30.629999,31.02,30.5,30.99,19.011293,6090500
2005-07-19,31.0,31.25,30.879999,31.18,19.127861,10713000
2005-07-20,30.700001,31.51,30.51,31.5,19.324165,13563600
2005-07-21,31.299999,31.34,30.6,30.879999,18.943817,14256200
2005-07-22,30.92,31.18,30.43,30.76,18.870205,10542400
2005-07-25,31.0,31.07,30.559999,30.6,18.772049,12542500
2005-07-26,31.940001,32.52,31.610001,32.299999,19.814938,31121400
2005-07-27,32.299999,32.389999,31.530001,31.799999,19.508209,13391900
2005-07-28,31.549999,31.85,31.200001,31.709999,19.468298,10405800
2005-07-29,31.610001,32.049999,31.35,31.76,19.498995,12195900
2005-08-01,31.98,32.119999,31.77,31.889999,19.578806,8053400
2005-08-02,32.099998,32.740002,32.0,32.66,20.051552,9871900
2005-08-03,32.349998,32.860001,32.349998,32.5,19.953314,8834500
2005-08-04,32.23,32.330002,31.799999,31.9,19.584953,12245900
2005-08-05,31.9,31.940001,31.18,31.309999,19.222721,12556700
2005-08-08,31.4,31.799999,31.27,31.530001,19.357792,8766000
2005-08-09,31.559999,32.639999,31.540001,32.509998,19.959463,16500500
2005-08-10,32.41,33.0,32.360001,32.529999,19.971737,13183600
2005-08-11,32.32,32.75,32.150002,32.720001,20.088394,10765500
2005-08-12,32.5,32.5,31.700001,31.790001,19.517412,12243900
2005-08-15,31.67,32.389999,31.57,32.200001,19.769133,8404100
2005-08-16,32.0,32.09,31.790001,31.889999,19.578806,7678500
2005-08-17,31.889999,32.419998,31.889999,32.189999,19.762997,9738600
2005-08-18,32.040001,32.060001,31.52,31.530001,19.357792,10289100
2005-08-19,31.690001,31.700001,31.110001,31.16,19.130623,12298400
2005-08-22,31.27,32.0,31.27,31.950001,19.615643,10663600
2005-08-23,31.9,32.330002,31.690001,32.0,19.646341,9254500
2005-08-24,32.07,32.77,31.790001,32.18,19.756861,13600400
2005-08-25,32.25,32.66,32.18,32.32,19.842812,8045300
2005-08-26,32.169998,32.299999,31.82,32.060001,19.683187,7803300
2005-08-29,31.9,32.599998,31.870001,32.509998,19.959463,7958700
2005-08-30,32.27,32.389999,31.889999,32.169998,19.750715,9761400
2005-08-31,32.240002,32.759998,32.040001,32.68,20.063833,10571500
2005-09-01,32.599998,33.16,32.560001,32.759998,20.112944,11656500
2005-09-02,32.950001,33.0,32.419998,32.5,19.953314,7384000
2005-09-06,32.599998,33.18,32.599998,33.169998,20.364656,8627200
2005-09-07,33.060001,33.560001,32.880001,33.299999,20.444475,9954800
2005-09-08,33.380001,34.02,33.32,33.75,20.720755,13985900
2005-09-09,34.25,34.5,33.740002,33.740002,20.714615,20896000
2005-09-12,33.84,33.939999,33.049999,33.110001,20.327831,15559000
2005-09-13,33.540001,34.080002,33.349998,33.959999,20.849691,16876400
2005-09-14,34.25,34.439999,33.799999,33.950001,20.843554,14957100
2005-09-15,34.0,34.220001,33.02,33.060001,20.297127,12654200
2005-09-16,33.310001,33.369999,32.669998,32.799999,20.137497,15695400
2005-09-19,32.720001,32.98,32.630001,32.77,20.119081,8975000
2005-09-20,32.830002,33.25,32.630001,32.700001,20.076115,11842000
2005-09-21,32.560001,32.560001,31.9,32.189999,19.762997,14131900
2005-09-22,32.189999,33.09,31.959999,32.73,20.094528,14435800
2005-09-23,32.650002,33.98,32.459999,33.900002,20.812847,14175200
2005-09-26,33.959999,34.110001,33.490002,33.77,20.733036,13727900
2005-09-27,33.619999,33.650002,32.639999,32.919998,20.211174,14156800
2005-09-28,32.919998,33.299999,32.439999,32.84,20.162058,10593000
2005-09-29,32.77,33.630001,32.43,33.18,20.370808,16390400
2005-09-30,33.18,34.049999,33.18,33.900002,20.812847,14441100
2005-10-03,34.0,34.68,33.830002,33.880001,20.800566,12365300
2005-10-04,33.25,33.25,31.969999,32.009998,19.652489,24012400
2005-10-05,32.0,32.259998,31.08,31.389999,19.271837,24441800
2005-10-06,31.389999,31.5,30.1,30.530001,18.743845,20761700
2005-10-07,31.0,31.09,30.450001,30.629999,18.805235,15543800
2005-10-10,30.6,30.719999,30.040001,30.059999,18.455284,14143100
2005-10-11,30.08,30.5,29.200001,29.370001,18.031662,18085200
2005-10-12,29.24,30.24,29.209999,30.1,18.479837,19019300
2005-10-13,30.200001,31.030001,29.41,30.889999,18.964861,18964400
2005-10-14,30.5,30.870001,29.530001,29.93,18.375473,17593500
2005-10-17,30.049999,30.200001,29.629999,29.77,18.277233,10596100
2005-10-18,29.610001,29.92,29.370001,29.799999,18.295658,13140100
2005-10-19,29.5,30.120001,28.870001,30.07,18.461426,17499300
2005-10-20,30.200001,30.549999,29.66,29.77,18.277233,13837800
2005-10-21,29.549999,30.549999,29.540001,30.52,18.737701,18187400
2005-10-24,30.639999,31.0,30.139999,30.92,18.983278,23810400
2005-10-25,28.98,29.530001,28.26,28.549999,17.528214,39551100
2005-10-26,28.5,28.75,28.15,28.23,17.331762,23232800
2005-10-27,28.200001,28.24,27.15,27.469999,16.883106,23674500
2005-10-28,27.559999,28.02,27.360001,28.0,17.208832,22860800
2005-10-31,28.17,28.700001,28.16,28.549999,17.546875,16007000
2005-11-01,28.299999,28.559999,28.1,28.549999,17.546875,17050200
2005-11-02,28.799999,30.0,28.52,29.639999,18.216787,19097500
2005-11-03,30.0,30.860001,29.959999,30.809999,18.935875,20156900
2005-11-04,30.809999,31.0,30.5,30.950001,19.021921,13076500
2005-11-07,31.24,31.42,30.620001,31.049999,19.083376,10771800
2005-11-08,31.129999,31.530001,30.75,31.129999,19.132544,11096300
2005-11-09,30.65,31.34,30.25,31.25,19.206289,15255900
2005-11-10,31.15,31.780001,31.059999,31.620001,19.433701,12901700
2005-11-11,31.620001,31.879999,31.07,31.120001,19.126394,10690200
2005-11-14,31.280001,31.92,31.02,31.879999,19.593494,11066300
2005-11-15,31.700001,32.040001,31.32,31.469999,19.341509,11650500
2005-11-16,31.66,31.879999,31.389999,31.549999,19.390675,7910200
2005-11-17,31.549999,31.950001,31.32,31.879999,19.593494,13931600
2005-11-18,32.150002,32.470001,31.59,31.879999,19.593494,12744600
2005-11-21,31.6,31.85,31.299999,31.799999,19.544327,13300500
2005-11-22,31.73,33.040001,31.549999,32.549999,20.005276,17619600
2005-11-23,32.630001,32.75,32.119999,32.200001,19.790165,10069600
2005-11-25,32.080002,32.529999,32.060001,32.16,19.765581,3847000
2005-11-28,32.25,32.299999,31.780001,32.0,19.667252,9123400
2005-11-29,32.25,32.849998,31.85,31.860001,19.581205,10039900
2005-11-30,32.0,32.509998,31.68,32.48,19.962257,11680100
2005-12-01,32.700001,33.950001,32.700001,33.849998,20.804258,15550300
2005-12-02,33.849998,34.290001,33.59,34.110001,20.964052,14722400
2005-12-05,33.799999,33.970001,33.139999,33.209999,20.41091,17422200
2005-12-06,33.599998,33.98,33.200001,33.290001,20.460085,11817700
2005-12-07,33.400002,33.889999,33.080002,33.560001,20.626022,15879300
2005-12-08,33.900002,34.09,32.25,32.630001,20.054445,22799200
2005-12-09,32.990002,33.66,32.639999,33.369999,20.509251,15605000
2005-12-12,33.549999,33.75,33.369999,33.57,20.63217,7252100
2005-12-13,33.43,33.84,33.259998,33.509998,20.595297,8690700
2005-12-14,33.48,34.0,33.439999,33.709999,20.718222,8172300
2005-12-15,33.82,33.959999,33.110001,33.290001,20.460085,7884800
2005-12-16,33.540001,33.580002,33.060001,33.07,20.324877,9372500
2005-12-19,32.82,33.0,31.950001,32.029999,19.685684,10343400
2005-12-20,32.099998,32.650002,31.790001,31.84,19.568914,12669700
2005-12-21,32.029999,32.400002,31.860001,32.07,19.710268,7526700
2005-12-22,31.92,32.849998,31.92,32.720001,20.109766,8838700
2005-12-23,32.799999,33.299999,32.759998,32.93,20.238825,6554000
2005-12-27,33.099998,33.25,32.18,32.32,19.863922,6405600
2005-12-28,32.380001,32.759998,32.259998,32.709999,20.103609,5954100
2005-12-29,32.669998,32.860001,32.380001,32.41,19.919233,5406100
2005-12-30,32.25,32.360001,31.93,32.07,19.710268,5110000
2006-01-03,32.16,33.439999,32.0,33.240002,20.429352,12321100
2006-01-04,33.369999,33.880001,33.369999,33.540001,20.613731,11645500
2006-01-05,33.709999,34.459999,33.669998,34.139999,20.982496,12507300
2006-01-06,34.5,34.66,33.849998,34.450001,21.173021,11894300
2006-01-09,34.5,34.740002,33.919998,34.18,21.007076,13725700
2006-01-10,33.93,33.950001,33.5,33.84,20.798109,11397400
2006-01-11,33.82,33.98,33.43,33.799999,20.773525,11646300
2006-01-12,33.799999,34.259998,33.299999,33.369999,20.509251,12141800
2006-01-13,33.290001,33.299999,32.610001,33.029999,20.300287,12464900
2006-01-17,32.650002,32.669998,32.130001,32.240002,19.814749,13222600
2006-01-18,31.6,32.27,31.51,32.099998,19.728712,15061500
2006-01-19,32.599998,32.799999,32.290001,32.5,19.974548,10463100
2006-01-20,32.25,32.259998,31.309999,31.66,19.458279,18183100
2006-01-23,31.99,31.99,31.110001,31.700001,19.482868,17147200
2006-01-24,31.51,32.459999,30.610001,30.690001,18.862127,26164600
2006-01-25,30.690001,30.82,29.5,29.889999,18.370434,32314500
2006-01-26,30.1,30.299999,29.52,30.16,18.536379,22720900
2006-01-27,30.200001,31.0,30.1,30.23,18.597898,17204600
2006-01-30,30.549999,30.75,29.620001,30.049999,18.48716,19448400
2006-01-31,30.059999,30.15,29.219999,29.23,17.982683,17764900
2006-02-01,29.08,29.85,28.719999,29.77,18.314907,23113500
2006-02-02,29.99,30.34,29.700001,29.76,18.30875,19810000
2006-02-03,29.91,30.360001,29.700001,30.0,18.456402,14797200
2006-02-06,30.049999,30.75,30.049999,30.540001,18.788618,15849300
2006-02-07,30.68,30.68,30.200001,30.620001,18.837831,11343600
2006-02-08,30.809999,30.9,30.360001,30.719999,18.899351,10927500
2006-02-09,30.950001,31.09,30.77,31.049999,19.102385,15559300
2006-02-10,31.0,31.129999,30.5,30.91,19.016245,13192600
2006-02-13,30.67,30.74,30.25,30.48,18.751707,10626400
2006-02-14,30.59,30.73,30.120001,30.559999,18.800924,10890800
2006-02-15,30.309999,30.639999,30.23,30.620001,18.837831,9898400
2006-02-16,30.85,31.780001,30.76,31.75,19.533024,15158100
2006-02-17,31.629999,31.85,31.299999,31.48,19.366919,10154700
2006-02-21,31.35,31.459999,30.35,30.65,18.856293,14218200
2006-02-22,30.58,31.09,30.16,31.02,19.083914,12218700
2006-02-23,30.620001,30.76,29.809999,29.860001,18.370274,16360500
2006-02-24,30.0,30.190001,29.66,29.68,18.259533,15062000
2006-02-27,29.799999,30.049999,29.610001,29.639999,18.234921,14999800
2006-02-28,29.35,29.870001,29.299999,29.85,18.364119,15712400
2006-03-01,30.290001,32.540001,30.290001,32.18,19.797569,35036200
2006-03-02,32.0,32.84,31.860001,32.349998,19.902147,21858000
2006-03-03,32.200001,32.91,32.029999,32.290001,19.865242,16163800
2006-03-06,32.52,32.900002,31.91,32.330002,19.889839,14266300
2006-03-07,31.15,31.49,30.73,31.26,19.231571,22646500
2006-03-08,31.25,31.559999,30.959999,31.34,19.280785,13742900
2006-03-09,31.360001,31.629999,30.799999,30.82,18.96088,13816100
2006-03-10,30.969999,31.370001,30.610001,30.77,18.930117,10516100
2006-03-13,30.870001,31.379999,30.77,30.889999,19.003944,8196800
2006-03-14,30.65,31.24,30.629999,31.219999,19.206966,11223900
2006-03-15,31.219999,31.799999,30.93,31.280001,19.243874,12694200
2006-03-16,31.1,31.1,30.15,30.15,18.548683,14271000
2006-03-17,30.190001,30.48,29.799999,30.190001,18.57329,14430000
2006-03-20,30.190001,30.540001,30.01,30.120001,18.53023,9035500
2006-03-21,30.129999,30.9,30.07,30.15,18.548683,12013100
2006-03-22,29.959999,30.73,29.959999,30.01,18.462557,12214900
2006-03-23,30.07,30.629999,30.040001,30.450001,18.733246,12659800
2006-03-24,30.450001,31.110001,30.15,30.889999,19.003944,12147300
2006-03-27,30.889999,31.549999,30.85,31.27,19.23773,9662100
2006-03-28,31.379999,31.83,30.809999,30.950001,19.040859,11773900
2006-03-29,31.040001,32.220001,30.950001,31.99,19.680674,12603800
2006-03-30,32.869999,33.32,32.610001,33.080002,20.351261,21189100
2006-03-31,32.779999,33.02,32.07,32.470001,19.975983,13431000
2006-04-03,32.400002,33.080002,32.150002,32.290001,19.865242,10560200
2006-04-04,32.290001,32.560001,31.870001,32.34,19.896002,10199300
2006-04-05,32.48,33.5,32.43,33.220001,20.437389,12301100
2006-04-06,33.209999,33.84,33.209999,33.630001,20.689625,13332200
2006-04-07,33.82,33.959999,32.950001,33.07,20.345106,18469400
2006-04-10,33.009998,33.16,32.330002,32.759998,20.15439,17095800
2006-04-11,33.099998,33.5,32.450001,32.889999,20.234375,15564000
2006-04-12,32.700001,33.07,32.639999,32.869999,20.222063,7135700
2006-04-13,32.59,32.959999,32.59,32.68,20.105175,7308700
2006-04-17,32.669998,33.27,32.259998,32.68,20.105175,12215800
2006-04-18,32.700001,34.009998,32.700001,34.0,20.91725,24875800
2006-04-19,34.59,34.959999,34.110001,34.450001,21.194107,35822800
2006-04-20,34.549999,36.400002,34.400002,35.560001,21.876987,29853500
2006-04-21,35.799999,35.889999,34.959999,35.34,21.741642,14870900
2006-04-24,35.009998,35.18,34.48,35.029999,21.550924,13499400
2006-04-25,35.0,35.630001,34.970001,35.509998,21.846216,17835200
2006-04-26,35.32,35.48,34.580002,34.830002,21.427876,13690200
2006-04-27,34.529999,35.630001,34.240002,35.139999,21.637236,11165300
2006-04-28,35.07,35.389999,34.540001,34.709999,21.372467,10394900
2006-05-01,34.709999,34.799999,34.16,34.380001,21.16927,10349100
2006-05-02,34.439999,34.68,34.119999,34.389999,21.175428,9661400
2006-05-03,34.119999,34.880001,33.82,34.810001,21.43404,12893400
2006-05-04,34.98,35.119999,34.43,34.599998,21.304737,10479300
2006-05-05,34.900002,35.150002,34.700001,34.950001,21.520245,14570800
2006-05-08,35.119999,35.130001,34.52,34.529999,21.261635,7940200
2006-05-09,34.450001,34.529999,34.07,34.34,21.144642,7194200
2006-05-10,34.23,34.34,33.41,33.700001,20.750566,13578900
2006-05-11,33.75,34.029999,33.150002,33.360001,20.541206,11180900
2006-05-12,33.060001,33.700001,33.02,33.209999,20.448847,9713200
2006-05-15,32.77,33.41,32.34,32.91,20.26413,10121500
2006-05-16,32.849998,33.360001,32.57,32.959999,20.294918,8818500
2006-05-17,32.75,33.139999,32.02,32.139999,19.790003,13231700
2006-05-18,32.259998,32.43,31.790001,31.799999,19.580652,8682900
2006-05-19,31.549999,32.25,31.34,31.969999,19.685326,15016200
2006-05-22,31.73,31.99,31.08,31.620001,19.469816,13001300
2006-05-23,31.940001,32.349998,30.879999,30.950001,19.05727,24351000
2006-05-24,31.120001,32.0,30.91,31.83,19.599129,16586400
2006-05-25,32.25,32.279999,31.51,31.709999,19.525229,12728100
2006-05-26,31.809999,32.259998,31.389999,31.639999,19.482136,8845200
2006-05-30,31.34,31.530001,31.059999,31.07,19.131165,9357400
2006-05-31,31.09,31.690001,30.92,31.23,19.229675,13946000
2006-06-01,31.23,31.98,31.23,31.93,19.660694,9396000
2006-06-02,32.209999,32.25,31.629999,32.130001,19.783848,10857600
2006-06-05,32.5,32.5,31.120001,31.23,19.229675,15056600
2006-06-06,31.25,31.6,30.99,31.43,19.352827,12599400
2006-06-07,31.530001,31.700001,30.709999,30.719999,18.915648,12982900
2006-06-08,30.629999,31.01,30.0,30.719999,18.915648,18625300
2006-06-09,31.559999,31.559999,29.559999,29.68,18.275276,30894100
2006-06-12,29.719999,29.84,28.940001,28.959999,17.831934,21675500
2006-06-13,28.809999,29.51,28.73,28.99,17.85042,17604700
2006-06-14,29.0,29.389999,28.52,28.9,17.794996,17400100
2006-06-15,29.030001,30.25,29.030001,30.030001,18.490793,16562400
2006-06-16,29.870001,30.33,29.4,29.559999,18.20138,17722800
2006-06-19,29.709999,30.42,29.629999,30.0,18.472313,14962600
2006-06-20,29.889999,30.299999,29.52,29.9,18.410736,13939800
2006-06-21,29.82,30.77,29.82,30.35,18.687822,14398700
2006-06-22,30.299999,30.35,29.5,29.67,18.269112,14479100
2006-06-23,29.559999,29.84,29.15,29.389999,18.096704,12771800
2006-06-26,29.5,30.040001,29.309999,30.0,18.472313,11481600
2006-06-27,29.610001,30.09,29.299999,29.65,18.256796,12534700
2006-06-28,29.24,29.25,28.6,28.959999,17.831934,17709700
2006-06-29,29.200001,30.26,28.969999,30.0,18.472313,14681500
2006-06-30,30.059999,30.57,29.809999,30.290001,18.650871,12174100
2006-07-03,30.540001,30.9,30.49,30.709999,18.909492,5531900
2006-07-05,30.32,30.4,29.76,29.92,18.423059,10922700
2006-07-06,30.0,30.16,29.4,29.5,18.164448,9071400
2006-07-07,29.299999,29.559999,28.67,29.17,17.961246,12686700
2006-07-10,29.389999,29.690001,28.65,28.92,17.807308,9191100
2006-07-11,28.790001,29.73,28.75,29.629999,18.244492,13528200
2006-07-12,29.58,29.860001,29.0,29.209999,17.98587,12895600
2006-07-13,29.690001,29.690001,28.15,28.290001,17.419392,18365900
2006-07-14,28.299999,28.9,28.049999,28.75,17.702635,11429500
2006-07-17,28.629999,29.110001,28.33,28.370001,17.468657,11687800
2006-07-18,28.0,28.450001,27.469999,28.1,17.302404,18588100
2006-07-19,28.120001,28.73,28.059999,28.200001,17.363974,15093800
2006-07-20,28.540001,28.91,27.950001,28.049999,17.271614,13253200
2006-07-21,27.99,28.0,26.77,27.0,16.625082,17771400
2006-07-24,27.43,28.049999,27.26,27.84,17.142302,20340800
2006-07-25,28.629999,29.4,28.469999,28.950001,17.825785,19948300
2006-07-26,28.950001,29.82,28.700001,29.459999,18.139807,17306200
2006-07-27,29.4,30.200001,29.4,29.48,18.170633,12585600
2006-07-28,29.559999,29.9,29.219999,29.35,18.090502,14489500
2006-07-31,29.200001,29.99,29.139999,29.780001,18.355537,11452200
2006-08-01,29.469999,29.549999,28.639999,29.15,17.967224,13185700
2006-08-02,29.360001,29.76,29.030001,29.440001,18.145975,9037700
2006-08-03,29.129999,30.49,29.01,30.26,18.651398,13740500
2006-08-04,30.5,30.73,29.75,30.030001,18.509636,14193000
2006-08-07,29.82,30.35,29.76,29.98,18.478811,8663500
2006-08-08,29.98,30.41,29.75,30.200001,18.614414,13912800
2006-08-09,30.690001,31.110001,30.379999,30.49,18.793169,14854500
2006-08-10,30.120001,31.379999,30.120001,31.23,19.249277,13657700
2006-08-11,30.83,30.879999,30.32,30.52,18.811659,11911200
2006-08-14,30.889999,31.280001,30.65,30.9,19.045879,10134100
2006-08-15,31.440001,32.110001,31.370001,32.040001,19.748539,14184700
2006-08-16,32.130001,32.98,31.799999,32.82,20.229311,17216500
2006-08-17,32.82,33.34,32.810001,32.950001,20.309439,14753800
2006-08-18,32.900002,33.189999,32.27,33.09,20.395735,11230200
2006-08-21,32.77,32.860001,32.360001,32.709999,20.161501,8843700
2006-08-22,32.400002,32.990002,32.240002,32.490002,20.025909,10021000
2006-08-23,32.400002,32.790001,31.299999,31.48,19.403374,19546900
2006-08-24,31.530001,31.66,31.07,31.52,19.428024,11021900
2006-08-25,31.27,31.84,31.17,31.440001,19.378716,8579400
2006-08-28,31.48,31.99,31.48,31.76,19.575956,6466300
2006-08-29,31.9,32.360001,31.6,32.299999,19.908796,9217400
2006-08-30,32.34,32.82,32.09,32.68,20.143021,10290700
2006-08-31,32.849998,32.849998,32.360001,32.59,20.087543,8565900
2006-09-01,32.450001,32.490002,31.200001,31.93,19.680742,10359100
2006-09-05,31.700001,32.18,31.389999,32.029999,19.742382,12376700
2006-09-06,31.59,31.690001,31.120001,31.15,19.199972,12118200
2006-09-07,30.559999,31.18,30.49,30.5,18.799332,15656700
2006-09-08,30.700001,31.200001,30.5,31.0,19.107515,11057100
2006-09-11,30.620001,32.09,30.620001,31.780001,19.588285,18289300
2006-09-12,31.440001,32.650002,31.02,32.5,20.032072,25130300
2006-09-13,32.130001,32.299999,31.549999,32.049999,19.754705,17047000
2006-09-14,31.76,31.85,31.459999,31.629999,19.495829,14739000
2006-09-15,31.950001,32.34,31.709999,31.93,19.680742,17306700
2006-09-18,31.690001,32.75,31.690001,32.349998,19.93961,15656700
2006-09-19,32.099998,32.290001,31.25,31.799999,19.600603,14088900
2006-09-20,32.099998,32.540001,31.860001,32.34,19.933449,13901800
2006-09-21,32.310001,32.610001,31.450001,31.469999,19.397209,15262200
2006-09-22,31.85,32.380001,31.629999,32.009998,19.730045,17462400
2006-09-25,32.240002,32.75,31.620001,32.740002,20.180008,18029800
2006-09-26,32.740002,33.259998,32.32,33.220001,20.475859,21987800
2006-09-27,33.080002,33.830002,33.080002,33.27,20.50667,21941900
2006-09-28,33.380001,34.0,33.330002,33.889999,20.888826,16425400
2006-09-29,33.549999,33.66,33.150002,33.25,20.494358,17928900
2006-10-02,33.119999,33.580002,32.889999,32.959999,20.315598,12817400
2006-10-03,32.619999,32.68,32.099998,32.25,19.877975,18222500
2006-10-04,31.98,32.57,31.67,32.16,19.822508,26357300
2006-10-05,32.080002,32.139999,31.459999,31.6,19.477335,20648000
2006-10-06,31.049999,31.32,30.93,31.309999,19.298592,17789100
2006-10-09,31.120001,31.74,31.02,31.43,19.372555,13980000
2006-10-10,31.469999,31.58,31.030001,31.23,19.249277,20393000
2006-10-11,31.23,32.099998,31.120001,31.98,19.711559,17847500
2006-10-12,32.220001,32.59,31.799999,32.490002,20.025909,15817900
2006-10-13,32.57,32.98,32.450001,32.810001,20.223145,11532400
2006-10-16,32.869999,33.25,32.59,33.060001,20.377237,10409700
2006-10-17,32.57,32.689999,32.09,32.360001,19.945776,16598400
2006-10-18,32.099998,32.240002,31.040001,31.57,19.458843,19385100
2006-10-19,32.099998,32.099998,31.219999,31.620001,19.489658,15851400
2006-10-20,31.639999,31.67,31.299999,31.370001,19.335567,13892200
2006-10-23,31.02,31.98,31.0,31.879999,19.649923,26055800
2006-10-24,31.700001,31.790001,30.49,30.52,18.811659,41571700
2006-10-25,30.200001,31.030001,30.01,30.73,18.94109,24539000
2006-10-26,30.83,30.92,30.360001,30.700001,18.922598,19349200
2006-10-27,30.5,30.57,29.74,29.9,18.453547,18818600
2006-10-30,29.85,30.52,29.719999,30.16,18.614014,13316300
2006-10-31,30.1,30.34,29.940001,30.18,18.626356,15734100
2006-11-01,30.23,30.52,29.870001,29.969999,18.496759,15284900
2006-11-02,29.85,30.01,29.610001,29.74,18.354807,11625500
2006-11-03,29.969999,29.98,29.530001,29.57,18.249882,14210300
2006-11-06,29.52,29.91,29.23,29.74,18.354807,15670200
2006-11-07,29.74,30.190001,29.620001,29.74,18.354807,20199000
2006-11-08,29.49,29.77,29.18,29.35,18.114101,19751900
2006-11-09,29.6,29.67,28.5,28.66,17.688253,38302100
2006-11-10,28.610001,28.809999,28.34,28.74,17.737623,15840900
2006-11-13,28.780001,29.219999,28.620001,28.959999,17.873405,16955200
2006-11-14,29.17,29.76,28.85,29.66,18.305424,18856400
2006-11-15,29.9,30.469999,29.84,30.17,18.620192,23533500
2006-11-16,30.370001,30.43,29.9,30.26,18.675734,14095600
2006-11-17,30.08,30.16,29.889999,30.040001,18.539951,15420300
2006-11-20,29.99,30.4,29.82,30.17,18.620192,14071200
2006-11-21,30.200001,30.24,29.629999,29.67,18.311596,15291700
2006-11-22,29.84,30.200001,29.76,30.190001,18.632532,9474800
2006-11-24,30.0,30.32,29.950001,30.02,18.527607,4060500
2006-11-27,30.0,30.17,29.299999,29.379999,18.132618,14641700
2006-11-28,29.200001,29.549999,28.99,29.52,18.219028,16370600
2006-11-29,29.76,29.82,29.0,29.18,18.009188,13079600
2006-11-30,29.280001,29.82,28.879999,29.549999,18.237541,18507200
2006-12-01,29.450001,29.610001,28.57,29.129999,17.978323,21440900
2006-12-04,29.290001,29.879999,29.0,29.639999,18.293085,14552700
2006-12-05,29.84,30.08,29.58,29.700001,18.330107,12840600
2006-12-06,29.82,30.110001,29.540001,30.07,18.558472,14670100
2006-12-07,30.200001,30.309999,29.700001,29.75,18.360975,15198700
2006-12-08,29.58,29.73,29.26,29.4,18.144962,14469400
2006-12-11,29.4,29.870001,29.18,29.299999,18.083244,17061700
2006-12-12,29.549999,29.83,29.120001,29.77,18.373314,35069300
2006-12-13,29.889999,29.950001,29.27,29.43,18.163477,19589900
2006-12-14,29.32,29.959999,29.27,29.93,18.472073,20491400
2006-12-15,30.93,30.93,29.49,29.67,18.311596,26890400
2006-12-18,29.709999,30.030001,29.120001,29.629999,18.286915,15027300
2006-12-19,29.309999,29.450001,28.6,28.870001,17.81786,27675500
2006-12-20,28.99,29.209999,28.85,29.1,17.959814,18471000
2006-12-21,29.040001,29.27,28.709999,28.76,17.749964,17589500
2006-12-22,28.790001,28.92,28.5,28.549999,17.620359,14316100
2006-12-26,28.5,28.940001,28.43,28.610001,17.657391,8777600
2006-12-27,28.65,29.049999,28.65,28.959999,17.873405,11730800
2006-12-28,28.799999,29.08,28.799999,29.01,17.904264,8912900
2006-12-29,29.0,29.139999,28.77,28.799999,17.774658,7686000
2007-01-03,29.120001,29.219999,28.35,28.559999,17.626545,20786800
2007-01-04,28.5,29.110001,28.41,29.1,17.959814,20417600
2007-01-05,28.58,28.940001,28.58,28.76,17.749964,21465900
2007-01-08,28.709999,29.1,28.540001,28.9,17.836372,17777900
2007-01-09,28.9,29.0,28.42,28.84,17.799337,17943500
2007-01-10,28.82,29.48,28.73,29.33,18.101761,15761300
2007-01-11,29.02,29.780001,28.950001,29.030001,17.916609,19199700
2007-01-12,28.93,29.209999,28.82,29.059999,17.935118,11719300
2007-01-16,28.969999,29.08,28.73,28.879999,17.824032,14020600
2007-01-17,28.73,29.209999,28.719999,29.129999,17.978323,13775400
2007-01-18,28.82,28.9,28.24,28.32,17.478413,25711900
2007-01-19,28.639999,28.799999,28.25,28.389999,17.521614,18915900
2007-01-22,28.51,28.85,28.299999,28.59,17.645052,24661400
2007-01-23,29.790001,30.0,29.440001,29.6,18.268404,46361400
2007-01-24,29.870001,30.299999,29.6,30.0,18.51527,19235600
2007-01-25,30.4,31.17,30.370001,30.469999,18.805336,31739600
2007-01-26,30.65,31.209999,30.440001,31.02,19.144789,23674700
2007-01-29,31.02,31.34,30.84,30.940001,19.120071,21549100
2007-01-30,31.040001,31.200001,30.690001,30.84,19.058273,18473400
2007-01-31,30.83,31.32,30.6,31.190001,19.274563,15835900
2007-02-01,31.33,31.700001,31.209999,31.370001,19.385794,14654600
2007-02-02,31.540001,31.690001,31.33,31.389999,19.398149,14612100
2007-02-05,31.51,31.940001,31.379999,31.59,19.521749,16178000
2007-02-06,31.540001,31.66,31.02,31.219999,19.293104,19840800
2007-02-07,31.0,31.18,30.6,31.040001,19.181866,25202100
2007-02-08,30.9,31.25,30.799999,31.08,19.206583,14441900
2007-02-09,31.49,31.98,30.76,30.92,19.107702,22885100
2007-02-12,30.99,31.08,30.200001,30.51,18.854347,15849000
2007-02-13,30.559999,30.809999,29.91,30.27,18.706022,22314600
2007-02-14,30.450001,31.18,30.450001,30.950001,19.126255,14839500
2007-02-15,30.75,31.209999,30.65,31.16,19.25602,14958200
2007-02-16,31.0,31.200001,30.629999,30.780001,19.021187,13397800
2007-02-20,30.700001,31.110001,30.360001,31.049999,19.188046,11016300
2007-02-21,30.879999,31.0,30.68,30.98,19.144789,9520000
2007-02-22,31.6,32.130001,31.459999,32.09,19.830729,31591200
2007-02-23,32.029999,32.57,32.009998,32.209999,19.90489,17396900
2007-02-26,32.310001,32.349998,31.620001,31.77,19.63299,14960600
2007-02-27,31.110001,31.75,30.280001,30.67,18.953215,19193200
2007-02-28,30.85,31.27,30.6,30.959999,19.132427,20170600
2007-03-01,30.549999,31.01,29.9,30.790001,19.02737,21552000
2007-03-02,30.6,30.98,30.450001,30.76,19.008831,19287100
2007-03-05,30.48,31.290001,30.4,30.9,19.095352,16564800
2007-03-06,31.6,31.74,31.190001,31.35,19.373426,20665600
2007-03-07,31.35,31.59,31.049999,31.139999,19.243662,9366000
2007-03-08,31.389999,31.92,31.25,31.700001,19.589729,14480000
2007-03-09,32.5,32.73,32.18,32.459999,20.059389,20543900
2007-03-12,32.459999,32.93,32.439999,32.59,20.139713,19909500
2007-03-13,32.099998,32.189999,31.51,31.74,19.614443,23939700
2007-03-14,31.790001,31.870001,31.33,31.67,19.571184,15481500
2007-03-15,31.58,31.76,31.459999,31.57,19.509394,11917000
2007-03-16,31.68,31.68,31.1,31.280001,19.330177,20476600
2007-03-19,31.74,31.74,31.049999,31.219999,19.293104,10072400
2007-03-20,31.370001,31.690001,31.15,31.35,19.373426,10420900
2007-03-21,31.42,31.99,31.26,31.700001,19.589729,12455200
2007-03-22,31.700001,31.700001,31.129999,31.25,19.311636,15543600
2007-03-23,31.25,31.59,31.08,31.360001,19.379616,9957800
2007-03-26,31.309999,31.469999,30.76,31.15,19.249842,11102700
2007-03-27,31.0,31.35,30.969999,31.219999,19.293104,9455100
2007-03-28,31.17,31.17,30.49,30.700001,18.971758,14112000
2007-03-29,30.93,30.98,29.9,30.389999,18.780184,20090100
2007-03-30,30.23,30.620001,30.059999,30.1,18.600969,19141900
2007-04-02,30.120001,30.209999,29.65,29.9,18.477375,17293300
2007-04-03,30.110001,30.34,29.950001,30.07,18.582432,14580500
2007-04-04,30.139999,30.700001,30.07,30.6,18.909956,12438200
2007-04-05,30.5,31.200001,30.49,30.82,19.045904,10632400
2007-04-09,30.9,31.129999,30.610001,30.82,19.045904,7900000
2007-04-10,30.75,31.280001,30.700001,31.26,19.31782,12564700
2007-04-11,31.32,31.370001,30.76,30.780001,19.021187,12354900
2007-04-12,30.700001,31.1,30.66,31.0,19.157148,10804200
2007-04-13,31.129999,31.129999,30.57,30.83,19.05209,11256200
2007-04-16,30.950001,31.530001,30.9,31.51,19.472309,11140400
2007-04-17,31.450001,31.59,31.08,31.309999,19.348715,10358000
2007-04-18,31.700001,32.240002,31.68,31.950001,19.744217,17555200
2007-04-19,31.700001,32.639999,31.65,32.490002,20.077929,16295200
2007-04-20,32.82,32.900002,32.150002,32.5,20.084108,15304500
2007-04-23,32.5,32.75,32.029999,32.41,20.028486,20359000
2007-04-24,35.470001,35.5,34.669998,34.919998,21.57959,56577100
2007-04-25,35.150002,35.459999,35.02,35.34,21.839155,23770700
2007-04-26,35.450001,35.450001,34.799999,35.16,21.77721,17599600
2007-04-27,34.75,35.110001,34.59,34.830002,21.572815,13975100
2007-04-30,34.540001,34.799999,34.330002,34.369999,21.287903,12525100
2007-05-01,34.360001,34.950001,34.119999,34.84,21.579012,13620300
2007-05-02,34.84,35.25,34.669998,35.110001,21.746239,12153200
2007-05-03,35.09,35.27,34.919998,35.09,21.73385,11527000
2007-05-04,35.16,35.240002,34.799999,35.16,21.77721,9823600
2007-05-07,35.009998,35.23,34.860001,35.200001,21.801989,8503700
2007-05-08,35.110001,35.290001,35.009998,35.169998,21.783405,12409400
2007-05-09,35.57,37.029999,35.419998,36.830002,22.811565,36915900
2007-05-10,36.509998,37.119999,36.220001,36.619999,22.681494,21477700
2007-05-11,36.619999,36.900002,36.27,36.700001,22.731049,12717800
2007-05-14,37.150002,37.209999,36.599998,36.93,22.873507,14102200
2007-05-15,36.990002,37.23,36.549999,36.669998,22.712463,16820900
2007-05-16,36.52,36.689999,36.209999,36.41,22.55143,16427800
2007-05-17,36.16,36.34,35.439999,35.939999,22.260323,31790100
2007-05-18,35.990002,36.18,35.48,35.869999,22.216972,14451500
2007-05-21,35.650002,36.09,35.43,35.549999,22.018764,15437300
2007-05-22,35.599998,35.709999,35.080002,35.490002,21.981609,12294400
2007-05-23,35.130001,35.52,34.799999,35.009998,21.684296,14520200
2007-05-24,35.139999,35.240002,34.48,34.610001,21.436556,16380900
2007-05-25,34.75,35.18,34.610001,34.889999,21.609982,8600100
2007-05-29,35.009998,35.419998,34.779999,34.950001,21.647144,11402000
2007-05-30,34.77,35.310001,34.59,35.009998,21.684296,12579500
2007-05-31,35.150002,35.580002,34.919998,35.360001,21.901083,13038100
2007-06-01,35.549999,35.98,35.400002,35.919998,22.247936,14813900
2007-06-04,35.77,36.240002,35.639999,35.700001,22.111685,9876800
2007-06-05,35.639999,35.75,34.950001,35.209999,21.808176,11627500
2007-06-06,35.09,35.57,34.950001,35.040001,21.702881,13278400
2007-06-07,34.849998,35.18,34.380001,34.389999,21.300289,13972600
2007-06-08,35.02,36.16,35.0,35.970001,22.2789,26224500
2007-06-11,35.93,36.25,35.740002,35.790001,22.167414,12985100
2007-06-12,34.860001,35.66,34.720001,35.040001,21.702881,20399400
2007-06-13,35.290001,38.41,35.119999,35.84,22.198387,16654200
2007-06-14,35.889999,36.790001,35.889999,36.630001,22.687681,13876700
2007-06-15,36.93,37.099998,36.549999,36.860001,22.830145,19275600
2007-06-18,36.98,37.529999,36.799999,37.5,23.226547,13277200
2007-06-19,37.23,37.23,36.5,36.970001,22.898275,14947500
2007-06-20,37.209999,37.25,36.639999,36.75,22.762014,14017200
2007-06-21,36.650002,37.52,36.349998,37.48,23.214167,14719700
2007-06-22,37.470001,37.619999,36.950001,37.110001,22.984987,12550100
2007-06-25,37.060001,37.470001,36.720001,37.07,22.960215,16027700
2007-06-26,37.139999,37.200001,36.68,37.040001,22.941626,10247900
2007-06-27,36.919998,37.959999,36.700001,37.779999,23.399967,14245100
2007-06-28,37.759998,37.959999,37.610001,37.740002,23.375191,11134900
2007-06-29,37.93,38.099998,37.5,37.630001,23.307066,12834400
2007-07-02,37.709999,38.16,37.709999,38.060001,23.573389,7906900
2007-07-03,38.099998,38.200001,37.98,38.200001,23.660107,4367000
2007-07-05,38.099998,38.169998,37.759998,38.119999,23.610563,9013600
2007-07-06,38.220001,38.490002,37.990002,38.34,23.74683,5864300
2007-07-09,38.259998,38.73,38.099998,38.25,23.691076,9484600
2007-07-10,38.09,38.59,37.869999,38.110001,23.604361,9760200
2007-07-11,38.009998,38.200001,37.610001,38.110001,23.604361,9964600
2007-07-12,38.290001,38.779999,37.880001,38.75,24.000755,14294400
2007-07-13,38.900002,39.27,38.689999,38.700001,23.969793,14324000
2007-07-16,38.779999,39.16,38.700001,39.07,24.198971,11104400
2007-07-17,39.060001,39.630001,38.799999,39.18,24.267092,11652200
2007-07-18,38.700001,38.889999,37.970001,38.52,23.858307,13953500
2007-07-19,38.880001,38.889999,38.150002,38.400002,23.783993,12783200
2007-07-20,38.34,38.990002,37.959999,38.009998,23.542435,13823400
2007-07-23,38.27,38.790001,37.939999,38.18,23.647722,18521000
2007-07-24,36.490002,37.099998,36.139999,36.459999,22.582397,27074100
2007-07-25,37.099998,37.189999,36.580002,36.790001,22.786783,16815000
2007-07-26,36.5,37.25,35.41,35.970001,22.2789,17791300
2007-07-27,35.919998,36.029999,35.099998,35.130001,21.807133,15699000
2007-07-30,35.25,36.299999,35.169998,35.950001,22.316149,11901700
2007-07-31,36.200001,36.990002,35.060001,35.189999,21.844368,18554300
2007-08-01,35.25,35.650002,34.380001,35.110001,21.794714,24418500
2007-08-02,34.950001,34.950001,34.220001,34.82,21.614689,20020100
2007-08-03,34.610001,34.75,33.740002,33.740002,20.944277,17095700
2007-08-06,33.77,34.400002,33.75,34.009998,21.111889,17196800
2007-08-07,33.790001,34.5,33.349998,34.009998,21.111889,15761300
2007-08-08,33.5,34.32,33.220001,33.73,20.938068,28551600
2007-08-09,33.25,33.720001,32.630001,33.130001,20.565617,24953100
2007-08-10,32.799999,33.810001,32.709999,33.09,20.540789,17088400
2007-08-13,33.529999,33.700001,33.119999,33.169998,20.590448,17889800
2007-08-14,33.32,33.549999,32.950001,32.959999,20.460091,20794900
2007-08-15,32.900002,33.09,32.169998,32.32,20.062817,18649400
2007-08-16,32.139999,32.880001,31.799999,32.529999,20.193163,21696600
2007-08-17,33.25,33.450001,32.700001,33.09,20.540789,16633400
2007-08-20,33.200001,33.889999,33.049999,33.470001,20.77667,13305700
2007-08-21,33.700001,33.950001,33.599998,33.68,20.907043,13128900
2007-08-22,33.91,34.259998,33.880001,34.130001,21.186373,13444100
2007-08-23,34.400002,34.419998,33.790001,34.150002,21.19879,12021700
2007-08-24,34.27,35.099998,33.919998,35.049999,21.757467,13310800
2007-08-27,34.950001,34.98,34.299999,34.459999,21.391226,9058500
2007-08-28,34.439999,34.540001,33.259998,33.419998,20.745634,14205000
2007-08-29,33.700001,34.490002,33.599998,34.290001,21.285698,12051800
2007-08-30,34.0,34.599998,33.689999,34.080002,21.155348,10972600
2007-08-31,34.490002,34.639999,33.630001,34.240002,21.254648,12387500
2007-09-04,34.369999,35.84,34.34,35.23,21.869202,17250400
2007-09-05,35.049999,35.490002,34.82,35.400002,21.974739,13005800
2007-09-06,35.450001,36.080002,35.099998,36.049999,22.378227,13316300
2007-09-07,35.529999,35.599998,34.639999,35.299999,21.912659,14854800
2007-09-10,35.709999,36.0,34.759998,35.220001,21.863003,10247900
2007-09-11,35.580002,36.16,35.349998,35.720001,22.173376,13939000
2007-09-12,34.93,35.490002,34.75,35.119999,21.800926,21759300
2007-09-13,35.169998,35.200001,34.639999,34.900002,21.664347,15022800
2007-09-14,34.639999,34.959999,34.389999,34.68,21.527786,14086000
2007-09-17,34.5,34.73,34.459999,34.580002,21.465719,10333500
2007-09-18,34.560001,35.049999,34.439999,34.740002,21.565033,20511000
2007-09-19,34.939999,35.439999,34.810001,35.220001,21.863003,14130400
2007-09-20,35.240002,35.939999,35.200001,35.77,22.204407,11911000
2007-09-21,36.59,37.099998,35.77,36.619999,22.732044,19556600
2007-09-24,36.849998,37.009998,36.32,36.459999,22.63274,12640600
2007-09-25,36.369999,36.610001,36.110001,36.240002,22.49617,13316200
2007-09-26,36.490002,36.880001,36.279999,36.299999,22.533411,10488600
2007-09-27,36.450001,37.09,36.43,36.790001,22.837574,10487900
2007-09-28,36.84,37.169998,36.439999,36.59,22.71343,9408300
2007-10-01,36.73,37.169998,36.549999,36.810001,22.85,9339500
2007-10-02,37.049999,37.139999,36.470001,36.630001,22.738256,10784500
2007-10-03,36.419998,36.599998,35.84,36.110001,22.415461,10759700
2007-10-04,36.099998,36.450001,35.889999,36.200001,22.471331,9789000
2007-10-05,36.549999,36.75,36.240002,36.540001,22.68239,8370700
2007-10-08,36.5,36.799999,36.330002,36.41,22.601698,7273300
2007-10-09,36.560001,36.75,36.0,36.59,22.71343,11032400
2007-10-10,36.57,36.720001,36.09,36.389999,22.589279,10318100
2007-10-11,36.349998,36.630001,35.040001,35.23,21.869202,21851500
2007-10-12,35.43,35.75,35.220001,35.389999,21.968523,9609300
2007-10-15,35.380001,35.380001,34.360001,34.419998,21.36639,18860400
2007-10-16,34.279999,34.790001,34.130001,34.41,21.36018,15136300
2007-10-17,35.07,35.299999,34.66,35.029999,21.745052,14108600
2007-10-18,34.93,34.990002,34.02,34.400002,21.353973,16703700
2007-10-19,34.34,34.349998,33.68,33.919998,21.056017,16270500
2007-10-22,33.619999,34.540001,33.599998,34.27,21.273281,21866800
2007-10-23,31.82,31.9,30.74,31.43,19.510326,58654800
2007-10-24,31.290001,31.58,30.709999,31.530001,19.572412,19316600
2007-10-25,31.65,31.799999,30.9,31.33,19.448248,16423400
2007-10-26,31.700001,32.049999,31.450001,31.719999,19.690355,19529700
2007-10-29,31.85,32.299999,31.719999,32.189999,20.045301,13387800
2007-10-30,32.029999,32.650002,32.009998,32.16,20.026617,10200900
2007-10-31,32.290001,34.25,32.209999,32.599998,20.300617,11736300
2007-11-01,32.23,32.41,31.959999,32.099998,19.98926,11471800
2007-11-02,32.200001,32.360001,31.74,32.110001,19.995491,15045800
2007-11-05,32.07,32.599998,31.65,32.18,20.03907,14804400
2007-11-06,32.200001,33.32,32.18,33.220001,20.686705,17108400
2007-11-07,32.639999,32.970001,32.18,32.27,20.095121,17605000
2007-11-08,32.330002,32.509998,31.51,31.98,19.914532,20261100
2007-11-09,31.25,32.470001,31.25,31.77,19.78376,17233800
2007-11-12,31.459999,32.279999,31.33,31.389999,19.547129,14914600
2007-11-13,31.59,31.959999,31.379999,31.85,19.833584,14571100
2007-11-14,32.0,32.02,30.950001,31.07,19.347857,17895000
2007-11-15,31.01,31.34,30.66,30.889999,19.235769,15117000
2007-11-16,31.049999,31.74,30.9,31.74,19.765074,15222800
2007-11-19,31.6,31.73,30.719999,30.91,19.248219,12884600
2007-11-20,31.02,31.690001,30.43,30.959999,19.279366,15822500
2007-11-21,30.75,31.139999,30.09,30.639999,19.080097,16732000
2007-11-23,30.639999,31.0,30.549999,30.91,19.248219,5629800
2007-11-26,30.969999,31.309999,30.379999,30.41,18.936859,10396200
2007-11-27,30.51,30.950001,30.26,30.709999,19.12368,11474600
2007-11-28,31.08,32.259998,31.049999,31.889999,19.858486,15797600
2007-11-29,31.719999,32.139999,31.67,31.860001,19.839811,9951900
2007-11-30,32.18,32.279999,31.35,31.57,19.659218,13214300
2007-12-03,31.58,32.16,31.379999,31.57,19.659218,8786000
2007-12-04,31.35,32.040001,31.18,31.700001,19.740171,10157100
2007-12-05,31.93,32.619999,31.83,32.380001,20.163626,15144900
2007-12-06,32.369999,32.490002,32.029999,32.27,20.095121,11136800
2007-12-07,32.389999,33.009998,32.279999,32.48,20.225889,13252900
2007-12-10,32.509998,32.790001,32.150002,32.669998,20.344206,15505000
2007-12-11,34.07,34.599998,32.849998,32.93,20.506115,21772800
2007-12-12,33.299999,33.990002,33.060001,33.369999,20.780107,15434300
2007-12-13,33.139999,33.759998,33.080002,33.490002,20.854847,10686500
2007-12-14,33.200001,33.75,33.200001,33.290001,20.730297,9187800
2007-12-17,33.25,33.450001,32.98,33.209999,20.680473,9686600
2007-12-18,33.5,33.669998,32.82,33.209999,20.680473,10437300
2007-12-19,33.0,33.990002,32.91,33.040001,20.57461,8099100
2007-12-20,33.209999,33.52,33.0,33.450001,20.829935,8443100
2007-12-21,33.84,33.970001,33.599998,33.799999,21.047894,11979600
2007-12-24,33.779999,34.25,33.779999,34.119999,21.247149,4783800
2007-12-26,33.959999,34.41,33.889999,34.099998,21.234692,6109100
2007-12-27,34.099998,34.16,33.540001,33.639999,20.94824,6684900
2007-12-28,33.419998,33.75,33.209999,33.490002,20.854847,7299300
2007-12-31,33.369999,33.82,33.18,33.400002,20.798798,6175700
2008-01-02,33.0,33.240002,31.92,32.349998,20.144936,16982100
2008-01-03,32.259998,32.349998,31.5,31.639999,19.70281,15540900
2008-01-04,31.309999,31.4,30.27,30.530001,19.011589,18535500
2008-01-07,30.66,30.83,30.02,30.49,18.986685,13987000
2008-01-08,30.59,31.610001,30.25,30.5,18.99291,23463000
2008-01-09,30.360001,30.610001,29.790001,30.48,18.980453,16788900
2008-01-10,30.299999,30.6,29.9,30.43,18.949314,14883200
2008-01-11,30.209999,30.280001,29.719999,29.9,18.619276,15917400
2008-01-14,30.200001,30.6,30.110001,30.4,18.930634,12608800
2008-01-15,30.01,30.459999,29.530001,29.719999,18.507185,17655400
2008-01-16,29.01,30.309999,28.5,29.5,18.370197,23419000
2008-01-17,29.58,30.129999,29.18,29.290001,18.23942,17070700
2008-01-18,29.5,30.059999,28.959999,29.459999,18.345285,25799800
2008-01-22,28.059999,29.389999,28.0,28.98,18.046375,24510800
2008-01-23,28.51,30.299999,28.4,30.299999,18.868366,30201600
2008-01-24,30.540001,30.73,29.83,30.42,18.943092,21660800
2008-01-25,30.76,30.969999,29.68,29.790001,18.550783,17958500
2008-01-28,29.77,30.32,29.41,30.32,18.880819,11939300
2008-01-29,30.440001,30.709999,30.07,30.370001,18.974539,10918300
2008-01-30,30.190001,31.24,30.17,30.85,19.274433,15077700
2008-01-31,30.5,31.290001,30.389999,30.950001,19.33692,15432300
2008-02-01,30.889999,31.59,30.5,31.52,19.693039,13278900
2008-02-04,31.5,31.530001,30.950001,31.16,19.468109,9163000
2008-02-05,30.02,30.58,29.74,29.74,18.580923,15453900
2008-02-06,29.940001,30.360001,29.370001,29.49,18.424732,13565000
2008-02-07,29.049999,29.68,28.43,29.209999,18.249788,21202700
2008-02-08,29.0,29.85,29.0,29.6,18.493462,11750100
2008-02-11,29.65,30.49,29.5,30.16,18.843332,11492300
2008-02-12,30.280001,30.98,30.18,30.309999,18.937048,10865900
2008-02-13,30.65,31.0,30.41,30.85,19.274433,14531700
2008-02-14,30.92,31.02,30.1,30.219999,18.880814,9848100
2008-02-15,30.110001,30.280001,29.889999,30.129999,18.824581,9414300
2008-02-19,30.24,30.43,29.66,29.799999,18.618416,11758400
2008-02-20,29.58,30.48,29.5,30.309999,18.937048,10577000
2008-02-21,30.450001,30.98,29.83,29.959999,18.718378,12647000
2008-02-22,30.16,30.58,29.6,30.17,18.849583,13829600
2008-02-25,30.129999,30.58,29.75,30.379999,18.980783,11767200
2008-02-26,30.290001,31.530001,30.290001,31.15,19.461861,17739700
2008-02-27,30.950001,31.67,30.950001,31.42,19.630554,12677300
2008-02-28,31.139999,32.060001,30.639999,31.02,19.380648,9010500
2008-02-29,30.75,30.940001,29.870001,29.959999,18.718378,14705800
2008-03-03,29.969999,30.209999,29.65,29.93,18.69964,11494700
2008-03-04,29.709999,29.799999,28.530001,29.27,18.287277,26459800
2008-03-05,29.209999,30.049999,29.209999,29.75,18.587181,14315700
2008-03-06,29.66,29.75,29.040001,29.200001,18.243547,12655000
2008-03-07,29.030001,30.17,29.01,29.299999,18.306021,17623300
2008-03-10,29.379999,30.110001,29.379999,29.65,18.524698,18363600
2008-03-11,28.9,29.780001,27.67,28.76,17.968641,36458100
2008-03-12,28.5,28.98,28.27,28.379999,17.731228,19354500
2008-03-13,28.139999,29.219999,28.030001,29.02,18.131077,20270600
2008-03-14,29.18,29.25,27.870001,28.209999,17.62501,19791600
2008-03-17,27.59,29.030001,27.51,28.68,17.918667,19531300
2008-03-18,29.17,29.5,28.639999,29.48,18.418484,12732800
2008-03-19,29.16,29.299999,28.09,28.110001,17.56254,17274600
2008-03-20,28.139999,29.110001,27.73,28.280001,17.668745,22544400
2008-03-24,28.370001,29.450001,28.200001,29.07,18.162325,13952200
2008-03-25,29.129999,29.530001,28.879999,29.290001,18.299782,9945100
2008-03-26,29.190001,29.639999,28.75,28.950001,18.087355,9713900
2008-03-27,29.07,29.07,28.52,28.59,17.862429,11258700
2008-03-28,28.75,29.4,28.26,28.34,17.706234,12506600
2008-03-31,28.299999,28.459999,28.049999,28.27,17.6625,17441500
2008-04-01,28.48,29.4,28.459999,29.32,18.318512,14292600
2008-04-02,29.299999,30.01,29.299999,29.540001,18.455973,11678100
2008-04-03,29.42,30.41,29.299999,30.129999,18.824581,14872800
2008-04-04,30.190001,30.200001,29.450001,29.889999,18.674646,17797000
2008-04-07,29.98,30.27,29.719999,30.059999,18.780848,12435500
2008-04-08,29.73,29.790001,29.120001,29.209999,18.249788,11971900
2008-04-09,29.17,29.59,29.17,29.52,18.443478,10130600
2008-04-10,29.5,30.440001,29.370001,30.07,18.787104,14081500
2008-04-11,29.950001,29.99,29.360001,29.42,18.380995,9576600
2008-04-14,29.35,29.450001,28.629999,28.719999,17.943647,9153400
2008-04-15,28.92,28.92,28.110001,28.719999,17.943647,11906600
2008-04-16,29.290001,29.700001,29.030001,29.610001,18.499702,11731000
2008-04-17,28.940001,30.5,28.290001,28.790001,17.987387,17394300
2008-04-18,29.58,30.07,29.200001,29.6,18.493462,20450300
2008-04-21,29.9,30.66,29.57,30.59,19.111984,24603700
2008-04-22,29.43,29.639999,28.379999,28.82,18.006132,29711900
2008-04-23,28.969999,29.799999,28.75,29.059999,18.156076,20526300
2008-04-24,29.09,29.74,28.809999,29.6,18.493462,13255900
2008-04-25,29.66,29.809999,29.120001,29.559999,18.46847,9452400
2008-04-28,29.469999,29.67,29.25,29.360001,18.405777,8155400
2008-04-29,29.26,29.93,29.26,29.66,18.593845,11161500
2008-04-30,29.68,29.76,28.870001,29.16,18.280394,15252800
2008-05-01,29.24,29.99,29.16,29.6,18.556234,19120600
2008-05-02,29.959999,29.959999,29.219999,29.700001,18.618925,16996500
2008-05-05,29.49,29.83,28.969999,29.27,18.349352,14922500
2008-05-06,29.110001,29.860001,28.879999,29.639999,18.581303,13026300
2008-05-07,29.65,30.1,29.41,29.52,18.506077,12716300
2008-05-08,29.57,29.99,29.309999,29.77,18.662802,11843200
2008-05-09,29.4,30.0,29.25,29.809999,18.687885,11316300
2008-05-12,29.85,30.049999,29.6,29.93,18.763115,7299400
2008-05-13,29.950001,30.15,29.780001,29.879999,18.73176,8538900
2008-05-14,29.959999,30.99,29.809999,30.450001,19.089096,16959400
2008-05-15,30.41,31.469999,30.4,31.360001,19.659575,20177100
2008-05-16,31.35,31.85,31.0,31.790001,19.929144,18492400
2008-05-19,32.23,32.919998,32.189999,32.529999,20.393042,24858500
2008-05-20,32.400002,32.439999,31.709999,32.169998,20.167355,23526900
2008-05-21,32.169998,32.66,32.0,32.130001,20.142288,26879500
2008-05-22,32.23,32.450001,31.709999,31.83,19.954212,22770500
2008-05-23,31.74,31.98,31.379999,31.75,19.904057,23270900
2008-05-27,31.620001,32.439999,31.610001,32.34,20.273937,15737000
2008-05-28,32.52,32.650002,32.189999,32.490002,20.367975,17604200
2008-05-29,32.360001,33.0,32.32,32.700001,20.499617,17996000
2008-05-30,32.75,32.959999,32.43,32.48,20.361698,18057300
2008-06-02,32.369999,32.599998,31.76,32.119999,20.136017,17485000
2008-06-03,32.110001,32.240002,31.370001,31.57,19.791225,21487900
2008-06-04,31.540001,32.200001,31.41,31.969999,20.041981,14158600
2008-06-05,32.029999,32.189999,31.57,32.029999,20.079597,20691900
2008-06-06,31.879999,32.470001,31.219999,31.24,19.584345,18626500
2008-06-09,31.4,31.59,30.66,31.33,19.640759,18231400
2008-06-10,30.75,30.950001,30.389999,30.42,19.070293,18654800
2008-06-11,30.389999,30.450001,29.74,29.76,18.656528,15865400
2008-06-12,29.860001,30.07,28.969999,29.549999,18.524887,18289400
2008-06-13,29.690001,30.379999,29.549999,30.17,18.913563,13016300
2008-06-16,30.030001,30.6,29.82,30.18,18.91983,10877800
2008-06-17,30.280001,30.34,29.870001,29.940001,18.769375,9948100
2008-06-18,29.85,29.889999,29.16,29.379999,18.418316,12514700
2008-06-19,29.32,30.66,29.09,29.99,18.800722,16827600
2008-06-20,29.82,29.99,29.110001,29.4,18.430847,13137200
2008-06-23,29.469999,29.75,28.809999,29.02,18.192625,10482900
2008-06-24,28.93,29.700001,28.93,29.030001,18.198893,14279900
2008-06-25,29.26,30.16,29.26,29.690001,18.612656,13702900
2008-06-26,29.17,29.299999,28.459999,28.709999,17.998293,16340200
2008-06-27,28.34,28.700001,28.059999,28.51,17.872906,14090700
2008-06-30,28.49,28.5,28.01,28.16,17.653492,16473700
2008-07-01,27.9,27.91,26.9,27.639999,17.327503,36933600
2008-07-02,27.799999,27.950001,27.120001,27.200001,17.051678,18245800
2008-07-03,27.459999,27.620001,26.73,27.440001,17.202133,10075200
2008-07-07,27.51,28.18,27.08,27.43,17.195858,13536600
2008-07-08,27.219999,27.709999,27.0,27.620001,17.314974,16118700
2008-07-09,27.67,27.74,26.690001,26.74,16.763302,21605500
2008-07-10,26.73,27.450001,26.700001,27.299999,17.114357,16310500
2008-07-11,26.940001,27.969999,26.879999,27.5,17.239742,16551900
2008-07-14,27.889999,27.969999,26.950001,27.120001,17.001526,12375500
2008-07-15,26.9,27.549999,26.48,27.08,16.976439,21840100
2008-07-16,27.290001,28.370001,27.059999,28.059999,17.590805,20297900
2008-07-17,28.719999,29.299999,28.030001,29.129999,18.261587,23432800
2008-07-18,28.940001,29.139999,27.969999,28.82,18.067247,14912900
2008-07-21,28.85,28.9,28.23,28.52,17.879185,15856900
2008-07-22,24.889999,25.68,23.280001,24.35,15.265004,74086000
2008-07-23,24.51,25.049999,24.35,25.02,15.685025,34903600
2008-07-24,24.620001,24.93,23.84,23.879999,14.970362,34817400
2008-07-25,24.030001,24.219999,23.92,24.0,15.045597,31876800
2008-07-28,23.99,24.16,23.809999,23.969999,15.026792,21383100
2008-07-29,24.09,24.48,23.860001,24.290001,15.291187,15657300
2008-07-30,24.440001,24.799999,24.18,24.5,15.423388,16116000
2008-07-31,24.42,24.879999,24.15,24.379999,15.34784,13704400
2008-08-01,24.280001,24.82,23.969999,24.139999,15.196759,15614800
2008-08-04,24.139999,24.42,24.030001,24.15,15.203056,11387500
2008-08-05,24.26,25.0,24.26,24.940001,15.700379,12548400
2008-08-06,24.91,25.120001,24.27,25.01,15.744447,16165600
2008-08-07,24.799999,25.860001,24.6,25.1,15.801103,17162400
2008-08-08,25.190001,25.940001,25.0,25.74,16.203997,12847400
2008-08-11,25.66,26.42,25.65,26.139999,16.455809,14247500
2008-08-12,26.059999,26.700001,26.059999,26.4,16.61948,14123800
2008-08-13,26.450001,26.9,25.9,26.15,16.462103,10186300
2008-08-14,25.959999,26.360001,25.540001,25.77,16.222885,16875700
2008-08-15,25.85,25.85,24.809999,25.52,16.065504,18504000
2008-08-18,25.530001,25.77,25.049999,25.24,15.889237,11881700
2008-08-19,25.120001,25.190001,24.709999,24.809999,15.618541,9418200
2008-08-20,24.83,24.879999,24.23,24.4,15.36043,17215600
2008-08-21,24.190001,24.610001,24.15,24.389999,15.354137,10530300
2008-08-22,24.459999,24.690001,24.41,24.65,15.517818,6417500
2008-08-25,24.5,24.719999,24.27,24.32,15.310078,8232600
2008-08-26,24.200001,24.389999,24.030001,24.25,15.266004,12253700
2008-08-27,24.23,24.49,24.059999,24.35,15.32896,8240800
2008-08-28,24.48,24.75,24.280001,24.690001,15.543006,7915600
2008-08-29,24.6,24.690001,24.33,24.51,15.429687,12459000
2008-09-02,25.16,25.16,23.870001,24.43,15.379319,19803700
2008-09-03,24.33,24.540001,23.25,23.49,14.78757,22326500
2008-09-04,23.219999,23.57,22.34,22.4,14.101379,19908700
2008-09-05,21.860001,22.84,21.809999,22.639999,14.252474,23255700
2008-09-08,22.98,23.200001,21.969999,22.379999,14.088792,18686100
2008-09-09,21.879999,22.23,21.49,21.709999,13.667009,22380300
2008-09-10,22.700001,22.74,21.76,21.85,13.755144,21295600
2008-09-11,21.66,22.219999,21.549999,22.190001,13.969181,15838200
2008-09-12,22.07,22.280001,21.65,22.15,13.943997,11616400
2008-09-15,21.639999,22.35,21.620001,21.91,13.792915,17625700
2008-09-16,21.690001,22.82,21.57,22.59,14.220996,30285300
2008-09-17,22.49,22.75,22.049999,22.09,13.906233,25710900
2008-09-18,22.459999,23.200001,21.4,22.75,14.32172,26142800
2008-09-19,23.74,25.299999,22.98,23.6,14.856814,23381700
2008-09-22,23.51,23.6,22.379999,22.709999,14.296536,16606600
2008-09-23,22.709999,22.969999,21.93,22.030001,13.868459,15847400
2008-09-24,22.1,22.379999,21.940001,22.110001,13.918816,11579200
2008-09-25,22.01,22.969999,22.01,22.690001,14.283943,16248000
2008-09-26,22.16,23.290001,22.16,23.26,14.64277,15527500
2008-09-29,22.950001,22.99,21.299999,21.51,13.541101,23202800
2008-09-30,22.0,22.0,21.370001,21.5,13.534809,20644800
2008-10-01,21.34,21.76,21.09,21.639999,13.622944,17970900
2008-10-02,21.450001,21.450001,20.58,20.66,13.00601,22349700
2008-10-03,20.940001,21.610001,20.639999,21.059999,13.257818,21456800
2008-10-06,20.610001,21.09,19.66,20.639999,12.993415,30513400
2008-10-07,20.91,21.129999,19.469999,19.5,12.275756,26658500
2008-10-08,19.120001,20.33,18.92,19.34,12.175033,34664300
2008-10-09,19.65,20.040001,18.52,18.52,11.658822,25306700
2008-10-10,17.68,20.15,17.23,19.16,12.061723,41776900
2008-10-13,20.040001,20.4,19.049999,20.200001,12.716425,22068100
2008-10-14,20.860001,20.860001,18.32,18.85,11.866564,27264800
2008-10-15,18.42,18.860001,17.23,17.35,10.922277,21511400
2008-10-16,17.360001,17.719999,16.25,17.629999,11.098544,28675200
2008-10-17,17.43,18.299999,17.059999,17.65,11.111136,18348000
2008-10-20,17.700001,18.030001,17.559999,17.98,11.318876,20818000
2008-10-21,16.049999,17.26,15.85,16.85,10.607511,36651900
2008-10-22,16.709999,17.280001,16.0,16.280001,10.248682,25830700
2008-10-23,16.27,17.27,16.16,17.08,10.752311,31129300
2008-10-24,15.87,17.530001,15.6,16.950001,10.670465,24947100
2008-10-27,16.700001,18.030001,16.58,17.66,11.117428,28860900
2008-10-28,18.07,19.48,17.389999,19.48,12.263167,27031600
2008-10-29,19.139999,19.200001,18.08,18.129999,11.478122,25164900
2008-10-30,18.719999,19.290001,18.4,19.129999,12.111217,23070900
2008-10-31,18.870001,19.860001,18.75,19.559999,12.38346,17201900
2008-11-03,19.629999,19.780001,18.75,18.91,11.971943,14420300
2008-11-04,19.379999,19.41,18.84,19.09,12.085901,17137600
2008-11-05,18.83,18.969999,18.24,18.280001,11.573086,16273700
2008-11-06,18.17,18.700001,17.01,17.139999,10.85135,20715600
2008-11-07,17.290001,17.549999,16.860001,17.219999,10.902001,22507400
2008-11-10,17.49,17.559999,16.75,16.92,10.712072,12280100
2008-11-11,16.75,17.379999,16.620001,16.889999,10.693073,17077600
2008-11-12,16.690001,16.950001,16.33,16.360001,10.357535,14610500
2008-11-13,16.33,17.450001,15.79,17.389999,11.009626,20927000
2008-11-14,17.110001,17.139999,16.07,16.110001,10.19926,16729200
2008-11-17,15.96,16.389999,15.82,15.91,10.072635,14264500
2008-11-18,16.139999,16.27,15.32,15.83,10.021988,16724100
2008-11-19,15.99,16.08,14.63,14.63,9.262268,16386900
2008-11-20,14.47,15.29,13.97,14.02,8.876079,22951600
2008-11-21,14.31,14.68,13.63,14.67,9.28759,23327900
2008-11-24,14.67,15.51,14.48,15.26,9.661121,17628700
2008-11-25,15.38,15.6,14.38,14.58,9.230612,18984900
2008-11-26,14.31,15.58,14.14,15.52,9.825727,15029200
2008-11-28,15.39,15.89,15.35,15.57,9.857381,5333300
2008-12-01,15.25,15.28,14.01,14.01,8.869745,15318700
2008-12-02,14.23,14.69,13.84,14.64,9.2686,17494600
2008-12-03,14.2,15.29,14.2,15.26,9.661121,17477600
2008-12-04,15.01,15.23,14.33,14.47,9.160973,16746600
2008-12-05,14.01,14.65,13.38,14.56,9.217953,19828900
2008-12-08,14.89,15.24,14.6,14.82,9.382559,18263300
2008-12-09,14.38,16.139999,14.3,15.55,9.844719,34561000
2008-12-10,15.38,16.370001,15.2,15.73,9.95868,17628800
2008-12-11,15.65,15.82,14.91,15.14,9.585147,15936700
2008-12-12,14.81,15.68,14.56,15.59,9.870046,16684700
2008-12-15,15.59,15.91,15.06,15.47,9.794072,11404600
2008-12-16,15.63,16.379999,15.36,16.290001,10.313218,17939700
2008-12-17,15.95,16.5,15.64,16.25,10.287887,14059600
2008-12-18,15.91,16.0,14.89,15.06,9.534504,16590700
2008-12-19,15.11,15.4,14.95,15.08,9.547164,16725900
2008-12-22,14.96,15.06,14.37,14.71,9.312917,8122500
2008-12-23,14.92,14.94,14.15,14.26,9.028021,9444400
2008-12-24,14.5,14.5,14.23,14.45,9.148309,3520200
2008-12-26,14.46,14.46,14.21,14.35,9.085001,3387400
2008-12-29,14.31,14.7,14.25,14.67,9.28759,10322400
2008-12-30,14.71,15.22,14.58,15.16,9.597815,14589800
2008-12-31,15.14,15.72,15.04,15.52,9.825727,13453400
2009-01-02,15.5,16.17,15.4,16.040001,10.154941,15194500
2009-01-05,15.9,16.049999,15.58,15.86,10.040981,11656300
2009-01-06,15.96,16.700001,15.87,16.450001,10.414511,14433000
2009-01-07,16.0,16.01,15.39,15.58,9.863716,13510100
2009-01-08,15.52,15.6,14.91,15.28,9.67378,11072500
2009-01-09,15.27,15.39,14.63,14.96,9.471191,14448900
2009-01-12,14.82,15.09,14.56,14.73,9.325578,13139200
2009-01-13,14.57,15.19,14.52,14.84,9.395219,13456700
2009-01-14,14.65,14.68,13.96,14.1,8.926723,15888500
2009-01-15,14.03,14.71,13.9,14.54,9.205289,17708800
2009-01-16,14.8,15.06,14.33,15.02,9.50918,21501200
2009-01-20,14.88,15.09,14.34,14.41,9.122987,25107600
2009-01-21,14.57,14.72,13.92,14.56,9.217953,14159300
2009-01-22,14.08,14.6,13.92,14.36,9.091329,16011200
2009-01-23,14.15,15.32,13.92,14.99,9.490188,18915200
2009-01-26,14.76,15.41,14.45,14.77,9.350903,20003300
2009-01-27,15.7,15.88,15.14,15.31,9.692775,27095100
2009-01-28,15.46,15.73,15.16,15.56,9.922339,15213200
2009-01-29,15.51,15.51,14.81,14.95,9.533358,12144800
2009-01-30,15.21,15.25,14.51,14.95,9.533358,22446700
2009-02-02,14.82,15.9,14.66,15.69,10.005242,25470700
2009-02-03,15.85,16.25,15.46,16.02,10.215674,19034200
2009-02-04,15.92,17.120001,15.92,16.450001,10.489881,25157200
2009-02-05,16.200001,17.129999,16.110001,16.84,10.738578,24018600
2009-02-06,16.84,17.540001,16.73,17.379999,11.082924,19352100
2009-02-09,17.35,17.51,17.040001,17.299999,11.031909,18485500
2009-02-10,17.1,17.49,16.370001,16.52,10.534517,21405200
2009-02-11,16.559999,16.790001,15.87,16.23,10.349592,19878400
2009-02-12,15.96,16.559999,15.74,16.389999,10.451622,23169700
2009-02-13,16.5,17.32,16.49,16.950001,10.80872,28325400
2009-02-17,16.4,16.5,15.72,15.77,10.056255,22021200
2009-02-18,15.9,16.15,15.47,15.85,10.107269,16093900
2009-02-19,15.95,15.99,14.8,14.96,9.539739,22447500
2009-02-20,14.72,15.34,14.5,15.04,9.590748,23155500
2009-02-23,15.21,15.28,14.6,14.69,9.367557,17635500
2009-02-24,14.76,15.44,14.74,15.29,9.750171,17631900
2009-02-25,15.19,15.72,14.86,15.36,9.794808,19345600
2009-02-26,15.47,15.9,14.53,14.64,9.335675,26612300
2009-02-27,14.49,14.74,14.17,14.35,9.150749,18487200
2009-03-02,14.1,14.54,13.7,13.77,8.780892,17135600
2009-03-03,13.91,14.58,13.75,14.2,9.055093,27213900
2009-03-04,14.4,15.12,14.3,14.85,9.469586,25781000
2009-03-05,14.54,15.32,14.41,14.9,9.501472,24419200
2009-03-06,15.04,15.32,14.16,14.71,9.380311,25806900
2009-03-09,14.56,15.18,14.54,14.69,9.367557,19836600
2009-03-10,15.0,15.79,14.82,15.66,9.986111,25254300
2009-03-11,15.73,15.9,15.36,15.71,10.017995,18154900
2009-03-12,15.68,15.98,15.34,15.94,10.16466,16567300
2009-03-13,16.02,16.299999,15.82,16.209999,10.336835,17751600
2009-03-16,16.299999,16.48,15.64,15.71,10.017995,13918600
2009-03-17,15.76,16.459999,15.57,16.450001,10.489881,16366900
2009-03-18,16.379999,17.1,16.280001,16.879999,10.764083,20669000
2009-03-19,17.01,17.17,16.42,16.6,10.585533,13561200
2009-03-20,16.6,16.67,15.64,15.78,10.062633,21513200
2009-03-23,16.299999,17.01,15.9,17.01,10.846985,18965800
2009-03-24,16.889999,17.09,16.5,16.65,10.617415,12410100
2009-03-25,16.73,17.15,16.120001,16.43,10.477127,14638800
2009-03-26,16.67,17.41,16.51,17.360001,11.070171,18412900
2009-03-27,17.18,17.629999,16.99,17.120001,10.917124,13932000
2009-03-30,16.75,16.92,16.27,16.42,10.47075,9464600
2009-03-31,16.639999,16.809999,16.360001,16.51,10.528139,13422900
2009-04-01,16.23,16.540001,16.0,16.25,10.362341,25568200
2009-04-02,16.110001,16.889999,16.059999,16.469999,10.502636,27660800
2009-04-03,16.52,16.98,16.25,16.959999,10.815098,21634200
2009-04-06,16.77,16.780001,16.23,16.51,10.528139,19203300
2009-04-07,16.309999,16.780001,16.1,16.360001,10.43249,12218100
2009-04-08,16.690001,16.99,16.25,16.790001,10.706692,18854700
2009-04-09,17.1,17.379999,16.950001,17.24,10.993653,16652300
2009-04-13,17.139999,17.280001,16.75,17.17,10.949011,11580800
2009-04-14,16.969999,17.6,16.940001,17.33,11.051044,17589000
2009-04-15,16.77,17.190001,16.57,17.01,10.846985,16308700
2009-04-16,17.4,17.870001,17.25,17.799999,11.350751,20099800
2009-04-17,17.799999,18.120001,17.459999,17.969999,11.459157,18948200
2009-04-20,17.74,17.790001,17.08,17.32,11.044663,26619100
2009-04-21,17.65,17.85,16.610001,17.110001,10.910752,44089800
2009-04-22,16.93,18.27,16.73,17.65,11.255102,30991300
2009-04-23,17.790001,17.790001,16.799999,17.34,11.057421,20384200
2009-04-24,17.49,18.0,17.190001,17.879999,11.401769,16676400
2009-04-27,17.629999,18.02,17.209999,17.469999,11.140318,19288000
2009-04-28,17.16,17.450001,16.959999,17.0,10.909294,12316600
2009-04-29,17.15,17.68,17.01,17.379999,11.153152,11803800
2009-04-30,17.559999,18.57,17.5,18.059999,11.589522,18908600
2009-05-01,18.08,18.120001,17.549999,17.950001,11.518939,16325400
2009-05-04,18.059999,18.66,17.969999,18.360001,11.782043,16309000
2009-05-05,18.33,18.33,17.74,17.860001,11.46118,17431400
2009-05-06,17.950001,18.629999,17.65,18.309999,11.749954,23624200
2009-05-07,18.59,18.59,17.299999,17.58,11.281498,21294200
2009-05-08,17.65,17.780001,16.83,17.299999,11.101811,19658400
2009-05-11,17.18,17.52,16.83,17.26,11.076143,15177300
2009-05-12,16.77,17.389999,16.57,16.83,10.800209,15468700
2009-05-13,16.75,17.23,16.73,17.07,10.954214,18937000
2009-05-14,17.15,17.639999,17.049999,17.540001,11.255824,19577100
2009-05-15,17.530001,17.799999,17.299999,17.629999,11.313581,20495700
2009-05-18,17.780001,17.93,17.52,17.9,11.486848,12261400
2009-05-19,17.790001,18.309999,17.620001,18.08,11.602357,14973700
2009-05-20,18.540001,18.9,18.32,18.4,11.807711,21075000
2009-05-21,18.200001,18.34,17.530001,17.959999,11.52535,14786400
2009-05-22,18.0,18.76,17.959999,18.5,11.871883,17773200
2009-05-26,18.35,19.0,18.219999,19.0,12.192746,19727200
2009-05-27,18.299999,19.5,18.299999,18.98,12.179907,17422300
2009-05-28,19.040001,19.299999,18.59,19.27,12.36601,13523900
2009-05-29,19.299999,19.48,18.870001,19.4,12.449433,17612700
2009-06-01,19.51,20.549999,19.5,20.360001,13.065486,21789900
2009-06-02,20.16,20.51,19.870001,20.09,12.892224,16115500
2009-06-03,19.65,20.07,19.57,20.049999,12.866551,15783800
2009-06-04,20.110001,20.4,19.75,20.08,12.8858,16149900
2009-06-05,20.209999,20.43,19.549999,19.68,12.629112,21577100
2009-06-08,19.719999,19.99,19.43,19.77,12.68687,14095400
2009-06-09,21.16,21.27,20.58,21.02,13.489025,45900900
2009-06-10,21.129999,21.200001,20.5,20.959999,13.450521,21526300
2009-06-11,20.91,21.299999,20.700001,20.84,13.373515,17724100
2009-06-12,20.77,20.809999,20.200001,20.790001,13.341432,15721600
2009-06-15,20.700001,21.23,20.549999,21.129999,13.559615,22468900
2009-06-16,21.27,21.27,20.67,20.73,13.302924,18978400
2009-06-17,21.139999,21.719999,20.83,21.41,13.739301,31802600
2009-06-18,21.4,21.52,21.08,21.33,13.687961,20650400
2009-06-19,21.549999,21.74,21.17,21.66,13.899719,19844500
2009-06-22,21.43,21.85,20.85,20.969999,13.456942,17365100
2009-06-23,20.799999,21.049999,20.51,20.610001,13.225916,32446400
2009-06-24,20.77,21.290001,20.700001,20.98,13.463353,19656700
2009-06-25,20.959999,21.440001,20.889999,21.35,13.700793,15680700
2009-06-26,21.15,21.76,21.139999,21.450001,13.764963,14728500
2009-06-29,21.370001,21.65,21.209999,21.299999,13.668706,17545000
2009-06-30,21.33,21.73,20.200001,21.299999,13.668706,16175700
2009-07-01,21.370001,21.9,21.370001,21.6,13.861228,13218800
2009-07-02,21.33,21.52,21.219999,21.299999,13.668706,11393200
2009-07-06,21.24,21.559999,20.99,21.4,13.732876,12281700
2009-07-07,21.290001,21.73,20.66,20.77,13.328597,14751600
2009-07-08,20.76,20.83,20.110001,20.42,13.10399,20795600
2009-07-09,20.49,20.860001,20.389999,20.440001,13.116826,18404900
2009-07-10,20.389999,20.799999,20.34,20.450001,13.123243,13790300
2009-07-13,20.57,20.9,20.18,20.85,13.379933,15331300
2009-07-14,20.959999,21.17,20.77,21.1,13.540365,12566500
2009-07-15,21.620001,21.940001,21.51,21.889999,14.047321,15115000
2009-07-16,21.65,22.450001,21.65,22.34,14.336097,20689600
2009-07-17,22.43,23.059999,22.1,23.01,14.766055,22853500
2009-07-20,23.190001,23.629999,22.969999,23.610001,15.15109,35335500
2009-07-21,23.16,23.280001,22.51,23.07,14.804557,32683200
2009-07-22,23.09,23.5,22.879999,23.309999,14.95857,15158700
2009-07-23,23.299999,23.93,22.99,23.82,15.285851,18386800
2009-07-24,23.530001,24.129999,23.379999,24.09,15.459121,15080100
2009-07-27,24.08,24.17,23.67,24.01,15.407777,15887400
2009-07-28,23.870001,24.24,23.66,24.190001,15.52329,16723000
2009-07-29,23.950001,24.23,23.620001,24.139999,15.561969,24475400
2009-07-30,24.379999,24.82,24.1,24.15,15.568414,21394700
2009-07-31,24.120001,24.459999,23.940001,24.049999,15.50395,14897300
2009-08-03,24.32,24.389999,23.99,24.370001,15.710239,14225400
2009-08-04,24.18,24.74,24.139999,24.6,15.85851,13172800
2009-08-05,24.59,24.75,24.190001,24.379999,15.716683,10828400
2009-08-06,24.450001,24.74,24.139999,24.299999,15.665108,13642200
2009-08-07,24.559999,24.75,24.09,24.1,15.536174,12709800
2009-08-10,23.969999,24.15,23.49,23.65,15.246088,12116000
2009-08-11,23.610001,23.889999,23.440001,23.639999,15.239647,11653800
2009-08-12,23.59,24.07,23.52,23.879999,15.394357,12617900
2009-08-13,24.18,24.559999,23.950001,24.540001,15.819833,11041100
2009-08-14,24.32,24.450001,23.68,23.959999,15.445934,11587100
2009-08-17,23.5,23.67,23.27,23.34,15.046243,9532600
2009-08-18,23.42,23.93,23.35,23.84,15.368565,8767000
2009-08-19,23.51,24.059999,23.42,23.98,15.45883,8315200
2009-08-20,23.969999,24.17,23.84,24.110001,15.542622,9749300
2009-08-21,24.17,24.59,23.9,24.540001,15.819833,10667300
2009-08-24,24.629999,24.879999,24.15,24.200001,15.600645,10795500
2009-08-25,24.25,24.51,24.09,24.379999,15.716683,9912400
2009-08-26,24.440001,24.6,24.26,24.459999,15.768256,9872000
2009-08-27,24.49,24.559999,24.059999,24.52,15.80694,8186500
2009-08-28,24.85,25.33,24.790001,24.969999,16.097027,12029000
2009-08-31,24.82,24.9,24.360001,24.59,15.852062,9799100
2009-09-01,24.559999,25.15,24.209999,24.309999,15.671561,15366500
2009-09-02,24.209999,24.42,24.049999,24.09,15.529735,11119600
2009-09-03,24.190001,24.360001,24.01,24.32,15.678008,10019700
2009-09-04,24.32,24.889999,24.32,24.860001,16.026121,9874600
2009-09-08,24.870001,25.110001,24.620001,25.059999,16.155054,14021800
2009-09-09,25.030001,25.280001,24.76,25.139999,16.206619,12821800
2009-09-10,25.15,25.35,24.85,25.0,16.116371,20192300
2009-09-11,24.950001,24.98,24.299999,24.389999,15.723129,20994700
2009-09-14,24.24,24.870001,24.24,24.76,15.961642,13744800
2009-09-15,24.889999,25.0,24.639999,24.83,16.006775,11989800
2009-09-16,24.879999,24.879999,24.0,24.129999,15.555523,16204900
2009-09-17,24.1,24.200001,23.6,23.6,15.213853,19475700
2009-09-18,23.790001,24.209999,23.620001,24.059999,15.510398,18163700
2009-09-21,23.959999,24.23,23.809999,23.969999,15.45238,11203400
2009-09-22,24.200001,24.200001,23.57,23.76,15.316995,16118700
2009-09-23,23.889999,24.549999,23.860001,24.049999,15.50395,16874100
2009-09-24,24.08,24.15,23.459999,23.57,15.194511,13610000
2009-09-25,23.42,23.76,23.15,23.35,15.05269,13594800
2009-09-28,23.5,24.18,23.42,23.91,15.413694,11428300
2009-09-29,23.959999,24.370001,23.52,23.549999,15.181618,15327100
2009-09-30,23.67,24.120001,23.469999,23.690001,15.271874,18646900
2009-10-01,23.52,23.74,22.6,22.65,14.601433,22199300
2009-10-02,22.450001,22.77,22.26,22.49,14.498285,20423400
2009-10-05,22.59,22.93,22.49,22.6,14.569199,18528800
2009-10-06,22.85,23.24,22.790001,23.1,14.891535,16976100
2009-10-07,22.99,23.110001,22.67,22.82,14.71102,14012800
2009-10-08,22.93,22.93,22.26,22.530001,14.524072,21887000
2009-10-09,22.48,23.65,22.48,23.639999,15.239647,20651300
2009-10-12,23.709999,24.309999,23.59,23.799999,15.34278,17958600
2009-10-13,23.91,24.02,23.459999,23.620001,15.226749,14914000
2009-10-14,24.02,24.07,23.35,23.620001,15.226749,22533500
2009-10-15,23.389999,23.459999,23.129999,23.25,14.988221,16662800
2009-10-16,23.120001,23.120001,22.540001,22.75,14.665897,23914600
2009-10-19,23.0,23.549999,22.889999,23.52,15.162281,36034900
2009-10-20,24.110001,24.110001,23.51,23.66,15.252535,30411700
2009-10-21,23.639999,23.780001,22.85,23.0,14.827059,27725900
2009-10-22,22.870001,23.92,22.870001,23.879999,15.394357,32594400
2009-10-23,24.0,24.0,23.379999,23.5,15.14939,23598300
2009-10-26,23.379999,23.959999,23.309999,23.700001,15.278316,19752700
2009-10-27,24.030001,24.35,23.690001,23.799999,15.34278,29322600
2009-10-28,23.93,24.559999,23.41,23.440001,15.187281,28936800
2009-10-29,23.6,23.93,23.41,23.92,15.498294,18265200
2009-10-30,24.09,24.18,23.379999,23.450001,15.193763,23463400
2009-11-02,23.379999,23.610001,23.040001,23.450001,15.193763,18532500
2009-11-03,23.219999,23.639999,23.01,23.469999,15.206719,18038800
2009-11-04,23.790001,24.0,23.530001,23.57,15.271506,13586600
2009-11-05,23.799999,24.309999,23.65,24.18,15.666747,13147600
2009-11-06,24.059999,24.48,23.93,24.040001,15.576039,11756600
2009-11-09,24.15,24.709999,24.030001,24.629999,15.958312,10613700
2009-11-10,24.6,25.27,24.58,25.049999,16.230436,19411900
2009-11-11,25.15,25.690001,25.129999,25.33,16.411858,14682800
2009-11-12,25.26,25.85,25.190001,25.370001,16.437778,13326000
2009-11-13,25.440001,25.68,25.24,25.440001,16.483126,10336600
2009-11-16,25.57,26.08,25.52,25.950001,16.813566,12384100
2009-11-17,25.82,25.969999,25.57,25.870001,16.76173,10938500
2009-11-18,25.83,25.940001,25.48,25.75,16.683985,10757200
2009-11-19,24.799999,24.959999,24.450001,24.879999,16.120289,19635100
2009-11-20,24.75,25.0,24.65,24.74,16.029583,13252900
2009-11-23,24.93,25.389999,24.889999,25.139999,16.288744,9020200
2009-11-24,25.18,25.540001,25.139999,25.280001,16.379459,11281600
2009-11-25,25.34,25.450001,25.18,25.42,16.470171,8281900
2009-11-27,24.799999,25.4,24.559999,25.25,16.360018,7278500
2009-11-30,25.35,25.389999,25.030001,25.290001,16.385935,12468900
2009-12-01,25.549999,26.030001,25.290001,25.940001,16.807087,15842300
2009-12-02,26.01,26.33,25.719999,25.959999,16.82004,20674200
2009-12-03,26.059999,26.68,26.0,26.440001,17.131046,14466700
2009-12-04,26.74,27.0,26.34,26.85,17.396696,16339200
2009-12-07,26.709999,27.0,26.43,26.620001,17.247669,12624500
2009-12-08,26.719999,26.9,25.120001,26.33,17.059774,18215400
2009-12-09,25.76,25.99,25.51,25.99,16.839481,22731100
2009-12-10,26.08,26.190001,25.540001,25.940001,16.807087,20118800
2009-12-11,25.9,26.059999,25.5,25.639999,16.612709,9887600
2009-12-14,25.76,26.07,25.700001,25.98,16.833008,8483500
2009-12-15,25.879999,25.889999,25.4,25.440001,16.483126,11323100
2009-12-16,25.57,26.08,25.440001,25.58,16.573835,14328800
2009-12-17,25.33,25.6,25.059999,25.08,16.249872,10735700
2009-12-18,25.360001,25.540001,25.059999,25.459999,16.496086,13545600
2009-12-21,25.709999,25.99,25.52,25.84,16.742298,7729700
2009-12-22,25.870001,26.01,25.559999,25.639999,16.612709,7209700
2009-12-23,25.440001,25.620001,25.27,25.32,16.40538,8227300
2009-12-24,25.360001,25.85,25.32,25.83,16.735815,3977800
2009-12-28,25.780001,25.84,25.34,25.49,16.515518,8776900
2009-12-29,25.51,25.59,25.280001,25.370001,16.437778,6088600
2009-12-30,25.42,25.98,25.309999,25.98,16.833008,7178900
2009-12-31,25.950001,26.27,25.940001,26.059999,16.884836,8432700
2010-01-04,26.200001,26.610001,25.889999,26.01,16.852442,10369300
2010-01-05,25.950001,26.299999,25.700001,25.860001,16.755251,10943800
2010-01-06,25.9,26.030001,25.559999,25.67,16.632154,8933800
2010-01-07,25.6,25.84,25.360001,25.75,16.683985,10775400
2010-01-08,25.6,26.34,25.52,26.34,17.066256,12875600
2010-01-11,26.34,26.49,25.719999,26.0,16.845966,11677000
2010-01-12,26.02,26.030001,24.67,24.91,16.139727,21165300
2010-01-13,25.01,25.16,24.67,25.02,16.210995,18809200
2010-01-14,24.889999,25.0,24.48,24.709999,16.010139,22908400
2010-01-15,24.68,24.77,24.200001,24.5,15.87408,20359100
2010-01-19,24.450001,24.780001,24.35,24.719999,16.016624,11783800
2010-01-20,24.52,24.610001,24.200001,24.549999,15.906472,13253500
2010-01-21,24.549999,24.879999,24.01,24.18,15.666747,18407800
2010-01-22,24.1,24.17,23.0,23.110001,14.973479,21806400
2010-01-25,23.41,23.82,23.200001,23.690001,15.34926,20192100
2010-01-26,23.389999,23.9,23.290001,23.35,15.128969,19646700
2010-01-27,23.370001,23.66,23.08,23.530001,15.245594,19535100
2010-01-28,23.459999,23.51,22.690001,23.049999,15.011149,20198600
2010-01-29,23.110001,23.370001,22.280001,22.5,14.652964,23137300
2010-02-01,22.559999,23.08,22.559999,23.049999,15.011149,13199000
2010-02-02,22.969999,23.370001,22.940001,23.309999,15.180473,11891100
2010-02-03,23.26,23.32,22.93,23.200001,15.10883,12877300
2010-02-04,23.01,23.01,22.4,22.59,14.711579,14643500
2010-02-05,22.549999,23.129999,22.5,22.969999,14.959045,23094000
2010-02-08,23.0,23.370001,22.700001,23.1,15.043716,16138900
2010-02-09,23.33,23.66,23.27,23.379999,15.226058,17494900
2010-02-10,23.389999,23.58,23.139999,23.440001,15.265131,12401200
2010-02-11,23.43,24.0,23.299999,23.77,15.480047,16194800
2010-02-12,23.540001,24.27,23.4,24.030001,15.64937,21796600
2010-02-16,24.129999,24.879999,24.129999,24.790001,16.144316,22856400
2010-02-17,24.860001,24.969999,24.299999,24.709999,16.092207,19430500
2010-02-18,24.65,24.860001,24.389999,24.83,16.170359,13218600
2010-02-19,24.799999,25.059999,24.59,25.01,16.287584,15979000
2010-02-22,25.02,25.15,24.620001,24.73,16.10524,11176800
2010-02-23,24.67,24.719999,24.059999,24.299999,15.825202,12905800
2010-02-24,24.530001,25.0,24.48,24.75,16.118265,14513800
2010-02-25,24.209999,24.549999,24.01,24.52,15.96848,17886100
2010-02-26,24.450001,24.610001,24.23,24.379999,15.877303,13204600
2010-03-01,24.530001,24.93,24.469999,24.629999,16.040113,14892800
2010-03-02,24.540001,24.92,24.25,24.48,15.94243,16888500
2010-03-03,24.57,24.790001,24.35,24.4,15.890325,13012700
2010-03-04,24.459999,24.75,24.16,24.67,16.066164,13538000
2010-03-05,24.799999,25.09,24.610001,24.969999,16.261532,10345800
2010-03-08,25.09,25.09,24.549999,24.690001,16.079187,22269200
2010-03-09,24.290001,24.49,23.870001,24.190001,15.753561,27986900
2010-03-10,24.190001,24.68,24.17,24.59,16.014059,13878500
2010-03-11,24.379999,24.4,23.799999,24.07,15.675418,23056400
2010-03-12,24.1,24.24,23.9,24.0,15.629831,15073900
2010-03-15,23.91,23.99,23.700001,23.940001,15.590753,9053400
2010-03-16,24.01,24.75,23.959999,24.68,16.07267,18282000
2010-03-17,24.559999,25.0,24.559999,24.91,16.22246,12620400
2010-03-18,24.889999,25.0,24.549999,24.719999,16.098722,10499500
2010-03-19,24.360001,24.73,24.129999,24.360001,15.864275,16945400
2010-03-22,24.219999,24.75,24.17,24.73,16.10524,10651200
2010-03-23,24.799999,25.48,24.73,25.450001,16.574131,17937200
2010-03-24,25.309999,25.33,24.719999,24.790001,16.144316,16894900
2010-03-25,25.16,25.219999,24.780001,24.790001,16.144316,11306500
2010-03-26,24.91,25.030001,24.51,24.75,16.118265,10138000
2010-03-29,24.860001,25.07,24.620001,24.73,16.10524,9217600
2010-03-30,24.73,24.889999,24.5,24.610001,16.02709,11074400
2010-03-31,24.58,24.77,24.379999,24.469999,15.935912,9899700
2010-04-01,24.639999,25.0,24.440001,24.629999,16.040113,9057000
2010-04-05,24.73,25.5,24.66,25.389999,16.535061,14225500
2010-04-06,25.24,25.299999,24.93,25.049999,16.313629,10626400
2010-04-07,25.110001,25.4,24.889999,25.32,16.489471,13333000
2010-04-08,25.120001,25.32,24.719999,24.719999,16.098722,16002500
2010-04-09,24.870001,24.969999,24.620001,24.940001,16.242001,13451500
2010-04-12,25.26,25.98,25.24,25.690001,16.730427,18574600
2010-04-13,25.629999,26.0,25.58,25.870001,16.847652,11606700
2010-04-14,26.41,26.91,26.379999,26.9,17.518429,20317400
2010-04-15,26.870001,27.0,26.6,26.99,17.577044,11570500
2010-04-16,26.73,26.809999,26.35,26.58,17.310038,14772100
2010-04-19,26.469999,26.68,25.91,26.43,17.212357,13289700
2010-04-20,26.6,26.84,26.4,26.65,17.355621,11003900
2010-04-21,26.74,26.9,26.059999,26.42,17.20583,10479800
2010-04-22,25.950001,26.6,25.4,26.5,17.257929,17497200
2010-04-23,26.469999,26.75,26.030001,26.67,17.368649,14470700
2010-04-26,26.860001,27.35,26.790001,27.16,17.687754,21070400
2010-04-27,26.799999,27.440001,26.41,26.540001,17.283993,37647800
2010-04-28,26.75,26.76,26.09,26.4,17.270897,17187200
2010-04-29,26.639999,27.049999,26.360001,27.01,17.66997,15133100
2010-04-30,26.91,26.950001,26.01,26.01,17.015764,18069000
2010-05-03,26.23,26.719999,26.1,26.450001,17.303612,12975600
2010-05-04,26.18,26.219999,25.440001,25.74,16.839134,21086300
2010-05-05,25.530001,26.18,25.190001,25.870001,16.924175,21484600
2010-05-06,25.780001,26.120001,23.49,25.07,16.400818,27373200
2010-05-07,24.91,25.27,23.959999,24.74,16.184931,26491900
2010-05-10,25.68,26.0,25.450001,25.82,16.891466,17622700
2010-05-11,25.5,26.15,25.25,25.65,16.780252,15890100
2010-05-12,25.809999,26.15,25.67,26.1,17.074644,12698500
2010-05-13,25.98,26.09,25.41,25.49,16.675585,13313600
2010-05-14,25.27,25.360001,24.5,24.879999,16.276516,18323300
2010-05-17,24.950001,25.5,24.66,25.42,16.629778,16456000
2010-05-18,25.6,25.66,24.389999,24.540001,16.054087,25045000
2010-05-19,24.43,24.870001,24.1,24.65,16.126047,19404600
2010-05-20,24.139999,24.700001,23.9,24.26,15.870916,24563200
2010-05-21,23.889999,24.84,23.6,24.57,16.073715,19264900
2010-05-24,24.450001,24.6,24.15,24.24,15.857832,12654300
2010-05-25,23.620001,24.440001,23.450001,24.4,15.962503,20761600
2010-05-26,24.540001,24.82,24.040001,24.139999,15.792412,17978000
2010-05-27,24.51,24.870001,24.459999,24.85,16.256887,14974200
2010-05-28,24.77,24.9,24.200001,24.42,15.975583,14589500
2010-06-01,24.280001,24.860001,24.27,24.35,15.92979,15099700
2010-06-02,24.52,24.780001,24.24,24.76,16.198004,12846000
2010-06-03,24.809999,25.18,24.65,25.040001,16.381182,12150800
2010-06-04,24.66,24.950001,24.07,24.18,15.81858,14542600
2010-06-07,24.32,24.559999,23.610001,23.67,15.48494,16883500
2010-06-08,23.99,24.0,23.09,23.879999,15.62232,19113300
2010-06-09,24.299999,24.540001,23.639999,23.74,15.530728,19882500
2010-06-10,24.200001,24.57,24.040001,24.530001,16.047544,17308800
2010-06-11,24.27,24.59,24.15,24.450001,15.995211,13942700
2010-06-14,24.74,24.889999,24.51,24.57,16.073715,14604200
2010-06-15,24.75,25.76,24.530001,25.700001,16.812963,17740500
2010-06-16,25.33,25.6,25.1,25.42,16.629778,19305300
2010-06-17,25.690001,25.690001,25.209999,25.530001,16.701754,10056300
2010-06-18,25.51,25.690001,25.27,25.450001,16.64941,12038300
2010-06-21,25.76,25.85,25.110001,25.25,16.51857,11123000
2010-06-22,25.34,25.58,24.690001,24.75,16.191479,11927500
2010-06-23,24.879999,25.1,24.469999,24.780001,16.211102,11448400
2010-06-24,24.6,24.75,24.17,24.280001,15.884001,14724700
2010-06-25,24.219999,24.43,23.860001,24.040001,15.72699,26127200
2010-06-28,24.16,24.5,24.02,24.360001,15.936332,11670500
2010-06-29,24.049999,24.09,23.68,23.889999,15.628861,19408500
2010-06-30,24.01,24.07,23.16,23.280001,15.229794,17478500
2010-07-01,23.209999,23.469999,22.65,23.17,15.157835,16440000
2010-07-02,23.299999,23.389999,22.709999,23.110001,15.118585,11337000
2010-07-06,23.370001,23.540001,22.940001,23.120001,15.125132,13470200
2010-07-07,23.200001,24.27,23.15,24.25,15.864372,16852400
2010-07-08,24.42,24.469999,23.860001,24.219999,15.844746,10670900
2010-07-09,24.379999,24.51,24.17,24.48,16.014839,7698500
2010-07-12,24.360001,24.799999,24.360001,24.75,16.191479,9822500
2010-07-13,25.08,25.540001,24.950001,25.389999,16.610155,15212100
2010-07-14,25.58,25.799999,24.959999,25.09,16.413898,17591100
2010-07-15,25.07,25.450001,24.75,25.4,16.616699,14120800
2010-07-16,25.200001,25.43,24.73,24.77,16.204554,12003700
2010-07-19,24.870001,25.58,24.870001,25.549999,16.714827,15506000
2010-07-20,24.16,24.889999,24.01,24.77,16.204554,30930000
2010-07-21,24.77,24.92,24.4,24.5,16.027924,15249900
2010-07-22,24.67,25.42,24.65,25.290001,16.544741,15635900
2010-07-23,25.25,25.459999,25.0,25.379999,16.603615,12517200
2010-07-26,25.280001,25.66,25.09,25.66,16.786798,9569100
2010-07-27,25.790001,25.92,25.469999,25.58,16.734457,13152100
2010-07-28,25.42,25.620001,25.1,25.219999,16.576714,11958100
2010-07-29,25.35,25.4,24.639999,24.879999,16.353235,12190000
2010-07-30,24.59,24.879999,24.25,24.690001,16.22835,13150900
2010-08-02,24.65,25.23,24.41,25.110001,16.504408,9116900
2010-08-03,25.07,25.1,24.700001,24.809999,16.307222,9204100
2010-08-04,24.82,25.25,24.620001,25.18,16.550415,10671300
2010-08-05,25.07,25.530001,24.9,25.4,16.695011,13410400
2010-08-06,25.200001,25.6,25.059999,25.459999,16.734457,12003500
2010-08-09,25.549999,25.85,25.35,25.700001,16.89221,8919100
2010-08-10,25.379999,25.540001,24.969999,25.35,16.662159,15417300
2010-08-11,25.01,25.139999,24.860001,24.969999,16.412388,12745300
2010-08-12,24.299999,24.969999,24.219999,24.41,16.044312,18134400
2010-08-13,24.360001,24.690001,24.24,24.280001,15.958865,9836200
2010-08-16,24.18,24.59,24.030001,24.530001,16.123178,10180900
2010-08-17,24.790001,24.870001,24.65,24.700001,16.234917,9929400
2010-08-18,24.75,25.139999,24.540001,24.91,16.372952,10860600
2010-08-19,24.85,25.049999,24.450001,24.530001,16.123178,9449500
2010-08-20,24.440001,24.870001,24.440001,24.700001,16.234917,12589100
2010-08-23,24.76,24.860001,24.360001,24.370001,16.018017,12780000
2010-08-24,24.120001,24.58,24.030001,24.27,15.952284,14861700
2010-08-25,24.07,24.41,23.860001,24.309999,15.978584,14788700
2010-08-26,24.309999,24.34,23.75,23.83,15.663085,15337500
2010-08-27,23.940001,24.219999,23.34,24.15,15.873416,17892700
2010-08-30,23.77,23.9,23.25,23.25,15.281856,19672200
2010-08-31,23.209999,23.59,22.950001,23.02,15.130681,17039700
2010-09-01,23.360001,23.860001,23.16,23.75,15.6105,13779500
2010-09-02,23.76,24.120001,23.709999,24.040001,15.801114,10832200
2010-09-03,24.27,24.49,23.940001,24.33,15.991725,11599200
2010-09-07,24.07,24.120001,23.549999,23.620001,15.525055,11004700
2010-09-08,23.610001,23.77,23.35,23.68,15.56449,12763600
2010-09-09,23.93,24.16,23.709999,23.84,15.669654,13149200
2010-09-10,23.57,23.889999,23.26,23.700001,15.577635,17328700
2010-09-13,24.01,24.49,23.98,24.459999,16.077177,12710300
2010-09-14,24.370001,24.93,24.110001,24.690001,16.22835,14274900
2010-09-15,24.5,24.709999,24.26,24.67,16.215204,11457300
2010-09-16,24.700001,24.99,24.450001,24.98,16.418962,12517500
2010-09-17,25.59,25.85,25.24,25.719999,16.90535,25212100
2010-09-20,25.700001,25.93,25.219999,25.860001,16.99737,16572300
2010-09-21,25.879999,26.08,25.610001,25.799999,16.957935,15808400
2010-09-22,25.610001,25.969999,25.32,25.440001,16.72131,10210100
2010-09-23,25.360001,26.25,25.120001,25.77,16.938215,13297600
2010-09-24,26.08,26.940001,26.08,26.93,17.700672,14901500
2010-09-27,26.85,27.0,26.66,26.68,17.536345,9673700
2010-09-28,26.639999,27.17,26.440001,27.059999,17.786112,12484500
2010-09-29,26.91,27.08,26.719999,26.84,17.641514,12016400
2010-09-30,26.889999,27.4,26.74,27.139999,17.838699,19052400
2010-10-01,27.309999,27.610001,26.92,27.25,17.910997,12156000
2010-10-04,27.200001,27.58,27.01,27.209999,17.884699,15091800
2010-10-05,27.440001,28.5,27.41,28.33,18.620861,23034400
2010-10-06,28.23,28.559999,27.860001,28.309999,18.607718,18289700
2010-10-07,28.379999,28.4,27.860001,28.139999,18.495979,16897300
2010-10-08,28.120001,28.860001,27.799999,28.73,18.88378,16244800
2010-10-11,28.76,28.98,28.6,28.77,18.91007,11592500
2010-10-12,28.620001,28.85,28.33,28.68,18.850908,14847700
2010-10-13,28.35,28.450001,28.030001,28.120001,18.482832,20238400
2010-10-14,28.17,28.540001,27.93,28.309999,18.607718,13072100
2010-10-15,28.49,28.809999,28.23,28.719999,18.877197,13427500
2010-10-18,28.639999,28.709999,28.040001,28.360001,18.640585,11535100
2010-10-19,27.950001,28.52,27.530001,28.030001,18.423677,13135700
2010-10-20,28.23,28.24,27.77,28.09,18.463112,14047900
2010-10-21,28.25,28.309999,27.92,28.219999,18.548563,10824000
2010-10-22,28.209999,28.709999,28.17,28.66,18.837767,9318700
2010-10-25,28.9,29.190001,28.82,28.98,19.048103,15464900
2010-10-26,28.709999,28.91,28.299999,28.879999,18.982376,17814300
2010-10-27,28.639999,29.48,28.52,29.440001,19.350449,16822600
2010-10-28,29.26,29.43,28.99,29.24,19.304235,14399700
2010-10-29,29.17,29.75,29.049999,29.57,19.522104,15745700
2010-11-01,29.77,29.84,29.16,29.440001,19.436277,12181700
2010-11-02,29.74,29.9,29.559999,29.6,19.54191,10739400
2010-11-03,29.68,30.0,29.52,30.0,19.805988,13185500
2010-11-04,30.07,30.790001,29.950001,30.75,20.301138,15003400
2010-11-05,30.780001,31.469999,30.700001,31.469999,20.77648,17664000
2010-11-08,31.26,31.469999,31.16,31.379999,20.717062,13242600
2010-11-09,31.5,31.59,31.190001,31.34,20.69066,13105600
2010-11-10,31.33,31.43,30.76,31.34,20.69066,11578800
2010-11-11,30.15,30.93,29.9,30.799999,20.334146,14662700
2010-11-12,30.77,31.379999,30.57,30.950001,20.433176,16420400
2010-11-15,30.969999,31.209999,30.83,30.85,20.367159,8417600
2010-11-16,30.450001,30.85,30.370001,30.57,20.182302,13728300
2010-11-17,30.4,31.049999,30.34,30.91,20.406767,10932400
2010-11-18,31.190001,31.51,31.09,31.48,20.783083,13157600
2010-11-19,31.51,31.950001,31.459999,31.940001,21.086775,12181200
2010-11-22,31.85,32.259998,31.719999,32.240002,21.284828,12183000
2010-11-23,31.91,32.220001,31.85,31.98,21.11318,11933600
2010-11-24,32.099998,32.560001,32.040001,32.549999,21.489494,11777700
2010-11-26,32.259998,32.509998,32.200001,32.200001,21.25843,2946000
2010-11-29,31.83,32.330002,31.83,32.200001,21.25843,9011300
2010-11-30,31.92,32.009998,31.639999,31.799999,20.99435,12156400
2010-12-01,32.419998,32.939999,32.349998,32.580002,21.509306,16463900
2010-12-02,32.580002,32.860001,32.540001,32.849998,21.687553,10807100
2010-12-03,32.700001,32.98,32.509998,32.82,21.667751,13443800
2010-12-06,32.93,33.009998,32.619999,32.950001,21.75358,13383300
2010-12-07,33.240002,33.639999,33.139999,33.41,22.057261,19578000
2010-12-08,33.049999,33.75,33.009998,33.75,22.281733,14122100
2010-12-09,33.880001,33.93,33.57,33.740002,22.275129,9768500
2010-12-10,33.650002,33.740002,32.709999,32.799999,21.654541,15516400
2010-12-13,32.91,33.0,32.59,32.599998,21.522509,10247000
2010-12-14,32.720001,32.860001,32.549999,32.799999,21.654541,9316700
2010-12-15,32.790001,32.939999,32.509998,32.639999,21.54891,7849900
2010-12-16,32.669998,32.77,32.150002,32.619999,21.535709,11000800
2010-12-17,32.560001,32.990002,32.48,32.529999,21.476288,15308500
2010-12-20,32.650002,32.689999,32.209999,32.330002,21.344257,7542700
2010-12-21,32.52,32.68,32.380001,32.439999,21.416872,4770200
2010-12-22,32.310001,32.540001,32.130001,32.470001,21.436684,5181000
2010-12-23,32.450001,32.5,32.130001,32.360001,21.364063,3476100
2010-12-27,32.220001,32.439999,32.0,32.380001,21.377258,2668500
2010-12-28,32.509998,32.509998,32.07,32.240002,21.284828,3209100
2010-12-29,32.360001,32.599998,32.139999,32.509998,21.463089,3932500
2010-12-30,32.459999,32.610001,32.25,32.5,21.456478,3715800
2010-12-31,32.5,32.630001,32.330002,32.5,21.456478,3312700
2011-01-03,32.689999,32.990002,32.32,32.73,21.608332,7092500
2011-01-04,32.66,32.830002,32.25,32.669998,21.568722,7914000
2011-01-05,32.57,32.860001,32.25,32.799999,21.654541,8129000
2011-01-06,32.82,33.34,32.73,33.25,21.951632,7386900
2011-01-07,33.32,33.470001,32.869999,33.220001,21.931833,7311300
2011-01-10,32.990002,33.5,32.939999,33.380001,22.037464,7539900
2011-01-11,33.450001,33.68,33.299999,33.5,22.116684,7132400
2011-01-12,33.700001,33.790001,33.349998,33.66,22.222321,6076400
2011-01-13,33.360001,33.52,33.049999,33.48,22.103479,6322700
2011-01-14,33.57,34.049999,33.43,34.040001,22.473192,9007000
2011-01-18,33.959999,34.860001,33.959999,34.849998,23.007957,12052600
2011-01-19,34.279999,34.700001,34.07,34.16,22.552422,8340800
2011-01-20,34.029999,34.189999,33.549999,33.91,22.387369,8664800
2011-01-21,34.400002,34.490002,33.91,33.91,22.387369,9172000
2011-01-24,34.080002,34.650002,33.869999,34.650002,22.875912,10857200
2011-01-25,34.299999,34.799999,33.689999,33.98,22.433586,13185000
2011-01-26,34.09,34.41,33.669998,34.32,22.658045,7400100
2011-01-27,34.099998,34.84,34.049999,34.630001,22.949646,8342800
2011-01-28,34.580002,34.869999,34.02,34.27,22.711063,10601600
2011-01-31,34.02,34.27,33.790001,33.91,22.472492,10917600
2011-02-01,34.189999,35.0,34.130001,35.0,23.194847,11582700
2011-02-02,34.799999,35.290001,34.799999,35.119999,23.274363,8260800
2011-02-03,35.080002,35.209999,34.700001,34.990002,23.188217,5733900
2011-02-04,35.150002,35.540001,35.099998,35.439999,23.486439,7638900
2011-02-07,35.509998,35.84,35.130001,35.259998,23.367149,11631600
2011-02-08,35.330002,35.43,35.049999,35.279999,23.3804,7368100
2011-02-09,35.080002,35.27,34.959999,35.099998,23.26111,7180900
2011-02-10,34.900002,35.240002,34.75,35.189999,23.320755,8146700
2011-02-11,35.169998,35.799999,35.040001,35.619999,23.605722,7664900
2011-02-14,35.57,35.959999,35.470001,35.830002,23.744898,6127800
2011-02-15,35.709999,36.07,35.43,35.970001,23.837667,9430000
2011-02-16,36.049999,36.299999,35.849998,36.049999,23.890697,10480600
2011-02-17,35.990002,36.48,35.900002,36.48,24.175667,7274200
2011-02-18,36.41,36.549999,36.150002,36.23,24.009981,8413700
2011-02-22,35.790001,36.23,35.5,35.75,23.691874,11659200
2011-02-23,35.810001,35.810001,34.889999,35.400002,23.459929,10972000
2011-02-24,35.490002,35.810001,34.93,35.43,23.479815,11297100
2011-02-25,35.57,35.799999,35.400002,35.619999,23.605722,9369200
2011-02-28,35.799999,35.919998,35.080002,35.610001,23.599108,13051500
2011-03-01,35.810001,35.880001,34.939999,35.0,23.194847,11102500
2011-03-02,35.360001,36.549999,35.310001,36.139999,23.950329,17687100
2011-03-03,36.27,36.709999,36.119999,36.560001,24.228668,12224500
2011-03-04,36.529999,36.540001,36.02,36.27,24.036488,10161000
2011-03-07,36.400002,36.59,35.16,35.48,23.512949,15939500
2011-03-08,35.650002,35.990002,35.25,35.860001,23.764776,8853200
2011-03-09,35.299999,35.439999,34.43,34.740002,23.022541,12583300
2011-03-10,34.349998,34.689999,34.029999,34.25,22.697813,13036000
2011-03-11,34.07,34.939999,34.02,34.389999,22.790586,13817500
2011-03-14,34.400002,34.740002,34.279999,34.560001,22.903259,10121300
2011-03-15,33.400002,34.119999,32.75,33.900002,22.465857,17387700
2011-03-16,33.790001,33.799999,32.330002,32.790001,21.730253,23147200
2011-03-17,33.130001,33.490002,32.860001,33.07,21.915821,12766300
2011-03-18,33.439999,33.59,33.099998,33.360001,22.108009,10883300
2011-03-21,33.52,34.119999,33.41,33.68,22.32007,7150200
2011-03-22,33.779999,33.939999,33.450001,33.639999,22.293554,5988400
2011-03-23,33.700001,34.27,33.48,34.209999,22.671297,8396900
2011-03-24,34.450001,34.939999,34.23,34.860001,23.102068,9211000
2011-03-25,34.759998,34.939999,34.619999,34.639999,22.956268,4980200
2011-03-28,34.610001,34.950001,34.41,34.490002,22.856857,6139600
2011-03-29,34.169998,34.959999,34.009998,34.959999,23.168335,6827800
2011-03-30,35.09,35.240002,34.43,34.740002,23.022541,9258200
2011-03-31,34.720001,34.860001,34.380001,34.560001,22.903259,6210400
2011-04-01,34.93,34.93,34.119999,34.23,22.684561,8913400
2011-04-04,34.34,34.470001,33.630001,34.110001,22.60504,10518900
2011-04-05,33.200001,35.080002,33.110001,34.689999,22.989405,29932700
2011-04-06,34.790001,34.91,34.330002,34.860001,23.102068,11919300
2011-04-07,34.860001,35.25,34.560001,35.240002,23.353893,13601600
2011-04-08,35.279999,35.43,34.990002,35.169998,23.307501,9394900
2011-04-11,35.119999,35.360001,34.810001,34.93,23.148443,9890800
2011-04-12,34.700001,34.720001,33.93,34.139999,22.624914,18326800
2011-04-13,34.220001,34.369999,33.880001,34.34,22.757454,11376800
2011-04-14,34.150002,34.799999,33.959999,34.709999,23.00267,9662400
2011-04-15,34.669998,35.040001,34.490002,34.990002,23.188217,12136500
2011-04-18,34.669998,35.07,34.540001,34.790001,23.055676,17041000
2011-04-19,34.419998,34.919998,34.200001,34.540001,22.890005,18789800
2011-04-20,34.950001,35.279999,34.77,35.130001,23.281,12237100
2011-04-21,35.25,35.669998,35.23,35.52,23.539446,11094100
2011-04-25,35.52,35.610001,35.259998,35.419998,23.473186,5778000
2011-04-26,35.330002,35.779999,35.200001,35.740002,23.685251,13900000
2011-04-27,35.450001,35.98,35.330002,35.900002,23.79129,10311600
2011-04-28,35.75,35.849998,35.389999,35.549999,23.644955,10224400
2011-04-29,35.48,35.790001,35.419998,35.529999,23.631653,5916400
2011-05-02,35.610001,35.66,34.939999,35.009998,23.285801,10262200
2011-05-03,35.02,35.080002,34.509998,34.799999,23.14612,8558900
2011-05-04,34.779999,35.040001,34.470001,34.82,23.159424,8118100
2011-05-05,34.709999,35.560001,34.59,35.02,23.292442,9879900
2011-05-06,35.41,35.619999,35.150002,35.23,23.432119,8870100
2011-05-09,35.189999,35.599998,35.150002,35.34,23.505283,7274500
2011-05-10,35.490002,35.630001,35.240002,35.459999,23.585102,6327000
2011-05-11,35.439999,35.59,34.759998,34.900002,23.212629,7755300
2011-05-12,34.82,35.439999,34.630001,35.330002,23.498629,7941500
2011-05-13,35.290001,35.57,35.150002,35.18,23.398869,8390400
2011-05-16,35.16,35.529999,34.84,34.91,23.219282,6690100
2011-05-17,34.830002,34.830002,33.919998,34.439999,22.906675,10541300
2011-05-18,34.5,35.27,34.5,35.18,23.398869,8255100
2011-05-19,35.200001,35.209999,34.580002,34.970001,23.25919,6899500
2011-05-20,34.889999,35.189999,34.689999,35.0,23.27914,7365200
2011-05-23,34.599998,34.599998,34.25,34.25,22.780306,8218300
2011-05-24,34.330002,34.34,33.869999,34.080002,22.667242,8304600
2011-05-25,33.98,34.509998,33.900002,34.279999,22.800255,6798600
2011-05-26,34.189999,34.360001,34.0,34.32,22.826857,7301400
2011-05-27,34.439999,34.759998,34.439999,34.720001,23.092907,5142900
2011-05-31,34.810001,35.299999,34.810001,35.299999,23.47868,8640100
2011-06-01,35.119999,35.16,33.939999,33.950001,22.580772,8774200
2011-06-02,34.009998,34.369999,33.900002,34.240002,22.773649,7588700
2011-06-03,33.790001,34.080002,33.470001,33.5,22.281462,7389700
2011-06-06,33.509998,33.669998,33.279999,33.32,22.161739,7807300
2011-06-07,33.439999,33.68,33.200001,33.27,22.128483,8540200
2011-06-08,33.16,33.169998,32.580002,32.669998,21.729416,13622300
2011-06-09,32.77,33.27,32.41,32.91,21.889046,13681200
2011-06-10,32.689999,32.810001,31.940001,32.150002,21.383558,9875600
2011-06-13,32.259998,32.400002,31.68,31.74,21.110855,10270800
2011-06-14,32.080002,32.52,32.040001,32.330002,21.503275,8279100
2011-06-15,31.83,32.200001,31.5,31.59,21.011093,11576500
2011-06-16,31.620001,31.719999,31.16,31.32,20.831499,9336700
2011-06-17,31.58,31.65,30.959999,31.24,20.778297,10739100
2011-06-20,31.110001,31.4,31.1,31.280001,20.804903,9324900
2011-06-21,31.360001,32.119999,31.200001,32.029999,21.303741,7883600
2011-06-22,31.940001,32.110001,31.74,31.74,21.110855,7014800
2011-06-23,31.389999,32.18,31.26,32.119999,21.3636,12057200
2011-06-24,32.09,32.110001,31.440001,31.530001,20.971186,13362400
2011-06-27,31.639999,31.91,31.209999,31.74,21.110855,10247100
2011-06-28,31.82,31.99,31.57,31.98,21.270485,9212900
2011-06-29,32.009998,32.099998,31.57,31.879999,21.203972,9302900
2011-06-30,31.950001,32.880001,31.950001,32.830002,21.83584,11609100
2011-07-01,32.990002,33.66,32.709999,33.52,22.294762,9562700
2011-07-05,33.400002,33.5,32.810001,32.919998,21.895695,9269800
2011-07-06,32.810001,33.189999,32.639999,32.849998,21.849136,8892100
2011-07-07,33.07,33.599998,32.93,33.459999,22.254866,10338100
2011-07-08,33.009998,33.27,32.459999,32.880001,21.869089,8422200
2011-07-11,32.549999,33.0,32.32,32.439999,21.576431,7093600
2011-07-12,31.33,31.799999,30.610001,31.25,20.784954,26187100
2011-07-13,31.5,31.59,30.84,31.0,20.618671,12708900
2011-07-14,31.16,31.49,30.620001,30.719999,20.432436,11017200
2011-07-15,30.92,30.969999,30.440001,30.82,20.498947,9349800
2011-07-18,30.73,30.870001,30.17,30.48,20.272806,9592800
2011-07-19,30.889999,31.51,30.799999,31.42,20.89802,11095800
2011-07-20,31.610001,31.620001,31.049999,31.219999,20.764996,8028600
2011-07-21,31.290001,31.799999,30.76,31.610001,21.024391,11624400
2011-07-22,31.299999,31.940001,31.27,31.780001,21.137459,9893200
2011-07-25,31.34,31.68,31.27,31.469999,20.931273,11566300
2011-07-26,31.5,32.02,31.469999,31.57,20.997786,11919400
2011-07-27,31.190001,31.190001,30.25,30.389999,20.212948,13121000
2011-07-28,30.34,30.700001,30.110001,30.120001,20.119431,9898800
2011-07-29,29.82,30.17,29.68,29.75,19.872274,13036900
2011-08-01,29.98,30.139999,29.370001,29.889999,19.965799,13751200
2011-08-02,29.43,29.77,29.1,29.1,19.438089,13498600
2011-08-03,28.950001,29.42,28.620001,29.299999,19.571684,13077500
2011-08-04,28.82,29.09,27.92,27.92,18.649879,17343200
2011-08-05,28.16,28.389999,26.49,27.190001,18.162266,31502600
2011-08-08,26.360001,26.98,25.959999,26.190001,17.494289,25663400
2011-08-09,26.52,27.139999,25.459999,27.09,18.095465,23017700
2011-08-10,26.540001,27.190001,25.98,26.5,17.701355,28457800
2011-08-11,26.610001,27.610001,26.389999,27.299999,18.235733,20370500
2011-08-12,27.780001,27.799999,27.07,27.18,18.155579,11555500
2011-08-15,27.34,27.58,27.190001,27.49,18.362656,7839100
2011-08-16,27.17,27.27,26.690001,26.93,17.988583,10995500
2011-08-17,26.700001,27.5,26.559999,26.93,17.988583,9162100
2011-08-18,26.049999,26.219999,25.190001,25.389999,16.959898,18962600
2011-08-19,25.16,25.799999,24.790001,24.82,16.579161,14538600
2011-08-22,25.299999,25.559999,25.07,25.16,16.806274,9588100
2011-08-23,25.309999,26.24,25.0,26.24,17.527685,13844400
2011-08-24,26.23,26.299999,25.780001,26.110001,17.440851,11949500
2011-08-25,26.08,26.16,25.280001,25.309999,16.906464,12546000
2011-08-26,25.17,25.73,24.690001,25.52,17.046743,15462500
2011-08-29,25.780001,26.17,25.690001,26.16,17.474251,9048600
2011-08-30,26.1,26.33,25.73,26.200001,17.500975,7300000
2011-08-31,26.309999,26.610001,26.01,26.209999,17.507639,9876300
2011-09-01,26.23,26.33,25.549999,25.57,17.080132,15109700
2011-09-02,25.190001,25.35,25.01,25.08,16.752831,8404900
2011-09-06,24.35,24.959999,24.34,24.91,16.639277,11354200
2011-09-07,25.459999,25.99,25.459999,25.889999,17.293898,12871000
2011-09-08,25.68,26.41,25.65,25.799999,17.233774,13739700
2011-09-09,25.49,26.49,25.49,26.08,17.420805,23446100
2011-09-12,25.9,26.5,25.6,26.280001,17.554405,16605700
2011-09-13,26.35,26.73,26.290001,26.65,17.801558,12052700
2011-09-14,26.780001,27.620001,26.719999,27.27,18.2157,18588600
2011-09-15,27.719999,27.83,27.4,27.709999,18.509604,14892000
2011-09-16,28.0,28.16,27.65,27.82,18.583092,12759400
2011-09-19,27.639999,27.809999,27.35,27.700001,18.502932,11942000
2011-09-20,27.84,28.24,27.43,27.540001,18.396053,11149200
2011-09-21,27.620001,27.91,26.85,26.879999,17.955187,12155600
2011-09-22,26.139999,26.52,25.780001,26.23,17.521004,14769700
2011-09-23,26.35,27.25,26.16,27.219999,18.182301,17627300
2011-09-26,27.309999,27.440001,26.629999,27.4,18.30254,15797300
2011-09-27,28.02,28.34,27.74,28.030001,18.72336,13922300
2011-09-28,28.139999,28.15,27.299999,27.33,18.255781,13501300
2011-09-29,27.75,27.969999,26.75,27.190001,18.162266,10490600
2011-09-30,26.889999,27.32,26.639999,26.65,17.801558,11801600
2011-10-03,26.889999,27.290001,26.4,26.459999,17.674641,20014800
2011-10-04,26.16,27.290001,26.08,27.25,18.202337,19500000
2011-10-05,27.309999,28.24,27.01,28.200001,18.836918,14356900
2011-10-06,27.82,28.370001,27.719999,28.32,18.917072,17399400
2011-10-07,28.48,29.200001,28.209999,28.950001,19.337896,17818200
2011-10-10,29.309999,30.15,29.26,29.809999,19.912361,15206000
2011-10-11,29.58,29.9,29.440001,29.620001,19.785446,9499200
2011-10-12,29.879999,30.23,29.690001,29.700001,19.838879,11651200
2011-10-13,29.41,30.629999,29.389999,30.4,20.306465,14573200
2011-10-14,30.59,30.98,30.35,30.93,20.66049,16026000
2011-10-17,30.74,30.889999,30.110001,30.209999,20.179543,12213500
2011-10-18,30.42,31.0,29.92,30.889999,20.633778,12008100
2011-10-19,30.5,30.860001,30.200001,30.25,20.206268,11689900
2011-10-20,30.27,30.35,29.42,29.950001,20.005865,13876900
2011-10-21,30.299999,31.25,30.16,30.459999,20.346537,14435800
2011-10-24,30.629999,31.709999,30.629999,31.690001,21.168146,15743800
2011-10-25,31.049999,31.66,30.82,30.969999,20.687214,21694200
2011-10-26,31.290001,31.309999,30.379999,31.0,20.707249,14127800
2011-10-27,31.74,32.0,31.309999,31.82,21.37219,12756600
2011-10-28,31.67,31.879999,31.16,31.5,21.157265,9854200
2011-10-31,31.1,31.280001,30.709999,30.73,20.640083,8254300
2011-11-01,29.85,30.26,29.639999,29.860001,20.055735,12316000
2011-11-02,30.299999,30.370001,29.870001,30.059999,20.190069,7825700
2011-11-03,30.48,31.18,30.059999,31.120001,20.902027,12362900
2011-11-04,30.9,31.950001,30.870001,31.790001,21.352037,18602100
2011-11-07,31.67,31.76,31.120001,31.530001,21.177412,7031900
2011-11-08,31.719999,31.93,31.16,31.549999,21.190844,11850200
2011-11-09,30.85,31.0,30.26,30.309999,20.357988,10254000
2011-11-10,30.540001,30.91,30.17,30.610001,20.559486,8994100
2011-11-11,30.99,31.68,30.950001,31.5,21.157265,7419400
2011-11-14,31.35,31.719999,31.01,31.16,20.928894,9040400
2011-11-15,31.049999,31.51,30.98,31.15,20.922178,10368600
2011-11-16,30.879999,32.09,30.799999,31.459999,21.130384,22256700
2011-11-17,31.27,31.49,30.110001,30.389999,20.41172,13049200
2011-11-18,30.440001,30.57,30.030001,30.049999,20.183352,12282400
2011-11-21,29.77,29.85,28.940001,29.219999,19.625874,10792100
2011-11-22,29.219999,29.24,28.48,28.690001,19.269899,16233300
2011-11-23,28.440001,28.459999,27.91,27.940001,18.766153,10462000
2011-11-25,28.1,28.209999,27.790001,27.790001,18.665403,3502700
2011-11-28,28.65,29.1,28.41,28.700001,19.276619,9861100
2011-11-29,28.84,29.25,28.610001,28.639999,19.236309,7822100
2011-11-30,29.379999,30.139999,29.290001,30.1,20.216938,13023400
2011-12-01,29.889999,30.389999,29.879999,30.209999,20.290821,10578900
2011-12-02,30.389999,30.530001,29.92,29.969999,20.129618,7346600
2011-12-05,30.32,30.67,30.049999,30.23,20.304256,8738100
2011-12-06,30.42,30.540001,30.1,30.42,20.43187,8930700
2011-12-07,30.280001,30.940001,30.0,30.67,20.599781,12100000
2011-12-08,30.469999,31.030001,29.83,29.92,20.096037,11444800
2011-12-09,28.5,30.02,28.5,29.940001,20.109474,25529300
2011-12-12,29.540001,29.629999,28.860001,29.129999,19.56542,13771600
2011-12-13,29.35,29.5,28.32,28.41,19.081831,10965400
2011-12-14,28.33,28.73,27.940001,28.040001,18.833326,9297600
2011-12-15,28.26,28.58,28.200001,28.51,19.149004,10480000
2011-12-16,28.940001,29.1,28.51,28.690001,19.269899,12977200
2011-12-19,28.77,28.780001,27.9,27.950001,18.772873,7476100
2011-12-20,28.35,29.49,28.35,29.389999,19.740059,14606400
2011-12-21,29.27,29.43,28.35,28.559999,19.182579,12816000
2011-12-22,28.67,29.6,28.66,29.5,19.813938,8592600
2011-12-23,29.719999,29.790001,29.360001,29.73,19.96843,3896300
2011-12-27,29.540001,29.799999,29.42,29.629999,19.901262,3630400
2011-12-28,29.620001,29.629999,29.040001,29.07,19.525127,3759300
2011-12-29,29.110001,29.360001,28.98,29.34,19.706476,3496800
2011-12-30,29.27,29.440001,29.1,29.110001,19.552002,3809800
2012-01-03,29.6,29.940001,29.5,29.76,19.988571,7226200
2012-01-04,29.540001,29.75,29.24,29.57,19.86096,5837400
2012-01-05,29.440001,29.9,29.440001,29.780001,20.002012,6568700
2012-01-06,29.610001,29.780001,29.459999,29.780001,20.002012,6052800
2012-01-09,29.719999,30.27,29.700001,30.16,20.257233,8040700
2012-01-10,30.25,30.690001,30.059999,30.67,20.599781,10151400
2012-01-11,30.52,30.780001,30.290001,30.73,20.640083,6446000
2012-01-12,30.790001,31.440001,30.639999,31.370001,21.069942,8783200
2012-01-13,31.110001,31.360001,30.809999,30.950001,20.787848,8155900
2012-01-17,31.34,31.379999,31.0,31.07,20.868446,5753900
2012-01-18,31.969999,33.830002,31.959999,33.720001,22.648342,27363300
2012-01-19,33.439999,34.099998,33.310001,33.82,22.715508,14179800
2012-01-20,33.59,33.740002,33.259998,33.639999,22.594604,11312300
2012-01-23,33.389999,33.799999,33.009998,33.189999,22.292362,14837600
2012-01-24,33.34,33.48,32.459999,32.52,21.842356,20920600
2012-01-25,32.560001,32.900002,32.0,32.799999,22.030413,17599800
2012-01-26,32.869999,33.23,32.240002,32.360001,21.734892,12689000
2012-01-27,31.98,32.830002,31.950001,32.610001,22.01848,8431400
2012-01-30,32.18,32.290001,32.0,32.18,21.728134,9225100
2012-01-31,32.400002,32.470001,32.0,32.380001,21.863176,12000000
2012-02-01,32.790001,33.189999,32.450001,32.860001,22.187273,11813400
2012-02-02,32.849998,33.200001,32.84,33.060001,22.322311,9876300
2012-02-03,33.34,34.09,33.25,33.93,22.909742,14258500
2012-02-06,33.740002,33.779999,33.299999,33.610001,22.693682,8693800
2012-02-07,33.360001,33.619999,33.07,33.43,22.572142,9965500
2012-02-08,33.43,34.060001,33.41,33.849998,22.855728,8367800
2012-02-09,33.950001,33.990002,33.68,33.799999,22.82197,6474900
2012-02-10,33.400002,33.509998,33.189999,33.360001,22.524885,5420100
2012-02-13,33.5,33.77,32.75,33.259998,22.45735,7301600
2012-02-14,33.09,33.240002,32.709999,33.220001,22.430351,7100000
2012-02-15,33.009998,33.540001,33.009998,33.41,22.55864,8579500
2012-02-16,33.470001,34.209999,33.299999,33.91,22.896248,8888700
2012-02-17,34.080002,34.150002,33.459999,33.59,22.680182,7659300
2012-02-21,33.630001,33.630001,33.200001,33.279999,22.470865,6831500
2012-02-22,33.18,33.41,32.900002,32.959999,22.254787,6498700
2012-02-23,32.84,33.5,32.540001,33.32,22.497869,5775600
2012-02-24,33.48,33.599998,33.290001,33.32,22.497869,3609200
2012-02-27,33.060001,33.400002,32.799999,33.110001,22.356073,5986000
2012-02-28,33.189999,33.84,33.139999,33.720001,22.767952,6378700
2012-02-29,33.73,33.73,33.290001,33.349998,22.518124,7069700
2012-03-01,33.490002,33.560001,33.0,33.169998,22.396587,6630800
2012-03-02,33.130001,33.349998,32.779999,32.82,22.160265,4721800
2012-03-05,32.709999,32.779999,32.119999,32.189999,21.734888,7860800
2012-03-06,31.860001,32.18,31.66,32.119999,21.68762,8830100
2012-03-07,32.119999,32.759998,32.060001,32.650002,22.045481,7537300
2012-03-08,32.950001,32.98,32.560001,32.599998,22.011719,7189900
2012-03-09,32.200001,32.490002,32.02,32.27,21.788904,12369800
2012-03-12,32.310001,32.439999,31.9,31.91,21.545832,7050900
2012-03-13,32.07,32.299999,31.940001,32.290001,21.802404,10321000
2012-03-14,32.209999,32.639999,31.92,32.009998,21.613354,8657900
2012-03-15,32.099998,32.82,32.040001,32.779999,22.133249,8428200
2012-03-16,32.779999,33.299999,32.689999,33.02,22.2953,11965600
2012-03-19,33.0,33.93,32.959999,33.84,22.84898,10684400
2012-03-20,33.650002,33.709999,33.259998,33.580002,22.673428,7977800
2012-03-21,33.57,33.759998,33.23,33.610001,22.693682,8250000
2012-03-22,33.310001,33.509998,33.169998,33.43,22.572142,5536800
2012-03-23,33.490002,33.560001,33.009998,33.349998,22.518124,6339900
2012-03-26,33.57,34.0,33.450001,33.990002,22.950253,5712600
2012-03-27,34.02,34.240002,33.869999,33.869999,22.869225,5476200
2012-03-28,33.73,33.830002,33.060001,33.330002,22.504625,6509900
2012-03-29,33.16,33.349998,32.990002,33.189999,22.410093,7208600
2012-03-30,33.32,33.900002,33.259998,33.610001,22.693682,7785300
2012-04-02,33.139999,33.41,32.950001,33.259998,22.45735,7410300
2012-04-03,33.200001,33.200001,32.529999,32.599998,22.011719,7874900
2012-04-04,32.310001,32.32,31.9,32.16,21.714626,10254000
2012-04-05,32.09,32.650002,32.0,32.459999,21.917191,6112500
2012-04-09,31.950001,32.290001,31.85,32.139999,21.701124,5092200
2012-04-10,32.02,32.380001,31.620001,31.690001,21.397282,11486600
2012-04-11,31.93,32.18,31.91,31.99,21.599844,5891500
2012-04-12,32.009998,32.560001,31.91,32.509998,21.950951,5873200
2012-04-13,32.41,32.799999,32.18,32.18,21.728134,8947700
2012-04-16,32.57,32.66,31.799999,32.200001,21.74164,6878500
2012-04-17,32.32,32.830002,32.32,32.779999,22.133249,6303500
2012-04-18,32.639999,32.889999,32.349998,32.720001,22.092745,5670800
2012-04-19,32.830002,33.130001,32.369999,32.639999,22.038731,8923800
2012-04-20,32.990002,33.049999,32.32,32.470001,21.923948,48477500
2012-04-23,32.200001,32.259998,31.809999,31.889999,21.532316,13134900
2012-04-24,32.709999,32.75,31.200001,31.360001,21.174467,18923700
2012-04-25,31.5,31.98,31.370001,31.969999,21.586338,10774100
2012-04-26,31.620001,32.0,31.620001,31.950001,21.688166,9420400
2012-04-27,32.0,32.220001,31.85,32.169998,21.837505,10444000
2012-04-30,32.02,32.09,31.85,31.940001,21.681374,8635400
2012-05-01,31.639999,32.040001,31.629999,31.85,21.620283,8224900
2012-05-02,31.65,32.150002,31.610001,32.09,21.783199,9121700
2012-05-03,32.130001,32.200001,31.370001,31.389999,21.308025,11499800
2012-05-04,31.01,31.1,30.48,30.59,20.764975,11574300
2012-05-07,30.48,30.93,30.48,30.610001,20.778547,8321900
2012-05-08,30.360001,30.709999,29.940001,30.629999,20.792128,10458600
2012-05-09,30.309999,30.73,29.98,30.6,20.771761,12219000
2012-05-10,30.690001,30.870001,30.34,30.780001,20.893948,9853800
2012-05-11,30.75,31.290001,30.66,30.74,20.866793,7204600
2012-05-14,30.469999,30.799999,30.27,30.629999,20.792128,5845100
2012-05-15,30.639999,30.85,30.219999,30.290001,20.561329,5245900
2012-05-16,30.35,30.559999,29.93,29.959999,20.337317,6847600
2012-05-17,30.01,30.08,29.280001,29.35,19.923244,8167400
2012-05-18,29.5,29.540001,28.639999,28.73,19.502378,9441700
2012-05-21,28.83,29.51,28.6,29.48,20.011494,7392200
2012-05-22,29.51,29.51,29.129999,29.360001,19.930027,5783200
2012-05-23,29.08,29.190001,28.59,29.139999,19.780693,8100000
2012-05-24,29.18,29.27,28.68,28.889999,19.610994,8393000
2012-05-25,28.9,29.139999,28.780001,28.940001,19.644932,4862100
2012-05-29,29.129999,29.389999,28.99,29.360001,19.930027,6523900
2012-05-30,29.02,29.129999,28.84,28.950001,19.651712,5076300
2012-05-31,28.809999,28.870001,28.299999,28.48,19.332674,9772300
2012-06-01,28.09,28.139999,26.969999,27.0,18.328026,19508700
2012-06-04,27.030001,27.290001,26.77,27.09,18.389116,8815100
2012-06-05,27.040001,27.639999,27.040001,27.48,18.653854,10820200
2012-06-06,27.719999,28.629999,27.57,28.6,19.414133,13390200
2012-06-07,28.889999,29.01,28.110001,28.23,19.162971,11843700
2012-06-08,28.07,28.549999,27.99,28.52,19.359825,6729200
2012-06-11,28.639999,28.799999,27.620001,27.65,18.769255,7862600
2012-06-12,27.84,28.41,27.719999,28.24,19.169756,9531000
2012-06-13,28.08,28.17,27.700001,27.82,18.884657,10268700
2012-06-14,27.93,28.02,27.389999,27.73,18.823553,7856900
2012-06-15,27.91,28.0,27.66,27.860001,18.911804,13562600
2012-06-18,27.76,28.219999,27.65,28.02,19.020414,6562400
2012-06-19,28.200001,28.360001,28.0,28.27,19.190121,7403100
2012-06-20,28.379999,28.549999,28.059999,28.540001,19.373405,7764200
2012-06-21,28.610001,28.610001,27.52,27.6,18.735312,8264100
2012-06-22,27.75,28.129999,27.57,28.049999,19.040781,7851600
2012-06-25,27.709999,27.780001,26.940001,26.98,18.314445,7081800
2012-06-26,26.98,27.120001,26.610001,27.030001,18.348391,7518600
2012-06-27,27.07,27.33,26.93,27.07,18.375544,5618900
2012-06-28,26.940001,27.0,26.549999,26.870001,18.239775,5903200
2012-06-29,27.4,28.700001,27.389999,28.690001,19.475225,14743000
2012-07-02,28.690001,28.790001,28.110001,28.280001,19.196909,6992600
2012-07-03,28.209999,28.559999,28.129999,28.559999,19.386974,3545100
2012-07-05,28.5,28.52,28.09,28.41,19.285154,4695400
2012-07-06,28.219999,28.32,27.379999,27.719999,18.816769,7054200
2012-07-09,27.67,27.719999,27.26,27.41,18.606339,6768900
2012-07-10,27.299999,27.790001,27.09,27.389999,18.592762,9540200
2012-07-11,27.35,27.75,27.15,27.299999,18.531668,7951600
2012-07-12,27.01,27.08,26.57,26.74,18.151535,9661300
2012-07-13,26.74,27.120001,26.67,27.02,18.341608,7268000
2012-07-16,26.49,26.719999,26.370001,26.43,17.941103,8016200
2012-07-17,26.59,26.68,26.059999,26.59,18.049711,8203800
2012-07-18,26.59,27.690001,26.450001,27.65,18.769255,8045900
2012-07-19,27.92,28.15,27.709999,28.040001,19.033991,8153800
2012-07-20,28.02,28.02,27.219999,27.25,18.497723,9478300
2012-07-23,26.67,27.0,26.139999,26.82,18.205839,9563900
2012-07-24,26.5,27.08,26.209999,26.57,18.036137,11880600
2012-07-25,26.52,27.129999,26.379999,26.629999,18.076864,7618400
2012-07-26,27.120001,27.74,26.83,27.049999,18.361967,8031300
2012-07-27,27.18,27.49,26.790001,27.34,18.676191,11710000
2012-07-30,27.450001,27.6,27.01,27.209999,18.587395,8000900
2012-07-31,27.219999,27.450001,27.120001,27.24,18.607889,10633900
2012-08-01,27.48,27.799999,27.32,27.629999,18.874294,9361300
2012-08-02,27.379999,27.84,27.0,27.25,18.614719,9437500
2012-08-03,27.610001,28.379999,27.610001,28.27,19.311483,8619800
2012-08-06,28.27,28.68,28.18,28.24,19.290997,9780900
2012-08-07,28.32,29.360001,28.299999,29.23,19.96727,14547300
2012-08-08,29.110001,29.4,29.059999,29.360001,20.056076,7852100
2012-08-09,29.309999,29.790001,29.23,29.540001,20.179037,7914100
2012-08-10,29.52,29.75,29.33,29.75,20.322491,6591100
2012-08-13,29.719999,29.75,29.15,29.540001,20.179037,7788500
2012-08-14,29.74,29.85,29.35,29.48,20.13805,5899200
2012-08-15,29.540001,29.940001,29.43,29.9,20.424963,7841900
2012-08-16,30.0,30.379999,29.82,30.27,20.677704,9181600
2012-08-17,30.379999,30.379999,29.82,29.860001,20.397631,10129100
2012-08-20,29.969999,29.99,29.469999,29.530001,20.172215,8885100
2012-08-21,29.639999,29.870001,29.49,29.639999,20.247347,8565600
2012-08-22,29.58,29.74,29.17,29.379999,20.069733,6671400
2012-08-23,29.219999,29.5,29.01,29.32,20.028755,5787400
2012-08-24,29.209999,29.68,29.120001,29.559999,20.192699,5739000
2012-08-27,29.6,29.65,29.26,29.32,20.028755,6009700
2012-08-28,29.209999,29.559999,29.16,29.24,19.974104,6408900
2012-08-29,29.309999,29.559999,29.15,29.4,20.083397,4183200
2012-08-30,29.17,29.379999,28.93,29.01,19.816984,6076200
2012-08-31,29.309999,29.379999,28.879999,29.040001,19.837486,8706300
2012-09-04,28.92,29.01,28.5,28.790001,19.66671,5823000
2012-09-05,28.700001,28.889999,28.469999,28.52,19.482258,5841000
2012-09-06,28.690001,29.57,28.639999,29.559999,20.192699,8748800
2012-09-07,29.299999,29.34,29.040001,29.18,19.933113,8065300
2012-09-10,29.17,29.290001,28.639999,28.67,19.584728,7912400
2012-09-11,28.610001,28.85,28.52,28.58,19.523251,8352000
2012-09-12,28.469999,28.809999,28.24,28.59,19.530081,10427700
2012-09-13,28.51,29.15,28.33,28.91,19.748676,13060500
2012-09-14,29.049999,29.700001,29.02,29.559999,20.192699,10377800
2012-09-17,29.629999,29.709999,28.98,29.1,19.878473,5497900
2012-09-18,28.940001,28.98,28.58,28.66,19.577906,9955600
2012-09-19,28.68,28.780001,28.379999,28.690001,19.598394,11371700
2012-09-20,28.49,28.91,28.41,28.85,19.707693,7822900
2012-09-21,28.969999,29.290001,28.959999,28.99,19.803328,10882300
2012-09-24,28.639999,28.73,28.48,28.68,19.591564,6481300
2012-09-25,28.799999,28.950001,27.780001,27.83,19.010914,10702200
2012-09-26,27.459999,27.58,26.940001,27.57,18.833311,16989600
2012-09-27,27.719999,27.950001,27.43,27.879999,19.045074,9243300
2012-09-28,27.719999,27.82,27.4,27.559999,18.826483,9304500
2012-10-01,27.549999,27.809999,27.469999,27.610001,18.86064,9697700
2012-10-02,27.75,27.799999,27.51,27.610001,18.86064,8798800
2012-10-03,27.35,27.700001,27.35,27.469999,18.764992,8758500
2012-10-04,27.59,27.91,27.43,27.91,19.065565,5766000
2012-10-05,28.059999,28.530001,27.98,28.16,19.236343,10466600
2012-10-08,27.940001,28.23,27.780001,27.99,19.120216,6772400
2012-10-09,27.950001,27.99,27.27,27.32,18.662533,9783500
2012-10-10,27.389999,27.440001,27.059999,27.17,18.56007,9056700
2012-10-11,27.15,27.530001,27.0,27.299999,18.648865,9962000
2012-10-12,27.280001,27.530001,27.059999,27.280001,18.635204,7583200
2012-10-15,27.790001,28.610001,27.73,28.219999,19.277336,13724900
2012-10-16,28.32,28.780001,28.25,28.73,19.625719,8000600
2012-10-17,28.190001,28.74,28.120001,28.469999,19.448114,8143700
2012-10-18,28.459999,28.860001,28.32,28.76,19.64621,10508200
2012-10-19,28.76,28.77,27.74,27.809999,18.997255,11642400
2012-10-22,27.690001,28.24,27.629999,27.790001,18.983601,9642500
2012-10-23,27.34,27.98,27.209999,27.84,19.017756,13114500
2012-10-24,27.91,27.98,27.42,27.700001,18.922113,8930500
2012-10-25,28.0,28.200001,27.870001,28.129999,19.215847,9339800
2012-10-26,28.09,28.92,28.059999,28.92,19.755505,13015600
2012-10-31,28.9,28.9,28.059999,28.09,19.328886,9626600
2012-11-01,28.299999,29.23,28.17,29.209999,20.099558,9974900
2012-11-02,29.27,29.299999,28.48,28.530001,19.631643,9845000
2012-11-05,28.66,29.51,28.459999,29.469999,20.278477,10014100
2012-11-06,29.49,30.02,29.389999,29.940001,20.601879,13155400
2012-11-07,29.620001,29.73,28.969999,29.290001,20.154608,10179200
2012-11-08,29.26,29.5,29.120001,29.139999,20.051388,8314200
2012-11-09,29.129999,29.9,29.0,29.51,20.305994,11330700
2012-11-12,29.559999,29.690001,29.34,29.51,20.305994,7221300
2012-11-13,29.309999,29.74,29.290001,29.379999,20.216537,9544100
2012-11-14,29.43,29.639999,28.700001,28.76,19.789915,10029300
2012-11-15,28.75,29.08,28.65,28.790001,19.810555,9833900
2012-11-16,28.82,28.950001,28.049999,28.32,19.487143,12828700
2012-11-19,28.700001,28.940001,28.450001,28.9,19.88625,8284500
2012-11-20,28.76,29.309999,28.6,29.309999,20.168371,9087400
2012-11-21,29.299999,29.42,29.059999,29.200001,20.09268,5355700
2012-11-23,29.440001,29.84,29.17,29.59,20.36104,4249900
2012-11-26,29.52,29.780001,29.290001,29.629999,20.388565,6133500
2012-11-27,29.639999,29.780001,29.4,29.459999,20.271584,6345500
2012-11-28,29.34,29.83,29.049999,29.780001,20.491785,8315700
2012-11-29,29.799999,30.1,29.65,30.049999,20.677574,8044900
2012-11-30,30.059999,30.200001,29.440001,29.469999,20.278477,11689200
2012-12-03,29.76,29.85,29.559999,29.610001,20.374804,5748000
2012-12-04,29.639999,29.790001,29.389999,29.610001,20.374804,8286300
2012-12-05,29.58,29.940001,29.48,29.860001,20.546833,5798000
2012-12-06,29.82,30.059999,29.639999,29.809999,20.512421,5625300
2012-12-07,29.879999,29.889999,29.52,29.85,20.539949,5019100
2012-12-10,29.82,29.950001,29.709999,29.82,20.519318,7256800
2012-12-11,29.950001,31.139999,29.9,31.01,21.33815,16770100
2012-12-12,31.07,31.27,30.709999,31.059999,21.372555,11707000
2012-12-13,30.92,31.25,30.440001,30.58,21.042269,7443500
2012-12-14,30.450001,31.1,30.360001,30.799999,21.193645,9093300
2012-12-17,30.48,30.99,30.440001,30.91,21.269335,7374000
2012-12-18,31.0,31.549999,30.870001,31.34,21.565233,9266200
2012-12-19,31.35,31.809999,31.25,31.25,21.503294,8054800
2012-12-20,31.25,31.360001,30.969999,31.280001,21.523939,6978900
2012-12-21,30.93,31.08,30.4,30.93,21.2831,13373000
2012-12-24,30.82,30.950001,30.66,30.93,21.2831,1978900
2012-12-26,30.91,31.16,30.75,30.809999,21.200527,4503700
2012-12-27,30.74,30.93,30.440001,30.74,21.152361,6179000
2012-12-28,30.549999,30.889999,30.440001,30.469999,20.966572,4822300
2012-12-31,30.48,30.99,30.299999,30.889999,21.255577,7153000
2013-01-02,31.549999,32.41,31.49,32.310001,22.232695,13357500
2013-01-03,32.150002,32.279999,31.780001,31.889999,21.943684,8832500
2013-01-04,32.0,32.18,31.75,31.82,21.895514,7606600
2013-01-07,31.77,32.189999,31.77,31.92,21.964331,7392900
2013-01-08,31.75,32.0,31.389999,31.549999,21.709724,6904200
2013-01-09,31.58,32.009998,31.57,32.0,22.019377,6754000
2013-01-10,32.110001,32.57,32.080002,32.43,22.315256,8018700
2013-01-11,32.41,32.639999,32.330002,32.419998,22.30838,5376500
2013-01-14,32.25,32.639999,32.25,32.34,22.253328,5516500
2013-01-15,32.139999,32.380001,31.969999,32.279999,22.212038,4922300
2013-01-16,32.18,32.560001,32.080002,32.509998,22.370312,5415300
2013-01-17,32.509998,33.25,32.450001,33.150002,22.810698,9193900
2013-01-18,33.029999,33.540001,33.02,33.52,23.065292,13294700
2013-01-22,33.349998,33.470001,33.130001,33.459999,23.024012,13045800
2013-01-23,33.25,33.299999,32.799999,33.080002,22.762533,9516500
2013-01-24,33.150002,33.610001,33.009998,33.09,22.769411,7827500
2013-01-25,33.150002,33.290001,32.709999,32.799999,22.569859,8436000
2013-01-28,32.84,33.310001,32.810001,33.040001,22.735003,7773000
2013-01-29,32.610001,32.830002,32.389999,32.669998,22.624203,6183000
2013-01-30,32.630001,32.970001,32.59,32.82,22.728071,8352700
2013-01-31,32.82,33.110001,32.66,33.080002,22.908133,13790600
2013-02-01,33.18,33.75,33.080002,33.720001,23.351341,13854400
2013-02-04,33.5,33.689999,33.25,33.27,23.039711,16353400
2013-02-05,33.43,33.860001,33.209999,33.75,23.372112,8434100
2013-02-06,33.599998,33.689999,33.389999,33.560001,23.240536,9102400
2013-02-07,33.48,33.549999,32.919998,33.419998,23.143589,10626900
2013-02-08,33.610001,34.290001,33.560001,34.279999,23.73914,13022900
2013-02-11,34.18,34.189999,33.66,33.689999,23.330559,8275000
2013-02-12,33.59,33.700001,33.41,33.560001,23.240536,7055500
2013-02-13,33.619999,33.880001,33.540001,33.720001,23.351341,5424700
2013-02-14,33.490002,33.84,33.299999,33.790001,23.399813,6394200
2013-02-15,33.830002,33.860001,33.400002,33.59,23.261312,6519100
2013-02-19,33.720001,34.060001,33.43,33.939999,23.503687,6098000
2013-02-20,33.98,33.990002,33.049999,33.060001,22.894285,8968900
2013-02-21,32.990002,33.0,32.189999,32.48,22.492624,11422300
2013-02-22,33.150002,34.25,33.150002,34.18,23.669888,20543100
2013-02-25,34.200001,34.450001,33.709999,33.73,23.358253,13942700
2013-02-26,33.709999,33.98,33.619999,33.759998,23.379038,9811800
2013-02-27,33.799999,34.48,33.709999,34.290001,23.746063,7104600
2013-02-28,34.369999,34.66,34.240002,34.43,23.843018,13413000
2013-03-01,34.130001,34.57,33.830002,34.52,23.90535,9336900
2013-03-04,34.439999,34.57,34.110001,34.560001,23.933046,7424800
2013-03-05,34.68,35.009998,34.59,35.0,24.23774,12979700
2013-03-06,35.029999,35.259998,34.950001,35.139999,24.334694,8706000
2013-03-07,35.189999,35.25,35.060001,35.200001,24.376242,8423000
2013-03-08,35.299999,35.32,34.82,35.290001,24.438576,11510500
2013-03-11,35.27,35.59,35.110001,35.52,24.597849,8907500
2013-03-12,35.5,35.720001,35.310001,35.619999,24.667093,10862800
2013-03-13,35.200001,35.380001,35.049999,35.290001,24.438576,9363100
2013-03-14,35.5,35.73,35.32,35.380001,24.5009,8676000
2013-03-15,35.200001,35.400002,34.849998,35.080002,24.293146,14809100
2013-03-18,34.209999,34.98,34.209999,34.619999,23.974586,9094600
2013-03-19,34.689999,34.91,34.290001,34.66,24.002287,11004700
2013-03-20,34.919998,35.150002,34.810001,35.060001,24.279287,7556000
2013-03-21,34.779999,34.93,34.240002,34.290001,23.746063,9540200
2013-03-22,34.490002,34.720001,34.330002,34.459999,23.863789,7647400
2013-03-25,34.560001,34.880001,34.310001,34.48,23.877642,7552800
2013-03-26,34.740002,35.110001,34.619999,35.099998,24.30699,7249200
2013-03-27,34.82,35.119999,34.560001,35.080002,24.293146,8214600
2013-03-28,35.009998,35.5,34.990002,35.48,24.57015,8651800
2013-04-01,35.259998,35.560001,34.860001,35.009998,24.244665,11066900
2013-04-02,34.790001,35.02,34.57,34.77,24.078468,8763300
2013-04-03,34.740002,34.889999,34.0,34.150002,23.649118,13625700
2013-04-04,34.259998,34.630001,34.080002,34.490002,23.884575,9406500
2013-04-05,34.110001,34.23,33.810001,34.200001,23.683743,11092000
2013-04-08,34.290001,35.080002,34.259998,35.07,24.286222,8662800
2013-04-09,35.110001,35.400002,34.799999,35.16,24.348547,7745400
2013-04-10,35.349998,35.77,35.23,35.759998,24.764038,8048200
2013-04-11,35.450001,35.919998,35.369999,35.689999,24.71557,10085600
2013-04-12,35.669998,35.880001,35.23,35.849998,24.826372,6753100
2013-04-15,35.580002,35.880001,35.27,35.27,24.424728,9517000
2013-04-16,35.43,35.860001,35.16,35.740002,24.750202,9367200
2013-04-17,35.0,35.029999,34.009998,34.209999,23.690664,17043900
2013-04-18,34.650002,34.810001,33.880001,33.919998,23.489828,12616900
2013-04-19,33.830002,34.400002,33.560001,34.25,23.718367,10701100
2013-04-22,34.310001,35.599998,34.060001,34.810001,24.106163,10722800
2013-04-23,35.32,36.23,35.16,35.700001,24.722502,15246700
2013-04-24,35.529999,36.139999,35.330002,36.009998,24.93717,12074200
2013-04-25,36.16,36.259998,35.93,36.110001,25.006435,11218600
2013-04-26,35.580002,35.889999,35.5,35.740002,24.943615,6990800
2013-04-29,35.98,36.099998,35.68,35.970001,25.104137,5335500
2013-04-30,35.950001,36.240002,35.759998,36.209999,25.271637,7430700
2013-05-01,36.25,36.799999,35.860001,36.41,25.411217,15212000
2013-05-02,36.580002,36.900002,36.299999,36.700001,25.613623,9582100
2013-05-03,36.939999,37.200001,36.869999,37.009998,25.829969,11805400
2013-05-06,37.189999,37.25,36.810001,37.040001,25.850908,6140200
2013-05-07,37.110001,37.150002,36.860001,37.040001,25.850908,5820100
2013-05-08,36.919998,37.23,36.91,37.09,25.885807,6355900
2013-05-09,37.0,37.360001,36.939999,37.009998,25.829969,7754600
2013-05-10,37.23,37.23,36.860001,37.040001,25.850908,8742300
2013-05-13,36.919998,37.029999,36.540001,36.540001,25.501951,9398700
2013-05-14,36.529999,36.799999,36.48,36.509998,25.481014,7124900
2013-05-15,36.57,36.880001,36.459999,36.810001,25.690395,11922000
2013-05-16,36.790001,36.98,36.580002,36.599998,25.543819,10209300
2013-05-17,36.68,36.830002,36.57,36.77,25.662472,10018700
2013-05-20,36.75,36.84,36.580002,36.630001,25.564768,8727600
2013-05-21,36.700001,36.799999,36.509998,36.599998,25.543819,6651600
2013-05-22,36.48,36.740002,35.810001,36.009998,25.13205,10122900
2013-05-23,35.73,36.16,35.529999,35.990002,25.118103,7566200
2013-05-24,35.740002,36.009998,35.529999,35.990002,25.118103,4786900
2013-05-28,36.650002,36.720001,36.130001,36.200001,25.264673,5578500
2013-05-29,36.040001,36.290001,35.869999,36.09,25.187883,7809600
2013-05-30,35.919998,36.630001,35.919998,36.470001,25.453093,15275100
2013-05-31,36.080002,36.41,35.880001,35.91,25.062262,8188900
2013-06-03,35.939999,36.189999,35.73,36.029999,25.146019,8403800
2013-06-04,36.419998,36.990002,36.419998,36.639999,25.571743,9021500
2013-06-05,36.610001,36.610001,35.810001,35.869999,25.034353,6851900
2013-06-06,35.830002,36.07,35.209999,35.669998,24.894758,6104900
2013-06-07,35.98,36.25,35.66,36.18,25.250702,5828200
2013-06-10,36.25,36.759998,36.119999,36.619999,25.557779,7941300
2013-06-11,36.0,36.02,35.169998,35.259998,24.608606,9795200
2013-06-12,35.5,35.529999,34.650002,34.790001,24.28059,8378600
2013-06-13,34.849998,35.580002,34.580002,35.48,24.762156,7036400
2013-06-14,35.360001,35.77,35.240002,35.48,24.762156,6267600
2013-06-17,35.799999,36.240002,35.599998,35.779999,24.971527,6750900
2013-06-18,35.889999,36.34,35.68,36.119999,25.208824,5691600
2013-06-19,36.23,36.290001,35.610001,35.709999,24.922676,5850300
2013-06-20,35.41,35.5,34.52,34.630001,24.168926,8734600
2013-06-21,34.790001,35.060001,34.400002,34.950001,24.392265,14860300
2013-06-24,34.82,34.959999,34.099998,34.189999,23.861835,9087400
2013-06-25,34.630001,35.16,34.470001,35.02,24.441109,7825800
2013-06-26,35.279999,35.41,34.91,34.959999,24.399239,6596900
2013-06-27,35.060001,35.189999,34.849998,34.849998,24.32246,6720200
2013-06-28,34.59,35.080002,34.509998,34.849998,24.32246,11343300
2013-07-01,34.950001,35.380001,34.939999,35.040001,24.455072,5246700
2013-07-02,34.889999,35.66,34.830002,35.130001,24.517883,7795600
2013-07-03,34.849998,35.779999,34.810001,35.470001,24.755182,4074200
2013-07-05,35.759998,36.02,35.52,36.0,25.12508,5764600
2013-07-08,36.130001,36.16,35.41,35.689999,24.908716,8024200
2013-07-09,36.0,36.41,35.959999,36.240002,25.292576,6284900
2013-07-10,36.060001,36.669998,36.060001,36.59,25.536854,7016500
2013-07-11,36.860001,37.310001,36.84,37.169998,25.941639,10298900
2013-07-12,37.200001,37.490002,37.009998,37.490002,26.164978,6618900
2013-07-15,37.490002,37.830002,37.41,37.790001,26.374353,6279500
2013-07-16,37.889999,37.950001,37.619999,37.82,26.395283,5192600
2013-07-17,37.93,38.16,37.799999,37.900002,26.451117,5810900
2013-07-18,37.889999,38.099998,37.560001,37.599998,26.241735,6911300
2013-07-19,37.529999,37.599998,37.130001,37.259998,26.004448,8238400
2013-07-22,37.549999,37.599998,37.220001,37.419998,26.116108,7906500
2013-07-23,38.650002,39.740002,38.580002,38.93,27.16997,21958000
2013-07-24,38.970001,39.209999,38.66,38.93,27.16997,10252200
2013-07-25,38.91,39.27,38.73,39.25,27.393307,9191700
2013-07-26,38.759998,39.119999,38.75,39.110001,27.295595,6965000
2013-07-29,38.619999,38.990002,38.540001,38.59,27.126883,4970300
2013-07-30,38.73,39.049999,38.619999,38.759998,27.246397,6160000
2013-07-31,38.98,39.349998,38.779999,39.18,27.541639,8871300
2013-08-01,39.360001,39.900002,39.25,39.82,27.991529,8625100
2013-08-02,39.630001,39.990002,39.41,39.939999,28.075878,9305700
2013-08-05,39.720001,39.900002,39.66,39.860001,28.019642,4514300
2013-08-06,39.810001,39.990002,39.529999,39.73,27.928259,5140100
2013-08-07,39.549999,39.889999,39.490002,39.650002,27.872017,4513300
2013-08-08,39.849998,39.959999,39.419998,39.650002,27.872017,3897300
2013-08-09,39.549999,39.939999,39.509998,39.779999,27.963404,5768600
2013-08-12,39.48,39.919998,39.48,39.709999,27.914198,3506600
2013-08-13,39.700001,39.919998,39.450001,39.759998,27.949347,4100300
2013-08-14,39.779999,39.790001,39.040001,39.169998,27.534605,11735300
2013-08-15,38.669998,38.900002,38.360001,38.650002,27.169065,8551200
2013-08-16,38.630001,39.049999,38.439999,38.740002,27.23233,5714600
2013-08-19,38.939999,39.029999,38.41,38.439999,27.021446,5365800
2013-08-20,38.580002,38.860001,38.450001,38.75,27.239367,5428900
2013-08-21,38.299999,38.759998,38.0,38.450001,27.028479,9314200
2013-08-22,38.619999,38.950001,38.349998,38.82,27.28857,4258600
2013-08-23,38.93,39.139999,38.709999,39.07,27.464315,5162800
2013-08-26,39.16,39.560001,39.040001,39.189999,27.548662,6757700
2013-08-27,38.810001,38.810001,38.119999,38.25,26.887888,9172200
2013-08-28,38.369999,38.689999,38.139999,38.43,27.014414,5115000
2013-08-29,38.380001,38.82,38.259998,38.610001,27.140955,3192400
2013-08-30,38.639999,38.650002,38.060001,38.200001,26.852737,4377300
2013-09-03,38.619999,39.09,38.48,38.639999,27.162043,4466800
2013-09-04,38.77,39.470001,38.52,39.369999,27.675198,6224400
2013-09-05,39.360001,39.580002,39.290001,39.48,27.752525,4374400
2013-09-06,39.599998,39.599998,38.98,39.18,27.541639,4770400
2013-09-09,39.389999,39.84,39.25,39.75,27.942324,3656700
2013-09-10,39.959999,40.360001,39.880001,40.310001,28.335974,6427400
2013-09-11,40.049999,40.389999,39.959999,40.029999,28.139143,6720000
2013-09-12,39.93,40.110001,39.66,39.91,28.054787,5855600
2013-09-13,40.060001,40.299999,39.740002,40.279999,28.314884,4272300
2013-09-16,40.5,40.580002,40.279999,40.450001,28.434387,5393100
2013-09-17,40.66,40.84,40.389999,40.73,28.631208,4061200
2013-09-18,40.700001,40.900002,40.549999,40.849998,28.715557,7654400
2013-09-19,40.91,40.939999,40.669998,40.799999,28.68041,5066800
2013-09-20,40.889999,40.91,40.509998,40.52,28.483595,7179000
2013-09-23,40.5,40.619999,40.25,40.470001,28.448446,5780200
2013-09-24,40.450001,40.560001,40.23,40.310001,28.335974,4440700
2013-09-25,40.43,40.52,40.209999,40.32,28.342997,4421200
2013-09-26,40.52,40.540001,40.150002,40.380001,28.385183,3275500
2013-09-27,40.25,40.330002,40.0,40.16,28.230534,3799300
2013-09-30,39.880001,40.41,39.68,40.290001,28.321909,5521700
2013-10-01,40.34,40.549999,40.23,40.400002,28.399235,3942000
2013-10-02,40.110001,40.470001,40.080002,40.259998,28.300823,4255100
2013-10-03,40.060001,40.360001,39.810001,40.220001,28.272709,5899200
2013-10-04,40.25,40.25,39.830002,39.93,28.068844,6539300
2013-10-07,39.610001,40.220001,39.52,39.860001,28.019642,5850700
2013-10-08,39.900002,39.900002,39.200001,39.240002,27.583809,6427000
2013-10-09,39.32,39.490002,38.919998,39.290001,27.618956,6859200
2013-10-10,39.57,40.240002,39.560001,40.119999,28.202414,6383900
2013-10-11,39.82,40.43,39.82,40.380001,28.385183,4500100
2013-10-14,40.23,40.639999,40.139999,40.549999,28.504675,6080400
2013-10-15,40.509998,40.599998,40.209999,40.25,28.293793,6437400
2013-10-16,39.990002,40.77,39.740002,40.75,28.645264,8301700
2013-10-17,40.279999,40.720001,40.09,40.650002,28.57498,4972800
2013-10-18,40.689999,40.759998,40.34,40.709999,28.617147,5724400
2013-10-21,40.549999,41.220001,40.540001,40.990002,28.81398,9658800
2013-10-22,40.18,40.459999,39.779999,40.279999,28.314884,13064800
2013-10-23,40.0,40.110001,39.189999,39.73,27.928259,12047600
2013-10-24,39.650002,40.279999,39.650002,39.880001,28.033701,6663600
2013-10-25,39.950001,40.27,39.790001,40.23,28.27973,7152100
2013-10-28,40.130001,41.07,40.09,41.009998,28.828033,11604000
2013-10-29,41.41,41.77,40.919998,41.759998,29.571575,11073600
2013-10-30,41.66,42.330002,41.560001,41.720001,29.543249,11278100
2013-10-31,41.700001,42.34,41.650002,42.09,29.805252,9643500
2013-11-01,42.360001,42.369999,41.82,42.029999,29.762762,6033800
2013-11-04,42.18,42.240002,41.889999,41.990002,29.734436,3681600
2013-11-05,41.75,42.040001,41.5,41.900002,29.670717,5350400
2013-11-06,42.110001,42.259998,41.900002,42.139999,29.840656,4637300
2013-11-07,42.259998,42.299999,41.509998,41.650002,29.493671,6335400
2013-11-08,41.84,42.040001,41.560001,41.98,29.727364,5590100
2013-11-11,41.939999,42.0,41.639999,41.790001,29.592813,4291000
2013-11-12,41.610001,41.990002,41.610001,41.849998,29.635288,4176800
2013-11-13,41.650002,42.41,41.509998,42.389999,30.017693,7129600
2013-11-14,42.23,42.75,42.209999,42.630001,30.187647,6114500
2013-11-15,42.599998,42.740002,42.290001,42.549999,30.13101,4231800
2013-11-18,42.619999,42.700001,42.330002,42.439999,30.053108,4000400
2013-11-19,42.48,42.700001,42.09,42.150002,29.847752,3605000
2013-11-20,42.400002,42.400002,41.810001,41.93,29.691948,4858800
2013-11-21,42.080002,42.490002,42.009998,42.439999,30.053108,3826700
2013-11-22,42.43,42.669998,42.150002,42.639999,30.194731,5002300
2013-11-25,42.66,42.740002,42.419998,42.549999,30.13101,6201200
2013-11-26,42.59,42.849998,42.560001,42.700001,30.237206,4181000
2013-11-27,42.099998,42.580002,41.939999,42.52,30.109749,4764300
2013-11-29,42.630001,43.080002,42.509998,43.0,30.44965,3756400
2013-12-02,42.950001,43.0,42.720001,42.810001,30.315107,4389600
2013-12-03,42.619999,42.939999,42.389999,42.84,30.336361,6318700
2013-12-04,42.669998,43.07,42.220001,42.43,30.046028,6592500
2013-12-05,42.48,42.73,42.389999,42.66,30.208893,4486700
2013-12-06,43.009998,43.560001,43.009998,43.490002,30.796642,4794000
2013-12-09,43.650002,43.669998,43.32,43.580002,30.860376,5121700
2013-12-10,43.490002,43.650002,43.279999,43.41,30.739986,5146200
2013-12-11,43.450001,43.5,42.779999,42.810001,30.315107,4169600
2013-12-12,42.330002,42.75,42.299999,42.419998,30.038919,6970500
2013-12-13,42.650002,42.779999,41.91,41.950001,29.706118,5596000
2013-12-16,42.18,42.580002,42.049999,42.290001,29.946884,4144400
2013-12-17,42.259998,42.610001,42.23,42.43,30.046028,3570500
2013-12-18,42.509998,43.099998,42.049999,43.099998,30.520458,6390700
2013-12-19,43.110001,43.110001,42.279999,42.459999,30.067249,4910200
2013-12-20,42.759998,43.0,42.490002,42.84,30.336361,8648200
2013-12-23,43.0,43.41,42.900002,43.360001,30.704582,3908600
2013-12-24,43.310001,43.599998,43.25,43.43,30.75415,1339900
2013-12-26,43.52,43.650002,43.450001,43.59,30.867456,1960100
2013-12-27,43.77,43.830002,43.59,43.669998,30.924103,1938000
2013-12-30,43.5,43.91,43.490002,43.900002,31.086971,2445700
2013-12-31,44.040001,44.09,43.790001,43.91,31.094053,2631300
2014-01-02,43.439999,43.5,42.880001,43.099998,30.520458,6959200
2014-01-03,43.119999,43.459999,42.970001,43.290001,30.655022,4693300
2014-01-06,43.25,43.279999,42.849998,42.93,30.400093,4446300
2014-01-07,42.98,43.110001,42.639999,42.700001,30.237206,5078900
2014-01-08,42.959999,43.32,42.619999,43.290001,30.655022,6353500
2014-01-09,43.279999,43.389999,42.900002,43.060001,30.49214,3383800
2014-01-10,43.150002,43.25,42.740002,43.110001,30.527561,5330900
2014-01-13,42.959999,43.099998,42.119999,42.240002,29.911478,6759100
2014-01-14,42.5,43.400002,42.349998,43.34,30.69042,6892700
2014-01-15,43.450001,43.650002,43.099998,43.540001,30.832047,6605400
2014-01-16,43.52,43.599998,43.240002,43.369999,30.711668,4086900
2014-01-17,43.200001,43.849998,43.009998,43.450001,30.76832,6614200
2014-01-21,43.75,43.93,43.369999,43.849998,31.051563,7413800
2014-01-22,43.700001,44.82,43.549999,44.610001,31.589745,9822000
2014-01-23,44.119999,44.549999,43.950001,44.09,31.221523,8236400
2014-01-24,43.790001,44.029999,42.880001,42.950001,30.414253,10676700
2014-01-27,42.950001,43.27,42.549999,42.639999,30.194731,7360000
2014-01-28,42.580002,42.93,42.299999,42.900002,30.378841,6356100
2014-01-29,42.32,42.75,42.240002,42.400002,30.236217,8619600
2014-01-30,42.610001,42.93,42.43,42.689999,30.443031,6703000
2014-01-31,41.349998,42.650002,41.259998,42.400002,30.236217,12821700
2014-02-03,42.419998,42.5,41.380001,41.5,29.59441,12669400
2014-02-04,41.599998,41.700001,40.849998,40.889999,29.15941,10529900
2014-02-05,40.630001,41.130001,40.330002,40.970001,29.21645,9254300
2014-02-06,41.189999,41.439999,41.0,41.23,29.401863,4734500
2014-02-07,41.560001,42.0,41.290001,41.950001,29.915312,6005000
2014-02-10,41.970001,42.369999,41.889999,42.360001,30.207701,4666000
2014-02-11,42.759998,43.290001,42.310001,43.130001,30.756804,7149900
2014-02-12,43.240002,43.439999,43.009998,43.299999,30.878029,5041200
2014-02-13,43.049999,43.75,43.049999,43.740002,31.19179,5029100
2014-02-14,43.52,43.939999,43.400002,43.860001,31.277376,4907400
2014-02-18,43.75,44.07,43.240002,44.009998,31.384342,5826100
2014-02-19,43.830002,44.150002,43.669998,43.93,31.327297,5346600
2014-02-20,43.849998,44.259998,43.799999,44.200001,31.519836,5371100
2014-02-21,44.400002,44.43,44.02,44.150002,31.484175,5669500
2014-02-24,44.220001,44.830002,44.200001,44.450001,31.698111,5311800
2014-02-25,44.490002,44.709999,44.07,44.470001,31.712362,5303900
2014-02-26,44.5,44.939999,44.490002,44.630001,31.826473,4532100
2014-02-27,44.529999,44.82,44.48,44.779999,31.933449,4343500
2014-02-28,44.880001,45.189999,44.580002,44.959999,32.061794,5772900
2014-03-03,44.68,44.939999,44.349998,44.580002,31.790813,4679400
2014-03-04,44.830002,45.41,44.82,45.259998,32.275734,5112200
2014-03-05,44.150002,45.599998,44.150002,45.18,32.218685,5094800
2014-03-06,45.310001,45.75,45.209999,45.68,32.575245,4803100
2014-03-07,45.880001,46.040001,45.619999,45.849998,32.696472,3872400
2014-03-10,45.91,46.0,45.529999,45.869999,32.710751,3370300
2014-03-11,45.990002,46.240002,45.299999,45.669998,32.568123,4978200
2014-03-12,45.52,46.599998,45.52,46.43,33.110085,9523400
2014-03-13,46.5,46.779999,44.919998,44.990002,32.08321,9890400
2014-03-14,44.950001,45.290001,44.290001,44.310001,31.598272,10047300
2014-03-17,44.540001,45.52,44.41,45.27,32.282871,5894500
2014-03-18,45.209999,45.650002,45.07,45.400002,32.375572,4093400
2014-03-19,45.509998,46.009998,45.27,45.52,32.461147,5830900
2014-03-20,45.549999,46.970001,45.41,46.950001,33.480904,7694600
2014-03-21,47.43,47.650002,46.490002,47.150002,33.623516,21693300
2014-03-24,46.799999,47.0,46.200001,46.57,33.209919,6884000
2014-03-25,46.84,46.900002,46.099998,46.689999,33.295498,6606500
2014-03-26,46.98,47.25,46.23,46.389999,33.081566,6824900
2014-03-27,46.450001,46.619999,46.0,46.080002,32.860493,4935700
2014-03-28,46.23,47.060001,46.119999,46.639999,33.259857,4329500
2014-03-31,47.060001,47.439999,46.860001,47.16,33.630657,4650500
2014-04-01,47.32,49.77,47.119999,47.529999,33.89452,6467800
2014-04-02,47.580002,47.970001,47.470001,47.619999,33.958698,5153900
2014-04-03,47.73,47.889999,47.5,47.689999,34.008614,2626800
2014-04-04,47.889999,48.0,46.23,46.34,33.045906,7418800
2014-04-07,46.290001,46.900002,46.02,46.25,32.981716,7278000
2014-04-08,46.360001,46.900002,46.279999,46.77,33.352551,6590100
2014-04-09,46.950001,47.360001,46.560001,47.240002,33.687717,4638900
2014-04-10,47.119999,47.290001,45.52,45.529999,32.468277,8497300
2014-04-11,44.77,45.740002,44.73,44.98,32.076046,8361500
2014-04-14,45.759998,45.759998,44.919998,45.32,32.318516,5175100
2014-04-15,45.380001,45.990002,45.040001,45.810001,32.667957,6506100
2014-04-16,45.700001,45.73,44.540001,45.209999,32.240082,8908100
2014-04-17,45.349998,46.060001,45.080002,45.830002,32.682213,6542500
2014-04-21,46.18,46.240002,45.68,46.110001,32.881886,3000900
2014-04-22,45.880001,46.709999,45.540001,46.59,33.224182,4981400
2014-04-23,46.549999,47.0,46.419998,46.459999,33.131485,5865900
2014-04-24,47.779999,49.110001,47.630001,48.470001,34.56485,13421500
2014-04-25,47.990002,48.16,45.939999,46.34,33.045906,12403800
2014-04-28,46.459999,46.73,45.209999,45.450001,32.622421,13496500
2014-04-29,45.82,46.220001,45.630001,46.119999,33.103317,7783900
2014-04-30,45.959999,46.169998,45.43,45.450001,32.622421,9909700
2014-05-01,45.91,46.0,45.150002,45.23,32.464523,9211400
2014-05-02,45.57,45.970001,45.25,45.779999,32.859283,6002400
2014-05-05,45.490002,45.860001,45.380001,45.720001,32.816227,3970900
2014-05-06,45.630001,45.860001,45.32,45.380001,32.572193,4431200
2014-05-07,45.330002,45.66,45.080002,45.580002,32.71574,4491500
2014-05-08,45.59,46.599998,45.369999,46.110001,33.096153,6113600
2014-05-09,46.040001,46.18,45.48,45.84,32.902355,5549800
2014-05-12,46.130001,47.150002,45.98,46.950001,33.699078,6529000
2014-05-13,46.91,47.009998,46.099998,46.139999,33.117687,8041500
2014-05-14,45.830002,46.279999,45.459999,45.610001,32.737251,6239800
2014-05-15,45.529999,45.66,44.68,44.889999,32.220482,8456000
2014-05-16,45.119999,45.220001,44.75,44.990002,32.292255,6593500
2014-05-19,45.209999,45.830002,45.130001,45.599998,32.730083,4692100
2014-05-20,45.419998,45.830002,45.380001,45.709999,32.809036,4440100
2014-05-21,45.939999,45.950001,45.349998,45.650002,32.765968,3993300
2014-05-22,45.740002,46.259998,45.619999,46.139999,33.117687,4279700
2014-05-23,46.080002,46.299999,45.919998,46.25,33.196629,3864500
2014-05-27,46.380001,46.790001,46.240002,46.349998,33.268414,4594900
2014-05-28,46.290001,46.529999,45.970001,46.459999,33.347374,3976400
2014-05-29,46.57,46.66,46.389999,46.66,33.490917,2975300
2014-05-30,46.84,47.0,46.439999,46.98,33.720604,4576100
2014-06-02,47.0,47.240002,46.779999,46.990002,33.727772,3379700
2014-06-03,46.93,47.189999,46.779999,46.990002,33.727772,3955200
2014-06-04,47.189999,47.189999,46.77,46.849998,33.627293,3497700
2014-06-05,45.860001,47.490002,45.650002,47.400002,34.022072,4038200
2014-06-06,47.689999,47.77,47.380001,47.5,34.093845,2965800
2014-06-09,47.540001,47.970001,47.48,47.880001,34.366585,4376700
2014-06-10,47.779999,47.98,47.650002,47.970001,34.431187,2697000
2014-06-11,47.860001,48.240002,47.669998,48.09,34.517323,3333300
2014-06-12,47.889999,48.240002,47.830002,48.139999,34.553219,5782600
2014-06-13,48.279999,48.450001,47.91,48.330002,34.689598,4763500
2014-06-16,48.049999,48.290001,47.799999,48.130001,34.546028,4473200
2014-06-17,47.959999,48.32,47.919998,48.259998,34.639347,3845300
2014-06-18,48.279999,48.299999,47.630001,47.869999,34.359413,3973100
2014-06-19,48.080002,48.209999,47.619999,47.91,34.388107,5185400
2014-06-20,48.060001,48.220001,47.560001,47.939999,34.409657,8463900
2014-06-23,47.98,48.169998,47.82,48.080002,34.510147,3002500
2014-06-24,47.889999,48.200001,47.639999,47.709999,34.244572,3732800
2014-06-25,46.66,48.110001,46.549999,48.040001,34.481445,3645000
2014-06-26,48.040001,48.049999,47.380001,47.790001,34.301994,3533000
2014-06-27,47.720001,47.779999,47.369999,47.759998,34.280445,4105900
2014-06-30,47.669998,47.950001,47.48,47.790001,34.301994,3109800
2014-07-01,48.029999,48.73,47.93,48.490002,34.804428,4714500
2014-07-02,48.330002,48.669998,48.330002,48.509998,34.818794,2825500
2014-07-03,48.580002,48.98,48.5,48.950001,35.134594,1689500
2014-07-07,48.73,49.09,48.73,48.919998,35.113079,2912700
2014-07-08,48.52,49.040001,48.52,48.849998,35.062828,4789800
2014-07-09,49.060001,49.41,48.830002,49.279999,35.371468,4378200
2014-07-10,48.759998,49.09,48.279999,49.0,35.17049,4907400
2014-07-11,48.830002,49.290001,48.830002,49.290001,35.378643,4231400
2014-07-14,49.439999,49.529999,48.860001,48.919998,35.113079,5171500
2014-07-15,48.98,49.119999,48.419998,48.66,34.926453,5461600
2014-07-16,49.0,49.200001,48.810001,49.049999,35.206379,4894500
2014-07-17,48.529999,48.93,48.060001,48.150002,34.560398,5321300
2014-07-18,48.419998,48.970001,48.169998,48.82,35.041294,5178800
2014-07-21,48.080002,49.34,48.080002,49.169998,35.292515,7681800
2014-07-22,49.0,49.240002,48.439999,49.119999,35.256622,8210500
2014-07-23,49.220001,49.240002,48.150002,48.200001,34.596275,12255400
2014-07-24,48.5,48.610001,47.779999,47.860001,34.352245,9868300
2014-07-25,47.73,47.73,46.77,46.82,33.605766,9472100
2014-07-28,46.849998,47.439999,46.380001,47.349998,33.986172,11324800
2014-07-29,47.189999,47.48,46.77,46.77,33.783924,6139700
2014-07-30,47.0,47.380001,46.759998,47.23,34.116192,5408200
2014-07-31,46.84,46.939999,46.02,46.25,33.408291,8564900
2014-08-01,46.27,46.630001,46.119999,46.240002,33.401081,7316800
2014-08-04,46.200001,46.509998,46.049999,46.389999,33.509434,5327100
2014-08-05,46.459999,46.459999,45.919998,45.990002,33.220505,7867500
2014-08-06,45.880001,46.439999,45.779999,46.169998,33.35051,4940900
2014-08-07,46.450001,46.5,45.599998,45.669998,32.989349,6689400
2014-08-08,45.900002,46.389999,45.849998,46.330002,33.466099,4992300
2014-08-11,46.200001,46.82,46.200001,46.5,33.588894,3393300
2014-08-12,46.25,46.740002,46.25,46.669998,33.711685,3788200
2014-08-13,47.200001,47.200001,46.830002,47.080002,34.007843,5457800
2014-08-14,47.18,47.330002,47.009998,47.259998,34.137871,2550700
2014-08-15,47.669998,47.73,46.990002,47.560001,34.354568,5854100
2014-08-18,47.549999,47.740002,47.360001,47.560001,34.354568,3806300
2014-08-19,47.610001,47.919998,47.450001,47.689999,34.448467,3092200
2014-08-20,47.68,47.990002,47.669998,47.880001,34.585724,5266400
2014-08-21,47.939999,48.23,47.799999,48.169998,34.795204,3698600
2014-08-22,48.259998,48.349998,47.959999,48.02,34.686832,3196900
2014-08-25,48.369999,48.5,47.259998,47.369999,34.217331,4986900
2014-08-26,47.459999,47.650002,47.310001,47.490002,34.304005,4560400
2014-08-27,47.619999,47.84,47.23,47.779999,34.513496,4945900
2014-08-28,47.610001,48.16,47.490002,48.02,34.686832,3427300
2014-08-29,48.310001,48.34,47.889999,48.18,34.802425,3433000
2014-09-02,48.43,48.43,47.650002,47.91,34.60738,3321300
2014-09-03,48.310001,48.369999,47.91,48.349998,34.925224,3884300
2014-09-04,48.5,48.560001,48.16,48.25,34.852989,3480200
2014-09-05,48.310001,48.59,48.209999,48.580002,35.091358,3648600
2014-09-08,48.389999,48.77,48.32,48.490002,35.026344,3975400
2014-09-09,48.389999,48.52,48.200001,48.279999,34.874664,3153700
2014-09-10,48.419998,48.419998,47.830002,47.990002,34.665173,5503700
2014-09-11,47.799999,48.220001,47.700001,48.150002,34.780754,3165900
2014-09-12,47.93,48.18,47.459999,47.830002,34.549591,4838300
2014-09-15,47.110001,47.950001,47.110001,47.59,34.37624,3238700
2014-09-16,47.349998,48.080002,47.099998,47.919998,34.614613,5499600
2014-09-17,47.970001,48.630001,47.91,48.369999,34.939663,3854700
2014-09-18,48.470001,49.040001,48.34,48.98,35.380295,3778500
2014-09-19,49.0,49.369999,48.650002,48.75,35.214157,12560600
2014-09-22,48.689999,48.75,48.259998,48.66,35.149147,5756500
2014-09-23,48.32,48.959999,48.32,48.66,35.149147,5646900
2014-09-24,48.66,48.950001,48.560001,48.810001,35.257504,5125600
2014-09-25,48.740002,48.84,48.060001,48.139999,34.77354,5297300
2014-09-26,48.18,48.470001,48.040001,48.330002,34.910786,3601700
2014-09-29,48.009998,48.470001,47.91,48.259998,34.86021,3160800
2014-09-30,48.200001,48.529999,47.549999,47.689999,34.448467,6431700
2014-10-01,47.509998,47.720001,46.82,46.880001,33.863369,7854600
2014-10-02,46.77,47.07,46.130001,46.84,33.83448,5616100
2014-10-03,47.0,47.400002,46.619999,46.82,33.820042,5889900
2014-10-06,46.970001,47.25,46.310001,46.630001,33.682785,4733500
2014-10-07,46.369999,46.52,45.900002,46.009998,33.23494,8099700
2014-10-08,46.169998,47.110001,45.700001,46.939999,33.906719,8036300
2014-10-09,46.709999,47.040001,45.98,46.02,33.242176,8886100
2014-10-10,44.299999,44.299999,41.57,42.740002,30.872883,33229600
2014-10-13,42.57,43.150002,41.470001,41.93,30.287781,15196200
2014-10-14,42.610001,43.049999,42.119999,42.310001,30.562273,9357400
2014-10-15,41.740002,43.130001,41.700001,42.759998,30.887325,14593100
2014-10-16,42.040001,43.900002,42.040001,43.59,31.486874,11352100
2014-10-17,43.950001,44.619999,43.580002,43.669998,31.544664,12992200
2014-10-20,43.490002,44.5,43.189999,44.41,32.079197,9502200
2014-10-21,45.540001,46.84,45.080002,46.77,33.783924,15036700
2014-10-22,47.41,47.68,46.59,46.619999,33.675571,11651100
2014-10-23,47.18,47.43,46.84,47.0,33.950054,7005900
2014-10-24,47.130001,47.630001,46.77,47.57,34.361794,5606900
2014-10-27,47.639999,48.060001,47.130001,47.950001,34.636288,7576300
2014-10-28,48.099998,48.5,47.84,48.5,35.033581,6328700
2014-10-29,48.130001,48.560001,47.990002,48.330002,35.157257,8163900
2014-10-30,48.139999,48.32,46.880001,47.529999,34.575283,11485300
2014-10-31,49.150002,50.209999,48.75,49.66,36.124722,14551100
2014-11-03,49.650002,50.299999,49.549999,50.080002,36.43026,6921500
2014-11-04,49.970001,50.459999,49.75,50.400002,36.663052,6285500
2014-11-05,50.48,51.18,50.27,51.130001,37.194061,5302600
2014-11-06,51.049999,51.349998,50.560001,50.91,37.034035,6300700
2014-11-07,51.099998,51.169998,50.580002,50.900002,37.026756,4927500
2014-11-10,50.900002,51.630001,50.849998,51.560001,37.506886,4528100
2014-11-11,51.799999,51.799999,51.130001,51.32,37.332291,4269300
2014-11-12,51.32,51.450001,50.75,51.279999,37.303192,4093000
2014-11-13,51.150002,51.689999,50.93,51.18,37.230442,4411200
2014-11-14,50.880001,51.650002,50.880001,51.630001,37.557793,3575000
2014-11-17,51.549999,51.619999,51.080002,51.549999,37.499596,3218800
2014-11-18,51.549999,52.080002,51.349998,51.84,37.710548,4627300
2014-11-19,51.799999,51.959999,51.349998,51.939999,37.783291,6590400
2014-11-20,51.75,52.259998,51.5,52.23,37.994259,4759900
2014-11-21,52.639999,52.98,52.040001,52.560001,38.234314,5287300
2014-11-24,53.0,53.119999,52.450001,52.849998,38.445267,3441800
2014-11-25,52.849998,53.040001,52.32,52.439999,38.147018,5329000
2014-11-26,52.529999,54.349998,52.509998,54.330002,39.521893,7216700
2014-11-28,54.549999,54.740002,54.259998,54.419998,39.587357,3628600
2014-12-01,54.27,54.470001,53.619999,54.25,39.463688,5849800
2014-12-02,54.330002,54.650002,54.029999,54.560001,39.68919,4051100
2014-12-03,54.860001,55.68,54.549999,55.619999,40.460278,5493600
2014-12-04,55.299999,55.779999,55.16,55.41,40.307522,4114100
2014-12-05,55.650002,55.720001,55.240002,55.580002,40.431187,3923500
2014-12-08,55.139999,56.0,54.810001,55.080002,40.067467,5914100
2014-12-09,54.540001,55.41,54.310001,55.009998,40.016544,8379200
2014-12-10,54.919998,55.200001,54.029999,54.099998,39.354568,5838100
2014-12-11,54.290001,54.860001,54.150002,54.490002,39.638271,6517300
2014-12-12,53.939999,54.599998,52.950001,53.110001,38.634422,8428000
2014-12-15,53.639999,53.990002,52.779999,53.07,38.605316,7483900
2014-12-16,53.0,53.759998,52.419998,52.470001,38.168842,7171500
2014-12-17,52.450001,53.669998,51.959999,53.5,38.91811,8881400
2014-12-18,54.509998,54.529999,54.0,54.470001,39.623718,8119900
2014-12-19,54.950001,54.950001,54.02,54.23,39.449146,10583500
2014-12-22,54.490002,54.950001,54.330002,54.82,39.87833,4359900
2014-12-23,54.959999,55.34,54.73,54.779999,39.849232,3507600
2014-12-24,54.990002,55.09,54.84,54.860001,39.907429,1442900
2014-12-26,54.91,55.02,54.700001,54.75,39.827415,1838700
2014-12-29,54.700001,54.810001,54.380001,54.459999,39.616455,2381000
2014-12-30,54.369999,54.369999,53.91,53.93,39.2309,2626900
2014-12-31,54.200001,54.25,53.439999,53.470001,38.896275,4068600
2015-01-02,53.560001,54.080002,53.009998,53.48,38.903576,4020100
2015-01-05,53.189999,53.490002,52.599998,52.650002,38.299786,5599300
2015-01-06,52.889999,53.02,51.720001,51.779999,37.666912,5468400
2015-01-07,52.009998,52.869999,51.790001,52.709999,38.34343,4577100
2015-01-08,53.130001,53.950001,53.009998,53.57,38.969017,6295200
2015-01-09,53.48,53.98,53.09,53.599998,38.99086,3913700
2015-01-12,53.740002,53.75,52.900002,53.119999,38.641685,4282500
2015-01-13,53.57,54.279999,52.459999,52.790001,38.401627,5013900
2015-01-14,52.549999,53.310001,52.240002,52.709999,38.34343,5191400
2015-01-15,52.91,53.240002,52.200001,52.389999,38.110649,5796300
2015-01-16,52.48,53.419998,52.119999,53.290001,38.76535,4988700
2015-01-20,53.490002,54.150002,53.189999,53.810001,39.143623,7213400
2015-01-21,53.299999,54.470001,53.200001,54.279999,39.485504,5468900
2015-01-22,54.32,54.98,53.34,54.970001,39.987446,5484200
2015-01-23,54.959999,55.290001,54.540001,55.060001,40.052917,4856500
2015-01-26,54.700001,55.299999,54.360001,55.049999,40.045635,6137000
2015-01-27,54.529999,55.459999,54.209999,54.830002,39.885605,8532600
2015-01-28,54.75,55.25,53.849998,53.939999,39.483013,7393500
2015-01-29,53.720001,54.860001,53.41,54.669998,40.017361,5044900
2015-01-30,53.98,54.599998,53.349998,53.450001,39.124352,12515800
2015-02-02,53.5,53.759998,52.41,53.490002,39.153633,8385600
2015-02-03,53.709999,54.48,53.610001,54.439999,39.849014,6017400
2015-02-04,54.009998,54.900002,54.009998,54.619999,39.980759,7962500
2015-02-05,54.639999,55.34,54.48,55.310001,40.485832,5060000
2015-02-06,55.290001,55.450001,54.27,54.360001,39.790451,7715900
2015-02-09,54.310001,54.759998,54.029999,54.27,39.724571,5146400
2015-02-10,54.75,55.869999,54.57,55.82,40.859127,5654400
2015-02-11,55.639999,56.23,55.5,56.0,40.990898,4956100
2015-02-12,56.490002,57.5,56.299999,57.439999,42.044945,7069500
2015-02-13,57.599998,57.98,57.209999,57.970001,42.432896,5330900
2015-02-17,57.669998,58.459999,57.549999,58.200001,42.601261,7962600
2015-02-18,57.799999,58.139999,57.599998,57.939999,42.41095,3276500
2015-02-19,57.889999,58.189999,57.740002,58.040001,42.484135,2422300
2015-02-20,58.040001,58.540001,57.59,58.52,42.835487,3630300
2015-02-23,58.459999,58.490002,57.91,58.27,42.6525,3053400
2015-02-24,58.09,59.009998,58.0,58.959999,43.157551,4426900
2015-02-25,58.919998,59.290001,58.75,59.099998,43.260033,3921100
2015-02-26,59.27,59.490002,58.91,59.419998,43.494278,5274000
2015-02-27,59.490002,59.490002,58.720001,58.799999,43.04044,6494900
2015-03-02,59.07,59.990002,58.959999,59.939999,43.874905,4572500
2015-03-03,59.799999,59.810001,58.5,58.57,42.872074,6088200
2015-03-04,58.52,58.669998,57.860001,58.32,42.689091,4473900
2015-03-05,58.299999,58.790001,58.02,58.34,42.703732,3685800
2015-03-06,58.200001,58.310001,57.450001,57.639999,42.191353,4476900
2015-03-09,57.759998,58.630001,57.610001,58.419998,42.762295,4034000
2015-03-10,57.849998,58.169998,57.07,57.099998,41.796074,5721900
2015-03-11,57.43,57.77,57.119999,57.169998,41.847313,3151500
2015-03-12,56.5,57.34,56.349998,57.220001,41.883911,3707900
2015-03-13,57.389999,57.5,56.610001,57.119999,41.810722,4805400
2015-03-16,57.490002,58.439999,57.380001,58.330002,42.696407,5162700
2015-03-17,58.189999,58.23,57.48,57.970001,42.432896,3261200
2015-03-18,58.169998,58.689999,56.93,58.299999,42.674446,6239000
2015-03-19,58.349998,58.73,58.09,58.529999,42.8428,3411400
2015-03-20,58.900002,59.529999,58.73,59.279999,43.391796,9150800
2015-03-23,59.18,59.259998,58.630001,58.66,42.937973,3807300
2015-03-24,58.790001,59.02,58.41,58.439999,42.776928,3665700
2015-03-25,58.41,58.599998,55.73,55.73,40.79327,11204000
2015-03-26,55.09,56.25,54.619999,55.799999,40.844494,6830800
2015-03-27,55.77,57.18,55.560001,56.759998,41.547199,5144300
2015-03-30,57.099998,58.119999,56.84,58.0,42.454849,5336100
2015-03-31,57.740002,57.91,57.080002,57.189999,41.861954,4905300
2015-04-01,57.049999,57.23,56.23,56.540001,41.386162,5322900
2015-04-02,56.68,57.200001,56.419998,56.720001,41.517921,3545900
2015-04-06,56.189999,57.150002,55.860001,56.810001,41.583797,3120500
2015-04-07,56.689999,57.43,56.57,56.939999,41.678955,3259600
2015-04-08,56.799999,57.290001,56.560001,56.970001,41.700916,4142200
2015-04-09,56.720001,57.84,56.529999,57.779999,42.293804,4362200
2015-04-10,57.830002,57.849998,57.540001,57.700001,42.235264,3410800
2015-04-13,57.82,57.990002,57.189999,57.209999,41.876591,3004400
2015-04-14,57.150002,57.41,56.580002,56.75,41.539879,3875100
2015-04-15,57.110001,58.689999,56.990002,58.5,42.820843,6654600
2015-04-16,58.139999,58.580002,58.080002,58.41,42.754967,4058800
2015-04-17,57.84,58.200001,57.200001,57.330002,41.964428,5231200
2015-04-20,57.599998,58.529999,57.599998,58.169998,42.579285,3220400
2015-04-21,58.869999,58.869999,58.029999,58.16,42.571976,2853700
2015-04-22,58.540001,58.860001,57.970001,58.73,42.989208,4473500
2015-04-23,54.299999,54.93,53.93,54.720001,40.05397,22987500
2015-04-24,54.68,54.830002,54.130001,54.73,40.061283,10533600
2015-04-27,55.32,56.299999,55.09,55.560001,40.668819,8397300
2015-04-28,55.310001,55.52,54.639999,55.09,40.573078,6729300
2015-04-29,54.669998,55.32,54.369999,55.02,40.521523,5276300
2015-04-30,54.91,55.150002,53.919998,54.209999,39.924976,6756900
2015-05-01,54.709999,55.43,54.419998,55.310001,40.735119,5726700
2015-05-04,55.299999,55.610001,55.009998,55.299999,40.727741,4060500
2015-05-05,54.970001,55.029999,53.849998,54.009998,39.777664,7970100
2015-05-06,54.130001,54.549999,53.34,53.700001,39.549358,7737300
2015-05-07,53.970001,54.400002,53.82,54.060001,39.814499,5846600
2015-05-08,54.5,55.169998,54.34,54.700001,40.285843,4814600
2015-05-11,54.619999,54.75,54.310001,54.439999,40.09436,4204100
2015-05-12,54.200001,54.59,53.75,54.169998,39.8955,4315500
2015-05-13,54.16,54.959999,54.130001,54.689999,40.278473,4332600
2015-05-14,55.119999,55.860001,55.0,55.610001,40.956047,4109300
2015-05-15,55.900002,56.0,55.27,55.610001,40.956047,4165300
2015-05-18,55.509998,55.900002,55.279999,55.790001,41.088619,3861300
2015-05-19,55.889999,56.130001,55.57,55.779999,41.081242,4848500
2015-05-20,55.810001,56.27,55.560001,55.630001,40.970779,4179300
2015-05-21,55.509998,56.0,55.259998,55.5,40.875038,4260800
2015-05-22,55.23,55.599998,55.23,55.369999,40.779297,5419700
2015-05-26,55.25,55.25,54.200001,54.560001,40.182739,5312000
2015-05-27,54.709999,56.23,54.59,55.970001,41.221184,7278200
2015-05-28,55.959999,56.400002,55.720001,55.91,41.177002,6851200
2015-05-29,56.02,56.34,55.57,55.919998,41.184349,5928700
2015-06-01,55.700001,56.34,55.419998,55.709999,41.029709,4576000
2015-06-02,55.419998,55.599998,54.880001,55.25,40.690907,4630100
2015-06-03,55.459999,55.580002,54.82,54.889999,40.425777,3659000
2015-06-04,54.66,54.880001,53.830002,53.98,39.755577,6640700
2015-06-05,53.98,54.259998,53.580002,53.790001,39.615646,3650400
2015-06-08,53.669998,53.720001,52.709999,52.82,38.901253,4795400
2015-06-09,52.84,53.290001,52.439999,52.919998,38.974903,4414300
2015-06-10,53.139999,54.389999,52.919998,54.189999,39.910236,6930600
2015-06-11,54.169998,54.259998,53.57,53.639999,39.505169,4711200
2015-06-12,53.349998,53.509998,52.990002,53.009998,39.041187,4174100
2015-06-15,52.450001,53.110001,52.32,53.049999,39.070641,4895300
2015-06-16,52.91,53.200001,52.66,53.09,39.100109,2702200
2015-06-17,53.310001,53.529999,52.869999,53.290001,39.247402,3465700
2015-06-18,53.48,54.369999,53.34,54.220001,39.932327,5911000
2015-06-19,54.25,54.59,53.540001,54.509998,40.14592,9948600
2015-06-22,54.619999,55.52,54.619999,55.5,40.875038,9503400
2015-06-23,55.310001,55.599998,54.709999,54.830002,40.381599,5055800
2015-06-24,54.650002,54.810001,53.93,53.990002,39.762936,4203500
2015-06-25,54.23,54.419998,53.740002,53.799999,39.623009,3759600
2015-06-26,53.389999,53.75,52.43,52.900002,38.960178,7860300
2015-06-29,52.560001,52.66,51.470001,51.52,37.943825,6566400
2015-06-30,51.98,51.990002,51.299999,51.509998,37.936462,5260600
2015-07-01,52.150002,52.310001,51.759998,51.91,38.231049,9820200
2015-07-02,52.189999,52.240002,51.77,51.970001,38.275249,3642400
2015-07-06,51.450001,52.009998,51.060001,51.389999,37.848072,4251200
2015-07-07,51.310001,51.459999,49.98,51.209999,37.715515,8205800
2015-07-08,50.619999,50.689999,49.459999,49.529999,36.478214,11806400
2015-07-09,50.049999,50.400002,48.09,48.110001,35.432396,22612200
2015-07-10,48.93,49.27,48.599998,49.009998,36.095234,8448900
2015-07-13,49.200001,49.549999,49.0,49.330002,36.330906,4937600
2015-07-14,49.389999,50.0,49.310001,49.759998,36.647602,6500100
2015-07-15,49.23,49.799999,49.150002,49.490002,36.448746,5461600
2015-07-16,49.48,49.650002,48.779999,49.360001,36.353012,7401200
2015-07-17,49.27,49.450001,48.77,49.360001,36.353012,7021300
2015-07-20,51.060001,51.060001,49.830002,50.09,36.890636,8876900
2015-07-21,50.029999,51.080002,49.900002,50.23,36.993744,10632900
2015-07-22,48.299999,49.639999,48.0,49.299999,36.308815,15381500
2015-07-23,49.84,51.259998,49.59,50.509998,37.199974,13271800
2015-07-24,50.48,50.560001,48.880001,49.029999,36.10997,10960300
2015-07-27,48.880001,49.360001,48.470001,49.029999,36.10997,9394200
2015-07-28,49.150002,50.57,48.849998,50.080002,36.883286,7636600
2015-07-29,49.720001,50.200001,49.18,49.959999,37.046421,6855300
2015-07-30,49.59,50.43,49.5,50.240002,37.254044,5629400
2015-07-31,50.380001,50.380001,49.810001,49.98,37.061234,7466900
2015-08-03,50.080002,50.240002,49.700001,50.09,37.142807,5325800
2015-08-04,50.18,50.369999,49.380001,49.84,36.957432,5746600
2015-08-05,50.110001,51.119999,50.07,50.860001,37.713783,7238800
2015-08-06,50.759998,50.91,49.84,50.25,37.261452,6055900
2015-08-07,49.830002,50.380001,49.66,50.32,37.313358,5324400
2015-08-10,52.240002,52.450001,51.049999,52.080002,38.618443,10496600
2015-08-11,51.540001,51.549999,50.34,50.639999,37.550648,8013000
2015-08-12,50.189999,51.360001,49.799999,51.110001,37.89917,7268100
2015-08-13,51.16,51.310001,50.529999,50.630001,37.543236,4007500
2015-08-14,50.5,50.84,50.060001,50.639999,37.550648,4536700
2015-08-17,50.450001,51.029999,50.18,50.900002,37.743454,3364000
2015-08-18,50.459999,50.77,49.669998,49.91,37.009342,6978500
2015-08-19,50.130001,50.150002,49.049999,49.200001,36.482857,6906300
2015-08-20,48.650002,48.779999,47.369999,47.43,35.170372,10206500
2015-08-21,46.959999,47.630001,45.959999,45.959999,34.080322,12109500
2015-08-24,45.02,47.040001,43.75,44.889999,33.286903,15487000
2015-08-25,46.02,46.32,43.490002,43.52,32.271015,14458300
2015-08-26,44.830002,45.470001,43.75,45.41,33.672497,19075800
2015-08-27,45.779999,47.150002,45.5,47.060001,34.896004,9822000
2015-08-28,46.84,48.0,46.5,47.990002,35.585621,8242700
2015-08-31,47.75,48.439999,47.310001,47.84,35.474384,10145900
2015-09-01,46.400002,47.57,46.009998,46.34,34.362106,13136100
2015-09-02,47.240002,47.349998,46.41,47.349998,35.111057,6012600
2015-09-03,47.669998,48.02,47.279999,47.459999,35.192608,5289100
2015-09-04,46.689999,47.189999,46.41,46.529999,34.502987,6603400
2015-09-08,47.630001,48.759998,47.540001,48.689999,36.104671,7993000
2015-09-09,49.02,49.630001,47.470001,47.610001,35.303844,8250100
2015-09-10,47.360001,47.959999,46.900002,47.41,35.155537,8543100
2015-09-11,47.200001,47.630001,46.82,47.57,35.274185,6567300
2015-09-14,47.869999,48.0,47.549999,47.830002,35.466972,4750800
2015-09-15,48.0,48.740002,47.66,48.299999,35.815487,7104300
2015-09-16,48.330002,48.77,47.799999,48.700001,36.112106,4624500
2015-09-17,48.630001,49.029999,48.09,48.150002,35.704262,5693500
2015-09-18,47.75,48.639999,47.099998,47.799999,35.444733,17206500
2015-09-21,47.869999,48.080002,47.049999,47.450001,35.185196,6105200
2015-09-22,46.68,46.990002,46.279999,46.610001,34.562321,6161600
2015-09-23,46.610001,46.799999,46.27,46.580002,34.54007,4335300
2015-09-24,46.169998,46.919998,45.330002,46.75,34.666126,8535000
2015-09-25,47.02,47.549999,46.799999,47.169998,34.97757,8924200
2015-09-28,47.049999,47.439999,46.880001,46.950001,34.814434,10728200
2015-09-29,47.16,47.610001,46.790001,47.529999,35.244511,7413600
2015-09-30,48.09,49.549999,47.919998,49.52,36.720146,9120400
2015-10-01,49.84,49.869999,47.889999,48.439999,35.919308,10007400
2015-10-02,47.779999,48.790001,47.119999,48.77,36.164005,8229700
2015-10-05,49.130001,50.41,49.0,50.130001,37.172482,6812500
2015-10-06,50.130001,50.639999,49.23,50.459999,37.417175,5737000
2015-10-07,51.0,51.599998,50.310001,51.040001,37.84726,7065300
2015-10-08,50.68,51.540001,50.360001,51.52,38.203186,6431500
2015-10-09,51.349998,51.759998,50.639999,50.869999,37.721199,5720100
2015-10-12,50.73,51.419998,50.560001,51.34,38.069725,4075300
2015-10-13,50.990002,51.419998,50.810001,50.91,37.750862,7162000
2015-10-14,51.110001,53.150002,51.029999,52.650002,39.041111,10558500
2015-10-15,52.950001,53.099998,52.310001,52.43,38.877968,7153400
2015-10-16,52.290001,52.66,52.0,52.57,38.981785,5685300
2015-10-19,52.560001,52.93,52.240002,52.639999,39.033695,5701700
2015-10-20,52.450001,52.599998,52.18,52.43,38.877968,5666900
2015-10-21,52.580002,53.18,51.810001,51.900002,38.48497,8132900
2015-10-22,56.099998,58.119999,55.740002,58.09,43.074993,21234200
2015-10-23,58.150002,59.669998,57.57,58.98,43.73494,14490000
2015-10-26,58.900002,59.23,58.400002,58.810001,43.608887,7634500
2015-10-27,58.389999,59.330002,58.220001,58.419998,43.319695,8420500
2015-10-28,58.52,58.779999,57.189999,58.669998,43.789894,14464600
2015-10-29,57.740002,57.830002,56.310001,56.57,42.222511,10108900
2015-10-30,56.990002,57.0,56.400002,56.720001,42.334457,7503400
2015-11-02,56.900002,57.189999,56.709999,56.990002,42.535992,5492600
2015-11-03,56.990002,57.43,56.810001,57.150002,42.655407,4268400
2015-11-04,57.209999,57.41,56.799999,56.950001,42.506134,5096000
2015-11-05,57.0,57.740002,56.830002,57.400002,42.84201,5768400
2015-11-06,57.25,57.849998,56.700001,57.630001,43.013672,6387000
2015-11-09,57.23,57.650002,56.860001,57.209999,42.700188,4478200
2015-11-10,56.490002,57.220001,56.380001,57.029999,42.565853,5058700
2015-11-11,57.470001,58.509998,57.040001,57.599998,42.99128,6291800
2015-11-12,57.139999,57.369999,56.66,56.669998,42.297153,4894800
2015-11-13,56.669998,57.119999,56.009998,56.130001,41.894104,5741700
2015-11-16,56.02,56.889999,56.0,56.880001,42.453892,5995100
2015-11-17,56.900002,57.48,56.75,57.07,42.595684,4265800
2015-11-18,57.209999,58.009998,56.880001,57.959999,43.259983,4029700
2015-11-19,58.099998,58.290001,57.5,57.950001,43.252506,4076200
2015-11-20,58.349998,58.349998,57.810001,58.119999,43.379402,4252500
2015-11-23,58.200001,58.25,57.310001,57.349998,42.804688,4296800
2015-11-24,57.299999,57.950001,56.860001,57.849998,43.177868,4655300
2015-11-25,57.849998,57.860001,57.23,57.27,42.744984,3152600
2015-11-27,57.279999,57.77,57.009998,57.549999,42.95396,1509500
2015-11-30,57.619999,58.34,57.5,58.119999,43.379402,5866600
2015-12-01,57.470001,58.849998,57.419998,58.310001,43.52121,5016900
2015-12-02,58.200001,58.330002,57.439999,57.549999,42.95396,5151500
2015-12-03,57.970001,58.220001,57.119999,57.689999,43.058453,9691600
2015-12-04,57.52,58.959999,57.490002,58.880001,43.946644,6414200
2015-12-07,58.799999,58.830002,58.110001,58.349998,43.551056,3934500
2015-12-08,57.759998,57.91,57.02,57.669998,43.043533,3670100
2015-12-09,57.5,57.669998,56.290001,56.759998,42.36433,4562000
2015-12-10,56.98,57.470001,56.630001,56.93,42.491219,4317800
2015-12-11,56.139999,56.759998,56.099998,56.209999,41.953804,5251300
2015-12-14,56.450001,56.720001,55.830002,56.220001,41.961281,5082300
2015-12-15,57.299999,57.939999,56.849998,57.549999,42.95396,7602400
2015-12-16,58.259998,58.259998,56.900002,58.07,43.342079,5920900
2015-12-17,58.189999,58.23,56.5,56.529999,42.192654,6944300
2015-12-18,56.040001,56.490002,54.799999,54.939999,41.005913,12025700
2015-12-21,55.349998,55.830002,54.93,55.82,41.662727,4305600
2015-12-22,56.189999,56.419998,55.209999,55.610001,41.505993,4412800
2015-12-23,56.060001,56.709999,55.169998,56.700001,42.319542,5786200
2015-12-24,56.970001,56.970001,56.529999,56.75,42.356853,1681200
2015-12-28,56.41,56.669998,55.77,56.419998,42.110558,2930100
2015-12-29,56.75,57.439999,56.419998,57.02,42.558388,2753100
2015-12-30,57.02,57.18,56.09,56.16,41.916496,3010200
2015-12-31,56.049999,56.299999,54.810001,54.810001,40.90889,6450100
2016-01-04,53.549999,54.34,53.369999,54.34,40.558083,7915400
2016-01-05,54.27,54.470001,53.549999,53.77,40.132656,6131900
2016-01-06,52.950001,53.889999,52.720001,53.419998,39.871429,8520800
2016-01-07,52.389999,52.950001,51.369999,51.700001,38.587658,10526700
2016-01-08,51.52,51.98,50.240002,50.360001,37.587509,9620000
2016-01-11,50.830002,51.5,50.48,51.209999,38.221928,7000500
2016-01-12,51.73,51.84,50.830002,51.529999,38.460777,5075800
2016-01-13,51.52,51.810001,49.799999,49.82,37.184467,6882200
2016-01-14,49.98,50.669998,49.529999,50.029999,37.341202,10440500
2016-01-15,47.889999,48.689999,46.73,48.029999,35.848465,15871600
2016-01-19,48.619999,48.93,47.810001,48.220001,35.990273,9048800
2016-01-20,47.91,49.279999,47.400002,49.009998,36.579914,13430800
2016-01-21,49.66,50.860001,49.009998,49.830002,37.191936,10093900
2016-01-22,50.84,51.23,50.139999,50.299999,37.542732,6335600
2016-01-25,50.349998,51.009998,50.0,50.080002,37.378529,7651300
2016-01-26,50.380001,51.060001,50.029999,50.700001,37.841286,7710200
2016-01-27,50.41,51.57,49.970001,50.669998,37.81889,9791200
2016-01-28,50.68,52.0,50.389999,51.130001,38.450588,10033300
2016-01-29,51.32,52.939999,50.990002,52.93,39.804218,10469100
2016-02-01,52.299999,53.27,52.299999,52.830002,39.729008,6336700
2016-02-02,52.119999,52.5,50.639999,50.639999,38.082092,9460500
2016-02-03,50.150002,50.709999,49.099998,50.25,37.788815,11309400
2016-02-04,50.459999,51.619999,50.009998,51.259998,38.54834,9795800
2016-02-05,51.200001,51.41,49.509998,49.880001,37.510571,7929800
2016-02-08,49.259998,51.23,49.099998,50.900002,38.277626,15765600
2016-02-09,50.529999,51.630001,50.09,50.68,38.112179,7321700
2016-02-10,51.330002,51.700001,50.59,50.75,38.16481,7329600
2016-02-11,49.849998,50.779999,49.740002,50.380001,37.88657,6121400
2016-02-12,51.060001,51.400002,49.990002,51.139999,38.458103,8060600
2016-02-16,51.139999,52.77,51.139999,52.540001,39.510918,6567400
2016-02-17,52.959999,53.720001,52.73,53.689999,40.375744,6244700
2016-02-18,53.639999,53.82,53.0,53.060001,39.901974,6004200
2016-02-19,52.830002,52.939999,52.41,52.759998,39.676384,6300700
2016-02-22,53.290001,53.580002,53.049999,53.299999,40.082462,4350900
2016-02-23,53.029999,53.369999,52.119999,52.240002,39.285313,3888500
2016-02-24,51.830002,52.580002,51.310001,52.459999,39.45076,5341500
2016-02-25,52.810001,53.110001,51.860001,53.110001,39.939575,3917500
2016-02-26,53.490002,53.5,53.110001,53.299999,40.082462,3533100
2016-02-29,53.400002,53.830002,52.970001,53.02,39.871899,4450400
2016-03-01,53.470001,54.220001,53.0,54.220001,40.774315,4958800
2016-03-02,54.34,54.630001,53.98,54.419998,40.924713,4163600
2016-03-03,54.59,54.93,54.07,54.869999,41.263115,4045900
2016-03-04,55.0,55.27,54.400002,54.889999,41.278172,4248100
2016-03-07,54.540001,55.540001,54.490002,55.490002,41.729366,3747600
2016-03-08,54.990002,55.150002,54.419998,54.529999,41.007439,4480600
2016-03-09,54.700001,55.139999,54.540001,54.75,41.172882,3641700
2016-03-10,55.450001,55.639999,54.619999,55.490002,41.729366,4838400
2016-03-11,55.93,56.209999,55.75,56.060001,42.158028,5031600
2016-03-14,55.799999,56.0,55.259998,55.610001,41.819622,3477200
2016-03-15,55.419998,55.740002,55.07,55.73,41.909866,3407500
2016-03-16,55.700001,56.279999,55.349998,56.139999,42.218193,3449900
2016-03-17,55.93,56.810001,55.919998,56.599998,42.564117,4530500
2016-03-18,56.790001,57.25,56.52,57.09,42.932598,7924900
2016-03-21,56.900002,57.060001,56.380001,57.02,42.879963,3085500
2016-03-22,56.740002,57.200001,56.52,56.900002,42.789715,3514900
2016-03-23,56.970001,56.990002,56.549999,56.599998,42.564117,3220900
2016-03-24,56.490002,56.73,56.189999,56.700001,42.639313,2279600
2016-03-28,57.049999,57.150002,56.34,56.52,42.50396,2240400
2016-03-29,56.459999,57.509998,56.080002,57.41,43.173241,4013800
2016-03-30,57.73,58.779999,57.580002,58.369999,43.895176,5026700
2016-03-31,58.119999,58.209999,57.369999,57.419998,43.180782,5410400
2016-04-01,57.490002,58.0,57.130001,57.939999,43.571804,4542600
2016-04-04,57.790001,58.0,57.560001,57.720001,43.406368,3423700
2016-04-05,57.549999,58.279999,57.380001,57.709999,43.398846,4455900
2016-04-06,57.59,58.369999,57.25,58.360001,43.887657,3684300
2016-04-07,57.84,58.080002,56.98,57.150002,42.97773,4228600
2016-04-08,57.57,58.080002,57.57,57.889999,43.53421,3211100
2016-04-11,57.900002,58.639999,57.790001,57.82,43.481571,3663600
2016-04-12,57.82,58.669998,57.43,58.439999,43.947823,4476600
2016-04-13,58.720001,59.259998,58.419998,59.169998,44.496796,5053400
2016-04-14,58.77,59.27,58.130001,59.220001,44.534397,4920100
2016-04-15,59.470001,59.470001,58.759998,58.93,44.316315,4690300
2016-04-18,58.639999,59.07,58.619999,58.950001,44.331348,4430700
2016-04-19,58.869999,59.310001,57.77,58.419998,43.932781,6246800
2016-04-20,58.59,59.470001,58.110001,59.049999,44.406548,4673400
2016-04-21,58.889999,59.130001,58.549999,58.860001,44.263668,3376700
2016-04-22,58.810001,59.599998,58.439999,58.68,44.128315,5359900
2016-04-25,58.709999,59.130001,58.619999,59.02,44.383984,4670200
2016-04-26,59.150002,59.93,59.07,59.400002,44.669754,3928800
2016-04-27,59.029999,60.0,58.759998,59.919998,45.060799,7123900
2016-04-28,60.0,60.599998,58.490002,58.689999,44.417507,9417800
2016-04-29,57.709999,58.200001,56.830002,57.040001,43.168766,10774700
2016-05-02,57.299999,57.959999,56.950001,57.849998,43.781792,6464200
2016-05-03,57.220001,57.59,57.0,57.200001,43.28986,5696400
2016-05-04,56.950001,57.200001,56.330002,56.43,42.707096,5081900
2016-05-05,56.529999,57.09,56.34,56.639999,42.866051,4078200
2016-05-06,56.240002,57.299999,56.189999,57.200001,43.28986,8054500
2016-05-09,57.169998,57.529999,56.880001,56.91,43.070385,3773500
2016-05-10,57.119999,57.66,56.790001,57.630001,43.615288,4545600
2016-05-11,57.619999,58.169998,57.450001,57.630001,43.615288,4494200
2016-05-12,57.790001,58.0,56.580002,57.16,43.25959,5183200
2016-05-13,57.080002,57.599998,56.98,57.119999,43.229317,4062800
2016-05-16,57.459999,58.509998,57.27,58.02,43.910454,4265300
2016-05-17,57.740002,58.150002,57.169998,57.43,43.46394,4713900
2016-05-18,57.23,58.509998,57.18,58.009998,43.902885,4676900
2016-05-19,57.540001,57.880001,56.790001,57.23,43.31255,4326500
2016-05-20,57.490002,58.830002,57.470001,58.529999,44.296421,6337000
2016-05-23,58.810001,59.279999,58.599998,58.73,44.447781,3690900
2016-05-24,58.990002,60.18,58.98,60.09,45.477062,4544700
2016-05-25,60.150002,60.509998,59.970001,60.439999,45.741943,5785100
2016-05-26,60.349998,60.82,60.150002,60.77,45.991692,3367000
2016-05-27,60.82,61.080002,60.650002,61.02,46.180908,3807100
2016-05-31,61.02,61.209999,60.290001,60.599998,45.863033,6196400
2016-06-01,60.509998,61.240002,60.209999,61.07,46.218742,4011100
2016-06-02,60.84,60.93,60.43,60.759998,45.984127,3583300
2016-06-03,61.169998,61.169998,60.150002,60.529999,45.810055,2749500
2016-06-06,60.68,61.470001,60.549999,61.290001,46.385231,8259200
2016-06-07,61.5,61.77,61.400002,61.560001,46.589581,5021200
2016-06-08,61.599998,62.290001,61.59,62.080002,46.983112,4749700
2016-06-09,62.290001,62.290001,61.509998,62.139999,47.028534,5285600
2016-06-10,61.41,62.18,61.32,61.91,46.854458,7484700
2016-06-13,61.799999,62.310001,61.41,61.529999,46.566868,6697300
2016-06-14,61.529999,62.110001,61.209999,61.900002,46.846886,5170300
2016-06-15,62.27,62.279999,61.419998,61.689999,46.687958,4943600
2016-06-16,61.389999,62.130001,61.09,62.060001,46.967995,3632600
2016-06-17,62.080002,62.130001,60.900002,61.619999,46.634983,6101300
2016-06-20,62.43,62.59,61.959999,62.009998,46.930149,4023600
2016-06-21,62.150002,62.349998,61.790001,62.040001,46.95285,3462200
2016-06-22,62.330002,62.529999,61.93,62.060001,46.967995,4112700
2016-06-23,62.650002,63.310001,62.369999,63.299999,47.906437,3638100
2016-06-24,60.509998,61.900002,60.360001,60.540001,45.817623,8505700
2016-06-27,59.869999,60.0,58.610001,59.07,44.705112,7459800
2016-06-28,59.41,60.299999,59.099998,60.27,45.613293,5163300
2016-06-29,60.700001,61.310001,60.400002,61.25,46.354958,6690500
2016-06-30,61.509998,62.650002,61.16,62.650002,47.414509,6632000
2016-07-01,62.330002,62.439999,61.889999,62.110001,47.005817,4934500
2016-07-05,61.59,61.84,60.990002,61.25,46.354958,5538700
2016-07-06,60.990002,61.349998,60.459999,61.060001,46.211163,6064100
2016-07-07,61.07,61.939999,61.040001,61.77,46.748512,6876800
2016-07-08,62.290001,63.279999,62.049999,63.27,47.883732,5345300
2016-07-11,63.5,63.880001,63.259998,63.400002,47.982117,4533900
2016-07-12,63.77,64.410004,63.73,64.379997,48.723789,5405100
2016-07-13,64.540001,64.800003,64.349998,64.540001,48.844894,4068500
2016-07-14,65.0,65.220001,64.730003,64.809998,49.049232,3999900
2016-07-15,65.260002,65.260002,64.540001,64.849998,49.079498,5952300
2016-07-18,64.849998,65.519997,64.849998,65.190002,49.336803,3452500
2016-07-19,64.889999,65.260002,64.760002,64.940002,49.14761,3065900
2016-07-20,65.32,65.68,65.0,65.449997,49.533585,4744100
2016-07-21,65.389999,65.5,64.800003,64.910004,49.124912,5391700
2016-07-22,65.129997,65.669998,64.739998,65.489998,49.563873,5555900
2016-07-25,65.5,66.220001,65.32,66.220001,50.116341,9945900
2016-07-26,70.650002,72.580002,69.93,71.419998,54.051781,22033100
2016-07-27,70.980003,71.57,70.160004,71.269997,53.938271,13973400
2016-07-28,70.629997,70.809998,69.830002,70.230003,53.436073,9143200
2016-07-29,70.32,70.470001,69.629997,69.75,53.070854,7963100
2016-08-01,69.830002,70.260002,69.519997,69.879997,53.169777,5983000
2016-08-02,69.690002,69.879997,68.440002,68.849998,52.386078,6391300
2016-08-03,68.839996,69.089996,68.510002,68.879997,52.408894,4231800
2016-08-04,69.5,69.709999,68.540001,69.610001,52.964344,4382100
2016-08-05,70.0,70.209999,69.709999,70.150002,53.375214,4547400
2016-08-08,70.029999,70.32,69.989998,70.139999,53.367619,4865900
2016-08-09,70.419998,70.849998,70.169998,70.25,53.451286,3434300
2016-08-10,70.230003,70.309998,69.809998,69.889999,53.17738,5012500
2016-08-11,70.0,70.199997,69.769997,70.0,53.26107,3002900
2016-08-12,70.0,70.220001,69.779999,69.839996,53.139328,3445000
2016-08-15,70.190002,70.699997,69.93,70.330002,53.512173,4148800
2016-08-16,70.089996,70.330002,69.82,69.82,53.124119,3682600
2016-08-17,69.919998,70.019997,69.540001,69.82,53.124119,5914700
2016-08-18,69.980003,70.169998,69.790001,70.129997,53.359989,3816700
2016-08-19,70.120003,70.540001,69.940002,70.269997,53.466522,3482000
2016-08-22,70.349998,70.610001,69.839996,70.0,53.26107,4361400
2016-08-23,70.419998,70.540001,69.93,69.980003,53.245865,4779200
2016-08-24,70.110001,70.220001,69.709999,69.900002,53.184998,3749300
2016-08-25,69.900002,70.059998,69.699997,69.82,53.124119,3044900
2016-08-26,69.989998,70.349998,69.400002,69.75,53.070854,4160900
2016-08-29,69.900002,70.370003,69.849998,69.980003,53.245865,3669100
2016-08-30,70.0,70.199997,69.089996,69.309998,52.736084,4382800
2016-08-31,69.360001,69.610001,69.230003,69.540001,52.911076,3870200
2016-09-01,68.779999,69.790001,68.300003,69.699997,53.032806,4536000
2016-09-02,70.019997,70.099998,69.260002,69.68,53.017593,4584200
2016-09-06,69.93,70.029999,69.260002,69.790001,53.101295,3870300
2016-09-07,69.75,70.0,69.260002,69.489998,52.873016,4214100
2016-09-08,69.239998,69.410004,68.699997,68.989998,52.492584,4151600
2016-09-09,68.190002,68.419998,66.669998,66.669998,50.727371,6995600
2016-09-12,66.309998,68.019997,66.300003,67.940002,51.69368,6049900
2016-09-13,68.010002,68.550003,67.269997,67.449997,51.32085,5472600
2016-09-14,67.459999,68.07,67.220001,67.790001,51.579548,4011500
2016-09-15,67.800003,69.360001,67.599998,69.220001,52.667599,6257900
2016-09-16,69.970001,69.970001,68.480003,69.360001,52.774113,6506200
2016-09-19,69.830002,70.290001,69.290001,69.540001,52.911076,4100600
2016-09-20,69.769997,69.900002,69.010002,69.18,52.637157,3026700
2016-09-21,69.410004,69.709999,68.830002,69.559998,52.926304,4202100
2016-09-22,70.010002,70.129997,69.470001,69.760002,53.078468,3566300
2016-09-23,70.0,70.0,68.980003,68.980003,52.484993,3088100
2016-09-26,68.550003,68.769997,68.129997,68.419998,52.058903,3475600
2016-09-27,68.389999,69.470001,68.080002,69.449997,52.842598,4560200
2016-09-28,69.400002,69.779999,69.220001,69.739998,53.063225,3241300
2016-09-29,69.629997,70.279999,69.220001,69.839996,53.139328,4337900
2016-09-30,69.949997,70.580002,69.839996,70.18,53.398041,5071000
2016-10-03,70.080002,70.260002,69.470001,69.660004,53.002384,3627800
2016-10-04,69.660004,69.910004,69.099998,69.589996,52.949112,4089500
2016-10-05,69.849998,70.839996,69.010002,70.599998,53.717606,4789600
2016-10-06,70.440002,71.0,70.029999,70.959999,53.99152,4061500
2016-10-07,71.0,71.059998,70.449997,70.870003,53.923061,3673600
2016-10-10,71.080002,71.330002,69.900002,69.93,53.207821,4893200
2016-10-11,69.93,69.970001,68.059998,68.760002,52.317589,5204400
2016-10-12,68.830002,68.830002,67.989998,68.459999,52.089333,3563900
2016-10-13,67.910004,67.959999,67.059998,67.769997,51.564335,3897700
2016-10-14,68.269997,69.220001,68.209999,68.489998,52.112141,4329300
2016-10-17,68.5,68.989998,68.370003,68.419998,52.058903,2620900
2016-10-18,69.860001,69.93,69.169998,69.25,52.690434,3590700
2016-10-19,68.889999,69.610001,68.599998,69.489998,52.873016,5530800
2016-10-20,69.419998,70.050003,68.769997,69.75,53.070854,3850400
2016-10-21,69.410004,70.040001,68.800003,69.970001,53.238243,7027500
2016-10-24,70.260002,71.739998,70.230003,71.68,54.539345,5888000
2016-10-25,71.57,71.849998,71.080002,71.199997,54.174122,4614200
2016-10-26,71.0,71.940002,70.769997,71.709999,54.562176,8151000
2016-10-27,71.400002,72.18,70.410004,70.730003,53.816521,9627000
2016-10-28,70.959999,71.690002,70.519997,70.800003,53.869785,6360100
2016-10-31,71.309998,71.440002,70.800003,70.849998,53.907825,5411400
2016-11-01,71.129997,71.129997,68.919998,69.440002,52.834984,7375300
2016-11-02,69.57,69.949997,68.720001,68.839996,52.378456,6516800
2016-11-03,68.699997,68.720001,67.529999,67.900002,52.041218,6723600
2016-11-04,66.879997,68.0,66.800003,67.599998,51.81131,6056300
2016-11-07,68.830002,69.480003,68.290001,69.010002,52.891983,5751100
2016-11-08,69.010002,69.970001,68.949997,69.830002,53.520454,5409600
2016-11-09,67.800003,69.949997,67.599998,69.790001,53.489815,5697800
2016-11-10,70.0,70.720001,68.129997,69.139999,52.991623,7190600
2016-11-11,69.019997,70.059998,69.0,69.849998,53.535793,4974900
2016-11-14,70.139999,70.349998,69.639999,70.019997,53.666092,6493000
2016-11-15,70.199997,71.360001,70.050003,71.029999,54.440186,4736500
2016-11-16,71.010002,71.300003,70.559998,71.199997,54.570488,4880400
2016-11-17,71.169998,72.279999,70.629997,72.080002,55.244949,3773800
2016-11-18,71.839996,73.150002,71.75,72.599998,55.643505,5484200
2016-11-21,72.75,73.730003,72.699997,73.68,56.471233,5447000
2016-11-22,74.089996,74.639999,74.029999,74.400002,57.023106,6824100
2016-11-23,74.379997,74.550003,73.919998,74.059998,56.762505,3995500
2016-11-25,73.870003,74.610001,73.730003,74.43,57.046062,1978800
2016-11-28,74.290001,74.889999,74.040001,74.529999,57.122738,4512000
2016-11-29,74.660004,75.25,74.230003,74.400002,57.023106,6347000
2016-11-30,74.669998,74.690002,73.93,73.93,56.662872,6768200
2016-12-01,73.879997,73.910004,69.959999,70.410004,53.964989,9631100
2016-12-02,69.989998,71.160004,69.919998,70.720001,54.202595,5946400
2016-12-05,71.339996,71.529999,70.379997,70.510002,54.041653,6405100
2016-12-06,71.110001,71.389999,70.610001,71.370003,54.700783,7039800
2016-12-07,71.5,72.43,71.120003,72.199997,55.336922,6045900
2016-12-08,72.32,72.580002,71.879997,72.129997,55.283268,5473600
2016-12-09,72.349998,72.650002,71.559998,71.989998,55.17598,6101200
2016-12-12,71.889999,71.93,71.190002,71.730003,54.976711,3340600
2016-12-13,71.949997,73.599998,71.769997,73.199997,56.103367,6950900
2016-12-14,73.550003,73.699997,72.400002,72.5,55.566841,6474100
2016-12-15,72.730003,73.589996,72.449997,73.449997,56.294975,5079500
2016-12-16,73.360001,73.75,72.68,72.889999,55.865765,6478700
2016-12-19,73.110001,74.080002,72.959999,73.57,56.386944,3818000
2016-12-20,73.93,74.190002,73.599998,74.040001,56.747158,3182000
2016-12-21,74.220001,74.720001,74.139999,74.169998,56.846798,4272200
2016-12-22,74.25,74.32,73.75,74.199997,56.869808,3470700
2016-12-23,74.110001,74.389999,74.0,74.379997,57.007771,1690800
2016-12-27,74.419998,75.150002,74.160004,74.870003,57.383327,2037200
2016-12-28,74.959999,75.050003,73.980003,74.050003,56.754845,2683400
2016-12-29,73.839996,74.400002,73.800003,74.150002,56.831474,3292600
2016-12-30,74.43,74.459999,72.769997,72.970001,55.927078,4311800
2017-01-03,73.529999,74.309998,73.050003,73.580002,56.394611,4847900
2017-01-04,73.650002,73.970001,73.25,73.489998,56.32563,4507100
2017-01-05,73.290001,73.699997,72.889999,72.919998,55.888756,4301100
2017-01-06,72.879997,74.279999,72.470001,74.150002,56.831474,5244600
2017-01-09,74.510002,75.220001,74.169998,74.339996,56.9771,4782900
2017-01-10,74.620003,74.830002,74.059998,74.599998,57.176392,3712500
2017-01-11,74.639999,75.199997,74.459999,75.199997,57.636242,4361400
2017-01-12,75.0,75.139999,74.089996,74.849998,57.367996,4408200
2017-01-13,74.830002,75.300003,74.730003,75.0,57.48296,3372500
2017-01-17,74.669998,74.949997,74.290001,74.489998,57.092072,4413100
2017-01-18,74.730003,74.839996,74.25,74.379997,57.007771,5531400
2017-01-19,74.220001,74.809998,73.870003,73.879997,56.624527,4468500
2017-01-20,74.160004,74.889999,74.160004,74.75,57.291351,6661400
2017-01-23,74.800003,75.739998,74.639999,75.730003,58.042477,6895100
2017-01-24,76.190002,77.32,75.910004,77.080002,59.077141,8561600
2017-01-25,77.720001,78.720001,77.190002,78.580002,60.226807,8112800
2017-01-26,78.019997,79.470001,78.010002,79.260002,60.747997,8991500
2017-01-27,79.059998,79.449997,77.739998,78.029999,60.184917,9737300
2017-01-30,77.519997,78.080002,77.349998,77.900002,60.084671,8355200
2017-01-31,77.400002,77.540001,75.25,75.540001,58.264389,11129400
2017-02-01,76.059998,76.870003,75.860001,76.269997,58.827431,7815800
2017-02-02,75.610001,76.099998,75.339996,75.889999,58.534351,4434500
2017-02-03,76.290001,76.559998,76.029999,76.5,59.004833,4547000
2017-02-06,76.379997,76.470001,75.849998,76.220001,58.788876,4633000
2017-02-07,76.370003,76.75,76.040001,76.18,58.758038,4500900
2017-02-08,76.489998,76.550003,75.919998,75.949997,58.580631,5864700
2017-02-09,76.300003,76.349998,75.269997,75.300003,58.079277,6950500
2017-02-10,75.620003,75.660004,74.519997,75.160004,57.971272,6289400
2017-02-13,75.529999,75.739998,75.389999,75.519997,58.248955,5466200
2017-02-14,75.459999,75.639999,75.300003,75.639999,58.341515,3999800
2017-02-15,75.650002,75.809998,74.93,75.669998,58.364655,5731500
2017-02-16,75.800003,76.32,75.519997,76.25,58.812019,4882000
2017-02-17,76.110001,76.440002,75.660004,76.440002,58.958557,3955300
2017-02-21,76.790001,77.129997,76.589996,77.080002,59.45219,5104700
2017-02-22,77.199997,77.279999,76.800003,77.230003,59.567886,4056600
2017-02-23,77.230003,77.379997,76.690002,77.139999,59.498478,4921700
2017-02-24,76.940002,77.239998,76.400002,77.239998,59.575584,3516600
2017-02-27,77.309998,77.339996,76.760002,77.190002,59.537025,3055400
2017-02-28,77.059998,77.169998,76.459999,76.620003,59.097382,4770500
2017-03-01,77.129997,78.18,76.68,78.150002,60.277481,5332500
2017-03-02,78.360001,78.760002,77.940002,78.080002,60.223522,7605500
2017-03-03,78.199997,78.199997,77.459999,77.860001,60.053814,3994800
2017-03-06,77.690002,78.459999,77.400002,78.309998,60.400909,4066400
2017-03-07,78.349998,80.370003,78.209999,79.120003,61.025661,10556800
2017-03-08,79.440002,79.940002,79.160004,79.339996,61.195347,5386500
2017-03-09,79.489998,79.790001,78.800003,79.129997,61.033386,4255400
2017-03-10,79.720001,80.629997,79.300003,80.330002,61.958939,5118200
2017-03-13,80.32,81.089996,80.18,81.019997,62.491135,6082600
2017-03-14,80.949997,81.209999,80.620003,81.089996,62.545124,4271400
2017-03-15,81.419998,81.949997,80.959999,81.82,63.108181,3668800
2017-03-16,81.989998,82.18,81.379997,81.709999,63.023331,4195600
2017-03-17,82.239998,82.440002,81.440002,82.199997,63.401264,9231700
2017-03-20,81.989998,82.269997,81.540001,81.589996,62.930782,4383000
2017-03-21,81.93,82.080002,79.669998,79.75,61.511574,6221000
2017-03-22,80.089996,80.790001,79.580002,80.690002,62.236603,4307300
2017-03-23,80.690002,81.040001,80.230003,80.669998,62.221184,3335200
2017-03-24,81.919998,82.050003,80.43,80.589996,62.159481,4100300
2017-03-27,79.949997,80.82,79.709999,80.529999,62.113205,3260800
2017-03-28,80.300003,80.989998,80.220001,80.610001,62.174908,3577900
2017-03-29,80.349998,80.660004,80.260002,80.489998,62.082325,2811600
2017-03-30,80.230003,81.080002,80.230003,81.040001,62.506573,3372800
2017-03-31,80.790001,81.150002,80.540001,80.559998,62.136307,3760900
2017-04-03,80.870003,81.5,79.790001,80.360001,61.982071,4563900
2017-04-04,80.110001,80.669998,80.110001,80.599998,62.167183,2761500
2017-04-05,80.599998,81.18,79.980003,80.080002,61.766106,3547900
2017-04-06,79.980003,80.370003,79.400002,80.099998,61.78154,4177700
2017-04-07,80.300003,80.919998,80.080002,80.529999,62.113205,2686800
2017-04-10,80.419998,80.760002,79.919998,80.129997,61.804668,3314700
2017-04-11,79.879997,79.879997,78.199997,79.410004,61.249336,5321300
2017-04-12,79.480003,79.68,78.199997,78.480003,60.532028,6335000
2017-04-13,78.470001,79.330002,77.830002,77.839996,60.038372,4658300
2017-04-17,78.300003,78.75,78.120003,78.720001,60.717152,4462400
2017-04-18,78.510002,79.839996,78.349998,79.610001,61.403591,4528900
2017-04-19,79.959999,80.660004,79.279999,79.370003,61.218494,4673700
2017-04-20,79.720001,80.889999,79.510002,80.760002,62.290611,3586300
2017-04-21,79.580002,80.410004,79.239998,79.809998,61.557858,6314400
2017-04-24,81.019997,81.510002,80.849998,81.080002,62.537403,5129200
2017-04-25,81.300003,82.43,81.110001,82.360001,63.524685,7604100
2017-04-26,82.169998,82.919998,80.790001,81.110001,62.560566,6763900
2017-04-27,80.75,81.269997,80.360001,80.800003,62.708019,5762500
2017-04-28,81.040001,81.040001,78.650002,79.18,61.450748,10521800
2017-05-01,79.25,79.5,78.400002,79.290001,61.536129,5065500
2017-05-02,79.160004,79.410004,78.790001,79.25,61.50507,6234500
2017-05-03,79.199997,79.93,79.0,79.769997,61.90863,4665000
2017-05-04,79.980003,80.029999,79.080002,79.300003,61.543877,3241300
2017-05-05,79.449997,79.639999,79.139999,79.629997,61.799969,3653900
2017-05-08,79.699997,79.82,79.360001,79.459999,61.668068,2776600
2017-05-09,79.379997,79.830002,79.269997,79.449997,61.660297,4433900
2017-05-10,79.980003,80.669998,79.769997,80.489998,62.467445,5180400
2017-05-11,80.199997,80.68,79.650002,80.400002,62.397583,3168400
2017-05-12,80.769997,80.769997,80.279999,80.690002,62.62262,2648900
2017-05-15,80.650002,81.620003,80.459999,81.550003,63.290085,3596100
2017-05-16,81.879997,82.32,81.449997,82.269997,63.848866,3918500
2017-05-17,81.540001,82.059998,78.610001,78.68,61.062695,6401800
2017-05-18,78.919998,79.690002,78.419998,79.230003,61.489548,4930900
2017-05-19,79.389999,81.040001,79.300003,80.300003,62.319954,7506600
2017-05-22,80.480003,80.93,80.050003,80.370003,62.374294,3672100
2017-05-23,80.5,80.550003,79.449997,79.690002,61.846554,3683700
2017-05-24,80.300003,80.300003,79.739998,80.050003,62.12595,3671500
2017-05-25,80.489998,80.989998,79.980003,80.790001,62.700245,3226100
2017-05-26,80.860001,81.18,80.32,81.120003,62.95636,2812200
2017-05-30,81.0,82.199997,81.0,81.970001,63.616024,3258100
2017-05-31,82.199997,83.239998,82.18,82.489998,64.019585,6503900
2017-06-01,82.610001,82.860001,81.220001,81.489998,63.2435,4320100
2017-06-02,81.959999,81.970001,80.860001,81.629997,63.35215,4725900
2017-06-05,81.660004,82.379997,81.660004,81.889999,63.553955,2589900
2017-06-06,81.650002,82.879997,81.510002,82.220001,63.810051,3279300
2017-06-07,82.800003,83.43,82.290001,82.889999,64.33004,3763000
2017-06-08,83.199997,84.360001,82.620003,84.339996,65.45536,4410200
2017-06-09,84.230003,84.650002,79.940002,80.900002,62.785614,6815700
2017-06-12,79.82,81.32,79.669998,81.050003,62.902042,6746200
2017-06-13,81.410004,81.800003,80.599998,80.989998,62.855453,4324800
2017-06-14,81.260002,81.489998,79.440002,80.160004,62.211315,3944200
2017-06-15,79.349998,80.400002,79.220001,80.080002,62.149235,3061900
2017-06-16,79.849998,80.230003,79.019997,79.699997,61.854321,6246800
2017-06-19,80.370003,81.449997,80.279999,81.419998,63.189186,3569100
2017-06-20,81.160004,81.230003,79.540001,79.57,61.753429,3831300
2017-06-21,79.699997,79.919998,79.230003,79.669998,61.831039,4318600
2017-06-22,79.949997,80.050003,78.949997,79.050003,61.349857,3327400
2017-06-23,79.059998,80.019997,78.639999,79.580002,61.761196,4052600
2017-06-26,80.040001,80.089996,78.239998,78.309998,60.775551,4913100
2017-06-27,78.0,78.269997,76.940002,76.949997,59.720055,5797000
2017-06-28,77.610001,78.209999,76.949997,78.059998,60.581532,6362100
2017-06-29,77.5,77.93,75.919998,76.900002,59.681282,6644600
2017-06-30,77.690002,77.690002,76.610001,76.93,59.70454,4696100
2017-07-03,77.449997,77.639999,76.400002,76.410004,59.30098,3494200
2017-07-05,76.629997,77.510002,76.239998,76.910004,59.689026,6680800
2017-07-06,76.190002,77.690002,76.190002,76.860001,59.650204,5047000
2017-07-07,77.309998,78.660004,77.309998,78.480003,60.907486,5342900
2017-07-10,78.43,79.089996,77.93,78.779999,61.140308,3611500
2017-07-11,78.779999,79.150002,78.279999,79.040001,61.342094,2729200
2017-07-12,79.459999,80.540001,79.459999,80.519997,62.490719,3891700
2017-07-13,80.410004,80.980003,80.269997,80.540001,62.506226,3372800
2017-07-14,80.949997,82.110001,80.849998,82.0,63.639313,3654700
2017-07-17,81.82,82.0,81.480003,81.660004,63.375446,2972700
2017-07-18,81.5,82.209999,81.150002,82.160004,63.7635,2773500
2017-07-19,82.489998,82.699997,81.860001,82.160004,63.7635,3133500
2017-07-20,82.199997,82.809998,81.860001,82.690002,64.174843,3766700
2017-07-21,81.459999,82.0,81.0,81.699997,63.406483,4597600
2017-07-24,81.860001,81.870003,80.599998,80.919998,62.801167,4350900
2017-07-25,81.050003,81.93,80.580002,81.389999,63.16592,6439700
2017-07-26,83.0,84.239998,81.959999,82.529999,64.050652,6983000
2017-07-27,82.129997,82.529999,80.089996,80.970001,63.222961,7152200
2017-07-28,80.419998,81.040001,80.050003,80.709999,63.019955,5228000
2017-07-31,80.830002,81.660004,80.779999,81.379997,63.543114,5954600
2017-08-01,81.599998,81.839996,81.019997,81.709999,63.800785,3366100
2017-08-02,82.010002,82.010002,80.639999,81.309998,63.488468,3179800
2017-08-03,81.300003,81.730003,80.970001,81.360001,63.527489,2748500
2017-08-04,81.629997,81.959999,81.25,81.43,63.582153,2325200
2017-08-07,81.440002,82.199997,81.440002,82.169998,64.159988,2827700
2017-08-08,81.989998,83.690002,81.889999,82.449997,64.378586,7184600
2017-08-09,81.970001,82.309998,81.379997,82.279999,64.245865,4274000
2017-08-10,81.800003,82.0,80.279999,80.360001,62.746685,4469200
2017-08-11,80.580002,81.339996,80.43,80.889999,63.160496,3426100
2017-08-14,81.480003,82.209999,81.199997,82.050003,64.066284,3788600
2017-08-15,82.07,82.309998,81.690002,81.949997,63.988178,3750300
2017-08-16,82.419998,82.660004,81.949997,82.459999,64.386406,3291900
2017-08-17,81.949997,82.160004,80.089996,80.150002,62.58268,4151500
2017-08-18,80.089996,80.690002,79.940002,79.970001,62.442135,3626000
2017-08-21,80.139999,80.239998,79.599998,79.889999,62.3797,3347300
2017-08-22,80.339996,81.129997,80.059998,80.75,63.051193,4359200
2017-08-23,80.239998,81.120003,80.07,80.889999,63.160496,4109300
2017-08-24,81.160004,81.5,80.82,81.25,63.441597,3511100
2017-08-25,81.580002,81.900002,80.940002,80.980003,63.230785,2627700
2017-08-28,81.440002,81.660004,80.580002,80.760002,63.059017,3088500
2017-08-29,80.080002,81.25,80.029999,81.029999,63.26984,3729600
2017-08-30,81.209999,82.410004,81.099998,82.309998,64.269279,4522200
2017-08-31,82.440002,82.949997,82.129997,82.82,64.667503,4411300
2017-09-01,82.739998,83.110001,82.379997,82.540001,64.44886,2665200
2017-09-05,82.32,82.489998,81.269997,81.849998,63.910099,3691900
2017-09-06,82.239998,82.370003,81.589996,82.07,64.081856,3682700
2017-09-07,82.449997,83.989998,81.790001,82.0,64.027206,3599900
2017-09-08,81.980003,82.040001,81.25,81.379997,63.543114,2505600
2017-09-11,81.900002,82.730003,81.809998,82.220001,64.199005,3916800
2017-09-12,82.339996,82.949997,82.160004,82.889999,64.722145,4596300
2017-09-13,82.839996,82.940002,82.279999,82.699997,64.573769,2626800
2017-09-14,82.400002,83.669998,82.400002,83.290001,65.034492,3503300
2017-09-15,83.139999,85.029999,82.870003,84.839996,66.244743,10333200
2017-09-18,85.0,86.470001,84.889999,86.139999,67.259804,5593600
2017-09-19,86.370003,87.239998,85.639999,86.809998,67.782974,4036800
2017-09-20,87.0,87.0,84.480003,85.830002,67.017769,4922800
2017-09-21,86.019997,86.589996,85.669998,86.050003,67.18956,4863900
2017-09-22,86.589996,88.449997,86.5,88.269997,68.922951,6440900
2017-09-25,87.650002,88.080002,86.919998,87.5,68.321732,5625600
2017-09-26,87.989998,88.290001,87.449997,87.699997,68.477898,3121200
2017-09-27,88.480003,89.150002,87.849998,88.809998,69.344604,3806900
2017-09-28,88.440002,89.660004,88.349998,89.650002,70.000496,5332700
2017-09-29,89.769997,89.889999,89.089996,89.639999,69.992683,3283500
2017-10-02,89.879997,90.239998,89.309998,89.650002,70.000496,3280600
2017-10-03,89.650002,90.239998,89.5,89.940002,70.226952,2374800
2017-10-04,89.900002,90.559998,89.580002,90.489998,70.656387,3933300
2017-10-05,90.550003,91.300003,90.110001,91.139999,71.163918,3241800
2017-10-06,90.739998,91.540001,90.739998,91.349998,71.327881,2335000
2017-10-09,91.610001,91.860001,91.309998,91.580002,71.507469,1749800
2017-10-10,91.970001,92.410004,91.470001,92.379997,72.132118,2810500
2017-10-11,91.989998,92.919998,91.720001,92.870003,72.51474,3161900
2017-10-12,92.879997,93.309998,92.589996,92.620003,72.31955,3537900
2017-10-13,93.089996,93.730003,92.800003,93.589996,73.07692,2674800
2017-10-16,94.209999,94.410004,93.669998,94.230003,73.576653,3111900
2017-10-17,94.169998,94.309998,93.540001,94.269997,73.607887,3248500
2017-10-18,94.260002,94.290001,93.199997,93.43,72.951981,3532400
2017-10-19,92.970001,93.639999,92.57,93.449997,72.967606,4164600
2017-10-20,94.050003,95.400002,94.0,95.18,74.318428,5272400
2017-10-23,96.0,96.739998,95.440002,96.209999,75.122673,7292200
2017-10-24,96.300003,96.620003,95.459999,96.440002,75.302261,8061100
2017-10-25,95.0,96.699997,94.160004,95.82,74.818153,6967100
2017-10-26,96.440002,96.940002,95.839996,96.150002,75.075813,5556900
2017-10-27,95.940002,97.559998,95.709999,97.5,76.129929,5725300
2017-10-30,96.68,97.129997,95.919998,96.059998,75.485535,4922400
2017-10-31,96.279999,97.040001,96.18,96.690002,75.980644,3770600
2017-11-01,96.970001,97.25,95.769997,96.349998,75.71344,3873800
2017-11-02,96.25,96.879997,95.599998,96.790001,76.059189,3292200
2017-11-03,97.0,98.0,96.339996,97.980003,76.994324,3346700
2017-11-06,97.82,98.669998,97.669998,98.540001,77.434387,4391700
2017-11-07,98.550003,99.050003,98.279999,98.400002,77.324387,4314600
2017-11-08,98.309998,98.760002,97.889999,98.440002,77.35582,3265600
2017-11-09,97.599998,98.029999,95.629997,97.050003,76.263519,4239800
2017-11-10,96.669998,97.050003,96.400002,96.940002,76.177078,3416700
2017-11-13,96.400002,97.290001,96.349998,97.029999,76.24781,2284000
2017-11-14,96.699997,97.230003,96.349998,96.959999,76.19278,3252600
2017-11-15,96.620003,98.029999,96.279999,96.769997,76.043488,3355600
2017-11-16,97.07,98.629997,97.050003,98.32,77.261505,3564400
2017-11-17,98.559998,98.559998,97.610001,97.739998,76.805725,3788200
2017-11-20,97.809998,98.919998,97.800003,98.279999,77.230042,2953700
2017-11-21,98.75,99.650002,98.650002,99.190002,77.94519,3998500
2017-11-22,99.150002,99.349998,98.07,98.080002,77.072906,2142000
2017-11-24,98.199997,99.330002,98.190002,99.300003,78.031593,1288300
2017-11-27,98.949997,99.25,98.610001,98.629997,77.505096,3166300
2017-11-28,99.089996,99.730003,98.620003,99.480003,78.17305,3037400
2017-11-29,99.730003,99.790001,96.449997,96.879997,76.129921,5562200
2017-11-30,97.379997,98.470001,96.699997,97.290001,76.452126,7591200
2017-12-01,96.540001,97.410004,94.720001,97.18,76.365669,5020500
2017-12-04,97.540001,97.879997,95.269997,95.970001,75.414856,5183800
2017-12-05,95.980003,98.720001,95.360001,96.900002,76.145638,4898100
2017-12-06,96.25,97.449997,95.870003,97.019997,76.239952,4675500
2017-12-07,97.32,98.139999,96.940002,97.779999,76.837181,4848200
2017-12-08,98.919998,99.309998,97.779999,98.019997,77.025742,5591400
2017-12-11,98.07,98.879997,97.769997,98.830002,77.66227,5579200
2017-12-12,98.699997,99.190002,98.230003,98.43,77.347954,6083100
2017-12-13,98.970001,99.18,98.209999,98.860001,77.68586,5282100
2017-12-14,98.959999,100.540001,98.779999,100.25,78.778145,7106700
2017-12-15,101.279999,101.599998,100.07,101.220001,79.540359,9114800
2017-12-18,102.099998,103.370003,101.650002,103.269997,81.151291,5927700
2017-12-19,103.190002,104.300003,103.080002,104.099998,81.803535,5235700
2017-12-20,104.900002,105.150002,103.480003,104.800003,82.353615,5529800
2017-12-21,105.160004,105.330002,104.010002,104.07,81.779953,4709100
2017-12-22,104.0,104.339996,103.639999,104.129997,81.827087,3041300
2017-12-26,103.580002,104.190002,103.059998,104.150002,81.842819,1473800
2017-12-27,104.419998,104.900002,103.980003,104.529999,82.141418,1775600
2017-12-28,104.919998,104.919998,104.220001,104.82,82.369331,1910700
2017-12-29,104.580002,105.080002,104.419998,104.440002,82.070694,2813300
2018-01-02,105.110001,105.620003,104.5,105.57,82.958679,4236200
2018-01-03,105.879997,108.510002,105.599998,108.43,85.206131,6918900
2018-01-04,108.480003,109.209999,108.050003,108.290001,85.096092,5460400
2018-01-05,108.699997,109.230003,108.290001,109.120003,85.748314,5254900
2018-01-08,108.550003,110.370003,108.410004,109.639999,86.156952,4549400
2018-01-09,109.620003,110.980003,109.080002,110.389999,86.746315,4747800
2018-01-10,109.849998,109.989998,108.209999,109.699997,86.204086,5737400
2018-01-11,110.050003,110.760002,109.43,110.669998,86.966347,3903700
2018-01-12,110.739998,113.0,110.580002,112.720001,88.577278,4577800
2018-01-16,113.550003,113.910004,111.940002,112.919998,88.734413,9251500
2018-01-17,113.949997,119.43,113.510002,119.160004,93.637924,6916700
2018-01-18,119.0,119.980003,116.0,116.410004,91.476921,7970300
2018-01-19,117.010002,117.559998,115.709999,116.830002,91.806984,6367300
2018-01-22,117.919998,119.480003,117.459999,119.440002,93.857971,7217400
2018-01-23,120.019997,120.75,118.900002,119.889999,94.211563,8087100
2018-01-24,111.139999,114.0,108.68,109.699997,86.204086,19223900
2018-01-25,110.860001,111.709999,109.080002,110.150002,86.557709,8564800
2018-01-26,110.93,114.0,109.540001,113.690002,89.339516,7801600
2018-01-29,112.470001,113.400002,111.25,112.650002,88.522255,6389300
2018-01-30,111.199997,111.470001,109.300003,109.889999,86.831299,6492900
2018-01-31,110.980003,110.989998,108.300003,109.669998,86.657455,7362500
2018-02-01,108.75,110.75,108.57,110.080002,86.981445,5828200
2018-02-02,109.019997,110.230003,107.519997,107.660004,85.069214,7474400
2018-02-05,107.019997,109.120003,103.379997,104.209999,82.343163,8460400
2018-02-06,102.620003,106.660004,102.25,105.870003,83.654839,9266900
2018-02-07,104.599998,105.68,101.910004,101.980003,80.5811,10009100
2018-02-08,102.029999,102.610001,97.599998,97.660004,77.167595,11506600
2018-02-09,99.519997,101.300003,96.989998,100.489998,79.403748,11599300
2018-02-12,101.550003,102.550003,100.43,101.940002,80.549484,6673700
2018-02-13,101.110001,101.730003,100.120003,100.980003,79.790916,5061400
2018-02-14,99.849998,102.959999,99.849998,102.68,81.134209,7413500
2018-02-15,103.82,104.580002,101.540001,104.57,82.627609,5264800
2018-02-16,104.279999,105.540001,103.879997,104.470001,82.548599,4910400
2018-02-20,103.989998,106.860001,103.910004,105.290001,83.196548,4970500
2018-02-21,105.769997,106.18,103.589996,103.660004,81.908569,6536500
2018-02-22,104.0,105.080002,103.410004,103.93,82.12191,4036500
2018-02-23,105.010002,107.059998,104.739998,107.040001,84.579346,4936900
2018-02-26,107.279999,109.739998,107.279999,109.629997,86.625862,5496100
2018-02-27,109.379997,110.290001,108.339996,108.339996,85.606544,5311900
2018-02-28,109.040001,110.220001,108.32,108.349998,85.614441,7333000
2018-03-01,108.93,108.93,105.720001,106.529999,84.176353,8626600
2018-03-02,104.790001,108.480003,104.660004,108.220001,85.511734,6476300
2018-03-05,107.480003,109.330002,106.519997,109.010002,86.135971,4417200
2018-03-06,109.970001,110.18,108.940002,109.690002,86.673286,4109600
2018-03-07,108.040001,109.459999,107.129997,108.559998,85.780388,4637600
2018-03-08,109.18,109.489998,108.269997,109.489998,86.515244,3573500
2018-03-09,110.0,111.610001,109.330002,111.529999,88.12719,5535900
2018-03-12,112.040001,113.0,111.459999,111.629997,88.206207,4270800
2018-03-13,112.040001,113.0,110.089996,110.589996,87.384415,5845500
2018-03-14,111.209999,111.699997,109.169998,109.970001,86.894531,3240600
2018-03-15,109.940002,110.910004,109.269997,109.709999,86.689064,3983300
2018-03-16,110.120003,110.739998,109.510002,109.970001,86.894531,8049700
2018-03-19,109.370003,109.379997,105.949997,107.860001,85.227264,6715200
2018-03-20,108.269997,110.0,108.269997,109.459999,86.491516,3781900
2018-03-21,109.129997,110.290001,108.059998,108.639999,85.843605,3703800
2018-03-22,106.510002,107.760002,103.800003,103.900002,82.098198,7208400
2018-03-23,104.029999,104.940002,101.339996,101.360001,80.091194,6748900
2018-03-26,104.110001,106.720001,103.029999,106.599998,84.231667,6760400
2018-03-27,108.0,108.099998,101.82,102.559998,81.039375,5308400
2018-03-28,102.269997,103.760002,101.410004,101.910004,80.525787,5352200
2018-03-29,102.82,105.040001,102.239998,103.889999,82.090294,4311100
2018-04-02,102.860001,103.519997,99.730003,100.650002,79.530182,5865400
2018-04-03,101.919998,102.739998,100.589996,102.18,80.739151,6898700
2018-04-04,99.980003,104.57,99.809998,104.209999,82.343163,4515000
2018-04-05,103.830002,104.010002,100.870003,102.239998,80.78653,5477400
2018-04-06,100.970001,102.339996,99.019997,99.459999,78.589897,5095700
2018-04-09,100.040001,102.889999,99.599998,99.809998,78.866425,5840900
2018-04-10,101.669998,103.07,100.629997,102.360001,80.881355,6011500
2018-04-11,101.410004,103.089996,101.029999,102.339996,80.86557,3830000
2018-04-12,103.050003,104.5,102.93,104.239998,82.366875,4578300
2018-04-13,104.949997,105.0,101.900002,102.160004,80.723343,3518900
2018-04-16,103.07,104.190002,102.620003,103.5,81.782135,2831500
2018-04-17,104.089996,105.699997,103.690002,105.389999,83.275574,4001100
2018-04-18,105.07,105.900002,104.080002,105.349998,83.243942,3554700
2018-04-19,103.739998,103.839996,99.910004,101.290001,80.035858,8624900
2018-04-20,100.959999,101.629997,98.870003,99.959999,78.984932,7858000
2018-04-23,100.589996,100.589996,98.019997,98.089996,77.507362,5934200
2018-04-24,99.760002,101.220001,97.389999,98.419998,77.768105,8420300
2018-04-25,101.459999,104.25,99.760002,103.0,81.387047,12696000
2018-04-26,104.019997,104.32,102.199997,102.720001,81.165825,6672900
2018-04-27,103.169998,103.389999,100.870003,102.510002,80.999886,5114700
2018-04-30,102.93,104.230003,101.330002,101.43,80.146507,5592700
2018-05-01,101.099998,103.470001,100.699997,103.400002,81.703156,4234700
2018-05-02,103.279999,104.220001,101.870003,102.959999,81.355453,5345000
2018-05-03,101.699997,104.300003,100.349998,103.599998,81.861168,4788900
2018-05-04,102.5,104.75,101.860001,104.690002,83.220482,6168000
2018-05-07,104.989998,105.169998,103.970001,104.510002,83.0774,4113800
2018-05-08,104.550003,108.0,104.059998,105.459999,83.832581,5496500
2018-05-09,106.0,107.669998,105.709999,107.540001,85.485985,5131600
2018-05-10,108.150002,110.040001,107.809998,109.970001,87.417686,4376500
2018-05-11,109.620003,110.739998,109.0,109.25,86.845329,3583500
2018-05-14,109.730003,111.0,109.699997,110.639999,87.950264,4120400
2018-05-15,109.989998,110.860001,108.349998,109.209999,86.813538,4336700
2018-05-16,109.75,111.57,109.040001,111.400002,88.554428,3898200
2018-05-17,110.709999,111.660004,110.029999,110.330002,87.703842,3792800
2018-05-18,109.919998,111.07,109.279999,110.540001,87.870781,4239600
2018-05-21,111.709999,112.279999,109.879997,110.410004,87.767433,5199500
2018-05-22,111.050003,111.830002,110.690002,110.860001,88.12516,2999600
2018-05-23,109.489998,111.080002,108.900002,111.07,88.292068,3123500
2018-05-24,110.989998,111.199997,109.580002,110.75,88.037704,2855500
2018-05-25,110.639999,111.760002,110.550003,111.559998,88.681602,4100200
2018-05-29,110.639999,111.760002,110.010002,110.940002,88.188759,3492800
2018-05-30,111.339996,112.360001,111.040001,111.849998,88.912132,3621800
2018-05-31,112.0,112.879997,111.5,111.910004,88.959831,6582100
2018-06-01,112.550003,114.800003,112.32,114.800003,91.257156,4728400
2018-06-04,114.739998,116.379997,114.309998,115.739998,92.004379,3905700
2018-06-05,116.690002,117.93,115.830002,117.660004,93.530624,5366600
2018-06-06,117.57,118.120003,116.910004,118.110001,93.888329,4015400
2018-06-07,118.349998,118.480003,116.139999,117.239998,93.196762,6985100
2018-06-08,116.290001,116.669998,115.349998,115.739998,92.004379,4948600
2018-06-11,115.0,115.830002,114.480003,115.279999,91.638718,3741300
2018-06-12,115.489998,115.769997,114.580002,115.410004,91.742043,3269100
2018-06-13,115.5,115.610001,113.790001,114.0,90.621216,4948600
2018-06-14,114.860001,115.540001,113.970001,114.720001,91.193558,2941200
2018-06-15,114.870003,116.019997,113.870003,115.889999,92.123611,7027600
2018-06-18,114.599998,114.93,113.029999,114.389999,90.931236,3170600
2018-06-19,112.75,113.910004,112.199997,113.660004,90.350952,3486500
2018-06-20,114.410004,115.110001,113.57,114.239998,90.811996,3454800
2018-06-21,114.379997,114.5,111.610001,112.110001,89.118813,3480100
2018-06-22,112.75,113.220001,111.410004,112.379997,89.33345,3822600
2018-06-25,110.959999,111.0,108.610001,110.190002,87.592552,5331200
2018-06-26,110.629997,112.010002,110.129997,111.510002,88.641846,4001900
2018-06-27,112.18,112.5,108.769997,108.779999,86.471718,4364600
2018-06-28,108.230003,109.599998,107.449997,109.099998,86.726089,4198800
2018-06-29,109.790001,111.550003,109.620003,110.25,87.640228,5343300
2018-07-02,108.940002,110.330002,108.379997,110.239998,87.632301,3392500
2018-07-03,110.610001,111.290001,108.739998,108.910004,86.575058,2201500
2018-07-05,109.839996,111.650002,109.410004,111.510002,88.641846,4097700
2018-07-06,111.559998,112.93,110.830002,112.709999,89.595764,3419700
2018-07-09,113.400002,113.5,110.839996,112.089996,89.10289,3658000
2018-07-10,112.629997,114.050003,112.379997,113.730003,90.406586,4512800
2018-07-11,113.290001,113.790001,111.519997,111.760002,88.840599,5000200
2018-07-12,113.239998,116.690002,113.059998,115.839996,92.083885,5818700
2018-07-13,115.529999,115.980003,114.830002,115.139999,91.527435,2715800
2018-07-16,114.910004,115.489998,114.419998,114.559998,91.066383,3013700
2018-07-17,113.669998,115.860001,113.199997,115.800003,92.052055,3915100
2018-07-18,115.5,116.949997,114.139999,115.68,91.956665,5491900
2018-07-19,115.529999,115.660004,114.230003,114.589996,91.090202,5013900
2018-07-20,114.970001,115.730003,114.239998,115.0,91.416138,4358000
2018-07-23,114.349998,114.830002,113.040001,114.669998,91.153801,3052800
2018-07-24,115.059998,116.459999,113.349998,113.800003,90.46225,4286700
2018-07-25,113.400002,114.389999,110.029999,113.220001,90.00119,8218400
2018-07-26,113.949997,114.459999,112.940002,113.300003,90.064751,5520400
2018-07-27,113.300003,114.290001,112.019997,112.599998,89.508316,4343900
2018-07-30,111.989998,112.370003,110.699997,110.910004,88.653061,4422500
2018-07-31,111.989998,112.589996,110.919998,111.32,88.980743,5206300
2018-08-01,111.160004,111.980003,110.330002,111.0,88.724991,5303000
2018-08-02,110.150002,113.0,110.0,112.209999,89.692192,4516700
2018-08-03,112.330002,112.980003,111.93,112.839996,90.195732,3337900
2018-08-06,112.279999,113.519997,112.120003,113.110001,90.41156,2970800
2018-08-07,113.769997,115.809998,113.339996,115.760002,92.529762,5234500
2018-08-08,115.660004,116.610001,115.160004,116.160004,92.849495,2890800
2018-08-09,116.0,116.089996,114.029999,114.339996,91.394707,3505200
2018-08-10,111.739998,112.32,109.349998,110.089996,87.997589,7652600
2018-08-13,110.559998,111.440002,109.839996,109.940002,87.877701,3989800
2018-08-14,110.669998,110.989998,109.870003,110.339996,88.197433,3109600
2018-08-15,109.239998,110.080002,108.349998,109.599998,87.605934,3532600
2018-08-16,110.120003,110.540001,109.080002,109.400002,87.44606,2916300
2018-08-17,108.870003,109.980003,107.010002,109.639999,87.637894,3744800
2018-08-20,109.75,109.800003,108.540001,109.029999,87.150291,3238200
2018-08-21,109.5,111.75,109.339996,111.510002,89.132629,4714300
2018-08-22,110.639999,112.690002,109.269997,112.190002,89.676163,3999200
2018-08-23,112.18,113.660004,112.160004,112.400002,89.844048,3038700
2018-08-24,112.959999,113.790001,112.339996,113.639999,90.835175,3191900
2018-08-27,114.650002,115.660004,114.150002,115.25,92.122124,3686200
2018-08-28,115.739998,116.07,114.660004,115.019997,91.938263,3214400
2018-08-29,115.410004,115.779999,114.860001,115.470001,92.297958,5113900
2018-08-30,114.919998,115.360001,112.489998,112.580002,89.987915,5688600
2018-08-31,112.629997,113.43,111.860001,112.400002,89.844048,6550300
2018-09-04,111.019997,112.660004,110.650002,112.540001,89.955948,6160300
2018-09-05,112.379997,112.949997,110.849998,111.129997,88.828903,5369300
2018-09-06,110.989998,111.739998,110.339996,110.889999,88.63707,4813100
2018-09-07,110.449997,111.0,108.25,108.459999,86.69471,5349300
2018-09-10,109.169998,109.480003,107.489998,108.32,86.582771,5138900
2018-09-11,108.059998,108.150002,105.910004,106.050003,84.768333,8165600
2018-09-12,105.0,105.0,102.25,104.540001,83.561333,10182300
2018-09-13,105.150002,106.919998,104.599998,105.720001,84.504547,6311100
2018-09-14,105.959999,107.160004,105.129997,105.360001,84.216789,6485000
2018-09-17,105.290001,105.669998,103.349998,103.699997,82.889908,5598300
2018-09-18,104.029999,105.889999,103.959999,104.910004,83.857101,5654900
2018-09-19,105.120003,107.510002,105.099998,107.370003,85.823418,6588900
2018-09-20,107.879997,108.980003,107.800003,108.489998,86.718674,5562500
2018-09-21,110.5,110.900002,109.540001,110.050003,87.96563,10923900
2018-09-24,109.010002,110.32,108.360001,109.800003,87.765808,3531200
2018-09-25,109.25,109.559998,106.809998,107.550003,85.967316,6523800
2018-09-26,107.480003,108.220001,105.980003,106.220001,84.904221,6478600
2018-09-27,106.440002,107.68,106.120003,107.290001,85.759499,4704200
2018-09-28,107.220001,107.459999,106.059998,107.290001,85.759499,4556400
2018-10-01,107.669998,108.620003,107.43,107.739998,86.119186,3661800
2018-10-02,107.25,109.849998,107.25,108.459999,86.69471,4718400
2018-10-03,109.029999,109.199997,107.410004,108.18,86.470894,5353400
2018-10-04,107.32,107.529999,104.860001,105.870003,84.624466,5846500
2018-10-05,105.550003,105.93,101.760002,103.279999,82.554207,8778800
2018-10-08,102.220001,103.110001,101.169998,101.93,81.475113,7458500
2018-10-09,101.93,103.150002,101.550003,102.870003,82.226494,6041500
2018-10-10,100.559998,101.639999,98.809998,99.239998,79.324921,11243700
2018-10-11,100.5,102.010002,99.010002,99.529999,79.55674,10100300
2018-10-12,102.449997,102.449997,99.629997,101.089996,80.80368,6889100
2018-10-15,99.699997,100.489998,98.629997,99.43,79.476799,6637400
2018-10-16,100.32,102.360001,99.690002,102.150002,81.650963,5894100
2018-10-17,102.900002,103.169998,100.980003,101.540001,81.163383,5061400
2018-10-18,101.5,101.5,98.75,99.540001,79.564743,9668300
2018-10-19,99.150002,100.419998,97.300003,98.260002,78.541588,10492500
2018-10-22,98.650002,100.470001,98.410004,99.720001,79.708633,6881500
2018-10-23,97.18,100.470001,95.209999,100.25,80.132233,13925900
2018-10-24,93.25,96.980003,91.5,92.010002,73.54583,25121700
2018-10-25,92.260002,93.480003,90.800003,91.769997,73.353981,21038900
2018-10-26,89.690002,92.07,87.900002,90.559998,72.386787,15855200
2018-10-29,93.080002,93.510002,88.519997,90.18,72.083061,9869400
2018-10-30,90.089996,93.139999,89.720001,92.989998,74.969276,8734300
2018-10-31,94.0,94.43,92.760002,92.830002,74.840302,10301100
2018-11-01,93.379997,97.989998,93.0,97.599998,78.685913,10972500
2018-11-02,97.760002,97.900002,93.849998,95.059998,76.6381,10088000
2018-11-05,94.910004,96.019997,94.25,95.660004,77.121864,6189400
2018-11-06,95.470001,97.239998,95.0,97.139999,78.315048,5413100
2018-11-07,97.800003,97.970001,96.349998,97.199997,78.363441,5525700
2018-11-08,96.260002,98.790001,96.239998,98.480003,79.39537,5948300
2018-11-09,98.110001,98.129997,95.839996,96.099998,77.476593,6256400
2018-11-12,95.040001,95.139999,93.07,93.470001,75.35627,8688700
2018-11-13,94.110001,96.169998,93.900002,94.480003,76.170525,5930800
2018-11-14,95.82,96.269997,94.040001,94.699997,76.347908,4975200
2018-11-15,94.510002,98.43,94.169998,97.959999,78.976128,7689000
2018-11-16,96.629997,98.110001,96.150002,97.849998,78.887444,6767000
2018-11-19,97.5,97.720001,94.550003,94.620003,76.283401,8265300
2018-11-20,92.910004,97.900002,92.910004,96.839996,78.073189,8230200
2018-11-21,97.75,98.07,95.849998,96.129997,77.500778,6437700
2018-11-23,95.370003,96.0,95.080002,95.099998,76.67038,2066200
2018-11-26,96.410004,96.669998,95.32,96.379997,77.702309,4687400
2018-11-27,95.489998,96.989998,95.389999,96.279999,77.621689,5044700
2018-11-28,96.699997,98.290001,95.18,98.260002,79.217995,5659300
2018-11-29,97.989998,98.480003,97.330002,97.43,78.548836,5938000
2018-11-30,97.779999,99.889999,96.919998,99.849998,80.49987,8685900
2018-12-03,102.5,102.580002,100.449997,101.169998,81.564056,7828500
2018-12-04,100.760002,101.080002,95.959999,96.110001,77.48465,7487100
2018-12-06,94.110001,97.370003,93.68,97.32,78.460175,7329300
2018-12-07,96.669998,97.029999,92.239998,92.379997,74.477501,8837800
2018-12-10,92.440002,94.349998,91.970001,93.800003,75.622314,7549500
2018-12-11,95.760002,96.599998,94.5,94.540001,76.218925,9942500
2018-12-12,96.790001,97.370003,95.599998,95.809998,77.24276,4945000
2018-12-13,96.239998,96.610001,95.099998,95.839996,77.26696,3647500
2018-12-14,94.660004,95.989998,94.230003,94.260002,75.993149,6318300
2018-12-17,94.279999,94.730003,91.480003,91.919998,74.106644,8260200
2018-12-18,92.849998,95.980003,92.720001,94.540001,76.218925,7675500
2018-12-19,94.339996,94.910004,89.540001,90.529999,72.986031,9854500
2018-12-20,90.769997,91.379997,89.199997,90.089996,72.631287,9235000
2018-12-21,90.449997,93.32,89.870003,90.410004,72.889275,14349200
2018-12-24,90.0,90.550003,87.760002,87.800003,70.785065,5621600
2018-12-26,88.800003,93.029999,87.699997,92.980003,74.961227,8075200
2018-12-27,91.360001,93.879997,90.550003,93.809998,75.630371,5882300
2018-12-28,94.059998,95.75,93.080002,93.809998,75.630371,5022200
2018-12-31,94.510002,95.18,93.720001,94.5,76.186653,4113200
2019-01-02,92.760002,95.25,92.459999,94.449997,76.146332,6478800
2019-01-03,91.830002,92.790001,88.68,88.879997,71.655746,11667500
2019-01-04,89.93,93.379997,89.470001,92.900002,74.896721,7707600
2019-01-07,92.800003,95.220001,92.360001,94.5,76.186653,5023900
2019-01-08,95.260002,95.639999,93.029999,94.379997,76.089905,5863500
2019-01-09,95.050003,96.489998,94.720001,96.239998,77.589462,6909400
2019-01-10,95.760002,97.940002,95.470001,97.720001,78.782646,6748500
2019-01-11,97.029999,99.07,96.809998,98.589996,79.484032,4738800
2019-01-14,97.309998,97.82,95.989998,96.330002,77.662041,5060100
2019-01-15,96.989998,98.040001,96.639999,97.629997,78.710075,4690800
2019-01-16,97.68,98.110001,97.029999,97.169998,78.339241,4559500
2019-01-17,96.120003,98.440002,95.849998,97.540001,78.63752,6872300
2019-01-18,98.440002,99.980003,97.940002,99.419998,80.153191,6677500
2019-01-22,98.43,98.43,95.82,96.620003,77.895813,11068600
2019-01-23,96.870003,97.370003,94.809998,95.489998,76.984787,10298700
2019-01-24,97.959999,102.510002,97.800003,102.089996,82.305779,14260300
2019-01-25,102.82,104.870003,102.720001,104.410004,84.176155,11041700
2019-01-28,101.879997,104.129997,101.760002,102.68,82.781441,7292700
2019-01-29,102.860001,103.470001,101.309998,101.349998,81.709183,6153100
2019-01-30,101.68,102.629997,100.18,102.139999,82.976509,6430200
2019-01-31,101.019997,101.790001,100.169998,100.68,81.790436,8272300
2019-02-01,100.550003,102.059998,100.260002,101.989998,82.854637,5615000
2019-02-04,101.980003,102.339996,101.07,101.800003,82.700287,5761200
2019-02-05,102.209999,102.400002,100.980003,102.32,83.122726,6372200
2019-02-06,104.260002,106.889999,104.050003,106.480003,86.502243,9907800
2019-02-07,105.099998,105.580002,103.139999,103.860001,84.373779,7045700
2019-02-08,102.449997,104.809998,102.139999,104.550003,84.934326,5392400
2019-02-11,104.709999,105.449997,104.25,104.760002,85.104927,4553000
2019-02-12,105.93,106.580002,105.75,106.440002,86.469719,5316800
2019-02-13,106.790001,108.120003,106.660004,107.150002,87.046516,5965200
2019-02-14,106.779999,108.389999,106.43,106.970001,86.900291,3438800
2019-02-15,107.830002,107.870003,106.690002,107.57,87.387703,3604300
2019-02-19,107.110001,107.889999,106.610001,107.279999,87.152153,3188000
2019-02-20,107.720001,108.459999,107.239998,107.940002,87.688301,3692800
2019-02-21,106.970001,107.75,106.199997,106.639999,86.632202,3933500
2019-02-22,107.900002,108.379997,106.650002,107.309998,87.176491,4392900
2019-02-25,109.0,109.489998,107.830002,108.190002,87.891388,5750200
2019-02-26,108.150002,108.169998,106.830002,107.269997,87.144012,3740100
2019-02-27,106.419998,106.419998,104.709999,105.709999,85.876694,4395800
2019-02-28,105.18,105.839996,104.809998,105.779999,85.933533,5465800
2019-03-01,106.860001,107.089996,105.779999,106.760002,86.729683,4164200
2019-03-04,107.459999,108.129997,106.0,107.400002,87.249611,3278500
2019-03-05,107.669998,107.790001,106.519997,106.57,86.575333,4008600
2019-03-06,106.599998,106.75,105.260002,105.419998,85.641113,3568000
2019-03-07,104.849998,105.720001,103.68,104.949997,85.25927,5431000
2019-03-08,103.690002,105.110001,103.349998,104.860001,85.18618,5180800
2019-03-11,105.160004,106.900002,105.0,106.449997,86.477852,3319800
2019-03-12,106.849998,107.050003,105.760002,106.519997,86.534714,3047200
2019-03-13,107.160004,108.290001,106.660004,107.580002,87.395828,3911100
2019-03-14,107.260002,107.68,105.970001,107.099998,87.005905,5393700
2019-03-15,108.0,110.800003,107.989998,110.739998,89.962967,13932300
2019-03-18,110.050003,111.139999,108.919998,109.809998,89.207443,4408900
2019-03-19,110.580002,110.800003,109.550003,110.019997,89.378036,3592100
2019-03-20,110.139999,110.900002,109.029999,109.629997,89.061234,3829400
2019-03-21,110.010002,112.980003,109.949997,112.220001,91.165283,5772700
2019-03-22,111.720001,112.410004,109.529999,109.68,89.101837,3773500
2019-03-25,108.129997,109.220001,106.260002,107.110001,87.01403,5479100
2019-03-26,108.279999,108.75,107.389999,108.330002,88.005135,3085500
2019-03-27,108.389999,108.830002,105.449997,105.970001,86.087898,4797200
2019-03-28,105.989998,106.400002,103.629997,104.910004,85.226799,5386400
2019-03-29,106.050003,106.629997,105.360001,106.07,86.169136,4327700
2019-04-01,107.989998,108.959999,106.93,108.639999,88.25695,5349800
2019-04-02,108.970001,110.43,108.18,110.279999,89.589272,7005500
2019-04-03,111.879997,114.150002,111.400002,112.75,91.595871,7036700
2019-04-04,112.379997,114.269997,112.360001,113.239998,91.993904,5035600
2019-04-05,113.809998,114.120003,113.309998,113.629997,92.31073,3318300
2019-04-08,113.800003,115.419998,113.32,115.220001,93.602425,4580800
2019-04-09,114.550003,114.669998,113.25,113.940002,92.562584,4648200
2019-04-10,113.879997,115.190002,113.540001,114.919998,93.358696,3013300
2019-04-11,115.059998,115.43,114.129997,114.879997,93.32621,2799300
2019-04-12,115.779999,117.029999,115.779999,116.760002,94.85347,4881100
2019-04-15,116.610001,117.370003,114.019997,115.089996,93.496803,4265100
2019-04-16,115.839996,116.849998,115.629997,116.370003,94.536652,4133700
2019-04-17,116.970001,117.849998,114.910004,115.599998,93.911125,6227500
2019-04-18,116.18,116.18,115.129997,115.510002,93.838005,4195800
2019-04-22,114.529999,115.150002,113.650002,114.949997,93.383072,3691200
2019-04-23,115.400002,116.529999,114.519997,116.379997,94.544785,7547400
2019-04-24,115.0,119.32,114.849998,118.43,96.210167,14483900
2019-04-25,117.839996,118.419998,115.650002,117.169998,95.186577,5315400
2019-04-26,116.0,117.25,115.309998,117.209999,95.219063,3582600
2019-04-29,116.730003,117.339996,116.0,116.699997,94.804756,3407600
2019-04-30,116.879997,118.370003,116.660004,117.830002,95.722717,4533200
2019-05-01,118.059998,118.919998,116.199997,116.290001,94.471672,3335800
2019-05-02,116.400002,118.57,116.279999,117.459999,95.422157,4532200
2019-05-03,117.459999,117.970001,116.110001,117.470001,96.060005,3689000
2019-05-06,114.120003,116.0,113.5,115.860001,94.743439,3974300
2019-05-07,114.0,114.43,112.25,113.93,93.165199,5928100
2019-05-08,112.82,114.75,112.480003,112.559998,92.044891,4819300
2019-05-09,110.879997,112.839996,110.199997,112.150002,91.709625,4817500
2019-05-10,111.860001,113.129997,109.360001,112.599998,92.077591,4189900
2019-05-13,109.169998,110.349998,106.730003,107.110001,87.588211,7867600
2019-05-14,108.209999,109.849998,107.879997,109.040001,89.166443,4068200
2019-05-15,108.0,110.870003,107.709999,110.290001,90.188599,4803600
2019-05-16,108.93,110.629997,108.099998,109.209999,89.305466,4690600
2019-05-17,108.18,109.480003,106.110001,106.790001,87.326523,6944000
2019-05-20,103.089996,105.889999,103.089996,104.730003,85.641998,7519900
2019-05-21,106.900002,108.0,106.269997,107.0,87.498245,4977200
2019-05-22,106.589996,107.889999,106.400002,106.779999,87.318344,3297000
2019-05-23,105.779999,105.989998,104.349998,105.830002,86.541512,4828000
2019-05-24,106.529999,107.489998,104.919998,105.059998,85.911835,2786400
2019-05-28,105.889999,105.949997,103.150002,103.209999,84.39901,5707100
2019-05-29,102.660004,104.900002,101.57,104.150002,85.167686,4923400
2019-05-30,104.480003,106.099998,104.129997,105.440002,86.222565,3365700
2019-05-31,104.32,106.120003,104.0,104.309998,85.298508,4463100
2019-06-03,105.040001,106.980003,104.589996,105.169998,86.001793,4504500
2019-06-04,107.160004,109.25,106.349998,109.120003,89.23185,4924700
2019-06-05,110.0,110.290001,107.779999,109.480003,89.526245,3977400
2019-06-06,109.510002,110.669998,108.790001,110.190002,90.106834,4734100
2019-06-07,111.139999,111.830002,110.589996,111.169998,90.908241,5408600
2019-06-10,111.760002,113.510002,111.0,112.629997,92.102119,4656800
2019-06-11,114.309998,114.339996,111.970001,112.93,92.347427,4775700
2019-06-12,112.480003,112.790001,109.980003,110.339996,90.2295,4105400
2019-06-13,110.760002,111.360001,110.32,111.18,90.916389,3392000
2019-06-14,106.839996,109.050003,106.800003,107.309998,87.751747,7137800
2019-06-17,107.300003,108.0,106.550003,106.720001,87.269264,3655300
2019-06-18,108.300003,111.57,107.580002,111.040001,90.801926,5207900
2019-06-19,111.800003,112.300003,110.690002,111.300003,91.014549,2745900
2019-06-20,113.870003,114.349998,111.709999,112.709999,92.167542,2789900
2019-06-21,111.870003,113.370003,111.660004,112.32,91.848625,5124900
2019-06-24,112.169998,113.089996,111.82,112.730003,92.183907,3356200
2019-06-25,112.910004,113.239998,111.339996,111.480003,91.161736,3426200
2019-06-26,113.410004,115.019997,112.769997,114.43,93.574051,5308200
2019-06-27,115.220001,116.660004,115.019997,115.860001,94.743439,4163800
2019-06-28,116.419998,116.830002,114.5,114.760002,93.843918,6129800
2019-07-01,117.599998,118.980003,116.239998,117.190002,95.831032,6123700
2019-07-02,116.989998,117.0,115.110001,116.059998,94.906975,3818600
2019-07-03,116.190002,116.400002,114.919998,115.940002,94.808868,2321700
2019-07-05,114.82,116.07,114.370003,115.75,94.653473,2915400
2019-07-08,115.190002,115.82,114.68,114.93,93.982918,2974500
2019-07-09,114.599998,115.919998,114.389999,115.779999,94.677994,2754000
2019-07-10,116.620003,118.449997,116.190002,116.639999,95.381279,3531800
2019-07-11,116.599998,116.980003,115.889999,116.720001,95.446693,3044700
2019-07-12,117.650002,118.400002,116.660004,118.32,96.755066,2292500
2019-07-15,118.5,120.0,118.489998,119.839996,97.998055,4020600
2019-07-16,118.5,119.050003,117.540001,118.68,97.049446,4588800
2019-07-17,118.440002,118.489998,116.760002,117.18,95.822868,4027700
2019-07-18,117.489998,118.720001,117.010002,118.57,96.959511,2913000
2019-07-19,118.75,119.0,117.040001,117.260002,95.888268,5596300
2019-07-22,117.980003,118.489998,117.57,118.18,96.640572,3862700
2019-07-23,119.199997,120.349998,118.550003,120.07,98.186119,7146900
2019-07-24,126.5,129.800003,125.959999,129.0,105.488525,16553300
2019-07-25,128.589996,128.800003,126.57,127.349998,104.139259,8504500
2019-07-26,127.82,128.929993,127.309998,128.160004,104.801636,5282300
2019-07-29,128.199997,130.369995,127.93,129.970001,106.281754,6070100
2019-07-30,128.190002,128.970001,127.489998,128.539993,105.738815,3487300
2019-07-31,127.82,128.570007,123.040001,125.010002,102.834991,6601600
2019-08-01,125.599998,128.729996,123.230003,123.449997,101.551704,7979300
2019-08-02,123.190002,124.349998,121.07,121.82,100.210846,7368400
2019-08-05,119.220001,119.290001,116.220001,116.93,96.188278,8689800
2019-08-06,118.360001,119.349998,117.029999,119.0,97.891083,4783900
2019-08-07,117.290001,120.989998,117.050003,120.720001,99.305977,7726600
2019-08-08,121.980003,124.580002,121.379997,124.309998,102.259171,6226400
2019-08-09,123.970001,124.32,120.599998,120.610001,99.2155,5777500
2019-08-12,119.610001,121.07,119.470001,120.080002,98.779518,3728400
2019-08-13,120.360001,124.449997,119.279999,123.339996,101.46122,6285300
2019-08-14,120.699997,122.209999,120.160004,120.599998,99.207268,4531700
2019-08-15,121.269997,121.610001,118.730003,119.849998,98.590309,3352600
2019-08-16,121.279999,123.209999,119.849998,122.82,101.033478,3675100
2019-08-19,125.550003,126.360001,124.010002,124.599998,102.497711,3244500
2019-08-20,124.230003,125.220001,123.410004,124.309998,102.259171,2706400
2019-08-21,125.5,126.080002,124.699997,126.040001,103.682289,3866100
2019-08-22,126.110001,126.599998,124.190002,125.209999,102.999519,2997800
2019-08-23,124.120003,125.089996,119.839996,120.290001,98.952263,6515900
2019-08-26,122.459999,122.470001,120.510002,121.669998,100.087456,3294000
2019-08-27,122.93,123.580002,121.529999,122.18,100.506996,3679700
2019-08-28,121.370003,122.980003,120.529999,122.739998,100.967682,2470800
2019-08-29,124.18,125.309998,123.389999,123.57,101.650452,3454600
2019-08-30,124.830002,125.239998,123.440002,123.75,101.7985,2747100
2019-09-03,123.050003,123.480003,120.669998,121.739998,100.145073,3913200
2019-09-04,123.949997,124.940002,123.849998,124.589996,102.489494,3858200
2019-09-05,126.75,129.009995,126.150002,126.809998,104.31572,5330400
2019-09-06,127.099998,127.910004,126.589996,127.089996,104.546036,2457500
2019-09-09,127.940002,127.940002,125.68,127.099998,104.55426,3813700
2019-09-10,126.010002,127.059998,124.900002,127.040001,104.504906,4725600
2019-09-11,127.0,128.649994,126.400002,128.580002,105.771744,4286100
2019-09-12,129.199997,130.919998,128.369995,130.220001,107.120827,4472900
2019-09-13,130.470001,130.889999,129.559998,129.610001,106.619026,3110800
2019-09-16,128.759995,129.479996,128.089996,128.360001,105.590752,3065800
2019-09-17,128.300003,129.699997,127.620003,129.559998,106.577904,2673600
2019-09-18,129.559998,129.559998,127.199997,129.309998,106.372231,2328000
2019-09-19,129.5,130.259995,128.5,128.830002,105.977394,2608100
2019-09-20,128.300003,128.75,126.220001,126.669998,104.200539,7471500
2019-09-23,126.669998,128.350006,126.309998,127.769997,105.105415,3946200
2019-09-24,128.770004,128.809998,124.900002,125.809998,103.493073,4694600
2019-09-25,125.300003,128.330002,124.529999,127.739998,105.080727,3293400
2019-09-26,128.279999,128.669998,126.639999,128.110001,105.385101,3297700
2019-09-27,129.520004,129.639999,125.860001,127.139999,104.587166,5263500
2019-09-30,127.690002,129.399994,127.57,129.240005,106.314674,4233400
2019-10-01,130.0,131.800003,127.589996,128.589996,105.779961,5093900
2019-10-02,127.260002,127.779999,126.220001,126.839996,104.340378,5334600
2019-10-03,127.269997,129.25,125.860001,128.699997,105.870453,5199700
2019-10-04,129.309998,130.309998,128.990005,130.139999,107.055016,3893000
2019-10-07,130.039993,130.490005,128.740005,128.850006,105.993828,2426200
2019-10-08,127.419998,127.870003,123.629997,124.980003,102.81031,4769100
2019-10-09,126.75,128.179993,126.32,127.440002,104.833977,2884800
2019-10-10,127.860001,129.369995,127.099998,127.730003,105.072502,2679300
2019-10-11,130.100006,131.759995,129.559998,130.089996,107.013878,4717200
2019-10-14,129.580002,129.940002,129.070007,129.75,106.734184,2292900
2019-10-15,130.279999,132.199997,129.789993,131.690002,108.330063,2955400
2019-10-16,130.830002,131.449997,129.190002,129.5,106.528526,4537600
2019-10-17,130.899994,131.389999,128.809998,130.130005,107.046776,3003500
2019-10-18,129.789993,130.419998,128.550003,129.460007,106.495651,4126000
2019-10-21,130.740005,131.020004,129.649994,130.929993,107.704834,3355100
2019-10-22,130.270004,131.100006,128.229996,128.570007,105.763519,5518900
2019-10-23,116.800003,121.620003,115.870003,118.949997,97.849945,18450000
2019-10-24,118.809998,120.290001,117.32,118.410004,97.405762,6205400
2019-10-25,118.510002,120.690002,118.510002,120.510002,99.133224,4788200
2019-10-28,121.059998,122.099998,119.239998,120.0,98.713699,6492900
2019-10-29,120.519997,120.919998,119.519997,120.290001,98.952263,4622200
2019-10-30,119.730003,120.07,117.580002,117.790001,97.62616,5276200
2019-10-31,117.650002,118.309998,116.489998,117.989998,97.791924,4778400
2019-11-01,119.190002,119.589996,117.870003,118.040001,97.833351,4430100
2019-11-04,119.919998,121.410004,119.480003,120.970001,100.26178,5175400
2019-11-05,121.099998,121.730003,119.660004,119.860001,99.341789,3994500
2019-11-06,119.669998,120.550003,118.860001,120.360001,99.756218,3904700
2019-11-07,120.940002,121.860001,119.080002,119.919998,99.391533,4271200
2019-11-08,119.699997,120.139999,118.82,120.110001,99.549004,3804900
2019-11-11,119.07,119.699997,117.970001,118.080002,97.866516,5165300
2019-11-12,118.18,119.910004,118.18,119.019997,98.645599,4761100
2019-11-13,118.059998,118.959999,117.610001,118.419998,98.148308,4928800
2019-11-14,118.190002,118.360001,116.779999,117.57,97.443802,4568500
2019-11-15,118.57,118.760002,117.559998,118.0,97.800224,4496800
2019-11-18,117.919998,118.290001,117.169998,117.889999,97.709023,5337700
2019-11-19,118.480003,118.480003,116.980003,117.839996,97.667595,3860600
2019-11-20,117.25,117.699997,115.489998,116.230003,96.333191,4368600
2019-11-21,116.199997,116.349998,114.589996,116.099998,96.225471,5447700
2019-11-22,116.730003,117.529999,116.550003,117.010002,96.979691,3008900
2019-11-25,117.790001,119.470001,117.709999,119.010002,98.637314,3726400
2019-11-26,119.040001,119.5,117.889999,119.129997,98.736786,7099700
2019-11-27,119.910004,121.809998,119.5,121.730003,100.891678,4876200
2019-11-29,121.150002,121.639999,119.989998,120.209999,99.631882,3498900
2019-12-02,120.120003,120.190002,117.910004,118.790001,98.454971,4733500
2019-12-03,117.150002,117.970001,116.059998,117.75,97.593018,5307100
2019-12-04,119.980003,121.470001,119.410004,120.279999,99.689919,4537600
2019-12-05,120.57,120.809998,119.769997,120.739998,100.071152,3260400
2019-12-06,121.949997,122.699997,121.879997,122.370003,101.422134,3815900
2019-12-09,122.260002,122.489998,121.870003,122.0,101.115479,2801300
2019-12-10,122.190002,122.989998,121.169998,121.370003,100.593323,4043400
2019-12-11,121.279999,123.839996,121.199997,123.720001,102.541008,2959800
2019-12-12,123.800003,126.980003,123.029999,126.07,104.488747,5412700
2019-12-13,125.959999,127.470001,125.389999,126.639999,104.961174,3451500
2019-12-16,127.580002,128.669998,127.07,127.07,105.317551,4973100
2019-12-17,127.839996,128.0,125.970001,127.089996,105.334137,4354200
2019-12-18,127.389999,127.389999,126.0,126.349998,104.720802,5776200
2019-12-19,126.339996,126.480003,125.0,126.400002,104.762268,3961500
2019-12-20,127.25,129.039993,125.849998,128.949997,106.875725,9321400
2019-12-23,129.0,129.169998,128.160004,128.550003,106.544212,3095000
2019-12-24,128.729996,128.850006,127.889999,128.529999,106.527618,1403400
2019-12-26,128.710007,128.75,128.050003,128.479996,106.486191,2339900
2019-12-27,128.860001,128.919998,128.089996,128.570007,106.560806,1800600
2019-12-30,128.199997,128.470001,127.040001,127.660004,105.806572,2283700
2019-12-31,127.25,128.389999,127.059998,128.289993,106.328712,2813300
2020-01-02,129.130005,129.610001,127.769997,129.570007,107.389595,4614000
2020-01-03,127.459999,129.25,127.230003,127.849998,105.96405,4057200
2020-01-06,127.059998,127.330002,125.900002,126.959999,105.226379,4345400
2020-01-07,129.149994,130.899994,128.419998,129.410004,107.256989,7184100
2020-01-08,129.339996,130.570007,129.059998,129.759995,107.547073,3546900
2020-01-09,130.699997,131.740005,130.240005,131.330002,108.848312,3526600
2020-01-10,131.809998,131.809998,129.820007,130.0,107.745979,3234000
2020-01-13,130.570007,130.740005,129.770004,129.949997,107.704536,4313200
2020-01-14,129.949997,131.860001,129.830002,130.669998,108.301292,4626200
2020-01-15,130.429993,130.429993,128.860001,129.169998,107.058075,3392300
2020-01-16,130.0,130.229996,129.350006,130.160004,107.878609,5475900
2020-01-17,130.759995,132.039993,130.440002,131.699997,109.154976,5487100
2020-01-21,131.089996,132.190002,130.580002,130.860001,108.458771,8631500
2020-01-22,132.020004,135.699997,131.820007,133.339996,110.514236,8899700
2020-01-23,131.419998,134.410004,129.649994,134.25,111.26844,8598700
2020-01-24,134.800003,135.440002,129.75,130.520004,108.176956,5606800
2020-01-27,128.649994,129.25,126.239998,126.309998,104.68766,5890900
2020-01-28,127.150002,128.309998,126.760002,128.039993,106.121498,4397500
2020-01-29,127.550003,128.509995,125.440002,125.489998,104.008049,4535000
2020-01-30,123.220001,124.669998,122.220001,124.419998,103.866096,5521300
2020-01-31,123.360001,123.639999,119.959999,120.650002,100.718918,5782500
2020-02-03,121.059998,123.68,121.059998,123.400002,103.014603,5396400
2020-02-04,126.0,127.32,125.360001,126.470001,105.577469,4434700
2020-02-05,128.660004,132.910004,128.660004,132.440002,110.561234,7281800
2020-02-06,133.0,133.0,131.479996,132.520004,110.628021,3686600
2020-02-07,131.25,131.25,128.509995,128.699997,107.439079,4331700
2020-02-10,127.550003,129.699997,127.300003,129.649994,108.232124,2882500
2020-02-11,130.470001,131.979996,130.130005,130.699997,109.10865,2986800
2020-02-12,131.649994,132.940002,131.639999,132.419998,110.54454,2839100
2020-02-13,131.880005,133.389999,131.160004,132.809998,110.870094,4268700
2020-02-14,133.479996,133.619995,131.270004,132.210007,110.369225,2605200
2020-02-18,131.100006,131.779999,130.589996,131.240005,109.559471,3094400
2020-02-19,132.899994,134.300003,132.210007,133.130005,111.137253,3931600
2020-02-20,132.610001,133.259995,130.339996,131.470001,109.751472,2487800
2020-02-21,130.759995,130.830002,127.959999,128.520004,107.288803,4121000
2020-02-24,124.010002,125.260002,121.25,121.440002,101.37838,7483800
2020-02-25,122.900002,123.029999,118.019997,118.379997,98.823898,6347200
2020-02-26,119.290001,120.639999,117.629997,118.790001,99.166168,5778000
2020-02-27,116.349998,118.489998,113.07,113.129997,94.441177,8687300
2020-02-28,109.449997,116.120003,108.610001,114.139999,95.28434,11431100
2020-03-02,115.160004,119.07,113.32,118.970001,99.316437,7207500
2020-03-03,118.379997,120.120003,112.209999,113.809998,95.008865,9217300
2020-03-04,115.769997,119.089996,114.339996,119.050003,99.383232,5556500
2020-03-05,115.169998,117.209999,113.709999,114.720001,95.768532,6162300
2020-03-06,111.089996,113.870003,110.139999,113.160004,94.466255,6386200
2020-03-09,105.110001,110.080002,104.419998,105.040001,87.68766,8454600
2020-03-10,108.830002,112.139999,104.75,112.120003,93.598053,9206200
2020-03-11,109.540001,111.440002,105.790001,106.5,88.906456,9636500
2020-03-12,99.419998,104.730003,96.550003,97.529999,81.418282,15158500
2020-03-13,103.309998,107.470001,98.459999,106.040001,88.522446,16040100
2020-03-16,95.879997,104.5,93.089996,93.5,78.054016,12389200
2020-03-17,96.029999,107.639999,95.110001,106.150002,88.614273,16243500
2020-03-18,100.050003,105.82,94.150002,100.0,83.480255,16413900
2020-03-19,99.389999,105.0,97.120003,101.57,84.790886,9298500
2020-03-20,104.5,105.5,97.099998,97.599998,81.476715,10253200
2020-03-23,97.349998,101.959999,94.919998,98.440002,82.177956,9680700
2020-03-24,102.150002,105.68,99.459999,105.360001,87.954788,9385700
2020-03-25,104.330002,105.830002,98.510002,99.160004,82.779015,11862100
2020-03-26,99.400002,108.839996,99.010002,107.760002,89.958305,10441400
2020-03-27,104.0,105.0,100.07,100.5,83.897644,7579200
2020-03-30,100.400002,103.440002,100.300003,102.019997,85.16655,6950800
2020-03-31,102.019997,103.190002,99.480003,99.93,83.421791,8968000
2020-04-01,96.099998,100.370003,96.07,96.889999,80.88398,8229700
2020-04-02,96.260002,102.220001,96.099998,102.019997,85.16655,8353400
2020-04-03,102.440002,103.639999,98.849998,99.980003,83.463539,6587300
2020-04-06,104.580002,109.559998,103.510002,108.959999,90.96006,7189500
2020-04-07,111.690002,112.93,105.830002,106.260002,88.706116,7762200
2020-04-08,108.190002,110.669998,106.220001,110.169998,91.970184,5426500
2020-04-09,111.0,112.209999,107.080002,107.690002,89.899879,5902300
2020-04-13,105.5,108.449997,105.300003,107.669998,89.883171,5209400
2020-04-14,109.519997,111.43,108.970001,110.949997,92.62133,8142400
2020-04-15,109.080002,109.139999,106.760002,107.980003,90.141968,5381300
2020-04-16,109.419998,111.910004,107.809998,111.389999,92.988647,5777700
2020-04-17,111.610001,114.059998,110.730003,113.550003,94.791824,6100000
2020-04-20,111.519997,115.120003,111.300003,111.529999,93.105507,7957200
2020-04-21,110.199997,110.75,106.5,106.839996,89.190292,8799800
2020-04-22,109.68,112.459999,108.610001,111.980003,93.481194,10961000
2020-04-23,111.739998,113.900002,110.18,110.459999,92.212265,5374000
2020-04-24,111.349998,114.0,111.040001,113.93,95.109032,5570200
2020-04-27,114.0,116.239998,113.019997,115.779999,96.653427,4728000
2020-04-28,118.120003,119.809998,114.07,114.239998,95.367821,5762300
2020-04-29,115.93,119.68,115.870003,119.400002,99.675407,4936900
2020-04-30,117.540001,117.989998,115.190002,116.07,96.895508,5781000
2020-05-01,112.379997,113.25,109.449997,109.709999,92.301872,5839800
2020-05-04,108.919998,110.660004,107.839996,110.5,92.96653,4987000
2020-05-05,111.5,113.190002,110.800003,111.540001,93.841522,5242400
2020-05-06,112.400002,113.849998,111.980003,112.419998,94.581871,3701300
2020-05-07,113.889999,114.93,112.620003,113.650002,95.616722,3601300
2020-05-08,113.959999,115.540001,112.75,115.0,96.752472,4331200
2020-05-11,113.410004,115.769997,113.410004,114.879997,96.651527,2723600
2020-05-12,115.139999,115.870003,111.339996,111.690002,93.967728,3547100
2020-05-13,112.919998,112.919998,107.379997,109.07,91.763428,4653000
2020-05-14,109.0,110.440002,106.419998,110.349998,92.840332,4396100
2020-05-15,106.540001,108.370003,105.449997,108.239998,91.06514,7237700
2020-05-18,111.18,115.150002,110.260002,114.419998,96.264511,6527200
2020-05-19,114.019997,115.339996,112.529999,112.68,94.800598,4594800
2020-05-20,115.139999,118.830002,114.639999,117.480003,98.838974,4961600
2020-05-21,116.440002,117.330002,113.379997,113.459999,95.456856,4381700
2020-05-22,113.529999,113.870003,112.32,113.43,95.431587,3061600
2020-05-26,115.809998,117.610001,115.510002,115.730003,97.366646,4822000
2020-05-27,116.43,117.970001,115.540001,117.82,99.125015,4079400
2020-05-28,117.760002,118.690002,115.510002,115.870003,97.484436,3798200
2020-05-29,116.809998,119.260002,115.660004,118.739998,99.899055,5953600
2020-06-01,117.769997,118.400002,116.830002,117.860001,99.158684,2842500
2020-06-02,118.599998,122.93,117.839996,122.669998,103.205467,7277700
2020-06-03,126.669998,128.470001,125.639999,127.209999,107.025093,7650600
2020-06-04,126.379997,129.0,126.290001,128.580002,108.177696,5052500
2020-06-05,130.960007,135.679993,130.550003,131.440002,110.583893,7788500
2020-06-08,130.660004,133.289993,129.630005,132.860001,111.77858,5602500
2020-06-09,131.350006,132.910004,130.149994,132.119995,111.155991,4450000
2020-06-10,132.449997,132.789993,130.990005,131.399994,110.550232,4005700
2020-06-11,129.050003,129.220001,124.330002,124.610001,104.837639,6013700
2020-06-12,127.269997,127.739998,122.400002,123.970001,104.299179,5950800
2020-06-15,121.57,124.529999,120.800003,124.230003,104.517921,5152800
2020-06-16,128.270004,129.130005,124.480003,126.110001,106.099632,3529000
2020-06-17,127.059998,127.870003,125.790001,126.220001,106.192169,2934000
2020-06-18,125.730003,126.629997,125.089996,125.980003,105.99025,3062500
2020-06-19,128.059998,128.240005,123.970001,124.889999,105.073212,10377200
2020-06-22,124.769997,125.459999,123.110001,125.230003,105.359276,3677600
2020-06-23,126.629997,128.100006,126.0,126.620003,106.528694,4679000
2020-06-24,125.290001,126.800003,123.129997,123.989998,104.316017,4747100
2020-06-25,124.0,125.339996,122.349998,125.059998,105.216248,2617200
2020-06-26,124.629997,124.889999,122.400002,123.370003,103.794403,9870700
2020-06-29,123.849998,124.949997,122.419998,124.769997,104.972252,3540100
2020-06-30,124.400002,127.699997,124.349998,126.970001,106.823166,5572400
2020-07-01,126.599998,126.860001,124.669998,124.800003,104.997498,4022000
2020-07-02,126.389999,127.169998,125.019997,125.809998,105.847229,4799000
2020-07-06,127.510002,130.529999,126.199997,129.529999,108.976952,4957000
2020-07-07,128.729996,129.470001,128.25,128.600006,108.19455,3778200
2020-07-08,129.669998,129.740005,127.690002,129.259995,108.749802,3584300
2020-07-09,128.789993,131.990005,126.900002,130.429993,109.734146,4977300
2020-07-10,130.220001,131.240005,128.960007,130.529999,109.818298,2659200
2020-07-13,132.0,133.589996,128.490005,128.820007,108.379623,4861600
2020-07-14,127.790001,132.229996,126.709999,131.889999,110.962486,4247500
2020-07-15,131.429993,132.449997,130.089996,132.149994,111.181236,3625100
2020-07-16,130.850006,132.690002,130.509995,132.179993,111.206451,3337600
2020-07-17,133.509995,135.0,132.25,133.889999,112.645142,4666100
2020-07-20,134.199997,137.0,133.190002,136.580002,114.908279,4623100
2020-07-21,137.089996,137.649994,135.259995,135.479996,113.982849,7715800
2020-07-22,134.600006,135.179993,130.490005,132.529999,111.500931,10911900
2020-07-23,133.0,133.149994,128.320007,129.039993,108.564697,7793500
2020-07-24,129.75,131.970001,128.110001,129.630005,109.061096,5077100
2020-07-27,130.350006,132.330002,130.039993,132.119995,111.155991,3874500
2020-07-28,130.899994,131.809998,129.720001,130.130005,109.481735,3545300
2020-07-29,130.929993,132.300003,130.589996,131.639999,110.752144,2818300
2020-07-30,128.449997,129.869995,127.739998,128.889999,109.18499,4146900
2020-07-31,128.350006,128.600006,125.43,127.550003,108.04985,8044000
2020-08-03,128.149994,129.5,127.68,129.320007,109.549263,4311800
2020-08-04,129.039993,132.330002,128.710007,132.229996,112.014351,5361500
2020-08-05,130.5,132.789993,130.479996,132.699997,112.412483,4370200
2020-08-06,132.589996,133.820007,132.029999,133.740005,113.293533,2961800
2020-08-07,133.740005,134.110001,132.470001,133.559998,113.141037,2856700
2020-08-10,133.220001,135.809998,132.470001,135.410004,114.708229,5526400
2020-08-11,136.809998,138.830002,135.649994,136.039993,115.241875,5383800
2020-08-12,137.470001,139.139999,136.649994,138.639999,117.444374,3073700
2020-08-13,138.110001,138.600006,136.949997,137.149994,116.18219,2945100
2020-08-14,137.729996,138.309998,137.0,137.350006,116.351624,2062900
2020-08-17,137.860001,139.240005,137.630005,138.279999,117.13942,2380400
2020-08-18,138.960007,139.460007,138.199997,139.309998,118.011963,2760400
2020-08-19,139.669998,140.880005,138.029999,138.479996,117.308853,3803200
2020-08-20,137.309998,139.130005,136.619995,138.570007,117.385086,2761200
2020-08-21,138.119995,140.490005,137.190002,140.330002,118.87603,4382500
2020-08-24,140.860001,141.809998,139.919998,141.020004,119.460541,2841300
2020-08-25,141.580002,142.220001,140.979996,141.660004,120.002678,2840700
2020-08-26,141.320007,142.690002,141.119995,142.449997,120.67189,2974100
2020-08-27,143.059998,143.229996,140.520004,141.490005,119.85865,2801000
2020-08-28,141.509995,143.589996,141.100006,143.490005,121.55291,2884700
2020-08-31,142.649994,143.270004,141.820007,142.149994,120.417786,4344600
2020-09-01,143.0,145.059998,142.039993,144.960007,122.798172,3563400
2020-09-02,146.449997,148.369995,145.490005,147.639999,125.06842,4579200
2020-09-03,147.0,147.440002,140.559998,141.669998,120.011185,5866400
2020-09-04,140.850006,142.520004,137.710007,140.470001,118.994583,5251600
2020-09-08,136.199997,138.710007,135.75,136.039993,115.241875,5893700
2020-09-09,138.210007,140.850006,137.190002,139.679993,118.325386,5418500
2020-09-10,139.419998,141.25,136.220001,137.190002,116.216072,3985800
2020-09-11,138.220001,139.0,135.25,136.369995,115.521439,3524400
2020-09-14,138.320007,139.110001,137.630005,138.529999,117.351204,3120400
2020-09-15,139.789993,141.820007,139.360001,140.639999,119.138618,2718700
2020-09-16,142.089996,142.130005,139.610001,139.679993,118.325386,3591700
2020-09-17,136.419998,140.529999,135.919998,140.399994,118.935303,5646100
2020-09-18,141.139999,141.800003,137.0,138.660004,117.461342,7025900
2020-09-21,135.869995,137.119995,134.320007,136.979996,116.038155,6036000
2020-09-22,137.779999,138.820007,135.630005,138.649994,117.452866,3213200
2020-09-23,139.089996,139.089996,134.720001,135.160004,114.496422,5766400
2020-09-24,134.119995,138.320007,134.119995,136.690002,115.792488,2911000
2020-09-25,135.949997,139.100006,134.75,138.320007,117.173317,3036000
2020-09-28,140.220001,142.0,139.720001,141.940002,120.239899,3454100
2020-09-29,142.289993,143.050003,141.199997,141.5,119.867126,2722900
2020-09-30,141.160004,144.25,140.509995,142.789993,120.959946,5599600
2020-10-01,145.440002,147.220001,143.990005,144.910004,122.755852,4431200
2020-10-02,142.080002,143.929993,140.839996,141.089996,119.519836,3928600
2020-10-05,142.289993,144.229996,141.570007,144.080002,122.052719,3052800
2020-10-06,143.850006,147.139999,142.970001,143.850006,121.85791,3418700
2020-10-07,145.339996,147.289993,144.809998,146.75,124.314499,2845500
2020-10-08,146.830002,148.309998,146.559998,148.059998,125.42424,2323700
2020-10-09,150.080002,151.520004,148.850006,150.910004,127.838486,4209800
2020-10-12,152.580002,155.759995,151.830002,154.899994,131.218506,5147800
2020-10-13,155.110001,155.880005,153.679993,154.490005,130.871216,3524000
2020-10-14,154.5,154.729996,152.179993,152.770004,129.414139,3267400
2020-10-15,151.820007,153.050003,150.860001,152.550003,129.227814,2936000
2020-10-16,153.970001,154.919998,152.729996,153.119995,129.710632,4599700
2020-10-19,153.279999,154.919998,150.259995,150.759995,127.711472,4225400
2020-10-20,151.789993,152.240005,149.690002,150.830002,127.77076,3916100
2020-10-21,149.100006,149.460007,144.660004,146.130005,123.789291,6700600
2020-10-22,146.820007,148.880005,145.830002,148.220001,125.559784,3167200
2020-10-23,148.419998,150.0,148.320007,149.960007,127.03376,3509100
2020-10-26,148.199997,148.5,144.220001,145.949997,123.636803,4290700
2020-10-27,147.630005,148.330002,146.550003,147.119995,124.62793,4102400
2020-10-28,144.699997,145.860001,141.759995,143.0,121.137802,7413600
2020-10-29,141.690002,147.309998,141.330002,146.190002,124.72982,5600400
2020-10-30,145.0,145.949997,142.529999,144.589996,123.364677,5427000
2020-11-02,146.460007,146.899994,144.220001,145.600006,124.226425,3756600
2020-11-03,146.860001,148.589996,146.660004,147.300003,125.676834,3588600
2020-11-04,150.800003,153.5,148.440002,152.029999,129.71254,5015300
2020-11-05,154.839996,156.300003,154.149994,155.559998,132.724335,4638100
2020-11-06,156.050003,158.210007,154.940002,157.740005,134.58429,4217700
2020-11-09,162.0,164.630005,156.059998,156.220001,133.287415,5308600
2020-11-10,155.380005,156.350006,151.020004,151.490005,129.251801,5697900
2020-11-11,154.940002,155.940002,153.639999,155.699997,132.843781,3497200
2020-11-12,156.020004,156.929993,153.660004,154.5,131.819946,2607100
2020-11-13,156.639999,157.979996,155.160004,156.649994,133.654312,2439800
2020-11-16,157.270004,159.389999,156.619995,158.309998,135.070663,3456500
2020-11-17,157.389999,158.309998,155.179993,155.5,132.673141,3526700
2020-11-18,155.740005,156.339996,153.410004,153.550003,131.009354,2998400
2020-11-19,153.119995,157.429993,152.710007,157.270004,134.183273,2465300
2020-11-20,157.320007,158.75,156.550003,156.820007,133.799347,3013000
2020-11-23,156.899994,158.710007,155.139999,157.419998,134.311295,2803000
2020-11-24,158.619995,159.460007,156.690002,159.350006,135.957977,4962800
2020-11-25,159.550003,160.020004,157.259995,157.600006,134.464859,3543700
2020-11-27,159.380005,160.289993,158.779999,158.990005,135.650803,3084400
2020-11-30,159.229996,161.509995,157.720001,161.25,137.579071,4845200
2020-12-01,162.630005,164.330002,161.630005,163.490005,139.49025,4894400
2020-12-02,162.789993,163.570007,161.820007,162.720001,138.833252,4212300
2020-12-03,163.160004,164.559998,161.600006,161.979996,138.201874,4778600
2020-12-04,163.009995,166.600006,162.520004,166.520004,142.075439,3741600
2020-12-07,166.369995,166.449997,165.240005,166.289993,141.879181,4645300
2020-12-08,166.300003,167.240005,165.0,166.679993,142.211914,3259900
2020-12-09,164.800003,166.470001,161.960007,162.759995,138.867371,5593900
2020-12-10,162.160004,162.869995,160.779999,162.0,138.218948,5597300
2020-12-11,160.610001,161.949997,159.630005,160.610001,137.033035,4145800
2020-12-14,161.449997,162.75,159.990005,160.119995,136.614899,5994200
2020-12-15,162.020004,162.729996,161.210007,162.380005,138.543182,5732100
2020-12-16,162.940002,163.360001,160.919998,162.119995,138.32135,3147900
2020-12-17,162.910004,163.009995,161.410004,162.690002,138.807663,5253400
2020-12-18,163.369995,164.610001,162.100006,164.070007,139.985077,7072600
2020-12-21,161.550003,162.800003,159.559998,162.429993,138.585846,3077300
2020-12-22,162.190002,163.460007,162.059998,162.520004,138.662628,2640900
2020-12-23,162.199997,163.229996,160.809998,160.979996,137.348694,2012400
2020-12-24,160.720001,161.850006,160.479996,161.639999,137.911804,1044400
2020-12-28,163.759995,163.759995,161.0,161.470001,137.766769,2139300
2020-12-29,161.960007,162.679993,160.570007,161.179993,137.519318,2433700
2020-12-30,161.889999,163.130005,161.759995,162.699997,138.816193,2213800
2020-12-31,162.869995,164.389999,161.889999,164.130005,140.03627,2906200
2021-01-04,164.600006,167.839996,160.759995,162.220001,138.406662,4659900
2021-01-05,161.699997,163.529999,161.279999,163.410004,139.421997,4734100
2021-01-06,162.300003,167.449997,162.070007,164.220001,140.113068,5254400
2021-01-07,165.330002,168.699997,164.820007,167.940002,143.286987,5673600
2021-01-08,171.119995,172.75,168.860001,171.160004,146.034271,4556500
2021-01-11,170.240005,172.039993,169.139999,171.309998,146.162308,4553100
2021-01-12,171.289993,173.660004,170.970001,172.300003,147.006943,3406600
2021-01-13,172.289993,172.850006,170.869995,171.410004,146.24762,2953900
2021-01-14,171.100006,172.539993,170.350006,171.710007,146.503571,3416300
2021-01-15,170.979996,171.089996,167.570007,169.190002,144.3535,3734600
2021-01-19,171.190002,174.699997,171.190002,174.190002,148.619522,6277800
2021-01-20,174.839996,175.179993,172.789993,173.330002,147.885727,4329500
2021-01-21,174.419998,175.470001,172.110001,175.100006,149.39592,3583900
2021-01-22,174.490005,175.449997,172.75,172.809998,147.442047,3736800
2021-01-25,173.369995,174.570007,170.679993,172.919998,147.53595,5401900
2021-01-26,172.070007,174.279999,171.300003,171.470001,146.298798,5341900
2021-01-27,166.449997,167.619995,162.039993,162.929993,139.012436,10011200
2021-01-28,167.880005,171.100006,165.139999,169.229996,144.387604,6796600
2021-01-29,166.649994,168.0,164.020004,165.690002,142.224503,5969800
2021-02-01,167.360001,173.0,167.020004,172.460007,148.035736,5715600
2021-02-02,173.050003,175.699997,172.009995,174.75,150.001373,4861200
2021-02-03,174.779999,175.259995,168.5,168.580002,144.705231,5019200
2021-02-04,169.960007,172.119995,168.059998,172.0,147.640854,3519800
2021-02-05,172.800003,173.179993,168.059998,169.929993,145.864044,4045000
2021-02-08,171.339996,175.389999,170.839996,175.119995,150.318985,4597600
2021-02-09,174.5,175.220001,173.330002,173.690002,149.091507,2777700
2021-02-10,175.199997,176.139999,172.619995,174.360001,149.666595,3414600
2021-02-11,176.0,179.649994,175.440002,179.220001,153.838333,4776000
2021-02-12,178.0,179.899994,177.330002,179.639999,154.198868,2532500
2021-02-16,180.0,181.800003,178.839996,180.759995,155.160278,3887600
2021-02-17,178.320007,180.210007,176.360001,178.529999,153.246078,4315100
2021-02-18,177.429993,177.520004,174.199997,176.509995,151.512131,4195100
2021-02-19,177.860001,179.570007,176.639999,178.350006,153.091583,4248500
2021-02-22,176.0,176.919998,172.679993,173.089996,148.576508,4386900
2021-02-23,174.169998,174.440002,168.509995,172.850006,148.370499,6514400
2021-02-24,171.630005,179.770004,170.570007,179.389999,153.984283,5100500
2021-02-25,178.5,178.5,170.059998,170.529999,146.379028,6099600
2021-02-26,173.279999,173.850006,169.130005,172.270004,147.872604,6060600
2021-03-01,174.5,177.860001,173.089996,177.669998,152.507874,4771500
2021-03-02,177.570007,177.660004,174.149994,174.889999,150.121567,5401500
2021-03-03,174.089996,175.619995,170.360001,170.589996,146.430557,4715900
2021-03-04,170.5,170.850006,161.669998,163.25,140.130051,8318900
2021-03-05,167.539993,168.830002,162.029999,167.940002,144.155823,5681200
2021-03-08,166.389999,168.270004,161.770004,162.110001,139.15152,6065400
2021-03-09,167.169998,171.850006,166.289993,170.360001,146.233109,7610300
2021-03-10,171.649994,173.0,169.309998,169.419998,145.426239,4270500
2021-03-11,172.509995,175.600006,172.470001,174.949997,150.17308,5002700
2021-03-12,173.020004,174.100006,170.75,173.570007,148.98851,3514600
2021-03-15,173.470001,175.089996,171.759995,174.910004,150.138763,3876500
2021-03-16,176.25,178.809998,175.830002,177.139999,152.052917,4132600
2021-03-17,175.440002,180.179993,174.419998,179.350006,153.949936,4004800
2021-03-18,176.160004,179.770004,174.240005,174.360001,149.666595,4214400
2021-03-19,175.690002,178.050003,172.449997,175.979996,151.05722,8447300
2021-03-22,178.289993,181.690002,177.75,180.100006,154.593704,4476100
2021-03-23,181.910004,182.570007,177.710007,178.779999,153.460678,4688500
2021-03-24,179.990005,182.690002,178.779999,178.899994,153.563629,5056100
2021-03-25,177.529999,179.449997,173.75,178.490005,153.2117,4878500
2021-03-26,177.759995,188.869995,177.009995,188.199997,161.546555,6363500
2021-03-29,184.850006,187.699997,183.740005,186.179993,159.812637,4983600
2021-03-30,188.509995,188.509995,184.619995,185.940002,159.606644,4458700
2021-03-31,187.600006,190.449997,186.529999,188.990005,162.22467,5427500
2021-04-01,191.110001,192.539993,190.020004,192.059998,164.859909,4581300
2021-04-05,194.0,197.580002,193.630005,196.929993,169.040176,4323900
2021-04-06,194.220001,196.839996,193.039993,194.589996,167.031586,3506900
2021-04-07,194.460007,194.490005,191.509995,193.089996,165.744034,3678900
2021-04-08,196.089996,196.089996,193.350006,195.199997,167.555222,3157200
2021-04-09,193.309998,195.559998,192.740005,195.429993,167.752625,3127300
2021-04-12,192.639999,194.720001,191.339996,192.429993,165.177475,4504800
2021-04-13,192.139999,193.0,189.759995,191.240005,164.156006,4009300
2021-04-14,190.460007,191.5,189.009995,190.330002,163.374893,3555000
2021-04-15,191.929993,193.529999,190.820007,193.169998,165.812698,4471900
2021-04-16,193.660004,194.779999,191.639999,191.929993,164.748322,5792900
2021-04-19,190.350006,191.100006,186.720001,187.059998,160.568024,5334900
2021-04-20,186.979996,186.979996,184.279999,185.270004,159.031525,4258900
2021-04-21,187.899994,189.139999,184.960007,188.899994,162.147461,4796500
2021-04-22,186.660004,188.789993,184.770004,185.800003,159.486465,3853100
2021-04-23,187.020004,190.009995,186.509995,188.820007,162.078766,3512400
2021-04-26,188.860001,192.179993,187.889999,191.360001,164.259003,3842300
2021-04-27,191.059998,192.509995,189.779999,190.210007,163.271912,3864100
2021-04-28,181.639999,184.0,180.0,181.820007,156.070175,9434200
2021-04-29,183.630005,186.050003,182.649994,185.820007,159.503632,4547300
2021-04-30,182.179993,182.899994,179.130005,180.509995,155.800858,6193600
2021-05-03,181.490005,181.800003,177.559998,178.800003,154.324936,5136100
2021-05-04,178.259995,179.25,175.529999,179.029999,154.523468,5222300
2021-05-05,181.009995,183.179993,179.479996,181.649994,156.784821,5257100
2021-05-06,181.929993,184.839996,179.949997,184.270004,159.046204,4525800
2021-05-07,186.699997,188.100006,185.419998,187.759995,162.058456,4591400
2021-05-10,187.289993,187.289993,181.820007,182.050003,157.130066,4580400
2021-05-11,178.410004,183.529999,177.410004,183.199997,158.122635,4641300
2021-05-12,179.690002,180.100006,176.270004,176.600006,152.426086,5297900
2021-05-13,179.990005,180.630005,177.25,178.990005,154.488953,4361000
2021-05-14,180.699997,184.919998,179.5,183.270004,158.18309,4433500
2021-05-17,182.25,182.380005,178.850006,180.830002,156.077072,4162300
2021-05-18,181.110001,181.860001,178.589996,178.869995,154.385391,3454100
2021-05-19,175.240005,181.929993,175.0,181.720001,156.845245,4780000
2021-05-20,182.279999,186.539993,182.279999,185.300003,159.935226,5387000
2021-05-21,186.690002,186.690002,184.139999,185.009995,159.684906,3682300
2021-05-24,186.449997,189.350006,186.449997,188.690002,162.861176,4175900
2021-05-25,189.470001,189.679993,187.880005,188.699997,162.869736,4270100
2021-05-26,188.059998,189.779999,186.929993,188.360001,162.576309,4221600
2021-05-27,188.740005,190.050003,187.880005,189.130005,163.240921,10107700
2021-05-28,190.050003,191.029999,189.270004,189.820007,163.836456,3306500
2021-06-01,191.380005,192.029999,188.039993,189.0,163.128723,4817300
2021-06-02,189.5,190.860001,188.339996,190.75,164.63916,3137900
2021-06-03,187.690002,187.860001,184.899994,186.0,160.539368,4205300
2021-06-04,187.779999,190.380005,187.479996,190.070007,164.052261,3462900
2021-06-07,189.199997,189.800003,187.660004,188.550003,162.740341,2726100
2021-06-08,189.970001,189.970001,186.110001,186.929993,161.342056,3063600
2021-06-09,188.089996,188.130005,186.169998,186.449997,160.927795,2866900
2021-06-10,186.339996,188.899994,185.899994,188.0,162.265625,3188700
2021-06-11,188.080002,188.740005,186.940002,188.669998,162.843903,2309400
2021-06-14,188.259995,190.350006,187.070007,190.259995,164.216232,3360300
2021-06-15,190.460007,190.729996,188.119995,188.610001,162.792084,2600100
2021-06-16,189.910004,190.490005,186.300003,187.729996,162.032547,3357900
2021-06-17,187.240005,189.529999,186.199997,187.649994,161.963547,3222300
2021-06-18,186.009995,186.309998,182.5,183.070007,158.010468,7535200
2021-06-21,184.25,186.639999,183.360001,186.110001,160.634308,3771200
2021-06-22,185.490005,187.279999,184.339996,187.039993,161.436996,3299700
2021-06-23,186.479996,187.479996,185.990005,186.100006,160.625702,2473300
2021-06-24,188.050003,188.699997,187.449997,188.610001,162.792084,2876700
2021-06-25,188.050003,190.25,187.350006,188.169998,162.412308,4639100
2021-06-28,188.970001,192.380005,188.970001,191.529999,165.312408,3228700
2021-06-29,191.520004,193.009995,190.929993,192.880005,166.477615,2108700
2021-06-30,192.839996,193.0,191.490005,192.300003,165.97699,2687600
2021-07-01,192.020004,192.479996,190.059998,190.839996,164.716873,3455900
2021-07-02,192.630005,192.800003,190.910004,192.210007,165.899323,2389900
2021-07-06,192.580002,192.770004,189.550003,191.199997,165.027573,2619600
2021-07-07,192.770004,192.990005,188.979996,189.779999,163.801971,2749500
2021-07-08,187.559998,189.300003,185.369995,188.240005,162.472748,3146900
2021-07-09,188.169998,190.869995,187.0,190.270004,164.224869,3109200
2021-07-12,190.550003,192.020004,190.089996,191.919998,165.648987,4069500
2021-07-13,191.229996,192.460007,190.720001,191.199997,165.027573,2695100
2021-07-14,193.0,194.089996,190.729996,191.279999,165.096588,3590200
2021-07-15,190.470001,191.279999,187.399994,188.259995,162.490005,4259900
2021-07-16,189.270004,190.240005,185.729996,186.119995,160.642899,4337500
2021-07-19,184.279999,186.330002,183.369995,186.240005,160.746552,4181300
2021-07-20,187.059998,189.179993,185.759995,187.770004,162.067062,4287300
2021-07-21,188.449997,194.25,188.449997,194.240005,167.651443,6352800
2021-07-22,185.740005,187.660004,183.529999,183.910004,158.735489,12673900
2021-07-23,184.190002,186.929993,182.160004,186.850006,162.17247,5983000
2021-07-26,185.360001,188.990005,185.309998,188.259995,163.39624,4516600
2021-07-27,187.520004,187.839996,182.229996,185.130005,160.679657,4649900
2021-07-28,186.320007,187.5,185.020004,186.850006,162.17247,2956700
2021-07-29,187.839996,190.460007,187.460007,189.830002,164.758911,3081800
2021-07-30,188.5,190.949997,188.369995,190.619995,165.44455,2521600
2021-08-02,192.399994,193.600006,190.410004,190.720001,165.531372,2922600
2021-08-03,190.929993,191.449997,187.440002,189.339996,164.333603,3703400
2021-08-04,189.889999,193.369995,189.25,192.380005,166.972092,3793600
2021-08-05,193.800003,193.899994,191.589996,193.160004,167.649109,2769500
2021-08-06,192.369995,193.630005,192.190002,192.960007,167.475494,2414300
2021-08-09,193.279999,193.529999,190.330002,190.449997,165.296967,2395900
2021-08-10,190.539993,190.539993,186.820007,189.649994,164.602661,3497100
2021-08-11,191.169998,191.169998,188.0,189.5,164.472443,2339300
2021-08-12,188.850006,189.059998,186.160004,187.869995,163.057724,3949600
2021-08-13,187.539993,188.779999,187.0,188.699997,163.778091,1923700
2021-08-16,188.490005,189.960007,188.100006,189.850006,164.776245,2506100
2021-08-17,188.550003,188.740005,185.100006,186.320007,161.712463,3411800
2021-08-18,185.710007,186.559998,183.559998,183.800003,159.525299,2862500
2021-08-19,182.75,185.970001,181.960007,185.039993,160.601517,3871700
2021-08-20,185.259995,186.160004,183.320007,184.970001,160.540756,3855300
2021-08-23,185.800003,188.639999,185.570007,187.850006,163.04039,3529000
2021-08-24,187.919998,189.529999,187.529999,187.820007,163.014374,3268200
2021-08-25,188.369995,189.119995,187.330002,188.089996,163.248688,3163600
2021-08-26,187.660004,188.589996,186.570007,187.970001,163.144547,3643700
2021-08-27,188.399994,190.800003,188.059998,190.520004,165.357742,2859800
2021-08-30,191.389999,192.289993,190.710007,191.429993,166.147522,2356500
2021-08-31,192.100006,192.699997,189.110001,190.910004,165.696228,4227500
2021-09-01,191.779999,191.779999,188.169998,188.350006,163.474365,4536600
2021-09-02,189.210007,189.419998,188.039993,189.410004,164.394363,2061400
2021-09-03,188.669998,190.830002,188.199997,189.880005,164.802277,2103400
2021-09-07,189.330002,190.100006,188.479996,189.460007,164.437759,2295900
2021-09-08,188.5,189.039993,187.119995,188.800003,163.864929,2021600
2021-09-09,189.660004,190.630005,188.259995,188.470001,163.578491,1827900
2021-09-10,189.339996,193.449997,189.339996,190.649994,165.470581,3331700
2021-09-13,192.960007,194.130005,191.240005,193.979996,168.360809,3687200
2021-09-14,195.0,196.339996,193.800003,195.110001,169.341522,3239600
2021-09-15,196.130005,197.589996,194.830002,197.5,171.415924,3995900
2021-09-16,196.589996,197.339996,194.850006,196.820007,170.825699,2661500
2021-09-17,197.309998,197.309998,194.610001,196.25,170.330994,5819300
2021-09-20,192.880005,193.740005,189.759995,192.589996,167.154373,4614300
2021-09-21,193.960007,194.490005,190.839996,192.960007,167.475494,3093400
2021-09-22,194.75,196.699997,193.740005,195.919998,170.044586,3526100
2021-09-23,196.300003,199.100006,195.789993,198.669998,172.431366,2756900
2021-09-24,197.369995,200.919998,197.119995,200.649994,174.149872,3191500
2021-09-27,198.229996,200.449997,197.669998,200.330002,173.872131,3022300
2021-09-28,197.490005,199.110001,194.550003,194.889999,169.150558,4274600
2021-09-29,194.529999,195.820007,192.110001,193.070007,167.570984,3436800
2021-09-30,194.479996,194.990005,192.100006,192.210007,166.824554,3270800
2021-10-01,193.429993,194.330002,190.179993,193.789993,168.195862,2986100
2021-10-04,193.039993,194.380005,189.029999,190.399994,165.253616,3934100
2021-10-05,192.229996,195.220001,190.679993,193.880005,168.274017,3860200
2021-10-06,192.050003,194.660004,191.600006,194.389999,168.716675,3103400
2021-10-07,195.809998,197.75,195.029999,195.309998,169.515121,2873200
2021-10-08,196.179993,196.369995,193.990005,195.240005,169.454361,2574100
2021-10-11,194.889999,196.229996,193.309998,193.369995,167.831314,2280200
2021-10-12,193.919998,194.229996,187.339996,188.479996,163.587204,6225100
2021-10-13,189.160004,189.380005,186.520004,187.100006,162.38945,3796500
2021-10-14,189.369995,192.580002,188.929993,192.490005,167.067581,3412800
2021-10-15,192.860001,194.800003,192.639999,194.449997,168.768723,2648900
2021-10-18,193.169998,196.059998,191.619995,194.910004,169.167999,2804600
2021-10-19,194.610001,198.539993,193.839996,198.229996,172.049484,2666100
2021-10-20,198.100006,200.020004,197.050003,199.380005,173.047607,3043300
2021-10-21,199.649994,201.580002,199.0,201.289993,174.705338,3276300
2021-10-22,201.550003,202.220001,198.139999,199.070007,172.77858,3649200
2021-10-25,200.0,202.259995,199.059998,200.199997,173.759338,4254900
2021-10-26,200.080002,200.399994,196.490005,196.979996,170.964584,5837500
2021-10-27,185.639999,188.520004,183.550003,187.100006,162.38945,10365500
2021-10-28,187.770004,189.600006,186.229996,187.869995,163.057724,5123000
2021-10-29,186.389999,188.360001,186.229996,187.479996,163.721436,4552200
2021-11-01,186.729996,188.570007,186.080002,187.470001,163.712677,4203900
2021-11-02,186.149994,189.369995,186.110001,189.339996,165.345734,4009600
2021-11-03,188.679993,190.110001,186.669998,189.190002,165.214767,3666900
2021-11-04,189.5,191.220001,188.419998,191.110001,166.891434,4828000
2021-11-05,193.649994,195.429993,191.820007,193.399994,168.89119,4510500
2021-11-08,194.039993,195.380005,191.720001,192.360001,167.983017,5213900
2021-11-09,192.630005,193.949997,190.389999,190.789993,166.611969,4314700
2021-11-10,189.639999,190.970001,186.479996,187.020004,163.319748,4304600
2021-11-11,188.639999,188.820007,187.240005,188.600006,164.699509,2554800
2021-11-12,188.910004,191.839996,187.309998,190.080002,165.991974,3121700
2021-11-15,191.220001,191.910004,188.5,189.229996,165.24968,2985200
2021-11-16,189.100006,190.25,188.160004,188.520004,164.629639,3312000
2021-11-17,188.410004,190.240005,187.25,189.570007,165.54657,4167800
2021-11-18,190.570007,194.160004,190.139999,193.470001,168.952362,4677300
2021-11-19,193.889999,195.25,192.619995,195.160004,170.428192,5129100
2021-11-22,195.699997,196.910004,192.220001,192.5,168.105255,4712300
2021-11-23,193.610001,193.649994,190.470001,192.639999,168.227509,4881400
2021-11-24,192.860001,193.669998,190.100006,193.600006,169.065872,6494000
2021-11-26,189.860001,192.520004,187.369995,188.259995,164.402588,3324900
2021-11-29,191.070007,194.729996,189.809998,194.380005,169.747025,4576200
2021-11-30,193.309998,194.699997,191.0,192.369995,167.991745,8775600
2021-12-01,195.729996,199.899994,191.630005,191.759995,167.459076,7279100
2021-12-02,190.460007,194.910004,190.0,193.580002,169.048416,4236700
2021-12-03,194.630005,196.029999,191.679993,193.380005,168.873764,4901000
2021-12-06,195.169998,195.25,189.759995,194.610001,169.947876,4084600
2021-12-07,196.399994,199.860001,195.929993,199.029999,173.80777,5815600
2021-12-08,198.5,198.5,193.869995,196.389999,171.502319,4255900
2021-12-09,195.570007,196.899994,193.25,193.399994,168.89119,3626700
2021-12-10,196.020004,196.360001,192.809998,196.0,171.161728,3264200
2021-12-13,196.100006,196.740005,192.910004,193.240005,168.751465,6178300
2021-12-14,190.970001,191.679993,188.160004,190.270004,166.157867,6130400
2021-12-15,192.0,193.710007,187.869995,193.440002,168.926147,6342000
2021-12-16,194.0,194.229996,187.720001,188.240005,164.385147,5452300
2021-12-17,187.380005,189.380005,185.630005,186.300003,162.690964,8427700
2021-12-20,183.649994,185.059998,182.770004,184.240005,160.892044,4474300
2021-12-21,187.429993,187.490005,184.240005,186.369995,162.75209,6089400
2021-12-22,185.990005,187.009995,184.160004,186.929993,163.24115,3375500
2021-12-23,187.240005,188.940002,187.0,187.399994,163.651596,3266500
2021-12-27,188.080002,191.949997,188.070007,191.839996,167.5289,3405600
2021-12-28,192.800003,192.860001,190.380005,191.100006,166.882721,2806900
2021-12-29,191.389999,193.279999,190.759995,190.809998,166.62944,2754900
2021-12-30,190.869995,191.869995,189.009995,189.410004,165.40686,2109200
2021-12-31,189.410004,190.0,188.270004,188.470001,164.585968,2813900
2022-01-03,188.820007,190.619995,187.460007,190.600006,166.446045,3781500
2022-01-04,191.0,192.100006,188.199997,190.800003,166.620743,4137500
2022-01-05,190.410004,191.610001,186.649994,186.820007,163.145081,5047400
2022-01-06,186.669998,188.520004,185.789993,186.759995,163.092667,4502600
2022-01-07,181.970001,184.059998,178.899994,179.440002,156.700317,7414200
2022-01-10,177.899994,183.229996,176.880005,182.960007,159.774261,7195800
2022-01-11,182.5,186.080002,181.210007,184.639999,161.241333,5239300
2022-01-12,186.0,187.339996,184.399994,186.029999,162.4552,4240100
2022-01-13,188.970001,189.630005,183.610001,184.149994,160.813446,5361100
2022-01-14,183.259995,187.199997,183.0,187.009995,163.310989,4731400
2022-01-18,183.610001,184.360001,181.259995,182.279999,159.180435,7382800
2022-01-19,183.440002,183.580002,178.190002,178.300003,155.704758,5207300
2022-01-20,178.779999,180.559998,173.380005,173.449997,151.469376,6057800
2022-01-21,174.059998,179.550003,173.330002,175.639999,153.381866,11527900
2022-01-24,175.779999,178.619995,171.119995,178.339996,155.739761,11717600
2022-01-25,174.910004,178.009995,173.039993,173.960007,151.91478,8157600
2022-01-26,182.270004,183.25,176.179993,178.330002,155.730988,12852700
2022-01-27,180.899994,181.020004,173.100006,174.809998,152.657028,6752900
2022-01-28,173.809998,177.470001,169.389999,177.289993,155.848022,7322100
2022-01-31,177.679993,179.639999,175.839996,179.490005,157.781937,6980800
2022-02-01,179.589996,181.669998,176.630005,181.289993,159.364273,6233700
2022-02-02,181.550003,188.25,181.490005,187.839996,165.122116,8993800
2022-02-03,185.240005,186.550003,174.880005,175.589996,154.353638,11691400
2022-02-04,172.479996,172.770004,167.509995,171.419998,150.687943,11408600
2022-02-07,172.479996,172.5,168.910004,169.949997,149.395721,6418900
2022-02-08,170.029999,173.190002,168.5,172.630005,151.751633,4622000
2022-02-09,174.270004,177.199997,173.059998,176.710007,155.338165,7140600
2022-02-10,172.160004,176.830002,169.740005,170.660004,150.019882,7583400
2022-02-11,169.929993,171.360001,163.649994,164.399994,144.516968,7564200
2022-02-14,163.940002,165.649994,161.039993,162.470001,142.820389,7468000
2022-02-15,164.809998,166.770004,164.080002,166.169998,146.072922,6969700
2022-02-16,164.789993,168.960007,164.229996,168.240005,147.892563,4594300
2022-02-17,166.070007,167.389999,164.199997,164.649994,144.736725,6807700
2022-02-18,165.25,168.110001,164.039993,166.740005,146.57399,6359100
2022-02-22,166.059998,171.139999,165.009995,166.690002,146.530029,7293800
2022-02-23,168.020004,169.960007,165.369995,165.639999,145.607086,5893900
2022-02-24,163.779999,169.929993,161.190002,169.589996,149.079285,7754800
2022-02-25,169.729996,170.970001,167.139999,170.820007,150.160522,4830100
2022-02-28,168.630005,170.539993,166.990005,169.990005,149.430954,5656600
2022-03-01,169.360001,170.009995,164.369995,167.289993,147.05748,6049600
2022-03-02,168.490005,171.509995,167.839996,170.100006,149.527618,5304100
2022-03-03,171.720001,172.75,169.309998,171.0,150.318756,5154200
2022-03-04,169.479996,171.759995,168.139999,169.979996,149.422119,6804700
2022-03-07,170.860001,170.970001,164.759995,164.889999,144.947708,7064800
2022-03-08,164.830002,172.699997,162.389999,167.339996,147.10141,7486500
2022-03-09,172.600006,173.990005,169.440002,172.460007,151.602158,6047300
2022-03-10,169.479996,173.419998,168.589996,172.75,151.857117,6079100
2022-03-11,173.899994,175.429993,169.940002,170.360001,149.756134,4869700
2022-03-14,169.960007,171.649994,166.089996,166.720001,146.556381,4863200
2022-03-15,168.580002,172.639999,167.889999,172.320007,151.479111,5138600
2022-03-16,173.759995,176.470001,171.429993,176.330002,155.004135,5660400
2022-03-17,175.839996,178.479996,175.240005,178.470001,156.88533,4930700
2022-03-18,178.199997,180.350006,175.740005,180.100006,158.318207,9031500
2022-03-21,179.289993,181.210007,177.729996,180.460007,158.634659,5030600
2022-03-22,180.880005,182.740005,180.0,182.350006,160.296082,3802900
2022-03-23,182.0,183.0,179.029999,179.080002,157.421539,4821100
2022-03-24,180.339996,184.330002,179.630005,184.210007,161.931122,4169400
2022-03-25,184.669998,186.199997,183.199997,184.899994,162.537643,3738800
2022-03-28,183.160004,185.789993,182.009995,185.679993,163.223328,3117000
2022-03-29,187.970001,191.339996,187.289993,191.009995,167.908722,5835700
2022-03-30,190.0,190.899994,186.710007,187.449997,164.779266,3865700
2022-03-31,188.130005,188.619995,183.179993,183.479996,161.289398,7170700
2022-04-01,184.429993,184.880005,179.75,182.080002,160.058716,4631700
2022-04-04,181.550003,183.350006,180.570007,182.710007,160.612549,4644800
2022-04-05,181.630005,181.850006,176.369995,177.179993,155.751328,6956500
2022-04-06,175.0,179.610001,174.820007,177.25,155.812897,6932900
2022-04-07,176.25,178.929993,175.300003,177.600006,156.120575,4178500
2022-04-08,177.190002,177.300003,173.830002,174.110001,153.052643,4504500
2022-04-11,172.770004,174.440002,171.779999,171.940002,151.145081,4347800
2022-04-12,175.419998,176.369995,172.389999,173.0,152.076889,4550800
2022-04-13,173.309998,175.490005,172.410004,175.110001,153.931702,5229100
2022-04-14,174.910004,176.110001,173.529999,173.660004,152.657059,4578500
2022-04-18,173.0,177.580002,173.0,176.559998,155.206345,3564000
2022-04-19,175.410004,179.339996,175.229996,179.059998,157.403961,4671900
2022-04-20,181.600006,183.660004,179.080002,179.419998,157.720398,4553700
2022-04-21,181.360001,183.240005,176.770004,177.229996,155.795273,4735000
2022-04-22,177.309998,177.630005,172.929993,173.309998,152.349411,6355900
2022-04-25,173.059998,175.169998,171.669998,173.910004,152.876785,8737600
2022-04-26,171.429993,172.490005,168.369995,168.440002,148.06839,9591700
2022-04-27,160.550003,171.919998,160.5,169.389999,148.903473,12570400
2022-04-28,170.059998,176.880005,169.990005,175.850006,154.582214,8233600
2022-04-29,174.039993,176.029999,169.929993,170.25,149.65947,6698600
2022-05-02,170.550003,174.119995,168.080002,174.0,152.955948,5851500
2022-05-03,173.880005,174.789993,172.0,172.539993,151.672531,5438600
2022-05-04,173.179993,176.869995,167.330002,176.229996,154.916245,10311500
2022-05-05,174.399994,174.979996,168.649994,170.279999,149.685837,7740400
2022-05-06,167.839996,170.080002,165.740005,167.449997,148.198959,5724800
2022-05-09,166.110001,168.460007,164.100006,164.940002,145.977524,7929700
2022-05-10,168.380005,170.839996,166.300003,168.240005,148.898163,7033300
2022-05-11,166.729996,170.339996,164.240005,164.690002,145.756271,5892800
2022-05-12,163.889999,166.449997,162.669998,165.899994,146.827179,5936100
2022-05-13,168.410004,170.679993,167.580002,169.740005,150.225723,5329900
2022-05-16,168.070007,170.139999,166.830002,168.5,149.128281,3648900
2022-05-17,172.100006,175.110001,171.320007,174.979996,154.863281,5851300
2022-05-18,173.399994,174.910004,169.679993,170.300003,150.721344,5747200
2022-05-19,169.860001,170.740005,167.160004,167.619995,148.349426,5399600
2022-05-20,168.600006,170.300003,164.210007,169.809998,150.287659,6278300
2022-05-23,170.270004,170.889999,168.229996,169.929993,150.39386,5384100
2022-05-24,168.289993,169.479996,166.369995,167.860001,148.561844,5121700
2022-05-25,168.089996,170.979996,167.009995,170.009995,150.464661,4712100
2022-05-26,170.320007,174.830002,169.289993,174.130005,154.111008,4536600
2022-05-27,175.520004,178.350006,175.520004,177.970001,157.509537,5857900
2022-05-31,176.740005,178.289993,173.809998,176.759995,156.438629,9408000
2022-06-01,177.509995,177.589996,172.699997,174.419998,154.367676,4681600
2022-06-02,174.0,176.800003,172.389999,176.720001,156.403244,6521600
2022-06-03,174.869995,175.5,171.990005,172.330002,152.51796,4485500
2022-06-06,173.649994,174.259995,167.380005,167.759995,148.473343,5603800
2022-06-07,166.119995,170.080002,165.240005,169.850006,150.323074,4416100
2022-06-08,169.75,169.75,164.770004,165.369995,146.358124,5112600
2022-06-09,165.009995,166.729996,161.460007,161.580002,143.00386,5353200
2022-06-10,159.160004,160.429993,157.679993,157.779999,139.640686,6511000
2022-06-13,154.899994,156.929993,153.139999,153.529999,135.879318,7765000
2022-06-14,155.149994,155.940002,153.039993,154.080002,136.366074,4772600
2022-06-15,155.720001,157.910004,153.320007,155.919998,137.994522,5442100
2022-06-16,151.520004,152.559998,150.199997,151.369995,133.967636,6843700
2022-06-17,151.839996,153.210007,149.100006,150.199997,132.932129,11262500
2022-06-21,151.820007,154.580002,151.729996,153.460007,135.817368,6283100
2022-06-22,151.960007,153.940002,151.160004,152.600006,135.056213,4242900
2022-06-23,152.830002,153.210007,149.25,151.139999,133.764069,4318200
2022-06-24,153.009995,156.130005,152.490005,155.949997,138.021072,6425900
2022-06-27,156.990005,157.619995,155.130005,155.619995,137.729034,5762300
2022-06-28,156.740005,158.990005,154.080002,154.160004,136.436874,4687500
2022-06-29,152.440002,153.289993,150.940002,152.779999,135.215515,4348300
2022-06-30,152.490005,155.070007,150.889999,153.649994,135.985504,6807900
2022-07-01,150.350006,152.279999,147.020004,148.539993,131.462967,8740200
2022-07-05,145.729996,149.690002,144.460007,149.100006,131.958603,8486400
2022-07-06,150.0,152.039993,148.369995,150.809998,133.472015,5238200
2022-07-07,153.160004,155.399994,153.160004,154.690002,136.905975,5169400
2022-07-08,152.740005,155.850006,152.149994,155.529999,137.649353,3467500
2022-07-11,154.119995,155.020004,152.619995,153.559998,135.905853,4051100
2022-07-12,155.970001,156.460007,153.699997,154.460007,136.702377,4085100
2022-07-13,151.960007,155.210007,151.669998,154.289993,136.55191,3755400
2022-07-14,154.130005,158.339996,152.960007,157.850006,139.702652,4758800
2022-07-15,159.199997,160.710007,157.639999,160.539993,142.083359,7466100
2022-07-18,161.720001,162.649994,159.020004,159.669998,141.313446,4088700
2022-07-19,161.360001,165.679993,160.649994,164.639999,145.712051,5390800
2022-07-20,163.889999,167.119995,162.539993,165.330002,146.322708,5889100
2022-07-21,165.979996,166.820007,163.679993,166.539993,147.393585,5466700
2022-07-22,167.710007,167.710007,162.869995,163.899994,145.057083,5269700
2022-07-25,163.800003,163.860001,161.270004,163.199997,144.437561,4201400
2022-07-26,164.179993,164.179993,160.600006,160.839996,142.348923,6080600
2022-07-27,166.779999,171.990005,165.570007,171.539993,151.818741,11623100
2022-07-28,171.919998,175.830002,169.589996,175.75,155.544739,6468800
2022-07-29,174.429993,179.270004,174.059998,178.889999,159.366577,6624000
2022-08-01,177.940002,179.110001,176.75,178.800003,159.286407,4865700
2022-08-02,177.5,179.929993,176.449997,177.220001,157.878815,4442500
2022-08-03,178.009995,184.130005,177.860001,183.470001,163.446732,6201100
2022-08-04,183.770004,185.990005,183.220001,184.910004,164.729599,4533900
2022-08-05,182.029999,184.669998,181.580002,184.300003,164.186142,3690100
2022-08-08,182.5,184.460007,181.130005,182.800003,162.849838,3547300
2022-08-09,179.940002,180.199997,176.100006,177.710007,158.315323,5306400
2022-08-10,181.449997,183.449997,179.389999,183.119995,163.134918,4276500
2022-08-11,183.429993,185.669998,181.660004,182.059998,162.190613,3858300
2022-08-12,183.179993,185.979996,183.039993,185.380005,165.148254,4160900
2022-08-15,184.880005,185.649994,182.960007,185.399994,165.166061,2863400
2022-08-16,184.800003,185.0,182.399994,183.360001,163.348709,4541600
2022-08-17,180.610001,180.949997,174.880005,176.710007,157.424484,6869000
2022-08-18,176.809998,180.330002,175.800003,178.460007,158.983551,4390400
2022-08-19,176.960007,177.479996,175.119995,176.449997,157.192841,4569500
2022-08-22,175.470001,175.470001,171.110001,171.440002,152.729645,4919000
2022-08-23,170.339996,173.889999,170.279999,172.520004,153.691772,3663900
2022-08-24,171.410004,172.589996,170.75,172.190002,153.397781,3037800
2022-08-25,173.649994,177.509995,173.25,177.309998,157.959015,4350000
2022-08-26,177.5,177.929993,169.429993,169.490005,150.992477,6583500
2022-08-29,169.940002,170.509995,167.759995,167.940002,149.611618,4625800
2022-08-30,168.220001,168.850006,164.759995,166.740005,148.542603,5343300
2022-08-31,166.869995,167.589996,164.020004,165.210007,147.179565,6489900
2022-09-01,163.350006,166.470001,162.190002,166.160004,148.025894,5593800
2022-09-02,168.0,168.779999,162.380005,163.0,145.210739,4466200
2022-09-06,163.110001,165.789993,161.839996,163.100006,145.299835,5057000
2022-09-07,163.669998,167.449997,163.479996,165.820007,147.723007,5332400
2022-09-08,165.240005,168.539993,163.869995,168.410004,150.030365,5473200
2022-09-09,169.429993,171.919998,169.360001,170.740005,152.106049,5196200
2022-09-12,171.25,171.520004,169.210007,170.580002,151.963501,5216800
2022-09-13,166.080002,167.339996,162.0,162.649994,144.898941,7928700
2022-09-14,164.229996,166.330002,163.059998,165.259995,147.224091,4792600
2022-09-15,164.220001,165.679993,161.720001,162.669998,144.916779,6105400
2022-09-16,162.990005,165.929993,161.559998,165.259995,147.224091,13417800
2022-09-19,163.580002,166.630005,163.520004,166.25,148.106064,4929500
2022-09-20,165.410004,166.899994,164.899994,166.059998,147.936813,5220200
2022-09-21,166.529999,170.25,163.190002,163.300003,145.477997,6639800
2022-09-22,162.589996,164.559998,161.220001,162.619995,144.872208,5696200
2022-09-23,161.220001,161.850006,158.300003,161.289993,143.687393,6936100
2022-09-26,161.649994,163.199997,160.0,160.460007,142.947998,4605800
2022-09-27,162.229996,163.429993,159.300003,160.710007,143.17067,4261500
2022-09-28,161.520004,163.639999,159.419998,162.800003,145.032578,4881500
2022-09-29,160.820007,161.399994,156.130005,158.449997,141.157318,6699000
2022-09-30,157.220001,158.800003,154.679993,154.779999,137.887848,6074700
2022-10-03,157.410004,160.639999,156.080002,159.839996,142.395645,6668500
2022-10-04,163.050003,165.740005,162.589996,165.149994,147.126099,7233100
2022-10-05,164.320007,169.229996,163.470001,167.800003,149.486908,5262600
2022-10-06,167.779999,169.149994,165.770004,166.539993,148.36441,4171000
2022-10-07,164.020004,165.059998,158.610001,159.279999,141.896744,8306400
2022-10-10,159.550003,159.610001,154.149994,156.789993,139.678482,6573600
2022-10-11,154.610001,155.339996,151.399994,153.449997,136.702972,9526900
2022-10-12,153.360001,153.800003,151.470001,151.550003,135.010376,4526100
2022-10-13,147.610001,156.789993,145.970001,154.339996,137.49588,7913800
2022-10-14,155.899994,156.089996,148.089996,148.339996,132.150711,7470600
2022-10-17,152.0,152.5,149.529999,150.990005,134.51149,5936100
2022-10-18,155.089996,155.979996,149.539993,151.509995,134.974716,4866600
2022-10-19,150.630005,153.020004,149.860001,152.649994,135.990311,5060100
2022-10-20,153.889999,156.779999,152.410004,153.720001,136.943542,6506200
2022-10-21,155.410004,160.029999,153.940002,159.720001,142.288757,7706200
2022-10-24,160.210007,161.990005,158.690002,161.649994,144.008072,5467600
2022-10-25,161.610001,164.860001,161.190002,162.160004,144.462418,8611200
2022-10-26,152.570007,161.160004,151.330002,157.869995,140.640656,12964700
2022-10-27,159.800003,159.940002,155.429993,156.759995,139.651749,7050500
2022-10-28,155.880005,161.690002,155.490005,161.360001,144.895889,6776100
2022-10-31,160.399994,161.550003,159.259995,160.630005,144.240372,6298800
2022-11-01,162.240005,163.429993,160.559998,162.899994,146.278732,4972300
2022-11-02,163.259995,166.369995,158.279999,158.490005,142.318695,6923900
2022-11-03,156.380005,158.610001,155.330002,156.520004,140.549744,4555400
2022-11-04,161.610001,162.699997,158.419998,162.649994,146.05426,6689900
2022-11-07,163.809998,166.300003,161.550003,165.690002,148.784088,4928300
2022-11-08,167.440002,169.839996,165.759995,168.110001,150.957153,5112300
2022-11-09,166.389999,167.729996,164.899994,164.990005,148.155518,4800400
2022-11-10,172.100006,175.190002,168.880005,174.690002,156.865799,9898200
2022-11-11,175.050003,180.789993,173.399994,179.490005,161.175995,6911900
2022-11-14,179.0,181.119995,177.25,177.440002,159.33522,5447300
2022-11-15,182.050003,182.619995,176.809998,177.570007,159.45195,6601000
2022-11-16,176.419998,176.419998,173.050003,173.460007,155.761292,7664800
2022-11-17,170.679993,175.429993,170.630005,175.360001,157.467407,5339800
2022-11-18,176.410004,176.800003,174.039993,175.179993,157.305771,5474800
2022-11-21,174.419998,174.669998,172.270004,172.399994,154.809418,4702700
2022-11-22,174.839996,177.309998,172.350006,177.220001,159.137619,4673500
2022-11-23,177.0,179.779999,176.5,178.979996,160.718079,3939100
2022-11-25,179.25,179.289993,177.029999,177.070007,159.002945,1586400
2022-11-28,175.710007,176.029999,172.380005,173.0,155.348236,5358800
2022-11-29,173.639999,174.360001,171.309998,172.979996,155.330261,3134000
2022-11-30,173.369995,180.509995,170.970001,180.460007,162.047058,9780300
2022-12-01,180.039993,180.520004,176.210007,177.5,159.389084,5479900
2022-12-02,175.139999,177.990005,173.479996,177.660004,159.532761,3822900
2022-12-05,176.740005,178.639999,175.339996,177.389999,159.290314,4875300
2022-12-06,178.139999,178.160004,173.179993,174.339996,156.551498,4417900
2022-12-07,172.529999,175.029999,172.25,173.75,156.021667,3242800
2022-12-08,173.759995,176.520004,172.850006,176.360001,158.365387,3902700
2022-12-09,175.960007,176.580002,174.119995,174.259995,156.479645,3966700
2022-12-12,174.110001,177.570007,172.910004,177.479996,159.371094,5347000
2022-12-13,182.130005,183.089996,175.869995,177.5,159.389084,6951000
2022-12-14,176.759995,179.809998,174.139999,175.820007,157.880478,5114600
2022-12-15,173.529999,174.520004,169.089996,170.009995,152.6633,6007300
2022-12-16,169.0,170.050003,167.479996,169.550003,152.250229,10423600
2022-12-19,169.630005,169.869995,166.050003,167.610001,150.508179,4507000
2022-12-20,166.660004,167.779999,165.720001,166.089996,149.14328,3777600
2022-12-21,167.0,168.910004,166.5,168.729996,151.513901,3632100
2022-12-22,166.070007,166.520004,161.490005,164.699997,147.895111,7188700
2022-12-23,163.029999,164.800003,162.279999,164.380005,147.607758,2597000
2022-12-27,163.660004,164.589996,161.970001,163.779999,147.069,3535600
2022-12-28,163.610001,165.160004,160.830002,161.190002,144.743256,2998600
2022-12-29,163.259995,166.039993,162.820007,165.020004,148.182449,4081600
2022-12-30,163.690002,165.389999,162.210007,165.220001,148.362045,3249000
2023-01-03,167.220001,167.649994,162.589996,163.210007,146.557114,4294100
2023-01-04,165.300003,169.690002,165.300003,169.169998,151.909027,6285300
2023-01-05,167.789993,170.039993,165.839996,166.929993,149.897537,6876800
2023-01-06,169.619995,176.160004,167.419998,175.160004,157.287827,6725900
2023-01-09,177.149994,180.380005,176.320007,176.679993,158.65274,5733900
2023-01-10,176.630005,179.619995,175.830002,178.399994,160.197235,4267700
2023-01-11,178.220001,179.050003,176.929993,178.869995,160.619293,5013900
2023-01-12,179.720001,181.169998,176.990005,178.130005,159.954803,4324900
2023-01-13,177.070007,179.110001,176.220001,179.009995,160.744995,3736700
2023-01-17,178.800003,179.820007,175.300003,175.399994,157.503326,5659400
2023-01-18,176.369995,177.320007,173.589996,173.759995,156.030685,5874300
2023-01-19,173.380005,173.729996,169.619995,170.929993,153.489426,5995700
2023-01-20,172.440002,173.589996,169.75,173.0,155.348236,7569900
2023-01-23,173.649994,179.020004,172.559998,178.169998,159.990692,7847600
2023-01-24,176.75,178.520004,175.339996,177.039993,158.975998,5351600
2023-01-25,176.630005,178.210007,171.5,175.039993,157.180054,6720700
2023-01-26,175.270004,175.270004,171.789993,174.100006,156.336014,6287900
2023-01-27,172.529999,177.309998,171.869995,175.240005,157.35968,6074900
2023-01-30,172.339996,175.179993,172.210007,173.130005,156.572861,5048900
2023-01-31,173.169998,177.300003,172.979996,177.210007,160.262711,5852400
2023-02-01,177.0,183.690002,176.759995,182.100006,164.685028,7835800
2023-02-02,183.869995,185.449997,175.75,184.720001,167.054489,11667100
2023-02-03,181.690002,185.240005,181.589996,182.289993,164.856857,5732200
2023-02-06,180.509995,182.580002,179.440002,181.0,163.690216,4385700
2023-02-07,181.070007,184.270004,179.369995,183.490005,165.942139,4799900
2023-02-08,181.789993,182.589996,176.470001,176.5,159.62059,5657600
2023-02-09,179.220001,180.5,174.570007,174.990005,158.255005,5572000
2023-02-10,173.860001,176.139999,173.110001,175.789993,158.9785,5466400
2023-02-13,176.520004,177.800003,175.690002,176.710007,159.810486,3443200
2023-02-14,175.160004,177.649994,173.369995,176.339996,159.475891,4179200
2023-02-15,174.830002,178.710007,174.770004,178.5,161.429306,3879700
2023-02-16,176.910004,178.320007,175.419998,176.080002,159.240768,4212400
2023-02-17,175.179993,177.089996,174.479996,175.320007,158.553467,4060800
2023-02-21,173.550003,174.910004,170.589996,170.759995,154.429535,7030300
2023-02-22,171.020004,171.940002,168.759995,169.800003,153.56134,4577400
2023-02-23,172.75,173.020004,168.490005,171.820007,155.388153,4856600
2023-02-24,169.350006,170.130005,167.800003,169.139999,152.964432,4118300
2023-02-27,171.389999,172.020004,170.380005,170.740005,154.411438,3310100
2023-02-28,169.949997,172.570007,169.360001,171.449997,155.053574,3674500
2023-03-01,171.039993,172.429993,169.809998,172.169998,155.704681,4649800
2023-03-02,171.130005,174.919998,170.110001,174.080002,157.432022,4551100
2023-03-03,175.0,175.949997,172.5,175.679993,158.879013,4379200
2023-03-06,175.289993,176.5,172.800003,173.050003,156.500519,4090100
2023-03-07,172.770004,174.0,171.149994,172.059998,155.605225,3844100
2023-03-08,173.610001,176.360001,173.050003,176.220001,159.367355,3805400
2023-03-09,176.360001,177.910004,172.979996,173.440002,156.853241,4651200
2023-03-10,175.0,175.270004,170.979996,171.639999,155.225372,5929700
2023-03-13,170.179993,175.830002,169.910004,173.889999,157.260178,5453400
2023-03-14,175.949997,176.199997,172.830002,175.729996,158.92421,5034600
2023-03-15,174.229996,175.130005,171.880005,174.389999,157.712372,4918300
2023-03-16,173.460007,177.679993,172.800003,177.130005,160.190323,5028500
2023-03-17,177.880005,179.089996,174.610001,175.710007,158.906143,12963300
2023-03-20,175.880005,179.869995,175.520004,179.160004,162.02623,4964600
2023-03-21,179.179993,180.660004,176.25,178.410004,161.347931,4217500
2023-03-22,177.369995,181.479996,176.259995,176.320007,159.457825,4738000
2023-03-23,178.139999,181.889999,177.350006,180.279999,163.039093,5083300
2023-03-24,179.830002,180.490005,177.660004,179.509995,162.342728,5345400
2023-03-27,179.630005,179.809998,176.410004,177.050003,160.117996,4453200
2023-03-28,176.369995,177.589996,174.25,177.490005,160.51593,4061500
2023-03-29,179.429993,181.869995,178.960007,181.039993,163.72641,5227100
2023-03-30,182.0,184.490005,181.860001,184.240005,166.620361,5535800
2023-03-31,184.020004,186.300003,183.119995,186.009995,168.221085,4793100
2023-04-03,185.330002,186.179993,182.720001,184.160004,166.54805,4143000
2023-04-04,184.259995,184.669998,179.789993,180.399994,163.147614,4724800
2023-04-05,179.490005,179.729996,175.119995,177.199997,160.253616,5904900
2023-04-06,175.970001,179.229996,174.570007,178.119995,161.085648,3743000
2023-04-10,176.949997,179.729996,176.210007,179.419998,162.261322,3488500
2023-04-11,180.740005,181.380005,179.5,179.869995,162.66832,3296900
2023-04-12,181.199997,181.199997,177.220001,177.550003,160.57016,3559400
2023-04-13,176.610001,179.880005,175.449997,179.110001,161.981018,3264200
2023-04-14,178.910004,180.539993,177.25,178.979996,161.863403,2741900
2023-04-17,178.279999,180.550003,177.779999,180.050003,162.831085,2845800
2023-04-18,181.009995,181.729996,179.199997,180.320007,163.075272,2774700
2023-04-19,179.130005,179.460007,176.960007,177.080002,160.145126,3093900
2023-04-20,174.419998,178.309998,173.529999,176.619995,159.729111,4710800
2023-04-21,175.600006,177.559998,174.860001,177.020004,160.090851,6792000
2023-04-24,177.139999,177.429993,175.339996,175.899994,159.077942,3360100
2023-04-25,175.589996,176.039993,169.339996,169.389999,153.190521,7136000
2023-04-26,170.970001,170.970001,163.660004,164.460007,148.73201,8647500
2023-04-27,162.729996,165.610001,161.100006,165.270004,149.464554,6697900
2023-04-28,164.850006,167.520004,164.850006,167.199997,151.209976,6575400
2023-05-01,168.210007,168.300003,166.119995,166.679993,150.739685,4831200
2023-05-02,166.339996,167.490005,162.789993,163.940002,148.261749,7312400
2023-05-03,164.919998,165.990005,163.270004,163.350006,147.728165,4398800
2023-05-04,163.389999,163.869995,161.360001,162.300003,146.778564,4309000
2023-05-05,161.460007,166.009995,161.210007,165.820007,151.116486,5494700
2023-05-08,165.820007,166.600006,163.389999,164.220001,149.658386,3831300
2023-05-09,162.229996,163.490005,162.009995,163.0,148.54657,5736800
2023-05-10,164.809998,165.0,161.039993,163.050003,148.592148,4428800
2023-05-11,162.270004,162.419998,159.940002,161.169998,146.87883,3320400
2023-05-12,162.110001,162.960007,160.369995,161.880005,147.525879,2400800
2023-05-15,161.389999,165.479996,160.630005,165.259995,150.606171,3789100
2023-05-16,165.0,166.050003,162.860001,163.380005,148.892914,4272900
2023-05-17,164.5,165.669998,163.070007,165.339996,150.679062,4910300
2023-05-18,166.320007,170.169998,166.080002,169.809998,154.752716,4916300
2023-05-19,170.589996,170.990005,168.940002,170.110001,155.026093,4790500
2023-05-22,169.770004,171.110001,169.050003,170.860001,155.70961,3334000
2023-05-23,169.789993,170.740005,169.220001,169.740005,154.688919,5601200
2023-05-24,166.940002,168.509995,166.190002,167.070007,152.255661,7502500
2023-05-25,165.0,170.509995,163.600006,169.619995,154.57959,7747200
2023-05-26,171.320007,177.050003,170.669998,176.289993,160.658112,8323200
2023-05-30,177.830002,178.190002,175.029999,176.550003,160.895065,5677200
2023-05-31,174.779999,175.800003,173.160004,173.880005,158.461792,8534000
2023-06-01,175.869995,176.449997,172.899994,175.809998,160.220688,3955400
2023-06-02,176.5,176.630005,174.100006,175.229996,159.692123,4788000
2023-06-05,175.190002,175.190002,169.770004,170.259995,155.162796,5520400
2023-06-06,169.399994,171.539993,168.899994,170.360001,155.253937,4032400
2023-06-07,171.169998,173.789993,170.449997,172.0,156.74852,4422700
2023-06-08,173.070007,173.839996,171.419998,172.229996,156.958145,3343700
2023-06-09,173.429993,173.820007,169.479996,170.589996,155.463562,4179000
2023-06-12,171.529999,174.279999,171.380005,174.039993,158.607605,4709300
2023-06-13,176.559998,178.309998,174.320007,177.410004,161.678802,5408100
2023-06-14,175.820007,178.270004,174.789993,177.119995,161.41452,4748400
2023-06-15,176.240005,179.399994,175.889999,178.089996,162.298508,4224100
2023-06-16,179.449997,179.830002,176.259995,176.759995,161.086456,10374500
2023-06-20,174.940002,177.029999,173.429993,174.360001,158.899246,3516000
2023-06-21,172.5,173.600006,170.380005,170.479996,155.363327,4034300
2023-06-22,170.0,172.660004,169.809998,172.630005,157.322662,3607800
2023-06-23,169.910004,170.279999,167.199997,167.679993,152.811584,8541600
2023-06-26,168.490005,170.979996,168.020004,168.75,153.786713,4899600
2023-06-27,169.830002,176.570007,169.490005,176.309998,160.676331,6257800
2023-06-28,174.649994,176.380005,174.279999,174.960007,159.446045,3425300
2023-06-29,175.929993,177.039993,174.410004,176.789993,161.11377,3704700
2023-06-30,178.880005,180.539993,178.330002,180.020004,164.057404,6004400
2023-07-03,180.169998,181.199997,177.619995,179.759995,163.820419,2007600
2023-07-05,178.800003,178.860001,176.449997,176.529999,160.876846,3729100
2023-07-06,173.699997,175.479996,173.080002,174.820007,159.318481,4555100
2023-07-07,174.110001,177.070007,173.580002,173.699997,158.297791,4585400
2023-07-10,174.580002,179.729996,174.559998,179.440002,163.528793,5563200
2023-07-11,179.830002,179.970001,176.850006,178.820007,162.963776,2755800
2023-07-12,181.009995,182.899994,180.009995,182.369995,166.19899,5708600
2023-07-13,183.5,184.009995,181.75,183.119995,166.882492,4441200
2023-07-14,181.610001,183.029999,180.330002,180.850006,164.813797,3701300
2023-07-17,179.289993,184.259995,178.720001,183.399994,167.137695,3918500
2023-07-18,182.440002,184.199997,181.0,183.679993,167.392838,3040500
2023-07-19,183.589996,184.679993,183.029999,183.669998,167.383698,3686000
2023-07-20,180.649994,182.169998,179.279999,179.919998,163.966263,7154600
2023-07-21,182.0,185.570007,181.360001,184.320007,167.976105,17251600
2023-07-24,184.580002,185.75,183.300003,183.889999,167.584213,4318500
2023-07-25,185.0,188.119995,184.800003,186.080002,169.580032,6267800
2023-07-26,176.889999,177.699997,174.210007,176.0,160.393845,11905100
2023-07-27,178.309998,181.139999,176.240005,177.720001,161.961319,8300400
2023-07-28,178.5,179.529999,176.929993,178.369995,163.695816,7540400
2023-07-31,178.509995,180.399994,178.330002,180.0,165.191727,4065200
2023-08-01,179.0,179.470001,177.690002,178.369995,163.695816,4028700
2023-08-02,176.25,176.679993,171.710007,172.440002,158.253677,6914500
2023-08-03,170.449997,172.259995,169.639999,171.800003,157.666351,4515200
2023-08-04,169.600006,170.880005,167.110001,168.440002,154.582779,6052800
2023-08-07,169.369995,169.820007,166.940002,168.960007,155.060013,4315700
2023-08-08,167.300003,167.419998,164.429993,166.729996,153.013397,4628000
2023-08-09,166.720001,168.979996,166.369995,167.270004,153.509003,4701400
2023-08-10,168.649994,170.539993,166.929993,167.559998,153.775146,4975300
2023-08-11,165.789993,166.369995,164.639999,166.199997,152.527039,5454800
2023-08-14,166.199997,170.610001,165.699997,170.479996,156.454956,5933600
2023-08-15,169.770004,170.160004,167.619995,168.160004,154.325806,3920900
2023-08-16,167.589996,168.570007,165.300003,165.720001,152.086517,4558400
2023-08-17,165.720001,167.160004,165.220001,165.759995,152.123215,3987800
2023-08-18,164.570007,166.839996,164.169998,166.490005,152.793182,4456000
2023-08-21,166.729996,168.580002,166.089996,167.949997,154.133057,3941800
2023-08-22,169.630005,169.630005,166.149994,167.110001,153.362183,3035600
2023-08-23,163.929993,170.5,163.929993,169.830002,155.858414,4152900
2023-08-24,171.479996,171.479996,165.399994,165.589996,151.967224,6003200
2023-08-25,166.490005,168.460007,164.699997,167.809998,154.004593,3947500
2023-08-28,169.220001,169.919998,167.580002,168.699997,154.821381,3995100
2023-08-29,168.080002,171.259995,167.740005,170.690002,156.647659,3981700
2023-08-30,166.520004,170.270004,165.320007,169.229996,155.30777,5120400
2023-08-31,168.820007,170.300003,168.0,168.059998,154.234039,6026500
2023-09-01,169.979996,170.020004,168.529999,169.830002,155.858414,2611200
2023-09-05,169.080002,170.899994,168.220001,169.740005,155.775818,2882200
2023-09-06,169.699997,170.029999,166.899994,168.050003,154.224838,4244000
2023-09-07,165.770004,166.380005,163.970001,164.710007,151.159607,6272100
2023-09-08,165.110001,165.410004,163.820007,164.660004,151.113708,3301100
2023-09-11,166.520004,166.690002,164.100006,165.839996,152.196655,3191900
2023-09-12,164.669998,166.089996,163.429993,163.490005,150.039993,3739900
2023-09-13,163.910004,165.539993,163.529999,164.360001,150.838409,3331900
2023-09-14,166.419998,166.639999,163.639999,166.050003,152.389389,4071600
2023-09-15,166.210007,166.5,162.429993,162.619995,149.241547,9427900
2023-09-18,162.0,163.589996,161.759995,162.830002,149.434265,3180100
2023-09-19,162.460007,163.509995,161.410004,163.139999,149.718781,3244400
2023-09-20,163.979996,164.580002,161.0,162.100006,148.764328,5035700
2023-09-21,160.389999,162.899994,160.350006,160.399994,147.204178,4492700
2023-09-22,161.820007,162.050003,160.210007,160.309998,147.121582,3715300
2023-09-25,159.949997,160.919998,159.229996,160.899994,147.663086,3107600
2023-09-26,159.610001,159.720001,157.369995,157.960007,144.964951,4164000
2023-09-27,159.25,159.509995,155.889999,158.139999,145.130112,4232000
2023-09-28,158.139999,161.380005,158.070007,159.089996,146.001953,4271400
2023-09-29,160.839996,161.160004,158.309998,159.009995,145.928558,3664600
2023-10-02,159.509995,160.639999,157.830002,159.949997,146.791199,2922300
2023-10-03,158.110001,160.399994,156.339996,157.25,144.313339,3510700
2023-10-04,157.660004,158.479996,156.490005,157.970001,144.974136,4129900
2023-10-05,158.460007,159.160004,154.779999,155.110001,142.349365,4389200
2023-10-06,154.270004,158.100006,153.559998,157.0,144.083923,5016200
2023-10-09,155.830002,156.839996,154.699997,156.720001,143.826965,2747000
2023-10-10,156.720001,159.220001,156.279999,157.660004,144.689636,3657400
2023-10-11,156.320007,158.270004,155.740005,157.330002,144.386749,4452400
2023-10-12,158.039993,158.270004,154.229996,155.0,142.248444,5643300
2023-10-13,155.320007,155.479996,152.199997,152.75,140.183563,4319100
2023-10-16,153.360001,154.729996,153.089996,154.300003,141.606033,4872200
2023-10-17,152.820007,154.910004,151.889999,154.259995,141.569305,5098900
2023-10-18,152.919998,154.029999,151.449997,151.820007,139.330093,4837500
2023-10-19,152.839996,153.460007,150.470001,150.940002,138.52243,6041100
2023-10-20,151.419998,151.809998,147.610001,147.809998,135.649948,5391500
2023-10-23,147.279999,148.679993,146.009995,146.320007,134.282562,5398200
2023-10-24,146.839996,147.610001,145.949997,146.919998,134.833145,7024400
2023-10-25,141.419998,144.589996,140.130005,141.789993,130.125168,12349200
2023-10-26,142.169998,146.630005,142.009995,144.009995,132.162552,7888800
2023-10-27,144.880005,145.089996,142.350006,143.119995,131.345764,5327500
2023-10-30,140.869995,141.410004,139.479996,140.5,130.123245,6640800
2023-10-31,140.800003,143.039993,140.029999,142.009995,131.521744,6570300
2023-11-01,142.639999,143.309998,140.820007,143.169998,132.596085,7503200
2023-11-02,144.940002,147.809998,144.5,147.309998,136.430298,6297900
2023-11-03,149.300003,151.589996,149.080002,150.229996,139.134644,5818700
2023-11-06,149.580002,150.199997,146.610001,147.5,136.606293,6601400
2023-11-07,146.800003,147.240005,145.509995,146.589996,135.763474,5193000
2023-11-08,146.440002,146.830002,144.470001,145.220001,134.494675,6901400
2023-11-09,145.929993,146.5,143.169998,143.270004,132.68869,7061200
2023-11-10,144.990005,147.580002,143.080002,147.190002,136.319183,7214700
2023-11-13,146.229996,146.410004,145.190002,145.869995,135.096649,4345400
2023-11-14,150.220001,151.100006,148.910004,149.929993,138.856812,7051600
2023-11-15,151.009995,153.639999,150.149994,151.869995,140.653519,5957000
2023-11-16,151.960007,152.990005,150.809998,151.889999,140.672058,5599400
2023-11-17,152.300003,155.5,151.899994,154.619995,143.200424,7524200
2023-11-20,154.020004,156.279999,153.949997,155.539993,144.05246,5836900
2023-11-21,154.660004,154.660004,152.470001,153.429993,142.098328,3877600
2023-11-22,154.5,156.160004,153.279999,153.929993,142.561401,3159800
2023-11-24,154.320007,154.429993,153.160004,153.589996,142.24649,1604800
2023-11-27,152.570007,153.350006,151.399994,152.600006,141.329651,4130700
2023-11-28,152.110001,153.029999,151.419998,152.899994,141.607422,3883800
2023-11-29,154.800003,155.850006,152.949997,153.199997,141.885315,3647100
2023-11-30,154.679993,154.710007,151.270004,152.710007,141.431488,6641400
2023-12-01,153.110001,155.309998,151.910004,155.210007,143.746872,4095500
2023-12-04,154.580002,157.539993,154.020004,157.419998,145.793655,6572000
2023-12-05,156.460007,157.740005,154.839996,157.25,145.6362,4935600
2023-12-06,159.130005,159.610001,155.949997,156.050003,144.524811,4952200
2023-12-07,156.839996,158.690002,154.679993,157.679993,146.034454,6495400
2023-12-08,157.289993,158.320007,156.289993,157.029999,145.432419,4732100
2023-12-11,158.570007,161.229996,157.990005,159.970001,148.155304,7585500
2023-12-12,159.899994,159.899994,157.440002,157.919998,146.256729,4714400
2023-12-13,158.020004,162.279999,157.960007,161.809998,149.859421,5940900
2023-12-14,163.669998,169.220001,163.160004,168.779999,156.314621,11428500
2023-12-15,170.210007,171.089996,167.740005,168.639999,156.184967,16337400
2023-12-18,168.449997,168.970001,165.860001,167.419998,155.055054,5015200
2023-12-19,168.259995,168.899994,167.080002,168.5,156.055328,4379400
2023-12-20,168.050003,168.589996,165.070007,165.179993,152.980515,5098700
2023-12-21,166.779999,167.570007,165.669998,166.809998,154.490143,4040100
2023-12-22,167.259995,168.919998,166.820007,168.240005,155.814545,3492400
2023-12-26,168.940002,171.529999,168.449997,170.809998,158.194702,3202200
2023-12-27,171.220001,171.619995,170.330002,171.229996,158.583664,3264900
2023-12-28,172.0,172.309998,170.710007,171.720001,159.037476,3023000
2023-12-29,171.539993,171.699997,169.919998,170.460007,157.87056,2920600
2024-01-02,168.850006,169.929993,167.410004,169.259995,156.759186,5652500
2024-01-03,167.990005,168.5,166.210007,166.740005,154.425339,5874900
2024-01-04,162.5,165.710007,162.399994,164.470001,152.322968,6445700
2024-01-05,164.899994,166.229996,164.149994,165.100006,152.906418,3087200
2024-01-08,165.210007,168.669998,164.600006,168.539993,156.092361,5717500
2024-01-09,166.0,170.520004,166.0,168.630005,156.17569,5018500
2024-01-10,168.5,168.520004,165.110001,167.25,154.897644,4045200
2024-01-11,167.160004,167.880005,165.029999,165.600006,153.369507,5635600
2024-01-12,166.660004,167.210007,163.889999,164.869995,152.693405,4205000
2024-01-16,164.399994,165.479996,162.600006,163.880005,151.776535,6682800
2024-01-17,162.559998,162.919998,160.289993,162.419998,150.424362,4079000
2024-01-18,164.669998,167.380005,163.179993,166.910004,154.582764,6583700
2024-01-19,170.899994,175.160004,170.240005,173.649994,160.824936,13345800
2024-01-22,174.0,176.649994,173.619995,174.830002,161.917847,6850700
2024-01-23,174.839996,176.570007,174.259995,174.339996,161.463989,9459400
2024-01-24,171.289993,172.899994,168.539993,170.070007,157.509384,15100400
2024-01-25,171.059998,171.529999,166.830002,167.419998,155.055054,7088200
2024-01-26,166.199997,166.199997,163.279999,164.089996,151.971008,8800900
2024-01-29,164.080002,166.320007,163.429993,166.039993,153.776993,6076600
2024-01-30,162.899994,163.779999,161.539993,162.050003,151.266006,4897600
2024-01-31,160.410004,163.169998,159.320007,160.119995,149.464432,8665200
2024-02-01,159.220001,159.869995,156.660004,159.690002,149.063049,6542100
2024-02-02,158.380005,159.800003,157.770004,159.199997,148.605667,4922400
2024-02-05,159.990005,159.990005,157.589996,158.899994,148.325592,4190100
2024-02-06,159.169998,159.699997,157.330002,158.369995,147.830902,4139800
2024-02-07,159.929993,160.289993,158.229996,158.770004,148.204285,4627900
2024-02-08,159.309998,161.059998,158.779999,160.210007,149.548447,3487700
2024-02-09,161.279999,162.479996,160.630005,162.399994,151.592697,3919500
2024-02-12,162.399994,162.839996,161.050003,161.080002,150.36058,3853000
2024-02-13,158.259995,159.419998,155.460007,156.850006,146.412079,5357900
2024-02-14,157.850006,159.039993,156.570007,157.869995,147.364197,4528000
2024-02-15,158.899994,161.270004,158.899994,160.710007,150.015198,3725300
2024-02-16,160.350006,162.149994,159.429993,160.380005,149.707153,3167600
2024-02-20,159.369995,162.910004,159.259995,162.740005,151.91011,5406200
2024-02-21,162.520004,164.119995,161.5,164.080002,153.160919,4530000
2024-02-22,164.899994,166.119995,163.490005,165.429993,154.421066,5041200
2024-02-23,165.830002,166.0,163.630005,163.690002,152.796844,3479100
2024-02-26,164.619995,165.509995,163.779999,164.300003,153.366287,5251300
2024-02-27,164.580002,165.660004,164.25,164.940002,153.963699,2886600
2024-02-28,163.5,163.880005,162.380005,163.039993,152.190109,2933000
2024-02-29,164.899994,167.910004,164.279999,167.330002,156.194656,7267200
2024-03-01,167.550003,172.089996,167.320007,171.050003,159.667099,5233700
2024-03-04,172.5,173.050003,170.860001,172.440002,160.964584,4401600
2024-03-05,171.360001,172.720001,169.279999,170.639999,159.284363,6215600
2024-03-06,173.110001,175.789993,170.679993,171.869995,160.43251,6312700
2024-03-07,172.279999,177.75,172.279999,175.270004,163.606277,5980400
2024-03-08,175.460007,175.580002,172.270004,172.300003,160.833878,5632600
2024-03-11,172.279999,174.279999,171.529999,174.190002,162.598114,4207300
2024-03-12,175.990005,176.350006,173.229996,174.800003,163.167526,5802600
2024-03-13,173.889999,174.289993,171.210007,172.679993,161.188583,5199500
2024-03-14,173.309998,173.630005,169.800003,171.139999,159.751099,5028200
2024-03-15,169.600006,173.029999,168.690002,172.520004,161.039246,19078800
2024-03-18,174.539993,174.789993,169.059998,169.210007,157.949509,5213800
2024-03-19,167.679993,168.309998,165.979996,166.759995,155.662582,5640000
2024-03-20,167.080002,170.139999,166.270004,169.979996,158.668274,4404600
2024-03-21,172.830002,174.789993,171.720001,172.589996,161.104568,4371600
2024-03-22,171.729996,173.729996,171.259995,172.479996,161.001907,4177200
2024-03-25,170.830002,172.330002,170.610001,170.850006,159.480377,3298600
2024-03-26,171.440002,171.860001,167.509995,167.910004,156.736038,5898300
2024-03-27,169.0,172.919998,168.830002,172.869995,161.365952,4272300
2024-03-28,173.479996,175.850006,173.330002,174.210007,162.616821,4417800
2024-04-01,174.119995,175.910004,172.860001,173.169998,161.645996,2303200
2024-04-02,172.350006,172.350006,169.600006,170.360001,159.022995,3304500
2024-04-03,169.580002,170.889999,167.889999,170.339996,159.004349,3295800
2024-04-04,171.770004,173.0,168.100006,168.529999,157.314774,7491300
2024-04-05,168.570007,169.25,167.139999,167.5,156.353333,5012300
2024-04-08,167.610001,170.289993,167.259995,169.460007,158.182892,3154000
2024-04-09,171.0,173.520004,170.130005,173.460007,161.916687,4830700
2024-04-10,169.869995,170.410004,167.899994,168.919998,157.678818,5662800
2024-04-11,169.899994,171.850006,168.130005,171.199997,159.807114,4352100
2024-04-12,168.419998,169.429993,165.770004,166.330002,155.261185,5473600
2024-04-15,168.289993,169.339996,165.320007,166.350006,155.279846,4739500
2024-04-16,167.479996,168.520004,166.820007,167.589996,156.437347,3389000
2024-04-17,168.380005,168.979996,165.5,165.699997,154.673126,4564900
2024-04-18,163.679993,164.679993,161.550003,163.669998,152.778214,5605500
2024-04-19,163.080002,164.419998,159.110001,159.679993,149.053726,10497600
2024-04-22,160.259995,164.139999,160.050003,163.429993,152.554184,5942400
2024-04-23,163.039993,166.899994,162.460007,165.470001,154.45842,6833600
2024-04-24,178.229996,179.490005,173.610001,174.809998,163.176849,13965900
2024-04-25,176.070007,177.050003,172.259995,175.25,163.587601,9130800
2024-04-26,175.25,178.300003,175.0,177.479996,165.669174,5401900
2024-04-29,177.479996,179.789993,177.309998,179.289993,167.358719,4191500
2024-04-30,178.419998,179.240005,176.309998,176.419998,164.679703,6444300
2024-05-01,175.839996,178.710007,174.399994,175.199997,163.540909,7167700
2024-05-02,179.809998,179.809998,173.649994,175.800003,164.100983,4838300
2024-05-03,177.490005,179.679993,177.429993,178.910004,167.004028,4545100
2024-05-06,179.899994,181.889999,179.270004,181.669998,169.580322,4127400
2024-05-07,181.869995,183.589996,181.669998,182.669998,171.742767,5152700
2024-05-08,181.759995,184.070007,181.490005,183.949997,172.946167,4220900
2024-05-09,184.0,185.75,183.660004,185.320007,174.234253,5843300
2024-05-10,185.880005,187.350006,185.729996,187.050003,175.860764,5606800
2024-05-13,187.0,188.380005,186.669998,187.820007,176.584732,3686300
2024-05-14,187.440002,191.460007,187.100006,191.130005,179.696701,4917500
2024-05-15,192.580002,195.610001,191.889999,195.529999,183.833496,5936800
2024-05-16,192.600006,195.869995,192.589996,194.970001,183.306976,5371800
2024-05-17,195.0,196.550003,193.830002,195.020004,183.354004,4534200
2024-05-20,195.020004,199.270004,194.5,199.199997,187.283951,5282800
2024-05-21,197.169998,199.300003,196.839996,199.009995,187.105286,5489100
2024-05-22,199.970001,203.619995,199.649994,202.539993,190.424149,9119000
2024-05-23,202.600006,202.949997,196.839996,197.289993,185.48819,7125400
2024-05-24,198.830002,199.770004,197.75,199.179993,187.265137,4354100
2024-05-28,206.0,206.0,197.910004,199.600006,187.660034,8661000
2024-05-29,196.660004,197.660004,194.759995,194.910004,183.250595,5607800
2024-05-30,195.449997,195.929993,193.75,195.679993,183.974503,5213500
2024-05-31,195.369995,196.690002,190.259995,195.009995,183.344589,9137300
2024-06-03,196.369995,196.630005,191.699997,193.720001,182.131775,4153500
2024-06-04,193.309998,194.429993,192.059998,193.300003,181.736893,7221600
2024-06-05,194.779999,196.220001,193.539993,196.080002,184.350586,5988600
2024-06-06,195.979996,196.639999,194.520004,196.240005,184.501007,3905500
2024-06-07,195.949997,197.389999,194.779999,195.610001,183.908707,3308400
2024-06-10,194.179993,197.800003,194.0,197.619995,185.798462,4202400
2024-06-11,197.149994,197.839996,194.479996,197.440002,185.629227,4193200
2024-06-12,199.470001,201.289993,197.369995,198.979996,187.077103,4655700
2024-06-13,195.0,197.440002,194.860001,196.279999,184.53862,3409900
2024-06-14,193.839996,195.630005,193.070007,193.899994,182.30098,3479100
2024-06-17,193.169998,195.190002,192.169998,194.899994,183.24118,3804900
2024-06-18,195.240005,196.789993,194.229996,196.25,184.510422,3036900
2024-06-20,194.5,194.5,192.179993,192.759995,181.229187,5464900
2024-06-21,194.990005,197.479996,193.720001,195.529999,183.833496,12516800
2024-06-24,195.580002,196.559998,193.350006,193.910004,182.31041,3655700
2024-06-25,194.940002,194.940002,192.820007,194.470001,182.836884,3456400
2024-06-26,193.809998,194.990005,192.179993,193.100006,181.548843,3301000
2024-06-27,192.669998,193.899994,191.800003,193.429993,181.8591,3874500
2024-06-28,194.149994,197.889999,193.5,194.529999,182.893311,8861000
2024-07-01,193.630005,194.979996,192.740005,194.600006,182.959122,2873600
2024-07-02,194.990005,199.050003,194.449997,198.419998,186.550629,4168700
2024-07-03,198.130005,199.570007,196.100006,198.940002,187.039505,2454800
2024-07-05,200.0,200.149994,197.240005,198.789993,186.898468,2887900
2024-07-08,200.009995,201.710007,199.399994,201.470001,189.418167,3927100
2024-07-09,202.399994,202.399994,199.080002,200.160004,188.186523,3742300
2024-07-10,201.309998,203.779999,201.0,203.619995,191.439545,4559500
2024-07-11,203.809998,204.0,199.880005,199.990005,188.026718,5585400
2024-07-12,202.119995,205.289993,201.309998,201.869995,189.79422,3683800
2024-07-15,201.860001,203.080002,200.830002,201.759995,189.690781,3089500
2024-07-16,203.479996,206.770004,202.589996,206.619995,194.260071,3134400
2024-07-17,205.139999,210.839996,204.029999,204.259995,192.04126,7792500
2024-07-18,204.830002,207.0,203.279999,205.869995,193.554962,5497200
2024-07-19,205.360001,206.149994,198.740005,199.100006,187.189926,4868000
2024-07-22,203.100006,206.0,201.009995,205.880005,193.564346,6063800
2024-07-23,200.589996,202.979996,197.440002,198.289993,186.428375,6083300
2024-07-24,206.360001,206.550003,196.910004,198.279999,186.418991,11049100
2024-07-25,198.279999,201.729996,194.119995,197.149994,185.356567,9555400
2024-07-26,200.470001,204.380005,199.080002,201.990005,189.907059,5384800
2024-07-29,203.270004,204.130005,200.759995,201.880005,189.803635,3392000
2024-07-30,203.610001,204.490005,199.710007,200.990005,188.966873,6062600
2024-07-31,204.460007,204.460007,199.490005,203.809998,192.865616,7462400
2024-08-01,201.75,204.119995,190.960007,193.330002,182.94841,7958500
2024-08-02,187.509995,189.619995,186.070007,187.460007,177.393616,8050200
2024-08-05,184.610001,188.740005,180.070007,181.190002,171.460312,8659900
2024-08-06,183.520004,190.320007,182.600006,186.949997,176.910995,6210900
2024-08-07,190.240005,191.520004,183.720001,184.070007,174.185669,5013000
2024-08-08,187.229996,194.009995,185.550003,193.300003,182.920013,6180400
2024-08-09,191.020004,193.449997,189.970001,192.210007,181.888535,3066500
2024-08-12,192.449997,193.630005,190.779999,192.059998,181.746597,5235900
2024-08-13,193.800003,197.710007,193.399994,197.25,186.657898,4969000
2024-08-14,197.009995,197.380005,193.449997,195.610001,185.105972,3072000
2024-08-15,200.5,203.160004,198.5,201.929993,191.086578,5081900
2024-08-16,201.929993,202.449997,198.179993,200.529999,189.76178,4236400
2024-08-19,200.539993,201.050003,198.0,200.660004,189.884781,3788900
2024-08-20,200.440002,204.449997,198.089996,202.539993,191.663834,7111400
2024-08-21,206.350006,210.880005,204.899994,208.369995,197.180756,8119300
2024-08-22,208.460007,209.639999,202.800003,203.770004,192.827789,6879900
2024-08-23,206.820007,210.509995,206.309998,209.880005,198.609711,6112000
2024-08-26,209.0,210.009995,207.550003,208.25,197.0672,5806000
2024-08-27,207.919998,211.110001,207.559998,210.690002,199.37619,4373400
2024-08-28,210.630005,211.270004,205.970001,207.740005,196.58461,3998100
2024-08-29,210.639999,214.410004,209.649994,211.089996,199.7547,5622800
2024-08-30,212.580002,214.660004,211.399994,214.339996,202.830185,5860900
2024-09-03,211.949997,211.949997,201.190002,201.830002,190.991959,9284000
2024-09-04,201.619995,205.740005,200.289993,204.0,193.045441,4650400
2024-09-05,202.300003,204.270004,199.679993,201.550003,190.727005,4107400
2024-09-06,201.5,201.869995,196.729996,197.449997,186.847168,6314400
2024-09-09,202.089996,202.289993,198.990005,201.169998,190.367386,4864100
2024-09-10,201.169998,201.279999,197.029999,199.800003,189.070984,4859400
2024-09-11,199.699997,202.820007,195.039993,202.410004,191.540817,5900500
2024-09-12,201.600006,202.0,194.669998,195.979996,185.456085,7201000
2024-09-13,197.110001,200.880005,196.830002,199.929993,189.193985,4617000
2024-09-16,198.720001,199.5,195.990005,198.470001,187.812393,3717800
2024-09-17,199.440002,202.25,198.929993,201.389999,190.575623,3478500
2024-09-18,202.679993,204.970001,199.960007,200.710007,189.932098,4262100
2024-09-19,207.610001,210.559998,205.690002,207.600006,196.452133,5155600
2024-09-20,204.380005,205.259995,201.080002,203.300003,192.383026,14502900
2024-09-23,203.889999,204.820007,202.839996,203.850006,192.903488,2757400
2024-09-24,206.059998,208.419998,204.610001,204.940002,193.934982,5573200
2024-09-25,203.139999,205.369995,203.119995,205.059998,194.048523,4124600
2024-09-26,210.320007,210.570007,205.059998,209.259995,198.022964,4521300
2024-09-27,210.830002,211.720001,208.809998,209.139999,197.909424,3074400
2024-09-30,206.100006,208.699997,204.100006,206.570007,195.477432,5459100
2024-10-01,206.059998,207.020004,199.699997,201.600006,190.774307,9039900
2024-10-02,202.910004,205.75,201.710007,203.429993,192.506042,4389400
2024-10-03,201.080002,203.440002,200.270004,201.669998,190.84053,3167000
2024-10-04,206.100006,206.360001,201.339996,202.710007,191.824722,4092900
2024-10-07,200.589996,202.779999,199.669998,201.270004,190.462036,2772400
2024-10-08,200.979996,203.25,199.240005,202.210007,191.351547,6283700
2024-10-09,201.550003,205.5,201.380005,204.970001,193.963364,3214900
2024-10-10,201.960007,203.360001,200.880005,202.470001,191.597595,3649400
2024-10-11,201.369995,205.789993,201.369995,205.110001,194.09581,2815800
2024-10-14,206.139999,208.960007,205.639999,208.660004,197.455185,3291600
2024-10-15,208.020004,208.649994,198.899994,199.839996,189.10881,6818800
2024-10-16,201.979996,202.100006,199.279999,200.690002,189.913193,3311300
2024-10-17,204.899994,204.899994,198.110001,198.300003,187.651535,4686900
2024-10-18,199.479996,199.960007,196.740005,198.470001,187.812393,4029500
2024-10-21,196.740005,197.929993,194.119995,195.770004,185.25737,4948100
2024-10-22,193.610001,195.300003,192.850006,193.970001,183.554016,7910800
2024-10-23,201.039993,203.0,198.0,201.740005,190.906799,10548500
2024-10-24,202.820007,206.910004,201.210007,206.610001,195.515274,9309300
2024-10-25,207.610001,211.389999,206.75,206.929993,195.8181,5103100
2024-10-28,206.369995,207.309998,205.0,205.830002,194.777176,4409000
2024-10-29,206.139999,211.589996,205.309998,211.350006,200.000763,5522800
2024-10-30,208.0,210.809998,207.75,207.929993,196.764389,4914000
2024-10-31,207.960007,207.960007,201.399994,203.160004,193.516251,6543000
2024-11-01,203.080002,206.720001,203.080002,204.919998,195.192688,4208800
2024-11-04,203.490005,205.600006,202.550003,203.660004,193.992538,3693800
2024-11-05,202.070007,205.520004,199.720001,202.460007,192.849487,5253200
2024-11-06,208.929993,215.679993,208.369995,214.970001,204.765671,8527500
2024-11-07,215.800003,218.25,215.570007,217.539993,207.213684,6020800
2024-11-08,217.050003,220.389999,216.210007,220.289993,209.83313,5020700
2024-11-11,218.009995,219.729996,214.330002,215.869995,205.622925,6154700
2024-11-12,215.389999,215.410004,209.0,212.779999,202.679596,4990800
2024-11-13,211.009995,211.850006,205.339996,205.720001,195.954742,7921800
2024-11-14,205.270004,207.070007,204.380005,206.0,196.221451,4783800
2024-11-15,203.850006,204.770004,200.279999,201.119995,191.573105,5970400
2024-11-18,202.199997,207.669998,201.529999,207.179993,197.345413,7912100
2024-11-19,205.889999,206.330002,200.990005,201.070007,191.525497,6716000
2024-11-20,198.080002,199.600006,196.470001,198.190002,188.782181,7344400
2024-11-21,198.25,200.429993,195.899994,198.199997,188.791718,8080300
2024-11-22,197.770004,198.910004,196.5,198.0,188.601212,7861300
2024-11-25,201.429993,204.139999,199.960007,202.929993,193.29718,9274400
2024-11-26,206.0,206.910004,199.149994,200.949997,191.411179,5260500
2024-11-27,200.639999,201.419998,197.649994,199.190002,189.734711,4732200
2024-11-29,200.080002,202.509995,199.699997,201.029999,191.487366,3167400
2024-12-02,199.779999,202.410004,198.479996,201.779999,192.201782,6373900
2024-12-03,198.660004,199.970001,197.0,197.229996,187.867752,4743400
2024-12-04,197.699997,198.470001,195.610001,196.649994,187.315277,7172600
2024-12-05,195.75,197.149994,192.210007,192.990005,183.829025,6049100
2024-12-06,193.660004,195.139999,192.600006,193.100006,183.933807,5140700
2024-12-09,192.029999,197.809998,191.600006,193.449997,184.267166,3880300
2024-12-10,193.330002,193.690002,189.440002,190.179993,181.152405,6064200
2024-12-11,192.139999,192.970001,190.210007,191.699997,182.60025,6057800
2024-12-12,190.5,192.259995,189.600006,191.710007,182.609787,4025600
2024-12-13,188.809998,192.229996,188.300003,191.589996,182.495499,4772800
2024-12-16,191.860001,191.979996,189.179993,189.460007,180.466599,5829700
2024-12-17,189.119995,191.5,187.509995,188.119995,179.190186,5046100
2024-12-18,188.449997,192.360001,184.809998,185.0,176.218307,8281900
2024-12-19,186.889999,187.360001,183.880005,184.470001,175.71347,6290000
2024-12-20,184.470001,188.470001,183.350006,186.869995,177.999496,11462100
2024-12-23,186.029999,190.419998,186.029999,190.139999,181.114304,4297600
2024-12-24,190.490005,192.470001,190.470001,192.440002,183.305145,1950900
2024-12-26,190.610001,192.720001,190.520004,191.729996,182.628815,2019000
2024-12-27,190.440002,191.779999,189.690002,191.179993,182.104935,3253500
2024-12-30,189.690002,189.690002,187.210007,187.960007,179.037811,4065200
2024-12-31,188.660004,189.100006,186.059998,187.509995,178.609146,3050500
2025-01-02,189.320007,190.130005,184.970001,186.949997,178.075729,4500500
2025-01-03,188.929993,191.139999,187.199997,190.509995,181.466721,4574100
2025-01-06,190.25,193.770004,189.240005,192.179993,183.057449,4682000
2025-01-07,193.820007,195.009995,191.089996,192.210007,183.08606,5035200
2025-01-08,191.800003,192.690002,188.070007,191.660004,182.562149,4230400
2025-01-10,192.910004,192.910004,188.419998,190.149994,181.123825,7223500
2025-01-13,189.830002,191.759995,187.649994,191.089996,182.019211,4799600
2025-01-14,191.539993,193.610001,190.179993,193.5,184.314804,4254200
2025-01-15,195.669998,198.949997,195.669998,197.509995,188.134445,6288600
2025-01-16,195.169998,195.479996,187.139999,187.369995,178.4758,7463300
2025-01-17,192.539993,192.929993,190.020004,192.419998,183.286087,5407500
2025-01-21,191.669998,196.5,191.600006,195.229996,185.962692,9621700
2025-01-22,195.770004,198.679993,195.300003,197.050003,187.69632,8222000
2025-01-23,194.820007,200.639999,193.809998,200.610001,191.087311,12694700
2025-01-24,190.0,191.5,185.029999,185.520004,176.713623,15856600
2025-01-27,185.75,190.089996,183.699997,187.029999,178.151932,11771300
2025-01-28,185.529999,185.649994,180.350006,180.570007,171.998581,8720300
2025-01-29,181.020004,181.669998,179.610001,180.270004,171.71283,4183800
2025-01-30,180.5,185.869995,180.270004,185.270004,176.475479,5807100
2025-01-31,183.779999,189.029999,183.080002,184.610001,177.147156,6333700
2025-02-03,183.029999,183.309998,178.399994,180.940002,173.625549,6311500
2025-02-04,180.020004,183.050003,179.550003,180.559998,173.260895,5785700
2025-02-05,179.509995,181.800003,177.690002,181.589996,174.249252,5939800
2025-02-06,181.279999,183.639999,180.339996,183.279999,175.870941,5089800
2025-02-07,183.279999,183.419998,179.279999,180.0,172.723526,5380500
2025-02-10,181.350006,181.570007,179.100006,180.309998,173.020996,3827100
2025-02-11,179.350006,181.929993,179.0,179.25,172.00386,3795300
2025-02-12,177.479996,180.440002,176.759995,179.990005,172.713959,5364200
2025-02-13,179.149994,182.300003,178.610001,180.800003,173.49118,3737300
2025-02-14,181.509995,184.720001,181.059998,183.029999,175.631042,4137900
2025-02-18,182.660004,187.160004,182.660004,186.460007,178.922409,4578700
2025-02-19,189.740005,197.960007,188.729996,196.320007,188.383804,8438300
2025-02-20,199.320007,204.259995,197.910004,203.960007,195.714951,9190100
2025-02-21,204.660004,205.75,201.309998,202.0,193.834198,7349900
2025-02-24,202.139999,205.410004,200.350006,200.740005,192.625137,7675900
2025-02-25,201.470001,202.589996,198.440002,199.979996,191.895859,7441700
2025-02-26,199.979996,200.029999,195.779999,198.240005,190.226196,5611600
2025-02-27,197.5,198.130005,191.149994,191.300003,183.566727,7761700
2025-02-28,193.289993,196.25,191.490005,195.990005,188.067139,9024500
2025-03-03,199.009995,200.25,193.589996,194.389999,186.53183,6141300
2025-03-04,196.369995,198.929993,193.020004,194.839996,186.963638,7159200
2025-03-05,195.220001,197.0,190.759995,195.570007,187.664124,5484400
2025-03-06,191.759995,193.919998,188.5,189.339996,181.685959,7120200
2025-03-07,189.259995,191.270004,185.720001,190.520004,182.818268,7706800
2025-03-10,187.619995,189.470001,183.410004,186.490005,178.951172,9161400
2025-03-11,188.110001,188.330002,176.910004,177.339996,170.171051,7981400
2025-03-12,178.25,179.619995,174.75,175.699997,168.597351,5436100
2025-03-13,175.080002,176.970001,172.089996,173.600006,166.58226,5277200
2025-03-14,175.600006,176.860001,175.070007,176.419998,169.288254,4927900
2025-03-17,176.100006,181.289993,175.970001,179.990005,172.713959,4940400
2025-03-18,179.699997,179.770004,177.610001,179.449997,172.19577,4077700
2025-03-19,179.669998,183.660004,178.710007,181.740005,174.393219,5675000
2025-03-20,179.410004,181.809998,178.5,180.679993,173.376053,4980000
2025-03-21,178.529999,179.839996,177.039993,179.0,171.763962,11822900
2025-03-24,182.949997,187.479996,182.529999,185.509995,178.010803,5694900
2025-03-25,184.490005,186.839996,183.550003,183.970001,176.533035,4357200
2025-03-26,184.259995,186.009995,183.279999,184.490005,177.032028,5814200
2025-03-27,183.020004,183.020004,177.520004,180.759995,173.45282,5035900
2025-03-28,179.660004,180.729996,175.580002,176.330002,169.201889,5490600
2025-03-31,175.419998,180.199997,173.960007,179.699997,172.435654,9222700
2025-04-01,179.279999,179.559998,174.270004,177.990005,170.794769,5965400
2025-04-02,175.820007,179.929993,175.190002,178.190002,170.98671,4368900
2025-04-03,171.839996,174.190002,164.0,164.199997,157.562225,11895300
2025-04-04,159.669998,161.070007,150.960007,151.389999,145.270096,14976900
2025-04-07,150.910004,162.899994,145.199997,154.0,147.774567,18337200
2025-04-08,156.75,159.029999,143.309998,146.009995,140.107559,13902800
2025-04-09,145.169998,172.820007,144.25,169.5,162.647995,21578500
2025-04-10,160.789993,162.929993,150.020004,156.600006,150.26947,16019500
2025-04-11,144.0,149.880005,139.949997,147.600006,141.633316,21113300
2025-04-14,151.039993,153.589996,149.139999,150.979996,144.876663,10356600
2025-04-15,151.419998,152.699997,149.850006,151.179993,145.068558,6958900
2025-04-16,147.229996,149.729996,142.559998,146.550003,140.625763,10862500
2025-04-17,147.320007,150.190002,145.919998,148.440002,142.439362,5739200
2025-04-21,145.460007,146.740005,142.639999,145.610001,139.723755,8275000
2025-04-22,145.869995,148.240005,145.080002,146.759995,140.827255,9139900
2025-04-23,153.169998,155.339996,151.279999,152.149994,145.999359,14125000
2025-04-24,164.630005,165.0,158.419998,162.130005,155.575943,18950400
2025-04-25,161.839996,163.699997,160.520004,162.860001,156.276428,8383300
2025-04-28,163.350006,163.539993,159.720001,162.440002,155.873398,5170500
2025-04-29,159.490005,162.350006,158.75,160.770004,154.270935,6566500
2025-04-30,156.369995,160.630005,154.899994,160.050003,154.890259,6158600
2025-05-01,160.839996,162.070007,158.059998,158.259995,153.157974,6124900
2025-05-02,161.740005,166.350006,161.080002,164.509995,159.206467,7642400
2025-05-05,162.429993,164.100006,161.110001,162.419998,157.183868,4803600
2025-05-06,160.309998,162.009995,159.110001,161.089996,155.896729,4531400
2025-05-07,162.330002,165.520004,161.899994,164.789993,159.477448,5669700
2025-05-08,166.919998,168.429993,164.639999,165.639999,160.300064,5171200
2025-05-09,170.070007,172.600006,169.610001,172.270004,166.716309,8655100
2025-05-12,185.649994,189.360001,185.110001,187.279999,181.242432,16210400
2025-05-13,186.339996,189.509995,186.339996,188.199997,182.132767,9837500
2025-05-14,187.470001,187.729996,185.050003,187.339996,181.300491,6552300
2025-05-15,186.169998,189.759995,185.509995,187.830002,181.774704,5534000
2025-05-16,189.309998,189.309998,186.809998,188.5,182.42308,4518700
2025-05-19,185.0,188.479996,184.25,188.339996,182.268234,6460900
2025-05-20,188.339996,189.0,186.919998,188.710007,182.626328,5289200
2025-05-21,186.5,189.899994,184.729996,185.419998,179.442383,8977400
2025-05-22,185.940002,186.910004,179.979996,180.210007,174.400345,7500800
2025-05-23,177.009995,177.289993,173.75,176.300003,170.616394,7416700
2025-05-27,179.100006,183.330002,177.839996,183.240005,177.332657,7939400
2025-05-28,183.350006,185.919998,183.089996,184.149994,178.213348,5752800
2025-05-29,186.240005,186.479996,182.929993,184.990005,179.026245,4533800
2025-05-30,184.979996,185.139999,179.759995,182.850006,176.955231,15101100
2025-06-02,181.850006,184.710007,181.610001,184.210007,178.271393,5648300
2025-06-03,183.240005,188.5,182.619995,188.080002,182.016617,5612600
2025-06-04,188.910004,192.100006,188.479996,190.720001,184.571533,5780600
2025-06-05,192.910004,194.289993,189.320007,190.490005,184.348953,6017700
2025-06-06,193.690002,194.839996,192.259995,192.419998,186.216721,5338800
2025-06-09,193.740005,200.429993,193.470001,199.210007,192.787827,6869700
2025-06-10,199.979996,203.169998,199.479996,202.289993,195.768524,6247700
2025-06-11,203.309998,203.350006,198.149994,199.690002,193.25235,5062100
2025-06-12,198.25,200.320007,198.110001,199.660004,193.223312,3257600
2025-06-13,196.089996,199.039993,194.470001,195.0,188.713547,5138200
2025-06-16,197.279999,199.860001,196.600006,199.220001,192.797501,5864500
2025-06-17,198.0,200.619995,196.880005,197.690002,191.316818,4656300
2025-06-18,198.600006,200.570007,197.289993,198.350006,191.955551,3742000
2025-06-20,200.410004,200.929993,196.580002,198.199997,191.810379,12910000
2025-06-23,199.0,201.830002,198.360001,201.389999,194.897537,4565400
2025-06-24,203.229996,206.199997,203.0,205.809998,199.175049,7597800
2025-06-25,206.029999,206.419998,203.309998,205.380005,198.758942,4748300
2025-06-26,206.309998,207.320007,205.770004,206.309998,199.65892,4579200
2025-06-27,205.5,207.690002,205.289993,207.080002,200.404114,8585100
2025-06-30,207.089996,208.380005,206.440002,207.619995,200.926682,5319900
2025-07-01,207.0,211.679993,206.490005,210.449997,203.665466,5856200
2025-07-02,210.440002,216.179993,209.479996,215.589996,208.63974,5533400
2025-07-03,215.25,216.940002,214.720001,216.020004,209.055878,2561100
2025-07-07,215.020004,215.630005,212.199997,213.410004,206.530045,5221400
2025-07-08,215.0,219.369995,214.020004,216.630005,209.64624,6844600
2025-07-09,216.940002,218.899994,215.199997,216.389999,209.413956,5231400
2025-07-10,219.279999,220.779999,217.559998,219.660004,212.578537,3971400
2025-07-11,219.75,221.690002,218.220001,221.25,214.117294,5396300
2025-07-14,219.410004,220.259995,217.300003,220.050003,212.955978,4723600
2025-07-15,220.770004,221.399994,217.970001,218.360001,211.32045,4419700
2025-07-16,218.399994,218.610001,211.710007,216.639999,209.655899,6420900
2025-07-17,216.139999,217.0,215.490005,216.589996,209.607498,4920100
2025-07-18,218.490005,218.649994,215.910004,216.619995,209.636551,4550100
2025-07-21,217.440002,219.0,214.210007,214.570007,207.652649,8269800
2025-07-22,214.039993,216.0,212.160004,214.919998,207.991364,11730800
2025-07-23,194.899994,195.0,185.289993,186.25,180.245651,30755700
2025-07-24,186.419998,187.889999,185.029999,185.690002,179.703674,9049500
2025-07-25,185.699997,185.880005,183.199997,184.990005,179.026245,7031800
2025-07-28,187.880005,190.539993,187.75,189.25,183.148926,8586800
2025-07-29,189.710007,192.889999,188.899994,191.380005,185.210251,7144700
2025-07-30,192.149994,192.580002,188.300003,189.520004,183.410202,6985100
2025-07-31,186.139999,186.910004,179.809998,181.059998,176.489426,10144000
2025-08-01,179.630005,181.589996,177.919998,180.860001,176.29451,6625100
2025-08-04,181.720001,183.449997,180.630005,182.729996,178.117279,4682700
2025-08-05,184.949997,186.490005,183.589996,185.399994,180.719879,5761900
2025-08-06,184.690002,186.899994,184.0,185.910004,181.21701,7089000
2025-08-07,190.759995,191.490005,184.729996,185.910004,181.21701,6563900
2025-08-08,185.690002,187.639999,184.660004,187.220001,182.493927,5946200
2025-08-11,187.440002,188.869995,183.399994,183.710007,179.07254,6457800
2025-08-12,185.279999,193.839996,185.220001,192.970001,188.098785,9961500
2025-08-13,193.580002,194.119995,190.960007,193.289993,188.410706,4966300
2025-08-14,191.179993,194.240005,190.029999,193.710007,188.820114,3917300
2025-08-15,193.600006,195.369995,192.490005,194.570007,189.658401,5872900
2025-08-18,194.570007,195.520004,193.5,194.330002,189.424469,2763600
2025-08-19,194.669998,197.649994,193.789993,195.940002,190.993805,5491100
2025-08-20,197.5,201.229996,193.449997,200.770004,195.701889,8107300
2025-08-21,199.580002,202.179993,199.449997,200.710007,195.643402,5291100
2025-08-22,202.080002,209.089996,201.889999,206.059998,200.858353,6177700
2025-08-25,206.0,207.0,204.539993,205.970001,200.77063,3442600
2025-08-26,205.779999,207.410004,205.240005,205.979996,200.780365,4549700
2025-08-27,204.960007,205.699997,203.25,205.470001,200.283249,4189700
2025-08-28,205.830002,207.130005,203.610001,204.089996,198.93808,6166400
2025-08-29,203.509995,204.050003,201.559998,202.479996,197.368729,5372700
2025-09-02,199.380005,200.169998,196.759995,199.809998,194.766113,6238400
2025-09-03,199.220001,200.080002,191.380005,195.740005,190.798889,7039600
2025-09-04,183.759995,188.679993,181.690002,187.289993,182.562164,11335900
2025-09-05,187.080002,189.279999,185.289993,187.929993,183.186005,9491200
2025-09-08,188.149994,188.369995,183.070007,185.820007,181.129272,9701200
2025-09-09,184.399994,185.660004,183.660004,185.029999,180.359238,6135000
2025-09-10,185.039993,185.490005,182.940002,184.009995,179.36496,5957500
2025-09-11,184.509995,184.809998,182.259995,184.350006,179.696396,6596000
2025-09-12,184.110001,184.339996,182.339996,182.600006,177.99057,6284200
2025-09-15,175.880005,179.220001,174.009995,178.199997,173.701645,11658400
2025-09-16,178.740005,181.139999,177.279999,177.630005,173.146042,7920300
2025-09-17,177.839996,182.570007,177.610001,180.300003,175.748642,7209700
2025-09-18,183.240005,183.720001,180.309998,181.619995,177.035294,7937100
2025-09-19,182.589996,183.25,178.169998,179.369995,174.842102,16206700
2025-09-22,179.399994,181.410004,179.309998,179.619995,175.08577,7030300
2025-09-23,179.869995,182.669998,179.679993,182.039993,177.444702,5900800
2025-09-24,181.720001,185.160004,181.100006,184.440002,179.784119,5905100
2025-09-25,183.649994,183.660004,180.110001,182.039993,177.444702,4042300
2025-09-26,185.960007,187.289993,183.070007,184.550003,179.891342,6206300
2025-09-29,185.470001,186.100006,183.0,183.229996,178.604645,5090700
2025-09-30,182.75,183.970001,181.309998,183.729996,179.092041,3873100
2025-10-01,181.970001,184.509995,178.330002,180.389999,175.836349,7705000
2025-10-02,180.770004,184.619995,179.839996,182.320007,177.717636,6798000
2025-10-03,182.779999,185.460007,180.160004,180.320007,175.768112,5167600
2025-10-06,181.0,183.229996,179.300003,181.809998,177.220505,6019800
2025-10-07,181.759995,182.020004,176.960007,177.050003,172.580673,5396100
2025-10-08,176.830002,181.929993,176.830002,181.600006,177.015808,6377700
2025-10-09,180.490005,180.699997,177.619995,178.960007,174.442459,5006100
2025-10-10,179.619995,181.570007,171.5,171.699997,167.365707,9630200
2025-10-13,172.830002,176.100006,172.399994,175.110001,170.689636,8610300
2025-10-14,171.970001,176.270004,171.449997,173.940002,169.549179,9919400
2025-10-15,174.020004,176.160004,171.130005,175.270004,170.845596,9416800
2025-10-16,175.389999,177.5,174.059998,175.479996,171.050293,7188200
2025-10-17,175.050003,177.630005,174.570007,176.580002,172.122543,5082600
2025-10-20,172.509995,181.110001,172.509995,179.589996,175.056549,6620200
2025-10-21,179.470001,181.839996,178.839996,180.839996,176.274979,10301500
2025-10-22,163.960007,173.080002,163.039993,170.710007,166.400711,25834500
2025-10-23,170.0,173.759995,169.75,172.190002,167.843353,8412500
2025-10-24,174.009995,174.149994,168.789993,169.130005,164.860596,7691800
2025-10-27,169.820007,170.369995,168.679993,169.410004,165.13353,8606300
2025-10-28,169.139999,169.509995,166.490005,166.910004,162.69664,9646600
2025-10-29,166.720001,166.720001,159.830002,160.259995,156.214478,11961900
2025-10-30,160.149994,162.639999,159.970001,160.509995,156.458206,9477600
2025-10-31,158.360001,162.0,157.800003,161.460007,158.788986,8707900
2025-11-03,162.339996,163.449997,160.070007,161.460007,158.788986,5208300
2025-11-04,161.179993,162.309998,158.130005,159.360001,156.723724,11462300
2025-11-05,159.389999,165.619995,159.389999,163.570007,160.86409,9770200
2025-11-06,162.75,163.809998,161.089996,161.380005,158.710312,5859500
2025-11-07,160.380005,160.600006,156.889999,160.550003,157.894043,8837700
2025-11-10,162.0,163.369995,158.490005,160.580002,157.923538,7677900
2025-11-11,160.419998,162.169998,159.240005,159.729996,157.087601,7274200
2025-11-12,160.850006,164.529999,160.399994,163.089996,160.392029,6241200
2025-11-13,162.529999,165.440002,161.479996,162.229996,159.546234,7719600
2025-11-14,160.5,160.880005,158.300003,159.330002,156.694229,6041500
2025-11-17,158.630005,159.75,153.539993,154.990005,152.426025,7343400
2025-11-18,154.550003,158.089996,153.539993,157.320007,154.717499,8164700
2025-11-19,156.570007,159.169998,155.130005,157.089996,154.491287,5568500
2025-11-20,158.160004,159.25,152.729996,153.330002,150.793472,7890900
2025-11-21,153.419998,161.160004,153.410004,159.399994,156.763046,11711300
2025-11-24,159.720001,162.699997,158.970001,161.259995,158.592285,9466500
2025-11-25,159.720001,161.949997,158.690002,161.770004,159.093857,7406700
2025-11-26,162.320007,167.039993,162.050003,165.350006,162.614639,7346300
2025-11-28,166.039993,169.25,165.419998,168.270004,165.486328,4018100
2025-12-01,166.839996,169.669998,166.529999,168.160004,165.378159,6170800
2025-12-02,168.710007,177.880005,168.009995,175.259995,172.360703,9438900
2025-12-03,176.820007,183.0,175.580002,182.600006,179.579269,9259300
2025-12-04,183.240005,183.910004,178.940002,180.119995,177.140305,6724100
2025-12-05,180.869995,184.759995,180.630005,182.539993,179.520248,6584600
2025-12-08,183.509995,183.699997,179.529999,180.940002,177.946732,6427600
2025-12-09,179.910004,181.880005,179.399994,179.520004,176.550217,3760400
2025-12-10,177.830002,182.720001,177.5,181.669998,178.664642,5268900
2025-12-11,180.279999,182.020004,179.179993,181.669998,178.664642,4838000
2025-12-12,181.789993,183.229996,178.649994,179.419998,176.451889,5980500
2025-12-15,175.350006,179.360001,174.0,177.970001,175.025864,9037500
2025-12-16,178.339996,179.029999,176.0,177.559998,174.62265,5746900
2025-12-17,177.869995,179.639999,173.690002,174.490005,171.603439,8865600
2025-12-18,176.800003,178.899994,175.899994,176.190002,173.275314,8546200
2025-12-19,175.720001,178.240005,175.589996,176.289993,173.373657,19091700
2025-12-22,179.490005,179.899994,177.970001,178.820007,175.861801,5373100
2025-12-23,178.270004,178.610001,176.679993,177.080002,174.150589,3500300
2025-12-24,177.339996,178.020004,176.800003,177.130005,174.199753,1266500
2025-12-26,177.720001,178.520004,176.429993,176.880005,173.953903,3191100
2025-12-29,176.509995,177.649994,175.100006,175.690002,172.783585,4163200
2025-12-30,175.949997,176.470001,175.25,175.419998,172.518051,3904600
2025-12-31,175.800003,176.179993,173.440002,173.490005,170.61998,3426900
2026-01-02,174.970001,178.889999,174.910004,177.520004,174.583313,6133600
2026-01-05,178.020004,182.889999,176.889999,177.169998,174.23909,6755000
2026-01-06,180.089996,192.919998,180.089996,192.100006,188.922119,13219400
2026-01-07,188.470001,190.720001,184.490005,185.710007,182.637833,8341300
2026-01-08,182.830002,189.080002,182.550003,188.449997,185.332489,6857300
2026-01-09,188.800003,191.399994,187.509995,190.309998,187.161728,6018300
2026-01-12,188.850006,190.820007,188.0,189.070007,185.94223,6502600
2026-01-13,189.279999,189.75,187.649994,188.529999,185.411163,4135000
2026-01-14,187.5,193.610001,187.440002,193.449997,190.249771,7988800
2026-01-15,194.929993,196.639999,188.770004,189.119995,185.991409,6942600
2026-01-16,190.229996,192.470001,190.070007,191.580002,188.410721,6944800
2026-01-20,190.240005,192.429993,187.949997,189.589996,186.453629,9516600
2026-01-21,191.449997,196.130005,191.259995,194.410004,191.193893,7272000
2026-01-22,197.300003,199.429993,193.679993,194.990005,191.764313,7264000
2026-01-23,195.759995,196.410004,191.130005,193.309998,190.112091,6691300
2026-01-26,193.309998,196.839996,192.440002,196.589996,193.33783,9169300
2026-01-27,194.690002,198.410004,194.339996,196.630005,193.377167,10748800
2026-01-28,203.860001,216.589996,203.720001,216.169998,212.593918,19603400
2026-01-29,216.399994,222.0,214.820007,218.970001,215.347595,14120000
2026-01-30,216.059998,216.460007,213.059998,215.550003,213.367859,9086800
2026-02-02,215.440002,225.259995,214.839996,225.009995,222.732071,11194900
2026-02-03,224.240005,228.830002,222.699997,225.210007,222.930069,15207600
2026-02-04,222.130005,228.289993,218.660004,222.919998,220.663254,14542500
2026-02-05,221.649994,225.820007,218.899994,223.979996,221.712524,11044200
2026-02-06,225.630005,226.759995,218.589996,221.440002,219.198227,9397500
2026-02-09,221.259995,222.160004,218.240005,218.770004,216.555267,9246700
2026-02-10,216.830002,222.080002,216.130005,220.919998,218.683487,5101000
2026-02-11,223.130005,231.320007,223.130005,226.559998,224.266403,9132600
2026-02-12,226.679993,229.5,221.869995,223.0,220.742432,8474700
2026-02-13,221.669998,226.889999,221.539993,226.160004,223.870438,5011900
2026-02-17,226.529999,228.449997,222.809998,225.690002,223.405212,5454800
2026-02-18,229.880005,230.0,221.360001,223.320007,221.059204,6667800
2026-02-19,221.149994,222.039993,217.419998,218.050003,215.842545,5002200
2026-02-20,216.740005,220.199997,216.529999,219.729996,217.505539,5457500
2026-02-23,218.899994,222.789993,218.899994,219.860001,217.634216,7877400
2026-02-24,220.720001,224.169998,209.589996,213.350006,211.190125,9494300
2026-02-25,214.399994,215.899994,210.229996,213.899994,211.734558,6997300
2026-02-26,214.449997,216.089996,210.149994,212.630005,210.477417,6041500
2026-02-27,211.229996,212.630005,208.25,212.110001,209.962677,8275100
2026-03-02,211.039993,211.470001,207.309998,209.820007,207.695877,6811300
2026-03-03,205.889999,206.570007,201.759995,202.669998,200.618256,7496500
2026-03-04,204.360001,205.309998,201.5,202.389999,200.34108,5451500
2026-03-05,200.910004,201.940002,194.770004,197.979996,195.975739,8051800
2026-03-06,192.5,195.050003,191.149994,193.229996,191.273804,7220500
2026-03-09,192.75,197.160004,189.679993,196.199997,194.213745,7597500
2026-03-10,195.639999,200.179993,195.449997,197.460007,195.460999,5929200
2026-03-11,198.580002,201.429993,197.490005,198.669998,196.658737,4995200
2026-03-12,193.649994,194.759995,189.75,190.050003,188.126007,8156800
2026-03-13,191.470001,193.75,190.139999,190.779999,188.848618,3688400
2026-03-16,194.320007,196.259995,192.429993,194.130005,192.164703,4754900
2026-03-17,195.869995,196.429993,193.770004,194.449997,192.481461,3385200
2026-03-18,194.440002,195.539993,189.990005,190.779999,188.848618,5069200
2026-03-19,187.770004,190.0,184.899994,188.289993,186.38382,5868100
2026-03-20,188.520004,190.330002,185.839996,187.190002,185.294952,15025200
2026-03-23,194.600006,194.970001,188.429993,188.630005,186.720383,7452800
2026-03-24,186.949997,196.399994,186.949997,194.630005,192.659637,7015200
2026-03-25,197.520004,198.970001,195.520004,196.770004,194.777969,4505800
2026-03-26,196.100006,197.070007,192.880005,193.410004,191.451996,6314400
2026-03-27,191.710007,192.970001,189.330002,190.330002,188.403168,5792700
2026-03-30,191.610001,192.710007,184.949997,186.419998,184.532745,6024700
2026-03-31,190.279999,194.559998,188.470001,194.139999,192.174606,7277900
2026-04-01,194.279999,197.259995,194.279999,196.300003,194.312744,5432000
2026-04-02,192.380005,196.070007,191.0,194.869995,192.897217,3408100
2026-04-06,196.990005,199.559998,195.899994,199.419998,197.401138,4235600
2026-04-07,198.509995,200.380005,195.460007,199.740005,197.717911,4659000
2026-04-08,206.649994,209.860001,206.160004,208.899994,206.785172,7454600
2026-04-09,212.570007,215.929993,210.880005,214.979996,212.803619,5499100
2026-04-10,216.380005,217.320007,213.919998,214.729996,212.556152,4268000
2026-04-13,213.949997,217.199997,212.110001,216.710007,214.516113,4630500
2026-04-14,217.190002,219.490005,214.350006,218.869995,216.654236,5495200
2026-04-15,217.559998,218.309998,211.699997,216.289993,214.100357,4459600
2026-04-16,216.720001,224.020004,216.720001,223.100006,220.841431,6709000
2026-04-17,228.259995,230.529999,224.669998,229.820007,227.493408,7091700
2026-04-20,232.570007,233.970001,230.020004,233.699997,231.334106,6123300
2026-04-21,234.5,236.0,230.639999,233.149994,230.789673,6833300
2026-04-22,236.410004,238.800003,234.490005,236.309998,233.917679,11463100
2026-04-23,260.309998,284.119995,259.309998,282.230011,279.372803,25659100
2026-04-24,287.829987,287.829987,272.01001,277.140015,274.334381,13943600
2026-04-27,276.170013,277.019989,267.630005,269.5,266.771667,9962700
2026-04-28,267.48999,270.690002,264.23999,265.0,262.317261,8369400
2026-04-29,269.630005,272.440002,267.559998,269.220001,266.494537,7821400
2026-04-30,270.230011,281.920013,266.339996,281.079987,278.234436,11066700
2026-05-01,280.100006,281.869995,276.540009,281.019989,278.175049,4494300
2026-05-04,283.690002,283.790009,276.640015,280.890015,278.046387,5525700
2026-05-05,280.5,282.5,275.579987,281.0,279.568604,7295200
2026-05-06,279.049988,292.640015,279.049988,289.440002,287.965607,10183200
2026-05-07,286.290009,287.660004,281.0,285.23999,283.786987,7017900
2026-05-08,292.48999,292.5,286.380005,287.799988,286.333923,8881500
2026-05-11,291.290009,298.179993,289.0,297.76001,296.243225,9347300
2026-05-12,296.23999,296.299988,287.630005,295.170013,293.666412,6431000
2026-05-13,302.73999,309.320007,301.920013,306.339996,304.77951,7546500
2026-05-14,306.670013,310.290009,303.5,308.170013,306.600189,5767800
2026-05-15,302.690002,307.559998,297.799988,302.730011,301.187897,6661600
2026-05-18,308.549988,309.190002,295.459991,300.600006,299.068756,6513100
2026-05-19,292.609985,305.5,291.950012,302.309998,300.77002,7296900
2026-05-20,305.220001,305.73999,298.950012,304.880005,303.326935,7660700
2026-05-21,300.890015,303.070007,294.779999,298.390015,296.870026,5663700
2026-05-22,305.399994,315.570007,303.0,309.209991,307.634888,7129100
2026-05-26,318.429993,326.420013,315.350006,324.890015,323.235016,8480000
2026-05-27,331.450012,331.51001,313.179993,317.450012,315.832916,6740600
2026-05-28,320.160004,321.290009,313.109985,315.950012,314.340576,5884400
2026-05-29,316.480011,319.0,303.769989,305.679993,304.122864,16785100
2026-06-01,297.380005,302.0,289.929993,293.200012,291.706451,9623100
2026-06-02,301.26001,308.399994,298.980011,308.119995,306.550446,11136800
2026-06-03,308.640015,312.76001,301.640015,308.589996,307.018036,6730100
2026-06-04,305.529999,310.720001,303.299988,305.369995,303.814453,7924400
2026-06-05,298.720001,298.809998,284.179993,285.059998,283.60791,11937400
2026-06-08,293.730011,295.579987,287.529999,290.899994,289.418152,7791100
2026-06-09,297.839996,298.029999,273.880005,288.630005,287.159729,8920600
2026-06-10,285.820007,292.579987,281.839996,282.01001,280.573456,7325400
2026-06-11,289.890015,298.679993,285.790009,297.100006,295.586578,9862700
2026-06-12,298.98999,303.029999,295.850006,301.119995,299.58609,5368300
2026-06-15,310.109985,315.859985,307.869995,313.339996,311.743835,7459200
2026-06-16,311.559998,319.220001,305.48999,305.709991,304.15271,7706700
2026-06-17,307.119995,311.730011,299.23999,301.880005,300.342224,7098300
2026-06-18,313.109985,323.600006,311.559998,322.859985,321.215332,21929600
2026-06-22,328.0,334.029999,326.040009,332.279999,330.587372,8954600
2026-06-23,313.910004,316.26001,301.079987,304.359985,302.80957,10814300
2026-06-24,303.130005,307.820007,300.070007,303.109985,301.565948,8761600
2026-06-25,315.700012,316.589996,305.0,311.809998,310.221649,8782800
2026-06-26,302.459991,305.0,279.549988,285.429993,283.976013,29822600
2026-06-29,280.329987,290.269989,275.779999,285.480011,284.025787,12982600
2026-06-30,286.230011,300.230011,286.230011,298.070007,296.551636,10944300
2026-07-01,294.100006,303.299988,293.070007,298.410004,296.889893,8737100
2026-07-02,299.980011,305.269989,288.619995,293.079987,291.587036,9766000
2026-07-06,299.660004,306.019989,299.23999,303.5,301.953979,6726400
2026-07-07,292.679993,296.380005,285.390015,293.299988,291.805908,8287400
2026-07-08,288.0,307.429993,288.0,301.320007,299.785095,6535400
2026-07-09,309.850006,315.339996,305.410004,308.529999,306.958344,6228700
2026-07-10,304.200012,312.929993,303.399994,311.459991,309.873413,4141500
2026-07-13,308.519989,308.519989,296.809998,298.570007,297.049103,7559500
2026-07-14,309.019989,310.570007,301.890015,305.549988,303.99353,5836800
2026-07-15,312.01001,312.01001,295.51001,301.190002,299.655731,6393100
2026-07-16,293.51001,294.76001,288.5,291.220001,289.736542,7151300
2026-07-17,282.890015,289.25,279.230011,284.019989,282.573181,7655000
2026-07-20,288.309998,292.690002,283.48999,284.070007,282.622955,5206900
2026-07-21,296.109985,297.589996,290.070007,291.299988,289.816101,10204200
2026-07-22,285.209991,296.25,285.209991,294.190002,292.691406,10747300
2026-07-23,277.299988,288.329987,274.100006,284.98999,283.538239,11742800
2026-07-24,281.109985,283.890015,276.299988,279.579987,278.155823,8270000
2026-07-27,281.790009,284.329987,273.670013,279.410004,277.986694,9072800
2026-07-28,275.459991,282.809998,273.450012,277.070007,275.6586,11160400
2026-07-29,278.579987,281.619995,268.76001,271.299988,269.917999,10212400
2026-07-30,276.820007,283.579987,274.350006,278.76001,277.339996,9238400
2026-07-31,284.059998,285.109985,273.589996,275.73999,275.73999,8835500
2026-08-03,272.829987,273.339996,264.73999,269.040009,269.040009,8017300
2026-08-04,277.48999,285.579987,275.119995,283.630005,283.630005,8978800
2026-08-05,280.899994,284.130005,276.5,277.720001,277.720001,5414400
2026-08-06,274.619995,283.299988,272.649994,278.399994,278.399994,4795100
2026-08-07,283.73999,286.170013,280.970001,286.079987,286.079987,7713700
2026-08-10,288.070007,288.76001,280.160004,280.440002,280.440002,4210800
2026-08-11,284.820007,285.890015,278.619995,281.23999,281.23999,4470100
2026-08-12,289.589996,289.619995,276.359985,276.589996,276.589996,5904600
2026-08-13,277.160004,279.970001,272.779999,273.429993,273.429993,5327700
2026-08-14,273.619995,280.279999,272.51001,279.579987,279.579987,4762600
2026-08-17,280.0,286.209991,279.0,282.910004,282.910004,5993600
2026-08-18,276.079987,278.98999,268.670013,272.23999,272.23999,7931700
2026-08-19,274.100006,277.369995,266.390015,267.450012,267.450012,6742800
2026-08-20,267.529999,270.5,264.76001,265.600006,265.600006,5277600
2026-08-21,269.790009,269.790009,261.630005,264.359985,264.359985,5514300
2026-08-24,262.519989,263.329987,255.179993,258.940002,258.940002,6610300
2026-08-25,262.779999,262.779999,256.970001,260.049988,260.049988,4259100
2026-08-26,260.5,263.200012,259.48999,261.769989,261.769989,3793600
2026-08-27,262.600006,267.480011,261.100006,266.540009,266.540009,5602900
2026-08-28,265.23999,267.429993,255.970001,258.640015,258.640015,5861100
