date,open,high,low,close,adj_close,volume
2005-01-03,43.599998,43.869999,43.240002,43.310001,33.211861,6252600
2005-01-04,43.299999,43.584999,42.625,42.865002,32.870617,5582000
2005-01-05,42.875,43.544998,42.790001,43.014999,32.985657,4577600
2005-01-06,43.099998,44.049999,43.099998,43.965,33.71413,4837600
2005-01-07,43.950001,44.360001,43.299999,43.615002,33.445755,6653200
2005-01-10,43.599998,44.25,43.575001,43.799999,33.587608,5375200
2005-01-11,43.775002,43.970001,43.555,43.755001,33.553101,4238600
2005-01-12,44.0,44.25,43.790001,44.044998,33.775497,4137400
2005-01-13,44.259998,44.865002,44.080002,44.200001,33.894352,6493400
2005-01-14,44.200001,44.845001,44.16,44.779999,34.339127,4235600
2005-01-18,44.450001,44.630001,44.049999,44.400002,34.047718,5881800
2005-01-19,44.400002,44.474998,43.799999,44.139999,33.848343,4284600
2005-01-20,44.924999,44.970001,42.735001,43.314999,33.215706,13230600
2005-01-21,43.32,44.59,43.32,44.424999,34.066898,9431400
2005-01-24,44.900002,44.924999,44.005001,44.125,33.836842,6587800
2005-01-25,44.125,44.73,43.790001,43.875,33.645119,4913600
2005-01-26,44.025002,44.314999,43.77,43.900002,33.664303,4652600
2005-01-27,43.400002,44.349998,43.400002,44.23,33.91737,5150800
2005-01-28,44.125,44.224998,43.73,44.075001,33.798508,3807600
2005-01-31,44.200001,44.584999,44.169998,44.450001,34.086071,4454400
2005-02-01,44.474998,45.5,44.404999,45.34,34.768562,6627400
2005-02-02,45.150002,45.299999,44.744999,45.0,34.507835,5495000
2005-02-03,45.0,45.485001,44.830002,45.279999,34.722542,4504400
2005-02-04,45.025002,45.900002,45.025002,45.884998,35.186474,4584800
2005-02-07,45.439999,45.439999,44.375,44.465,34.097569,9093200
2005-02-08,44.875,44.900002,44.209999,44.435001,34.074562,6125600
2005-02-09,44.700001,44.82,43.450001,43.59,33.426582,5712600
2005-02-10,44.125,44.259998,43.650002,44.014999,33.752491,5493400
2005-02-11,44.049999,44.439999,43.735001,43.875,33.645119,5457600
2005-02-14,43.880001,44.740002,43.755001,44.474998,34.105236,4230800
2005-02-15,44.650002,45.130001,44.615002,45.099998,34.584515,5515600
2005-02-16,44.889999,45.064999,44.580002,44.935001,34.457993,3695200
2005-02-17,44.810001,44.93,44.369999,44.509998,34.132069,4055600
2005-02-18,44.549999,44.625,44.375,44.525002,34.14357,3898600
2005-02-22,44.014999,44.200001,43.325001,43.450001,33.319214,7393400
2005-02-23,43.450001,44.419998,43.450001,44.174999,33.875187,4139200
2005-02-24,44.18,44.650002,43.810001,44.650002,34.239441,4709200
2005-02-25,44.799999,45.744999,44.724998,45.695,35.040798,5175200
2005-02-28,45.459999,45.945,45.200001,45.580002,34.952591,4779200
2005-03-01,45.345001,45.625,45.119999,45.41,34.822212,3699800
2005-03-02,45.105,46.330002,45.084999,45.724998,35.063786,4695800
2005-03-03,45.775002,45.959999,45.424999,45.82,35.136642,4119400
2005-03-04,46.099998,46.825001,45.959999,46.645,35.769276,3647600
2005-03-07,46.52,46.785,45.525002,45.599998,34.967934,5007800
2005-03-08,45.595001,45.735001,45.130001,45.174999,34.642021,5869600
2005-03-09,45.075001,45.384998,44.599998,45.125,34.603672,4079400
2005-03-10,45.224998,45.924999,45.224998,45.709999,35.052284,4433000
2005-03-11,46.0,46.165001,45.060001,45.139999,34.615181,4051400
2005-03-14,45.139999,45.700001,44.939999,45.235001,34.68803,3561000
2005-03-15,45.5,45.619999,44.98,45.040001,34.538509,5361200
2005-03-16,45.005001,45.099998,44.700001,45.040001,34.538509,4420000
2005-03-17,45.325001,45.93,44.810001,45.549999,34.929577,5190800
2005-03-18,45.674999,45.880001,45.165001,45.625,34.987114,6771200
2005-03-21,45.974998,45.990002,45.360001,45.814999,35.132801,4991000
2005-03-22,45.939999,46.700001,45.939999,46.025002,35.293839,5078200
2005-03-23,45.75,46.400002,45.549999,46.189999,35.420353,5375600
2005-03-24,46.189999,46.73,46.084999,46.424999,35.600559,4111200
2005-03-28,46.650002,46.875,46.27,46.560001,35.704102,5015000
2005-03-29,46.775002,46.805,46.400002,46.549999,35.696434,5135600
2005-03-30,46.814999,47.895,46.450001,47.855,36.708984,6992600
2005-03-31,47.779999,48.325001,47.645,47.689999,36.582409,7575800
2005-04-01,47.875,48.125,47.275002,47.915001,36.75502,6994800
2005-04-04,47.77,48.369999,47.639999,48.25,37.011993,7468400
2005-04-05,48.25,48.965,48.205002,48.965,37.560459,6652400
2005-04-06,48.965,49.455002,48.849998,49.02,37.602642,5697400
2005-04-07,49.240002,49.875,49.0,49.540001,38.001534,5129200
2005-04-08,49.799999,49.825001,48.990002,49.200001,37.740715,5506200
2005-04-11,49.189999,49.395,48.555,48.605,37.284286,6149400
2005-04-12,48.610001,48.720001,47.674999,48.599998,37.280468,7787200
2005-04-13,48.650002,48.950001,47.0,47.98,36.804874,8299600
2005-04-14,46.599998,48.095001,46.25,46.955002,36.018608,14320400
2005-04-15,46.150002,47.494999,46.119999,46.634998,35.773148,10236000
2005-04-18,46.299999,46.73,44.775002,45.584999,34.967701,11377400
2005-04-19,45.549999,46.625,45.5,46.599998,35.746284,9370400
2005-04-20,46.924999,46.924999,45.900002,46.075001,35.343559,6901200
2005-04-21,46.400002,46.599998,45.650002,46.215,35.450981,6278600
2005-04-22,46.035,46.040001,45.334999,45.630001,35.002213,5440200
2005-04-25,45.514999,45.52,44.825001,45.375,34.806602,9156000
2005-04-26,45.200001,45.695,44.994999,45.029999,34.541973,5553800
2005-04-27,45.049999,46.445,44.299999,46.345001,35.55069,8586400
2005-04-28,46.375,46.445,45.674999,46.244999,35.473969,6771000
2005-04-29,46.360001,47.349998,46.25,47.255001,36.24873,7281400
2005-05-02,47.029999,47.650002,47.029999,47.34,36.313931,5504800
2005-05-03,47.549999,48.485001,47.259998,48.355,37.092533,9787800
2005-05-04,48.625,49.275002,48.599998,48.650002,37.318836,8295200
2005-05-05,48.959999,49.084999,48.5,48.599998,37.280468,5563200
2005-05-06,48.950001,49.455002,48.91,49.205002,37.744564,6171200
2005-05-09,49.25,49.575001,48.75,49.294998,37.813595,5509400
2005-05-10,49.084999,49.48,48.814999,48.93,37.533585,5778000
2005-05-11,48.875,49.150002,48.279999,49.0,37.587311,5226600
2005-05-12,49.224998,49.485001,49.0,49.02,37.602642,5875200
2005-05-13,49.0,49.005001,46.904999,47.685001,36.578583,8465000
2005-05-16,48.0,48.465,47.880001,48.424999,37.146217,3817400
2005-05-17,48.099998,48.715,47.849998,48.685001,37.345669,4482000
2005-05-18,48.950001,49.009998,47.645,47.900002,36.743511,14641800
2005-05-19,48.0,48.355,47.860001,48.299999,37.050331,8047200
2005-05-20,48.200001,48.395,48.174999,48.25,37.011993,5964800
2005-05-23,48.349998,48.865002,48.189999,48.705002,37.361004,6754800
2005-05-24,48.875,49.0,48.505001,48.654999,37.32267,5595800
2005-05-25,48.75,48.875,48.185001,48.34,37.08102,3908200
2005-05-26,48.5,48.73,48.384998,48.57,37.25745,3173400
2005-05-27,48.630001,49.0,48.419998,48.884998,37.499088,3509200
2005-05-31,49.150002,49.400002,48.5,48.580002,37.265114,4026300
2005-06-01,48.700001,49.549999,48.509998,49.23,37.763729,4609700
2005-06-02,49.48,50.599998,49.34,50.380001,38.645885,7376100
2005-06-03,50.73,51.330002,50.490002,50.599998,38.814632,5586200
2005-06-06,50.950001,51.0,50.549999,50.990002,39.113815,4030000
2005-06-07,52.0,52.18,50.990002,51.709999,39.666103,7512100
2005-06-08,52.0,52.099998,50.700001,51.18,39.25956,6118900
2005-06-09,51.029999,52.040001,50.799999,51.75,39.696793,4789300
2005-06-10,51.75,51.75,50.509998,50.790001,38.960377,4118600
2005-06-13,50.93,51.380001,50.900002,51.189999,39.267216,3163300
2005-06-14,51.400002,52.16,51.400002,51.66,39.627743,4838900
2005-06-15,52.080002,52.080002,51.049999,51.57,39.558712,4267500
2005-06-16,51.599998,51.880001,51.16,51.540001,39.535709,3961400
2005-06-17,52.0,52.0,51.610001,51.849998,39.773502,5565800
2005-06-20,51.799999,52.0,49.139999,51.59,39.574062,4142800
2005-06-21,51.650002,52.5,51.099998,51.869999,39.788841,4175200
2005-06-22,51.919998,52.07,51.369999,51.369999,39.405308,4268800
2005-06-23,51.5,52.07,51.470001,51.700001,39.65844,4397400
2005-06-24,51.650002,52.060001,51.290001,51.299999,39.351601,5233300
2005-06-27,51.279999,51.630001,51.200001,51.32,39.366951,3162900
2005-06-28,51.650002,52.799999,51.599998,52.689999,40.417854,4676900
2005-06-29,52.810001,53.639999,52.790001,53.139999,40.763039,5446800
2005-06-30,53.139999,53.630001,52.009998,52.139999,39.995964,6069000
2005-07-01,53.0,53.0,52.189999,52.810001,40.509922,3879900
2005-07-05,53.049999,53.669998,52.75,53.23,40.832073,4410600
2005-07-06,53.450001,54.5,52.25,53.5,41.039211,13158300
2005-07-07,53.509998,54.5,53.25,53.490002,41.031509,10788600
2005-07-08,53.759998,53.759998,53.049999,53.049999,40.694,7231200
2005-07-11,53.060001,53.349998,52.43,52.43,40.218426,6785600
2005-07-12,52.529999,52.900002,51.66,51.779999,39.71981,6813700
2005-07-13,51.799999,51.900002,50.900002,51.400002,39.42831,7432600
2005-07-14,51.700001,52.049999,50.25,50.25,38.546181,11669800
2005-07-15,50.549999,51.5,50.360001,50.82,38.983398,8325200
2005-07-18,51.040001,51.200001,50.810001,50.810001,38.975739,5178800
2005-07-19,51.060001,51.09,49.950001,50.580002,38.79929,6622100
2005-07-20,50.349998,50.540001,49.450001,49.75,38.162617,7005900
2005-07-21,49.0,49.75,47.75,49.16,37.710026,13331400
2005-07-22,49.540001,51.040001,49.509998,50.799999,38.968056,8936700
2005-07-25,51.0,51.299999,50.610001,50.799999,38.968056,6013500
2005-07-26,51.110001,52.389999,51.110001,52.0,39.888577,8586200
2005-07-27,52.150002,52.5,51.110001,51.419998,39.443645,6974900
2005-07-28,51.889999,53.240002,51.759998,52.919998,40.59428,7996600
2005-07-29,52.919998,52.939999,52.200001,52.299999,40.118687,6310200
2005-08-01,52.34,52.990002,52.029999,52.619999,40.364151,5474800
2005-08-02,52.619999,53.049999,52.52,53.029999,40.678654,5143300
2005-08-03,53.09,53.25,52.900002,53.16,40.778381,4557000
2005-08-04,53.169998,53.299999,52.82,52.959999,40.624962,4969400
2005-08-05,52.98,52.98,51.75,52.060001,39.934593,6605800
2005-08-08,52.290001,52.290001,51.049999,51.18,39.25956,4793400
2005-08-09,51.23,51.82,51.02,51.779999,39.71981,5291600
2005-08-10,52.02,52.400002,51.610001,51.610001,39.589409,3871700
2005-08-11,51.790001,52.59,51.77,52.369999,40.172379,3648300
2005-08-12,53.0,53.380001,51.73,52.09,39.957603,2854800
2005-08-15,52.23,52.25,51.619999,51.98,39.873219,2574500
2005-08-16,52.0,52.23,51.099998,51.099998,39.198185,3179200
2005-08-17,51.360001,51.650002,51.07,51.259998,39.320915,3490000
2005-08-18,51.400002,51.709999,51.25,51.299999,39.351601,2489300
2005-08-19,51.299999,51.700001,51.18,51.18,39.25956,3139900
2005-08-22,51.560001,51.700001,51.200001,51.360001,39.397636,2955400
2005-08-23,51.259998,51.599998,51.049999,51.060001,39.167507,3124400
2005-08-24,51.34,51.439999,50.459999,50.630001,38.837662,3521900
2005-08-25,50.790001,50.82,50.299999,50.639999,38.845325,3349100
2005-08-26,50.689999,50.900002,50.23,50.450001,38.699593,3848200
2005-08-29,50.25,50.860001,50.09,50.799999,38.968056,2925600
2005-08-30,50.799999,50.880001,50.380001,50.48,38.722584,4216600
2005-08-31,50.75,51.52,50.400002,51.5,39.505028,4497100
2005-09-01,51.5,52.349998,51.5,52.049999,39.926922,5597500
2005-09-02,52.299999,52.799999,52.189999,52.529999,40.295135,3555500
2005-09-06,52.650002,53.240002,52.599998,53.189999,40.80138,4053500
2005-09-07,53.299999,53.5,53.110001,53.450001,41.000839,3663900
2005-09-08,53.790001,54.029999,53.150002,53.830002,41.292343,5456300
2005-09-09,53.900002,54.869999,53.900002,54.509998,41.813965,5095100
2005-09-12,54.759998,54.779999,54.099998,54.27,41.629848,4839700
2005-09-13,53.869999,54.16,53.0,53.029999,40.678654,5865000
2005-09-14,53.049999,53.279999,52.82,52.939999,40.609619,4075700
2005-09-15,53.029999,53.82,53.029999,53.400002,40.962482,4587700
2005-09-16,53.52,54.060001,53.189999,54.049999,41.46109,6548500
2005-09-19,54.060001,54.099998,53.150002,53.5,41.039211,2731200
2005-09-20,53.799999,53.889999,52.41,52.619999,40.364151,4785000
2005-09-21,53.060001,53.349998,52.32,52.59,40.341152,5282900
2005-09-22,52.599998,53.860001,52.59,53.630001,41.138912,5339400
2005-09-23,53.880001,55.48,53.639999,55.0,42.189827,12424900
2005-09-26,55.490002,55.810001,55.099998,55.400002,42.496662,5999200
2005-09-27,55.299999,55.900002,55.259998,55.259998,42.389267,5005300
2005-09-28,55.900002,55.900002,54.860001,55.34,42.450638,5539800
2005-09-29,54.66,55.990002,54.66,55.720001,42.742123,4683300
2005-09-30,55.720001,56.66,55.669998,56.200001,43.110348,6656300
2005-10-03,56.209999,56.919998,56.150002,56.779999,43.555237,5065000
2005-10-04,57.049999,58.0,56.880001,57.060001,43.770027,6347800
2005-10-05,57.049999,57.639999,56.200001,56.450001,43.302113,5651600
2005-10-06,56.400002,57.0,55.950001,56.41,43.271431,4698700
2005-10-07,56.23,56.580002,56.139999,56.369999,43.240746,3217500
2005-10-10,56.369999,56.77,55.880001,55.880001,42.864872,3310600
2005-10-11,55.900002,56.200001,55.119999,55.18,42.327904,4149500
2005-10-12,55.110001,55.599998,54.689999,55.029999,42.212837,4996500
2005-10-13,54.599998,54.84,54.02,54.200001,41.576157,6319800
2005-10-14,55.5,56.790001,55.139999,56.43,43.286762,8061000
2005-10-17,56.5,56.529999,55.93,56.439999,43.29443,4411000
2005-10-18,56.0,56.799999,56.0,56.509998,43.348145,4658100
2005-10-19,56.540001,58.27,56.529999,58.200001,44.644512,5653200
2005-10-20,58.389999,58.400002,57.080002,57.110001,43.808372,5228900
2005-10-21,57.209999,57.82,56.509998,57.139999,43.831394,6067300
2005-10-24,57.700001,57.810001,57.040001,57.189999,43.869747,4277400
2005-10-25,57.02,57.07,55.16,55.939999,42.910885,7084300
2005-10-26,56.049999,56.509998,53.84,53.98,41.407387,9077400
2005-10-27,55.450001,55.560001,54.419998,54.610001,41.890663,5078400
2005-10-28,55.25,56.73,55.25,56.73,43.516895,8224300
2005-10-31,56.959999,58.18,56.610001,57.889999,44.4067,6624200
2005-11-01,58.119999,59.43,58.0,59.0,45.258167,10326600
2005-11-02,58.25,59.889999,58.25,59.57,45.695408,8163400
2005-11-03,59.900002,59.900002,57.639999,57.669998,44.237946,13835900
2005-11-04,58.049999,58.450001,57.75,58.02,44.506443,8213600
2005-11-07,58.5,58.700001,58.009998,58.5,44.874634,3732600
2005-11-08,58.049999,58.279999,57.779999,58.07,44.5448,3639700
2005-11-09,58.07,58.380001,57.099998,57.360001,44.000137,5127500
2005-11-10,57.950001,59.380001,57.75,59.290001,45.480637,7370000
2005-11-11,59.400002,59.779999,59.099998,59.650002,45.75679,3442800
2005-11-14,59.75,59.759998,59.130001,59.139999,45.36557,3739900
2005-11-15,59.52,59.869999,59.419998,59.75,45.8335,4435700
2005-11-16,59.98,60.59,59.900002,60.380001,46.31675,5215500
2005-11-17,60.75,60.990002,60.049999,60.98,46.777012,4555800
2005-11-18,61.049999,61.650002,60.650002,60.959999,46.761669,4937200
2005-11-21,61.0,61.200001,60.549999,60.799999,46.638931,5542000
2005-11-22,60.619999,60.84,60.400002,60.669998,46.53923,3744800
2005-11-23,60.669998,60.77,60.349998,60.529999,46.431831,3035500
2005-11-25,60.650002,60.709999,60.16,60.16,46.148003,1713200
2005-11-28,60.060001,60.16,58.400002,58.400002,44.797928,6060800
2005-11-29,58.5,60.389999,58.5,60.07,46.078976,6894500
2005-11-30,60.48,60.650002,59.799999,59.860001,45.91787,5491600
2005-12-01,60.419998,61.509998,60.360001,61.470001,47.152878,5504000
2005-12-02,61.470001,62.139999,61.470001,61.970001,47.536427,3443700
2005-12-05,61.779999,62.419998,61.360001,62.34,47.820263,4634600
2005-12-06,62.889999,64.18,61.75,63.240002,48.510635,5650200
2005-12-07,62.959999,63.0,62.049999,62.610001,48.027382,5074000
2005-12-08,62.610001,63.029999,62.169998,62.959999,48.295841,3976400
2005-12-09,63.150002,63.950001,62.150002,63.669998,48.840466,2972600
2005-12-12,63.68,63.790001,62.009998,63.200001,48.47995,4086300
2005-12-13,63.169998,63.66,62.610001,63.43,48.656384,5316300
2005-12-14,63.48,63.740002,62.939999,63.0,48.326546,3095100
2005-12-15,63.16,63.450001,62.540001,63.330002,48.579659,4109900
2005-12-16,63.700001,63.990002,63.029999,63.139999,48.433926,4788000
2005-12-19,62.75,63.150002,61.029999,61.849998,47.444378,12231700
2005-12-20,61.849998,63.810001,61.799999,63.060001,48.372562,7769200
2005-12-21,63.880001,64.5,63.419998,63.790001,48.932541,13802700
2005-12-22,63.830002,64.120003,63.27,63.75,48.901859,8951700
2005-12-23,63.950001,64.099998,63.299999,63.650002,48.82513,3908300
2005-12-27,64.599998,64.610001,63.209999,63.599998,48.786774,4856800
2005-12-28,63.5,63.849998,63.25,63.450001,48.671722,3890200
2005-12-29,63.43,63.450001,62.75,62.900002,48.249825,3556600
2005-12-30,62.52,62.75,62.130001,62.139999,47.666836,3388100
2006-01-03,62.599998,62.599998,60.599998,61.73,47.352329,8070500
2006-01-04,61.889999,62.200001,61.599998,61.880001,47.467392,5585200
2006-01-05,62.23,62.880001,61.490002,61.689999,47.321632,5624200
2006-01-06,62.75,62.93,62.029999,62.900002,48.249825,5577600
2006-01-09,62.900002,62.900002,61.259998,61.400002,47.099182,8828900
2006-01-10,61.450001,62.77,61.439999,62.610001,48.027382,6237800
2006-01-11,62.599998,62.700001,61.619999,61.849998,47.444378,5515800
2006-01-12,61.900002,62.91,61.740002,62.529999,47.966007,5374100
2006-01-13,61.34,61.34,59.709999,60.939999,46.746323,11002500
2006-01-17,60.200001,61.0,59.98,61.0,46.792355,6332500
2006-01-18,61.0,61.759998,60.580002,61.060001,46.838375,7104900
2006-01-19,61.310001,62.099998,59.290001,61.470001,47.152878,13389600
2006-01-20,61.400002,61.400002,59.389999,59.48,45.626373,10087400
2006-01-23,59.509998,59.830002,57.720001,57.990002,44.48341,9610500
2006-01-24,58.049999,58.700001,58.049999,58.310001,44.728882,8250200
2006-01-25,58.73,58.880001,57.450001,57.98,44.47575,6529400
2006-01-26,57.990002,58.52,57.119999,57.889999,44.4067,9949700
2006-01-27,58.240002,58.779999,58.009998,58.540001,44.905312,6418600
2006-01-30,58.400002,58.700001,57.650002,57.77,44.314663,6738800
2006-01-31,58.169998,59.950001,58.009998,59.419998,45.580353,10652700
2006-02-01,59.299999,59.75,59.049999,59.5,45.641735,7522900
2006-02-02,59.73,59.740002,58.75,59.360001,45.534317,6235200
2006-02-03,59.360001,59.889999,59.09,59.619999,45.733772,5392400
2006-02-06,59.34,59.599998,58.25,58.540001,44.905312,4891600
2006-02-07,58.5,59.080002,57.700001,57.73,44.283985,5174300
2006-02-08,57.52,58.080002,55.25,57.59,44.176575,7318700
2006-02-09,58.5,59.189999,58.040001,58.080002,44.55246,5747900
2006-02-10,58.150002,58.779999,57.400002,58.599998,44.95134,4224000
2006-02-13,58.5,58.779999,58.169998,58.59,44.943672,3357500
2006-02-14,58.5,59.470001,58.5,59.450001,45.603371,4771900
2006-02-15,59.400002,59.75,58.720001,59.0,45.258167,4335100
2006-02-16,59.240002,59.27,58.130001,58.5,44.874634,5087600
2006-02-17,58.25,58.400002,57.830002,58.0,44.491089,7065300
2006-02-21,58.799999,59.040001,57.939999,58.169998,44.621479,4688800
2006-02-22,58.34,59.799999,58.34,59.540001,45.672417,5297100
2006-02-23,59.880001,59.880001,59.369999,59.450001,45.603371,4772500
2006-02-24,59.099998,59.459999,58.509998,58.889999,45.17379,5348000
2006-02-27,59.0,59.16,58.82,58.939999,45.212147,3247000
2006-02-28,58.93,59.02,57.869999,58.23,44.667515,5301200
2006-03-01,58.049999,58.459999,57.84,58.43,44.820942,5289900
2006-03-02,58.0,58.220001,57.220001,57.580002,44.168938,5964400
2006-03-03,57.349998,57.669998,56.490002,56.599998,43.417168,6531000
2006-03-06,56.299999,56.779999,56.240002,56.700001,43.493877,5800300
2006-03-07,56.220001,57.32,56.099998,56.419998,43.279087,6308800
2006-03-08,56.43,57.349998,56.32,57.200001,43.87743,6063300
2006-03-09,57.5,57.860001,56.279999,56.34,43.217712,5283100
2006-03-10,56.389999,56.790001,56.150002,56.169998,43.087318,6983600
2006-03-13,56.060001,56.099998,53.849998,55.73,42.749794,12402100
2006-03-14,55.450001,56.939999,55.450001,56.889999,43.639618,7598000
2006-03-15,56.900002,57.52,56.549999,57.34,43.984821,6608100
2006-03-16,57.290001,57.34,56.459999,56.57,43.394154,6071300
2006-03-17,56.900002,56.91,56.150002,56.689999,43.486217,6645800
2006-03-20,56.580002,56.91,56.150002,56.529999,43.36348,4382400
2006-03-21,56.740002,56.91,55.560001,56.209999,43.118015,5928000
2006-03-22,55.0,56.91,55.0,56.639999,43.447838,4434600
2006-03-23,56.25,56.549999,55.849998,56.369999,43.240746,5577500
2006-03-24,56.18,56.779999,55.450001,55.779999,42.788155,4938800
2006-03-27,55.459999,55.75,54.830002,54.93,42.136131,11124700
2006-03-28,54.560001,54.84,53.200001,54.32,41.668205,12203500
2006-03-29,55.630001,56.549999,55.299999,55.98,42.941578,9507000
2006-03-30,55.75,56.970001,55.720001,56.259998,43.179501,8091100
2006-03-31,56.259998,56.650002,55.5,55.860001,42.87249,9771000
2006-04-03,56.599998,56.599998,55.34,55.470001,42.573174,7603400
2006-04-04,55.400002,55.700001,55.0,55.299999,42.442699,6934400
2006-04-05,55.169998,55.73,55.049999,55.299999,42.442699,5678600
2006-04-06,55.349998,55.369999,53.720001,54.509998,41.836372,12065600
2006-04-07,54.650002,55.23,53.650002,53.689999,41.207016,8073100
2006-04-10,53.599998,53.630001,51.43,52.43,40.239983,19075000
2006-04-11,52.650002,52.810001,50.880001,51.549999,39.564583,14551300
2006-04-12,51.549999,53.57,51.549999,53.459999,41.030502,12100500
2006-04-13,53.459999,53.799999,53.060001,53.5,41.061199,7685500
2006-04-17,53.029999,53.029999,51.450001,51.669998,39.656677,10399800
2006-04-18,52.700001,52.93,49.509998,49.669998,38.121681,41589900
2006-04-19,49.669998,50.0,47.439999,49.18,37.745598,41951500
2006-04-20,49.349998,50.779999,49.049999,50.119999,38.467068,19329200
2006-04-21,50.509998,50.75,49.48,49.57,38.044933,8944100
2006-04-24,49.48,50.43,49.099998,50.16,38.497765,11713600
2006-04-25,50.200001,50.549999,49.189999,49.360001,37.883762,8586000
2006-04-26,49.59,50.0,48.799999,48.970001,37.584427,12356600
2006-04-27,48.490002,48.490002,46.560001,47.75,36.64809,29892500
2006-04-28,48.0,49.900002,47.919998,49.740002,38.175415,15281800
2006-05-01,49.299999,50.220001,49.299999,49.799999,38.221455,10991400
2006-05-02,49.299999,50.0,48.450001,48.580002,37.285099,11589500
2006-05-03,48.310001,48.32,46.32,46.610001,35.773144,23876600
2006-05-04,46.599998,47.150002,46.080002,46.529999,35.711731,11609000
2006-05-05,46.689999,46.880001,45.919998,46.389999,35.604294,13241300
2006-05-08,46.150002,46.650002,44.880001,45.080002,34.598854,19356900
2006-05-09,44.68,44.799999,43.310001,43.799999,33.616455,30915600
2006-05-10,44.790001,46.43,44.310001,46.169998,35.43544,29520300
2006-05-11,45.099998,45.34,43.93,44.369999,34.053928,30196200
2006-05-12,43.93,46.169998,43.599998,45.84,35.182159,17054700
2006-05-15,45.849998,46.82,45.599998,46.700001,35.842209,11640200
2006-05-16,47.07,47.900002,46.889999,47.009998,36.080135,10947600
2006-05-17,46.779999,47.68,46.200001,46.889999,35.988033,8631500
2006-05-18,46.099998,46.200001,44.66,45.299999,34.767704,17695600
2006-05-19,45.299999,45.400002,44.200001,44.419998,34.092304,15505500
2006-05-22,44.43,44.57,43.380001,43.52,33.401569,12017300
2006-05-23,44.0,44.139999,42.75,42.82,32.8643,12139900
2006-05-24,42.77,42.77,41.439999,42.09,32.304035,20166900
2006-05-25,42.099998,42.68,42.099998,42.419998,32.55732,12934600
2006-05-26,42.5,43.41,42.450001,43.119999,33.094543,8613600
2006-05-30,42.810001,43.810001,42.799999,43.330002,33.255733,8673000
2006-05-31,43.75,44.150002,43.459999,43.959999,33.739269,9254900
2006-06-01,44.139999,45.900002,44.080002,45.720001,35.090065,11753300
2006-06-02,46.279999,47.369999,46.279999,46.98,36.057114,12669300
2006-06-05,46.700001,47.110001,46.040001,46.220001,35.473801,7065100
2006-06-06,46.299999,46.720001,45.599998,46.18,35.443096,6846900
2006-06-07,46.490002,46.880001,46.189999,46.279999,35.51984,5290700
2006-06-08,46.720001,46.950001,45.790001,46.25,35.496841,6128300
2006-06-09,46.0,46.299999,45.619999,45.77,35.128426,5693100
2006-06-12,45.77,46.150002,45.049999,45.16,34.660248,4526700
2006-06-13,44.82,45.650002,44.75,45.43,34.867477,6359800
2006-06-14,44.759998,45.27,44.549999,44.98,34.522121,5954700
2006-06-15,45.0,45.150002,44.200001,44.75,34.345577,7777500
2006-06-16,44.900002,44.990002,44.200001,44.290001,33.992542,7265100
2006-06-19,44.490002,44.5,43.310001,43.5,33.386204,6743700
2006-06-20,43.849998,44.169998,43.5,43.709999,33.547394,5288500
2006-06-21,43.5,44.599998,43.5,44.07,33.823689,5706300
2006-06-22,44.200001,45.200001,44.200001,44.43,34.099983,5785900
2006-06-23,44.139999,45.68,44.099998,45.23,34.71397,6156800
2006-06-26,45.110001,45.700001,44.650002,44.939999,34.491409,4391200
2006-06-27,44.720001,44.970001,44.169998,44.220001,33.938808,4393100
2006-06-28,44.490002,44.599998,42.900002,44.43,34.099983,7270400
2006-06-29,44.43,45.82,44.43,45.009998,34.545132,5401800
2006-06-30,45.02,45.299999,44.279999,44.779999,34.368626,7551500
2006-07-03,44.849998,45.07,44.400002,45.009998,34.545132,2175800
2006-07-05,45.0,45.240002,44.290001,45.110001,34.621883,5041600
2006-07-06,44.830002,45.630001,44.529999,44.830002,34.406979,5323200
2006-07-07,45.02,45.59,45.009998,45.389999,34.836781,4568800
2006-07-10,45.450001,46.950001,45.450001,46.82,35.934311,6973100
2006-07-11,46.939999,48.950001,46.900002,48.09,36.909035,15099500
2006-07-12,48.389999,48.939999,47.779999,48.060001,36.886002,6576000
2006-07-13,48.07,48.740002,47.810001,48.009998,36.847645,5419500
2006-07-14,47.860001,47.91,46.970001,47.549999,36.494572,5044400
2006-07-17,47.32,48.400002,47.27,47.650002,36.571342,4742500
2006-07-18,47.639999,48.810001,47.380001,48.400002,37.146954,9171400
2006-07-19,49.91,51.139999,49.650002,50.93,39.088722,17651000
2006-07-20,51.150002,51.939999,49.470001,50.209999,38.536133,10538600
2006-07-21,50.400002,50.400002,49.349998,50.0,38.374947,7790900
2006-07-24,50.099998,50.880001,49.93,50.799999,38.988964,7216400
2006-07-25,50.810001,51.669998,50.48,51.490002,39.518517,5764600
2006-07-26,51.25,51.419998,50.279999,50.529999,38.781712,5497400
2006-07-27,48.700001,49.549999,47.400002,49.459999,37.960499,15388600
2006-07-28,49.580002,50.540001,47.470001,47.849998,36.724823,10645700
2006-07-31,48.299999,48.650002,47.27,47.830002,36.709484,6357800
2006-08-01,47.5,48.0,47.459999,47.82,36.701805,4002600
2006-08-02,49.0,49.599998,48.439999,48.57,37.277431,7799900
2006-08-03,48.639999,48.77,47.630001,47.77,36.663433,5074900
2006-08-04,48.290001,49.099998,47.91,48.560001,37.269745,5253900
2006-08-07,48.139999,48.939999,48.139999,48.490002,37.21603,2977800
2006-08-08,48.830002,49.709999,48.779999,49.419998,37.929798,4884300
2006-08-09,49.869999,49.970001,48.900002,48.98,37.592113,3533400
2006-08-10,47.41,47.849998,46.5,47.400002,36.379448,10786800
2006-08-11,47.080002,47.740002,46.98,47.57,36.509949,3743600
2006-08-14,47.990002,48.139999,47.509998,47.66,36.57901,4225700
2006-08-15,48.290001,48.290001,47.75,48.130001,36.939743,3074000
2006-08-16,48.290001,48.5,47.84,48.139999,36.947407,4098200
2006-08-17,48.139999,49.380001,48.119999,49.040001,37.638153,5228300
2006-08-18,48.950001,49.540001,48.52,49.5,37.991207,5029900
2006-08-21,49.02,49.93,49.02,49.560001,38.037251,3092200
2006-08-22,49.5,50.18,49.450001,49.639999,38.098648,3905500
2006-08-23,49.650002,49.950001,49.450001,49.639999,38.098648,2213900
2006-08-24,49.689999,51.299999,49.639999,51.16,39.265259,5342400
2006-08-25,50.75,51.07,50.150002,50.880001,39.05035,2908200
2006-08-28,50.540001,51.75,50.470001,51.330002,39.395733,4092200
2006-08-29,50.75,51.59,50.599998,51.029999,39.16547,3936000
2006-08-30,51.279999,52.080002,50.98,51.75,39.718086,4515800
2006-08-31,51.75,52.029999,51.25,51.950001,39.871578,4325200
2006-09-01,51.950001,52.02,51.330002,51.799999,39.756458,4312600
2006-09-05,51.900002,51.98,50.650002,50.700001,38.912201,4540100
2006-09-06,50.509998,51.099998,49.709999,50.419998,38.697315,4551300
2006-09-07,50.5,50.82,49.970001,50.209999,38.536133,2410100
2006-09-08,50.599998,51.130001,50.34,50.900002,39.065697,3330700
2006-09-11,50.23,51.75,50.209999,51.599998,39.60294,3799000
2006-09-12,51.639999,52.669998,51.639999,52.529999,40.316723,5188400
2006-09-13,52.27,52.779999,51.93,52.049999,39.948334,3840300
2006-09-14,52.049999,52.200001,51.5,51.810001,39.764126,3341600
2006-09-15,52.040001,52.380001,51.900002,52.209999,40.071125,5922000
2006-09-18,52.150002,52.84,51.93,52.09,39.979015,5669200
2006-09-19,51.799999,52.150002,51.119999,51.869999,39.810181,4244500
2006-09-20,51.740002,51.990002,51.459999,51.529999,39.549213,2802900
2006-09-21,51.380001,51.900002,50.02,50.290001,38.59753,4932000
2006-09-22,50.299999,50.299999,48.900002,48.970001,37.584427,7753300
2006-09-25,49.419998,49.529999,48.299999,48.82,37.469315,5900000
2006-09-26,49.459999,49.459999,48.549999,48.619999,37.3158,5621500
2006-09-27,48.619999,49.32,47.91,49.080002,37.668858,6510100
2006-09-28,49.200001,49.509998,49.0,49.459999,37.960499,3614400
2006-09-29,49.299999,49.75,48.91,49.200001,37.760941,5875600
2006-10-02,49.110001,49.580002,48.52,49.43,37.937477,4923600
2006-10-03,49.43,49.779999,48.950001,49.580002,38.052608,4814500
2006-10-04,49.34,49.700001,49.02,49.560001,38.037251,5259800
2006-10-05,49.220001,50.73,49.099998,50.669998,38.889187,5942600
2006-10-06,50.599998,52.610001,50.560001,51.5,39.526211,9803400
2006-10-09,51.490002,51.5,50.619999,50.720001,38.927547,3768100
2006-10-10,50.950001,50.98,49.560001,49.650002,38.106331,5325500
2006-10-11,49.619999,50.369999,49.299999,50.099998,38.451691,4648900
2006-10-12,50.0,50.0,49.080002,49.619999,38.083313,5007900
2006-10-13,49.25,49.400002,48.52,48.75,37.415581,7707300
2006-10-16,47.150002,50.360001,47.150002,47.540001,36.486916,32185700
2006-10-17,47.27,47.66,46.610001,46.73,35.865234,15103400
2006-10-18,47.009998,48.029999,46.650002,48.0,36.839966,9840300
2006-10-19,49.200001,51.029999,48.790001,50.650002,38.873829,21289100
2006-10-20,50.849998,51.450001,50.580002,50.700001,38.912201,12075800
2006-10-23,50.77,51.18,50.330002,50.639999,38.866154,6835900
2006-10-24,50.5,50.790001,49.830002,49.84,38.252167,7961900
2006-10-25,49.849998,49.900002,48.439999,48.630001,37.323498,13030300
2006-10-26,49.299999,49.650002,48.900002,49.369999,37.891438,7951800
2006-10-27,49.25,49.91,48.93,49.41,37.922131,5413500
2006-10-30,49.639999,49.790001,48.740002,49.029999,37.630489,5325600
2006-10-31,49.099998,49.290001,48.549999,48.779999,37.438595,6353500
2006-11-01,49.34,49.540001,47.860001,48.299999,37.07019,5523200
2006-11-02,48.099998,49.200001,48.09,48.619999,37.3158,5651900
2006-11-03,48.75,48.75,47.470001,47.830002,36.709484,6676300
2006-11-06,47.84,48.720001,47.830002,48.41,37.154636,6218100
2006-11-07,48.759998,50.0,48.349998,49.57,38.044933,9393900
2006-11-08,48.439999,48.68,47.369999,48.0,36.839966,15683000
2006-11-09,48.0,48.0,45.119999,45.27,34.744686,21445100
2006-11-10,45.450001,46.5,45.279999,46.110001,35.389389,10615800
2006-11-13,46.240002,46.860001,45.799999,46.75,35.880589,9117500
2006-11-14,47.02,47.52,46.860001,47.439999,36.410156,8889300
2006-11-15,47.389999,48.080002,47.349998,47.959999,36.809238,7700300
2006-11-16,48.200001,48.290001,47.5,47.619999,36.54829,5271300
2006-11-17,47.599998,47.68,46.880001,47.25,36.264332,5714800
2006-11-20,47.720001,47.869999,46.73,46.810001,35.926617,6017800
2006-11-21,47.0,47.0,46.189999,46.330002,35.558235,6131700
2006-11-22,46.23,46.68,46.220001,46.560001,35.73476,4855300
2006-11-24,46.400002,47.0,46.189999,46.709999,35.849873,1842400
2006-11-27,46.700001,46.889999,46.18,46.18,35.443096,5616900
2006-11-28,46.25,48.0,46.25,47.34,36.333397,9759500
2006-11-29,47.459999,47.610001,46.939999,47.560001,36.502247,8221000
2006-11-30,47.950001,49.48,47.900002,49.080002,37.668858,11434700
2006-12-01,49.439999,49.84,48.490002,48.830002,37.476978,7665800
2006-12-04,48.849998,49.529999,48.619999,48.91,37.538376,7844100
2006-12-05,49.099998,49.169998,48.68,48.880001,37.515362,4601200
2006-12-06,49.029999,49.139999,48.720001,49.009998,37.615108,9797200
2006-12-07,49.080002,50.25,49.0,49.490002,37.983521,10122900
2006-12-08,49.369999,49.950001,49.279999,49.91,38.305882,6141000
2006-12-11,49.900002,50.310001,49.349998,50.09,38.444023,4475300
2006-12-12,49.91,50.369999,49.759998,50.040001,38.405655,7116500
2006-12-13,50.43,50.560001,49.639999,49.709999,38.152374,6556600
2006-12-14,50.0,50.209999,49.59,49.700001,38.144695,7522900
2006-12-15,49.669998,50.150002,49.139999,50.09,38.444023,7423600
2006-12-18,50.200001,50.529999,49.98,50.400002,38.681961,5465300
2006-12-19,50.5,52.529999,50.490002,52.330002,40.163223,13074400
2006-12-20,52.560001,53.700001,52.34,53.560001,41.107243,10252900
2006-12-21,53.889999,54.459999,53.630001,53.93,41.39122,8171700
2006-12-22,53.759998,53.91,52.91,53.450001,41.022827,4569100
2006-12-26,53.68,53.830002,52.990002,53.23,40.85397,2317000
2006-12-27,52.34,53.599998,52.049999,53.380001,40.969105,4915000
2006-12-28,52.869999,53.75,52.869999,53.66,41.183998,3626100
2006-12-29,53.400002,54.040001,53.400002,53.73,41.237732,4410400
2007-01-03,54.32,54.34,52.32,52.57,40.347427,8360300
2007-01-04,52.5,53.0,52.049999,52.91,40.608387,5152500
2007-01-05,52.799999,53.049999,51.93,52.549999,40.332069,6215700
2007-01-08,52.450001,53.490002,52.220001,53.32,40.923058,4344100
2007-01-09,53.349998,53.349998,52.43,52.68,40.431831,5483900
2007-01-10,52.82,53.25,52.200001,52.830002,40.546978,5075600
2007-01-11,53.110001,54.5,52.950001,54.450001,41.790337,5491000
2007-01-12,54.400002,55.34,54.25,55.099998,42.289185,8345700
2007-01-16,55.099998,55.950001,54.720001,55.75,42.788063,8213400
2007-01-17,55.950001,56.290001,55.52,55.650002,42.711334,6731900
2007-01-18,54.599998,54.599998,53.360001,53.799999,41.291458,13144300
2007-01-19,53.799999,53.799999,53.080002,53.200001,40.830948,8131200
2007-01-22,53.200001,53.25,52.049999,52.189999,40.055786,8795700
2007-01-23,52.200001,52.450001,51.400002,51.470001,39.503178,7639300
2007-01-24,51.369999,52.310001,50.759998,51.799999,39.756458,8157300
2007-01-25,51.799999,52.400002,51.799999,52.099998,39.986706,4976800
2007-01-26,52.060001,52.139999,51.279999,51.540001,39.5569,4097600
2007-01-29,51.349998,52.009998,51.349998,51.73,39.702717,5026500
2007-01-30,52.02,52.529999,51.810001,52.209999,40.071125,5881200
2007-01-31,52.5,52.5,51.439999,52.259998,40.109524,4265600
2007-02-01,52.27,53.220001,51.779999,52.799999,40.523945,4694500
2007-02-02,52.849998,53.450001,52.75,52.91,40.608387,4959500
2007-02-05,51.950001,52.830002,51.860001,52.330002,40.163223,6472500
2007-02-06,51.799999,51.889999,50.509998,50.990002,39.134792,10969400
2007-02-07,51.389999,51.389999,50.990002,51.25,39.334332,5172000
2007-02-08,51.279999,51.66,51.169998,51.240002,39.326672,4105700
2007-02-09,51.279999,51.52,50.75,50.880001,39.05035,4438700
2007-02-12,51.450001,51.990002,51.380001,51.619999,39.618301,4360200
2007-02-13,51.939999,52.200001,51.459999,51.610001,39.610626,6080700
2007-02-14,51.709999,51.93,51.310001,51.639999,39.633652,5125200
2007-02-15,52.099998,54.150002,51.98,53.610001,41.145634,8389500
2007-02-16,53.509998,54.279999,53.43,53.950001,41.40657,6276000
2007-02-20,54.549999,54.950001,53.610001,53.82,41.306789,6237000
2007-02-21,53.830002,54.130001,53.209999,53.529999,41.084221,4792000
2007-02-22,53.82,54.0,53.450001,53.720001,41.230045,3893100
2007-02-23,54.080002,54.290001,52.880001,53.029999,40.700478,4587700
2007-02-26,53.169998,53.349998,52.669998,53.209999,40.838623,4700700
2007-02-27,53.220001,53.68,50.939999,51.709999,39.687374,8615400
2007-02-28,52.02,52.720001,51.709999,52.18,40.048103,7015300
2007-03-01,52.060001,53.200001,51.240002,52.740002,40.477909,8698200
2007-03-02,53.990002,55.080002,53.0,54.18,41.583088,13175700
2007-03-05,53.900002,54.849998,52.93,52.959999,40.646748,9355200
2007-03-06,54.41,54.5,53.540001,53.98,41.429596,13281200
2007-03-07,53.810001,54.0,53.110001,53.799999,41.291458,6584300
2007-03-08,54.169998,54.25,53.110001,53.330002,40.930733,6038300
2007-03-09,53.5,53.799999,52.84,53.0,40.677448,4786100
2007-03-12,53.400002,53.610001,52.669998,53.27,40.884666,6895600
2007-03-13,53.27,54.02,52.970001,53.0,40.677448,10299700
2007-03-14,52.900002,53.950001,52.73,53.369999,40.961414,8599100
2007-03-15,53.369999,54.23,53.18,54.049999,41.483315,6508200
2007-03-16,54.310001,54.630001,52.889999,53.130001,40.777222,12425700
2007-03-19,53.540001,54.52,53.330002,54.299999,41.675198,7729800
2007-03-20,54.299999,54.91,53.880001,54.099998,41.521698,9084100
2007-03-21,54.049999,55.139999,53.299999,55.029999,42.235489,13092400
2007-03-22,55.34,56.23,54.650002,55.689999,42.742027,12849200
2007-03-23,55.459999,56.740002,55.27,56.509998,43.37138,8674100
2007-03-26,56.470001,57.099998,56.200001,56.880001,43.655346,9689000
2007-03-27,56.0,56.610001,54.900002,55.849998,42.86483,15167800
2007-03-28,55.98,56.740002,54.59,54.810001,42.066631,12456100
2007-03-29,53.740002,53.740002,52.349998,52.84,40.576859,26372300
2007-03-30,52.84,53.23,52.52,52.970001,40.676697,8706200
2007-04-02,53.400002,53.950001,53.130001,53.73,41.260315,8847400
2007-04-03,54.080002,54.849998,54.0,54.610001,41.936073,9027800
2007-04-04,54.610001,55.400002,54.400002,55.060001,42.281643,8705200
2007-04-05,54.82,55.900002,54.720001,55.330002,42.488976,9043800
2007-04-09,55.150002,55.380001,54.810001,54.880001,42.143421,8099000
2007-04-10,54.849998,55.09,53.91,54.240002,41.651951,8314800
2007-04-11,53.869999,54.209999,52.900002,53.139999,40.807232,10239700
2007-04-12,52.91,53.360001,52.759998,53.119999,40.791889,5216000
2007-04-13,53.349998,53.349998,52.200001,52.950001,40.661346,6946800
2007-04-16,52.959999,53.849998,52.75,53.849998,41.352455,6470900
2007-04-17,54.799999,55.150002,54.09,54.619999,41.943752,12462200
2007-04-18,54.220001,54.950001,53.869999,54.209999,41.628899,7377000
2007-04-19,51.5,52.490002,51.25,52.049999,39.970215,19605100
2007-04-20,52.490002,53.849998,52.110001,53.200001,40.853306,13710900
2007-04-23,53.200001,54.029999,53.0,53.950001,41.429256,7865400
2007-04-24,53.900002,54.369999,53.349998,54.23,41.644268,9378500
2007-04-25,53.25,53.900002,52.34,52.939999,40.653652,14426200
2007-04-26,53.099998,53.619999,52.18,52.709999,40.477043,14477500
2007-04-27,52.720001,53.25,52.720001,53.150002,40.814911,6330800
2007-04-30,53.560001,53.560001,52.740002,53.060001,40.745789,7393900
2007-05-01,52.919998,53.0,52.439999,52.75,40.507755,9132800
2007-05-02,53.099998,53.950001,52.720001,53.790001,41.306393,7340900
2007-05-03,53.950001,54.0,52.990002,53.189999,40.845623,7602000
2007-05-04,53.150002,53.84,53.0,53.57,41.137444,5999900
2007-05-07,53.59,53.919998,53.16,53.25,40.891697,8083500
2007-05-08,53.0,53.25,52.779999,53.110001,40.784191,8615500
2007-05-09,52.830002,53.5,52.740002,53.09,40.768833,6941500
2007-05-10,52.759998,53.580002,52.0,53.02,40.715099,4780800
2007-05-11,53.029999,53.799999,52.860001,53.59,41.152802,7440700
2007-05-14,53.459999,53.490002,52.779999,52.830002,40.56918,5883800
2007-05-15,53.02,53.139999,52.52,52.68,40.453991,6632000
2007-05-16,52.849998,53.82,52.59,53.799999,41.314064,6847500
2007-05-17,53.57,54.0,53.240002,53.650002,41.198879,4840800
2007-05-18,53.73,53.799999,53.139999,53.470001,41.060646,5922600
2007-05-21,53.439999,54.25,53.119999,53.5,41.083702,6847900
2007-05-22,53.580002,54.349998,53.349998,53.889999,41.383198,6655700
2007-05-23,53.889999,54.25,53.610001,53.93,41.413887,6721000
2007-05-24,53.790001,54.43,53.669998,54.209999,41.628899,8538300
2007-05-25,54.599998,54.610001,54.029999,54.41,41.782509,4909800
2007-05-29,54.400002,54.790001,54.400002,54.57,41.905361,5129700
2007-05-30,54.389999,54.900002,54.23,54.57,41.905361,4266900
2007-05-31,54.75,55.32,54.509998,54.77,42.058949,7238100
2007-06-01,54.939999,55.470001,54.82,55.209999,42.396828,6150700
2007-06-04,54.900002,55.450001,54.900002,55.200001,42.389149,4580400
2007-06-05,54.950001,55.130001,54.330002,54.700001,42.005196,5617800
2007-06-06,54.310001,54.630001,53.82,53.970001,41.444622,4652900
2007-06-07,53.07,54.240002,53.07,53.360001,40.97617,6274200
2007-06-08,53.540001,53.84,53.009998,53.669998,41.214245,5842100
2007-06-11,53.700001,53.700001,53.049999,53.189999,40.845623,4416600
2007-06-12,53.299999,53.299999,52.77,52.990002,40.692047,6583200
2007-06-13,53.259998,53.259998,52.349998,53.110001,40.784191,7285000
2007-06-14,53.200001,53.200001,52.799999,52.950001,40.661346,4175300
2007-06-15,53.119999,53.25,52.779999,52.900002,40.622932,7574800
2007-06-18,52.810001,53.189999,52.66,52.869999,40.599884,4328700
2007-06-19,52.689999,52.93,52.599998,52.740002,40.50008,5666400
2007-06-20,52.790001,52.790001,51.389999,51.5,39.547871,12729100
2007-06-21,51.599998,51.779999,51.130001,51.77,39.755184,7153500
2007-06-22,51.68,51.900002,51.029999,51.299999,39.394268,7963200
2007-06-25,51.549999,51.779999,51.209999,51.5,39.547871,6007200
2007-06-26,51.790001,52.049999,51.360001,51.790001,39.770546,5170500
2007-06-27,51.139999,51.759998,51.049999,51.75,39.739838,4839800
2007-06-28,51.529999,52.349998,51.450001,52.099998,40.008595,6556300
2007-06-29,52.5,53.0,50.700001,51.139999,39.271397,10126000
2007-07-02,51.59,52.220001,51.48,52.220001,40.10075,6847500
2007-07-03,52.220001,52.439999,51.75,52.139999,40.039326,2751200
2007-07-05,52.139999,52.549999,51.700001,52.450001,40.277374,6866000
2007-07-06,52.529999,53.18,52.110001,53.02,40.715099,4825800
2007-07-09,53.0,53.07,51.939999,51.970001,39.908779,7362800
2007-07-10,51.75,52.48,51.470001,51.549999,39.586246,7001600
2007-07-11,51.43,51.900002,51.150002,51.41,39.478733,12962500
2007-07-12,51.380001,53.099998,51.130001,53.09,40.768833,12038400
2007-07-13,53.0,53.080002,52.369999,52.98,40.684368,4476300
2007-07-16,53.900002,53.900002,52.869999,52.950001,40.661346,6168300
2007-07-17,52.66,53.419998,52.59,53.0,40.699734,5691200
2007-07-18,54.009998,54.099998,53.139999,53.580002,41.145115,9001700
2007-07-19,51.950001,52.299999,51.299999,51.889999,39.847328,17658500
2007-07-20,51.669998,51.900002,50.779999,51.32,39.409626,9549000
2007-07-23,51.5,51.66,51.060001,51.169998,39.29443,6810200
2007-07-24,51.169998,51.560001,50.959999,51.0,39.163883,8679200
2007-07-25,50.990002,51.419998,50.700001,51.209999,39.325142,8547700
2007-07-26,50.509998,51.119999,49.799999,50.209999,38.557243,8703200
2007-07-27,49.91,50.389999,49.099998,49.130001,37.727867,10559500
2007-07-30,49.400002,50.25,48.75,48.939999,37.581978,7892100
2007-07-31,49.16,49.23,48.130001,48.43,37.190338,10434800
2007-08-01,48.240002,48.869999,47.360001,47.990002,36.852444,11590900
2007-08-02,47.5,48.799999,47.5,48.360001,37.136581,10394800
2007-08-03,49.25,49.25,47.400002,47.5,36.47617,10970100
2007-08-06,47.75,48.549999,47.509998,48.5,37.244099,9647900
2007-08-07,48.360001,49.07,45.82,47.990002,36.852444,9495000
2007-08-08,48.299999,48.299999,46.950001,47.57,36.529942,10244600
2007-08-09,47.790001,47.959999,46.029999,46.330002,35.577705,14537200
2007-08-10,46.400002,48.07,46.049999,47.48,36.460815,11879500
2007-08-13,47.849998,49.990002,47.799999,49.040001,37.658775,12146600
2007-08-14,49.290001,49.380001,48.169998,48.48,37.228722,6202000
2007-08-15,48.849998,50.099998,48.75,49.119999,37.720203,10229600
2007-08-16,48.599998,49.130001,47.970001,48.860001,37.520542,9655400
2007-08-17,49.439999,49.869999,48.900002,49.799999,38.24239,9515400
2007-08-20,50.119999,50.470001,49.220001,49.549999,38.050388,7082900
2007-08-21,49.549999,49.919998,49.27,49.560001,38.058083,5805300
2007-08-22,49.0,49.220001,48.099998,48.650002,37.35928,10318200
2007-08-23,48.900002,49.0,48.34,48.619999,37.336231,5916500
2007-08-24,48.400002,49.790001,48.169998,49.610001,38.096493,6220000
2007-08-27,49.419998,49.939999,49.189999,49.189999,37.773956,4221300
2007-08-28,49.360001,49.639999,48.610001,48.630001,37.343929,5267400
2007-08-29,48.810001,49.0,48.27,48.689999,37.389996,6245200
2007-08-30,48.689999,49.490002,48.330002,49.049999,37.666443,6553300
2007-08-31,49.299999,50.299999,49.009998,50.009998,38.403648,9211400
2007-09-04,50.110001,50.75,49.990002,50.189999,38.541866,7922300
2007-09-05,49.860001,50.0,49.139999,49.290001,37.850739,6183800
2007-09-06,49.029999,49.720001,49.029999,49.599998,38.088787,4168900
2007-09-07,49.150002,49.5,48.98,49.189999,37.773956,4200100
2007-09-10,49.34,49.48,48.970001,49.119999,37.720203,6124300
2007-09-11,49.419998,49.73,48.779999,49.57,38.065762,5778100
2007-09-12,49.529999,49.740002,49.349998,49.470001,37.988968,6619700
2007-09-13,49.650002,49.860001,49.389999,49.549999,38.050388,5046800
2007-09-14,49.279999,50.16,49.18,49.91,38.326862,7101700
2007-09-17,49.73,50.110001,49.57,49.950001,38.357571,6284300
2007-09-18,50.110001,50.48,49.529999,50.099998,38.472752,9324900
2007-09-19,50.25,50.439999,49.599998,49.84,38.273117,7488600
2007-09-20,49.799999,50.009998,49.549999,49.810001,38.25008,5387300
2007-09-21,50.169998,50.169998,49.779999,49.91,38.326862,9616200
2007-09-24,50.0,50.099998,49.43,49.560001,38.058083,12594500
2007-09-25,49.529999,49.91,49.43,49.48,37.996643,7868700
2007-09-26,49.52,49.540001,49.130001,49.310001,37.8661,8035400
2007-09-27,49.450001,49.48,49.240002,49.259998,37.827705,7162100
2007-09-28,49.02,49.02,48.0,48.43,37.190338,12939200
2007-10-01,48.869999,48.98,47.91,48.139999,36.967648,7450800
2007-10-02,48.200001,48.41,47.419998,47.889999,36.775661,8577600
2007-10-03,47.799999,47.799999,46.59,47.049999,36.130623,13402800
2007-10-04,47.419998,47.639999,47.150002,47.380001,36.384037,8023900
2007-10-05,47.439999,48.02,47.380001,47.700001,36.629761,7696600
2007-10-08,47.700001,47.959999,47.68,47.810001,36.71423,3853800
2007-10-09,47.790001,48.5,47.759998,48.490002,37.236412,7991400
2007-10-10,48.48,49.68,48.439999,49.330002,37.88147,13164600
2007-10-11,49.540001,49.599998,49.200001,49.34,37.889137,10103300
2007-10-12,49.240002,49.98,49.150002,49.689999,38.157909,9159300
2007-10-15,49.75,49.75,48.75,48.93,37.574284,8021300
2007-10-16,48.91,49.110001,48.360001,48.5,37.244099,6462000
2007-10-17,48.490002,49.41,48.25,48.599998,37.320881,5703600
2007-10-18,49.0,49.0,47.919998,48.099998,36.936924,20643600
2007-10-19,47.740002,47.970001,47.369999,47.450001,36.437767,11601200
2007-10-22,47.240002,48.18,47.09,48.130001,36.95998,7585700
2007-10-23,48.18,49.139999,48.150002,48.84,37.505184,6565100
2007-10-24,49.25,49.419998,47.900002,48.470001,37.22105,7371800
2007-10-25,48.470001,48.959999,48.18,48.529999,37.267143,6569800
2007-10-26,48.619999,48.779999,47.0,47.990002,36.852444,6127600
2007-10-29,48.23,48.490002,47.799999,47.950001,36.821739,4789800
2007-10-30,47.77,48.200001,47.400002,47.900002,36.783337,5111300
2007-10-31,48.549999,49.619999,48.400002,49.150002,37.743225,9457100
2007-11-01,48.82,49.43,48.5,48.549999,37.282494,6727600
2007-11-02,48.290001,49.040001,48.119999,48.939999,37.581978,7492800
2007-11-05,48.5,49.459999,48.5,49.119999,37.720203,6618400
2007-11-06,49.150002,49.650002,48.900002,49.59,38.081123,4752000
2007-11-07,49.75,50.540001,49.509998,49.849998,38.280773,10515700
2007-11-08,50.09,50.349998,49.540001,50.290001,38.618668,7339100
2007-11-09,50.200001,52.220001,49.889999,51.669998,39.67841,16514700
2007-11-12,51.48,53.0,51.48,52.639999,40.423283,13544100
2007-11-13,52.799999,53.299999,52.43,53.299999,40.930111,11340300
2007-11-14,53.52,53.669998,52.66,53.040001,40.730442,7846700
2007-11-15,52.720001,53.799999,52.720001,53.02,40.715099,7615200
2007-11-16,53.27,53.73,52.889999,53.419998,41.022263,8204700
2007-11-19,53.25,53.689999,53.02,53.490002,41.076012,8233200
2007-11-20,53.470001,54.450001,53.349998,54.07,41.5214,8674200
2007-11-21,53.709999,54.400002,53.110001,53.41,41.014568,7021500
2007-11-23,53.66,54.150002,53.650002,54.07,41.5214,2963700
2007-11-26,54.07,54.82,53.32,53.380001,40.991535,6500600
2007-11-27,53.549999,54.419998,53.209999,54.290001,41.690346,7889600
2007-11-28,54.59,54.799999,53.66,54.720001,42.020569,8769300
2007-11-29,54.650002,54.970001,54.580002,54.759998,42.051266,6164600
2007-11-30,54.950001,55.0,54.060001,55.0,42.235569,6047100
2007-12-03,54.299999,54.93,54.029999,54.630001,41.951447,7170700
2007-12-04,54.27,54.990002,53.900002,54.330002,41.721062,9493200
2007-12-05,54.939999,54.939999,54.23,54.68,41.989838,10883600
2007-12-06,54.560001,56.0,54.150002,55.98,42.988121,6723600
2007-12-07,55.970001,56.990002,55.27,56.650002,43.502636,8187700
2007-12-10,56.650002,57.950001,56.48,57.869999,44.439507,11171800
2007-12-11,57.84,58.150002,56.93,57.07,43.825157,11885800
2007-12-12,57.259998,58.34,57.259998,57.470001,44.132317,13495200
2007-12-13,57.099998,57.689999,56.580002,57.029999,43.794456,8543000
2007-12-14,56.27,57.439999,55.110001,56.73,43.564064,6931000
2007-12-17,56.369999,57.200001,56.369999,56.59,43.456554,5754600
2007-12-18,56.889999,57.470001,56.34,57.200001,43.924992,6548300
2007-12-19,57.099998,57.66,56.25,57.360001,44.04784,4455600
2007-12-20,57.66,58.32,57.099998,58.110001,44.62381,6728800
2007-12-21,58.150002,59.34,58.029999,58.990002,45.299561,11114800
2007-12-24,58.759998,59.459999,58.759998,58.880001,45.215092,1934400
2007-12-26,58.880001,59.18,58.75,58.950001,45.268856,3192300
2007-12-27,58.200001,59.439999,58.200001,58.360001,44.815765,4671800
2007-12-28,58.16,59.0,58.080002,58.279999,44.754345,3735400
2007-12-31,58.0,58.57,57.869999,58.200001,44.692905,3394900
2008-01-02,57.189999,57.860001,56.459999,56.669998,43.517982,7698700
2008-01-03,56.75,57.290001,56.52,56.93,43.717651,4864000
2008-01-04,56.560001,56.93,55.939999,56.0,43.003487,7250600
2008-01-07,55.540001,57.110001,55.540001,56.880001,43.679249,6093200
2008-01-08,57.049999,57.48,55.98,56.209999,43.164745,8142700
2008-01-09,56.09,57.48,55.75,56.189999,43.14938,9381400
2008-01-10,55.91,56.279999,55.07,56.09,43.072601,6413600
2008-01-11,55.689999,56.59,55.470001,55.91,42.934364,6135400
2008-01-14,56.25,56.5,55.080002,55.419998,42.558102,6194000
2008-01-15,55.009998,55.400002,54.529999,54.950001,42.19717,6703900
2008-01-16,54.599998,56.27,54.599998,55.279999,42.450584,8403500
2008-01-17,55.540001,55.540001,53.790001,54.360001,41.744099,7686000
2008-01-18,54.639999,54.880001,53.110001,54.400002,41.774826,9705200
2008-01-22,51.5,52.98,50.32,51.220001,39.332813,16447400
2008-01-23,49.82,50.43,48.119999,50.349998,38.664742,15512200
2008-01-24,50.369999,50.529999,49.279999,49.82,38.25774,11488400
2008-01-25,49.880001,50.200001,49.5,50.0,38.395969,12519600
2008-01-28,49.900002,52.0,49.59,52.0,39.931816,13295200
2008-01-29,52.220001,52.220001,50.119999,50.779999,38.994949,9873700
2008-01-30,50.509998,51.299999,50.130001,50.16,38.518841,9818900
2008-01-31,50.07,51.119999,49.32,50.84,39.041023,8361900
2008-02-01,50.849998,51.029999,49.650002,50.099998,38.472752,7346800
2008-02-04,49.91,50.18,49.790001,49.900002,38.319191,4484300
2008-02-05,50.060001,50.23,49.400002,49.400002,37.935211,6981300
2008-02-06,49.639999,49.810001,49.279999,49.380001,37.919857,6428300
2008-02-07,49.099998,49.610001,48.66,49.029999,37.6511,6909700
2008-02-08,48.860001,48.860001,47.59,48.200001,37.013725,5966200
2008-02-11,48.200001,48.369999,47.389999,48.220001,37.02906,6717800
2008-02-12,48.48,48.650002,47.889999,48.27,37.067471,7282300
2008-02-13,47.599998,47.650002,44.0,46.970001,36.069172,29371900
2008-02-14,46.889999,47.099998,46.200001,46.610001,35.792725,7993500
2008-02-15,46.34,47.740002,46.34,47.740002,36.66048,8617000
2008-02-19,48.189999,48.5,47.779999,48.080002,36.92157,5411200
2008-02-20,47.810001,48.18,47.5,48.099998,36.936924,5012100
2008-02-21,48.169998,48.169998,47.700001,47.799999,36.706539,4833500
2008-02-22,47.990002,48.110001,46.75,47.360001,36.368671,5900800
2008-02-25,47.299999,48.150002,47.299999,47.98,36.844772,6475100
2008-02-26,47.84,48.959999,47.5,48.93,37.574284,7154700
2008-02-27,48.799999,49.580002,48.799999,49.169998,37.758602,7392400
2008-02-28,48.91,49.09,47.950001,48.009998,36.867813,5639700
2008-02-29,47.580002,47.700001,46.32,46.48,35.692905,10785100
2008-03-03,46.23,46.509998,45.549999,46.349998,35.593071,8229300
2008-03-04,46.009998,47.150002,46.009998,46.759998,35.907925,8082300
2008-03-05,47.279999,47.369999,46.52,47.220001,36.261162,5990500
2008-03-06,47.080002,47.080002,45.75,45.810001,35.178391,6788000
2008-03-07,45.599998,45.700001,45.139999,45.209999,34.71764,7434000
2008-03-10,45.16,45.73,44.970001,45.07,34.610119,6165400
2008-03-11,40.650002,41.27,37.32,38.240002,29.365236,37638000
2008-03-12,35.75,38.619999,34.669998,36.68,28.167278,35342400
2008-03-13,37.700001,39.650002,37.110001,38.279999,29.395954,30377600
2008-03-14,38.639999,39.720001,36.630001,37.189999,28.55892,13008400
2008-03-17,35.860001,36.720001,33.73,33.84,25.986393,21053600
2008-03-18,34.299999,35.060001,33.57,35.060001,26.923267,19636900
2008-03-19,34.52,36.57,34.52,35.549999,27.29954,14692900
2008-03-20,35.73,35.73,34.84,35.32,27.12291,12731500
2008-03-24,35.330002,36.0,35.310001,35.709999,27.422394,7288100
2008-03-25,35.41,35.48,34.810001,35.279999,27.092194,9606500
2008-03-26,35.25,35.25,33.939999,34.099998,26.18605,15311800
2008-03-27,34.25,34.41,33.810001,34.0,26.109262,11709500
2008-03-28,34.240002,34.599998,33.900002,34.400002,26.416445,8048500
2008-03-31,34.400002,34.849998,33.830002,34.360001,26.408735,14104200
2008-04-01,34.849998,36.25,34.599998,36.25,27.861372,8887700
2008-04-02,35.799999,36.810001,35.799999,35.959999,27.638479,9386800
2008-04-03,35.380001,36.889999,35.380001,36.150002,27.784512,11752400
2008-04-04,36.150002,36.68,36.02,36.5,28.053511,5706400
2008-04-07,36.740002,37.07,36.490002,36.669998,28.184179,7077800
2008-04-08,36.68,38.330002,36.509998,38.080002,29.267893,12245600
2008-04-09,38.279999,38.279999,37.150002,37.279999,28.653028,7126600
2008-04-10,36.990002,37.849998,36.52,36.599998,28.130381,6794700
2008-04-11,36.5,37.0,35.73,35.869999,27.569305,7061600
2008-04-14,35.849998,36.299999,35.529999,36.290001,27.892118,4541600
2008-04-15,36.130001,38.099998,36.080002,37.240002,28.622278,9010100
2008-04-16,37.27,37.27,35.759998,35.799999,27.515511,11659600
2008-04-17,35.720001,36.709999,35.720001,36.700001,28.207243,7013500
2008-04-18,36.84,37.439999,36.049999,37.25,28.629972,9058800
2008-04-21,37.040001,38.099998,37.040001,37.810001,29.060389,8088300
2008-04-22,33.709999,35.049999,33.48,34.150002,26.247349,28718500
2008-04-23,34.060001,35.169998,33.77,34.73,26.693121,17846700
2008-04-24,34.5,35.290001,33.41,33.59,25.816931,10118800
2008-04-25,33.810001,34.290001,33.57,33.990002,26.124363,10066100
2008-04-28,34.0,34.150002,33.459999,33.639999,25.855362,9751200
2008-04-29,33.470001,33.48,32.939999,33.400002,25.670895,10580800
2008-04-30,33.599998,33.599998,32.5,32.630001,25.079086,14293400
2008-05-01,32.720001,33.18,32.32,32.900002,25.2866,26252600
2008-05-02,33.009998,34.360001,33.009998,33.470001,25.724699,12916900
2008-05-05,33.560001,34.029999,33.060001,33.07,25.417257,11348000
2008-05-06,33.07,33.27,32.560001,32.799999,25.209736,11935500
2008-05-07,32.740002,33.23,32.560001,32.66,25.102142,8573600
2008-05-08,32.75,33.57,32.5,33.0,25.363457,7207100
2008-05-09,33.09,33.209999,32.619999,32.939999,25.317341,5168500
2008-05-12,33.18,33.18,32.560001,32.779999,25.194363,5080700
2008-05-13,32.810001,33.09,32.5,32.549999,25.017595,6172000
2008-05-14,32.540001,32.799999,32.02,32.02,24.610245,10210200
2008-05-15,32.099998,32.23,31.49,31.700001,24.364296,16034800
2008-05-16,32.110001,32.59,31.860001,32.32,24.840818,17738000
2008-05-19,32.580002,33.610001,32.450001,33.439999,25.701632,13271900
2008-05-20,33.650002,34.189999,33.459999,34.049999,26.170483,19432000
2008-05-21,34.0,34.529999,33.82,34.16,26.255024,12849000
2008-05-22,34.5,35.77,34.0,35.299999,27.131212,16315500
2008-05-23,35.5,35.540001,34.32,34.75,26.708498,12066300
2008-05-27,34.689999,35.23,34.619999,35.02,26.916008,10348000
2008-05-28,35.040001,35.240002,34.209999,34.23,26.308821,15387500
2008-05-29,34.099998,34.77,34.009998,34.5,26.516348,11342700
2008-05-30,34.580002,34.73,34.060001,34.209999,26.293451,7643400
2008-06-02,34.220001,34.419998,33.66,33.990002,26.124363,10343700
2008-06-03,34.040001,34.299999,33.5,33.950001,26.093618,9692600
2008-06-04,33.919998,34.110001,33.669998,33.82,25.993704,11208500
2008-06-05,33.869999,34.16,33.57,33.939999,26.085932,10629800
2008-06-06,33.720001,33.889999,32.990002,33.029999,25.386517,12431000
2008-06-09,33.040001,33.25,32.75,32.93,25.309662,9009800
2008-06-10,33.009998,33.009998,32.48,32.599998,25.056021,9300200
2008-06-11,32.490002,32.59,31.76,31.950001,24.55644,11565800
2008-06-12,32.040001,32.110001,30.98,31.01,23.833973,15830200
2008-06-13,30.299999,30.889999,30.0,30.74,23.626448,18258400
2008-06-16,30.65,30.74,29.92,30.200001,23.211416,11135300
2008-06-17,30.280001,30.51,29.959999,30.0,23.057686,7366800
2008-06-18,29.969999,30.4,29.889999,30.219999,23.226782,18323000
2008-06-19,27.1,28.709999,26.93,27.889999,21.435966,51415000
2008-06-20,27.84,27.950001,27.0,27.120001,20.844151,17673700
2008-06-23,27.23,27.24,26.219999,26.389999,20.283081,15516700
2008-06-24,26.15,26.75,25.92,26.43,20.313826,13895800
2008-06-25,26.48,27.24,26.48,26.790001,20.590521,8488200
2008-06-26,26.48,27.299999,25.889999,25.969999,19.960268,12442100
2008-06-27,26.299999,26.700001,25.99,26.01,19.99102,20100800
2008-06-30,26.049999,26.58,25.5,26.25,20.175472,15309500
2008-07-01,26.120001,26.200001,25.290001,25.629999,19.698952,11956400
2008-07-02,27.02,27.299999,25.040001,25.120001,19.306978,27401600
2008-07-03,24.5,24.99,22.719999,22.959999,17.646811,22763500
2008-07-07,22.709999,23.67,22.68,23.309999,17.915823,17254000
2008-07-08,22.780001,24.09,22.51,23.280001,17.892767,23354900
2008-07-09,23.35,23.559999,22.75,22.93,17.623766,16839800
2008-07-10,22.9,23.17,22.18,22.58,17.354755,12975200
2008-07-11,21.76,22.549999,21.540001,22.16,17.031944,14181300
2008-07-14,22.190001,22.5,22.030001,22.18,17.047321,10634900
2008-07-15,21.91,22.42,21.200001,22.33,17.162605,16152700
2008-07-16,22.4,22.66,21.969999,22.530001,17.316322,19159200
2008-07-17,22.6,23.67,22.49,23.58,18.123339,16009900
2008-07-18,23.719999,24.290001,23.24,23.9,18.369286,15625200
2008-07-21,24.129999,24.34,23.76,23.83,18.315496,13714500
2008-07-22,24.4,26.4,24.15,26.209999,20.144739,26171000
2008-07-23,27.92,28.129999,27.280001,27.76,21.336046,26577700
2008-07-24,27.74,27.940001,26.809999,27.02,20.767296,11180800
2008-07-25,27.02,27.6,26.9,27.450001,21.097788,11244200
2008-07-28,27.469999,27.950001,26.780001,26.780001,20.58283,8837000
2008-07-29,26.85,27.66,26.620001,27.530001,21.159273,7623700
2008-07-30,27.65,27.93,26.690001,27.280001,20.967123,10490000
2008-07-31,27.120001,28.969999,27.120001,28.08,21.581993,17290000
2008-08-01,27.99,28.309999,27.440001,28.129999,21.620426,10702100
2008-08-04,28.700001,29.5,27.5,28.959999,22.258356,11467400
2008-08-05,28.959999,30.48,28.959999,30.450001,23.403557,13067600
2008-08-06,30.41,30.41,29.360001,29.860001,22.950096,9772900
2008-08-07,29.790001,29.950001,29.01,29.16,22.412073,7074200
2008-08-08,29.27,31.190001,29.27,31.0,23.826279,10644200
2008-08-11,31.07,31.870001,30.24,31.25,24.018423,7417400
2008-08-12,31.389999,31.940001,31.18,31.48,24.195202,7479300
2008-08-13,31.49,31.83,30.870001,31.610001,24.295118,7219400
2008-08-14,31.709999,32.360001,31.1,31.889999,24.510326,7737000
2008-08-15,31.940001,33.099998,31.129999,33.009998,25.371153,9848100
2008-08-18,33.25,33.490002,31.9,32.130001,24.694788,8541000
2008-08-19,31.969999,32.130001,29.98,30.969999,23.803225,12564800
2008-08-20,30.950001,30.959999,29.889999,30.24,23.242151,7075300
2008-08-21,30.1,30.73,29.85,30.299999,23.288265,5937900
2008-08-22,30.459999,30.719999,30.110001,30.610001,23.526537,6666400
2008-08-25,30.530001,30.65,29.16,29.309999,22.52737,6565400
2008-08-26,29.299999,30.360001,29.01,29.459999,22.642662,6095000
2008-08-27,29.450001,29.860001,28.82,29.43,22.619595,5643500
2008-08-28,29.549999,30.219999,29.43,30.059999,23.103807,5952400
2008-08-29,30.040001,30.75,29.860001,30.450001,23.403557,7137300
2008-09-02,30.49,31.389999,29.0,29.280001,22.504305,12849800
2008-09-03,29.18,29.799999,28.98,29.68,22.811741,5111300
2008-09-04,29.559999,29.620001,27.719999,28.059999,21.56662,13517500
2008-09-05,27.9,28.01,27.23,27.709999,21.297615,10914200
2008-09-08,28.66,29.25,28.219999,29.16,22.412073,8880900
2008-09-09,29.07,30.030001,28.48,28.48,21.889431,12618500
2008-09-10,28.51,29.58,28.42,29.309999,22.52737,8168400
2008-09-11,28.52,30.0,28.52,29.959999,23.026949,10032900
2008-09-12,30.0,30.0,28.91,29.610001,22.757933,7194800
2008-09-15,28.780001,29.209999,27.9,28.01,21.528202,10762700
2008-09-16,27.73,27.799999,25.84,26.780001,20.58283,17597900
2008-09-17,26.5,27.5,25.5,25.51,19.606724,12287900
2008-09-18,25.85,26.719999,24.9,26.57,20.421429,12795600
2008-09-19,29.940001,30.0,26.34,26.790001,20.590521,13050400
2008-09-22,27.0,27.09,26.139999,26.52,20.383003,6717500
2008-09-23,26.27,27.5,25.24,26.0,19.983334,6472000
2008-09-24,26.01,26.27,24.98,25.1,19.291601,4908000
2008-09-25,25.190001,25.959999,25.1,25.5,19.599037,5511600
2008-09-26,25.0,26.200001,25.0,25.809999,19.837303,4545800
2008-09-29,25.26,26.0,21.0,21.0,16.140383,8695700
2008-09-30,23.68,26.0,23.67,25.389999,19.514492,10648200
2008-10-01,25.969999,25.969999,24.76,25.08,19.276224,7038900
2008-10-02,25.09,25.459999,24.700001,24.76,19.030277,10096200
2008-10-03,25.059999,25.290001,23.99,24.110001,18.530697,7621800
2008-10-06,23.77,23.99,21.65,22.26,17.108809,12613300
2008-10-07,22.5,22.75,20.52,20.52,15.771464,11134900
2008-10-08,20.26,21.02,19.200001,19.200001,14.756913,12460900
2008-10-09,20.129999,20.17,17.540001,17.799999,13.6809,18043400
2008-10-10,16.629999,19.0,14.51,17.35,13.335029,22748600
2008-10-13,18.059999,23.52,17.83,23.379999,17.969635,17691700
2008-10-14,24.309999,25.25,22.66,22.99,17.669878,14809700
2008-10-15,22.58,23.040001,21.57,21.67,16.655342,11159000
2008-10-16,23.620001,24.0,20.700001,22.629999,17.393181,20106300
2008-10-17,22.99,24.719999,22.559999,24.389999,18.745909,17641700
2008-10-20,24.620001,25.610001,24.200001,25.51,19.606724,9741400
2008-10-21,25.139999,25.99,25.0,25.25,19.406887,13449800
2008-10-22,23.700001,24.82,22.700001,24.059999,18.492264,15369300
2008-10-23,24.26,24.790001,22.17,23.93,18.392347,10879900
2008-10-24,22.18,23.450001,21.26,22.91,17.608387,10412300
2008-10-27,22.309999,22.93,20.200001,20.43,15.702289,11761500
2008-10-28,21.27,22.48,20.0,22.450001,17.254835,11767800
2008-10-29,22.309999,22.68,21.0,21.32,16.386322,14461400
2008-10-30,22.690001,22.690001,21.120001,22.389999,17.208725,9410800
2008-10-31,22.07,24.190001,21.299999,23.73,18.238626,14807400
2008-11-03,23.68,23.99,23.25,23.49,18.054176,5451000
2008-11-04,24.299999,24.49,22.549999,22.82,17.539215,10569500
2008-11-05,22.58,23.639999,22.48,22.77,17.500786,11475300
2008-11-06,22.6,23.17,21.969999,22.16,17.031944,11371800
2008-11-07,22.41,22.92,21.83,22.43,17.239462,7309700
2008-11-10,22.52,22.73,21.09,21.440001,16.478565,7087800
2008-11-11,21.08,21.08,19.59,20.16,15.494766,9592200
2008-11-12,20.0,20.0,18.83,18.870001,14.503289,8305500
2008-11-13,18.98,20.870001,17.860001,20.84,16.017405,13802000
2008-11-14,20.27,21.58,20.01,20.02,15.387165,9847900
2008-11-17,19.73,20.030001,18.889999,18.889999,14.518661,8951100
2008-11-18,18.58,19.549999,18.110001,19.030001,14.626263,12303900
2008-11-19,18.91,19.52,17.700001,17.73,13.627097,9254900
2008-11-20,17.6,18.65,15.93,16.299999,12.52801,13078000
2008-11-21,16.719999,17.200001,15.19,17.15,13.181313,17653300
2008-11-24,17.57,19.4,17.280001,19.07,14.657001,13471700
2008-11-25,19.59,20.99,19.450001,20.73,15.932861,13391300
2008-11-26,19.93,21.16,19.719999,20.98,16.125011,9609700
2008-11-28,20.809999,21.379999,20.75,21.01,16.148066,3549700
2008-12-01,21.67,22.440001,20.040001,20.120001,15.464018,11531800
2008-12-02,20.5,21.219999,19.25,20.32,15.617744,8941500
2008-12-03,19.84,20.530001,19.049999,20.379999,15.663861,8016700
2008-12-04,20.040001,20.870001,19.530001,19.9,15.294929,7406500
2008-12-05,19.52,21.57,19.23,21.41,16.455507,8246800
2008-12-08,21.98,22.09,20.879999,21.450001,16.486242,7721800
2008-12-09,21.23,22.18,20.190001,20.780001,15.971291,8246400
2008-12-10,21.0,21.809999,20.889999,21.57,16.57848,7030600
2008-12-11,21.309999,23.959999,21.209999,23.49,18.054176,13822100
2008-12-12,22.82,23.84,22.549999,23.540001,18.092606,8309400
2008-12-15,23.65,24.48,23.459999,23.780001,18.27706,10733200
2008-12-16,23.059999,24.889999,22.5,24.35,18.715158,11878600
2008-12-17,23.959999,24.84,23.67,23.9,18.369286,8141000
2008-12-18,24.16,25.08,23.690001,24.91,19.145569,10148800
2008-12-19,25.02,26.92,24.92,26.49,20.359941,17398000
2008-12-22,26.469999,26.82,25.0,25.74,19.783503,8160500
2008-12-23,25.93,26.6,25.719999,25.98,19.967957,5888900
2008-12-24,26.16,26.48,25.48,25.959999,19.952587,1965700
2008-12-26,26.08,26.48,25.99,26.299999,20.213898,2108200
2008-12-29,26.41,26.41,25.08,25.57,19.652836,5507900
2008-12-30,25.82,27.110001,25.76,27.040001,20.782663,5886600
2008-12-31,27.059999,27.309999,26.200001,26.6,20.444485,5584600
2009-01-02,26.700001,27.719999,26.540001,27.59,21.205391,4885900
2009-01-05,27.4,27.67,26.559999,27.139999,20.859518,8518900
2009-01-06,27.110001,27.370001,25.809999,26.5,20.367624,7423000
2009-01-07,26.709999,27.08,26.040001,26.299999,20.213898,8228400
2009-01-08,26.1,26.91,25.75,26.709999,20.529028,6106900
2009-01-09,26.75,27.0,25.799999,26.450001,20.329193,5931400
2009-01-12,26.58,26.790001,25.290001,25.620001,19.691267,6242600
2009-01-13,24.92,26.290001,24.85,25.360001,19.491434,10393800
2009-01-14,24.700001,24.959999,23.77,24.08,18.507641,7846700
2009-01-15,24.059999,25.139999,23.860001,24.889999,19.130201,10735100
2009-01-16,25.389999,25.620001,24.76,25.5,19.599037,9587900
2009-01-20,25.41,26.01,24.030001,24.16,18.56912,8196900
2009-01-21,24.209999,25.120001,23.860001,25.049999,19.253162,8206400
2009-01-22,25.440001,27.440001,25.25,27.190001,20.897953,19846600
2009-01-23,27.17,28.57,25.93,28.040001,21.551256,14194800
2009-01-26,28.16,28.719999,27.799999,28.15,21.635803,11956600
2009-01-27,28.27,29.5,28.09,29.08,22.35058,14528200
2009-01-28,29.610001,30.25,29.25,29.99,23.049994,16850900
2009-01-29,29.68,29.700001,28.51,28.690001,22.050835,8842900
2009-01-30,28.76,28.9,27.66,28.33,21.774149,9325100
2009-02-02,28.0,29.5,27.799999,29.15,22.404392,9313100
2009-02-03,29.610001,30.25,28.690001,29.74,22.857855,12365200
2009-02-04,29.799999,29.940001,28.75,28.98,22.273726,13014100
2009-02-05,28.66,29.08,28.52,28.799999,22.135378,13264500
2009-02-06,28.77,29.43,28.5,28.940001,22.242983,15279600
2009-02-09,29.620001,29.700001,28.91,29.52,22.688765,12664700
2009-02-10,29.27,29.66,27.84,27.969999,21.497446,12561200
2009-02-11,27.799999,28.690001,27.65,28.549999,21.943237,14523700
2009-02-12,27.799999,29.540001,27.5,29.48,22.658016,16370900
2009-02-13,29.42,29.440001,28.65,28.959999,22.258356,9258200
2009-02-17,28.190001,28.83,27.24,28.42,21.843328,13399000
2009-02-18,28.440001,28.440001,27.799999,28.33,21.774149,10999400
2009-02-19,28.58,29.389999,28.280001,28.65,22.020092,10142100
2009-02-20,28.129999,28.559999,27.540001,27.98,21.505133,14396200
2009-02-23,26.6,26.9,23.35,23.82,18.307806,29258700
2009-02-24,23.77,24.690001,23.6,24.209999,18.607553,13996100
2009-02-25,24.1,24.1,22.559999,23.030001,17.700623,14346100
2009-02-26,23.34,23.34,19.51,20.07,15.425591,34614900
2009-02-27,20.190001,20.6,19.42,19.65,15.10279,19846800
2009-03-02,19.190001,19.25,17.0,17.48,13.434947,30818800
2009-03-03,17.74,18.76,16.84,17.799999,13.6809,33608100
2009-03-04,18.110001,18.51,17.620001,17.959999,13.803871,30539200
2009-03-05,17.52,17.84,16.18,16.35,12.566442,23363700
2009-03-06,16.57,18.07,16.32,17.9,13.757755,24728700
2009-03-09,17.67,18.290001,17.139999,17.790001,13.673213,13752500
2009-03-10,17.639999,19.379999,17.639999,19.309999,14.841466,18763300
2009-03-11,19.42,20.309999,18.77,19.120001,14.695433,15788800
2009-03-12,19.030001,20.6,18.860001,20.41,15.686918,15471200
2009-03-13,20.51,21.68,20.389999,21.360001,16.41708,11716000
2009-03-16,21.629999,21.75,20.620001,20.68,15.894436,8086100
2009-03-17,21.110001,21.84,20.35,21.540001,16.555418,12679300
2009-03-18,21.32,22.889999,21.280001,21.950001,16.870546,11402800
2009-03-19,22.290001,22.4,21.09,21.299999,16.370956,8968000
2009-03-20,21.709999,21.860001,20.25,20.629999,15.856007,13299800
2009-03-23,21.200001,22.07,20.540001,22.049999,16.947399,10350900
2009-03-24,21.68,22.0,21.110001,21.120001,16.232615,8353700
2009-03-25,21.290001,21.67,20.610001,21.18,16.278727,14040500
2009-03-26,21.17,21.799999,20.870001,21.620001,16.616911,12733100
2009-03-27,21.299999,21.549999,20.9,21.08,16.201876,6794600
2009-03-30,20.450001,20.870001,20.16,20.540001,15.786832,8537100
2009-03-31,20.85,21.620001,20.6,20.93,16.110113,9877800
2009-04-01,20.610001,21.1,19.85,20.68,15.917686,12819300
2009-04-02,21.17,21.76,20.83,21.07,16.217882,14884600
2009-04-03,21.049999,21.5,20.139999,20.540001,15.80993,9655100
2009-04-06,20.33,22.049999,20.25,21.93,16.879824,12855600
2009-04-07,21.4,23.76,20.700001,23.450001,18.049795,21519900
2009-04-08,24.120001,24.389999,22.549999,22.860001,17.595657,15949800
2009-04-09,23.559999,23.91,23.0,23.860001,18.365377,8783700
2009-04-13,24.120001,24.58,23.5,24.370001,18.757927,10678000
2009-04-14,24.18,24.870001,23.68,24.5,18.858,11141200
2009-04-15,24.34,25.85,24.08,25.110001,19.327517,15740600
2009-04-16,25.32,26.1,23.67,24.360001,18.750233,12370500
2009-04-17,24.32,24.4,23.1,24.139999,18.580881,13915400
2009-04-20,23.52,24.870001,23.52,24.209999,18.634771,9951200
2009-04-21,25.379999,25.709999,22.719999,22.799999,17.549467,23880900
2009-04-22,22.860001,23.629999,22.5,22.809999,17.557182,17248100
2009-04-23,23.1,23.549999,21.950001,23.16,17.826569,15036800
2009-04-24,23.43,23.610001,22.559999,23.059999,17.749605,14607200
2009-04-27,23.200001,23.559999,22.73,23.01,17.711113,11906800
2009-04-28,23.0,24.540001,22.690001,23.889999,18.388468,14061200
2009-04-29,24.049999,24.25,23.27,23.870001,18.37307,11349100
2009-04-30,24.4,24.459999,23.370001,23.52,18.103672,10722700
2009-05-01,23.559999,23.58,22.74,22.969999,17.680332,10355700
2009-05-04,22.98,23.76,22.799999,23.719999,18.25761,9592300
2009-05-05,23.620001,25.68,23.620001,25.559999,19.673882,13811900
2009-05-06,25.74,26.0,25.25,25.93,19.958679,9675400
2009-05-07,25.799999,28.52,25.799999,28.389999,21.852175,17479200
2009-05-08,28.74,29.690001,28.540001,28.870001,22.221642,17012400
2009-05-11,28.26,28.530001,27.4,27.59,21.236404,9914700
2009-05-12,27.059999,27.799999,26.370001,27.32,21.028585,9918900
2009-05-13,27.07,28.299999,26.5,27.66,21.290289,9800700
2009-05-14,27.67,28.209999,27.02,27.799999,21.39805,6013100
2009-05-15,27.74,28.74,27.17,27.51,21.174833,8907900
2009-05-18,27.690001,27.83,26.6,27.809999,21.405745,10816500
2009-05-19,27.709999,28.209999,27.25,27.459999,21.136343,6927600
2009-05-20,27.68,28.379999,27.129999,27.780001,21.382652,9396300
2009-05-21,27.360001,28.469999,26.639999,26.92,20.720701,9292300
2009-05-22,26.950001,27.34,26.129999,26.299999,20.243473,6591500
2009-05-26,26.209999,27.41,25.860001,27.190001,20.92853,10316400
2009-05-27,26.950001,27.85,26.91,27.49,21.159435,7596100
2009-05-28,27.459999,28.370001,27.07,27.190001,20.92853,9964100
2009-05-29,27.27,27.379999,26.0,26.6,20.474384,11723600
2009-06-01,26.9,27.66,26.66,27.5,21.167128,8330000
2009-06-02,27.719999,28.43,27.120001,28.1,21.628956,9444800
2009-06-03,27.290001,27.84,26.6,27.5,21.167128,11787700
2009-06-04,27.73,27.93,27.02,27.27,20.990101,6605900
2009-06-05,27.629999,27.75,26.309999,27.1,20.859247,8517500
2009-06-08,26.99,27.0,25.66,26.049999,20.051044,10476700
2009-06-09,26.379999,26.469999,25.360001,25.98,19.99716,12179500
2009-06-10,26.02,26.280001,25.42,25.73,19.804733,9867400
2009-06-11,23.75,24.33,23.23,24.049999,18.511616,31038100
2009-06-12,23.799999,24.43,23.48,24.209999,18.634771,15141300
2009-06-15,24.01,24.16,23.43,23.51,18.095978,13557500
2009-06-16,23.65,24.889999,23.27,24.02,18.488523,14164100
2009-06-17,24.030001,24.65,23.83,24.02,18.488523,12144300
2009-06-18,24.08,25.68,23.969999,25.450001,19.58922,16954800
2009-06-19,25.93,26.48,25.02,25.43,19.573822,21833600
2009-06-22,25.09,25.18,24.469999,24.559999,18.904182,9727600
2009-06-23,24.49,25.370001,24.190001,24.540001,18.888783,9052100
2009-06-24,24.6,25.34,24.360001,24.809999,19.096601,9147500
2009-06-25,24.639999,25.91,24.549999,24.99,19.235147,14774400
2009-06-26,24.93,25.24,24.549999,24.77,19.065821,15564900
2009-06-29,24.799999,25.24,24.49,25.120001,19.335217,7976400
2009-06-30,25.01,25.450001,24.629999,24.98,19.227459,10177400
2009-07-01,25.09,25.48,24.65,25.16,19.365999,6875300
2009-07-02,24.93,25.110001,23.889999,23.91,18.403866,10398500
2009-07-06,23.91,24.280001,23.690001,24.09,18.542406,7908100
2009-07-07,24.049999,26.309999,24.0,25.17,19.373701,19892000
2009-07-08,25.26,25.360001,23.91,24.67,18.988836,11864900
2009-07-09,24.879999,25.6,24.219999,24.940001,19.196661,8967800
2009-07-10,24.9,25.4,24.389999,24.67,18.988836,5621200
2009-07-13,24.719999,25.120001,24.27,25.01,19.250546,5801600
2009-07-14,25.57,25.73,24.610001,24.77,19.065821,9708400
2009-07-15,25.059999,25.09,24.15,24.91,19.173563,12532300
2009-07-16,24.799999,25.549999,24.32,25.25,19.435276,11892400
2009-07-17,25.26,25.5,24.790001,25.09,19.312122,9050100
2009-07-20,25.25,25.25,24.360001,24.84,19.11969,8006700
2009-07-21,25.48,25.870001,24.950001,25.59,19.69698,12851000
2009-07-22,25.610001,26.6,25.370001,26.0,20.012562,11307100
2009-07-23,26.25,27.34,26.040001,27.049999,20.820757,9955300
2009-07-24,27.23,27.530001,26.0,27.32,21.028585,7961000
2009-07-27,27.09,28.200001,27.059999,27.620001,21.259497,7030300
2009-07-28,27.780001,29.709999,27.459999,29.08,22.383278,17732800
2009-07-29,28.530001,29.6,28.200001,28.41,21.867575,17007300
2009-07-30,28.84,29.01,27.75,28.1,21.628956,13690200
2009-07-31,28.08,28.360001,27.74,28.059999,21.598169,8317500
2009-08-03,28.34,28.4,27.07,27.360001,21.059378,12181300
2009-08-04,27.190001,27.48,26.5,26.93,20.72839,8508800
2009-08-05,26.879999,26.889999,26.040001,26.18,20.151104,7892500
2009-08-06,26.27,26.450001,25.42,25.98,19.99716,11043400
2009-08-07,26.08,26.65,25.99,26.51,20.405123,8506500
2009-08-10,26.469999,27.139999,26.18,27.07,20.836151,7705000
2009-08-11,27.059999,27.959999,26.799999,27.82,21.413445,11762400
2009-08-12,27.76,28.120001,27.5,27.790001,21.390348,6901500
2009-08-13,27.639999,28.42,27.190001,28.370001,21.836781,7858600
2009-08-14,28.08,28.49,27.610001,28.059999,21.598169,6718400
2009-08-17,27.719999,29.67,27.719999,28.48,21.921452,14909500
2009-08-18,28.379999,28.48,27.799999,28.18,21.690538,8269600
2009-08-19,27.75,28.290001,27.610001,28.18,21.690538,7561900
2009-08-20,28.059999,28.940001,28.02,28.389999,21.852175,8741100
2009-08-21,28.719999,29.049999,28.27,28.92,22.260124,8182700
2009-08-24,29.09,29.719999,28.549999,29.690001,22.852804,11908000
2009-08-25,29.77,30.0,29.18,29.92,23.029842,10207500
2009-08-26,29.83,29.84,28.809999,28.93,22.267824,10143100
2009-08-27,28.82,29.209999,28.52,28.940001,22.275515,7784000
2009-08-28,29.1,29.129999,27.98,28.18,21.690538,9074200
2009-08-31,27.969999,28.790001,27.700001,28.0,21.551989,7603900
2009-09-01,27.940001,28.469999,27.27,27.33,21.03628,10171000
2009-09-02,27.370001,29.129999,27.360001,28.66,22.060003,14380400
2009-09-03,28.940001,29.1,28.030001,28.870001,22.221642,10479600
2009-09-04,28.799999,29.25,28.549999,28.879999,22.229336,5837100
2009-09-08,28.99,29.0,27.59,27.84,21.428835,13752600
2009-09-09,28.02,28.440001,27.700001,28.4,21.85988,10975000
2009-09-10,28.15,29.18,28.049999,29.110001,22.406368,9136500
2009-09-11,29.120001,29.41,28.77,29.07,22.375578,5430600
2009-09-14,28.85,29.17,28.43,28.76,22.136969,7354500
2009-09-15,28.82,28.83,27.66,27.700001,21.321072,13570400
2009-09-16,27.950001,29.34,27.809999,29.290001,22.544928,14119100
2009-09-17,29.450001,29.879999,29.129999,29.34,22.58341,11461300
2009-09-18,28.889999,29.26,28.41,28.58,21.998421,15698600
2009-09-21,28.450001,28.940001,28.219999,28.59,22.006123,8258400
2009-09-22,28.719999,28.780001,27.51,27.58,21.228714,12943800
2009-09-23,27.85,27.85,26.629999,26.68,20.535961,15226100
2009-09-24,26.73,27.040001,25.98,26.030001,20.03565,13992100
2009-09-25,26.01,26.18,25.129999,25.34,19.504553,16839100
2009-09-28,25.440001,26.09,25.360001,25.799999,19.858618,8795400
2009-09-29,25.92,26.440001,24.940001,25.68,19.766258,23216300
2009-09-30,25.15,25.6,24.52,25.040001,19.273645,22933900
2009-10-01,24.889999,25.639999,24.700001,24.790001,19.0812,17202100
2009-10-02,24.68,24.91,23.950001,24.280001,18.688656,11219600
2009-10-05,24.379999,24.5,23.950001,24.040001,18.503922,12436800
2009-10-06,24.459999,24.59,23.82,24.379999,18.765627,11192200
2009-10-07,24.42,25.34,24.4,25.049999,19.281334,12081700
2009-10-08,24.290001,24.43,23.5,24.16,18.596291,24531700
2009-10-09,24.450001,25.049999,24.41,24.67,18.988836,16555000
2009-10-12,24.809999,25.52,24.809999,25.23,19.419882,13952400
2009-10-13,25.17,25.17,23.959999,24.290001,18.69635,19003700
2009-10-14,24.620001,24.93,24.35,24.870001,19.142784,9801800
2009-10-15,24.77,24.91,24.379999,24.549999,18.896477,11123600
2009-10-16,24.709999,24.959999,24.33,24.450001,18.819508,12367000
2009-10-19,24.57,24.99,24.41,24.92,19.181274,10270400
2009-10-20,25.68,26.52,25.5,25.959999,19.981779,21392200
2009-10-21,25.969999,26.07,25.030001,25.120001,19.335217,11959800
2009-10-22,25.049999,26.0,25.02,25.709999,19.789345,13756100
2009-10-23,26.1,26.219999,25.6,25.85,19.897108,8293000
2009-10-26,25.93,26.190001,25.290001,25.309999,19.481459,14347500
2009-10-27,25.299999,26.799999,25.190001,26.5,20.397415,20485300
2009-10-28,26.290001,26.51,25.809999,25.879999,19.920195,11505700
2009-10-29,26.059999,26.59,26.0,26.469999,20.374327,13044200
2009-10-30,26.32,26.790001,25.9,25.950001,19.974083,11745700
2009-11-02,26.02,26.610001,25.639999,26.42,20.335842,8189400
2009-11-03,26.58,27.0,26.26,26.91,20.712999,11443700
2009-11-04,27.620001,28.959999,27.620001,27.870001,21.451927,22424700
2009-11-05,27.950001,28.379999,27.67,28.209999,21.713625,11991700
2009-11-06,28.1,28.74,27.799999,28.67,22.067698,11891400
2009-11-09,28.309999,29.24,28.200001,29.129999,22.421762,11751800
2009-11-10,29.0,29.18,28.620001,28.969999,22.298607,8063300
2009-11-11,28.99,29.43,28.66,29.370001,22.606503,8794200
2009-11-12,29.43,29.43,28.690001,28.76,22.136969,8428600
2009-11-13,28.879999,29.35,28.85,29.08,22.383278,6267600
2009-11-16,29.23,29.5,28.950001,29.15,22.43716,8281300
2009-11-17,28.959999,29.18,28.790001,28.969999,22.298607,6103400
2009-11-18,28.969999,29.110001,28.65,28.870001,22.221642,7327600
2009-11-19,28.66,28.719999,27.870001,28.629999,22.036905,6991000
2009-11-20,28.299999,28.77,28.299999,28.559999,21.983025,9008200
2009-11-23,28.940001,29.58,28.93,29.08,22.383278,9622100
2009-11-24,29.33,29.690001,28.85,29.559999,22.752747,7241100
2009-11-25,29.58,29.74,29.370001,29.540001,22.737341,8060900
2009-11-27,28.99,29.639999,28.700001,29.440001,22.660385,5456500
2009-11-30,29.440001,29.49,28.5,28.67,22.067698,12634400
2009-12-01,29.0,29.190001,28.629999,28.700001,22.09078,9705800
2009-12-02,28.719999,28.799999,28.16,28.290001,21.775215,11500500
2009-12-03,28.27,28.459999,27.299999,27.33,21.03628,15325700
2009-12-04,27.65,28.049999,27.299999,27.459999,21.136343,11814700
2009-12-07,27.540001,28.469999,27.52,28.299999,21.782902,11281000
2009-12-08,28.16,28.92,28.07,28.459999,21.906054,15897400
2009-12-09,28.879999,29.6,28.129999,28.5,21.936842,19103600
2009-12-10,28.719999,30.719999,28.540001,30.309999,23.330027,27521700
2009-12-11,30.43,31.040001,30.4,30.48,23.460882,19072800
2009-12-14,30.879999,31.24,30.76,30.950001,23.822649,20357700
2009-12-15,30.9,31.379999,30.879999,31.32,24.107437,28990900
2009-12-16,31.5,32.32,31.41,32.200001,24.784786,34897200
2009-12-17,32.09,32.330002,31.309999,31.82,24.492296,14802800
2009-12-18,31.879999,32.0,31.08,31.540001,24.276781,15694400
2009-12-21,31.969999,33.25,31.92,32.169998,24.761692,24416000
2009-12-22,32.389999,32.509998,32.18,32.32,24.877153,10356400
2009-12-23,32.23,32.650002,31.52,31.620001,24.338358,9500100
2009-12-24,31.889999,31.9,31.25,31.68,24.384539,4963400
2009-12-28,31.530001,31.84,31.08,31.389999,24.161318,7968700
2009-12-29,31.09,31.459999,30.719999,30.85,23.74567,9200000
2009-12-30,30.85,31.01,30.6,31.01,23.868826,5806300
2009-12-31,30.950001,31.15,30.450001,30.48,23.460882,5354200
2010-01-04,31.379999,31.6,30.969999,31.530001,24.269075,12199500
2010-01-05,31.73,31.969999,31.280001,31.48,24.230595,11180700
2010-01-06,31.6,32.060001,31.41,31.790001,24.46921,9761100
2010-01-07,31.59,33.049999,31.59,33.009998,25.408264,11789800
2010-01-08,32.860001,32.919998,32.34,32.700001,25.169645,7228700
2010-01-11,32.709999,33.130001,32.700001,32.919998,25.338982,7206900
2010-01-12,32.700001,32.91,31.540001,32.049999,24.669329,13121500
2010-01-13,31.99,32.549999,31.68,32.540001,25.046494,8797200
2010-01-14,32.68,33.330002,32.330002,33.32,25.64687,8818300
2010-01-15,33.540001,33.990002,33.099998,33.75,25.977837,19382000
2010-01-19,34.560001,35.900002,34.5,35.130001,27.040041,26477900
2010-01-20,35.939999,36.07,34.290001,34.549999,26.59362,26854700
2010-01-21,35.43,35.689999,33.0,33.099998,25.477533,29192700
2010-01-22,33.82,34.110001,33.099998,33.16,25.523706,21021600
2010-01-25,33.560001,33.720001,32.959999,33.0,25.400551,10925800
2010-01-26,32.509998,32.91,32.439999,32.439999,24.969513,11057200
2010-01-27,32.34,33.529999,32.110001,33.240002,25.585281,14387100
2010-01-28,33.330002,34.09,33.040001,33.43,25.731539,16742100
2010-01-29,33.419998,33.799999,32.959999,33.0,25.400551,11931500
2010-02-01,33.029999,33.41,32.220001,33.130001,25.500628,13710200
2010-02-02,33.139999,34.119999,32.93,34.049999,26.208763,12114600
2010-02-03,34.049999,34.049999,32.82,33.32,25.64687,8410400
2010-02-04,33.240002,33.240002,32.389999,32.459999,24.984911,10648500
2010-02-05,32.419998,32.630001,31.84,32.540001,25.046494,12666000
2010-02-08,32.23,32.950001,32.23,32.41,24.946428,9558200
2010-02-09,32.720001,33.060001,32.0,33.0,25.400551,11236500
2010-02-10,33.0,33.169998,32.299999,32.709999,25.177341,10755200
2010-02-11,32.709999,33.200001,32.439999,33.119999,25.492922,7857600
2010-02-12,32.779999,32.849998,32.029999,32.18,24.769396,11688700
2010-02-16,32.330002,32.599998,31.389999,31.629999,24.34605,13934200
2010-02-17,31.68,33.209999,31.68,32.549999,25.054188,11690900
2010-02-18,32.23,32.990002,32.119999,32.689999,25.161942,10327100
2010-02-19,32.419998,32.77,31.83,31.940001,24.584656,11508200
2010-02-22,32.110001,33.119999,31.879999,33.080002,25.462141,16338800
2010-02-23,32.869999,33.169998,32.360001,32.810001,25.25432,10746500
2010-02-24,32.880001,33.66,32.360001,33.619999,25.877783,10982600
2010-02-25,33.32,33.98,32.84,33.450001,25.746922,14779500
2010-02-26,33.52,34.299999,33.360001,33.860001,26.062494,9684700
2010-03-01,34.0,34.720001,33.529999,34.040001,26.201063,10970800
2010-03-02,34.110001,34.369999,33.610001,33.950001,26.131783,7081500
2010-03-03,34.049999,34.349998,33.77,34.099998,26.247238,8089700
2010-03-04,34.049999,34.099998,32.419998,32.950001,25.362074,17386600
2010-03-05,33.029999,33.790001,32.959999,33.740002,25.97015,8133300
2010-03-08,33.740002,33.84,33.029999,33.099998,25.477533,7734800
2010-03-09,33.18,33.450001,33.07,33.080002,25.462141,8770800
2010-03-10,33.02,33.549999,32.939999,33.240002,25.585281,7419000
2010-03-11,33.09,33.560001,32.939999,33.5,25.785408,14678000
2010-03-12,33.68,33.740002,32.779999,32.91,25.331284,9450400
2010-03-15,32.779999,32.779999,31.93,32.529999,25.038782,13520100
2010-03-16,32.150002,33.110001,32.09,33.049999,25.439037,12932100
2010-03-17,33.16,33.16,32.259998,32.75,25.208132,10614400
2010-03-18,32.459999,33.689999,31.98,33.59,25.854681,15407200
2010-03-19,34.389999,34.700001,33.720001,34.389999,26.470457,21827600
2010-03-22,34.470001,35.16,33.209999,33.299999,25.631472,20218800
2010-03-23,33.360001,33.459999,32.959999,33.16,25.523706,11409500
2010-03-24,33.139999,33.34,32.720001,32.720001,25.185045,10825800
2010-03-25,32.759998,33.259998,32.599998,33.119999,25.492922,14786200
2010-03-26,33.099998,33.27,32.599998,32.630001,25.115761,8751000
2010-03-29,32.66,33.02,32.52,32.84,25.277409,7967200
2010-03-30,32.790001,33.290001,32.599998,33.060001,25.446737,7253100
2010-03-31,32.900002,33.110001,32.5,32.669998,25.146549,6961600
2010-04-01,32.799999,32.990002,32.52,32.990002,25.416195,6713400
2010-04-05,33.119999,33.220001,32.77,33.139999,25.531765,6722000
2010-04-06,33.27,34.0,33.25,33.41,25.739775,9430900
2010-04-07,33.529999,33.529999,32.740002,32.93,25.36997,8395900
2010-04-08,32.84,32.959999,32.200001,32.619999,25.131149,11174600
2010-04-09,32.66,32.709999,31.610001,32.259998,24.853794,12831400
2010-04-12,32.18,32.380001,32.009998,32.259998,24.853794,8763300
2010-04-13,32.439999,32.68,31.83,32.16,24.776749,11119100
2010-04-14,32.110001,32.119999,30.940001,31.049999,23.921579,16499100
2010-04-15,31.07,31.299999,30.08,30.629999,23.598009,25271500
2010-04-16,30.540001,31.110001,30.34,30.73,23.675045,15355500
2010-04-19,30.559999,31.67,30.559999,31.23,24.060261,13524400
2010-04-20,32.220001,32.23,30.26,30.98,23.867661,26564000
2010-04-21,31.139999,31.450001,30.09,30.26,23.312948,13735400
2010-04-22,30.25,30.52,29.879999,30.459999,23.467031,14148700
2010-04-23,30.309999,30.969999,30.280001,30.950001,23.844538,14799000
2010-04-26,31.120001,31.15,29.700001,29.85,22.997072,16596800
2010-04-27,29.84,30.360001,29.620001,29.799999,22.958551,16204300
2010-04-28,29.93,30.620001,29.709999,30.440001,23.451622,13270600
2010-04-29,30.809999,31.74,30.790001,31.299999,24.114195,13609500
2010-04-30,31.34,31.34,30.219999,30.309999,23.351473,15545900
2010-05-03,30.5,30.58,29.889999,30.26,23.312948,9553500
2010-05-04,30.01,30.049999,29.280001,29.49,22.719732,11745200
2010-05-05,29.24,30.1,29.139999,30.0,23.112644,11359500
2010-05-06,30.15,30.27,27.969999,29.24,22.527111,10439100
2010-05-07,29.049999,29.280001,28.25,29.02,22.357626,14194800
2010-05-10,28.98,30.059999,28.92,29.879999,23.020187,9059800
2010-05-11,29.809999,30.08,29.549999,29.85,22.997072,9614100
2010-05-12,29.85,30.379999,29.790001,30.32,23.359173,11345400
2010-05-13,30.200001,30.43,29.93,30.18,23.251316,7148300
2010-05-14,29.969999,30.48,29.559999,30.389999,23.413111,12201000
2010-05-17,30.469999,30.73,29.870001,30.440001,23.451622,8658100
2010-05-18,30.530001,30.74,30.08,30.18,23.251316,8907900
2010-05-19,30.110001,30.25,29.75,29.99,23.104937,10096000
2010-05-20,29.52,29.65,28.950001,28.959999,22.311401,10194300
2010-05-21,28.540001,29.07,28.16,28.700001,22.111088,11502800
2010-05-24,28.59,29.18,28.17,28.83,22.211245,7996700
2010-05-25,28.33,28.889999,28.110001,28.870001,22.242069,8547300
2010-05-26,29.049999,29.549999,28.77,28.790001,22.180431,9613100
2010-05-27,29.309999,29.32,28.85,29.32,22.588757,6502100
2010-05-28,29.290001,29.41,28.85,29.07,22.396147,11697300
2010-06-01,29.18,29.610001,28.889999,28.98,22.326807,8178500
2010-06-02,29.120001,29.940001,28.870001,29.91,23.043299,7967800
2010-06-03,29.92,30.49,29.66,30.459999,23.565517,8064800
2010-06-04,30.09,31.610001,29.889999,30.34,23.472689,16676300
2010-06-07,30.469999,31.07,29.32,30.459999,23.565517,16847400
2010-06-08,30.43,31.110001,30.26,30.889999,23.898191,18435500
2010-06-09,30.889999,31.16,30.450001,30.530001,23.619677,10126400
2010-06-10,30.92,31.120001,30.219999,30.700001,23.751202,11766600
2010-06-11,30.5,30.83,30.129999,30.67,23.727991,9072700
2010-06-14,30.719999,30.940001,30.549999,30.59,23.666088,8390100
2010-06-15,30.9,31.209999,30.76,31.190001,24.130287,9569200
2010-06-16,30.84,31.629999,30.84,31.389999,24.285011,10152000
2010-06-17,31.540001,31.540001,31.17,31.5,24.370113,9370800
2010-06-18,31.5,31.620001,31.200001,31.33,24.238592,10243000
2010-06-21,31.610001,31.799999,31.049999,31.15,24.099342,7110500
2010-06-22,31.110001,31.34,30.58,30.639999,23.704779,6578200
2010-06-23,30.77,30.92,30.120001,30.209999,23.372107,8358400
2010-06-24,30.08,30.15,29.629999,29.76,23.023964,8952600
2010-06-25,29.75,30.110001,29.58,29.879999,23.116796,14216100
2010-06-28,29.870001,30.33,29.120001,29.190001,22.582977,9883000
2010-06-29,28.879999,29.030001,28.459999,28.629999,22.149725,14389900
2010-06-30,28.51,28.76,28.309999,28.4,21.971792,11078500
2010-07-01,28.309999,28.309999,27.129999,27.85,21.546284,15600900
2010-07-02,27.889999,28.450001,27.790001,28.299999,21.894423,9312900
2010-07-06,28.49,29.059999,28.290001,28.889999,22.350883,13395000
2010-07-07,28.98,29.25,28.799999,29.200001,22.590714,8978500
2010-07-08,29.32,29.889999,29.25,29.68,22.962084,8996400
2010-07-09,29.75,30.129999,29.52,29.969999,23.186428,6971100
2010-07-12,29.91,30.07,29.610001,30.040001,23.240587,8901800
2010-07-13,30.24,30.27,29.799999,30.139999,23.317949,6905100
2010-07-14,30.0,30.389999,29.780001,30.32,23.457203,4711100
2010-07-15,30.32,30.93,30.120001,30.879999,23.890451,9214500
2010-07-16,30.73,31.120001,30.15,30.34,23.472689,9411300
2010-07-19,30.48,30.959999,30.290001,30.82,23.84403,8575500
2010-07-20,31.35,31.49,30.24,30.83,23.85177,13493900
2010-07-21,30.85,31.129999,30.58,30.700001,23.751202,8884400
2010-07-22,31.09,31.200001,30.65,31.0,23.983286,9202600
2010-07-23,31.0,31.25,30.74,30.92,23.921404,5746700
2010-07-26,30.84,31.49,30.84,31.469999,24.346905,5479000
2010-07-27,31.530001,31.719999,30.629999,30.780001,23.813089,11856600
2010-07-28,30.790001,30.92,30.15,30.33,23.464943,7981800
2010-07-29,30.49,30.879999,30.040001,30.440001,23.550043,5540300
2010-07-30,30.200001,30.68,29.940001,30.450001,23.557777,4893200
2010-08-02,30.889999,31.559999,30.83,31.440001,24.323696,7440900
2010-08-03,31.389999,32.580002,31.27,32.419998,25.081875,9954200
2010-08-04,32.43,33.240002,32.400002,32.91,25.460974,9379500
2010-08-05,32.759998,33.490002,32.68,33.419998,25.855534,7829600
2010-08-06,33.080002,33.549999,32.959999,33.450001,25.878759,7479400
2010-08-09,33.5,33.790001,33.360001,33.490002,25.909697,6059400
2010-08-10,33.299999,33.619999,32.959999,33.330002,25.785912,7957600
2010-08-11,32.849998,33.150002,31.74,31.99,24.749218,17250600
2010-08-12,31.709999,32.240002,31.57,32.130001,24.857517,8998000
2010-08-13,32.009998,32.189999,31.65,32.029999,24.780149,6868600
2010-08-16,31.85,31.99,31.370001,31.9,24.679581,5231900
2010-08-17,32.23,32.580002,31.98,32.349998,25.027723,5544800
2010-08-18,32.279999,32.959999,32.119999,32.540001,25.174711,6444900
2010-08-19,32.369999,32.470001,31.76,31.790001,24.594482,7067700
2010-08-20,31.75,31.83,31.389999,31.610001,24.455214,5330200
2010-08-23,31.629999,32.169998,31.469999,31.5,24.370113,5077300
2010-08-24,31.200001,31.42,30.860001,31.040001,24.01424,7509700
2010-08-25,30.93,32.25,30.82,31.959999,24.726,10921200
2010-08-26,32.040001,32.389999,31.85,31.85,24.640896,9944700
2010-08-27,31.959999,32.419998,31.48,32.369999,25.04319,7051400
2010-08-30,32.330002,32.48,31.879999,31.91,24.687321,7173200
2010-08-31,31.809999,32.209999,31.42,31.719999,24.540321,8650800
2010-09-01,32.009998,32.630001,31.84,32.59,25.213402,8623100
2010-09-02,32.830002,32.93,32.290001,32.860001,25.422287,5430000
2010-09-03,32.950001,33.91,32.91,33.91,26.234627,7760900
2010-09-07,33.759998,34.09,33.619999,33.779999,26.134047,6831800
2010-09-08,33.779999,33.959999,33.330002,33.849998,26.188211,8552100
2010-09-09,34.099998,34.25,33.919998,34.02,26.319721,7507100
2010-09-10,33.990002,34.639999,33.799999,34.490002,26.781744,8940700
2010-09-13,34.790001,35.279999,34.669998,34.720001,26.960346,7101400
2010-09-14,34.009998,35.0,33.98,34.610001,26.874931,8716000
2010-09-15,34.5,34.599998,33.970001,34.27,26.610916,11169600
2010-09-16,34.23,34.389999,33.919998,34.240002,26.587624,6153700
2010-09-17,34.459999,34.610001,34.130001,34.130001,26.502216,7286900
2010-09-20,34.369999,35.029999,34.349998,34.93,27.123417,5639200
2010-09-21,34.889999,35.5,34.830002,35.259998,27.379662,6428000
2010-09-22,35.119999,35.700001,34.91,35.68,27.705782,7184300
2010-09-23,35.400002,35.799999,35.189999,35.439999,27.519426,6711800
2010-09-24,35.939999,35.939999,35.599998,35.73,27.744625,8558100
2010-09-27,35.830002,35.830002,35.25,35.349998,27.449549,7505200
2010-09-28,35.450001,35.610001,34.91,35.040001,27.208818,8410300
2010-09-29,34.91,35.209999,34.709999,35.200001,27.333063,7872500
2010-09-30,35.490002,35.560001,35.080002,35.110001,27.263193,7847200
2010-10-01,35.07,35.470001,34.759998,35.43,27.511673,6503500
2010-10-04,35.299999,35.299999,34.349998,34.540001,26.820572,5883300
2010-10-05,34.77,35.130001,34.549999,35.07,27.232132,6887400
2010-10-06,35.040001,35.220001,33.939999,33.950001,26.362434,13815400
2010-10-07,34.389999,34.59,34.110001,34.34,26.665274,6878900
2010-10-08,34.450001,34.549999,34.189999,34.349998,26.673038,6022300
2010-10-11,34.09,34.900002,34.07,34.650002,26.905994,6746300
2010-10-12,34.52,35.060001,34.439999,35.02,27.193308,6766300
2010-10-13,35.09,35.619999,35.02,35.32,27.426247,8050100
2010-10-14,35.259998,36.259998,35.23,35.779999,27.783443,10274300
2010-10-15,36.009998,36.23,35.77,35.98,27.938744,7825200
2010-10-18,36.09,36.369999,35.84,36.25,28.148397,8035000
2010-10-19,35.630001,35.919998,34.919998,35.299999,27.410725,13178200
2010-10-20,35.459999,36.75,35.450001,36.73,28.521124,10386500
2010-10-21,36.849998,36.849998,36.119999,36.490002,28.334768,6840200
2010-10-22,36.700001,37.259998,36.419998,37.259998,28.932673,6622900
2010-10-25,37.52,37.950001,37.459999,37.560001,29.16563,7456100
2010-10-26,37.509998,37.689999,37.150002,37.57,29.173388,8050600
2010-10-27,37.25,37.360001,35.700001,35.93,27.899921,12700700
2010-10-28,36.279999,36.400002,35.950001,36.25,28.148397,6281600
2010-10-29,36.400002,36.93,35.810001,36.049999,27.993097,6696900
2010-11-01,36.27,36.639999,35.700001,36.110001,28.039705,7671800
2010-11-02,36.400002,37.09,36.360001,37.0,28.730783,9988000
2010-11-03,36.650002,37.450001,36.07,36.66,28.466764,10730400
2010-11-04,37.0,37.049999,36.380001,36.799999,28.57548,6839700
2010-11-05,36.73,37.189999,36.48,36.860001,28.622084,7190400
2010-11-08,36.630001,37.18,36.610001,37.119999,28.823965,4370500
2010-11-09,37.240002,37.279999,36.810001,36.98,28.715248,6027600
2010-11-10,36.709999,37.169998,35.970001,37.16,28.855032,8385100
2010-11-11,36.970001,37.5,36.740002,37.470001,29.095757,5396400
2010-11-12,37.209999,37.330002,36.23,36.669998,28.474545,7373900
2010-11-15,36.32,36.380001,35.439999,35.470001,27.54273,9124200
2010-11-16,35.279999,35.380001,34.810001,35.009998,27.185537,10840800
2010-11-17,35.09,35.34,34.580002,35.330002,27.434025,9578000
2010-11-18,34.59,35.950001,34.5,35.630001,27.666967,9207900
2010-11-19,35.540001,36.490002,35.34,36.0,27.954283,14341600
2010-11-22,37.310001,37.419998,35.57,36.459999,28.311466,14972500
2010-11-23,36.150002,36.34,35.779999,36.049999,27.993097,6577900
2010-11-24,36.610001,36.75,36.02,36.18,28.094046,6306100
2010-11-26,35.759998,36.27,35.740002,35.880001,27.861099,2972200
2010-11-29,35.540001,36.669998,35.049999,36.59,28.412424,10899000
2010-11-30,36.32,36.98,36.040001,36.52,28.358063,12039400
2010-12-01,37.139999,37.900002,37.139999,37.669998,29.251049,11012000
2010-12-02,37.68,38.060001,37.639999,38.049999,29.546114,8600200
2010-12-03,37.709999,37.98,37.380001,37.82,29.464319,5383200
2010-12-06,37.669998,37.880001,37.240002,37.290001,29.051411,5179900
2010-12-07,37.470001,37.619999,36.73,36.77,28.646307,8523900
2010-12-08,36.91,37.009998,36.68,36.84,28.700842,5753700
2010-12-09,37.209999,37.209999,36.43,36.650002,28.552801,8309700
2010-12-10,36.790001,36.849998,36.43,36.669998,28.568384,7979300
2010-12-13,36.759998,37.860001,36.619999,36.900002,28.74757,11122300
2010-12-14,36.59,37.080002,36.34,36.5,28.435946,8351800
2010-12-15,36.27,36.34,35.110001,35.450001,27.617931,13520200
2010-12-16,35.450001,35.759998,34.939999,35.610001,27.742573,10177800
2010-12-17,35.599998,35.610001,34.970001,35.049999,27.306293,18279900
2010-12-20,35.290001,35.330002,34.98,35.18,27.407585,6407700
2010-12-21,35.119999,35.810001,35.049999,35.330002,27.524435,6873900
2010-12-22,35.41,35.869999,35.279999,35.84,27.921772,5115000
2010-12-23,35.82,36.099998,35.630001,35.77,27.867228,3808500
2010-12-27,35.5,35.709999,35.450001,35.540001,27.688042,2810600
2010-12-28,35.509998,35.77,35.380001,35.720001,27.828278,3082900
2010-12-29,35.84,36.029999,35.669998,35.91,27.976294,3593700
2010-12-30,35.91,36.029999,35.720001,35.939999,27.99967,2865500
2010-12-31,36.040001,36.209999,35.790001,36.110001,28.13212,2828000
2011-01-03,36.380001,37.18,36.369999,37.130001,28.926765,8212400
2011-01-04,37.029999,37.5,36.830002,37.470001,29.191648,6724300
2011-01-05,37.5,37.810001,37.290001,37.59,29.285124,7528100
2011-01-06,37.959999,38.400002,37.740002,38.369999,29.892803,7157300
2011-01-07,38.380001,38.540001,38.049999,38.450001,29.95512,6437700
2011-01-10,38.540001,38.650002,38.009998,38.450001,29.95512,5725300
2011-01-11,38.529999,39.099998,38.34,39.080002,30.445934,5569100
2011-01-12,39.23,39.330002,38.810001,38.860001,30.274548,5872400
2011-01-13,39.27,39.599998,38.93,39.599998,30.851059,8618200
2011-01-14,39.48,40.900002,39.41,40.77,31.762562,10560400
2011-01-18,40.790001,40.990002,40.470001,40.880001,31.848269,6738900
2011-01-19,40.869999,41.02,40.110001,40.560001,31.598969,9424600
2011-01-20,40.0,40.5,39.369999,40.310001,31.404207,11293100
2011-01-21,40.580002,40.59,40.130001,40.41,31.482105,7384200
2011-01-24,40.41,40.5,39.700001,39.810001,31.014666,7604100
2011-01-25,39.689999,41.0,39.650002,40.619999,31.645697,10000100
2011-01-26,40.59,41.130001,40.110001,40.25,31.35745,8937900
2011-01-27,40.939999,42.419998,40.439999,42.290001,32.946743,13558000
2011-01-28,42.310001,42.439999,40.860001,40.93,31.887217,7767400
2011-01-31,41.02,41.32,40.709999,41.049999,31.980701,7320400
2011-02-01,41.360001,42.18,41.290001,42.07,32.775352,9074600
2011-02-02,41.740002,42.259998,41.669998,41.950001,32.681877,4285800
2011-02-03,41.779999,44.09,40.900002,43.040001,33.531052,14831200
2011-02-04,43.150002,43.900002,42.040001,42.490002,33.102566,8338500
2011-02-07,42.139999,42.259998,41.57,41.810001,32.572803,7114100
2011-02-08,41.52,42.549999,41.389999,41.970001,32.697445,5618500
2011-02-09,41.970001,42.459999,41.830002,42.07,32.775352,5232500
2011-02-10,42.279999,42.580002,42.02,42.43,33.055809,5457200
2011-02-11,42.16,42.84,42.040001,42.380001,33.016865,5051100
2011-02-14,42.240002,42.509998,41.619999,42.459999,33.079178,3752200
2011-02-15,42.110001,42.459999,41.889999,42.029999,32.744194,4392700
2011-02-16,42.200001,42.560001,41.990002,42.5,33.110355,4993700
2011-02-17,42.34,42.75,42.150002,42.59,33.180466,4823300
2011-02-18,42.689999,43.299999,42.560001,42.84,33.37524,6034900
2011-02-22,43.860001,44.330002,42.73,42.959999,33.468719,10738900
2011-02-23,42.580002,43.689999,42.560001,42.91,33.429764,7102200
2011-02-24,42.830002,43.349998,42.380001,42.75,33.305099,6313200
2011-02-25,42.849998,43.02,42.41,42.52,33.125919,5498700
2011-02-28,42.669998,42.939999,42.349998,42.580002,33.17268,6644900
2011-03-01,42.560001,42.959999,42.380001,42.450001,33.071392,5547400
2011-03-02,42.549999,43.790001,42.450001,43.560001,33.936161,7233800
2011-03-03,44.27,44.889999,43.740002,44.790001,34.994839,8739600
2011-03-04,44.639999,44.860001,43.869999,44.450001,34.729195,5622100
2011-03-07,44.470001,44.77,43.310001,43.560001,34.033829,6084100
2011-03-08,43.599998,44.099998,43.119999,43.830002,34.244793,4696700
2011-03-09,43.91,44.509998,43.529999,44.490002,34.760448,4553400
2011-03-10,44.290001,44.290001,43.599998,43.790001,34.213524,5117600
2011-03-11,43.880001,44.060001,43.259998,43.59,34.057266,4774800
2011-03-14,43.299999,43.43,42.849998,43.16,33.721302,4516400
2011-03-15,42.34,43.080002,42.16,42.790001,33.432228,4397900
2011-03-16,42.68,42.689999,41.459999,41.860001,32.705605,7141200
2011-03-17,42.400002,42.73,41.91,42.27,33.025936,5850600
2011-03-18,42.369999,42.849998,42.299999,42.599998,33.283764,7372200
2011-03-21,42.830002,43.43,42.66,43.189999,33.744743,4592100
2011-03-22,43.259998,43.709999,42.66,42.740002,33.393143,4505300
2011-03-23,42.639999,42.869999,42.389999,42.75,33.400963,3348200
2011-03-24,43.240002,43.939999,43.009998,43.799999,34.221348,3917900
2011-03-25,43.630001,44.02,43.599998,43.75,34.182278,4190300
2011-03-28,43.91,44.049999,43.509998,43.869999,34.276031,3531100
2011-03-29,43.75,44.48,43.75,44.48,34.752632,4202900
2011-03-30,44.720001,45.580002,44.580002,45.400002,35.471436,6533900
2011-03-31,45.639999,45.75,45.110001,45.200001,35.31517,5374300
2011-04-01,45.5,45.740002,45.299999,45.610001,35.635525,4511600
2011-04-04,45.939999,46.09,45.52,45.599998,35.627682,3499900
2011-04-05,44.860001,45.27,44.779999,45.09,35.229237,4950900
2011-04-06,45.189999,45.259998,44.830002,44.959999,35.127655,5158600
2011-04-07,44.77,48.580002,44.419998,44.43,34.713547,7706300
2011-04-08,44.619999,45.240002,44.139999,44.380001,34.6745,4723900
2011-04-11,44.330002,44.490002,43.84,44.32,34.627632,6048700
2011-04-12,44.189999,44.900002,44.029999,44.810001,35.01046,3959100
2011-04-13,44.880001,45.169998,44.080002,44.330002,34.635433,4766300
2011-04-14,44.200001,44.98,43.869999,44.82,35.018284,4719700
2011-04-15,45.0,45.080002,44.57,44.98,35.143276,5783300
2011-04-18,44.529999,44.610001,43.349998,43.549999,34.026012,6722600
2011-04-19,43.599998,43.970001,43.299999,43.959999,34.346344,5731300
2011-04-20,44.779999,44.779999,44.18,44.240002,34.565113,5168100
2011-04-21,48.09,48.900002,47.560001,47.810001,37.354389,18367400
2011-04-25,47.139999,48.139999,47.080002,47.709999,37.276268,6650100
2011-04-26,48.119999,48.75,46.93,47.349998,36.994991,10500000
2011-04-27,47.52,48.299999,46.880001,48.209999,37.666904,10513300
2011-04-28,48.189999,49.099998,48.060001,49.099998,38.362274,7913500
2011-04-29,48.950001,49.400002,48.669998,49.23,38.463856,9542700
2011-05-02,49.400002,50.200001,49.23,49.880001,38.97171,9858200
2011-05-03,49.68,50.009998,49.41,49.68,38.81543,5879100
2011-05-04,49.549999,49.77,48.959999,49.560001,38.721668,7553000
2011-05-05,49.439999,50.150002,49.02,49.580002,38.737312,7393900
2011-05-06,50.060001,50.25,49.650002,50.119999,39.159225,6295300
2011-05-09,49.75,50.91,49.75,50.470001,39.432686,5665200
2011-05-10,50.720001,50.98,50.189999,50.509998,39.463928,5635900
2011-05-11,50.5,50.599998,49.52,50.02,39.081089,6196800
2011-05-12,50.009998,50.360001,49.07,50.080002,39.127968,5311300
2011-05-13,50.91,51.459999,49.759998,49.950001,39.026386,11099500
2011-05-16,49.560001,50.73,49.380001,50.169998,39.198273,6018900
2011-05-17,49.860001,50.700001,49.700001,49.990002,39.057648,7224900
2011-05-18,49.860001,50.689999,49.75,50.610001,39.542068,7140400
2011-05-19,50.75,50.779999,50.18,50.549999,39.495182,6101100
2011-05-20,50.470001,50.75,49.73,49.740002,38.862316,10827500
2011-05-23,49.439999,49.470001,48.650002,49.16,38.409157,6741800
2011-05-24,49.16,49.18,47.799999,47.959999,37.471592,9573100
2011-05-25,47.700001,48.32,47.580002,47.869999,37.401264,9448100
2011-05-26,47.669998,47.889999,46.970001,47.700001,37.268444,11917200
2011-05-27,47.900002,48.310001,47.59,48.299999,37.737228,6039500
2011-05-31,48.66,48.950001,48.349998,48.950001,38.245075,6412000
2011-06-01,48.700001,48.990002,48.25,48.349998,37.776287,6614800
2011-06-02,48.599998,49.490002,48.279999,49.389999,38.588856,8258700
2011-06-03,48.599998,49.310001,48.459999,48.849998,38.29332,7949200
2011-06-06,48.689999,48.810001,48.009998,48.150002,37.744587,5187400
2011-06-07,48.549999,48.84,47.970001,47.970001,37.603512,4530900
2011-06-08,47.98,48.5,47.57,48.200001,37.783806,6564200
2011-06-09,48.549999,50.610001,48.360001,50.599998,39.665157,11530000
2011-06-10,50.34,50.360001,49.16,49.41,38.732296,8545400
2011-06-13,49.619999,49.959999,49.07,49.110001,38.497147,6362200
2011-06-14,49.400002,50.0,49.23,49.599998,38.881256,6986300
2011-06-15,49.220001,49.950001,48.93,49.349998,38.68528,8991300
2011-06-16,49.27,49.849998,48.700001,49.66,38.928288,9101200
2011-06-17,50.099998,50.389999,49.720001,49.959999,39.16346,9675100
2011-06-20,49.790001,51.650002,49.650002,51.27,40.190365,8987600
2011-06-21,51.610001,52.25,51.27,52.220001,40.935055,9781300
2011-06-22,51.98,52.639999,51.720001,51.779999,40.590145,6999500
2011-06-23,51.009998,51.299999,50.040001,51.150002,40.096291,9979800
2011-06-24,51.25,51.389999,50.220001,50.459999,39.555408,7398600
2011-06-27,50.32,51.25,50.119999,51.029999,40.002224,4544700
2011-06-28,51.34,51.98,51.02,51.77,40.582317,5957100
2011-06-29,51.810001,51.880001,51.060001,51.540001,40.402016,5630100
2011-06-30,51.75,52.040001,51.419998,51.580002,40.433372,6394000
2011-07-01,51.84,53.27,51.560001,53.130001,41.648411,8152700
2011-07-05,53.080002,53.110001,52.27,52.849998,41.428921,4822300
2011-07-06,52.849998,53.220001,52.549999,53.130001,41.648411,5319100
2011-07-07,53.279999,53.5,51.970001,52.630001,41.256462,7559100
2011-07-08,52.0,52.32,51.540001,52.080002,40.825314,6927300
2011-07-11,51.380001,51.540001,50.740002,50.939999,39.931671,6037500
2011-07-12,50.740002,52.029999,50.73,51.41,40.300106,6631700
2011-07-13,51.549999,52.630001,51.549999,51.73,40.550949,4869400
2011-07-14,51.810001,52.560001,51.790001,52.27,40.974243,7167600
2011-07-15,52.470001,52.59,51.68,51.970001,40.739082,7030500
2011-07-18,51.599998,52.200001,51.049999,51.950001,40.723408,7257700
2011-07-19,51.369999,51.759998,49.950001,51.450001,40.331451,13946300
2011-07-20,51.759998,51.880001,50.970001,51.509998,40.378498,7748900
2011-07-21,51.919998,52.900002,51.689999,52.150002,40.880188,7831500
2011-07-22,52.52,52.869999,52.130001,52.75,41.350521,5717300
2011-07-25,52.48,52.830002,51.5,51.630001,40.472565,6533500
2011-07-26,51.889999,52.18,51.16,51.259998,40.182526,5670100
2011-07-27,50.57,50.939999,49.709999,49.889999,39.108578,10581400
2011-07-28,49.84,50.889999,49.790001,49.919998,39.132107,7703600
2011-07-29,49.099998,50.09,48.110001,49.630001,38.90477,10759500
2011-08-01,50.279999,50.360001,45.689999,48.02,37.6427,23228700
2011-08-02,47.689999,48.439999,46.759998,46.98,36.827446,10060500
2011-08-03,46.990002,47.290001,45.970001,47.18,36.98423,8304300
2011-08-04,46.59,46.709999,45.02,45.07,35.330193,10154500
2011-08-05,45.580002,46.220001,44.25,45.560001,35.714317,14313700
2011-08-08,43.299999,44.419998,41.740002,41.93,32.868771,16743400
2011-08-09,42.330002,44.799999,41.810001,44.73,35.063675,19959800
2011-08-10,44.07,44.27,41.669998,41.849998,32.806068,12690300
2011-08-11,41.549999,44.419998,41.27,43.93,34.436573,13915800
2011-08-12,43.790001,45.34,43.790001,44.810001,35.126389,9500600
2011-08-15,45.189999,46.029999,44.98,45.939999,36.012192,8314700
2011-08-16,45.779999,45.889999,44.650002,45.5,35.667274,10044500
2011-08-17,45.68,46.209999,45.130001,45.529999,35.690784,4924400
2011-08-18,44.380001,44.66,43.389999,43.889999,34.405197,9901300
2011-08-19,43.139999,44.240002,42.98,43.32,33.958385,8882900
2011-08-22,44.169998,44.299999,43.290001,43.610001,34.185707,7162800
2011-08-23,43.799999,44.98,43.119999,44.869999,35.173428,9080100
2011-08-24,44.630001,46.0,44.389999,45.91,35.988663,6286100
2011-08-25,46.27,46.400002,44.830002,45.09,35.345886,5878900
2011-08-26,44.349998,46.080002,43.509998,45.720001,35.839737,6009900
2011-08-29,46.240002,46.830002,45.970001,46.759998,36.654976,4036700
2011-08-30,46.540001,47.610001,46.200001,47.279999,37.062607,6002600
2011-08-31,47.740002,48.490002,47.009998,47.52,37.250759,6516400
2011-09-01,47.580002,48.380001,47.119999,47.18,36.98423,6493800
2011-09-02,45.790001,46.759998,45.689999,45.73,35.971851,5102800
2011-09-06,44.619999,45.810001,44.09,45.709999,35.956108,6797700
2011-09-07,46.470001,47.450001,46.189999,47.209999,37.136036,6823700
2011-09-08,46.75,48.0,46.650002,47.200001,37.128181,7435200
2011-09-09,46.599998,46.939999,45.279999,45.52,35.80666,9076000
2011-09-12,44.490002,46.330002,44.439999,46.259998,36.388767,8216100
2011-09-13,46.380001,48.220001,46.32,47.990002,37.749599,11932000
2011-09-14,48.310001,49.419998,47.0,48.68,38.292347,10108400
2011-09-15,49.110001,50.740002,48.599998,50.540001,39.755474,11325800
2011-09-16,51.07,51.18,49.34,50.759998,39.92852,11790300
2011-09-19,49.66,50.18,49.389999,49.950001,39.291351,8956300
2011-09-20,50.040001,51.240002,49.34,49.830002,39.196972,8440000
2011-09-21,49.919998,50.41,47.98,48.009998,37.765331,7002700
2011-09-22,46.75,47.669998,46.330002,47.09,37.04166,10065200
2011-09-23,46.799999,47.880001,46.48,47.599998,37.44281,7130000
2011-09-26,48.130001,48.84,47.580002,48.810001,38.394619,7147400
2011-09-27,49.610001,50.389999,48.860001,49.450001,38.898071,8030600
2011-09-28,49.27,49.52,47.560001,47.639999,37.474293,7338900
2011-09-29,48.349998,48.740002,45.790001,46.580002,36.64048,9154500
2011-09-30,46.080002,47.23,45.610001,46.119999,36.278625,10485400
2011-10-03,45.77,46.220001,42.869999,42.919998,33.761463,12717100
2011-10-04,42.110001,42.84,41.32,42.779999,33.651344,13800000
2011-10-05,43.540001,44.68,42.84,44.450001,34.964989,8455800
2011-10-06,44.619999,45.150002,43.98,44.939999,35.350433,5804800
2011-10-07,45.0,45.450001,44.450001,44.889999,35.311085,5962900
2011-10-10,45.52,46.52,45.509998,46.52,36.593288,4752100
2011-10-11,46.380001,46.82,45.889999,46.639999,36.687679,4639600
2011-10-12,47.209999,47.650002,46.369999,46.380001,36.483147,7267400
2011-10-13,46.02,46.619999,45.669998,46.529999,36.601131,5034600
2011-10-14,47.220001,47.349998,46.529999,47.220001,37.143906,6074100
2011-10-17,46.869999,47.610001,46.459999,46.599998,36.656204,5944600
2011-10-18,44.240002,45.900002,42.860001,45.34,35.665066,23926900
2011-10-19,45.400002,47.419998,45.209999,46.450001,36.538212,12250600
2011-10-20,46.68,46.990002,45.939999,46.880001,36.876446,7985300
2011-10-21,47.43,48.5,47.310001,47.919998,37.694546,9218800
2011-10-24,48.209999,49.240002,48.0,49.029999,38.567669,7146200
2011-10-25,47.669998,49.299999,47.669998,48.759998,38.355289,7477100
2011-10-26,49.43,49.48,48.130001,48.759998,38.355289,10387600
2011-10-27,49.919998,50.0,48.810001,49.18,38.685673,10025800
2011-10-28,49.169998,49.349998,48.189999,48.849998,38.426083,6377300
2011-10-31,48.380001,48.950001,47.959999,47.990002,37.749599,6164900
2011-11-01,46.810001,47.099998,45.950001,46.220001,36.357292,11125900
2011-11-02,47.0,47.0,46.07,46.360001,36.467422,7858100
2011-11-03,46.799999,46.880001,45.799999,46.18,36.325832,6721300
2011-11-04,46.07,46.099998,45.080002,45.580002,35.853859,8010400
2011-11-07,45.450001,45.740002,44.799999,45.169998,35.531345,7919000
2011-11-08,45.290001,46.27,45.080002,46.150002,36.302223,7086400
2011-11-09,45.220001,46.099998,45.130001,45.540001,35.822392,6423200
2011-11-10,46.060001,46.299999,45.439999,46.130001,36.286499,5479700
2011-11-11,46.619999,47.509998,46.490002,47.130001,37.073112,5104500
2011-11-14,46.93,47.310001,46.66,46.939999,36.923645,4734200
2011-11-15,46.799999,46.970001,46.150002,46.549999,36.616886,4911600
2011-11-16,45.990002,46.290001,44.84,44.91,35.326828,8053800
2011-11-17,44.990002,45.27,44.049999,44.52,35.020046,8147900
2011-11-18,44.610001,44.740002,44.139999,44.549999,35.043659,5972300
2011-11-21,43.740002,44.75,43.740002,44.439999,34.95713,6656300
2011-11-22,44.330002,44.990002,43.98,44.419998,34.941402,4758800
2011-11-23,43.959999,44.099998,43.419998,43.560001,34.2649,5515800
2011-11-25,43.549999,44.23,43.470001,43.669998,34.351425,2985100
2011-11-28,44.459999,45.490002,44.389999,45.029999,35.421211,8826400
2011-11-29,45.310001,46.189999,45.09,45.880001,36.089859,6457300
2011-11-30,47.360001,48.880001,46.990002,48.77,38.363155,11702500
2011-12-01,48.59,49.060001,48.400002,48.52,38.166492,7021500
2011-12-02,48.490002,49.0,48.029999,48.23,37.938377,7639100
2011-12-05,48.84,49.5,47.91,48.27,38.098595,8135400
2011-12-06,48.360001,48.68,48.080002,48.290001,38.114388,8306100
2011-12-07,47.990002,49.700001,47.82,49.34,38.943127,10200500
2011-12-08,49.23,49.549999,47.98,48.16,38.011791,8641800
2011-12-09,48.209999,49.080002,48.119999,48.91,38.603752,5713500
2011-12-12,48.709999,49.0,47.939999,48.200001,38.043365,4947700
2011-12-13,48.439999,49.299999,47.700001,47.93,37.830265,5267700
2011-12-14,47.860001,48.299999,47.630001,47.759998,37.696072,7513500
2011-12-15,47.880001,48.799999,47.880001,48.52,38.295918,9354200
2011-12-16,49.02,49.5,48.709999,49.0,38.674793,10214200
2011-12-19,48.919998,49.560001,48.84,48.970001,38.651108,5877400
2011-12-20,49.419998,49.939999,49.360001,49.82,39.321991,6053300
2011-12-21,49.830002,50.0,49.549999,49.990002,39.456188,6695000
2011-12-22,49.889999,50.93,49.849998,50.73,40.040241,4627100
2011-12-23,50.950001,51.5,50.689999,51.349998,40.529606,3898000
2011-12-27,51.349998,51.709999,51.09,51.349998,40.529606,2999300
2011-12-28,51.349998,51.5,50.66,50.709999,40.024456,2959600
2011-12-29,50.93,51.57,50.889999,51.18,40.395424,3774000
2011-12-30,51.060001,51.18,50.68,50.68,40.000782,2205400
2012-01-03,51.240002,51.700001,51.110001,51.490002,40.640087,6021000
2012-01-04,51.259998,52.25,51.25,52.240002,41.232052,5406400
2012-01-05,51.889999,52.73,51.799999,52.59,41.508312,6330100
2012-01-06,52.75,53.419998,52.48,52.779999,41.658268,5321700
2012-01-09,52.630001,52.970001,52.470001,52.720001,41.610909,5079300
2012-01-10,52.959999,53.040001,52.369999,52.619999,41.531975,7063200
2012-01-11,52.490002,53.119999,52.060001,53.009998,41.839806,4281600
2012-01-12,53.220001,53.240002,52.529999,52.869999,41.729309,4550300
2012-01-13,52.689999,52.790001,51.93,52.700001,41.595127,4995700
2012-01-17,53.049999,53.639999,52.869999,53.57,42.281788,6495700
2012-01-18,53.349998,54.18,52.93,53.939999,42.573845,8389800
2012-01-19,52.310001,53.02,51.419998,52.32,41.295197,18656600
2012-01-20,52.34,52.509998,51.610001,52.27,41.25573,8873800
2012-01-23,52.200001,53.049999,51.959999,52.43,41.38203,7535900
2012-01-24,52.27,52.52,51.23,51.330002,40.513805,10397800
2012-01-25,50.630001,51.650002,49.82,51.57,40.703247,13121500
2012-01-26,51.610001,51.720001,49.900002,50.349998,39.740322,13576200
2012-01-27,50.34,51.240002,50.32,51.02,40.26915,7027300
2012-01-30,50.82,51.169998,50.07,51.07,40.308598,4852400
2012-01-31,51.400002,52.880001,51.380001,51.790001,40.876877,8843000
2012-02-01,52.16,53.610001,52.119999,53.259998,42.037128,7480600
2012-02-02,53.25,53.25,52.009998,52.540001,41.468845,5319200
2012-02-03,52.740002,52.77,50.75,51.310001,40.498028,9676900
2012-02-06,50.98,51.400002,50.68,51.290001,40.482235,8577100
2012-02-07,51.09,52.130001,50.91,52.029999,41.066307,5243300
2012-02-08,52.0,52.369999,51.650002,52.139999,41.153118,6022000
2012-02-09,52.209999,53.529999,52.200001,53.060001,41.879261,9613500
2012-02-10,52.57,53.5,52.310001,53.32,42.084465,6574700
2012-02-13,53.5,54.240002,53.380001,53.849998,42.5028,5703700
2012-02-14,53.900002,54.490002,53.57,54.459999,42.984257,5982000
2012-02-15,54.529999,54.84,54.220001,54.619999,43.110535,7009300
2012-02-16,54.619999,54.889999,54.259998,54.790001,43.244724,6907700
2012-02-17,54.810001,54.849998,54.540001,54.68,43.157894,6387400
2012-02-21,54.990002,55.529999,54.880001,55.32,43.663025,7502200
2012-02-22,55.060001,55.639999,54.68,55.18,43.552547,6760100
2012-02-23,55.150002,55.360001,54.66,54.939999,43.363113,7195800
2012-02-24,55.110001,55.740002,55.0,55.650002,43.923496,5004500
2012-02-27,55.34,56.16,55.27,55.73,43.986652,5355900
2012-02-28,55.630001,55.950001,55.25,55.84,44.073467,4538200
2012-02-29,55.990002,56.099998,55.560001,55.75,44.00243,5582600
2012-03-01,55.75,56.099998,55.59,55.990002,44.321445,4258200
2012-03-02,55.959999,56.049999,55.369999,55.84,44.202702,4408900
2012-03-05,55.639999,56.080002,55.040001,55.040001,43.569443,4739900
2012-03-06,54.709999,55.41,54.119999,54.459999,43.110313,4445700
2012-03-07,54.360001,54.73,54.240002,54.389999,43.054882,4474900
2012-03-08,54.869999,56.029999,54.810001,55.610001,44.020626,4883600
2012-03-09,55.75,56.110001,55.5,55.779999,44.155212,4743200
2012-03-12,55.799999,55.880001,54.950001,55.02,43.5536,4567000
2012-03-13,55.119999,55.380001,54.700001,55.330002,43.798992,6497400
2012-03-14,55.16,55.869999,55.040001,55.779999,44.155212,6684000
2012-03-15,55.900002,56.25,55.540001,55.709999,44.099796,4598700
2012-03-16,55.580002,55.82,55.400002,55.59,44.00481,8510100
2012-03-19,56.310001,56.34,55.799999,56.130001,44.432285,5347700
2012-03-20,55.93,56.029999,54.73,54.779999,43.363613,5378100
2012-03-21,54.990002,54.990002,53.959999,53.970001,42.722416,6252500
2012-03-22,53.619999,54.209999,53.400002,53.880001,42.65118,7550900
2012-03-23,53.869999,53.990002,53.52,53.66,42.47702,6471200
2012-03-26,53.889999,55.099998,53.860001,55.099998,43.61692,5098400
2012-03-27,55.25,55.57,54.18,55.43,43.878143,7455900
2012-03-28,55.389999,55.959999,54.880001,55.439999,43.886078,5435300
2012-03-29,55.0,58.32,54.98,58.110001,45.999634,17258500
2012-03-30,57.970001,59.43,57.740002,58.939999,46.656651,10802600
2012-04-02,58.939999,59.27,58.110001,59.119999,46.799149,9105900
2012-04-03,59.02,59.610001,58.720001,59.400002,47.020782,7948100
2012-04-04,59.16,59.279999,58.669998,59.060001,46.751644,4791300
2012-04-05,58.82,59.189999,58.599998,59.009998,46.712067,4826800
2012-04-09,58.52,58.869999,58.009998,58.139999,46.023376,4755600
2012-04-10,57.959999,58.330002,57.220001,57.560001,45.564251,5841700
2012-04-11,58.080002,58.540001,57.849998,58.02,45.928387,6496000
2012-04-12,58.029999,58.619999,57.720001,58.459999,46.276676,4303200
2012-04-13,58.389999,58.549999,57.740002,58.049999,45.952145,5655400
2012-04-16,58.349998,58.349998,57.360001,57.360001,45.405952,6628000
2012-04-17,57.610001,58.400002,57.299999,58.099998,45.991718,5896300
2012-04-18,57.700001,57.700001,57.110001,57.32,45.37426,6551300
2012-04-19,57.279999,59.349998,56.990002,58.709999,46.47459,10754500
2012-04-20,59.16,59.709999,58.93,59.509998,47.107872,8378800
2012-04-23,59.040001,59.330002,58.900002,59.189999,46.854546,4471400
2012-04-24,59.02,59.200001,58.470001,58.720001,46.482506,5030600
2012-04-25,58.790001,59.5,58.669998,58.869999,46.601246,6091300
2012-04-26,56.939999,58.669998,56.470001,58.369999,46.20546,9384700
2012-04-27,58.610001,58.740002,57.59,57.91,45.841301,7509600
2012-04-30,56.950001,57.48,55.48,56.150002,44.448105,9874300
2012-05-01,56.27,57.389999,56.150002,57.130001,45.223869,4887100
2012-05-02,56.77,57.419998,56.57,56.66,44.851814,5175400
2012-05-03,56.52,56.52,55.389999,55.720001,44.107719,7296800
2012-05-04,55.650002,55.73,54.66,54.720001,43.316124,5787500
2012-05-07,54.349998,55.43,54.259998,55.25,43.735664,4076600
2012-05-08,55.240002,55.970001,54.91,55.82,44.186871,4702900
2012-05-09,55.369999,55.959999,54.849998,55.220001,43.711926,6635800
2012-05-10,55.560001,55.860001,55.029999,55.290001,43.767323,4030800
2012-05-11,55.200001,55.639999,55.02,55.200001,43.696091,3937800
2012-05-14,54.82,55.57,54.57,55.16,43.664421,4634300
2012-05-15,55.02,55.700001,54.759998,54.939999,43.490273,5514500
2012-05-16,55.040001,55.290001,54.84,54.900002,43.458603,4036200
2012-05-17,55.07,55.459999,54.73,54.880001,43.442776,5465300
2012-05-18,54.889999,55.34,53.779999,53.990002,42.738243,6420400
2012-05-21,54.09,55.599998,54.080002,55.549999,43.973141,4825900
2012-05-22,55.759998,56.630001,55.5,55.720001,44.107719,5832200
2012-05-23,55.450001,55.880001,54.700001,55.360001,43.82275,4671800
2012-05-24,55.029999,56.740002,55.009998,56.220001,44.50351,7192400
2012-05-25,56.169998,56.560001,55.869999,56.119999,44.424358,4306500
2012-05-29,56.080002,56.25,55.5,56.150002,44.448105,5005900
2012-05-30,56.0,56.470001,55.779999,56.169998,44.46394,4398100
2012-05-31,56.209999,56.330002,55.459999,55.77,44.147297,6343300
2012-06-01,55.220001,55.900002,54.939999,55.040001,43.569443,5703900
2012-06-04,54.77,55.349998,54.689999,54.91,43.46653,5508000
2012-06-05,54.84,56.200001,54.720001,56.040001,44.361023,6112200
2012-06-06,56.610001,57.700001,56.5,57.700001,45.675079,6776600
2012-06-07,57.799999,58.389999,57.400002,57.450001,45.477188,7249100
2012-06-08,56.84,58.389999,56.84,58.0,45.912571,6406900
2012-06-11,58.220001,58.380001,57.400002,57.459999,45.485092,6236300
2012-06-12,57.470001,58.130001,57.0,57.84,45.7859,6023900
2012-06-13,57.720001,58.529999,57.57,58.009998,46.090187,6373600
2012-06-14,58.169998,59.380001,57.889999,59.25,47.075409,6649800
2012-06-15,59.689999,59.849998,58.509998,58.900002,46.797321,9021000
2012-06-18,58.790001,59.470001,58.18,59.419998,47.210472,9718000
2012-06-19,59.580002,60.75,59.369999,60.259998,47.87788,8602400
2012-06-20,59.950001,60.23,59.299999,59.599998,47.353489,4344500
2012-06-21,59.830002,60.040001,58.27,58.34,46.352394,5320500
2012-06-22,58.5,59.529999,58.41,59.07,46.932384,7494300
2012-06-25,58.59,59.099998,57.650002,57.689999,45.83596,6884400
2012-06-26,57.66,59.16,57.23,58.799999,46.71788,7458200
2012-06-27,59.5,60.599998,58.82,59.290001,47.107197,7088700
2012-06-28,58.869999,60.5,55.34,59.599998,47.353489,25319900
2012-06-29,60.34,60.599998,57.869999,58.5,46.479519,11121700
2012-07-02,58.889999,59.310001,55.959999,56.259998,44.69978,12997500
2012-07-03,56.389999,56.73,54.740002,54.880001,43.603352,8460200
2012-07-05,54.880001,56.16,54.860001,55.810001,44.342251,6937800
2012-07-06,55.290001,55.939999,55.150002,55.82,44.350193,4458600
2012-07-09,56.290001,56.66,55.529999,56.09,44.564724,4241500
2012-07-10,56.27,56.439999,55.240002,55.700001,44.25486,5662700
2012-07-11,55.77,56.290001,55.700001,56.040001,44.52499,5316400
2012-07-12,55.880001,55.900002,54.439999,54.57,43.35704,6079200
2012-07-13,54.610001,55.549999,54.57,55.200001,43.857594,5053000
2012-07-16,55.18,55.279999,54.720001,55.16,43.825813,3170100
2012-07-17,55.209999,56.200001,54.889999,55.900002,44.413757,6180000
2012-07-18,55.540001,56.48,54.869999,56.349998,44.771294,5090200
2012-07-19,57.389999,57.599998,53.630001,54.990002,43.690746,16696600
2012-07-20,54.869999,55.830002,54.860001,55.41,44.024441,8367300
2012-07-23,54.369999,55.060001,53.970001,54.509998,43.309364,6037000
2012-07-24,54.639999,55.099998,54.310001,54.900002,43.619228,7561100
2012-07-25,51.5,52.959999,51.009998,52.48,41.696499,19603900
2012-07-26,53.119999,53.349998,50.889999,52.009998,41.323059,10510600
2012-07-27,51.810001,53.509998,51.689999,53.34,42.379787,8569900
2012-07-30,53.32,53.709999,52.889999,53.259998,42.316231,4405400
2012-07-31,52.740002,53.189999,51.080002,51.09,40.592113,9879500
2012-08-01,51.209999,51.919998,50.75,51.209999,40.687439,7617600
2012-08-02,50.75,51.759998,50.32,51.099998,40.600048,7320500
2012-08-03,51.380001,52.25,50.619999,51.610001,41.005257,6408000
2012-08-06,51.860001,52.080002,50.970001,51.0,40.520603,4982600
2012-08-07,51.380001,52.779999,51.209999,52.540001,41.744171,6590800
2012-08-08,52.299999,52.900002,51.91,52.73,41.895115,5718000
2012-08-09,52.57,52.790001,51.689999,52.02,41.331013,4890700
2012-08-10,51.84,52.110001,51.700001,51.900002,41.235672,5381700
2012-08-13,51.639999,52.0,51.41,51.900002,41.235672,4259900
2012-08-14,52.189999,52.27,51.810001,51.970001,41.29129,3460200
2012-08-15,51.900002,52.91,51.810001,52.82,41.966637,4647300
2012-08-16,52.84,53.529999,52.779999,53.389999,42.419521,5598900
2012-08-17,53.639999,53.639999,52.880001,53.130001,42.212936,4653600
2012-08-20,52.970001,53.619999,52.75,53.200001,42.268547,4930500
2012-08-21,53.439999,53.900002,53.25,53.419998,42.443352,5323300
2012-08-22,53.43,54.099998,53.349998,53.970001,42.880325,5367100
2012-08-23,53.990002,54.349998,53.759998,53.919998,42.840607,4450300
2012-08-24,53.869999,54.330002,53.810001,54.16,43.031296,4143200
2012-08-27,54.119999,54.990002,53.880001,54.610001,43.388836,4773600
2012-08-28,54.400002,54.799999,54.209999,54.330002,43.166374,4611700
2012-08-29,54.529999,54.970001,54.369999,54.639999,43.412655,4611900
2012-08-30,54.459999,54.919998,54.27,54.689999,43.452381,5188200
2012-08-31,54.84,55.029999,54.209999,54.299999,43.142517,5070900
2012-09-04,54.400002,54.68,54.0,54.560001,43.349117,4233900
2012-09-05,54.740002,54.93,54.18,54.279999,43.126625,4166100
2012-09-06,54.549999,54.990002,54.5,54.889999,43.611279,3741600
2012-09-07,54.970001,55.259998,54.700001,54.880001,43.603352,3732700
2012-09-10,55.009998,55.009998,53.540001,53.740002,42.69759,5447700
2012-09-11,53.709999,53.93,52.689999,52.799999,41.950741,6575400
2012-09-12,52.68,53.32,52.68,52.82,42.136604,4834000
2012-09-13,52.639999,53.970001,52.580002,53.889999,42.990196,6316500
2012-09-14,54.700001,55.27,53.77,54.25,43.277386,15735800
2012-09-17,54.59,54.639999,54.009998,54.48,43.460857,5481600
2012-09-18,54.330002,55.43,54.299999,55.130001,43.979397,6600300
2012-09-19,55.060001,55.32,54.73,54.950001,43.835819,6195400
2012-09-20,54.689999,54.970001,54.41,54.939999,43.827831,5776100
2012-09-21,55.09,56.220001,54.91,56.18,44.817017,26628600
2012-09-24,56.080002,56.639999,55.849998,55.98,44.657471,6443800
2012-09-25,56.220001,56.5,55.84,56.200001,44.832977,6343300
2012-09-26,56.34,56.75,55.75,55.779999,44.497932,5562000
2012-09-27,56.290001,56.439999,55.700001,56.240002,44.864895,4245400
2012-09-28,55.950001,55.98,55.18,55.41,44.202766,5838100
2012-10-01,55.720001,56.560001,55.52,56.459999,45.04039,4424400
2012-10-02,56.459999,56.889999,56.310001,56.799999,45.311607,3828700
2012-10-03,56.98,57.150002,56.630001,56.860001,45.359478,4662900
2012-10-04,57.150002,58.150002,57.009998,57.970001,46.244984,6897300
2012-10-05,58.099998,58.150002,56.84,57.130001,45.574867,6078300
2012-10-08,57.59,58.290001,57.32,57.599998,45.94981,6050700
2012-10-09,57.599998,57.84,57.099998,57.470001,45.846104,5093300
2012-10-10,57.419998,57.759998,56.93,57.110001,45.558914,4141500
2012-10-11,57.540001,58.18,57.330002,57.66,45.997681,5035900
2012-10-12,57.75,57.75,56.919998,57.07,45.527,4283900
2012-10-15,57.139999,57.790001,56.919998,57.490002,45.862057,4193300
2012-10-16,57.189999,57.849998,56.259998,56.880001,45.375439,7531600
2012-10-17,57.580002,57.700001,55.650002,55.990002,44.665451,6255200
2012-10-18,55.799999,56.43,55.759998,56.009998,44.6814,5384500
2012-10-19,56.009998,56.09,55.369999,55.66,44.402195,5704800
2012-10-22,55.52,56.630001,55.450001,56.540001,45.104202,5723600
2012-10-23,56.080002,56.32,55.349998,56.18,44.817017,5557400
2012-10-24,56.439999,56.669998,55.77,55.919998,44.609608,4545000
2012-10-25,55.939999,56.720001,55.799999,56.209999,44.840965,4701900
2012-10-26,56.139999,56.259998,55.34,55.779999,44.497932,3346700
2012-10-31,56.139999,56.16,55.509998,56.0,44.673439,4157700
2012-11-01,55.860001,57.09,55.860001,56.950001,45.431293,4833700
2012-11-02,57.02,57.240002,55.990002,56.049999,44.713318,4948200
2012-11-05,56.259998,56.400002,54.830002,55.279999,44.09906,6149600
2012-11-06,55.279999,56.490002,54.650002,56.389999,44.984554,4880800
2012-11-07,55.380001,55.400002,53.389999,54.259998,43.285366,13812600
2012-11-08,54.349998,54.98,53.419998,53.439999,42.63121,8846100
2012-11-09,53.360001,54.0,52.639999,52.900002,42.200439,8585800
2012-11-12,53.040001,53.509998,52.049999,52.200001,41.642029,5944000
2012-11-13,52.040001,52.98,52.0,52.189999,41.634033,5669900
2012-11-14,52.389999,52.43,51.099998,51.25,40.884174,5792500
2012-11-15,51.27,51.720001,51.09,51.25,40.884174,6668600
2012-11-16,51.25,52.189999,51.139999,51.900002,41.402695,6388000
2012-11-19,52.23,52.91,51.849998,52.91,42.208408,5868900
2012-11-20,52.919998,53.18,52.66,53.139999,42.391888,4737800
2012-11-21,53.200001,53.700001,52.82,53.529999,42.702995,5097000
2012-11-23,53.669998,53.93,53.5,53.919998,43.014141,1709300
2012-11-26,52.990002,53.610001,52.759998,53.529999,42.702995,5692900
2012-11-27,53.130001,53.830002,52.549999,52.59,41.953136,7859400
2012-11-28,52.27,53.240002,52.240002,52.75,42.080784,5744200
2012-11-29,53.259998,54.59,53.0,54.360001,43.365131,10911600
2012-11-30,54.18,54.880001,54.07,54.389999,43.389076,7818600
2012-12-03,54.560001,54.950001,53.830002,53.889999,42.990196,3861300
2012-12-04,53.959999,54.240002,53.52,53.540001,42.710991,5948900
2012-12-05,53.73,54.23,53.610001,53.84,42.950321,4495100
2012-12-06,53.900002,53.900002,53.279999,53.650002,42.798756,3771900
2012-12-07,53.799999,53.900002,53.389999,53.869999,43.145542,4206200
2012-12-10,53.869999,54.330002,53.740002,54.189999,43.401825,4113500
2012-12-11,54.25,54.98,54.080002,54.759998,43.858349,4970400
2012-12-12,55.0,55.82,54.900002,55.25,44.25082,7054000
2012-12-13,55.220001,55.389999,54.310001,54.380001,43.554012,4911800
2012-12-14,54.169998,54.529999,53.919998,54.049999,43.289707,3468700
2012-12-17,54.080002,54.549999,53.98,54.360001,43.537991,6336900
2012-12-18,54.619999,55.34,54.470001,54.950001,44.010551,4637800
2012-12-19,55.119999,55.119999,54.43,54.490002,43.642113,5537600
2012-12-20,54.48,55.509998,54.450001,55.459999,44.418991,5025900
2012-12-21,55.380001,55.52,54.43,55.029999,44.074615,9440100
2012-12-24,54.799999,55.049999,54.529999,54.849998,43.930443,1713900
2012-12-26,54.799999,54.849998,54.119999,54.220001,43.42588,3232400
2012-12-27,54.119999,54.59,53.950001,54.439999,43.602066,3245700
2012-12-28,54.09,54.639999,53.799999,53.860001,43.137547,3137400
2012-12-31,53.630001,54.259998,53.490002,54.240002,43.441875,4948700
2013-01-02,54.880001,55.0,54.009998,54.540001,43.682152,5358100
2013-01-03,53.439999,53.52,51.849998,51.990002,41.639801,14413200
2013-01-04,52.200001,52.73,52.060001,52.09,41.719913,10458000
2013-01-07,51.880001,52.330002,51.549999,52.09,41.719913,7804500
2013-01-08,52.0,52.240002,51.360001,51.400002,41.167271,8196200
2013-01-09,51.59,52.5,51.5,52.369999,41.944157,5154300
2013-01-10,52.52,53.189999,52.330002,53.110001,42.536842,6506500
2013-01-11,53.400002,53.400002,52.330002,52.82,42.304573,10182500
2013-01-14,52.869999,54.419998,52.599998,53.360001,42.737068,7119900
2013-01-15,53.220001,53.849998,53.209999,53.619999,42.945328,5802900
2013-01-16,53.639999,53.799999,53.34,53.66,42.977352,6474500
2013-01-17,53.759998,54.529999,53.169998,54.400002,43.570026,14438900
2013-01-18,54.400002,54.630001,54.220001,54.560001,43.698177,7023900
2013-01-22,54.650002,56.09,54.560001,56.02,44.867527,9330000
2013-01-23,56.110001,56.25,55.450001,55.91,44.779415,6665700
2013-01-24,56.029999,56.439999,55.900002,56.220001,45.027714,4221700
2013-01-25,56.360001,56.380001,55.720001,56.040001,44.883537,5604700
2013-01-28,56.419998,56.529999,55.799999,55.810001,44.699326,5736900
2013-01-29,55.75,56.689999,55.68,56.279999,45.075756,7317600
2013-01-30,56.25,56.439999,55.919998,56.080002,44.915577,6269200
2013-01-31,55.84,56.040001,55.209999,55.209999,44.218765,6957500
2013-02-01,55.740002,55.84,55.369999,55.77,44.66729,6369500
2013-02-04,55.32,56.369999,55.32,55.75,44.651276,4795700
2013-02-05,57.07,57.830002,56.830002,57.77,46.269123,8645500
2013-02-06,57.439999,57.540001,57.099998,57.380001,45.956783,5266100
2013-02-07,57.360001,57.5,56.650002,57.049999,45.692463,6050700
2013-02-08,57.16,58.259998,57.119999,57.740002,46.245098,4554600
2013-02-11,57.560001,57.709999,57.049999,57.119999,45.748528,4166800
2013-02-12,57.200001,57.380001,56.93,57.009998,45.660435,4448600
2013-02-13,57.009998,57.369999,56.75,57.23,45.836624,4261200
2013-02-14,57.009998,57.220001,56.75,57.049999,45.692463,5173800
2013-02-15,57.060001,57.490002,57.040001,57.32,45.908699,5750400
2013-02-19,54.200001,56.880001,54.040001,56.66,45.380104,14566200
2013-02-20,56.509998,56.580002,55.189999,55.209999,44.218765,7542900
2013-02-21,55.57,55.939999,54.880001,55.240002,44.242794,6357300
2013-02-22,55.400002,55.41,54.25,54.470001,43.626099,8400700
2013-02-25,54.689999,54.75,53.290001,53.299999,42.689014,6807800
2013-02-26,53.509998,53.599998,52.509998,53.049999,42.488785,6325100
2013-02-27,52.959999,54.009998,52.93,53.869999,43.145542,5133800
2013-02-28,53.82,53.959999,53.389999,53.450001,42.809158,5879800
2013-03-01,53.34,53.790001,52.880001,53.52,42.865215,6972100
2013-03-04,53.310001,53.5,53.130001,53.32,42.705036,4783000
2013-03-05,53.43,53.84,53.18,53.5,42.849197,4911700
2013-03-06,53.560001,53.939999,53.349998,53.610001,42.937302,5562600
2013-03-07,53.759998,54.18,53.689999,53.799999,43.08947,4455700
2013-03-08,53.970001,54.25,53.52,53.810001,43.097477,4584400
2013-03-11,53.830002,54.639999,53.75,54.209999,43.417839,4008700
2013-03-12,54.169998,55.0,54.080002,54.830002,43.914433,5466300
2013-03-13,54.68,54.880001,54.349998,54.48,43.803471,4343000
2013-03-14,54.580002,54.810001,54.060001,54.73,44.004478,5066800
2013-03-15,54.630001,54.900002,54.419998,54.73,44.004478,7888300
2013-03-18,54.299999,55.470001,54.279999,55.0,44.221558,5974200
2013-03-19,55.0,55.400002,54.919998,55.169998,44.358238,5486600
2013-03-20,55.470001,55.529999,54.810001,54.880001,44.125095,4528800
2013-03-21,54.689999,55.349998,54.630001,55.060001,44.269802,4953700
2013-03-22,55.139999,55.299999,54.23,54.459999,43.787399,5415900
2013-03-25,54.650002,55.119999,54.439999,54.860001,44.109005,5142500
2013-03-26,55.139999,55.779999,55.09,55.650002,44.744179,6059700
2013-03-27,55.549999,57.029999,55.439999,56.619999,45.524101,8525800
2013-03-28,56.66,57.310001,56.490002,57.209999,45.99847,5685400
2013-04-01,57.16,59.360001,57.009998,58.970001,47.413551,9006100
2013-04-02,61.630001,63.950001,61.5,61.740002,49.640717,22664600
2013-04-03,62.41,62.75,61.619999,61.669998,49.584427,10140400
2013-04-04,61.75,62.5,61.490002,62.029999,49.873878,7648400
2013-04-05,61.919998,62.560001,61.650002,62.099998,49.930172,6841300
2013-04-08,62.07,62.369999,61.290001,61.889999,49.761314,4545600
2013-04-09,62.09,62.57,61.950001,62.18,49.99448,4405900
2013-04-10,62.32,62.599998,62.09,62.41,50.179428,4400600
2013-04-11,62.389999,63.0,62.330002,62.98,50.637703,4738900
2013-04-12,62.830002,63.279999,62.619999,63.029999,50.677906,4162000
2013-04-15,62.720001,63.0,61.580002,61.59,49.520119,4625600
2013-04-16,62.18,63.0,61.77,62.810001,50.501022,4976400
2013-04-17,62.389999,63.150002,61.959999,62.029999,49.873878,8429000
2013-04-18,59.389999,60.75,58.029999,59.689999,47.992455,14015000
2013-04-19,59.939999,60.75,59.470001,60.040001,48.273861,6524600
2013-04-22,59.990002,60.099998,58.639999,59.220001,47.614552,6020900
2013-04-23,59.470001,59.66,58.119999,58.540001,47.06781,6277700
2013-04-24,58.900002,59.25,58.720001,58.790001,47.268829,5883000
2013-04-25,59.130001,59.41,58.610001,59.34,47.711056,5669100
2013-04-26,59.259998,60.150002,59.130001,59.48,47.82362,5798100
2013-04-29,59.950001,60.490002,59.810001,60.009998,48.249741,4861600
2013-04-30,60.139999,60.380001,59.209999,59.93,48.185421,5701800
2013-05-01,59.959999,60.439999,59.299999,59.720001,48.016575,4897800
2013-05-02,59.709999,60.380001,59.389999,59.48,47.82362,6072500
2013-05-03,59.790001,60.029999,58.869999,58.919998,47.373356,5149500
2013-05-06,59.380001,60.73,59.32,60.200001,48.402519,5609600
2013-05-07,60.080002,61.130001,59.93,60.5,48.643715,4830700
2013-05-08,60.32,62.77,60.310001,62.509998,50.259823,10032800
2013-05-09,62.25,62.560001,61.459999,62.009998,49.857792,6416700
2013-05-10,62.040001,62.990002,61.810001,62.91,50.581425,5015700
2013-05-13,62.669998,62.799999,62.259998,62.389999,50.163326,3490400
2013-05-14,62.299999,62.48,61.549999,61.73,49.632671,5390300
2013-05-15,61.52,62.279999,61.169998,61.610001,49.536194,6808200
2013-05-16,61.299999,62.349998,61.200001,62.139999,49.962337,6904800
2013-05-17,62.25,63.310001,62.220001,62.84,50.525154,5840800
2013-05-20,62.73,62.919998,62.419998,62.560001,50.300014,2688200
2013-05-21,62.57,63.029999,62.450001,62.869999,50.549259,3248400
2013-05-22,62.0,63.27,61.529999,62.279999,50.07489,6317500
2013-05-23,62.09,62.82,61.82,62.360001,50.139214,4479100
2013-05-24,62.02,62.52,61.490002,62.060001,49.897995,4697900
2013-05-28,62.490002,63.580002,62.400002,63.34,50.927158,5341000
2013-05-29,63.32,63.549999,62.810001,63.349998,50.9352,5009100
2013-05-30,63.43,64.900002,63.02,64.660004,51.988472,5671300
2013-05-31,64.449997,64.849998,62.599998,62.630001,50.3563,5888300
2013-06-03,62.889999,63.0,62.09,62.799999,50.492977,3756200
2013-06-04,62.599998,62.990002,61.919998,62.360001,50.139214,5151100
2013-06-05,63.009998,63.110001,61.650002,61.75,49.648758,5380100
2013-06-06,61.75,61.919998,60.950001,61.919998,49.785427,4711400
2013-06-07,62.27,62.93,61.700001,62.57,50.308056,5214700
2013-06-10,62.580002,63.900002,62.57,63.68,51.200531,5256600
2013-06-11,63.150002,64.559998,62.700001,63.93,51.40155,6063400
2013-06-12,64.239998,64.510002,63.619999,63.830002,51.321129,3891100
2013-06-13,63.700001,64.209999,63.150002,64.150002,51.805668,4379500
2013-06-14,64.129997,64.449997,63.59,63.799999,51.523037,3122600
2013-06-17,64.290001,65.239998,64.099998,64.370003,51.983341,4975000
2013-06-18,64.900002,65.709999,64.459999,65.68,53.041245,5183300
2013-06-19,65.699997,66.160004,65.230003,65.260002,52.702084,6370200
2013-06-20,64.800003,64.82,63.650002,63.799999,51.523037,5748300
2013-06-21,64.190002,64.830002,63.43,63.900002,51.603767,7806500
2013-06-24,63.490002,65.040001,63.459999,64.650002,52.209442,5717100
2013-06-25,65.029999,65.540001,63.66,63.73,51.466507,4959100
2013-06-26,64.029999,65.059998,64.019997,64.779999,52.314445,4851700
2013-06-27,65.059998,66.190002,64.959999,66.089996,53.372353,4483600
2013-06-28,65.620003,66.129997,65.040001,65.480003,52.879742,6867800
2013-07-01,65.889999,66.360001,65.519997,65.629997,53.0009,3736500
2013-07-02,65.43,65.660004,65.050003,65.269997,52.710152,4484800
2013-07-03,64.959999,65.839996,64.650002,65.540001,52.928196,2271100
2013-07-05,65.959999,66.190002,65.269997,66.169998,53.436974,2356500
2013-07-08,66.949997,67.580002,66.360001,67.559998,54.559483,6192500
2013-07-09,68.019997,68.449997,67.290001,67.970001,54.890602,4275700
2013-07-10,68.0,68.75,67.610001,67.690002,54.664471,4383900
2013-07-11,68.269997,68.550003,67.650002,68.360001,55.205544,6588900
2013-07-12,68.57,68.739998,67.690002,68.0,54.914818,4645600
2013-07-15,68.129997,68.190002,67.459999,67.620003,54.60796,3813600
2013-07-16,67.239998,67.349998,66.559998,66.910004,54.034569,5459600
2013-07-17,67.010002,67.440002,65.919998,66.230003,53.485413,8904300
2013-07-18,69.349998,70.849998,68.910004,70.550003,56.974148,14082900
2013-07-19,70.610001,72.089996,70.160004,71.449997,57.700943,7504900
2013-07-22,71.559998,72.540001,71.400002,72.18,58.290451,5038000
2013-07-23,72.209999,72.739998,71.82,72.690002,58.702332,3934300
2013-07-24,72.809998,73.150002,72.18,72.529999,58.573128,6023300
2013-07-25,72.080002,72.620003,71.699997,72.620003,58.645821,3840600
2013-07-26,72.129997,72.589996,71.57,72.209999,58.314682,3826000
2013-07-29,72.110001,72.860001,71.959999,72.790001,58.783092,3835300
2013-07-30,72.879997,73.220001,71.980003,72.269997,58.363144,5375400
2013-07-31,72.470001,73.660004,72.470001,72.849998,58.831528,5964700
2013-08-01,73.230003,73.519997,72.900002,73.160004,59.081894,3254000
2013-08-02,73.029999,73.029999,71.93,72.260002,58.355087,3622500
2013-08-05,72.360001,73.580002,72.300003,73.339996,59.227245,2871000
2013-08-06,73.18,73.370003,72.529999,73.239998,59.146492,3089500
2013-08-07,73.18,73.400002,72.620003,72.919998,58.888084,2807300
2013-08-08,73.150002,73.669998,72.860001,73.18,59.098038,2171600
2013-08-09,73.199997,73.589996,72.269997,72.93,58.896122,2556900
2013-08-12,72.410004,72.589996,72.010002,72.389999,58.460049,3043300
2013-08-13,72.43,73.389999,72.309998,73.349998,59.235325,2627400
2013-08-14,73.190002,73.300003,72.309998,72.489998,58.540825,3079000
2013-08-15,71.989998,72.620003,71.370003,71.400002,57.660557,3402000
2013-08-16,71.150002,71.980003,71.0,71.43,57.684807,3323600
2013-08-19,71.529999,72.199997,71.459999,71.709999,57.910912,2794800
2013-08-20,71.849998,72.839996,71.610001,72.459999,58.516594,3110000
2013-08-21,72.18,72.339996,71.470001,71.849998,58.023956,3314200
2013-08-22,72.040001,72.739998,71.830002,71.970001,58.120895,2959400
2013-08-23,72.010002,72.720001,71.910004,72.540001,58.581188,3215600
2013-08-26,72.639999,72.919998,72.279999,72.379997,58.451992,2797700
2013-08-27,71.949997,72.139999,71.32,71.519997,57.757442,3626200
2013-08-28,71.400002,72.160004,71.349998,71.540001,57.773647,3297700
2013-08-29,71.339996,72.830002,71.150002,72.440002,58.500427,5243500
2013-08-30,72.459999,72.809998,71.489998,71.739998,57.935135,4186200
2013-09-03,71.809998,72.769997,71.790001,72.559998,58.597351,3801500
2013-09-04,72.459999,73.349998,72.199997,73.349998,59.235325,3333600
2013-09-05,73.339996,74.230003,73.139999,74.040001,59.792549,2861600
2013-09-06,74.239998,74.790001,72.550003,74.059998,59.808689,3584100
2013-09-09,74.110001,74.550003,73.779999,74.25,59.962162,2629600
2013-09-10,74.599998,74.639999,73.839996,74.629997,60.269024,3925400
2013-09-11,74.580002,75.190002,74.330002,75.18,60.941822,3819200
2013-09-12,75.32,75.5,74.699997,74.739998,60.585159,2823800
2013-09-13,74.919998,75.25,74.120003,74.480003,60.374397,3421000
2013-09-16,75.089996,75.879997,74.970001,75.120003,60.893192,4224800
2013-09-17,75.110001,75.349998,73.93,74.309998,60.236588,5138100
2013-09-18,74.150002,74.190002,72.440002,73.040001,59.207108,7725600
2013-09-19,73.089996,73.120003,70.620003,70.839996,57.423779,8322900
2013-09-20,70.550003,71.75,70.400002,70.57,57.204906,9088700
2013-09-23,70.800003,71.940002,70.620003,71.82,58.218163,4482500
2013-09-24,72.18,72.940002,71.629997,72.32,58.623455,4855200
2013-09-25,72.300003,72.660004,71.860001,71.980003,58.34787,4812900
2013-09-26,72.0,72.809998,71.919998,72.160004,58.49379,2413200
2013-09-27,71.699997,72.110001,71.5,71.989998,58.355965,3548000
2013-09-30,71.290001,71.669998,71.010002,71.610001,58.047947,4183600
2013-10-01,71.739998,72.940002,71.650002,72.580002,58.83424,4322300
2013-10-02,72.239998,72.629997,72.07,72.57,58.826107,2705700
2013-10-03,72.5,72.980003,72.260002,72.519997,58.785599,5038300
2013-10-04,72.5,73.139999,72.230003,72.989998,59.166584,4297600
2013-10-07,72.589996,72.699997,72.160004,72.169998,58.5019,4787000
2013-10-08,72.0,72.419998,71.43,71.480003,57.942574,6049100
2013-10-09,71.709999,71.879997,71.18,71.379997,57.861507,4464100
2013-10-10,72.129997,73.980003,71.839996,73.980003,59.969109,4894300
2013-10-11,73.93,74.269997,73.5,74.269997,60.20417,2935800
2013-10-14,73.860001,74.809998,73.519997,74.720001,60.56897,2562200
2013-10-15,74.510002,74.93,73.760002,73.870003,59.879929,2922900
2013-10-16,74.5,75.489998,74.379997,75.190002,60.949947,4368600
2013-10-17,71.769997,72.879997,71.050003,71.370003,57.853405,21810200
2013-10-18,71.260002,71.349998,67.540001,68.760002,55.737709,21080600
2013-10-21,68.650002,68.769997,67.089996,68.199997,55.28373,11496900
2013-10-22,68.220001,69.629997,68.220001,68.860001,55.818756,7647300
2013-10-23,68.510002,68.610001,67.650002,68.010002,55.129742,8227700
2013-10-24,68.010002,68.389999,67.18,67.610001,54.805492,6352500
2013-10-25,67.510002,68.18,67.279999,67.620003,54.813602,6892500
2013-10-28,67.550003,67.800003,66.720001,66.940002,54.262386,6989300
2013-10-29,66.879997,68.150002,66.849998,68.080002,55.18647,5860000
2013-10-30,68.120003,68.669998,67.769997,68.010002,55.129742,4360500
2013-10-31,68.400002,68.709999,67.860001,68.260002,55.33239,4216700
2013-11-01,68.269997,68.699997,67.949997,68.629997,55.632305,4459000
2013-11-04,68.779999,69.260002,68.360001,68.949997,55.891701,3698700
2013-11-05,68.5,68.940002,68.269997,68.720001,55.705273,3328700
2013-11-06,68.870003,71.019997,68.800003,70.290001,56.977924,5479400
2013-11-07,70.900002,70.980003,69.660004,69.760002,56.548313,4497300
2013-11-08,69.699997,70.529999,69.639999,70.5,57.148163,3741900
2013-11-11,70.730003,70.949997,70.290001,70.5,57.148163,3082600
2013-11-12,70.470001,70.900002,69.870003,69.949997,56.702328,3604800
2013-11-13,69.949997,71.129997,69.809998,71.010002,57.561573,3879500
2013-11-14,71.339996,71.599998,70.940002,71.440002,57.910126,3581200
2013-11-15,71.129997,71.959999,71.089996,71.870003,58.258728,3872600
2013-11-18,71.970001,72.099998,71.5,71.68,58.104691,3263700
2013-11-19,71.760002,71.910004,71.260002,71.610001,58.047947,4260900
2013-11-20,71.879997,72.860001,71.660004,71.980003,58.34787,5031300
2013-11-21,72.389999,73.68,72.370003,72.910004,59.101749,4368000
2013-11-22,72.910004,73.75,72.800003,73.739998,59.774548,3178400
2013-11-25,74.0,74.660004,73.790001,74.07,60.042034,3773900
2013-11-26,74.209999,74.989998,74.050003,74.519997,60.406788,4635400
2013-11-27,74.669998,74.93,74.080002,74.360001,60.277119,3640600
2013-11-29,74.589996,74.93,74.230003,74.480003,60.374397,2025600
2013-12-02,73.639999,74.449997,73.639999,74.160004,60.114998,4276000
2013-12-03,74.139999,74.139999,72.919998,73.730003,59.766441,5162400
2013-12-04,73.019997,74.410004,72.540001,73.650002,59.929176,5548700
2013-12-05,73.32,73.68,72.540001,72.75,59.19685,4104700
2013-12-06,73.230003,73.720001,72.839996,73.5,59.807129,3886000
2013-12-09,73.5,74.309998,73.43,73.720001,59.986126,3988600
2013-12-10,73.699997,74.410004,73.68,74.050003,60.254662,3741100
2013-12-11,74.080002,74.099998,71.900002,72.139999,58.700489,7304300
2013-12-12,72.190002,72.57,70.910004,71.010002,57.78101,5815300
2013-12-13,71.199997,71.860001,70.459999,70.480003,57.349747,4737000
2013-12-16,70.730003,71.379997,70.529999,71.059998,57.821716,4369500
2013-12-17,71.220001,71.220001,70.199997,70.730003,57.553165,4280100
2013-12-18,71.029999,72.470001,70.699997,72.379997,58.895786,4975700
2013-12-19,72.169998,72.529999,71.669998,72.389999,58.903896,4359200
2013-12-20,72.629997,73.730003,72.620003,73.349998,59.685062,7511500
2013-12-23,73.839996,74.589996,73.709999,74.349998,60.498779,3263100
2013-12-24,74.199997,74.419998,73.919998,74.129997,60.319752,1253500
2013-12-26,74.440002,74.970001,74.279999,74.849998,60.905628,2121000
2013-12-27,75.0,75.32,74.580002,74.690002,60.775452,2859900
2013-12-30,74.849998,75.040001,74.309998,74.779999,60.84866,1983800
2013-12-31,75.0,75.540001,74.629997,75.300003,61.27179,2280000
2014-01-02,74.910004,75.290001,74.510002,74.57,60.677803,3067000
2014-01-03,74.800003,75.760002,74.599998,75.099998,61.109032,3206400
2014-01-06,75.419998,75.419998,74.120003,74.239998,60.409283,3424500
2014-01-07,74.940002,77.330002,74.940002,76.510002,62.256371,6542500
2014-01-08,76.330002,76.459999,75.480003,75.620003,61.532188,6172200
2014-01-09,75.650002,76.239998,75.650002,76.080002,61.906487,6291500
2014-01-10,76.199997,76.300003,74.550003,74.699997,60.783566,6632200
2014-01-13,74.669998,75.0,73.68,73.940002,60.16515,5248700
2014-01-14,74.050003,74.339996,73.690002,74.019997,60.230259,5783900
2014-01-15,73.989998,74.860001,73.989998,74.839996,60.897484,7043300
2014-01-16,74.129997,74.839996,72.150002,72.760002,59.204983,8892800
2014-01-17,73.120003,73.120003,72.300003,72.519997,59.009697,5551300
2014-01-21,72.720001,73.620003,72.410004,73.160004,59.530472,6379300
2014-01-22,73.830002,73.93,73.239998,73.400002,59.725765,4864700
2014-01-23,72.699997,73.690002,72.489998,73.199997,59.56303,5050300
2014-01-24,72.830002,72.919998,71.379997,71.599998,58.261105,5523600
2014-01-27,71.309998,72.199997,71.139999,71.650002,58.301777,4233600
2014-01-28,71.650002,72.360001,71.470001,71.709999,58.350582,2932700
2014-01-29,71.389999,72.959999,70.839996,71.260002,57.984413,6005100
2014-01-30,71.699997,73.040001,71.529999,72.800003,59.237541,4254000
2014-01-31,71.870003,72.349998,71.449997,72.279999,58.814404,4291500
2014-02-03,72.139999,72.209999,70.639999,70.739998,57.561302,4526100
2014-02-04,70.800003,71.0,69.800003,70.510002,57.374184,4646100
2014-02-05,69.940002,71.199997,69.830002,70.82,57.626415,4394300
2014-02-06,70.769997,71.059998,70.089996,70.870003,57.667099,4765600
2014-02-07,70.5,71.650002,70.110001,71.360001,58.065804,6902900
2014-02-10,70.910004,71.07,69.57,69.739998,56.747581,7774000
2014-02-11,69.760002,70.870003,69.580002,70.620003,57.463654,5543000
2014-02-12,70.910004,71.300003,69.980003,70.239998,57.154442,4120600
2014-02-13,70.129997,71.480003,69.93,71.209999,57.943745,3788000
2014-02-14,71.160004,73.839996,71.0,73.519997,59.823391,6848800
2014-02-18,73.519997,74.620003,73.449997,73.830002,60.075649,5538400
2014-02-19,73.550003,74.309998,73.419998,73.550003,59.847813,3926500
2014-02-20,73.599998,74.110001,73.230003,73.480003,59.790836,4134000
2014-02-21,73.43,74.099998,73.339996,73.809998,60.059383,4552300
2014-02-24,74.139999,76.769997,74.0,76.010002,61.849499,9559000
2014-02-25,75.980003,76.139999,75.129997,75.32,61.288052,3761800
2014-02-26,75.330002,76.129997,74.779999,76.059998,61.890198,5433200
2014-02-27,75.779999,76.410004,75.599998,76.019997,61.857632,4227300
2014-02-28,76.040001,77.709999,75.800003,77.269997,62.874798,6176600
2014-03-03,76.699997,77.459999,76.529999,77.099998,62.736458,3673400
2014-03-04,77.739998,78.57,77.540001,78.129997,63.57457,5164500
2014-03-05,78.260002,78.5,77.580002,77.989998,63.460629,3917600
2014-03-06,78.150002,78.339996,77.550003,77.639999,63.175835,4200500
2014-03-07,78.010002,78.07,77.040001,77.400002,62.980564,3434700
2014-03-10,77.279999,77.900002,77.110001,77.879997,63.371136,2986400
2014-03-11,77.910004,78.449997,77.519997,77.779999,63.289787,3471200
2014-03-12,77.279999,77.699997,77.230003,77.599998,63.371445,2875400
2014-03-13,77.760002,78.099998,76.959999,77.010002,62.889633,3178600
2014-03-14,77.019997,77.019997,75.650002,75.699997,61.819817,5128700
2014-03-17,76.139999,77.019997,76.089996,76.760002,62.685452,3517900
2014-03-18,76.970001,78.050003,76.769997,78.0,63.698071,3670800
2014-03-19,78.07,80.300003,77.940002,79.959999,65.298691,9060100
2014-03-20,79.580002,81.589996,79.43,81.529999,66.580818,7786500
2014-03-21,82.190002,83.32,81.300003,81.339996,66.425674,11828100
2014-03-24,81.650002,81.720001,80.860001,81.279999,66.376686,5306200
2014-03-25,81.589996,82.150002,80.980003,81.099998,66.229683,4588800
2014-03-26,81.480003,82.300003,81.07,81.540001,66.588974,6910000
2014-03-27,81.580002,81.900002,80.779999,81.019997,66.16436,5453900
2014-03-28,81.400002,82.349998,81.260002,81.620003,66.65435,4787400
2014-03-31,82.080002,82.269997,81.410004,81.989998,66.956467,3513700
2014-04-01,82.349998,83.050003,81.580002,81.839996,66.833977,4339800
2014-04-02,81.540001,81.739998,81.269997,81.610001,66.646156,3832100
2014-04-03,81.650002,82.349998,81.599998,82.25,67.168816,4214700
2014-04-04,82.690002,82.93,81.370003,81.529999,66.580818,4788100
2014-04-07,81.5,81.980003,80.75,81.080002,66.213371,5286700
2014-04-08,81.07,81.550003,80.110001,80.660004,65.870369,4044900
2014-04-09,80.800003,81.559998,80.5,81.389999,66.466515,3308900
2014-04-10,81.419998,81.989998,79.779999,79.989998,65.323212,4850000
2014-04-11,79.769997,79.970001,78.82,78.949997,64.4739,3418700
2014-04-14,79.440002,79.68,78.379997,79.18,64.661697,4013700
2014-04-15,79.360001,79.720001,78.059998,79.510002,64.931221,4719100
2014-04-16,79.489998,79.540001,77.470001,78.190002,63.853241,8098100
2014-04-17,75.440002,76.650002,73.610001,75.779999,61.885132,13422900
2014-04-21,75.699997,76.480003,74.790001,74.949997,61.207302,6912500
2014-04-22,75.190002,76.190002,74.949997,75.760002,61.868797,6199400
2014-04-23,75.809998,76.07,75.110001,75.330002,61.517662,4645700
2014-04-24,76.150002,77.080002,75.910004,76.589996,62.546635,4604900
2014-04-25,76.57,77.290001,75.230003,75.660004,61.787148,5416200
2014-04-28,76.349998,76.580002,75.419998,75.739998,61.85247,5346800
2014-04-29,75.949997,76.209999,74.889999,75.199997,61.41148,4813200
2014-04-30,75.25,76.190002,74.919998,75.040001,61.280842,6435900
2014-05-01,75.050003,75.400002,74.260002,74.949997,61.207302,4598000
2014-05-02,74.68,75.330002,74.510002,75.029999,61.272663,3794700
2014-05-05,74.830002,75.309998,74.300003,75.230003,61.436008,4476100
2014-05-06,75.129997,75.599998,74.889999,75.260002,61.460499,4728200
2014-05-07,75.589996,77.949997,75.080002,77.910004,63.624622,6383500
2014-05-08,77.82,78.059998,76.739998,76.889999,62.791634,4943100
2014-05-09,76.82,77.300003,76.620003,76.949997,62.840595,3465600
2014-05-12,77.199997,78.019997,77.099998,77.739998,63.485748,3110900
2014-05-13,77.860001,78.220001,77.529999,78.040001,63.730759,3059000
2014-05-14,78.050003,78.050003,76.940002,77.169998,63.020248,2635300
2014-05-15,77.160004,77.32,76.230003,76.480003,62.456806,3075200
2014-05-16,76.349998,76.669998,76.010002,76.650002,62.595631,2974600
2014-05-19,76.419998,77.230003,76.360001,77.199997,63.044781,2149100
2014-05-20,77.190002,77.400002,76.360001,76.660004,62.603771,2806500
2014-05-21,76.709999,77.879997,76.629997,77.720001,63.469418,2401200
2014-05-22,77.709999,78.629997,77.629997,78.339996,63.975765,3146900
2014-05-23,78.650002,79.0,78.360001,78.769997,64.326889,2251500
2014-05-27,79.230003,79.330002,78.660004,79.110001,64.604576,2645500
2014-05-28,78.970001,79.209999,78.300003,78.580002,64.171761,2250900
2014-05-29,78.599998,79.43,78.080002,79.370003,64.816902,3526800
2014-05-30,79.239998,79.739998,78.879997,79.629997,65.029213,5139900
2014-06-02,79.769997,79.93,79.32,79.470001,64.898575,1986400
2014-06-03,79.309998,80.18,79.279999,79.879997,65.23336,2841100
2014-06-04,79.730003,80.57,79.480003,80.510002,65.747871,3552900
2014-06-05,80.480003,80.75,79.68,79.800003,65.168037,3453700
2014-06-06,79.989998,80.32,79.57,79.93,65.2742,3286600
2014-06-09,80.050003,80.25,79.260002,79.760002,65.135376,2801700
2014-06-10,79.599998,80.0,79.470001,79.809998,65.176193,2459200
2014-06-11,79.760002,80.339996,79.419998,80.169998,65.470207,2733500
2014-06-12,79.779999,80.0,79.099998,79.440002,65.178932,2560000
2014-06-13,79.339996,79.370003,78.599998,79.18,64.965599,2265200
2014-06-16,79.18,79.209999,77.809998,78.0,63.997425,4542900
2014-06-17,77.900002,78.25,77.529999,78.169998,64.136948,3430900
2014-06-18,78.169998,79.370003,77.779999,79.209999,64.990204,4823000
2014-06-19,79.349998,80.790001,79.260002,80.510002,66.056831,4538600
2014-06-20,80.830002,81.489998,80.459999,81.410004,66.795258,7366500
2014-06-23,81.389999,81.650002,80.980003,81.489998,66.860924,3066900
2014-06-24,81.43,82.389999,81.419998,81.739998,67.06604,4685500
2014-06-25,81.349998,82.379997,80.809998,82.339996,67.558319,3629200
2014-06-26,82.480003,82.480003,81.660004,82.290001,67.517281,2915900
2014-06-27,81.690002,82.110001,81.309998,82.0,67.27935,4755600
2014-06-30,82.279999,82.540001,81.599998,81.75,67.074226,3916100
2014-07-01,81.739998,82.349998,81.650002,81.889999,67.189117,5482400
2014-07-02,81.800003,82.519997,81.07,82.489998,67.681419,3693500
2014-07-03,82.589996,83.440002,82.32,83.349998,68.387032,2183400
2014-07-07,82.989998,83.099998,81.790001,82.220001,67.459862,2558500
2014-07-08,82.019997,82.07,81.379997,81.93,67.221924,2967300
2014-07-09,81.980003,82.75,81.889999,82.739998,67.886482,3079500
2014-07-10,81.279999,82.510002,81.050003,82.080002,67.344978,3829400
2014-07-11,81.919998,83.129997,81.730003,82.870003,67.993195,2758400
2014-07-14,83.330002,84.690002,83.209999,84.269997,69.141838,3794500
2014-07-15,84.040001,84.739998,83.730003,83.900002,68.838264,4356300
2014-07-16,84.07,84.129997,83.220001,83.760002,68.723389,3955200
2014-07-17,84.25,87.239998,83.43,85.110001,69.831055,7117900
2014-07-18,85.470001,85.779999,84.43,85.519997,70.167473,3892100
2014-07-21,85.220001,85.290001,84.029999,85.059998,69.790039,4025100
2014-07-22,85.519997,86.760002,85.470001,86.050003,70.602303,4366900
2014-07-23,86.309998,86.550003,85.769997,85.940002,70.512077,2596300
2014-07-24,85.449997,86.330002,85.290001,85.68,70.298729,4022400
2014-07-25,84.120003,85.010002,84.0,84.68,69.478241,3362600
2014-07-28,85.029999,85.900002,84.599998,85.75,70.356155,2206900
2014-07-29,84.959999,85.559998,83.989998,84.269997,69.141838,4897800
2014-07-30,84.760002,84.870003,81.720001,82.949997,68.058807,7171800
2014-07-31,81.769997,82.18,80.550003,81.050003,66.499916,5345400
2014-08-01,81.139999,82.07,80.559998,81.489998,66.860924,4625100
2014-08-04,81.589996,82.529999,81.160004,82.269997,67.500877,3197700
2014-08-05,81.830002,82.529999,80.57,80.989998,66.450676,4599500
2014-08-06,80.949997,82.120003,80.739998,81.5,66.869118,3311300
2014-08-07,81.0,81.089996,79.160004,79.260002,65.031235,5465400
2014-08-08,79.410004,80.190002,78.739998,80.120003,65.736877,3713400
2014-08-11,80.389999,80.650002,79.760002,79.870003,65.531731,3460000
2014-08-12,79.610001,80.389999,79.529999,80.220001,65.818893,3206200
2014-08-13,80.620003,81.669998,80.389999,81.510002,66.877312,3049900
2014-08-14,81.709999,82.07,80.160004,81.82,67.131676,2241100
2014-08-15,82.209999,82.279999,80.809998,81.470001,66.844513,2442700
2014-08-18,81.769997,82.480003,81.349998,82.339996,67.558319,2795800
2014-08-19,82.489998,83.760002,82.050003,83.470001,68.485481,3549300
2014-08-20,82.940002,83.75,82.360001,83.43,68.452652,2579600
2014-08-21,83.610001,84.099998,83.589996,83.769997,68.731606,2648500
2014-08-22,83.599998,84.0,83.459999,83.779999,68.739815,2089300
2014-08-25,84.389999,84.75,83.949997,84.239998,69.117249,1988100
2014-08-26,84.449997,85.339996,84.150002,85.120003,69.839272,2267800
2014-08-27,85.18,86.970001,84.959999,86.379997,70.873062,5800700
2014-08-28,86.0,87.0,85.519997,86.339996,70.840248,2749700
2014-08-29,86.75,87.230003,86.349998,86.68,71.119217,3297500
2014-09-02,87.120003,87.220001,85.760002,86.389999,70.881279,3726100
2014-09-03,86.779999,87.349998,86.419998,86.790001,71.209465,2824400
2014-09-04,86.760002,88.449997,86.709999,87.059998,71.431,3650100
2014-09-05,86.949997,87.800003,86.739998,87.75,71.997131,3873500
2014-09-08,87.699997,88.0,87.419998,87.910004,72.128372,2298000
2014-09-09,88.0,88.849998,87.489998,88.559998,72.66169,4409400
2014-09-10,88.440002,88.5,86.690002,87.25,71.891281,3355800
2014-09-11,86.760002,87.120003,86.199997,87.080002,71.751244,3034500
2014-09-12,87.239998,87.239998,85.860001,86.18,71.009659,2582400
2014-09-15,86.300003,86.82,85.830002,86.029999,70.886055,2441800
2014-09-16,86.0,87.370003,85.849998,87.160004,71.817139,2973700
2014-09-17,86.949997,87.559998,86.470001,86.989998,71.677063,3302700
2014-09-18,87.419998,87.970001,87.190002,87.629997,72.204384,2584000
2014-09-19,88.510002,88.720001,87.639999,87.800003,72.34449,6486300
2014-09-22,87.800003,88.440002,87.480003,87.769997,72.319748,2335400
2014-09-23,87.32,87.690002,86.379997,86.589996,71.347466,2640200
2014-09-24,86.620003,88.459999,86.599998,88.209999,72.682297,2661500
2014-09-25,87.790001,88.0,86.029999,86.18,71.009659,3657100
2014-09-26,86.25,86.970001,85.910004,86.599998,71.355721,2260500
2014-09-29,85.580002,86.949997,85.580002,86.510002,71.281555,3114800
2014-09-30,86.68,87.080002,86.120003,86.25,71.067314,2843200
2014-10-01,86.0,86.260002,84.610001,84.879997,69.938469,4140200
2014-10-02,84.849998,85.269997,83.730003,84.900002,69.954979,3047000
2014-10-03,85.370003,86.279999,85.07,86.019997,70.877831,3108100
2014-10-06,86.650002,86.949997,84.949997,85.089996,70.111504,2596100
2014-10-07,84.900002,85.129997,83.93,84.190002,69.369957,3412900
2014-10-08,84.290001,86.839996,83.989998,86.620003,71.372223,4787400
2014-10-09,86.349998,86.550003,84.629997,84.940002,69.98793,4432800
2014-10-10,85.089996,86.82,85.050003,85.389999,70.358719,4036800
2014-10-13,85.220001,85.949997,83.760002,83.949997,69.172188,3672600
2014-10-14,84.339996,84.57,82.550003,82.82,68.241127,5929500
2014-10-15,82.169998,82.980003,80.720001,82.160004,67.697289,8308900
2014-10-16,84.760002,86.699997,84.099998,85.389999,70.358719,10233000
2014-10-17,86.849998,88.809998,86.75,88.18,72.657593,8532800
2014-10-20,88.239998,88.839996,88.0,88.540001,72.954201,4890900
2014-10-21,89.160004,91.080002,88.849998,90.949997,74.93998,5882100
2014-10-22,91.440002,91.440002,89.709999,89.769997,73.967697,4290300
2014-10-23,90.940002,91.279999,90.419998,90.660004,74.70105,3159200
2014-10-24,90.660004,91.699997,90.589996,91.639999,75.508545,2977300
2014-10-27,91.43,92.279999,91.379997,92.129997,75.912254,3948900
2014-10-28,91.050003,92.779999,90.360001,92.639999,76.332504,4741300
2014-10-29,92.900002,93.68,92.690002,92.959999,76.59613,4330400
2014-10-30,92.559998,94.150002,92.5,93.879997,77.354218,2836400
2014-10-31,95.0,95.669998,94.309998,95.010002,78.285301,5031500
2014-11-03,95.449997,95.669998,94.5,94.860001,78.161728,4001200
2014-11-04,94.989998,95.599998,94.239998,94.980003,78.260574,4437300
2014-11-05,95.57,96.010002,95.019997,95.800003,78.936241,3454700
2014-11-06,96.040001,96.639999,95.900002,96.209999,79.274055,3743200
2014-11-07,95.5,95.720001,93.010002,93.610001,77.131744,6155400
2014-11-10,93.68,95.0,93.5,94.75,78.07106,4087700
2014-11-11,95.050003,95.75,94.720001,95.690002,78.845604,2291400
2014-11-12,95.230003,95.970001,94.519997,95.68,78.837349,2897700
2014-11-13,95.639999,96.739998,95.400002,95.900002,79.018646,2767700
2014-11-14,96.019997,96.120003,94.870003,95.110001,78.367683,2709600
2014-11-17,95.199997,96.690002,94.839996,96.470001,79.488312,3297600
2014-11-18,96.989998,98.610001,96.849998,98.190002,80.90554,4320800
2014-11-19,97.730003,98.410004,96.790001,96.860001,79.809662,3433800
2014-11-20,96.459999,96.849998,96.169998,96.849998,79.801407,3316700
2014-11-21,97.400002,98.040001,96.589996,96.709999,79.68602,4408600
2014-11-24,97.269997,97.290001,96.510002,96.900002,79.842621,3998800
2014-11-25,97.0,98.139999,96.910004,97.900002,80.666542,4066300
2014-11-26,97.989998,98.739998,97.82,98.110001,80.8396,2765900
2014-11-28,98.699997,99.419998,98.43,98.629997,81.268036,2177500
2014-12-01,98.75,99.830002,98.010002,99.059998,81.622383,4892800
2014-12-02,99.0,100.0,98.199997,99.830002,82.256859,5297200
2014-12-03,99.879997,101.330002,99.699997,100.800003,83.369232,6689000
2014-12-04,100.839996,100.93,99.419998,99.669998,82.434662,4065200
2014-12-05,99.809998,100.709999,99.68,100.330002,82.980515,3104900
2014-12-08,100.32,100.900002,99.639999,99.919998,82.641434,3085800
2014-12-09,99.040001,101.089996,98.75,101.019997,83.551201,3792200
2014-12-10,100.769997,101.019997,99.010002,99.089996,81.954948,3908700
2014-12-11,99.389999,100.669998,99.239998,99.730003,82.484268,2940600
2014-12-12,99.580002,100.410004,98.690002,98.760002,81.682014,3086500
2014-12-15,98.800003,99.75,97.410004,98.269997,81.276741,3649300
2014-12-16,97.650002,98.779999,95.75,95.849998,79.275208,4843800
2014-12-17,96.550003,99.75,96.169998,99.139999,81.996284,6235000
2014-12-18,100.279999,102.260002,99.910004,102.239998,84.560234,4681000
2014-12-19,102.0,104.0,102.0,102.489998,84.767029,7986500
2014-12-22,102.580002,103.239998,102.470001,103.040001,85.221909,2398100
2014-12-23,103.720001,103.93,102.440002,102.849998,85.064758,3028600
2014-12-24,103.0,103.32,102.540001,102.68,84.924156,950700
2014-12-26,102.589996,103.0,102.160004,102.550003,84.816597,2019900
2014-12-29,102.379997,103.010002,101.830002,102.330002,84.634666,1708100
2014-12-30,102.25,103.059998,102.25,102.849998,85.064758,1767600
2014-12-31,103.120003,103.68,101.029999,101.089996,83.609108,2313900
2015-01-02,101.5,102.620003,100.010002,100.779999,83.352707,3060900
2015-01-05,100.300003,100.449997,98.75,99.120003,81.979759,4679000
2015-01-06,99.830002,100.139999,98.459999,98.919998,81.814369,3468300
2015-01-07,98.959999,100.300003,98.919998,99.93,82.649689,3225800
2015-01-08,101.57,104.980003,100.720001,104.699997,86.594826,5346100
2015-01-09,104.419998,104.629997,102.900002,103.720001,85.784309,3397600
2015-01-12,103.830002,104.0,101.910004,102.550003,84.816597,3051500
2015-01-13,103.940002,105.599998,101.839996,103.07,85.246696,3856500
2015-01-14,101.610001,103.480003,101.18,103.330002,85.461723,4725600
2015-01-15,103.559998,104.589996,103.129997,104.459999,86.396362,5888900
2015-01-16,104.5,106.0,103.650002,105.769997,87.479805,6045500
2015-01-20,106.199997,106.379997,104.5,105.620003,87.355759,6526800
2015-01-21,106.519997,109.449997,105.620003,109.32,90.415932,8293700
2015-01-22,109.75,114.120003,109.330002,113.849998,94.162582,8055200
2015-01-23,113.639999,114.32,112.0,112.0,92.632492,5256000
2015-01-26,112.0,112.0,110.760002,111.610001,92.309952,4203400
2015-01-27,110.949997,111.25,109.919998,110.010002,90.986588,4718300
2015-01-28,110.57,110.879997,108.449997,108.459999,89.704659,6633500
2015-01-29,108.150002,109.580002,106.739998,109.389999,90.473846,4912300
2015-01-30,108.620003,109.389999,106.139999,106.25,87.876808,5397500
2015-02-02,106.730003,107.339996,105.07,107.290001,88.736961,4657100
2015-02-03,107.349998,108.0,106.519997,107.809998,89.167046,4192600
2015-02-04,106.830002,108.739998,106.75,107.919998,89.258026,4768900
2015-02-05,108.32,109.809998,108.32,108.82,90.002396,3297700
2015-02-06,108.589996,109.400002,107.190002,107.599998,88.993355,3661400
2015-02-09,106.93,107.239998,106.279999,106.489998,88.075279,3909700
2015-02-10,107.260002,109.459999,107.129997,108.970001,90.126442,5437400
2015-02-11,108.730003,110.059998,108.379997,109.849998,90.854286,3798500
2015-02-12,110.699997,110.779999,108.830002,109.839996,90.846039,3378000
2015-02-13,109.690002,109.839996,108.68,109.440002,90.51516,3727600
2015-02-17,109.339996,109.760002,108.519997,109.760002,90.779861,3430600
2015-02-18,109.760002,110.220001,108.949997,109.769997,90.788132,2958700
2015-02-19,109.540001,110.360001,109.440002,110.029999,91.003143,2674800
2015-02-20,109.959999,112.82,109.440002,112.620003,93.145302,4647100
2015-02-23,112.989998,116.489998,112.849998,116.400002,96.271622,7060000
2015-02-24,116.260002,116.580002,115.32,115.43,95.469368,3582800
2015-02-25,115.82,115.82,113.720001,114.050003,94.328003,3845900
2015-02-26,114.410004,114.620003,113.370003,113.660004,94.005447,3126800
2015-02-27,113.769997,114.25,113.410004,113.629997,93.980614,4016400
2015-03-02,113.629997,114.849998,113.629997,114.400002,94.617493,2952200
2015-03-03,113.949997,114.489998,112.360001,112.860001,93.343781,3163700
2015-03-04,112.25,113.970001,111.650002,113.82,94.137772,3180900
2015-03-05,114.07,115.720001,114.07,114.790001,94.940033,2941400
2015-03-06,115.160004,115.160004,112.610001,112.879997,93.360336,3196900
2015-03-09,112.970001,114.959999,112.870003,114.900002,95.031021,3942000
2015-03-10,114.260002,114.410004,112.459999,112.459999,93.012947,3957900
2015-03-11,112.900002,113.589996,112.639999,112.720001,93.539917,2593700
2015-03-12,113.32,115.050003,113.150002,114.879997,95.332367,3258600
2015-03-13,114.440002,115.389999,113.529999,115.25,95.639412,3066800
2015-03-16,116.0,118.690002,115.82,118.519997,98.353012,4692200
2015-03-17,118.080002,118.129997,116.919998,117.599998,97.589554,3303500
2015-03-18,117.43,120.519997,116.730003,119.959999,99.547974,5533500
2015-03-19,120.0,121.099998,119.82,120.760002,100.211853,4032500
2015-03-20,121.349998,121.529999,119.0,119.139999,98.867477,7195700
2015-03-23,119.480003,120.480003,118.589996,119.040001,98.784546,4576500
2015-03-24,118.900002,119.639999,118.080002,118.120003,98.021042,3054700
2015-03-25,118.849998,119.75,116.510002,116.540001,96.70993,3385500
2015-03-26,116.07,117.209999,114.599998,116.25,96.469246,2856400
2015-03-27,116.059998,118.220001,116.019997,118.010002,97.929764,2608500
2015-03-30,122.32,123.760002,120.529999,121.0,100.410973,5178500
2015-03-31,120.800003,120.93,118.220001,118.290001,98.162125,4573100
2015-04-01,119.519997,119.519997,116.540001,117.449997,97.465065,4826200
2015-04-02,117.599998,118.379997,116.870003,117.360001,97.390404,2497100
2015-04-06,116.019997,118.519997,115.949997,117.699997,97.672539,2544700
2015-04-07,119.449997,119.830002,117.269997,117.349998,97.382065,2528500
2015-04-08,117.779999,118.830002,117.470001,118.190002,98.079132,2627000
2015-04-09,117.830002,118.760002,117.599998,118.550003,98.377899,2247200
2015-04-10,118.550003,119.099998,117.970001,119.0,98.75132,2232600
2015-04-13,121.0,121.309998,119.129997,119.370003,99.058372,3961000
2015-04-14,119.339996,120.18,118.519997,119.919998,99.514771,3208800
2015-04-15,120.379997,120.739998,116.550003,117.32,97.357193,7344000
2015-04-16,121.93,122.32,120.519997,121.599998,100.90892,7068000
2015-04-17,121.0,121.050003,117.739998,118.709999,98.510643,4390000
2015-04-20,119.849998,120.330002,118.07,118.580002,98.402763,4650700
2015-04-21,119.0,119.629997,118.760002,119.279999,98.983696,3379800
2015-04-22,119.540001,119.940002,117.169998,117.809998,97.763794,3846700
2015-04-23,117.480003,118.580002,116.959999,118.260002,98.13726,3244300
2015-04-24,118.279999,119.089996,118.019997,118.690002,98.494057,3139200
2015-04-27,119.18,119.410004,116.07,116.239998,96.460945,5174300
2015-04-28,116.889999,117.739998,114.279999,117.589996,97.581238,4144800
2015-04-29,116.220001,117.32,112.040001,113.610001,94.278473,7122600
2015-04-30,113.529999,114.330002,111.120003,111.400002,92.444519,6705600
2015-05-01,112.290001,113.660004,111.739998,113.199997,93.938225,5805100
2015-05-04,113.699997,114.93,113.449997,114.559998,95.066841,3531500
2015-05-05,113.940002,114.279999,113.010002,113.370003,94.079315,3960400
2015-05-06,114.0,114.489998,112.660004,113.489998,94.178886,3369800
2015-05-07,113.150002,115.139999,113.110001,114.760002,95.232773,3300200
2015-05-08,115.93,116.589996,115.050003,115.68,95.996223,3066000
2015-05-11,115.610001,115.790001,114.720001,114.769997,95.241104,3376400
2015-05-12,114.230003,115.080002,113.830002,114.639999,95.133194,3844600
2015-05-13,114.620003,116.300003,114.620003,115.860001,96.145592,3667700
2015-05-14,117.18,118.620003,116.209999,118.529999,98.36129,4771400
2015-05-15,118.779999,119.349998,118.309998,119.330002,99.025177,3083800
2015-05-18,119.220001,119.980003,118.839996,119.800003,99.415199,2824700
2015-05-19,119.82,121.129997,119.690002,120.550003,100.037598,3554900
2015-05-20,120.730003,121.849998,120.029999,121.239998,100.610138,3379200
2015-05-21,120.760002,120.839996,120.050003,120.459999,99.962845,2983500
2015-05-22,120.300003,120.779999,119.139999,119.589996,99.240913,2945900
2015-05-26,119.220001,119.589996,117.699997,118.239998,98.120628,3014500
2015-05-27,118.879997,119.849998,118.269997,119.449997,99.124748,2887700
2015-05-28,119.309998,119.82,118.290001,119.620003,99.265823,2873600
2015-05-29,120.059998,121.620003,117.739998,120.209999,99.755455,6019900
2015-06-01,120.540001,120.559998,118.75,119.860001,99.464973,3876400
2015-06-02,119.489998,119.68,117.410004,117.75,97.714005,4219500
2015-06-03,118.0,118.989998,117.449997,118.349998,98.211906,3438100
2015-06-04,117.919998,117.970001,116.029999,116.650002,96.801186,3300300
2015-06-05,116.330002,116.75,115.360001,116.529999,96.701584,2724500
2015-06-08,116.379997,117.669998,116.32,116.910004,97.016945,3271300
2015-06-09,116.93,117.379997,115.790001,116.989998,97.083321,3047300
2015-06-10,117.029999,118.879997,116.730003,118.550003,98.377899,4006400
2015-06-11,118.410004,119.940002,118.220001,119.32,99.436249,3815600
2015-06-12,118.839996,119.0,117.5,117.650002,98.04454,3076600
2015-06-15,116.830002,120.879997,116.0,118.980003,99.152924,6809500
2015-06-16,119.139999,122.18,119.0,121.550003,101.29467,7229400
2015-06-17,121.900002,122.199997,119.169998,119.739998,99.786247,4805900
2015-06-18,120.389999,121.379997,119.919998,120.889999,100.744621,3478300
2015-06-19,120.650002,120.879997,119.900002,120.330002,100.277946,4178700
2015-06-22,121.629997,122.230003,119.940002,120.25,100.21125,4435600
2015-06-23,121.370003,122.769997,121.010002,122.739998,102.286339,4991000
2015-06-24,122.800003,123.0,119.099998,119.169998,99.311256,4650500
2015-06-25,119.57,123.410004,119.5,122.330002,101.944656,6149500
2015-06-26,123.790001,124.110001,122.730003,123.25,102.711365,16358200
2015-06-29,122.040001,123.029999,121.110001,121.190002,100.994637,3604000
2015-06-30,122.419998,122.940002,121.0,122.0,101.669655,4982600
2015-07-01,122.949997,123.650002,122.220001,123.379997,102.819679,3269300
2015-07-02,123.82,123.879997,121.019997,121.809998,101.511299,3682300
2015-07-06,119.599998,123.099998,119.260002,122.160004,101.803001,6522800
2015-07-07,122.360001,122.800003,117.809998,120.699997,100.586288,6476200
2015-07-08,119.050003,119.989998,118.400002,118.779999,98.986221,4009800
2015-07-09,120.040001,120.559998,119.309998,119.339996,99.452934,3315600
2015-07-10,120.989998,122.75,120.699997,122.150002,101.794662,4033500
2015-07-13,123.099998,123.75,121.809998,122.449997,102.044662,3766900
2015-07-14,122.18,125.199997,122.0,125.0,104.169716,4192400
2015-07-15,124.949997,126.050003,123.809998,125.860001,104.886414,5067300
2015-07-16,125.419998,125.5,122.099998,124.93,104.111382,7216600
2015-07-17,124.699997,124.980003,123.699997,123.849998,103.211349,3702700
2015-07-20,124.050003,124.230003,122.330002,122.650002,102.211342,3199700
2015-07-21,122.57,122.720001,120.339996,120.860001,100.719612,4239100
2015-07-22,120.970001,121.239998,120.080002,120.610001,100.511307,3384700
2015-07-23,121.629997,121.68,118.760002,119.330002,99.444595,4896100
2015-07-24,119.120003,119.720001,117.580002,117.940002,98.286217,3840600
2015-07-27,117.879997,118.089996,116.660004,117.879997,98.236206,3752300
2015-07-28,118.739998,121.57,118.5,121.519997,101.269638,5216900
2015-07-29,121.82,122.110001,120.620003,121.519997,101.269638,3924400
2015-07-30,121.139999,121.919998,119.550003,120.559998,100.469589,3732400
2015-07-31,120.470001,122.720001,120.470001,121.400002,101.169624,3593000
2015-08-03,121.610001,122.169998,120.139999,120.889999,100.744621,2541300
2015-08-04,121.580002,121.629997,120.230003,120.839996,100.702965,2058200
2015-08-05,121.760002,124.239998,121.760002,123.919998,103.269676,3831900
2015-08-06,124.370003,124.639999,121.800003,122.040001,101.70298,3014900
2015-08-07,121.709999,121.860001,120.260002,121.82,101.519653,2276300
2015-08-10,122.5,123.339996,121.940002,122.480003,102.069664,2480000
2015-08-11,121.269997,123.019997,121.269997,122.260002,101.886322,2756000
2015-08-12,121.260002,121.779999,119.050003,121.199997,101.002968,3005300
2015-08-13,121.330002,121.989998,120.290001,120.519997,100.436256,3253400
2015-08-14,120.57,121.18,120.260002,121.019997,100.852936,2040500
2015-08-17,120.400002,123.949997,120.300003,123.82,103.186348,2951800
2015-08-18,123.879997,126.209999,123.82,125.5,104.586403,4140200
2015-08-19,124.709999,124.989998,122.849998,123.220001,102.686371,3411500
2015-08-20,122.239998,122.419998,119.790001,119.790001,99.827927,3201600
2015-08-21,118.25,118.800003,116.010002,116.279999,96.902855,5627800
2015-08-24,110.860001,112.43,95.0,110.43,92.027733,8824900
2015-08-25,113.0,114.589996,109.800003,109.980003,91.65271,8109900
2015-08-26,112.559998,113.830002,110.279999,113.459999,94.552773,7503200
2015-08-27,115.25,117.830002,114.959999,117.769997,98.144524,5783700
2015-08-28,117.389999,117.839996,116.0,117.279999,97.736198,3333100
2015-08-31,117.209999,118.779999,115.160004,115.699997,96.41951,4087000
2015-09-01,113.360001,114.220001,112.07,112.629997,93.861069,4658100
2015-09-02,113.830002,114.599998,112.529999,114.230003,95.194481,4522100
2015-09-03,114.739998,115.919998,113.459999,113.989998,94.994446,3137100
2015-09-04,112.5,113.07,111.260002,112.360001,93.636063,3394900
2015-09-08,114.129997,116.209999,113.669998,116.089996,96.744499,3990600
2015-09-09,117.290001,117.720001,114.830002,115.080002,96.317642,3753500
2015-09-10,114.849998,117.940002,114.730003,116.769997,97.732109,5525700
2015-09-11,116.169998,118.870003,115.860001,118.699997,99.347473,3752500
2015-09-14,119.029999,119.5,117.150002,117.800003,98.594215,2686500
2015-09-15,118.610001,120.610001,117.43,120.029999,100.460602,3072100
2015-09-16,120.269997,121.360001,119.550003,121.150002,101.398033,3475700
2015-09-17,121.5,125.120003,120.900002,123.260002,103.164024,5466500
2015-09-18,122.209999,123.769997,121.82,122.470001,102.502815,7458400
2015-09-21,123.489998,124.269997,121.389999,123.940002,103.733139,3476700
2015-09-22,121.440002,123.790001,121.440002,122.93,102.887794,4566800
2015-09-23,123.0,124.209999,122.040001,123.279999,103.180763,3131300
2015-09-24,122.349998,122.629997,119.269997,121.089996,101.347794,4735800
2015-09-25,122.18,122.410004,115.230003,116.370003,97.397324,8060200
2015-09-28,115.550003,115.82,111.010002,112.699997,94.325684,5727000
2015-09-29,112.889999,114.860001,111.610001,114.220001,95.597862,5142700
2015-09-30,115.389999,116.919998,114.879997,116.010002,97.096031,4638600
2015-10-01,115.940002,116.709999,114.910004,116.610001,97.598198,3768300
2015-10-02,115.139999,118.849998,114.82,118.830002,99.456276,3521600
2015-10-05,119.669998,120.339996,118.129997,119.650002,100.142586,3491200
2015-10-06,119.459999,119.599998,114.669998,116.050003,97.129532,4652000
2015-10-07,116.459999,116.809998,114.599998,116.43,97.447563,4282000
2015-10-08,116.43,116.940002,114.900002,116.080002,97.15461,3646500
2015-10-09,115.989998,119.470001,115.959999,119.269997,99.824532,4485100
2015-10-12,119.010002,123.07,118.559998,122.510002,102.536285,5840000
2015-10-13,123.160004,125.989998,121.589996,123.989998,103.774994,6655700
2015-10-14,123.849998,125.0,120.839996,122.07,102.168037,5592200
2015-10-15,119.0,120.5,115.959999,120.169998,100.57782,8012400
2015-10-16,120.849998,120.849998,118.580002,119.980003,100.418762,4416500
2015-10-19,119.779999,120.910004,119.199997,120.730003,101.046478,3707500
2015-10-20,120.639999,121.57,119.690002,120.419998,100.787056,3278400
2015-10-21,120.690002,120.800003,115.269997,118.110001,98.853653,5305600
2015-10-22,118.209999,119.029999,110.07,113.809998,95.25473,10475000
2015-10-23,114.449997,116.620003,114.040001,115.919998,97.020691,5497500
2015-10-26,115.919998,117.0,115.0,116.529999,97.531235,3377100
2015-10-27,116.389999,119.519997,115.900002,119.370003,99.908226,4008400
2015-10-28,119.760002,120.139999,115.910004,119.779999,100.251381,4405500
2015-10-29,119.790001,121.669998,119.5,119.709999,100.19278,3257500
2015-10-30,119.93,120.370003,117.779999,117.779999,98.577461,4237800
2015-11-02,118.639999,119.949997,117.839996,118.690002,99.339096,3874200
2015-11-03,118.169998,118.459999,116.25,117.660004,98.477028,2758200
2015-11-04,117.599998,117.75,114.059998,114.639999,95.949417,5396100
2015-11-05,114.980003,116.769997,113.629997,116.230003,97.280167,4009100
2015-11-06,115.230003,115.800003,114.010002,114.809998,96.091667,4106900
2015-11-09,114.129997,114.639999,113.010002,114.260002,95.63134,2755100
2015-11-10,114.269997,116.199997,114.029999,115.889999,96.995621,2842600
2015-11-11,116.349998,116.860001,114.349998,114.540001,95.8657,2374200
2015-11-12,113.760002,114.739998,112.529999,112.82,94.42614,3341300
2015-11-13,112.489998,113.019997,111.18,111.410004,93.246002,3767300
2015-11-16,110.900002,114.139999,110.790001,113.82,95.2631,2450000
2015-11-17,113.730003,115.440002,113.169998,114.389999,95.740166,1981400
2015-11-18,114.25,117.529999,113.75,117.25,98.133865,3319900
2015-11-19,109.790001,113.709999,109.610001,110.629997,92.59317,15731900
2015-11-20,110.889999,114.440002,110.599998,112.970001,94.551651,7059400
2015-11-23,112.970001,114.489998,112.099998,112.160004,93.873726,3780400
2015-11-24,111.379997,113.449997,111.059998,113.190002,94.735802,3244800
2015-11-25,113.470001,115.050003,113.0,114.410004,95.756905,2959200
2015-11-27,114.489998,115.900002,114.080002,114.339996,95.698303,1740400
2015-11-30,114.559998,114.82,112.620003,112.709999,94.334053,4605200
2015-12-01,113.529999,116.370003,113.050003,116.260002,97.30529,5467000
2015-12-02,116.239998,119.379997,116.110001,117.639999,98.885559,6071100
2015-12-03,117.800003,118.279999,114.43,115.0,96.666451,4286600
2015-12-04,115.589996,118.25,115.239998,117.739998,98.969604,3588200
2015-12-07,117.889999,117.889999,115.199997,115.910004,97.431358,3164300
2015-12-08,114.949997,116.349998,113.949997,115.879997,97.406143,3551900
2015-12-09,115.400002,116.82,114.660004,115.050003,96.708481,3839100
2015-12-10,115.050003,117.050003,114.339996,116.209999,97.683502,3202600
2015-12-11,116.209999,117.339996,114.620003,115.980003,97.490204,3830800
2015-12-14,115.879997,116.739998,114.43,115.849998,97.380943,3867200
2015-12-15,116.870003,118.5,116.660004,117.610001,98.860359,3124100
2015-12-16,118.300003,119.760002,116.900002,118.830002,99.885841,3516900
2015-12-17,118.830002,121.089996,118.639999,119.220001,100.213669,3945800
2015-12-18,118.610001,118.860001,115.82,115.82,97.355705,7574800
2015-12-21,116.57,117.769997,116.0,117.410004,98.69223,3185200
2015-12-22,118.190002,118.339996,116.209999,117.440002,98.717453,2821600
2015-12-23,117.900002,118.830002,117.550003,118.690002,99.768181,2479600
2015-12-24,118.529999,119.18,118.290001,118.339996,99.473969,900100
2015-12-28,118.260002,118.610001,117.379997,118.330002,99.465561,1582600
2015-12-29,118.870003,120.410004,118.699997,119.82,100.71801,2027600
2015-12-30,120.029999,120.110001,118.660004,118.919998,99.961487,1747700
2015-12-31,118.639999,119.370003,117.360001,117.639999,98.885559,2372500
2016-01-04,116.910004,116.910004,114.529999,116.459999,97.8937,4991000
2016-01-05,116.720001,117.889999,116.209999,116.68,98.078621,2816800
2016-01-06,115.779999,116.650002,114.5,115.489998,97.078293,2677300
2016-01-07,113.629997,114.089996,111.419998,112.089996,94.220345,5277200
2016-01-08,112.349998,113.0,109.760002,110.160004,92.598045,4422400
2016-01-11,110.510002,110.620003,108.190002,109.580002,92.110519,4525800
2016-01-12,110.360001,113.129997,110.050003,112.260002,94.363266,4037800
2016-01-13,112.410004,113.040001,108.93,109.230003,91.816322,3434300
2016-01-14,108.739998,111.800003,107.510002,110.760002,93.102386,4238200
2016-01-15,109.080002,110.650002,107.790001,109.269997,91.849899,6357000
2016-01-19,111.489998,114.160004,109.599998,112.580002,94.63224,7122800
2016-01-20,112.089996,115.739998,110.150002,114.790001,96.489922,8380700
2016-01-21,114.669998,115.480003,112.260002,113.5,95.405563,5413900
2016-01-22,114.669998,115.150002,113.889999,114.330002,96.103249,3622200
2016-01-25,114.519997,115.309998,112.849998,113.379997,95.304688,2908500
2016-01-26,112.910004,114.18,111.760002,113.959999,95.792236,4592500
2016-01-27,114.43,114.809998,111.839996,112.330002,94.422112,4720300
2016-01-28,112.290001,113.25,110.610001,111.379997,93.623543,3525600
2016-01-29,111.93,115.160004,110.620003,115.160004,96.800941,5280800
2016-02-01,114.830002,116.150002,114.110001,115.889999,97.414513,4333500
2016-02-02,114.949997,115.389999,113.269997,113.879997,95.724991,2997700
2016-02-03,114.370003,114.370003,110.300003,112.75,94.775139,3462300
2016-02-04,112.669998,114.550003,112.040001,114.199997,95.993965,3608300
2016-02-05,114.07,114.209999,110.900002,111.720001,93.909325,3330800
2016-02-08,110.5,111.120003,108.830002,110.019997,92.48037,5050200
2016-02-09,109.370003,112.279999,109.139999,111.160004,93.438622,3680200
2016-02-10,111.330002,114.480003,111.330002,112.739998,94.766747,3023200
2016-02-11,111.32,111.690002,110.089996,110.620003,92.984711,3955000
2016-02-12,111.199997,111.910004,110.209999,111.82,93.993401,2552100
2016-02-16,112.629997,115.269997,112.529999,115.150002,96.792519,3445700
2016-02-17,115.5,118.389999,115.199997,118.300003,99.440331,4466000
2016-02-18,118.5,120.0,117.059998,117.449997,98.725861,3847100
2016-02-19,117.5,118.550003,116.019997,117.68,98.919197,4481400
2016-02-22,119.099998,122.139999,118.959999,121.269997,101.936874,5054800
2016-02-23,120.639999,121.800003,120.269997,121.150002,101.835976,2804400
2016-02-24,119.93,120.32,117.830002,120.199997,101.037445,2559700
2016-02-25,120.199997,121.230003,119.82,121.199997,101.878021,2281700
2016-02-26,121.480003,122.260002,120.889999,121.330002,101.987282,2877500
2016-02-29,121.099998,121.82,118.970001,119.099998,100.112816,4526300
2016-03-01,119.489998,122.220001,119.370003,121.669998,102.273087,3295600
2016-03-02,121.230003,121.839996,120.370003,121.269997,101.936874,2670900
2016-03-03,120.860001,121.860001,120.089996,121.82,102.399185,3064100
2016-03-04,121.32,122.190002,120.739998,121.800003,102.382385,2873900
2016-03-07,121.080002,122.739998,120.900002,121.760002,102.348732,2315400
2016-03-08,121.279999,122.32,120.730003,121.660004,102.264694,2522000
2016-03-09,121.879997,122.120003,120.449997,121.099998,102.214066,2094000
2016-03-10,121.199997,122.760002,120.410004,122.089996,103.049629,2638200
2016-03-11,122.470001,125.32,122.25,125.099998,105.590248,3766200
2016-03-14,124.800003,126.019997,124.360001,125.220001,105.691521,2856400
2016-03-15,124.540001,125.470001,124.080002,124.849998,105.379204,2610300
2016-03-16,124.389999,125.550003,124.099998,124.900002,105.421417,2140900
2016-03-17,124.610001,124.959999,122.220001,124.529999,105.109108,3911400
2016-03-18,124.860001,127.080002,124.529999,126.720001,106.957581,6948400
2016-03-21,126.239998,127.0,125.68,126.739998,106.97448,2667000
2016-03-22,126.650002,128.820007,126.019997,128.020004,108.054855,3984000
2016-03-23,128.149994,130.350006,128.020004,129.789993,109.548805,6166400
2016-03-24,128.970001,130.320007,127.169998,128.589996,108.535942,4153900
2016-03-28,128.820007,129.5,128.009995,128.919998,108.814468,1955100
2016-03-29,129.270004,130.089996,128.539993,129.830002,109.582558,2463100
2016-03-30,130.089996,131.100006,129.389999,129.679993,109.455963,2578500
2016-03-31,129.639999,129.970001,128.289993,128.899994,108.797592,3181800
2016-04-01,128.690002,130.440002,128.360001,129.919998,109.658546,3901700
2016-04-04,130.5,130.699997,128.880005,129.490005,109.295586,2812400
2016-04-05,128.949997,129.460007,126.900002,127.040001,107.227699,4440000
2016-04-06,127.230003,128.419998,126.879997,128.029999,108.063263,3021400
2016-04-07,127.510002,128.440002,126.230003,126.870003,107.08419,3186600
2016-04-08,127.190002,128.149994,125.260002,125.68,106.079765,3642300
2016-04-11,125.830002,126.940002,125.830002,126.330002,106.628418,3119200
2016-04-12,126.300003,127.360001,125.400002,126.800003,107.025093,2887200
2016-04-13,127.650002,128.660004,127.269997,127.760002,107.835381,2592400
2016-04-14,127.720001,128.570007,127.559998,127.980003,108.02108,1674600
2016-04-15,127.889999,128.059998,126.220001,127.330002,107.47245,2835200
2016-04-18,126.879997,128.029999,126.599998,127.809998,107.877586,2717400
2016-04-19,130.089996,131.300003,129.119995,130.5,110.148094,4340100
2016-04-20,131.289993,135.110001,130.899994,133.929993,113.043159,7321000
2016-04-21,133.559998,134.0,132.429993,132.960007,112.224411,3786000
2016-04-22,133.720001,134.330002,133.050003,134.130005,113.211967,2782800
2016-04-25,133.710007,134.070007,132.589996,133.779999,112.916534,2702100
2016-04-26,133.970001,134.610001,133.0,134.240005,113.304832,2638000
2016-04-27,134.339996,134.580002,131.899994,132.800003,112.089386,3358800
2016-04-28,132.789993,134.389999,131.690002,132.070007,111.473236,3332800
2016-04-29,131.059998,131.880005,128.929993,131.679993,111.144035,4161100
2016-05-02,132.610001,132.929993,130.919998,132.100006,111.498581,2887700
2016-05-03,131.369995,133.229996,131.130005,132.460007,111.802429,3632300
2016-05-04,131.020004,132.410004,130.589996,132.029999,111.439461,2909300
2016-05-05,132.050003,133.279999,131.850006,132.309998,111.675819,2054700
2016-05-06,132.089996,132.279999,130.600006,132.039993,111.447899,2618600
2016-05-09,131.75,133.589996,131.570007,132.669998,111.979645,2191800
2016-05-10,132.919998,133.600006,132.580002,133.570007,112.739311,2223500
2016-05-11,133.740005,134.0,130.580002,130.690002,110.308472,3450800
2016-05-12,131.0,131.289993,128.75,129.740005,109.506622,3210400
2016-05-13,129.100006,130.029999,128.550003,129.0,108.881996,3137300
2016-05-16,128.75,130.860001,128.529999,130.639999,110.266251,2466000
2016-05-17,130.570007,131.220001,128.990005,129.559998,109.354668,2294500
2016-05-18,129.110001,131.270004,128.929993,130.509995,110.156517,2246400
2016-05-19,129.690002,131.119995,128.759995,130.0,109.726028,2756000
2016-05-20,130.630005,131.789993,130.199997,130.940002,110.519455,2538100
2016-05-23,130.130005,131.199997,130.009995,130.419998,110.080559,3036500
2016-05-24,130.759995,132.990005,130.309998,132.589996,111.912117,2702400
2016-05-25,133.210007,134.300003,132.779999,133.419998,112.612663,2211300
2016-05-26,133.5,133.960007,132.660004,132.979996,112.241325,1499300
2016-05-27,132.979996,134.529999,132.960007,134.0,113.102242,1833400
2016-05-31,134.600006,134.75,133.479996,133.669998,112.823723,3634100
2016-06-01,133.580002,134.850006,133.020004,134.529999,113.549576,2618000
2016-06-02,134.259995,136.149994,134.009995,136.039993,114.824089,4015000
2016-06-03,135.610001,137.119995,135.149994,136.839996,115.499344,3625600
2016-06-06,136.919998,138.389999,136.509995,138.149994,116.605034,2959900
2016-06-07,138.160004,138.5,136.880005,136.940002,115.583725,2943200
2016-06-08,137.270004,140.889999,137.0,140.399994,118.504128,6180800
2016-06-09,140.490005,140.869995,139.539993,140.679993,118.740448,3682400
2016-06-10,140.25,140.389999,138.639999,139.240005,117.52504,2805800
2016-06-13,139.0,140.130005,138.080002,138.089996,116.554413,2804300
2016-06-14,137.880005,138.259995,137.339996,137.869995,116.368683,2970700
2016-06-15,137.740005,138.169998,137.050003,137.259995,116.381432,2369400
2016-06-16,137.210007,138.889999,136.380005,138.660004,117.568466,3176100
2016-06-17,138.759995,138.850006,136.550003,137.690002,116.745995,4430900
2016-06-20,139.220001,139.839996,138.139999,138.520004,117.449745,3731700
2016-06-21,139.199997,139.229996,138.070007,138.190002,117.169968,2021400
2016-06-22,138.449997,139.539993,137.630005,137.899994,116.924026,2375200
2016-06-23,139.350006,139.979996,138.009995,139.190002,118.017807,2646800
2016-06-24,135.660004,138.619995,135.149994,137.289993,116.406837,4475100
2016-06-27,136.149994,137.389999,135.479996,137.110001,116.25425,3996200
2016-06-28,138.210007,139.089996,137.649994,138.710007,117.61087,4160200
2016-06-29,139.800003,140.679993,139.600006,140.520004,119.145561,3704500
2016-06-30,140.679993,141.309998,140.240005,141.199997,119.722076,4730800
2016-07-01,141.160004,141.789993,140.619995,140.860001,119.43383,2882500
2016-07-05,140.149994,141.910004,140.029999,141.559998,120.027321,3749300
2016-07-06,140.979996,142.960007,140.970001,142.380005,120.722656,4083300
2016-07-07,142.369995,142.660004,139.949997,140.800003,119.382942,3515500
2016-07-08,141.699997,141.779999,139.550003,141.270004,119.781441,3605500
2016-07-11,141.270004,141.600006,140.009995,140.320007,118.975952,4084000
2016-07-12,140.889999,140.949997,139.369995,139.860001,118.585907,4310100
2016-07-13,140.960007,141.589996,139.919998,141.479996,119.959511,3164700
2016-07-14,142.389999,142.850006,140.470001,140.839996,119.416855,3000700
2016-07-15,141.649994,142.779999,141.059998,141.330002,119.832344,3748700
2016-07-18,141.759995,141.899994,139.619995,140.75,119.340553,4166300
2016-07-19,140.75,142.630005,139.320007,142.589996,120.900665,5326200
2016-07-20,143.470001,144.479996,142.809998,143.020004,121.265244,5489800
2016-07-21,142.710007,143.729996,142.130005,142.869995,121.138054,3475100
2016-07-22,143.690002,144.050003,142.919998,143.690002,121.833359,2697500
2016-07-25,143.550003,143.889999,141.410004,141.729996,120.171455,2725600
2016-07-26,141.940002,142.190002,141.020004,141.699997,120.146049,2668100
2016-07-27,141.169998,142.339996,139.910004,141.679993,120.129089,2684100
2016-07-28,141.360001,143.029999,141.190002,142.759995,121.044807,2517000
2016-07-29,141.850006,143.899994,141.600006,143.199997,121.417877,3269700
2016-08-01,143.419998,144.160004,143.039993,143.509995,121.680725,2494900
2016-08-02,143.809998,143.970001,142.339996,143.169998,121.392433,2679100
2016-08-03,143.330002,143.619995,142.429993,142.880005,121.146584,1963600
2016-08-04,143.100006,143.479996,142.259995,142.710007,121.002419,1890900
2016-08-05,143.330002,143.539993,142.399994,142.990005,121.23983,2000100
2016-08-08,142.610001,143.070007,141.860001,142.130005,120.510643,1846400
2016-08-09,142.550003,143.130005,141.679993,141.820007,120.247826,2140700
2016-08-10,141.869995,142.339996,140.929993,142.190002,120.561531,1866300
2016-08-11,142.240005,143.059998,141.440002,142.630005,120.934563,1857500
2016-08-12,142.160004,143.139999,141.5,142.880005,121.146584,1787900
2016-08-15,142.960007,143.110001,141.490005,141.619995,120.078224,2369600
2016-08-16,141.149994,141.619995,140.330002,141.080002,119.620392,1688500
2016-08-17,141.289993,141.910004,140.660004,141.710007,120.154549,1849100
2016-08-18,141.669998,142.839996,141.270004,142.169998,120.544586,1572700
2016-08-19,141.649994,142.25,141.220001,142.039993,120.434349,1950200
2016-08-22,142.110001,143.0,141.710007,142.089996,120.476738,1587900
2016-08-23,142.729996,142.869995,141.75,142.009995,120.408875,2295500
2016-08-24,142.0,142.080002,139.509995,139.869995,118.594383,2529800
2016-08-25,139.75,139.75,137.029999,137.300003,116.415337,3891000
2016-08-26,137.669998,138.300003,135.990005,136.619995,115.838768,3082400
2016-08-29,137.199997,138.039993,136.479996,137.270004,116.389908,2315900
2016-08-30,137.270004,137.690002,136.240005,136.869995,116.050743,2026600
2016-08-31,136.550003,136.820007,135.550003,136.050003,115.355469,2837300
2016-09-01,136.820007,136.979996,135.350006,135.740005,115.092651,2765400
2016-09-02,136.5,136.779999,135.759995,136.610001,115.830284,2390500
2016-09-06,136.619995,136.850006,135.630005,135.970001,115.287643,2242400
2016-09-07,135.0,135.960007,134.199997,134.990005,114.98526,2816300
2016-09-08,134.470001,135.619995,134.410004,135.440002,115.368584,2826700
2016-09-09,134.710007,135.149994,133.619995,133.619995,113.818268,3322300
2016-09-12,132.710007,135.720001,132.389999,135.529999,115.445206,3457400
2016-09-13,134.240005,135.149994,133.369995,133.949997,114.09938,3331500
2016-09-14,133.869995,134.690002,132.979996,133.690002,113.877907,4592400
2016-09-15,133.029999,136.089996,132.880005,135.610001,115.513359,3302900
2016-09-16,135.610001,138.550003,135.529999,138.470001,117.949509,7421900
2016-09-19,138.679993,139.389999,137.520004,137.679993,117.276596,3239500
2016-09-20,138.130005,138.529999,137.059998,137.470001,117.09771,2425700
2016-09-21,138.199997,139.960007,137.990005,139.910004,119.176109,3506600
2016-09-22,140.490005,141.410004,140.330002,141.039993,120.13868,3018300
2016-09-23,141.020004,141.779999,140.360001,140.509995,119.687225,2802000
2016-09-26,139.949997,140.169998,138.899994,139.720001,119.014282,2636500
2016-09-27,139.990005,140.839996,138.690002,140.789993,119.925735,3048600
2016-09-28,141.130005,141.710007,139.660004,140.410004,119.602051,1990400
2016-09-29,140.179993,140.279999,137.839996,138.320007,117.821777,2201000
2016-09-30,139.179993,140.479996,138.419998,140.0,119.2528,4164100
2016-10-03,139.350006,139.720001,138.029999,138.490005,117.966537,2724400
2016-10-04,138.690002,139.360001,137.160004,138.160004,117.68544,2452600
2016-10-05,138.210007,138.929993,136.600006,137.600006,117.208488,4625600
2016-10-06,137.309998,137.490005,135.660004,136.470001,116.245911,4025300
2016-10-07,137.210007,137.550003,135.979996,136.660004,116.407761,2568700
2016-10-10,136.970001,138.350006,136.970001,138.080002,117.617302,2586000
2016-10-11,137.320007,137.690002,134.369995,134.75,114.78083,3353600
2016-10-12,134.979996,135.720001,133.639999,135.100006,115.078934,4287900
2016-10-13,134.649994,134.649994,133.610001,134.190002,114.303795,3425700
2016-10-14,134.779999,135.509995,133.889999,133.919998,114.073814,3452900
2016-10-17,134.059998,134.429993,133.029999,134.130005,114.252693,3602500
2016-10-18,139.199997,143.949997,137.869995,143.389999,122.140419,10141900
2016-10-19,143.820007,146.360001,142.820007,144.369995,122.975159,5796000
2016-10-20,144.490005,145.880005,143.979996,145.070007,123.571518,5203700
2016-10-21,144.259995,145.440002,143.759995,145.369995,123.826958,3331800
2016-10-24,146.0,146.220001,144.020004,144.690002,123.247726,2930200
2016-10-25,144.880005,145.380005,143.600006,143.779999,122.472595,3095400
2016-10-26,143.75,143.779999,141.889999,142.229996,121.152321,3267600
2016-10-27,142.720001,143.25,141.580002,141.940002,120.905273,3358000
2016-10-28,141.660004,142.350006,139.440002,140.350006,119.550934,4033600
2016-10-31,140.800003,141.539993,139.970001,141.330002,120.385704,3761100
2016-11-01,141.509995,141.509995,138.820007,139.429993,118.767265,3391400
2016-11-02,139.020004,141.229996,138.929993,138.979996,118.383926,3149700
2016-11-03,139.179993,140.339996,137.649994,137.830002,117.404373,2989700
2016-11-04,138.449997,138.889999,137.690002,137.710007,117.302185,3520700
2016-11-07,139.600006,142.440002,139.550003,141.929993,120.896782,3896600
2016-11-08,141.350006,143.610001,141.0,142.899994,121.723015,4389300
2016-11-09,139.539993,144.190002,136.220001,141.899994,120.871254,8042400
2016-11-10,142.339996,146.570007,142.0,146.130005,124.474373,6075500
2016-11-11,146.710007,147.5,146.009995,146.419998,124.721413,4475400
2016-11-14,147.320007,152.919998,147.039993,152.279999,129.713013,5740400
2016-11-15,153.509995,153.960007,151.509995,152.229996,129.670334,4910700
2016-11-16,151.990005,153.0,151.229996,151.5,129.048538,3899000
2016-11-17,151.820007,151.919998,150.190002,150.770004,128.426727,4683000
2016-11-18,151.050003,151.660004,149.399994,149.449997,127.302368,5664800
2016-11-21,149.720001,150.660004,148.559998,150.410004,128.120071,3867800
2016-11-22,151.080002,152.929993,150.559998,152.259995,129.695953,4992100
2016-11-23,152.009995,153.740005,150.960007,153.539993,130.786224,2697200
2016-11-25,153.929993,154.5,152.610001,152.809998,130.164413,1664500
2016-11-28,152.740005,152.850006,150.0,152.110001,129.568161,5029600
2016-11-29,156.940002,158.119995,155.179993,157.589996,134.236038,5827400
2016-11-30,157.470001,159.759995,157.070007,158.320007,135.394836,7142400
2016-12-01,159.119995,161.720001,159.119995,160.940002,137.635483,5250200
2016-12-02,161.0,162.520004,160.559998,160.729996,137.455902,3480000
2016-12-05,160.190002,160.669998,156.229996,157.630005,134.804749,5854200
2016-12-06,158.169998,158.229996,156.259995,157.320007,134.539597,3216700
2016-12-07,157.889999,159.979996,156.350006,159.399994,136.318451,4552300
2016-12-08,159.410004,160.240005,158.0,159.320007,136.250031,3407500
2016-12-09,159.520004,160.160004,157.710007,160.119995,136.934189,4007200
2016-12-12,158.830002,159.660004,157.75,159.490005,136.395432,3471200
2016-12-13,160.399994,161.710007,160.070007,160.539993,137.29332,3868900
2016-12-14,161.139999,161.800003,158.720001,159.860001,136.711838,3885700
2016-12-15,159.869995,161.289993,159.429993,160.619995,137.361786,4422700
2016-12-16,161.380005,164.0,161.190002,163.940002,140.201019,7605300
2016-12-19,163.089996,163.940002,161.220001,161.539993,138.14859,4732600
2016-12-20,161.710007,163.110001,161.410004,161.589996,138.19133,3131200
2016-12-21,161.419998,162.289993,159.619995,161.330002,137.968994,2767700
2016-12-22,161.389999,161.880005,160.270004,161.580002,138.182739,2741700
2016-12-23,161.559998,163.039993,160.550003,163.029999,139.422836,2044400
2016-12-27,163.259995,163.960007,162.449997,162.639999,139.089279,1344000
2016-12-28,162.160004,163.25,161.320007,161.440002,138.063065,1669100
2016-12-29,161.919998,162.360001,160.389999,161.039993,137.720993,2476300
2016-12-30,161.369995,161.479996,159.850006,160.039993,136.865753,2855600
2017-01-03,161.130005,162.270004,159.149994,161.449997,138.071609,3539700
2017-01-04,162.350006,162.580002,159.740005,161.910004,138.464981,2695200
2017-01-05,161.75,162.630005,161.509995,162.179993,138.695862,2961100
2017-01-06,161.75,162.940002,161.110001,162.410004,138.892609,3081300
2017-01-09,162.0,162.429993,160.779999,161.949997,138.499207,3040800
2017-01-10,161.270004,162.979996,160.5,161.580002,138.182739,3500700
2017-01-11,161.300003,162.940002,160.610001,161.889999,138.447891,3330600
2017-01-12,161.690002,162.940002,160.889999,162.360001,138.849854,2555900
2017-01-13,162.160004,162.740005,161.410004,161.800003,138.370956,3183300
2017-01-17,162.610001,162.970001,157.509995,160.660004,137.395966,5475800
2017-01-18,161.059998,161.199997,156.089996,157.740005,134.898788,6591600
2017-01-19,157.740005,160.550003,157.240005,158.699997,135.719833,4976900
2017-01-20,159.020004,159.800003,157.809998,158.660004,135.685593,3579100
2017-01-23,158.619995,159.520004,156.559998,159.070007,136.03627,4062600
2017-01-24,159.360001,161.309998,159.100006,160.429993,137.19931,3514100
2017-01-25,160.820007,161.979996,160.350006,161.240005,137.892014,3605800
2017-01-26,161.860001,163.580002,161.25,162.75,139.183365,4202400
2017-01-27,163.5,163.800003,162.619995,162.990005,139.388641,3110400
2017-01-30,162.940002,163.460007,161.309998,162.089996,138.618912,2784600
2017-01-31,161.619995,162.190002,160.009995,162.100006,138.627457,3037000
2017-02-01,162.75,163.899994,162.029999,162.710007,139.149185,3718500
2017-02-02,162.520004,163.25,160.259995,160.759995,137.481491,4714000
2017-02-03,161.130005,162.0,160.210007,161.869995,138.430832,2762300
2017-02-06,161.509995,162.529999,160.220001,160.509995,137.267731,3479400
2017-02-07,161.050003,161.679993,159.539993,160.529999,137.284836,2942700
2017-02-08,160.0,160.630005,159.410004,160.309998,137.096725,2339700
2017-02-09,160.309998,161.300003,159.559998,160.440002,137.20787,3056800
2017-02-10,160.119995,161.589996,160.100006,160.75,137.472961,1905900
2017-02-13,160.690002,162.020004,160.690002,161.990005,138.533417,3275800
2017-02-14,161.449997,163.5,161.25,163.130005,139.508362,2969400
2017-02-15,162.580002,164.889999,162.580002,164.289993,140.500366,4537900
2017-02-16,164.779999,164.970001,162.330002,163.649994,139.953049,3191600
2017-02-17,159.0,160.160004,156.490005,157.619995,134.796219,12033600
2017-02-21,157.619995,160.820007,157.520004,160.570007,137.319046,5419000
2017-02-22,160.910004,161.779999,159.639999,160.570007,137.319046,2725300
2017-02-23,161.330002,162.600006,160.690002,162.600006,139.055054,2459600
2017-02-24,162.669998,163.089996,161.740005,163.059998,139.448471,2715700
2017-02-27,163.160004,165.460007,162.809998,165.380005,141.432602,4071800
2017-02-28,165.470001,166.759995,164.899994,165.380005,141.432602,4382100
2017-03-01,166.720001,168.600006,166.350006,167.940002,143.621841,3514200
2017-03-02,168.320007,168.429993,166.960007,167.309998,143.083054,1889800
2017-03-03,167.309998,168.449997,166.619995,168.199997,143.844208,2254400
2017-03-06,167.429993,169.350006,167.130005,168.699997,144.271835,2576500
2017-03-07,168.449997,169.360001,167.929993,168.300003,143.929733,2702300
2017-03-08,167.509995,168.460007,166.800003,167.910004,144.131393,2048200
2017-03-09,168.149994,169.070007,167.740005,168.009995,144.21727,3631400
2017-03-10,168.419998,170.0,168.059998,169.979996,145.908295,3716600
2017-03-13,169.990005,170.929993,169.550003,170.210007,146.105698,3130200
2017-03-14,169.660004,170.179993,168.5,169.059998,145.118561,2522600
2017-03-15,169.360001,171.970001,169.289993,171.779999,147.453369,2807600
2017-03-16,172.070007,172.139999,170.220001,171.300003,147.041382,3138600
2017-03-17,171.089996,171.539993,169.589996,169.699997,145.667984,5622900
2017-03-20,169.929993,170.240005,167.919998,168.0,144.208679,3928600
2017-03-21,168.669998,168.820007,167.059998,167.699997,143.951126,4953100
2017-03-22,168.130005,168.380005,165.630005,167.029999,143.376038,2999800
2017-03-23,166.229996,166.929993,164.770004,165.289993,141.882446,3947400
2017-03-24,166.130005,167.399994,164.350006,165.0,141.633591,5243900
2017-03-27,163.990005,165.110001,163.309998,164.600006,141.290161,4383000
2017-03-28,164.580002,166.070007,163.839996,165.350006,141.93396,7327100
2017-03-29,164.660004,164.970001,162.740005,163.440002,140.29451,5900400
2017-03-30,163.649994,165.929993,163.460007,164.990005,141.624985,2993800
2017-03-31,164.639999,165.100006,163.75,164.009995,140.783722,3496100
2017-04-03,164.619995,166.139999,164.25,165.589996,142.139999,3473700
2017-04-04,165.869995,166.449997,164.789993,164.970001,141.607773,2886000
2017-04-05,165.759995,167.259995,165.220001,165.369995,141.951126,3541600
2017-04-06,165.449997,166.020004,164.839996,165.339996,141.925385,2923600
2017-04-07,164.960007,166.5,164.619995,166.020004,142.509094,2927800
2017-04-10,166.190002,167.0,165.279999,165.479996,142.045517,3234900
2017-04-11,164.889999,165.839996,164.600006,165.830002,142.346008,3172900
2017-04-12,166.320007,166.419998,164.600006,165.559998,142.114227,2978700
2017-04-13,164.949997,165.649994,164.669998,164.960007,141.599182,1979800
2017-04-17,164.990005,167.419998,164.960007,167.179993,143.504776,4396700
2017-04-18,170.059998,170.229996,167.699997,168.589996,144.715134,5526200
2017-04-19,169.589996,171.190002,168.690002,169.25,145.281677,4703400
2017-04-20,169.520004,172.190002,168.369995,171.539993,147.24736,3652100
2017-04-21,172.130005,172.619995,170.470001,171.160004,146.921219,2982300
2017-04-24,172.660004,173.160004,171.699997,172.330002,147.925491,2830300
2017-04-25,173.5,174.740005,173.190002,174.039993,149.393326,3394700
2017-04-26,174.089996,175.649994,173.979996,174.380005,149.68515,2817500
2017-04-27,174.070007,176.070007,174.020004,174.630005,149.899826,2438600
2017-04-28,174.610001,175.0,173.910004,174.880005,150.114426,2010800
2017-05-01,175.0,176.139999,174.089996,174.589996,149.865448,2709700
2017-05-02,174.910004,175.369995,170.270004,174.139999,149.479172,4951000
2017-05-03,173.75,174.300003,171.860001,172.539993,148.105759,3622200
2017-05-04,173.050003,174.210007,172.380005,174.020004,149.376175,2585200
2017-05-05,174.539993,174.880005,173.309998,174.119995,149.461975,2189000
2017-05-08,173.929993,174.559998,173.570007,174.440002,149.73671,2505900
2017-05-09,174.100006,174.770004,172.729996,173.240005,148.70665,1653700
2017-05-10,173.039993,173.639999,172.460007,173.389999,148.835388,1568700
2017-05-11,172.759995,173.860001,171.669998,173.320007,148.775314,1901300
2017-05-12,172.639999,173.389999,171.520004,171.809998,147.479126,2335400
2017-05-15,171.789993,172.0,170.229996,171.529999,147.238785,2831400
2017-05-16,170.669998,171.0,167.25,168.119995,144.311707,4343700
2017-05-17,168.119995,170.389999,166.649994,168.860001,144.946945,4442300
2017-05-18,168.25,173.979996,167.869995,171.449997,147.170059,3908000
2017-05-19,172.300003,172.949997,170.25,172.589996,148.148682,3877300
2017-05-22,172.729996,174.899994,172.600006,174.699997,149.959869,3480300
2017-05-23,174.440002,175.520004,173.710007,175.220001,150.406265,2471500
2017-05-24,175.449997,176.100006,174.520004,175.589996,150.723801,1612300
2017-05-25,176.320007,178.729996,175.940002,178.050003,152.83548,3212200
2017-05-26,177.679993,178.889999,177.0,177.5,152.363358,1583600
2017-05-30,177.539993,178.080002,176.240005,176.589996,151.582214,2285700
2017-05-31,176.889999,176.899994,174.919998,175.179993,150.371902,3320400
2017-06-01,175.779999,179.580002,175.190002,179.580002,154.148804,2890600
2017-06-02,179.919998,179.919998,178.339996,179.389999,153.985672,2610100
2017-06-05,179.529999,180.320007,179.160004,179.369995,153.968506,2640600
2017-06-06,179.190002,181.059998,178.479996,180.820007,155.213196,3443900
2017-06-07,182.0,183.470001,179.649994,183.210007,157.264694,3783600
2017-06-08,183.210007,183.759995,180.979996,181.690002,155.959976,3079900
2017-06-09,181.839996,182.399994,180.860001,181.460007,155.762527,2392200
2017-06-12,181.460007,181.820007,176.419998,179.25,153.865494,3705600
2017-06-13,179.210007,181.389999,179.149994,181.050003,155.410599,2458500
2017-06-14,180.940002,182.839996,180.940002,182.360001,156.53511,2039300
2017-06-15,181.75,183.5,180.089996,180.380005,155.474915,3078700
2017-06-16,180.830002,182.460007,180.380005,181.630005,156.552368,4473300
2017-06-19,182.300003,183.020004,180.759995,183.020004,157.750443,3887100
2017-06-20,182.75,183.419998,182.220001,183.270004,157.965881,2742600
2017-06-21,183.490005,185.110001,182.710007,184.919998,159.388107,2866300
2017-06-22,184.899994,188.660004,184.779999,186.5,160.749924,3841300
2017-06-23,186.270004,186.270004,184.139999,185.25,159.672501,3438500
2017-06-26,185.130005,185.889999,183.389999,185.119995,159.560471,2327400
2017-06-27,185.720001,186.800003,184.220001,184.600006,159.112228,2682800
2017-06-28,185.679993,186.309998,185.089996,185.699997,160.060364,2451200
2017-06-29,185.820007,186.089996,184.330002,185.270004,159.689789,2193600
2017-06-30,185.149994,186.190002,184.929993,185.419998,159.819061,2392000
2017-07-03,186.289993,187.529999,185.740005,186.649994,160.879211,2087000
2017-07-05,186.139999,188.360001,185.720001,188.25,162.258331,2587400
2017-07-06,188.119995,188.190002,186.149994,186.940002,161.129196,1844700
2017-07-07,187.350006,188.429993,187.009995,187.960007,162.008347,2252500
2017-07-10,187.330002,188.0,186.149994,186.949997,161.137787,2612000
2017-07-11,187.0,187.660004,185.089996,185.949997,160.275879,2664500
2017-07-12,186.789993,187.300003,186.410004,186.690002,160.913666,3342800
2017-07-13,187.0,187.279999,185.320007,185.479996,159.870789,2379300
2017-07-14,185.809998,187.130005,184.770004,186.899994,161.094696,2716700
2017-07-17,187.070007,187.25,185.759995,186.350006,160.620651,2444600
2017-07-18,186.949997,187.199997,183.860001,186.850006,161.05162,4235800
2017-07-19,187.509995,189.410004,187.509995,189.190002,163.068497,3401600
2017-07-20,189.410004,191.919998,188.919998,191.5,165.059555,3099600
2017-07-21,191.380005,193.0,190.600006,191.779999,165.300888,4911500
2017-07-24,191.789993,192.169998,190.639999,190.889999,164.533768,2356500
2017-07-25,192.130005,192.479996,190.300003,190.399994,164.111465,1960100
2017-07-26,190.020004,191.529999,189.380005,190.75,164.413177,2683500
2017-07-27,190.240005,190.490005,188.460007,188.929993,162.844406,2631400
2017-07-28,189.110001,191.240005,187.600006,191.149994,164.757919,1925000
2017-07-31,191.589996,192.610001,191.139999,191.809998,165.326767,3767100
2017-08-01,193.399994,193.399994,191.619995,192.229996,165.688782,3336800
2017-08-02,192.139999,193.449997,192.139999,193.0,166.352463,2463800
2017-08-03,193.259995,194.960007,193.009995,194.770004,167.878128,2886100
2017-08-04,194.949997,196.039993,194.600006,194.880005,167.97287,2892300
2017-08-07,194.809998,195.410004,193.899994,194.779999,167.886749,2074800
2017-08-08,194.679993,194.990005,194.080002,194.899994,167.990128,1741000
2017-08-09,194.899994,195.360001,194.169998,194.830002,167.929794,2125900
2017-08-10,194.259995,194.389999,192.399994,192.570007,165.981857,2698600
2017-08-11,193.910004,194.539993,192.660004,193.020004,166.369705,2210700
2017-08-14,194.600006,194.75,192.899994,193.710007,166.964417,2322000
2017-08-15,194.470001,195.009995,193.809998,194.5,167.645325,1595200
2017-08-16,194.809998,195.270004,192.830002,193.770004,167.016159,1881600
2017-08-17,193.75,194.240005,192.660004,192.699997,166.093887,2440900
2017-08-18,192.839996,193.199997,190.630005,190.820007,164.47345,2858500
2017-08-21,190.880005,192.309998,190.880005,192.029999,165.516403,1930500
2017-08-22,192.149994,194.960007,191.559998,194.789993,167.895325,2021900
2017-08-23,194.5,194.589996,193.720001,194.240005,167.42128,1547000
2017-08-24,194.550003,195.070007,194.210007,194.75,167.860855,1923700
2017-08-25,195.330002,195.539993,194.139999,194.360001,167.524734,1375000
2017-08-28,194.589996,195.809998,194.360001,195.089996,168.153931,2009900
2017-08-29,194.830002,197.039993,194.330002,196.729996,169.567459,2072200
2017-08-30,196.380005,196.880005,195.199997,195.880005,168.834869,1506700
2017-08-31,196.929993,199.490005,196.389999,198.899994,171.437805,2990200
2017-09-01,199.789993,199.990005,198.360001,199.75,172.170486,2241800
2017-09-05,199.199997,200.440002,198.710007,199.309998,171.791275,2700800
2017-09-06,199.539993,199.990005,197.630005,198.380005,170.989685,3040200
2017-09-07,197.770004,199.479996,197.070007,198.169998,171.456818,2684600
2017-09-08,198.429993,198.860001,197.0,197.75,171.093491,2206000
2017-09-11,199.25,200.419998,198.779999,199.580002,172.676773,3307900
2017-09-12,199.440002,199.470001,196.910004,197.470001,170.851212,2554700
2017-09-13,197.800003,200.759995,197.779999,198.330002,171.595291,2394400
2017-09-14,197.949997,198.380005,197.089996,197.729996,171.076141,2378600
2017-09-15,198.520004,199.710007,197.199997,198.179993,171.465561,4198700
2017-09-18,198.169998,198.820007,197.509995,198.190002,171.474167,1915200
2017-09-19,198.440002,198.600006,192.389999,194.649994,168.411346,3819000
2017-09-20,195.020004,195.839996,194.059998,195.75,169.363068,2788500
2017-09-21,195.630005,196.130005,194.899994,195.210007,168.895844,1895000
2017-09-22,195.110001,195.869995,188.25,193.029999,167.009766,5660200
2017-09-25,193.270004,196.309998,190.919998,191.75,165.902313,3105900
2017-09-26,192.309998,194.360001,192.039993,192.699997,166.724197,2775400
2017-09-27,193.199997,195.619995,191.740005,194.490005,168.272934,3267200
2017-09-28,194.25,196.550003,193.509995,196.100006,169.665894,2088400
2017-09-29,195.820007,196.089996,194.479996,195.850006,169.449585,2646300
2017-10-02,196.589996,197.910004,196.330002,197.440002,170.825317,2893600
2017-10-03,197.5,199.440002,197.259995,198.630005,171.854874,2533800
2017-10-04,199.029999,200.729996,198.429993,200.479996,173.45546,2286400
2017-10-05,199.929993,199.929993,196.559998,197.899994,171.223251,4069000
2017-10-06,197.899994,199.990005,197.509995,198.059998,171.36171,3361900
2017-10-09,198.009995,198.320007,195.779999,196.300003,169.838928,3365400
2017-10-10,196.259995,196.429993,193.669998,194.679993,168.437317,2499100
2017-10-11,194.630005,196.070007,193.589996,195.259995,168.939148,2935600
2017-10-12,195.009995,195.360001,192.729996,192.919998,166.914551,2954700
2017-10-13,189.589996,192.710007,186.0,192.520004,166.568481,5435000
2017-10-16,192.479996,193.320007,191.360001,193.199997,167.156784,2927400
2017-10-17,196.800003,206.619995,196.369995,203.889999,176.405807,8949700
2017-10-18,203.800003,207.800003,203.679993,205.229996,177.565201,4796300
2017-10-19,205.470001,205.75,202.699997,203.25,175.852066,3471800
2017-10-20,204.259995,208.210007,203.690002,207.490005,179.520554,5138800
2017-10-23,207.580002,208.449997,205.800003,207.009995,179.105225,2261400
2017-10-24,206.380005,208.229996,205.880005,208.149994,180.091583,3459900
2017-10-25,208.320007,209.139999,207.070007,207.559998,179.581055,2908300
2017-10-26,207.919998,211.699997,207.580002,209.149994,180.956772,4346000
2017-10-27,209.149994,212.770004,208.550003,212.600006,183.941681,4385300
2017-10-30,212.210007,212.770004,209.380005,209.389999,181.164413,2477400
2017-10-31,209.389999,210.520004,207.800003,210.220001,181.882538,3749600
2017-11-01,211.619995,212.630005,208.919998,209.529999,181.285522,1902900
2017-11-02,210.110001,211.490005,209.009995,211.100006,182.643921,2825900
2017-11-03,210.720001,213.830002,210.100006,212.869995,184.175293,2196900
2017-11-06,211.910004,213.929993,211.800003,212.119995,183.526428,2293700
2017-11-07,212.740005,213.539993,210.889999,212.699997,184.028214,1845800
2017-11-08,212.080002,212.929993,210.699997,210.770004,182.358414,2261100
2017-11-09,210.589996,211.759995,209.130005,211.559998,183.04187,1839700
2017-11-10,211.460007,211.809998,210.199997,211.070007,182.617935,1384700
2017-11-13,210.309998,213.539993,209.940002,212.660004,183.993683,2662200
2017-11-14,212.210007,212.699997,210.919998,211.710007,183.171661,1993900
2017-11-15,210.880005,211.979996,209.619995,209.860001,181.571045,1816300
2017-11-16,210.380005,212.009995,209.899994,211.130005,182.669876,1919600
2017-11-17,210.460007,211.460007,209.149994,209.899994,181.605652,1887500
2017-11-20,210.0,210.679993,209.580002,210.25,181.908508,2040400
2017-11-21,211.130005,212.850006,210.75,212.600006,183.941681,2327200
2017-11-22,212.259995,212.809998,210.759995,211.220001,182.747726,2257800
2017-11-24,212.0,212.929993,211.0,212.509995,183.863831,744000
2017-11-27,212.25,214.25,211.809998,212.399994,183.768616,2856300
2017-11-28,213.880005,216.309998,212.509995,216.139999,187.004562,2905700
2017-11-29,217.699997,224.270004,217.360001,222.880005,192.835983,4247200
2017-11-30,223.830002,228.75,222.289993,228.169998,198.079453,6846400
2017-12-01,228.889999,229.220001,221.080002,226.779999,196.872772,3325800
2017-12-04,229.259995,231.770004,221.399994,221.419998,192.219635,5591500
2017-12-05,221.0,223.720001,219.160004,220.089996,191.065048,3246300
2017-12-06,221.020004,221.960007,219.029999,219.940002,190.934814,2397500
2017-12-07,220.589996,220.610001,218.190002,220.149994,191.117111,2661600
2017-12-08,220.550003,224.330002,220.220001,223.910004,194.381226,2233300
2017-12-11,222.509995,224.820007,222.039993,222.770004,193.391586,1599500
2017-12-12,221.399994,223.419998,221.259995,222.490005,193.148483,2294100
2017-12-13,221.740005,224.949997,221.229996,224.350006,194.763229,3059400
2017-12-14,225.0,226.970001,221.009995,221.25,192.071991,2811700
2017-12-15,223.75,223.75,220.630005,221.820007,192.566879,6293400
2017-12-18,222.600006,224.809998,222.190002,222.669998,193.304794,3194100
2017-12-19,222.990005,223.789993,220.850006,222.039993,192.757858,2340200
2017-12-20,223.110001,224.889999,221.729996,222.380005,193.052994,2633200
2017-12-21,223.119995,223.940002,221.369995,221.690002,192.45401,2955300
2017-12-22,222.0,222.350006,218.449997,220.0,190.986847,1959700
2017-12-26,219.089996,220.419998,219.089996,219.600006,190.639664,1482400
2017-12-27,219.979996,221.440002,219.25,220.419998,191.351517,1861900
2017-12-28,221.460007,222.789993,220.149994,222.770004,193.391586,1452600
2017-12-29,223.949997,223.949997,220.460007,220.460007,191.38623,2350200
2018-01-02,221.020004,222.449997,220.0,221.160004,191.993912,3485000
2018-01-03,221.619995,223.809998,220.520004,223.479996,194.00795,2417600
2018-01-04,224.339996,226.100006,224.169998,224.449997,194.850006,2749100
2018-01-05,225.190002,229.050003,224.720001,228.729996,198.565567,2432800
2018-01-08,228.130005,228.710007,224.610001,224.759995,195.119156,2850800
2018-01-09,224.759995,226.630005,223.300003,225.880005,196.091461,2672200
2018-01-10,224.830002,225.009995,223.029999,224.199997,194.633041,2311600
2018-01-11,224.179993,225.919998,223.699997,225.389999,195.666077,2543600
2018-01-12,227.449997,229.899994,226.520004,228.639999,198.487442,3943800
2018-01-16,233.369995,235.0,231.25,232.899994,202.185654,6852600
2018-01-17,234.669998,238.960007,233.850006,238.429993,206.986359,5124800
2018-01-18,239.259995,243.899994,238.550003,243.160004,211.09259,6234200
2018-01-19,244.179993,244.350006,241.070007,243.350006,211.257492,4293600
2018-01-22,243.589996,243.800003,241.360001,243.559998,211.439896,4012200
2018-01-23,242.990005,246.979996,242.410004,245.210007,212.872238,3300000
2018-01-24,246.009995,247.309998,243.710007,244.850006,212.559753,2733300
2018-01-25,244.75,246.190002,243.899994,245.179993,212.846191,2420500
2018-01-26,245.0,248.740005,244.460007,248.470001,215.702316,2615300
2018-01-29,249.279999,250.789993,247.399994,247.410004,214.78212,2564700
2018-01-30,232.880005,242.740005,232.100006,236.649994,205.441101,11565500
2018-01-31,242.839996,247.0,235.759995,236.779999,205.554001,5187400
2018-02-01,235.259995,237.820007,233.830002,235.220001,204.199661,4268300
2018-02-02,233.0,236.300003,231.190002,231.880005,201.30014,3959900
2018-02-05,230.789993,233.110001,208.479996,220.020004,191.004257,6290000
2018-02-06,212.199997,226.509995,210.210007,225.179993,195.483749,7064800
2018-02-07,222.330002,229.289993,221.509995,225.820007,196.039368,5589200
2018-02-08,225.330002,226.630005,216.259995,216.460007,187.913712,4902400
2018-02-09,218.0,223.279999,212.009995,220.960007,191.820251,6225300
2018-02-12,222.440002,228.0,222.149994,225.690002,195.926483,4912000
2018-02-13,223.149994,227.119995,222.389999,226.639999,196.75119,3536800
2018-02-14,224.949997,229.339996,223.919998,228.779999,198.608994,2878400
2018-02-15,229.270004,230.0,221.740005,226.020004,196.212967,4662700
2018-02-16,225.990005,230.550003,225.699997,229.369995,199.12117,3621700
2018-02-20,227.910004,228.75,225.610001,226.660004,196.7686,3172300
2018-02-21,226.149994,229.350006,225.110001,225.130005,195.440369,3371900
2018-02-22,226.300003,229.839996,225.080002,227.089996,197.141876,2767900
2018-02-23,227.899994,230.320007,225.910004,230.160004,199.806976,2393900
2018-02-26,231.639999,234.509995,229.699997,234.059998,203.192673,3307000
2018-02-27,234.399994,235.889999,232.440002,232.520004,201.855774,2899500
2018-02-28,234.419998,234.75,226.089996,226.160004,196.334503,4368600
2018-03-01,225.699997,229.289993,222.740005,224.449997,194.850006,3514600
2018-03-02,223.210007,225.820007,222.589996,225.190002,195.492447,2613600
2018-03-05,223.369995,229.429993,222.789993,228.380005,198.26178,2627300
2018-03-06,228.919998,229.149994,223.889999,226.179993,196.351898,2652800
2018-03-07,224.350006,227.820007,223.75,227.270004,197.298141,3242200
2018-03-08,227.929993,227.990005,223.919998,224.729996,195.739044,3500900
2018-03-09,226.110001,226.520004,222.5,225.429993,196.348816,4834600
2018-03-12,226.210007,227.0,222.770004,222.770004,194.031906,3117300
2018-03-13,223.529999,228.059998,223.160004,226.940002,197.663925,3343800
2018-03-14,227.130005,229.389999,225.020004,225.380005,196.305191,3048200
2018-03-15,225.830002,230.759995,225.660004,229.479996,199.876236,3330200
2018-03-16,229.660004,231.270004,227.75,227.860001,198.465256,5690300
2018-03-19,227.309998,227.970001,223.679993,225.050003,196.017776,3407300
2018-03-20,225.160004,227.600006,223.880005,226.779999,197.524567,3429100
2018-03-21,226.449997,227.440002,222.820007,222.820007,194.07547,3419800
2018-03-22,221.649994,221.660004,215.100006,215.210007,187.447189,5894800
2018-03-23,215.75,217.729996,212.5,212.550003,185.13031,5741200
2018-03-26,215.190002,219.410004,214.699997,219.070007,190.809158,3561300
2018-03-27,220.320007,221.949997,216.410004,217.960007,189.842407,3722100
2018-03-28,218.889999,219.910004,217.039993,218.5,190.312759,3179500
2018-03-29,219.380005,223.350006,214.0,214.0,186.39325,5529400
2018-04-02,218.460007,222.990005,214.630005,217.199997,189.180435,6220700
2018-04-03,220.339996,225.100006,219.690002,224.580002,195.608353,4652000
2018-04-04,220.690002,229.479996,220.419998,228.789993,199.275269,4674000
2018-04-05,229.460007,231.580002,226.800003,229.070007,199.51915,3348100
2018-04-06,226.649994,228.190002,221.820007,223.960007,195.06839,3231700
2018-04-09,225.580002,226.130005,222.360001,222.729996,193.997025,3031500
2018-04-10,225.399994,228.160004,223.490005,226.789993,197.533279,2737500
2018-04-11,224.270004,225.389999,221.690002,221.899994,193.274124,3482100
2018-04-12,224.039993,225.75,223.410004,224.240005,195.312256,2664500
2018-04-13,225.100006,226.130005,223.080002,224.279999,195.347061,2496600
2018-04-16,227.110001,231.850006,226.350006,230.320007,200.607925,4510600
2018-04-17,239.309998,241.669998,236.080002,238.550003,207.776184,6180300
2018-04-18,239.0,239.740005,236.300003,236.399994,205.90361,2940100
2018-04-19,236.199997,238.270004,234.800003,235.759995,205.3461,2734900
2018-04-20,236.050003,237.100006,233.5,235.059998,204.736465,2842000
2018-04-23,235.289993,236.210007,233.080002,234.339996,204.109314,3051700
2018-04-24,235.949997,237.320007,232.559998,234.220001,204.004761,2771200
2018-04-25,233.449997,235.100006,230.440002,234.899994,204.597122,3118800
2018-04-26,235.729996,237.839996,234.330002,237.029999,206.452301,2252800
2018-04-27,237.630005,240.539993,237.149994,240.179993,209.195923,2301800
2018-04-30,241.0,241.0,236.399994,236.399994,205.90361,3446900
2018-05-01,237.0,237.490005,234.360001,236.850006,206.295517,2633500
2018-05-02,235.380005,236.210007,232.860001,233.460007,203.342865,3542700
2018-05-03,231.970001,234.800003,229.309998,234.149994,203.943817,2731600
2018-05-04,233.100006,236.649994,232.160004,235.899994,205.468079,1999900
2018-05-07,235.880005,236.990005,232.630005,233.779999,203.621567,3237800
2018-05-08,233.720001,233.720001,230.649994,232.029999,202.097275,2698300
2018-05-09,233.050003,233.419998,228.229996,229.210007,199.641098,3504200
2018-05-10,230.149994,234.289993,229.360001,233.710007,203.560608,2169000
2018-05-11,233.580002,238.800003,232.949997,238.279999,207.540985,3044900
2018-05-14,238.899994,243.669998,238.820007,242.899994,211.565033,3893600
2018-05-15,241.860001,242.220001,238.669998,239.5,208.603622,2396600
2018-05-16,239.649994,241.809998,238.570007,241.720001,210.537231,1906100
2018-05-17,241.490005,243.559998,240.539993,242.960007,211.617325,2418700
2018-05-18,243.369995,244.759995,242.389999,244.639999,213.080597,2283600
2018-05-21,245.0,249.169998,244.839996,247.899994,215.920044,3040700
2018-05-22,248.0,248.050003,243.839996,245.179993,213.550919,2644100
2018-05-23,244.029999,245.5,241.639999,244.259995,212.749573,3047800
2018-05-24,244.570007,245.440002,242.199997,242.729996,211.416946,2610400
2018-05-25,242.949997,245.580002,242.440002,244.949997,213.35054,1554900
2018-05-29,243.860001,243.860001,240.240005,242.169998,210.929184,2837800
2018-05-30,243.740005,245.75,242.630005,244.940002,213.341858,2071900
2018-05-31,244.210007,244.75,240.679993,241.509995,210.35434,2966100
2018-06-01,243.740005,243.740005,241.289993,243.350006,211.956985,2371400
2018-06-04,244.0,245.240005,242.740005,244.630005,213.071869,2188900
2018-06-05,245.089996,245.110001,241.910004,244.429993,212.897675,1531900
2018-06-06,246.320007,248.720001,245.130005,248.649994,216.573242,2650300
2018-06-07,249.759995,250.0,248.25,248.979996,216.860703,2117200
2018-06-08,249.460007,251.5,248.070007,250.679993,218.34137,3034600
2018-06-11,250.839996,254.990005,250.399994,253.779999,221.041519,2775200
2018-06-12,253.199997,253.940002,250.169998,253.580002,220.867264,2567200
2018-06-13,254.139999,256.730011,252.479996,252.869995,220.248856,3138300
2018-06-14,254.470001,255.990005,253.660004,255.330002,222.391525,2456600
2018-06-15,254.270004,255.979996,252.559998,255.979996,223.746353,4772200
2018-06-18,254.0,255.009995,252.139999,254.869995,222.776093,1961900
2018-06-19,252.970001,253.300003,251.160004,253.020004,221.159073,2370200
2018-06-20,253.320007,253.729996,251.880005,252.809998,220.975494,2580400
2018-06-21,252.949997,253.649994,250.919998,251.889999,220.171341,2150300
2018-06-22,252.240005,255.110001,251.190002,254.369995,222.339066,2604000
2018-06-25,254.360001,255.130005,248.610001,250.710007,219.139999,3060800
2018-06-26,250.559998,252.470001,249.539993,249.770004,218.318329,2158000
2018-06-27,250.289993,251.759995,248.130005,248.169998,216.9198,2481000
2018-06-28,247.130005,248.0,242.229996,244.899994,214.061539,3556900
2018-06-29,244.899994,247.5,244.600006,245.339996,214.446152,2772600
2018-07-02,245.0,247.729996,244.119995,247.479996,216.316681,1793300
2018-07-03,248.300003,248.75,246.740005,246.979996,215.879654,1248000
2018-07-05,249.110001,250.929993,247.580002,250.5,218.956421,2182900
2018-07-06,251.009995,251.729996,249.419998,250.759995,219.183655,1572300
2018-07-09,252.130005,254.009995,251.050003,253.669998,221.727264,2039600
2018-07-10,254.179993,256.899994,253.75,255.539993,223.361725,2012200
2018-07-11,255.139999,256.0,253.740005,254.589996,222.531372,1486000
2018-07-12,256.179993,256.820007,254.919998,256.049988,223.807556,1592700
2018-07-13,256.390015,259.01001,256.019989,258.700012,226.12384,2356200
2018-07-16,258.290009,258.450012,256.440002,256.980011,224.620453,3625400
2018-07-17,251.550003,252.520004,246.270004,250.289993,218.772812,6932300
2018-07-18,251.110001,256.609985,250.440002,255.419998,223.256866,3359800
2018-07-19,255.320007,256.5,251.850006,252.929993,221.080414,2307600
2018-07-20,251.169998,253.550003,251.169998,252.699997,220.879349,1959600
2018-07-23,252.910004,255.229996,252.429993,252.740005,220.914337,1479600
2018-07-24,254.860001,254.960007,252.009995,253.759995,221.805923,2476500
2018-07-25,254.809998,255.270004,252.770004,254.860001,222.767349,3016900
2018-07-26,256.25,257.869995,255.800003,257.0,224.637955,2021300
2018-07-27,257.790009,257.790009,255.389999,255.949997,223.720108,1656800
2018-07-30,255.910004,256.890015,253.110001,253.839996,221.875824,1681500
2018-07-31,254.139999,255.199997,252.850006,253.220001,221.333908,2355900
2018-08-01,256.100006,256.100006,252.809998,253.369995,221.465027,3006700
2018-08-02,253.5,256.299988,252.229996,256.079987,223.833755,1854400
2018-08-03,256.450012,257.559998,254.300003,257.220001,224.830185,1422300
2018-08-06,256.5,257.540009,255.470001,256.76001,224.428101,1398100
2018-08-07,257.640015,258.839996,257.130005,257.649994,225.20607,1462800
2018-08-08,258.109985,259.5,257.920013,258.809998,226.219955,1494300
2018-08-09,259.910004,263.019989,259.309998,261.589996,228.649902,2315000
2018-08-10,260.48999,261.5,259.109985,260.359985,227.574768,1625000
2018-08-13,261.0,262.549988,260.299988,260.910004,228.055573,1635100
2018-08-14,260.890015,264.299988,260.850006,263.480011,230.301895,1941600
2018-08-15,261.980011,262.690002,259.190002,260.609985,227.79332,2017700
2018-08-16,261.570007,263.75,261.450012,263.100006,229.969788,2115900
2018-08-17,263.549988,264.130005,261.720001,262.329987,229.296722,1969700
2018-08-20,263.0,263.48999,261.570007,262.399994,229.357925,1786200
2018-08-21,261.850006,262.519989,260.730011,261.690002,228.73735,1559300
2018-08-22,261.950012,261.950012,260.25,260.73999,227.906937,2148500
2018-08-23,261.019989,262.559998,259.559998,261.420013,228.501389,1603500
2018-08-24,261.75,264.779999,261.75,264.279999,231.001205,2238600
2018-08-27,265.0,267.450012,264.420013,267.079987,233.448654,2614000
2018-08-28,268.540009,269.140015,267.329987,268.51001,234.698532,2603900
2018-08-29,268.390015,269.320007,267.25,269.0,235.126846,2880600
2018-08-30,269.459991,270.170013,268.109985,268.390015,234.593689,2976300
2018-08-31,268.279999,269.209991,267.200012,268.459991,234.654831,2961500
2018-09-04,268.0,269.410004,266.570007,268.51001,234.698532,2097300
2018-09-05,268.559998,268.799988,266.929993,267.640015,233.93811,2230600
2018-09-06,267.600006,270.019989,266.940002,269.649994,236.490265,2556100
2018-09-07,269.640015,271.160004,267.51001,268.279999,235.288666,2958000
2018-09-10,266.779999,266.799988,258.75,259.730011,227.790115,4146200
2018-09-11,257.920013,261.420013,257.480011,261.040009,228.939072,2283300
2018-09-12,261.119995,264.48999,260.850006,262.670013,230.368576,2236300
2018-09-13,264.160004,265.690002,263.420013,265.48999,232.841797,2734500
2018-09-14,265.399994,266.649994,263.279999,265.309998,232.683899,2084600
2018-09-17,266.5,266.660004,263.410004,263.869995,231.42099,1940400
2018-09-18,262.929993,264.089996,262.0,263.290009,230.912292,3557000
2018-09-19,264.470001,265.609985,263.160004,265.329987,232.701447,2274300
2018-09-20,266.079987,267.940002,266.059998,266.390015,233.631165,2095000
2018-09-21,266.100006,267.839996,265.850006,266.670013,233.876709,5671600
2018-09-24,267.01001,269.529999,266.670013,267.359985,234.481842,2699800
2018-09-25,267.299988,267.329987,263.029999,263.51001,231.105286,3789700
2018-09-26,264.5,265.48999,262.450012,262.910004,230.579102,2238000
2018-09-27,263.0,265.410004,262.929993,264.649994,232.105087,2761400
2018-09-28,264.380005,266.190002,263.850006,266.040009,233.324158,2875100
2018-10-01,267.25,270.019989,267.019989,269.100006,236.007935,3314500
2018-10-02,269.0,271.440002,267.5,270.630005,237.349762,2777300
2018-10-03,272.0,272.070007,269.769989,270.899994,237.586502,3002200
2018-10-04,271.0,271.619995,267.309998,268.320007,235.323761,2186600
2018-10-05,268.649994,271.0,267.950012,269.200012,236.095581,2045700
2018-10-08,268.839996,269.649994,265.649994,269.01001,235.92894,1865000
2018-10-09,269.190002,271.959991,268.470001,270.109985,236.893646,2510100
2018-10-10,270.600006,271.420013,262.519989,263.079987,230.728104,4267300
2018-10-11,262.0,264.399994,255.779999,257.119995,225.501114,4558500
2018-10-12,259.700012,261.390015,256.859985,259.609985,227.684906,4006300
2018-10-15,260.130005,262.440002,259.309998,260.25,228.24617,3583400
2018-10-16,269.690002,272.809998,265.0,272.570007,239.051147,6453600
2018-10-17,270.190002,271.0,265.630005,267.299988,234.429169,3985100
2018-10-18,267.350006,267.880005,263.709991,266.809998,233.999512,3132100
2018-10-19,266.619995,267.980011,263.890015,265.299988,232.675156,3336600
2018-10-22,266.75,266.829987,260.059998,262.190002,229.947601,2618100
2018-10-23,259.720001,265.519989,259.200012,264.859985,232.289276,4081800
2018-10-24,264.01001,265.329987,255.929993,256.320007,224.799454,5265600
2018-10-25,258.160004,265.179993,253.369995,264.23999,231.745514,4675600
2018-10-26,261.5,262.399994,257.019989,258.179993,226.430725,4830600
2018-10-29,259.720001,262.040009,253.320007,256.519989,224.974899,3697700
2018-10-30,256.690002,259.690002,253.979996,258.279999,226.518448,4169200
2018-10-31,260.869995,264.070007,260.220001,261.350006,229.210892,4230200
2018-11-01,262.920013,264.679993,259.76001,260.929993,228.842575,2771300
2018-11-02,264.609985,266.380005,259.559998,261.01001,228.912704,2593600
2018-11-05,262.149994,263.0,260.070007,261.01001,228.912704,3287000
2018-11-06,260.700012,264.01001,260.700012,263.540009,231.131607,2582400
2018-11-07,266.899994,276.75,266.899994,274.630005,240.857788,5796800
2018-11-08,276.0,278.0,274.700012,276.649994,242.629395,3809100
2018-11-09,276.859985,278.0,274.190002,276.549988,242.541687,2904300
2018-11-12,276.0,277.790009,272.0,272.380005,238.884583,3140600
2018-11-13,272.579987,273.600006,268.140015,269.220001,236.113068,2516900
2018-11-14,269.290009,270.519989,263.350006,264.959991,232.376968,3511900
2018-11-15,264.0,265.920013,260.850006,264.940002,232.359467,3657600
2018-11-16,264.98999,271.799988,264.920013,271.109985,237.770691,3857800
2018-11-19,271.480011,272.269989,264.179993,266.049988,233.332947,3670800
2018-11-20,265.619995,266.779999,260.399994,261.5,229.342514,3617700
2018-11-21,262.589996,264.630005,260.450012,260.549988,228.509232,3234300
2018-11-23,260.0,262.940002,258.279999,261.619995,229.447708,1159300
2018-11-26,264.619995,268.299988,263.5,266.160004,233.429382,3879800
2018-11-27,265.570007,271.299988,265.029999,271.149994,237.80571,3497300
2018-11-28,272.820007,282.399994,272.820007,280.950012,246.40062,5044300
2018-11-29,280.429993,285.450012,280.309998,282.549988,247.803818,4177800
2018-11-30,282.98999,283.640015,279.070007,281.359985,247.548691,6143200
2018-12-03,283.0,286.529999,282.709991,286.329987,251.921463,4178800
2018-12-04,286.149994,287.940002,276.910004,278.549988,245.076385,4635500
2018-12-06,273.019989,276.940002,265.25,276.850006,243.580719,6694600
2018-12-07,273.76001,276.420013,267.279999,269.179993,236.832352,3506900
2018-12-10,268.589996,269.0,260.230011,266.529999,234.500824,4061300
2018-12-11,269.579987,271.529999,265.670013,267.220001,235.10791,3102800
2018-12-12,271.950012,274.559998,270.48999,270.640015,238.116959,3167900
2018-12-13,270.859985,273.320007,269.619995,272.149994,239.445496,2350400
2018-12-14,270.359985,270.570007,263.709991,265.019989,233.172272,3360500
2018-12-17,261.040009,262.75,256.730011,258.070007,227.05751,5806800
2018-12-18,259.700012,259.98999,248.199997,252.970001,222.570389,5065500
2018-12-19,252.369995,256.559998,247.589996,250.309998,220.229996,5468500
2018-12-20,248.5,249.009995,240.050003,242.440002,213.305771,7311700
2018-12-21,240.729996,247.5,237.449997,238.339996,209.698456,12209700
2018-12-24,236.240005,237.899994,232.559998,232.940002,204.947418,3091000
2018-12-26,232.699997,243.369995,231.809998,243.350006,214.106384,4159300
2018-12-27,239.100006,245.970001,235.240005,245.970001,216.411545,4295800
2018-12-28,246.710007,249.789993,244.809998,246.240005,216.649139,3312700
2018-12-31,248.059998,250.279999,246.940002,249.119995,219.18306,3123200
2019-01-02,245.0,246.350006,241.470001,243.490005,214.229584,4063600
2019-01-03,243.479996,243.479996,236.130005,236.850006,208.387527,4623200
2019-01-04,239.800003,243.460007,238.800003,239.619995,210.824646,5367600
2019-01-07,240.399994,241.979996,238.229996,240.080002,211.229401,4133000
2019-01-08,242.330002,244.789993,239.710007,243.289993,214.053619,3618600
2019-01-09,244.759995,246.630005,242.059998,243.639999,214.361588,3425400
2019-01-10,242.080002,245.139999,241.410004,244.869995,215.44371,3374100
2019-01-11,243.449997,247.759995,243.270004,247.669998,217.907288,3967100
2019-01-14,246.589996,249.919998,246.110001,248.059998,218.250427,4955500
2019-01-15,250.0,256.920013,247.0,256.869995,226.001694,5325600
2019-01-16,258.730011,262.190002,258.170013,261.459991,230.040131,6069400
2019-01-17,260.98999,261.73999,257.890015,259.769989,228.553207,3583600
2019-01-18,262.600006,266.26001,260.420013,265.5,233.59465,4844800
2019-01-22,264.059998,267.5,263.73999,265.690002,233.76181,4052700
2019-01-23,267.75,269.470001,263.670013,267.019989,234.932022,2971100
2019-01-24,266.799988,268.160004,264.26001,266.130005,234.148956,2927300
2019-01-25,268.799988,270.410004,265.700012,268.049988,235.838242,2809100
2019-01-28,266.899994,266.929993,264.609985,266.769989,234.712021,2837300
2019-01-29,266.0,268.450012,265.440002,267.339996,235.213501,2173000
2019-01-30,269.690002,272.440002,267.190002,270.369995,237.87941,3659000
2019-01-31,270.480011,271.73999,268.98999,270.200012,237.729858,4055100
2019-02-01,268.470001,269.390015,266.029999,268.720001,236.427689,3946800
2019-02-04,268.309998,268.690002,264.269989,268.209991,235.978958,3398900
2019-02-05,270.119995,272.089996,265.839996,266.309998,234.307343,3597000
2019-02-06,265.140015,269.929993,264.980011,269.5,237.113937,2570000
2019-02-07,268.640015,270.579987,267.26001,269.0,236.674026,2458200
2019-02-08,267.5,268.700012,260.320007,261.899994,230.427261,4547000
2019-02-11,261.170013,261.179993,256.339996,257.140015,226.239288,4856200
2019-02-12,259.220001,264.0,256.920013,263.5,231.83493,4327900
2019-02-13,263.519989,266.290009,263.149994,263.799988,232.098923,3066400
2019-02-14,263.23999,267.070007,262.709991,265.329987,233.445038,3015300
2019-02-15,267.790009,271.130005,266.619995,271.130005,238.548096,3673700
2019-02-19,271.170013,272.48999,269.279999,270.410004,237.914566,2486700
2019-02-20,269.209991,270.589996,268.179993,269.51001,237.122757,2802800
2019-02-21,269.470001,269.940002,265.100006,266.399994,234.386398,2554300
2019-02-22,266.5,268.390015,265.950012,267.109985,235.011185,3191100
2019-02-25,267.579987,268.170013,264.380005,264.600006,232.802795,3679100
2019-02-26,264.660004,265.429993,262.799988,262.980011,231.377441,3212900
2019-02-27,261.609985,261.609985,248.940002,250.080002,220.027649,8952900
2019-02-28,249.699997,251.949997,239.149994,242.220001,213.112228,11034300
2019-03-01,243.559998,248.0,243.559998,246.149994,216.569977,6921300
2019-03-04,248.119995,248.449997,234.509995,236.020004,207.657303,8646300
2019-03-05,236.529999,243.199997,234.940002,241.429993,212.41716,6924500
2019-03-06,241.740005,241.740005,237.029999,239.070007,210.340775,4878700
2019-03-07,240.300003,241.179993,235.550003,236.699997,208.255539,5033500
2019-03-08,235.149994,239.410004,234.639999,237.289993,209.571487,4921700
2019-03-11,239.210007,244.020004,236.419998,243.149994,214.747009,4539600
2019-03-12,244.949997,247.479996,243.740005,245.880005,217.158051,4235800
2019-03-13,247.960007,252.759995,247.080002,252.25,222.783966,4881600
2019-03-14,253.0,255.059998,252.339996,253.270004,223.68486,3865200
2019-03-15,254.339996,254.740005,249.940002,251.399994,222.033264,6466200
2019-03-18,252.660004,255.309998,250.419998,255.0,225.212753,3927400
2019-03-19,255.949997,259.25,255.139999,257.130005,227.093994,4164800
2019-03-20,257.429993,257.690002,249.970001,250.5,221.238419,4193500
2019-03-21,249.190002,252.960007,248.660004,252.020004,222.580872,2699700
2019-03-22,250.570007,251.199997,246.990005,247.089996,218.226761,3777900
2019-03-25,247.419998,247.419998,240.779999,246.860001,218.023651,4110900
2019-03-26,247.259995,247.889999,241.720001,243.389999,214.958984,4416200
2019-03-27,242.940002,245.679993,238.160004,241.710007,213.475189,4819200
2019-03-28,242.589996,242.850006,238.889999,242.229996,213.934433,3601500
2019-03-29,244.289993,247.759995,241.869995,247.259995,218.376877,4294200
2019-04-01,249.710007,250.199997,243.059998,245.539993,216.857758,4809500
2019-04-02,245.509995,246.399994,242.800003,244.410004,215.859818,4057100
2019-04-03,246.309998,247.539993,244.589996,245.839996,217.122787,2851400
2019-04-04,245.479996,249.110001,244.639999,247.389999,218.49173,2255500
2019-04-05,248.949997,249.309998,245.169998,248.779999,219.719284,3343000
2019-04-08,249.679993,249.679993,246.309998,248.75,219.692871,2195400
2019-04-09,247.570007,249.940002,245.949997,248.789993,219.728149,2903800
2019-04-10,248.779999,249.869995,245.520004,246.029999,217.290558,2753700
2019-04-11,246.050003,246.919998,232.679993,235.419998,207.919937,8223400
2019-04-12,236.5,236.779999,220.770004,223.220001,197.145065,13979400
2019-04-15,225.770004,230.970001,224.410004,230.199997,203.309662,10021800
2019-04-16,238.009995,238.009995,215.820007,220.960007,195.149109,27361400
2019-04-17,223.789993,224.240005,208.070007,216.839996,191.510345,22101400
2019-04-18,217.139999,223.0,214.210007,221.75,195.846771,13927200
2019-04-22,224.0,227.559998,221.5,227.110001,200.580627,11191800
2019-04-23,228.25,231.940002,226.100006,230.580002,203.645325,10261400
2019-04-24,230.089996,231.630005,227.75,230.350006,203.4422,6104100
2019-04-25,228.529999,232.119995,228.130005,230.789993,203.830795,5954500
2019-04-26,232.139999,237.110001,231.190002,237.0,209.315399,6186200
2019-04-29,237.399994,238.059998,234.160004,237.449997,209.712814,5345300
2019-04-30,238.080002,238.080002,230.190002,233.070007,205.844482,7632300
2019-05-01,233.070007,234.619995,230.350006,231.949997,204.855301,4823200
2019-05-02,230.899994,233.339996,228.080002,232.449997,205.296844,5499200
2019-05-03,232.839996,233.899994,227.179993,231.949997,204.855301,4323100
2019-05-06,228.169998,240.570007,227.5,240.5,212.406509,7180200
2019-05-07,239.190002,243.149994,236.399994,238.050003,210.242737,5104700
2019-05-08,238.0,240.809998,235.529999,239.149994,211.214249,3768400
2019-05-09,236.600006,240.539993,235.669998,237.970001,210.172119,4299500
2019-05-10,239.970001,242.619995,236.369995,240.589996,212.486008,4374400
2019-05-13,236.449997,240.100006,236.199997,239.550003,211.567535,4684400
2019-05-14,240.639999,240.990005,236.279999,236.429993,208.811935,5329700
2019-05-15,235.0,237.529999,232.619995,236.080002,208.502869,5099700
2019-05-16,235.889999,240.449997,235.720001,236.789993,209.129898,4456400
2019-05-17,236.169998,242.440002,235.649994,241.380005,213.183731,4486400
2019-05-20,240.0,246.740005,239.770004,245.990005,217.255264,5390800
2019-05-21,247.009995,251.179993,246.800003,249.940002,220.74382,5345300
2019-05-22,249.100006,251.029999,248.710007,249.339996,220.213959,4038000
2019-05-23,247.979996,248.149994,244.389999,246.5,217.705673,3934600
2019-05-24,247.25,249.360001,245.509995,247.630005,218.703659,2973900
2019-05-28,248.5,249.300003,241.979996,242.059998,213.784317,6172700
2019-05-29,239.850006,243.029999,237.899994,242.399994,214.084625,3958400
2019-05-30,241.919998,245.350006,241.339996,243.5,215.056107,2646600
2019-05-31,241.949997,243.619995,239.479996,241.800003,213.554657,3285700
2019-06-03,241.490005,243.800003,236.020004,236.559998,208.926727,4999400
2019-06-04,238.130005,241.050003,234.830002,240.759995,212.636139,4992000
2019-06-05,243.169998,245.789993,241.229996,242.770004,214.411392,3194400
2019-06-06,243.130005,243.940002,241.729996,241.820007,213.572372,2630100
2019-06-07,242.899994,247.070007,242.190002,246.770004,217.944122,2837400
2019-06-10,247.080002,249.669998,245.990005,248.139999,219.154053,2331000
2019-06-11,248.520004,250.690002,245.729996,245.869995,217.149307,3043000
2019-06-12,246.199997,246.5,242.300003,244.5,215.939316,3251800
2019-06-13,244.820007,245.339996,243.119995,244.960007,216.345566,3107800
2019-06-14,244.720001,246.100006,242.789993,245.369995,217.667297,2165500
2019-06-17,246.0,247.100006,245.220001,245.970001,218.199631,2270300
2019-06-18,247.5,249.339996,245.149994,245.699997,217.960083,3482500
2019-06-19,246.0,251.369995,245.509995,250.190002,221.943146,4204600
2019-06-20,251.600006,252.820007,247.399994,247.759995,219.787491,3800800
2019-06-21,248.779999,253.490005,246.899994,252.279999,223.797195,6323500
2019-06-24,251.330002,252.630005,247.860001,249.639999,221.455261,3163800
2019-06-25,249.300003,251.039993,247.419998,247.660004,219.698792,3182700
2019-06-26,248.0,248.080002,243.130005,243.470001,215.981873,3852900
2019-06-27,244.259995,248.149994,243.160004,246.339996,218.527832,3366200
2019-06-28,246.5,246.75,238.649994,244.009995,216.460846,6727600
2019-07-01,245.949997,246.169998,240.720001,242.639999,215.24559,4102700
2019-07-02,242.589996,243.990005,239.539993,243.970001,216.425385,3863500
2019-07-03,244.320007,247.520004,244.039993,245.210007,217.525391,2559400
2019-07-05,244.389999,248.759995,244.059998,246.990005,219.104477,2965000
2019-07-08,246.410004,247.979996,244.880005,247.839996,219.858475,1902500
2019-07-09,244.630005,246.080002,243.690002,246.0,218.226227,2774800
2019-07-10,246.820007,249.110001,245.479996,247.479996,219.539124,2753000
2019-07-11,255.800003,261.690002,249.050003,261.160004,231.674606,10268800
2019-07-12,261.630005,266.519989,261.630005,265.899994,235.879486,5336100
2019-07-15,265.059998,267.649994,264.25,265.959991,235.932632,2611400
2019-07-16,265.329987,267.140015,263.190002,264.660004,234.779465,3121600
2019-07-17,264.0,268.690002,263.5,266.649994,236.544724,3995200
2019-07-18,265.640015,266.51001,257.26001,260.600006,231.177887,5825800
2019-07-19,261.100006,262.720001,256.399994,256.649994,227.673798,4413200
2019-07-22,258.140015,258.950012,254.529999,255.320007,226.494003,4104300
2019-07-23,254.470001,256.100006,252.020004,255.009995,226.218948,2889300
2019-07-24,252.789993,252.830002,245.130005,251.130005,222.777039,4864000
2019-07-25,251.130005,252.75,248.289993,248.699997,220.621384,3362800
2019-07-26,249.020004,253.880005,246.509995,252.940002,224.382675,3362600
2019-07-29,252.839996,255.300003,252.339996,253.820007,225.16333,2005500
2019-07-30,252.660004,255.059998,250.470001,254.929993,226.14798,1908800
2019-07-31,256.320007,257.160004,248.479996,249.009995,220.896378,3532400
2019-08-01,249.190002,251.580002,247.279999,249.25,221.109268,3613600
2019-08-02,249.690002,251.570007,246.100006,250.050003,221.818924,2677600
2019-08-05,248.130005,249.940002,242.589996,245.059998,217.392349,5812400
2019-08-06,245.929993,248.279999,243.570007,248.279999,220.248795,3533000
2019-08-07,246.270004,247.039993,241.259995,246.449997,218.625381,3205800
2019-08-08,246.190002,247.669998,243.369995,247.619995,219.663315,2830700
2019-08-09,247.720001,250.419998,246.139999,248.630005,220.559326,2535000
2019-08-12,246.789993,247.960007,243.029999,243.199997,215.74234,2667400
2019-08-13,241.679993,250.460007,241.509995,249.220001,221.082642,2763400
2019-08-14,246.729996,248.410004,243.009995,243.199997,215.74234,3464300
2019-08-15,244.350006,245.259995,241.449997,244.25,216.673767,2513500
2019-08-16,245.380005,247.110001,244.179993,245.690002,217.951187,2810000
2019-08-19,247.490005,248.490005,244.089996,244.710007,217.081833,2672300
2019-08-20,244.210007,244.600006,239.919998,240.160004,213.045532,3201300
2019-08-21,240.190002,241.889999,239.300003,240.350006,213.214096,2761900
2019-08-22,240.350006,240.350006,232.669998,232.940002,206.640701,4498200
2019-08-23,232.899994,235.100006,229.380005,230.660004,204.618103,4826600
2019-08-26,232.520004,234.559998,230.460007,231.080002,204.990692,2918300
2019-08-27,231.720001,232.399994,222.600006,222.929993,197.760864,4988100
2019-08-28,222.419998,229.770004,220.779999,227.350006,201.681824,4847600
2019-08-29,228.419998,232.300003,228.009995,230.619995,204.582626,4052500
2019-08-30,233.669998,235.050003,232.289993,234.0,207.581009,3384100
2019-09-03,231.740005,232.169998,228.470001,230.619995,204.582626,3382300
2019-09-04,231.949997,232.949997,226.5,226.729996,201.13179,4526100
2019-09-05,230.0,231.509995,227.580002,229.589996,203.66893,4256900
2019-09-06,230.169998,231.960007,228.589996,229.0,203.145493,4183200
2019-09-09,229.0,232.0,228.559998,230.679993,204.635834,3895600
2019-09-10,231.449997,234.289993,230.830002,232.460007,206.214905,4257600
2019-09-11,232.490005,234.25,228.580002,234.210007,207.767273,3168100
2019-09-12,235.0,236.399994,229.699997,230.100006,204.121353,4713700
2019-09-13,232.990005,236.559998,231.539993,233.610001,208.212341,4523200
2019-09-16,232.820007,236.050003,232.149994,234.429993,208.943146,2973600
2019-09-17,233.070007,233.990005,231.169998,232.520004,207.24086,2392900
2019-09-18,230.800003,233.130005,229.229996,230.610001,205.538498,2960500
2019-09-19,232.0,233.949997,231.229996,232.850006,207.534988,2666700
2019-09-20,234.770004,235.0,231.919998,232.889999,207.570602,6220100
2019-09-23,229.770004,230.779999,228.320007,228.770004,203.898529,3281200
2019-09-24,229.380005,229.839996,222.919998,225.0,200.538391,5006800
2019-09-25,224.279999,226.5,222.130005,222.169998,198.016052,4658000
2019-09-26,223.039993,223.630005,213.429993,215.479996,192.053391,10444400
2019-09-27,218.179993,218.880005,215.020004,215.259995,191.8573,4834900
2019-09-30,213.639999,218.529999,213.119995,217.320007,193.693359,5286300
2019-10-01,219.190002,219.190002,212.080002,217.210007,193.595306,5523600
2019-10-02,216.149994,219.360001,215.279999,216.75,193.185303,4921200
2019-10-03,215.630005,216.360001,213.050003,215.360001,191.946442,3375800
2019-10-04,216.839996,219.860001,215.139999,219.800003,195.903763,3700500
2019-10-07,219.050003,222.529999,218.990005,221.240005,197.18721,3843200
2019-10-08,219.490005,221.979996,218.399994,220.110001,196.180054,4817000
2019-10-09,221.710007,223.470001,220.169998,222.080002,197.935867,4483100
2019-10-10,218.190002,224.130005,217.520004,223.729996,199.406479,5252200
2019-10-11,225.539993,228.850006,221.589996,222.070007,197.926941,5891600
2019-10-14,221.630005,223.339996,219.899994,220.589996,196.607864,4075300
2019-10-15,232.690002,239.839996,231.089996,238.589996,212.650894,13397700
2019-10-16,236.289993,237.479996,234.080002,236.990005,211.224854,5368600
2019-10-17,238.690002,244.610001,237.270004,243.669998,217.178619,6301200
2019-10-18,244.449997,246.410004,241.759995,245.339996,218.667099,4922100
2019-10-21,245.020004,245.600006,242.149994,243.919998,217.401459,3029200
2019-10-22,243.639999,251.5,243.149994,249.479996,222.356918,5660800
2019-10-23,248.389999,251.75,246.729996,247.800003,220.859619,3706600
2019-10-24,248.029999,248.490005,243.910004,244.509995,217.927307,2546900
2019-10-25,243.910004,246.080002,242.149994,244.910004,218.283829,2815100
2019-10-28,245.259995,248.389999,244.919998,247.050003,220.191147,2957100
2019-10-29,247.039993,253.199997,246.309998,252.289993,224.861465,3528900
2019-10-30,252.169998,255.279999,251.979996,254.800003,227.098618,3299600
2019-10-31,254.380005,255.720001,249.910004,252.699997,225.226883,3960400
2019-11-01,253.990005,256.329987,252.160004,252.210007,224.790146,2919600
2019-11-04,253.630005,253.830002,249.910004,251.25,223.934525,3186400
2019-11-05,253.740005,254.270004,250.089996,250.300003,223.08783,5393400
2019-11-06,249.710007,251.990005,249.089996,250.520004,223.28389,3668600
2019-11-07,251.949997,256.75,251.259995,256.459991,228.57814,3646300
2019-11-08,256.769989,258.339996,255.0,256.970001,229.032684,2200300
2019-11-11,255.050003,256.459991,253.330002,254.089996,226.465759,1765600
2019-11-12,253.589996,255.759995,253.410004,255.25,227.499649,1892500
2019-11-13,254.869995,256.880005,253.190002,253.570007,226.002304,3289800
2019-11-14,253.800003,256.079987,253.470001,255.830002,228.016632,2101900
2019-11-15,256.109985,275.570007,255.360001,269.399994,240.111328,10136000
2019-11-18,269.0,278.450012,269.0,272.929993,243.257462,6985200
2019-11-19,275.23999,275.359985,271.549988,274.230011,244.416245,4002000
2019-11-20,272.25,276.029999,271.23999,275.559998,245.601532,4141600
2019-11-21,275.220001,277.679993,273.910004,276.549988,246.483978,3309900
2019-11-22,276.529999,277.769989,275.0,276.839996,246.742386,2802700
2019-11-25,277.779999,283.0,277.01001,282.670013,251.938644,4082900
2019-11-26,280.709991,282.25,280.160004,281.399994,250.806641,2998600
2019-11-27,281.01001,281.929993,278.690002,280.670013,250.156082,2323900
2019-11-29,278.100006,280.920013,277.329987,279.869995,249.443008,1520900
2019-12-02,281.779999,282.0,278.570007,279.660004,249.25589,2517100
2019-12-03,276.970001,278.420013,273.850006,276.899994,246.795959,3239200
2019-12-04,281.619995,281.839996,278.640015,279.320007,248.952835,2694200
2019-12-05,279.23999,282.820007,277.480011,282.0,251.341461,3357300
2019-12-06,282.839996,283.040009,279.109985,280.190002,250.688339,2828900
2019-12-09,280.769989,280.869995,277.420013,277.540009,248.317368,2697100
2019-12-10,277.600006,279.600006,274.01001,279.519989,250.088867,2515300
2019-12-11,278.299988,280.660004,278.029999,280.5,250.965607,2751300
2019-12-12,281.029999,283.98999,280.040009,283.609985,253.748245,2996200
2019-12-13,284.970001,287.809998,284.119995,285.480011,255.421341,3599300
2019-12-16,287.970001,295.440002,287.059998,292.029999,261.281677,4663600
2019-12-17,291.23999,292.779999,289.170013,290.470001,259.885834,4409100
2019-12-18,291.0,294.859985,290.98999,292.899994,262.060059,3621600
2019-12-19,295.0,297.200012,293.619995,294.619995,263.598907,2905900
2019-12-20,298.899994,300.0,292.51001,292.589996,261.782715,6608300
2019-12-23,293.429993,295.850006,292.809998,295.089996,264.01947,2098900
2019-12-24,295.26001,295.829987,293.559998,294.540009,263.527405,714000
2019-12-26,295.299988,296.26001,294.540009,295.649994,264.520477,1050600
2019-12-27,296.01001,296.540009,295.01001,295.970001,264.806763,1547100
2019-12-30,296.049988,296.540009,293.450012,293.850006,262.910034,1511700
2019-12-31,293.660004,294.089996,291.149994,293.980011,263.026367,2224200
2020-01-02,293.980011,295.700012,289.790009,292.5,261.702118,2543400
2020-01-03,287.269989,291.880005,284.359985,289.540009,259.053864,2711400
2020-01-06,288.0,291.660004,287.220001,291.549988,260.852203,3079100
2020-01-07,290.700012,291.48999,287.579987,289.790009,259.277527,2492900
2020-01-08,291.5,297.380005,290.040009,295.899994,264.744202,3379200
2020-01-09,294.290009,297.200012,293.720001,294.220001,263.241089,2838200
2020-01-10,296.070007,296.070007,292.209991,295.130005,264.055267,2477900
2020-01-13,294.369995,294.450012,285.019989,285.850006,255.752396,6994900
2020-01-14,285.600006,288.23999,284.25,288.23999,257.890747,6056300
2020-01-15,289.019989,299.640015,289.0,296.410004,265.200439,6081300
2020-01-16,298.0,300.98999,295.929993,300.73999,269.074585,3710300
2020-01-17,300.01001,300.700012,295.880005,298.470001,267.04361,4632200
2020-01-21,296.890015,302.540009,296.01001,300.529999,268.886688,4962800
2020-01-22,301.98999,302.130005,297.350006,300.589996,268.940308,3117600
2020-01-23,300.01001,300.579987,296.649994,299.459991,267.929413,3169600
2020-01-24,298.339996,299.929993,291.559998,292.809998,261.979553,3678500
2020-01-27,288.0,288.079987,280.070007,284.089996,254.177658,4399400
2020-01-28,283.910004,288.369995,283.299988,285.869995,255.770233,4341000
2020-01-29,284.0,286.190002,280.890015,282.899994,253.112946,3963800
2020-01-30,281.839996,281.839996,275.920013,280.980011,251.395203,4211800
2020-01-31,278.170013,278.779999,271.179993,272.450012,243.763229,5532600
2020-02-03,275.130005,276.850006,270.820007,274.019989,245.167892,5646800
2020-02-04,277.279999,283.5,276.880005,280.839996,251.269882,4290200
2020-02-05,285.600006,297.0,285.440002,295.730011,264.592102,5761000
2020-02-06,297.0,297.269989,290.0,292.459991,261.666412,3044000
2020-02-07,292.869995,293.390015,288.910004,289.220001,258.767517,3425900
2020-02-10,286.230011,289.290009,285.450012,287.029999,256.808167,3147400
2020-02-11,286.850006,291.570007,285.899994,290.790009,260.17218,2992200
2020-02-12,295.0,305.0,294.01001,303.480011,271.526154,6701900
2020-02-13,300.140015,305.899994,300.140015,302.200012,270.380829,3565500
2020-02-14,302.209991,303.970001,297.309998,298.779999,267.320923,2485600
2020-02-18,299.670013,303.350006,299.0,302.140015,270.327209,3241700
2020-02-19,303.369995,306.709991,302.730011,305.309998,273.16333,3021100
2020-02-20,303.200012,304.160004,297.890015,302.130005,270.318207,2885500
2020-02-21,300.470001,302.51001,298.609985,301.429993,269.691925,2987100
2020-02-24,286.890015,288.98999,277.640015,277.790009,248.541031,8790600
2020-02-25,280.149994,281.980011,262.01001,263.390015,235.657242,8171200
2020-02-26,264.720001,269.829987,258.709991,263.0,235.308243,6806600
2020-02-27,258.420013,262.149994,252.070007,253.919998,227.184341,7604300
2020-02-28,246.199997,257.100006,245.300003,254.960007,228.114853,9961000
2020-03-02,257.339996,273.23999,250.320007,273.109985,244.353745,8866300
2020-03-03,275.350006,280.350006,259.230011,261.399994,233.87674,9188100
2020-03-04,290.0,295.839996,282.209991,289.420013,258.946442,14533000
2020-03-05,281.600006,289.420013,279.940002,282.959991,253.166763,5908400
2020-03-06,275.420013,284.970001,271.899994,283.869995,253.980927,5361900
2020-03-09,264.459991,281.440002,259.23999,273.440002,244.648987,8070700
2020-03-10,279.720001,283.899994,272.5,280.0,250.518265,7366000
2020-03-11,274.76001,285.23999,273.26001,277.779999,248.53215,7744600
2020-03-12,260.0,272.230011,250.0,250.410004,224.043945,10496600
2020-03-13,260.98999,273.220001,242.270004,272.040009,244.450745,9308400
2020-03-16,243.919998,245.679993,223.949997,225.039993,202.21727,10303500
2020-03-17,230.820007,248.759995,228.289993,244.220001,219.452148,9642200
2020-03-18,225.75,231.449997,200.190002,217.059998,195.04657,12917500
2020-03-19,216.979996,226.119995,208.940002,219.800003,197.508743,8065200
2020-03-20,223.179993,232.639999,203.460007,206.589996,185.638412,9364100
2020-03-23,202.039993,205.75,187.720001,194.860001,175.098038,10654500
2020-03-24,202.139999,220.270004,199.0,219.800003,197.508743,8894400
2020-03-25,219.089996,247.509995,216.0,234.490005,210.708939,10014000
2020-03-26,234.029999,257.959991,232.300003,255.389999,229.489334,7517600
2020-03-27,242.940002,251.600006,238.240005,242.449997,217.861649,4879500
2020-03-30,242.639999,254.089996,242.639999,251.279999,225.796143,5329000
2020-03-31,243.479996,254.529999,243.0,249.380005,224.088806,5450000
2020-04-01,238.690002,246.610001,235.440002,237.320007,213.251923,4548800
2020-04-02,235.300003,242.0,226.029999,240.440002,216.055496,4636800
2020-04-03,238.320007,239.339996,227.270004,229.490005,206.216019,4650300
2020-04-06,240.0,249.289993,235.119995,248.339996,223.154327,6365900
2020-04-07,259.809998,266.709991,246.539993,248.039993,222.88472,4984100
2020-04-08,247.690002,269.160004,246.259995,267.829987,240.66774,6390200
2020-04-09,265.0,270.399994,261.600006,264.130005,237.342972,4923300
2020-04-13,262.059998,264.959991,258.179993,263.51001,236.785812,2964900
2020-04-14,269.0,273.070007,267.0,270.5,243.066925,4778900
2020-04-15,276.329987,282.98999,270.679993,281.679993,253.113037,7841800
2020-04-16,283.440002,300.0,280.01001,298.429993,268.164429,7738900
2020-04-17,300.98999,304.0,287.100006,290.559998,261.092529,5857500
2020-04-20,285.299988,289.01001,281.269989,282.140015,253.526413,4072600
2020-04-21,274.950012,280.0,273.25,274.190002,246.382675,3977500
2020-04-22,279.579987,283.820007,276.709991,277.019989,248.925674,3663300
2020-04-23,279.059998,288.459991,278.540009,285.329987,256.392914,4420500
2020-04-24,287.290009,291.899994,284.0,291.290009,261.748566,3265000
2020-04-27,293.209991,296.859985,290.630005,293.980011,264.16568,3706200
2020-04-28,298.0,298.25,285.619995,288.359985,259.115631,3862900
2020-04-29,292.0,292.75,286.100006,287.649994,258.477661,4258400
2020-04-30,286.649994,295.0,285.519989,292.470001,262.808746,7631700
2020-05-01,288.390015,289.0,279.600006,284.51001,255.656128,3526100
2020-05-04,284.48999,287.940002,282.109985,287.540009,258.378815,2894200
2020-05-05,289.959991,296.0,287.290009,293.040009,263.320923,2501300
2020-05-06,295.100006,297.679993,288.440002,288.769989,259.484009,2579200
2020-05-07,291.059998,292.290009,284.519989,285.0,256.096375,3162300
2020-05-08,289.48999,290.0,285.660004,287.0,257.893463,3200000
2020-05-11,285.559998,290.100006,285.26001,288.690002,259.41214,3490700
2020-05-12,291.769989,293.149994,287.700012,287.700012,258.522583,4214300
2020-05-13,284.48999,286.399994,275.559998,278.0,249.806229,5474100
2020-05-14,275.929993,292.450012,275.640015,290.609985,261.137451,5704600
2020-05-15,292.410004,300.0,290.720001,290.959991,261.451935,12182800
2020-05-18,298.480011,299.720001,292.019989,293.359985,263.608521,4015100
2020-05-19,290.73999,294.630005,288.880005,289.049988,259.735687,3059400
2020-05-20,292.899994,292.899994,286.700012,287.98999,258.783173,3200600
2020-05-21,286.040009,290.130005,284.929993,286.910004,257.812683,3604900
2020-05-22,287.299988,290.23999,284.790009,289.940002,260.5354,2922800
2020-05-26,296.5,297.029999,292.5,294.890015,264.983307,4567800
2020-05-27,297.420013,303.799988,290.799988,303.769989,272.962769,5618900
2020-05-28,305.950012,309.660004,303.290009,303.970001,273.142456,4387700
2020-05-29,304.720001,308.369995,300.850006,304.850006,273.933319,6251500
2020-06-01,304.019989,305.980011,300.559998,305.929993,274.903717,2894000
2020-06-02,305.579987,308.100006,301.730011,306.309998,275.245148,2756800
2020-06-03,307.850006,310.119995,302.73999,305.350006,274.38266,4360000
2020-06-04,303.179993,304.470001,294.290009,298.079987,267.849792,4374300
2020-06-05,304.0,314.279999,300.5,311.850006,280.223389,5554300
2020-06-08,308.640015,315.839996,307.929993,309.480011,278.093719,4635500
2020-06-09,309.899994,312.649994,307.329987,309.209991,277.851135,3061500
2020-06-10,308.940002,310.309998,302.859985,305.75,274.741913,3296100
2020-06-11,303.359985,303.359985,280.799988,283.730011,254.955215,6638900
2020-06-12,290.649994,294.100006,278.700012,285.149994,256.231079,5416800
2020-06-15,278.019989,287.0,273.709991,286.279999,257.246582,4494600
2020-06-16,295.440002,297.570007,287.440002,293.0,263.285095,4245400
2020-06-17,295.100006,295.100006,291.230011,292.600006,262.925629,2538000
2020-06-18,290.429993,291.779999,286.600006,291.480011,261.919189,2926600
2020-06-19,294.429993,296.519989,290.910004,291.23999,262.830658,5172800
2020-06-22,289.790009,293.0,286.26001,292.670013,264.121185,2174100
2020-06-23,294.01001,299.279999,291.070007,297.600006,268.570404,4023400
2020-06-24,293.98999,297.100006,285.570007,289.179993,260.971588,3399900
2020-06-25,288.279999,296.779999,286.059998,296.220001,267.324921,3112500
2020-06-26,295.140015,296.579987,285.820007,286.880005,258.896027,5043200
2020-06-29,288.450012,292.279999,286.619995,289.76001,261.495056,2356700
2020-06-30,288.570007,296.450012,287.660004,294.950012,266.178864,2932900
2020-07-01,295.829987,300.399994,295.23999,297.730011,268.687622,2303800
2020-07-02,300.5,303.079987,297.179993,298.26001,269.166016,1971700
2020-07-06,303.0,303.48999,299.329987,302.809998,273.272034,2395000
2020-07-07,300.660004,303.559998,295.950012,296.649994,267.713013,2075700
2020-07-08,297.350006,300.869995,295.679993,298.359985,269.256073,1987400
2020-07-09,295.100006,298.549988,287.5,291.160004,262.758545,3061700
2020-07-10,294.23999,294.23999,287.100006,291.230011,262.821655,2391600
2020-07-13,292.089996,304.519989,291.769989,299.709991,270.474426,4263300
2020-07-14,297.809998,309.73999,296.709991,308.519989,278.42514,4234900
2020-07-15,301.119995,310.690002,298.660004,304.070007,274.409119,5116900
2020-07-16,305.01001,310.850006,303.160004,307.149994,277.188721,3844500
2020-07-17,309.089996,310.970001,306.25,306.529999,276.629211,3016500
2020-07-20,306.790009,308.600006,302.380005,303.459991,273.858612,2375500
2020-07-21,305.029999,307.0,303.109985,305.109985,275.347717,2340200
2020-07-22,304.859985,306.910004,301.809998,306.709991,276.791656,1935800
2020-07-23,308.200012,308.5,301.269989,302.970001,273.416504,2367700
2020-07-24,303.329987,304.279999,299.230011,300.790009,271.449158,2415700
2020-07-27,298.429993,302.130005,297.369995,298.600006,269.472717,2060500
2020-07-28,297.890015,301.399994,297.209991,299.929993,270.672974,2257400
2020-07-29,301.459991,309.75,300.0,306.679993,276.764587,2672700
2020-07-30,301.679993,306.459991,298.890015,305.230011,275.456055,2205300
2020-07-31,303.440002,303.73999,298.049988,302.779999,273.245026,3913500
2020-08-03,303.589996,304.910004,299.200012,303.609985,273.994049,2628500
2020-08-04,301.910004,308.859985,300.070007,304.5,274.797272,3594900
2020-08-05,306.829987,312.959991,305.019989,312.470001,281.989777,2982200
2020-08-06,312.0,316.23999,310.399994,314.059998,283.424652,3305300
2020-08-07,313.339996,319.0,313.339996,317.029999,286.10495,2600800
2020-08-10,317.0,320.470001,315.579987,319.100006,287.973083,2563600
2020-08-11,322.920013,324.570007,314.660004,315.549988,284.769348,3018200
2020-08-12,318.0,323.290009,317.640015,322.269989,290.833801,2915800
2020-08-13,320.679993,321.869995,317.839996,321.519989,290.156921,2159500
2020-08-14,320.540009,323.929993,318.730011,323.700012,292.124359,1787200
2020-08-17,321.450012,323.799988,319.350006,320.51001,289.245544,2772500
2020-08-18,321.980011,322.670013,315.709991,316.809998,285.906433,2520000
2020-08-19,316.769989,319.48999,315.179993,315.399994,284.633942,2066700
2020-08-20,314.829987,315.279999,312.01001,313.329987,282.7659,2245600
2020-08-21,311.279999,315.279999,310.089996,314.140015,283.496887,2488500
2020-08-24,316.809998,316.899994,306.48999,308.839996,278.713867,2922200
2020-08-25,312.200012,312.359985,307.799988,312.220001,281.76416,1879300
2020-08-26,310.980011,311.359985,303.609985,308.820007,278.695862,3178900
2020-08-27,310.410004,314.769989,305.48999,311.670013,281.267914,2321000
2020-08-28,312.339996,315.820007,308.970001,314.369995,283.704437,2883500
2020-08-31,314.890015,319.559998,312.540009,312.549988,282.061951,4341600
2020-09-01,310.160004,314.720001,310.0,312.829987,282.314636,2487100
2020-09-02,312.559998,321.279999,312.559998,320.23999,289.001923,2846500
2020-09-03,322.0,323.820007,313.730011,316.230011,285.382935,3872500
2020-09-04,316.480011,317.829987,306.630005,312.0,281.565674,2901000
2020-09-08,311.029999,311.459991,303.829987,307.25,277.278992,2594500
2020-09-09,309.679993,315.320007,308.420013,312.019989,281.583679,2195600
2020-09-10,312.730011,314.440002,303.720001,304.600006,274.887482,2421200
2020-09-11,305.070007,306.459991,297.290009,301.480011,273.192902,3085900
2020-09-14,303.01001,311.119995,303.01001,308.570007,279.617706,1795500
2020-09-15,310.049988,311.459991,306.049988,307.230011,278.403442,1468300
2020-09-16,309.070007,312.25,306.200012,306.519989,277.759979,3438200
2020-09-17,304.5,307.380005,302.109985,304.980011,276.364471,2394100
2020-09-18,305.01001,310.390015,303.769989,308.019989,279.119263,3795400
2020-09-21,300.470001,300.529999,291.660004,299.190002,271.117798,4124700
2020-09-22,298.440002,300.619995,292.920013,294.26001,266.650391,3163600
2020-09-23,295.0,296.100006,291.829987,292.140015,264.729309,3709900
2020-09-24,292.190002,294.929993,289.640015,292.660004,265.2005,2869100
2020-09-25,291.25,303.269989,291.220001,302.5,274.117249,2455800
2020-09-28,306.390015,310.01001,302.829987,303.230011,274.778748,2575700
2020-09-29,303.670013,305.5,300.679993,304.149994,275.612396,1797800
2020-09-30,304.019989,314.519989,303.98999,311.769989,282.517365,3497300
2020-10-01,312.910004,315.170013,309.149994,313.070007,283.695435,2731200
2020-10-02,312.100006,317.390015,308.359985,311.980011,282.707764,2338000
2020-10-05,315.070007,318.420013,313.119995,318.149994,288.298859,1638600
2020-10-06,318.950012,320.299988,313.48999,314.450012,284.946014,2434400
2020-10-07,315.820007,324.73999,315.820007,323.170013,292.847778,2596600
2020-10-08,323.429993,325.350006,320.98999,322.410004,292.159149,2056700
2020-10-09,324.660004,328.170013,323.920013,327.839996,297.079651,2028900
2020-10-12,329.119995,333.559998,329.01001,329.970001,299.009796,2424200
2020-10-13,328.5,333.700012,327.709991,331.420013,300.32373,2713500
2020-10-14,322.070007,330.570007,320.200012,321.850006,291.651672,4455400
2020-10-15,318.850006,326.970001,316.329987,324.570007,294.116425,3172200
2020-10-16,325.459991,332.350006,324.730011,329.899994,298.94632,3293300
2020-10-19,328.540009,330.779999,322.059998,324.220001,293.799316,2482100
2020-10-20,326.619995,328.619995,323.279999,323.410004,293.065308,1988600
2020-10-21,323.410004,326.48999,322.179993,322.790009,292.503387,2139000
2020-10-22,322.320007,328.059998,322.25,325.730011,295.167511,2100600
2020-10-23,329.160004,335.649994,328.130005,330.600006,299.580627,2349500
2020-10-26,326.320007,327.75,318.540009,323.059998,292.748108,2408500
2020-10-27,323.059998,323.5,319.429993,320.51001,290.437347,2427700
2020-10-28,313.329987,317.809998,307.440002,308.0,279.101166,3301400
2020-10-29,306.589996,309.480011,301.459991,303.679993,275.186523,3279200
2020-10-30,303.230011,307.170013,299.600006,305.140015,276.509491,3556800
2020-11-02,312.640015,312.640015,307.359985,312.100006,282.816437,4519000
2020-11-03,317.470001,326.440002,315.019989,321.350006,291.198578,4043900
2020-11-04,345.230011,360.440002,341.140015,354.559998,321.292633,10344900
2020-11-05,358.070007,360.980011,349.679993,354.399994,321.147552,4786500
2020-11-06,350.359985,352.0,344.570007,347.459991,314.858734,2994900
2020-11-09,366.309998,367.950012,348.980011,350.0,317.16037,4635300
2020-11-10,349.48999,355.899994,348.170013,353.690002,320.504211,3733200
2020-11-11,356.160004,356.809998,349.410004,351.700012,318.700928,2048200
2020-11-12,351.399994,360.519989,349.75,354.410004,321.156647,2907300
2020-11-13,356.859985,357.940002,352.790009,355.670013,322.298462,2442100
2020-11-16,358.950012,359.579987,351.01001,356.820007,323.340515,2790100
2020-11-17,352.390015,353.359985,347.5,352.100006,319.063354,2557600
2020-11-18,353.429993,354.049988,343.089996,344.51001,312.185516,2722500
2020-11-19,342.290009,343.070007,334.329987,337.0,305.380188,3935600
2020-11-20,335.0,337.660004,331.709991,334.700012,303.29599,3702000
2020-11-23,335.549988,336.26001,331.589996,335.059998,303.622223,2535700
2020-11-24,336.179993,340.0,334.429993,336.01001,304.483093,3759700
2020-11-25,338.820007,338.820007,329.140015,333.190002,301.927643,3145100
2020-11-27,333.529999,338.899994,331.839996,337.940002,306.231934,1558600
2020-11-30,335.109985,337.940002,330.290009,336.339996,304.782104,5265700
2020-12-01,344.769989,354.100006,339.929993,341.190002,309.177094,3817700
2020-12-02,341.769989,351.829987,341.5,347.559998,314.949371,2864300
2020-12-03,347.899994,352.769989,346.48999,348.679993,315.964172,4169200
2020-12-04,346.0,351.470001,345.75,349.890015,318.201447,3255100
2020-12-07,348.720001,349.890015,345.220001,347.859985,316.355255,2999400
2020-12-08,344.75,349.899994,344.079987,347.859985,316.355255,2471200
2020-12-09,348.890015,349.410004,341.609985,344.410004,313.217773,2600400
2020-12-10,345.160004,345.459991,339.26001,339.649994,308.888763,2896900
2020-12-11,338.130005,338.880005,334.329987,337.070007,306.542511,3071700
2020-12-14,340.029999,343.230011,335.859985,336.130005,305.687714,2479000
2020-12-15,339.140015,341.01001,337.040009,339.670013,308.907074,2616500
2020-12-16,336.829987,341.660004,334.26001,339.339996,308.606903,2365600
2020-12-17,339.809998,342.600006,337.309998,341.670013,310.725983,2525700
2020-12-18,342.519989,342.609985,334.0,338.380005,307.733917,8742700
2020-12-21,332.070007,336.950012,329.399994,336.079987,305.642181,2892700
2020-12-22,335.160004,336.980011,333.470001,335.01001,304.669128,2069700
2020-12-23,336.48999,341.649994,336.029999,337.589996,307.015442,2348100
2020-12-24,336.440002,341.410004,336.440002,340.790009,309.925568,1360600
2020-12-28,343.209991,347.790009,343.059998,345.950012,314.618286,2308200
2020-12-29,347.98999,351.290009,345.0,347.350006,315.89151,2275700
2020-12-30,347.079987,349.01001,344.470001,344.98999,313.745239,1866000
2020-12-31,345.040009,351.089996,344.049988,350.679993,318.919891,1969000
2021-01-04,351.450012,352.079987,340.380005,349.5,317.846802,4203800
2021-01-05,348.690002,351.359985,344.480011,344.799988,313.572479,3160500
2021-01-06,337.109985,359.48999,335.109985,359.269989,326.731934,6561400
2021-01-07,358.540009,366.450012,357.920013,365.029999,331.970276,3366700
2021-01-08,367.0,367.48999,358.76001,363.390015,330.478882,2947800
2021-01-11,362.619995,364.290009,359.190002,360.75,328.077881,2695100
2021-01-12,357.940002,360.079987,355.230011,357.369995,325.004089,2372500
2021-01-13,356.040009,356.809998,351.230011,355.040009,322.88504,1974500
2021-01-14,356.850006,358.809998,350.420013,350.529999,318.783569,2919900
2021-01-15,349.119995,353.049988,345.73999,351.299988,319.483765,3777000
2021-01-19,356.209991,356.959991,351.559998,352.190002,320.293152,3361300
2021-01-20,351.880005,352.079987,345.829987,350.839996,319.06546,3036800
2021-01-21,350.809998,360.890015,350.73999,355.0,322.848694,3749800
2021-01-22,353.309998,354.619995,347.540009,347.549988,316.073334,2585100
2021-01-25,347.149994,350.390015,344.600006,347.809998,316.309845,2506300
2021-01-26,350.51001,351.51001,342.570007,343.109985,312.035522,2467500
2021-01-27,337.040009,338.0,329.01001,332.98999,302.832001,4770900
2021-01-28,336.640015,346.579987,334.51001,338.149994,307.524811,2769900
2021-01-29,336.529999,339.019989,330.630005,333.579987,303.368591,3899200
2021-02-01,335.029999,338.149994,332.73999,334.0,303.750549,3020200
2021-02-02,337.100006,344.640015,337.100006,338.720001,308.043121,2663700
2021-02-03,338.0,340.160004,334.600006,337.890015,307.288269,2537100
2021-02-04,332.320007,335.290009,328.390015,329.320007,299.494385,5962200
2021-02-05,332.109985,333.480011,323.480011,324.51001,295.120087,7227900
2021-02-08,327.01001,327.019989,323.809998,324.339996,294.965393,4758200
2021-02-09,323.899994,331.040009,321.709991,329.630005,299.776367,4096900
2021-02-10,332.660004,335.76001,329.769989,333.399994,303.204926,4122700
2021-02-11,335.0,336.649994,331.5,333.070007,302.904816,2776700
2021-02-12,331.679993,332.399994,327.880005,328.23999,298.512207,2760800
2021-02-16,327.359985,329.839996,322.480011,324.619995,295.220123,4339000
2021-02-17,323.459991,328.600006,322.23999,326.859985,297.257233,2620000
2021-02-18,325.899994,329.579987,325.200012,328.410004,298.66684,2383500
2021-02-19,328.75,328.850006,324.109985,324.579987,295.183685,2313800
2021-02-22,321.5,329.049988,320.350006,327.640015,297.966675,2688300
2021-02-23,329.98999,333.940002,326.640015,329.51001,299.667267,3225700
2021-02-24,328.48999,333.600006,326.040009,332.209991,302.122681,3360500
2021-02-25,331.0,333.600006,327.359985,328.869995,299.085175,2780100
2021-02-26,330.549988,337.910004,329.850006,332.220001,302.131775,5430000
2021-03-01,334.359985,338.910004,333.679993,334.649994,304.341614,4198900
2021-03-02,335.0,337.670013,333.890015,334.640015,304.33255,2568900
2021-03-03,333.320007,338.160004,332.779999,332.869995,302.7229,3039700
2021-03-04,334.170013,340.839996,332.670013,333.809998,303.577698,4991600
2021-03-05,335.029999,348.290009,335.019989,347.100006,315.664185,4563100
2021-03-08,347.01001,354.0,345.600006,350.170013,318.456055,3419900
2021-03-09,352.920013,361.25,351.339996,351.980011,320.102173,4277600
2021-03-10,353.910004,354.480011,348.5,349.600006,317.937714,3012300
2021-03-11,350.76001,355.970001,349.869995,353.100006,321.120728,2520500
2021-03-12,353.170013,356.820007,351.98999,356.019989,324.926544,2088700
2021-03-15,356.920013,357.940002,351.549988,353.880005,322.973419,2343400
2021-03-16,353.529999,355.359985,351.910004,354.600006,323.630615,2904200
2021-03-17,355.170013,358.070007,351.829987,352.179993,321.421906,2633100
2021-03-18,352.869995,364.320007,352.339996,362.049988,330.429932,3311600
2021-03-19,361.920013,370.459991,359.01001,365.579987,333.651672,8572900
2021-03-22,365.0,368.579987,360.109985,366.859985,334.819794,3505200
2021-03-23,368.850006,371.540009,367.220001,368.5,336.31665,3100100
2021-03-24,366.049988,373.799988,365.51001,370.600006,338.233185,3407800
2021-03-25,370.600006,372.109985,363.390015,371.089996,338.68042,3021500
2021-03-26,371.679993,377.059998,370.290009,376.480011,343.59967,2959800
2021-03-29,376.359985,380.5,374.98999,379.059998,345.954315,2740400
2021-03-30,377.549988,379.880005,371.799988,373.559998,340.934631,3066000
2021-03-31,372.799988,377.0,371.799988,372.070007,339.574768,3356500
2021-04-01,372.200012,372.690002,365.76001,367.070007,335.011475,2977700
2021-04-05,369.619995,372.630005,367.640015,370.179993,337.849854,2709400
2021-04-06,368.779999,369.790009,362.720001,364.369995,332.547302,2698600
2021-04-07,364.190002,365.880005,360.549988,365.640015,333.70639,2158900
2021-04-08,363.109985,366.910004,363.109985,364.890015,333.021942,2426700
2021-04-09,368.350006,376.609985,367.0,376.299988,343.435333,2483200
2021-04-12,374.480011,379.829987,374.029999,376.279999,343.417053,3057300
2021-04-13,376.25,379.309998,374.329987,374.5,341.792542,2652300
2021-04-14,375.339996,378.01001,374.579987,375.630005,342.823944,2805600
2021-04-15,380.0,392.359985,380.0,390.01001,355.947968,4488300
2021-04-16,393.920013,393.920013,385.459991,391.01001,356.860626,4532400
2021-04-19,390.0,393.390015,388.470001,389.839996,355.792877,2965400
2021-04-20,389.859985,397.880005,389.420013,396.529999,361.898468,3348100
2021-04-21,398.859985,401.480011,395.440002,398.809998,363.979462,2473300
2021-04-22,398.440002,398.76001,393.190002,396.540009,361.907654,2718600
2021-04-23,395.619995,401.98999,394.5,400.309998,365.34848,2263200
2021-04-26,399.809998,400.0,395.209991,395.859985,361.287018,1642300
2021-04-27,394.660004,396.329987,392.299988,394.5,360.045868,1758500
2021-04-28,395.179993,396.98999,393.299988,394.589996,360.12796,1886500
2021-04-29,396.75,402.160004,396.299988,401.549988,366.480103,1996500
2021-04-30,401.0,401.859985,398.350006,398.799988,363.970306,2328100
2021-05-03,401.0,406.769989,400.529999,405.899994,370.450226,2568500
2021-05-04,405.480011,412.470001,403.5,411.339996,375.4151,3237200
2021-05-05,410.5,412.75,406.799988,412.5,376.473785,2767600
2021-05-06,413.0,416.850006,412.559998,414.970001,378.728119,3058700
2021-05-07,415.0,419.019989,414.070007,417.649994,381.174042,1851000
2021-05-10,419.269989,425.980011,418.220001,420.890015,384.131134,2489300
2021-05-11,421.0,422.290009,410.609985,411.700012,375.743683,3024000
2021-05-12,409.290009,410.850006,404.679993,405.369995,369.966492,2888100
2021-05-13,406.279999,413.179993,404.320007,408.559998,372.87793,2637500
2021-05-14,410.98999,412.589996,408.5,409.799988,374.009583,2072900
2021-05-17,409.309998,412.51001,408.570007,408.630005,372.941803,1583900
2021-05-18,409.690002,412.959991,406.269989,410.380005,374.53891,2694800
2021-05-19,409.48999,410.720001,404.25,409.5,373.73584,2783100
2021-05-20,409.529999,413.829987,408.320007,408.640015,372.950958,2105800
2021-05-21,410.76001,418.630005,409.459991,411.630005,375.679749,4295400
2021-05-24,412.369995,413.899994,409.920013,410.950012,375.059204,1883600
2021-05-25,411.850006,413.859985,408.890015,413.049988,376.975769,2285600
2021-05-26,412.100006,415.299988,411.01001,413.209991,377.121857,1903900
2021-05-27,414.920013,415.109985,410.380005,412.700012,376.656403,2041800
2021-05-28,412.700012,415.470001,410.019989,411.920013,375.944458,2367900
2021-06-01,413.730011,413.730011,406.160004,406.720001,371.198547,2199600
2021-06-02,409.140015,409.140015,404.549988,405.850006,370.404633,2232900
2021-06-03,403.5,409.76001,402.839996,407.959991,372.330261,2281200
2021-06-04,410.959991,411.0,404.649994,405.640015,370.213013,2990900
2021-06-07,406.959991,407.209991,398.690002,400.25,365.293732,3353800
2021-06-08,400.720001,402.75,398.75,401.73999,366.653473,3051300
2021-06-09,403.329987,405.779999,400.529999,401.100006,366.069397,1925700
2021-06-10,401.910004,402.850006,398.470001,401.48999,366.425354,4033600
2021-06-11,403.350006,403.359985,394.779999,397.890015,363.139832,3094300
2021-06-14,397.299988,399.470001,395.130005,399.160004,364.298859,2674900
2021-06-15,399.959991,401.5,396.470001,400.279999,365.321014,2845800
2021-06-16,401.100006,403.149994,396.670013,397.25,362.555664,3330800
2021-06-17,396.0,398.070007,394.609985,397.350006,362.646912,3532000
2021-06-18,387.279999,392.660004,387.25,389.369995,356.665466,5521400
2021-06-21,389.369995,399.200012,389.220001,398.070007,364.634735,3839300
2021-06-22,400.609985,400.649994,397.820007,398.690002,365.202606,3964600
2021-06-23,397.820007,399.0,395.269989,395.559998,362.33551,2942100
2021-06-24,398.320007,402.160004,396.839996,398.869995,365.367523,3309100
2021-06-25,400.100006,409.980011,399.019989,404.950012,370.936798,16928900
2021-06-28,404.950012,404.98999,397.929993,401.459991,367.739929,3193300
2021-06-29,401.970001,403.200012,397.480011,398.100006,364.662201,2458800
2021-06-30,397.540009,401.399994,396.799988,400.440002,366.805603,2875600
2021-07-01,402.029999,405.209991,401.809998,404.890015,370.881866,2678100
2021-07-02,405.089996,409.869995,403.880005,409.359985,374.976379,1982400
2021-07-06,408.670013,411.160004,405.709991,410.26001,375.800873,2615300
2021-07-07,410.350006,412.179993,407.200012,411.660004,377.083191,2270400
2021-07-08,408.609985,410.829987,405.079987,409.950012,375.516815,2032300
2021-07-09,412.529999,413.25,410.640015,412.109985,377.495392,2078900
2021-07-12,411.019989,416.399994,410.309998,416.040009,381.095367,2802600
2021-07-13,416.380005,419.690002,415.709991,418.540009,383.385406,2948900
2021-07-14,420.769989,422.529999,413.350006,414.73999,379.90451,3538700
2021-07-15,411.910004,421.730011,407.200012,420.049988,384.768463,3546500
2021-07-16,421.359985,422.290009,417.640015,419.700012,384.447937,2625400
2021-07-19,417.23999,419.529999,406.809998,409.059998,374.70163,3611300
2021-07-20,411.0,417.730011,410.609985,412.970001,378.283203,3186700
2021-07-21,417.059998,417.230011,410.829987,414.640015,379.812927,1863700
2021-07-22,416.019989,416.829987,413.730011,415.769989,380.847931,1421900
2021-07-23,417.899994,419.339996,415.98999,417.700012,382.615875,1611700
2021-07-26,416.829987,417.670013,410.899994,413.540009,378.805359,2232600
2021-07-27,412.0,415.26001,409.459991,415.100006,380.234222,2630600
2021-07-28,414.48999,414.48999,406.799988,409.170013,374.80246,2446600
2021-07-29,411.279999,412.579987,408.420013,412.079987,377.467865,1597300
2021-07-30,410.76001,413.769989,410.25,412.220001,377.596161,1864200
2021-08-02,413.570007,416.440002,412.809998,415.570007,380.664703,1806500
2021-08-03,415.820007,422.140015,415.079987,421.899994,386.463104,2496500
2021-08-04,422.049988,423.660004,419.709991,421.540009,386.133392,1995400
2021-08-05,422.059998,422.25,407.890015,411.190002,376.652649,3598600
2021-08-06,412.01001,416.769989,412.01001,415.119995,380.252594,1944000
2021-08-09,414.950012,416.230011,410.350006,410.869995,376.359558,1509800
2021-08-10,410.51001,413.649994,408.570007,411.779999,377.193176,1441800
2021-08-11,413.029999,413.929993,407.51001,407.73999,373.492432,1542600
2021-08-12,407.0,408.730011,404.299988,405.959991,371.86203,1939900
2021-08-13,407.079987,410.049988,405.920013,409.670013,375.260315,1537800
2021-08-16,409.839996,417.420013,407.329987,417.209991,382.167084,2377500
2021-08-17,417.100006,422.5,416.630005,421.779999,386.353241,2258000
2021-08-18,421.350006,421.589996,417.089996,417.320007,382.267822,3037000
2021-08-19,415.380005,428.350006,412.399994,427.890015,391.950073,3204500
2021-08-20,428.350006,431.359985,426.910004,429.709991,393.617096,2401900
2021-08-23,430.559998,430.559998,424.899994,425.359985,389.632507,2375900
2021-08-24,425.519989,425.940002,421.720001,423.410004,387.846252,1619300
2021-08-25,421.850006,423.619995,419.450012,419.73999,384.484558,1939000
2021-08-26,419.769989,421.390015,416.630005,416.850006,381.837311,1385400
2021-08-27,418.01001,420.350006,416.119995,418.76001,383.586823,1621600
2021-08-30,418.76001,420.570007,417.890015,418.299988,383.165497,1284200
2021-08-31,417.0,420.73999,414.220001,416.269989,381.305939,4249100
2021-09-01,416.540009,419.869995,411.23999,417.350006,382.29538,2034400
2021-09-02,419.160004,424.399994,418.23999,423.709991,388.121063,3137400
2021-09-03,421.929993,424.0,420.609985,422.859985,387.342468,1604800
2021-09-07,420.299988,422.26001,417.579987,421.23999,385.858551,1920300
2021-09-08,421.190002,422.869995,414.200012,415.390015,380.499939,2262500
2021-09-09,415.339996,420.220001,413.929993,414.549988,379.730499,3508500
2021-09-10,415.559998,416.0,402.589996,403.910004,371.282867,4215800
2021-09-13,407.980011,416.809998,406.450012,414.519989,381.035797,3068200
2021-09-14,417.589996,417.589996,411.369995,412.540009,379.215698,2879800
2021-09-15,412.519989,421.420013,409.5,417.519989,383.793396,3180600
2021-09-16,419.670013,423.399994,414.959991,416.839996,383.168335,2262700
2021-09-17,414.970001,421.089996,414.970001,420.160004,386.220245,4534200
2021-09-20,416.920013,419.299988,408.720001,412.700012,379.362823,2799800
2021-09-21,415.01001,418.779999,412.209991,412.339996,379.03183,2382200
2021-09-22,404.940002,412.0,404.940002,408.700012,375.685944,3629400
2021-09-23,409.799988,414.850006,407.51001,408.029999,375.070007,2681600
2021-09-24,406.940002,407.890015,405.230011,407.079987,374.196777,1950400
2021-09-27,407.829987,412.149994,404.959991,405.269989,372.53299,2608600
2021-09-28,402.600006,404.0,397.019989,398.619995,366.420197,3115400
2021-09-29,397.0,401.850006,395.799988,400.410004,368.065552,2056300
2021-09-30,401.48999,403.48999,390.459991,390.73999,359.176666,3779900
2021-10-01,391.600006,393.690002,383.119995,392.429993,360.730194,3146600
2021-10-04,391.619995,395.149994,384.76001,387.01001,355.748016,3074800
2021-10-05,389.339996,396.01001,389.23999,393.429993,361.649323,3269400
2021-10-06,390.75,394.779999,385.839996,394.25,362.403076,2809200
2021-10-07,396.76001,408.170013,396.709991,404.700012,372.009094,2813700
2021-10-08,406.410004,409.119995,402.640015,408.459991,375.465271,2012200
2021-10-11,408.0,411.220001,404.209991,404.98999,372.275574,2164200
2021-10-12,405.109985,408.380005,402.309998,403.23999,370.666962,2415700
2021-10-13,403.339996,405.309998,398.109985,403.549988,370.951904,3021800
2021-10-14,425.660004,433.5,417.799988,420.359985,386.403992,6038800
2021-10-15,422.049988,430.48999,421.5,428.070007,393.49118,3312000
2021-10-18,428.0,428.0,423.839996,424.619995,390.319885,2232800
2021-10-19,426.829987,427.820007,423.399994,424.380005,390.099304,1616800
2021-10-20,427.0,435.529999,426.839996,435.089996,399.944092,2764000
2021-10-21,435.5,442.5,435.079987,442.279999,406.553284,2465100
2021-10-22,440.839996,449.290009,440.459991,449.160004,412.877594,2736200
2021-10-25,450.0,452.640015,446.440002,449.48999,413.180939,3553500
2021-10-26,450.48999,457.709991,447.589996,454.640015,417.914978,3103900
2021-10-27,454.640015,460.440002,453.480011,453.480011,416.848663,3520400
2021-10-28,453.0,457.899994,452.519989,455.440002,418.65033,1672600
2021-10-29,454.410004,461.390015,453.059998,460.470001,423.273987,2497800
2021-11-01,461.820007,465.76001,451.179993,454.109985,417.427734,2203100
2021-11-02,456.26001,456.440002,450.380005,452.040009,415.524902,2600000
2021-11-03,450.420013,457.519989,447.040009,457.329987,420.387604,2438200
2021-11-04,457.600006,458.51001,452.160004,456.76001,419.863647,2517300
2021-11-05,457.829987,461.519989,454.579987,455.809998,418.990448,2905000
2021-11-08,456.850006,464.190002,454.309998,462.619995,425.250305,2279900
2021-11-09,462.619995,464.470001,460.290009,464.350006,426.840637,2657800
2021-11-10,465.390015,466.0,456.630005,459.899994,422.750031,2818200
2021-11-11,460.0,460.850006,455.440002,457.390015,420.442841,2246800
2021-11-12,460.670013,461.0,457.079987,458.98999,421.913574,2609500
2021-11-15,458.0,458.209991,450.5,450.799988,414.385101,2849600
2021-11-16,452.98999,458.350006,449.369995,449.619995,413.300385,3383800
2021-11-17,450.390015,453.959991,448.730011,448.950012,412.684601,2281500
2021-11-18,448.730011,452.809998,447.109985,449.470001,413.162567,2073800
2021-11-19,448.130005,449.450012,439.5,440.0,404.457489,3536100
2021-11-22,442.820007,443.75,437.390015,437.540009,402.196228,2598700
2021-11-23,436.01001,447.519989,436.0,447.130005,411.011627,2857000
2021-11-24,446.640015,450.980011,445.640015,450.160004,413.796844,2248800
2021-11-26,444.920013,448.179993,438.209991,439.910004,404.374786,2480600
2021-11-29,443.559998,453.079987,440.549988,452.0,415.48822,4079700
2021-11-30,447.059998,451.350006,441.25,444.220001,408.33667,7435400
2021-12-01,452.890015,455.920013,444.140015,444.339996,408.446899,4325500
2021-12-02,443.149994,447.890015,439.220001,446.019989,409.99118,4738700
2021-12-03,447.769989,454.440002,445.170013,449.320007,414.371826,3038300
2021-12-06,452.149994,461.779999,451.519989,460.109985,424.322479,4721500
2021-12-07,462.75,465.75,460.230011,464.730011,428.583191,3105200
2021-12-08,466.089996,470.170013,462.48999,468.859985,432.391937,3228300
2021-12-09,468.529999,474.480011,467.359985,473.320007,436.505005,2977400
2021-12-10,472.0,478.480011,471.01001,478.230011,441.033234,2572300
2021-12-13,477.019989,480.26001,474.01001,478.140015,440.950195,2724800
2021-12-14,479.75,483.040009,477.179993,479.459991,442.167542,3018000
2021-12-15,480.600006,495.399994,480.140015,494.380005,455.927002,4188600
2021-12-16,494.01001,496.959991,490.109985,492.859985,454.525208,4080800
2021-12-17,491.420013,493.130005,486.380005,487.119995,449.23172,5707200
2021-12-20,482.0,485.01001,475.26001,483.730011,446.105347,3145600
2021-12-21,487.019989,489.0,482.200012,487.209991,449.314728,2536000
2021-12-22,487.149994,495.450012,485.899994,494.130005,455.696472,1687500
2021-12-23,495.0,498.149994,492.809998,495.380005,456.849274,1706500
2021-12-27,498.679993,500.299988,496.640015,499.5,460.648804,1349400
2021-12-28,502.0,505.320007,500.399994,502.940002,463.821228,1495500
2021-12-29,504.779999,507.220001,502.0,505.579987,466.255829,1573900
2021-12-30,507.929993,509.230011,503.649994,504.429993,465.195312,1309800
2021-12-31,504.140015,506.869995,502.040009,502.140015,463.083466,1695400
2022-01-03,500.0,502.899994,493.049988,502.279999,463.212585,3033600
2022-01-04,503.200012,503.75,490.880005,490.899994,452.717651,3908100
2022-01-05,494.769989,497.0,489.690002,489.690002,451.601776,3921100
2022-01-06,480.0,484.140015,463.119995,469.649994,433.120483,6555200
2022-01-07,467.690002,467.970001,455.549988,458.600006,422.929962,5494200
2022-01-10,456.0,465.859985,454.440002,465.0,428.832245,5831800
2022-01-11,467.200012,470.450012,460.670013,469.0,432.521149,3332800
2022-01-12,468.970001,475.320007,466.339996,473.720001,436.873962,3502300
2022-01-13,475.890015,476.549988,465.980011,467.429993,431.07312,3005300
2022-01-14,469.890015,473.170013,465.079987,468.690002,432.235199,3665400
2022-01-18,465.170013,465.709991,458.350006,460.98999,425.134064,3938800
2022-01-19,468.0,475.48999,461.51001,462.519989,426.545105,4030900
2022-01-20,464.380005,471.630005,462.0,463.0,426.987701,3228600
2022-01-21,463.5,470.790009,461.070007,461.170013,425.300049,4273200
2022-01-24,458.070007,464.140015,448.130005,462.269989,426.314484,4780700
2022-01-25,454.070007,459.48999,447.269989,456.839996,421.306946,3428900
2022-01-26,458.450012,463.880005,453.450012,458.429993,422.773224,4435900
2022-01-27,458.079987,468.679993,457.01001,461.600006,425.696655,3508100
2022-01-28,461.399994,466.279999,455.079987,466.059998,429.809784,3364400
2022-01-31,465.0,473.179993,464.399994,472.570007,435.813354,3500500
2022-02-01,475.0,475.0,462.75,468.410004,431.976959,3148600
2022-02-02,469.059998,481.980011,469.059998,479.779999,442.462555,3026800
2022-02-03,498.649994,500.179993,483.570007,488.769989,450.753357,4370900
2022-02-04,481.75,489.630005,480.190002,483.170013,445.588928,3066400
2022-02-07,484.910004,487.26001,481.299988,483.700012,446.077759,2937200
2022-02-08,481.350006,495.670013,481.350006,493.410004,455.03241,3534700
2022-02-09,497.0,500.929993,496.290009,498.100006,459.357635,2818100
2022-02-10,492.23999,494.220001,485.070007,486.720001,448.862823,2626100
2022-02-11,484.679993,490.429993,476.440002,478.130005,440.940948,2493800
2022-02-14,475.109985,477.73999,469.329987,474.399994,437.501038,2549500
2022-02-15,475.940002,481.170013,475.200012,478.230011,441.033234,3001000
2022-02-16,475.5,481.730011,471.399994,480.049988,442.711548,2651800
2022-02-17,478.170013,479.290009,468.890015,470.339996,433.756744,2403100
2022-02-18,470.25,474.920013,466.829987,467.809998,431.423553,2992300
2022-02-22,463.829987,467.190002,457.820007,462.51001,426.535858,3029800
2022-02-23,467.190002,467.720001,458.839996,459.619995,423.870697,2840300
2022-02-24,449.519989,456.589996,445.73999,455.890015,420.430817,3933000
2022-02-25,456.649994,475.779999,456.230011,475.75,438.746063,3314400
2022-02-28,465.850006,477.309998,465.609985,475.869995,438.856659,3918300
2022-03-01,470.890015,476.959991,467.730011,476.25,439.207214,2917600
2022-03-02,478.190002,487.170013,477.890015,485.380005,447.627014,3675900
2022-03-03,486.0,491.380005,482.220001,486.589996,448.742889,3139400
2022-03-04,480.690002,499.660004,477.48999,498.649994,459.864899,4170100
2022-03-07,500.0,500.0,483.019989,486.869995,449.00116,4123300
2022-03-08,478.799988,484.48999,471.519989,473.459991,436.634155,3849500
2022-03-09,482.579987,487.720001,473.589996,485.570007,447.802277,3115500
2022-03-10,479.329987,493.709991,477.829987,491.440002,453.215698,2834800
2022-03-11,487.829987,493.799988,482.51001,482.869995,446.630005,2615000
2022-03-14,490.399994,495.589996,485.279999,487.920013,451.301025,2704100
2022-03-15,490.0,499.940002,487.309998,497.910004,460.541199,3043000
2022-03-16,499.829987,505.5,490.01001,498.26001,460.865021,3497100
2022-03-17,496.0,507.119995,495.179993,507.019989,468.96756,2357200
2022-03-18,508.73999,510.679993,501.559998,506.119995,468.135071,5065600
2022-03-21,505.01001,513.0,504.359985,507.660004,469.559509,2617700
2022-03-22,509.269989,511.850006,504.839996,505.320007,467.395111,2752500
2022-03-23,502.269989,507.059998,501.329987,503.230011,465.462036,2753200
2022-03-24,505.0,515.780029,503.859985,513.460022,474.924194,2789200
2022-03-25,514.190002,516.530029,509.23999,513.030029,474.52652,2551100
2022-03-28,514.320007,517.140015,508.809998,513.200012,474.683746,2643000
2022-03-29,517.099976,519.590027,507.299988,510.730011,472.399109,3478400
2022-03-30,515.109985,521.200012,512.47998,520.820007,481.731842,3041200
2022-03-31,517.099976,521.890015,509.670013,509.970001,471.696198,3979700
2022-04-01,510.679993,514.780029,506.600006,512.590027,474.119537,2344100
2022-04-04,512.210022,512.47998,504.529999,510.019989,471.742401,2657500
2022-04-05,510.0,524.72998,508.0,517.76001,478.901489,3268600
2022-04-06,518.219971,533.52002,518.0,531.75,491.841522,3955600
2022-04-07,530.0,538.280029,528.390015,536.950012,496.651306,2867000
2022-04-08,539.0,548.969971,538.099976,545.960022,504.984955,3986700
2022-04-11,543.599976,547.609985,536.640015,537.440002,497.104523,3574000
2022-04-12,535.409973,540.72998,530.780029,533.710022,493.654419,3575700
2022-04-13,533.320007,538.280029,528.619995,537.0,496.69754,3012000
2022-04-14,538.5,553.289978,534.070007,534.820007,494.681183,4211300
2022-04-18,537.900024,541.0,530.380005,534.080017,493.996613,2087100
2022-04-19,535.890015,542.47998,535.23999,537.700012,497.345032,2207600
2022-04-20,542.140015,548.359985,539.0,546.01001,505.031372,2986300
2022-04-21,545.5,548.0,536.030029,537.440002,497.104523,2539900
2022-04-22,532.059998,533.349976,520.179993,520.940002,481.842865,3453300
2022-04-25,520.400024,526.26001,511.730011,524.27002,484.922974,3030400
2022-04-26,524.23999,526.26001,513.51001,513.780029,475.220184,2895300
2022-04-27,514.909973,520.900024,509.820007,513.809998,475.247925,3353700
2022-04-28,516.76001,526.280029,513.169983,524.419983,485.061615,2582700
2022-04-29,518.849976,519.900024,506.959991,508.549988,470.38269,2873200
2022-05-02,510.809998,513.51001,493.339996,501.149994,463.538086,3184300
2022-05-03,501.130005,505.519989,497.480011,499.619995,462.122925,2763400
2022-05-04,499.5,509.769989,493.089996,507.619995,469.522522,4002600
2022-05-05,507.209991,510.670013,489.230011,494.720001,457.590607,3359700
2022-05-06,485.01001,501.570007,485.0,499.619995,462.122925,3260300
2022-05-09,490.399994,494.630005,484.429993,486.420013,449.913635,3862700
2022-05-10,493.809998,496.350006,481.119995,488.01001,451.384308,4275500
2022-05-11,484.390015,500.519989,484.390015,486.149994,449.66394,3936300
2022-05-12,486.100006,486.890015,471.420013,478.799988,442.865417,3997600
2022-05-13,480.980011,487.0,475.809998,485.399994,448.970154,2453400
2022-05-16,485.410004,495.559998,484.149994,489.220001,452.503479,2338800
2022-05-17,494.0,494.720001,488.459991,492.529999,455.565002,2289000
2022-05-18,488.26001,489.209991,468.359985,471.380005,436.00238,3240500
2022-05-19,464.320007,481.579987,463.329987,478.549988,442.634216,3813800
2022-05-20,481.380005,487.470001,472.309998,485.730011,449.275391,3068200
2022-05-23,486.290009,495.73999,486.290009,492.079987,455.148773,2279800
2022-05-24,490.790009,498.079987,488.660004,497.559998,460.21759,2658100
2022-05-25,498.519989,502.309998,491.26001,498.089996,460.707794,3161600
2022-05-26,501.73999,507.26001,499.410004,502.230011,464.537079,2705800
2022-05-27,491.0,507.109985,489.390015,507.109985,469.050812,3349100
2022-05-31,503.619995,504.109985,495.660004,496.779999,459.496094,4003100
2022-06-01,498.320007,501.380005,487.779999,492.549988,455.583588,1765900
2022-06-02,494.0,496.149994,482.970001,492.26001,455.315338,2093500
2022-06-03,488.329987,491.670013,484.899994,485.609985,449.164337,1756900
2022-06-06,489.429993,493.630005,486.290009,490.179993,453.391418,1781500
2022-06-07,489.5,497.609985,487.119995,497.100006,459.792023,2341900
2022-06-08,494.0,497.899994,488.549988,493.529999,456.490051,3268100
2022-06-09,492.880005,496.459991,487.609985,489.429993,452.697693,3148800
2022-06-10,484.799988,490.160004,480.929993,484.630005,448.257996,2599900
2022-06-13,475.130005,481.339996,467.26001,469.700012,434.448456,3764600
2022-06-14,467.5,469.179993,457.420013,461.75,427.095093,3814200
2022-06-15,464.200012,469.019989,456.5,464.329987,429.481445,2550700
2022-06-16,453.399994,457.809998,450.679993,456.089996,423.364349,3135600
2022-06-17,450.75,461.459991,449.700012,452.059998,419.623505,5277400
2022-06-21,457.809998,485.119995,457.100006,480.320007,445.855774,5726800
2022-06-22,475.720001,495.920013,474.540009,489.679993,454.544189,5061000
2022-06-23,494.950012,503.579987,491.959991,499.809998,463.947327,4687700
2022-06-24,499.440002,499.76001,486.559998,495.640015,460.076508,15861100
2022-06-27,492.829987,511.890015,492.579987,505.660004,469.377502,3907100
2022-06-28,512.080017,518.609985,505.079987,508.440002,471.958069,4978200
2022-06-29,508.850006,518.700012,506.01001,515.710022,478.706512,3823400
2022-06-30,513.549988,516.320007,509.720001,513.630005,476.775696,3568900
2022-07-01,512.320007,517.530029,502.309998,517.400024,480.275208,2426600
2022-07-05,507.640015,511.0,492.25,505.23999,468.987701,3029600
2022-07-06,505.640015,517.409973,504.299988,515.289978,478.316589,2506700
2022-07-07,515.25,517.299988,512.22998,514.380005,477.471863,2385400
2022-07-08,512.309998,528.369995,511.01001,518.630005,481.416962,3092100
2022-07-11,514.859985,521.469971,511.809998,516.950012,479.857483,1743600
2022-07-12,513.25,519.140015,510.619995,514.419983,477.509003,2706500
2022-07-13,508.070007,511.859985,501.190002,501.23999,465.274689,3467700
2022-07-14,495.0,505.890015,492.279999,502.429993,466.379303,3765500
2022-07-15,526.059998,531.98999,515.450012,529.75,491.739044,5742500
2022-07-18,531.0,532.159973,518.75,519.369995,482.103821,3212000
2022-07-19,521.090027,533.840027,520.590027,533.450012,495.173615,2953500
2022-07-20,533.450012,534.049988,515.72998,519.469971,482.196594,4327500
2022-07-21,519.390015,522.469971,511.140015,522.460022,484.972168,2667600
2022-07-22,526.0,527.599976,518.400024,521.409973,483.997467,1850300
2022-07-25,526.090027,532.890015,524.219971,529.469971,491.479065,2337200
2022-07-26,533.799988,537.640015,531.030029,531.590027,493.447052,2637800
2022-07-27,533.539978,537.859985,528.039978,534.609985,496.250458,2268100
2022-07-28,537.48999,544.340027,531.73999,541.48999,502.636658,2344500
2022-07-29,540.01001,543.849976,536.690002,542.340027,503.425781,2945700
2022-08-01,542.27002,543.650024,531.0,535.380005,496.965088,2335000
2022-08-02,537.549988,540.530029,531.719971,535.460022,497.039276,2114200
2022-08-03,537.26001,543.619995,535.690002,540.650024,501.856964,1802900
2022-08-04,539.289978,540.429993,532.76001,533.75,495.452057,2368000
2022-08-05,530.0,535.5,527.559998,535.059998,496.66803,2373400
2022-08-08,539.909973,541.299988,533.419983,536.599976,498.097565,1656400
2022-08-09,540.0,545.73999,536.380005,537.26001,498.710175,2147200
2022-08-10,540.26001,541.97998,533.809998,537.719971,499.137207,2291400
2022-08-11,538.23999,538.630005,529.669983,532.859985,494.625885,3006200
2022-08-12,535.609985,544.400024,534.450012,543.700012,504.68808,1981000
2022-08-15,541.669983,547.210022,538.559998,544.640015,505.560547,1447300
2022-08-16,545.210022,547.440002,542.390015,546.119995,506.93454,1773000
2022-08-17,545.23999,547.789978,541.570007,545.0,505.894836,1471700
2022-08-18,545.01001,548.130005,541.820007,545.219971,506.099091,1486400
2022-08-19,545.5,553.130005,544.820007,548.320007,508.976685,2258000
2022-08-22,541.390015,549.52002,541.349976,544.570007,505.495697,1672900
2022-08-23,543.289978,543.289978,533.210022,535.799988,497.355011,2039600
2022-08-24,536.679993,539.859985,535.02002,536.460022,497.967621,1761200
2022-08-25,535.01001,542.02002,531.25,541.570007,502.710968,1965800
2022-08-26,542.26001,543.190002,528.219971,529.25,491.274994,1906700
2022-08-29,526.0,532.900024,522.869995,529.77002,491.75769,1594000
2022-08-30,530.409973,531.090027,521.789978,522.840027,485.32486,2013400
2022-08-31,520.820007,527.099976,519.159973,519.330017,482.066681,2891300
2022-09-01,519.330017,524.26001,515.090027,524.0,486.401703,2085300
2022-09-02,529.619995,529.789978,513.809998,516.349976,479.300537,1944200
2022-09-06,519.929993,527.450012,516.919983,517.679993,480.535126,2711900
2022-09-07,517.0,523.5,514.679993,521.679993,484.248047,2504400
2022-09-08,520.950012,528.48999,518.809998,527.51001,489.659821,1557500
2022-09-09,527.830017,527.830017,522.580017,524.340027,488.244415,2495500
2022-09-12,525.0,535.02002,522.5,531.25,494.67868,2792000
2022-09-13,524.0,525.26001,511.970001,513.960022,478.578979,3172500
2022-09-14,514.0,515.380005,506.100006,509.769989,474.677399,2648100
2022-09-15,516.299988,527.97998,514.140015,522.909973,486.912842,3058100
2022-09-16,518.52002,522.820007,517.080017,521.02002,485.152924,3981700
2022-09-19,518.590027,524.0,512.969971,523.549988,487.508789,2130800
2022-09-20,524.23999,524.669983,514.809998,522.799988,486.810425,2421700
2022-09-21,525.030029,528.01001,512.02002,512.080017,476.82843,2427700
2022-09-22,511.029999,520.969971,506.109985,517.460022,481.838043,2285600
2022-09-23,513.559998,514.659973,506.380005,513.609985,478.253082,2536900
2022-09-26,507.390015,512.570007,499.0,508.359985,473.364502,2867400
2022-09-27,510.369995,516.789978,503.579987,508.369995,473.37384,2583400
2022-09-28,506.480011,516.27002,500.799988,513.940002,478.560333,3027300
2022-09-29,514.77002,514.77002,502.470001,508.829987,473.802094,2392000
2022-09-30,511.100006,516.549988,504.839996,505.040009,470.273041,3116000
2022-10-03,507.079987,517.809998,505.399994,515.51001,480.022278,2562400
2022-10-04,518.349976,524.590027,516.830017,523.169983,487.154907,3189800
2022-10-05,521.0,529.349976,520.130005,527.070007,490.786407,2281800
2022-10-06,528.330017,528.580017,516.73999,519.130005,483.393066,2187300
2022-10-07,514.169983,514.169983,501.059998,504.850006,470.096039,3273700
2022-10-10,505.600006,506.309998,495.019989,498.859985,464.518433,2459100
2022-10-11,496.970001,506.829987,495.179993,499.809998,465.403076,2844500
2022-10-12,502.130005,508.25,498.209991,499.959991,465.542725,2254300
2022-10-13,493.450012,513.469971,487.73999,509.910004,474.80777,3999700
2022-10-14,520.0,529.909973,511.929993,513.130005,477.806122,5628900
2022-10-17,517.73999,524.309998,515.280029,521.880005,485.953796,3282300
2022-10-18,532.0,532.0,518.330017,522.210022,486.261017,2345500
2022-10-19,521.73999,523.820007,514.599976,520.320007,484.50116,2500500
2022-10-20,523.049988,529.419983,519.780029,520.880005,485.022552,2390800
2022-10-21,518.059998,536.530029,518.01001,533.72998,496.988037,2896000
2022-10-24,538.070007,546.47998,537.799988,541.599976,504.316162,2627100
2022-10-25,537.789978,543.919983,533.900024,540.219971,503.031128,2411900
2022-10-26,541.380005,547.640015,540.210022,543.169983,505.778076,2863500
2022-10-27,546.52002,546.52002,539.76001,541.799988,504.50238,2212100
2022-10-28,544.969971,553.0,543.690002,551.23999,513.292603,2761900
2022-10-31,555.0,558.099976,550.130005,555.150024,516.933472,2770400
2022-11-01,555.0,555.690002,544.219971,547.309998,509.633209,3338900
2022-11-02,544.409973,554.580017,543.070007,543.429993,506.020294,2696200
2022-11-03,541.73999,547.869995,538.130005,543.609985,506.187866,2245300
2022-11-04,547.049988,547.76001,527.140015,538.169983,501.122284,3513100
2022-11-07,538.169983,546.950012,535.469971,545.02002,507.500732,2540300
2022-11-08,547.049988,554.799988,542.0,553.049988,514.978027,2797000
2022-11-09,553.780029,554.609985,539.440002,540.659973,503.440857,2672600
2022-11-10,548.929993,551.700012,533.950012,544.169983,506.70932,3426400
2022-11-11,546.280029,546.280029,509.649994,522.080017,486.140045,7034300
2022-11-14,522.0,528.97998,513.409973,513.75,478.383423,5238400
2022-11-15,512.809998,516.640015,500.769989,503.01001,468.382812,5103800
2022-11-16,505.890015,514.130005,505.470001,511.519989,476.306946,3430800
2022-11-17,512.159973,526.97998,512.159973,515.309998,479.836029,4246300
2022-11-18,522.119995,533.0,519.460022,530.0,493.514801,3566000
2022-11-21,529.01001,531.950012,515.380005,517.190002,481.586639,3349600
2022-11-22,519.940002,524.659973,519.909973,523.090027,487.080505,2567400
2022-11-23,525.0,530.440002,523.0,529.710022,493.244843,2238300
2022-11-25,534.0,540.849976,532.52002,537.619995,500.610168,1419200
2022-11-28,535.830017,539.580017,531.690002,532.27002,495.62854,2699900
2022-11-29,531.669983,532.969971,523.650024,528.0,491.652405,3751000
2022-11-30,529.719971,548.080017,527.47998,547.76001,510.052094,9688900
2022-12-01,552.359985,553.0,535.799988,536.909973,499.949005,2997800
2022-12-02,532.830017,538.609985,532.440002,536.159973,500.789642,2346200
2022-12-05,531.48999,540.380005,530.880005,535.039978,499.743652,2424800
2022-12-06,534.419983,540.590027,534.23999,539.320007,503.741241,3097700
2022-12-07,540.840027,545.909973,539.630005,542.909973,507.09433,2849100
2022-12-08,544.859985,551.289978,543.780029,547.919983,511.773865,2272300
2022-12-09,547.929993,548.48999,538.869995,539.200012,503.629181,2852400
2022-12-12,541.849976,546.080017,539.280029,545.859985,509.849823,2714100
2022-12-13,550.559998,550.98999,535.099976,538.219971,502.713898,3369700
2022-12-14,541.929993,543.47998,531.570007,538.359985,502.844543,2654600
2022-12-15,533.98999,534.070007,525.469971,527.679993,492.869141,2963800
2022-12-16,525.150024,525.809998,515.719971,523.700012,489.151764,7109100
2022-12-19,524.599976,527.210022,520.929993,523.599976,489.058228,1808100
2022-12-20,526.98999,526.98999,519.700012,520.210022,485.891937,2086100
2022-12-21,523.630005,527.880005,518.099976,527.539978,492.738312,2182000
2022-12-22,526.47998,529.01001,521.630005,527.090027,492.318207,1851600
2022-12-23,524.099976,531.309998,522.900024,531.309998,496.259705,1292300
2022-12-27,533.929993,535.840027,529.849976,531.98999,496.894867,1596700
2022-12-28,535.070007,538.150024,527.72998,528.450012,493.588409,1694200
2022-12-29,532.539978,533.679993,528.859985,529.880005,494.923981,1379700
2022-12-30,530.0,530.5,524.840027,530.179993,495.204193,1849600
2023-01-03,525.130005,525.630005,512.159973,518.640015,484.425476,3525600
2023-01-04,518.640015,518.640015,500.600006,504.5,471.218323,5070400
2023-01-05,501.01001,502.089996,488.5,489.959991,457.637543,5497100
2023-01-06,491.589996,492.869995,487.540009,490.0,457.674896,4841300
2023-01-09,492.410004,499.98999,488.540009,490.059998,457.730865,3702800
2023-01-10,488.850006,490.470001,482.679993,486.0,453.938751,3164000
2023-01-11,485.290009,495.600006,485.0,493.399994,460.850586,4274200
2023-01-12,490.0,498.730011,485.220001,495.670013,462.970856,3726800
2023-01-13,486.109985,509.5,486.0,489.570007,457.273254,5390100
2023-01-17,491.200012,492.940002,483.779999,485.079987,453.079437,4495600
2023-01-18,488.049988,489.5,474.75,476.23999,444.822571,4398200
2023-01-19,477.869995,486.390015,477.390015,484.359985,452.406952,4549600
2023-01-20,485.529999,486.98999,479.0,486.720001,454.611237,3525900
2023-01-23,486.679993,490.100006,481.390015,485.809998,453.761292,3418700
2023-01-24,500.26001,500.26001,480.0,491.600006,459.169373,3036300
2023-01-25,489.279999,495.359985,485.730011,492.5,460.009979,3037300
2023-01-26,492.5,496.450012,490.579987,492.480011,459.991272,3005000
2023-01-27,493.369995,493.369995,484.470001,486.049988,453.985504,3177100
2023-01-30,487.809998,495.25,484.799988,485.790009,453.742615,3606900
2023-01-31,498.0,505.5,493.130005,499.190002,466.258667,5567000
2023-02-01,499.950012,504.380005,495.670013,497.0,464.213104,3451200
2023-02-02,494.26001,495.0,463.890015,470.829987,439.769501,11169900
2023-02-03,475.230011,478.779999,469.75,472.019989,440.881042,5440100
2023-02-06,472.0,478.970001,471.01001,475.23999,443.88855,4174200
2023-02-07,471.040009,478.079987,469.029999,476.880005,445.420441,3394600
2023-02-08,475.470001,485.040009,475.109985,483.220001,451.342133,3466400
2023-02-09,485.630005,489.700012,482.399994,485.730011,453.686615,3664600
2023-02-10,489.130005,495.660004,488.75,494.25,461.64447,3418100
2023-02-13,494.0,499.869995,491.76001,495.350006,462.671936,2589000
2023-02-14,494.290009,497.950012,489.089996,492.829987,460.318207,2072600
2023-02-15,489.649994,491.829987,488.390015,491.25,458.842407,2242500
2023-02-16,491.149994,494.0,487.269989,487.350006,455.199677,2611500
2023-02-17,487.380005,499.459991,487.350006,499.079987,466.155853,3891500
2023-02-21,496.700012,501.399994,490.5,491.309998,458.898499,2877300
2023-02-22,492.809998,493.890015,488.670013,488.890015,456.638092,2982800
2023-02-23,486.660004,493.329987,485.869995,491.690002,459.253418,2511800
2023-02-24,489.579987,492.51001,483.01001,484.329987,452.378876,2940400
2023-02-27,488.769989,490.940002,481.959991,483.320007,451.435608,3006200
2023-02-28,482.670013,483.359985,473.920013,475.940002,444.542389,3902100
2023-03-01,473.609985,478.410004,472.0,475.220001,443.869965,2996900
2023-03-02,475.209991,480.429993,473.25,477.700012,446.186279,2188800
2023-03-03,477.940002,479.100006,474.220001,478.559998,446.989624,2863300
2023-03-06,481.369995,484.350006,479.0,480.779999,449.063141,3812700
2023-03-07,482.980011,483.820007,472.559998,473.880005,442.618317,2589200
2023-03-08,471.75,475.390015,466.76001,470.600006,439.554718,3036600
2023-03-09,473.950012,473.950012,463.75,464.910004,434.240051,2780400
2023-03-10,462.769989,468.859985,457.589996,460.329987,431.493591,3787500
2023-03-13,458.649994,470.369995,458.649994,463.679993,434.633759,2971600
2023-03-14,464.649994,469.839996,459.049988,464.579987,435.477356,3258200
2023-03-15,460.98999,468.880005,459.23999,465.429993,436.274139,3770200
2023-03-16,464.709991,473.390015,463.100006,472.019989,442.451324,2940500
2023-03-17,471.390015,472.01001,466.299988,469.5,440.089172,5290000
2023-03-20,470.0,479.820007,470.0,476.959991,447.081848,3119400
2023-03-21,478.390015,481.450012,475.720001,480.100006,450.025208,3163300
2023-03-22,481.950012,485.73999,474.820007,475.519989,445.732086,2632200
2023-03-23,477.410004,480.670013,466.670013,469.910004,440.47348,3284900
2023-03-24,468.980011,476.880005,467.589996,475.98999,446.172577,2533200
2023-03-27,485.549988,486.290009,478.589996,481.899994,451.712402,2271800
2023-03-28,482.0,483.790009,470.690002,472.579987,442.976257,2369500
2023-03-29,475.109985,475.880005,464.950012,466.589996,437.361511,3733200
2023-03-30,466.570007,470.410004,461.079987,470.059998,440.614136,3324600
2023-03-31,471.519989,476.0,470.100006,472.589996,442.985596,3996700
2023-04-03,485.200012,496.130005,483.48999,494.190002,463.232544,4729100
2023-04-04,493.029999,496.100006,491.839996,493.25,462.351349,2624700
2023-04-05,497.390015,511.73999,496.100006,509.230011,477.330475,4964800
2023-04-06,511.0,514.23999,507.149994,512.809998,480.686066,3472600
2023-04-10,510.809998,515.390015,508.089996,515.179993,482.907623,2714500
2023-04-11,516.140015,522.219971,515.219971,520.969971,488.334869,3065300
2023-04-12,524.97998,526.700012,520.039978,521.190002,488.541138,3422400
2023-04-13,523.909973,530.450012,520.5,526.22998,493.265503,4224400
2023-04-14,522.0,527.23999,508.5,511.790009,479.730011,4872000
2023-04-17,508.720001,509.589996,502.75,505.350006,473.69342,3660900
2023-04-18,503.670013,506.98999,498.140015,504.480011,472.87796,3232000
2023-04-19,500.649994,501.970001,483.630005,486.200012,455.743073,5809100
2023-04-20,485.470001,489.649994,483.26001,487.459991,456.924072,3283000
2023-04-21,490.040009,490.730011,482.140015,483.820007,453.512146,3165300
2023-04-24,483.410004,490.220001,482.649994,488.940002,458.311401,2322400
2023-04-25,492.679993,498.5,490.579987,491.920013,461.104797,2937300
2023-04-26,485.869995,487.700012,478.359985,482.950012,452.696655,2930000
2023-04-27,482.200012,490.980011,482.200012,490.470001,459.745605,2473200
2023-04-28,488.690002,493.959991,488.119995,492.089996,461.264038,2398900
2023-05-01,494.589996,499.390015,491.809998,495.700012,464.647949,2105600
2023-05-02,495.25,496.709991,489.269989,493.390015,462.482697,2152300
2023-05-03,494.399994,495.450012,488.029999,489.440002,458.78006,1749700
2023-05-04,487.049988,489.690002,481.950012,487.279999,456.755432,2555700
2023-05-05,494.059998,500.850006,492.029999,494.279999,463.316956,2329400
2023-05-08,492.040009,494.350006,488.320007,492.619995,461.760864,1738500
2023-05-09,492.839996,499.399994,490.299988,490.380005,459.661224,2038600
2023-05-10,489.399994,493.470001,487.640015,490.070007,459.370575,2018700
2023-05-11,488.0,490.119995,485.660004,488.76001,458.142761,2384200
2023-05-12,488.76001,492.899994,487.75,491.230011,460.457947,1536500
2023-05-15,491.399994,491.790009,483.700012,486.859985,456.361633,2169700
2023-05-16,487.619995,489.209991,479.01001,479.720001,449.668976,2178900
2023-05-17,480.0,485.399994,477.540009,484.809998,454.440125,2682000
2023-05-18,482.049988,482.549988,473.890015,479.230011,449.209656,3040100
2023-05-19,479.579987,484.799988,477.809998,478.820007,448.825378,2317900
2023-05-22,480.440002,482.200012,477.910004,480.619995,450.512634,2242800
2023-05-23,476.179993,483.390015,472.540009,479.440002,449.406586,2874200
2023-05-24,480.609985,483.279999,478.890015,480.829987,450.709442,1904700
2023-05-25,477.630005,481.769989,474.299988,477.700012,447.775513,2684100
2023-05-26,478.059998,488.390015,478.0,481.519989,451.356232,3135200
2023-05-30,476.679993,485.869995,476.029999,479.850006,449.790833,3180800
2023-05-31,478.119995,487.399994,477.109985,487.23999,456.717926,4944100
2023-06-01,487.790009,498.779999,486.109985,493.630005,462.707672,3376600
2023-06-02,492.0,501.019989,490.359985,499.579987,468.284882,3064500
2023-06-05,500.700012,502.899994,497.420013,498.190002,466.981964,2688800
2023-06-06,499.899994,499.899994,483.670013,487.570007,457.027222,3816600
2023-06-07,489.950012,490.440002,481.600006,482.130005,451.928009,4381700
2023-06-08,484.390015,491.820007,482.429993,490.230011,459.52063,2725900
2023-06-09,489.98999,498.220001,487.230011,493.619995,462.698242,3174100
2023-06-12,492.299988,494.450012,488.720001,492.589996,461.732788,2207700
2023-06-13,490.869995,494.660004,488.660004,491.309998,460.53299,3016600
2023-06-14,454.640015,460.630005,445.679993,459.859985,431.05304,14672400
2023-06-15,461.98999,472.0,460.910004,465.890015,438.498047,6798100
2023-06-16,466.140015,468.519989,457.929993,458.48999,431.533081,7699100
2023-06-20,456.75,470.48999,456.75,469.390015,441.792236,4597700
2023-06-21,468.950012,479.369995,467.190002,476.75,448.719452,4886500
2023-06-22,478.179993,483.179993,478.0,479.049988,450.884308,3179000
2023-06-23,478.329987,482.279999,476.549988,477.0,448.954742,4862600
2023-06-26,478.140015,481.309998,473.0,479.059998,450.893707,2968300
2023-06-27,478.130005,483.179993,477.769989,482.559998,454.187927,3693200
2023-06-28,481.959991,482.119995,473.980011,474.450012,446.554749,3670100
2023-06-29,475.079987,479.709991,473.079987,476.440002,448.427704,2979300
2023-06-30,478.0,482.100006,475.119995,480.640015,452.380798,3970400
2023-07-03,478.100006,480.209991,476.299988,477.880005,449.783112,1915700
2023-07-05,476.029999,477.290009,470.589996,471.220001,443.514648,5053100
2023-07-06,469.350006,472.399994,466.649994,469.359985,441.763977,3913600
2023-07-07,465.0,468.609985,460.820007,461.579987,434.441406,4131600
2023-07-10,460.0,463.100006,459.160004,463.049988,435.824982,4339200
2023-07-11,462.369995,466.48999,461.140015,462.890015,435.674377,3086800
2023-07-12,463.0,464.820007,451.25,451.700012,425.142273,7287600
2023-07-13,452.0,454.899994,447.179993,447.75,421.42453,7276800
2023-07-14,462.549988,485.0,460.109985,480.170013,451.938416,11379300
2023-07-17,481.109985,484.600006,478.299988,484.079987,455.6185,4582000
2023-07-18,489.329987,504.420013,487.5,500.0,470.602478,8816400
2023-07-19,507.540009,514.659973,502.480011,503.700012,474.084961,4956500
2023-07-20,506.660004,508.679993,500.529999,504.23999,474.59317,2963100
2023-07-21,505.049988,510.410004,504.519989,506.529999,476.748566,2887300
2023-07-24,505.329987,509.779999,504.570007,508.679993,478.772186,2279000
2023-07-25,510.0,512.5,507.279999,510.929993,480.889893,2730600
2023-07-26,511.540009,515.859985,506.630005,508.0,478.132111,3697200
2023-07-27,508.570007,510.5,503.130005,505.230011,475.525024,3028300
2023-07-28,505.209991,507.480011,497.279999,502.910004,473.34137,2930000
2023-07-31,503.0,507.880005,499.059998,506.369995,476.598022,2441600
2023-08-01,507.5,510.040009,502.48999,504.73999,475.063843,2161200
2023-08-02,509.690002,510.470001,502.98999,504.799988,475.12027,3220500
2023-08-03,502.890015,506.0,501.040009,504.859985,475.176727,2442900
2023-08-04,510.0,510.899994,501.75,502.730011,473.171997,2411200
2023-08-07,505.73999,513.599976,504.649994,510.73999,480.71109,2430900
2023-08-08,503.0,508.170013,500.019989,505.859985,476.11792,2422600
2023-08-09,504.0,505.730011,500.880005,502.109985,472.588409,1916900
2023-08-10,504.470001,512.039978,502.779999,503.480011,473.87793,2179700
2023-08-11,505.630005,510.670013,504.25,508.01001,478.141571,2029600
2023-08-14,509.149994,513.5,508.25,510.929993,480.889893,2127200
2023-08-15,511.579987,513.650024,506.269989,506.690002,476.89917,1817500
2023-08-16,508.0,510.5,502.829987,503.559998,473.953156,1454100
2023-08-17,495.480011,501.230011,491.820007,493.959991,464.917603,3009500
2023-08-18,494.779999,500.940002,493.5,498.440002,469.134216,2364400
2023-08-21,497.51001,500.25,496.220001,497.679993,468.418884,1533500
2023-08-22,495.420013,496.790009,491.329987,492.339996,463.392853,2079400
2023-08-23,493.0,494.0,487.929993,489.440002,460.663361,2011400
2023-08-24,491.429993,495.420013,487.209991,488.100006,459.40213,2311100
2023-08-25,489.920013,491.149994,484.649994,489.119995,460.362213,1923500
2023-08-28,490.48999,493.059998,489.130005,491.279999,462.395172,1344500
2023-08-29,491.470001,492.940002,487.970001,492.829987,463.854034,2113700
2023-08-30,493.98999,496.709991,490.290009,491.529999,462.630524,2283400
2023-08-31,492.359985,493.820007,476.290009,476.579987,448.559448,4927700
2023-09-01,479.0,480.649994,473.359985,476.23999,448.239471,3165900
2023-09-05,478.0,484.600006,477.540009,480.809998,452.540741,3443300
2023-09-06,482.089996,483.160004,476.380005,476.940002,448.898254,2596100
2023-09-07,479.899994,487.109985,478.600006,484.809998,456.305634,2928000
2023-09-08,480.190002,482.970001,478.75,480.769989,454.264679,1858400
2023-09-11,481.980011,483.839996,478.0,479.380005,452.951385,2059200
2023-09-12,477.380005,483.640015,472.119995,479.899994,453.442657,2195200
2023-09-13,481.429993,484.040009,479.459991,479.839996,453.385956,2197800
2023-09-14,482.630005,485.269989,478.779999,483.600006,456.938629,2334300
2023-09-15,485.73999,489.820007,484.140015,486.700012,459.867737,5334300
2023-09-18,488.410004,488.73999,483.600006,486.059998,459.26297,1997500
2023-09-19,483.76001,485.730011,476.540009,480.660004,454.160828,3230700
2023-09-20,482.75,495.109985,479.140015,492.130005,464.998383,3724800
2023-09-21,494.190002,505.140015,493.079987,501.140015,473.511719,4703900
2023-09-22,499.0,509.429993,498.029999,506.100006,478.198181,4558500
2023-09-25,508.26001,510.940002,506.630005,510.279999,482.147797,2758500
2023-09-26,508.940002,509.420013,504.380005,505.450012,477.584076,2420200
2023-09-27,506.230011,506.359985,501.049988,503.730011,475.958893,2593700
2023-09-28,505.970001,514.150024,505.01001,510.100006,481.977692,2922000
2023-09-29,509.850006,509.880005,503.799988,504.190002,476.393524,3006200
2023-10-02,505.529999,514.840027,503.140015,514.570007,486.201263,3550400
2023-10-03,513.299988,513.97998,508.359985,509.470001,481.382446,3143200
2023-10-04,509.48999,511.820007,506.609985,510.619995,482.469025,2801700
2023-10-05,511.619995,518.210022,511.230011,516.22998,487.769806,2790700
2023-10-06,516.450012,525.950012,515.97998,524.809998,495.87674,3647200
2023-10-09,521.150024,526.869995,520.25,526.51001,497.483002,2341600
2023-10-10,526.5,528.140015,523.080017,524.23999,495.338135,2455700
2023-10-11,520.919983,525.590027,520.22998,524.130005,495.234161,2819300
2023-10-12,524.469971,528.580017,522.25,525.539978,496.566498,2377300
2023-10-13,533.25,544.460022,532.0,539.400024,509.662354,5245400
2023-10-16,543.179993,546.780029,536.119995,538.030029,508.368011,3827600
2023-10-17,539.940002,542.429993,534.570007,536.650024,507.063934,2586000
2023-10-18,543.039978,543.97998,535.400024,536.059998,506.506531,2551400
2023-10-19,536.820007,538.340027,529.25,531.630005,502.320709,2351200
2023-10-20,531.0,534.429993,526.77002,527.030029,497.974365,2811100
2023-10-23,527.030029,527.780029,520.289978,521.570007,492.815338,2357700
2023-10-24,522.859985,530.669983,522.070007,525.0,496.056244,1978200
2023-10-25,527.27002,532.359985,520.080017,530.210022,500.979034,2380100
2023-10-26,525.700012,530.469971,522.52002,528.359985,499.230957,2675800
2023-10-27,525.98999,527.73999,521.26001,524.659973,495.734955,2585600
2023-10-30,525.0,531.820007,522.940002,529.98999,500.771149,2555400
2023-10-31,535.0,536.679993,531.619995,535.559998,506.034058,2464200
2023-11-01,529.97998,535.830017,526.799988,531.599976,502.29245,2747400
2023-11-02,532.0,536.840027,526.950012,536.130005,506.572754,2350900
2023-11-03,534.570007,535.97998,528.799988,530.900024,501.630981,2739500
2023-11-06,531.630005,536.02002,530.049988,533.460022,504.049805,2684900
2023-11-07,535.359985,539.650024,531.52002,537.830017,508.178894,2604800
2023-11-08,540.0,541.400024,534.140015,536.72998,507.139557,1769200
2023-11-09,537.599976,540.909973,534.47998,539.0,509.284393,1819600
2023-11-10,542.679993,542.679993,536.02002,541.210022,511.372498,2480800
2023-11-13,541.150024,544.150024,537.909973,542.570007,512.657532,1507900
2023-11-14,539.030029,542.669983,536.51001,540.460022,510.664001,2454000
2023-11-15,540.049988,540.460022,531.700012,538.409973,508.726898,2473700
2023-11-16,538.409973,544.859985,537.469971,539.820007,510.059143,2360300
2023-11-17,540.27002,540.52002,528.340027,536.289978,506.723724,2676900
2023-11-20,533.609985,536.340027,531.799988,535.099976,505.599335,2518400
2023-11-21,537.77002,541.669983,534.190002,539.590027,509.841919,2115700
2023-11-22,542.969971,544.400024,540.26001,543.76001,513.781921,2234500
2023-11-24,544.929993,547.590027,542.809998,547.099976,516.937805,1135000
2023-11-27,547.099976,550.890015,541.530029,543.590027,513.621521,2675800
2023-11-28,545.630005,545.820007,540.070007,540.530029,510.730133,2859300
2023-11-29,530.0,541.859985,528.650024,534.97998,505.486053,4550000
2023-11-30,535.789978,553.940002,534.01001,552.969971,522.484253,7121200
2023-12-01,550.419983,554.700012,545.159973,547.159973,518.758179,3462200
2023-12-04,548.26001,551.869995,543.039978,548.280029,519.820129,2709200
2023-12-05,549.099976,552.530029,545.349976,550.26001,521.697266,2645600
2023-12-06,547.559998,551.880005,547.099976,549.530029,521.005249,2239700
2023-12-07,551.349976,551.51001,544.52002,548.27002,519.810608,2511700
2023-12-08,550.219971,551.72998,544.539978,549.77002,521.232788,2039900
2023-12-11,549.76001,550.0,539.059998,543.679993,515.458923,3655300
2023-12-12,545.799988,547.48999,542.650024,545.719971,517.392822,2706100
2023-12-13,544.0,549.419983,538.590027,549.01001,520.512268,2876600
2023-12-14,544.299988,544.919983,529.400024,534.23999,506.508881,5386800
2023-12-15,530.0,533.5,522.960022,531.119995,503.550873,9030100
2023-12-18,529.109985,531.469971,525.22998,526.549988,499.217987,3260300
2023-12-19,524.590027,527.619995,521.780029,524.039978,496.838287,3645600
2023-12-20,523.849976,524.830017,515.869995,515.929993,489.149292,3847800
2023-12-21,518.880005,520.820007,516.5,519.880005,492.894257,2491600
2023-12-22,519.880005,523.01001,518.02002,520.309998,493.301971,1759500
2023-12-26,519.880005,521.47998,517.969971,520.030029,493.03656,1390800
2023-12-27,519.75,523.159973,519.359985,522.789978,495.653259,1851800
2023-12-28,523.469971,527.869995,522.940002,524.900024,497.653748,2001000
2023-12-29,525.97998,528.23999,523.919983,526.469971,499.142273,2080100
2024-01-02,526.840027,539.659973,526.669983,539.340027,511.344208,3415700
2024-01-03,543.039978,546.789978,539.47998,542.030029,513.894531,2891400
2024-01-04,545.0,549.0,543.0,545.419983,517.108582,2994400
2024-01-05,547.0,547.0,533.72998,537.380005,509.485901,2815400
2024-01-08,539.400024,540.25,528.0,536.52002,508.670593,2648900
2024-01-09,538.0,539.609985,532.330017,538.369995,510.42453,2677000
2024-01-10,538.099976,541.200012,536.150024,537.640015,509.732422,2180000
2024-01-11,536.130005,540.159973,534.530029,539.679993,511.666473,2814100
2024-01-12,518.859985,528.47998,513.130005,521.51001,494.439636,6327300
2024-01-16,523.710022,524.5,516.549988,519.150024,492.20224,3736700
2024-01-17,521.280029,530.659973,520.0,524.940002,497.691528,3791300
2024-01-18,505.230011,516.840027,497.459991,516.340027,489.538086,7367000
2024-01-19,515.0,517.549988,501.820007,503.559998,477.421387,6143400
2024-01-22,503.940002,513.570007,496.5,512.98999,486.361877,5922900
2024-01-23,512.5,518.080017,512.080017,515.52002,488.760651,2672900
2024-01-24,517.900024,521.72998,512.950012,513.22998,486.589447,2918800
2024-01-25,487.589996,495.51001,479.0,493.399994,467.788788,14671000
2024-01-26,493.279999,503.690002,489.899994,503.200012,477.08017,6212200
2024-01-29,503.109985,506.51001,501.149994,504.540009,478.350555,4554100
2024-01-30,504.540009,506.049988,499.220001,503.609985,477.468811,4931200
2024-01-31,504.51001,515.0,504.51001,511.73999,485.176788,5358100
2024-02-01,508.829987,510.220001,503.0,507.140015,480.815582,4242600
2024-02-02,508.25,512.909973,505.390015,510.230011,483.745178,3804500
2024-02-05,509.959991,514.200012,500.049988,502.959991,476.852539,3646300
2024-02-06,503.940002,510.940002,502.450012,510.670013,484.162384,2745400
2024-02-07,514.01001,521.0,512.690002,519.390015,492.429718,4109100
2024-02-08,520.630005,522.159973,517.280029,520.090027,493.093353,3343000
2024-02-09,518.98999,520.390015,516.289978,518.219971,491.320404,2715400
2024-02-12,518.219971,518.98999,512.809998,517.640015,490.770569,3194000
2024-02-13,522.0,526.929993,514.210022,516.849976,490.021576,3436000
2024-02-14,515.26001,518.530029,514.289978,516.940002,490.106964,1918500
2024-02-15,517.340027,521.75,515.799988,520.880005,493.842346,2292100
2024-02-16,522.299988,523.789978,518.890015,521.549988,494.47757,2135500
2024-02-20,524.210022,525.369995,519.409973,521.059998,494.013031,2600200
2024-02-21,523.669983,523.690002,517.539978,521.969971,494.875732,2095900
2024-02-22,524.200012,526.73999,518.590027,526.5,499.170685,3186800
2024-02-23,526.75,530.5,524.159973,527.23999,499.872253,2502000
2024-02-26,528.320007,532.809998,524.309998,525.320007,498.051971,2308900
2024-02-27,524.76001,525.590027,512.049988,513.419983,486.769623,3780600
2024-02-28,495.440002,498.549988,484.390015,498.279999,472.415497,9558600
2024-02-29,498.5,501.75,491.600006,493.600006,467.978424,6833200
2024-03-01,489.420013,490.019989,477.25,489.529999,464.11969,7315000
2024-03-04,483.23999,487.040009,480.100006,481.869995,456.8573,5239800
2024-03-05,482.390015,482.899994,470.619995,473.149994,448.589905,5296200
2024-03-06,474.440002,479.799988,468.190002,472.600006,448.068481,5577500
2024-03-07,474.0,481.190002,473.600006,478.779999,453.927704,5102000
2024-03-08,478.329987,484.25,474.769989,476.570007,453.613617,4673600
2024-03-11,477.0,490.309998,476.0,489.149994,465.587585,4410100
2024-03-12,488.130005,492.279999,487.350006,489.350006,465.777954,4153800
2024-03-13,493.519989,496.0,485.329987,488.0,464.493011,3669000
2024-03-14,488.720001,489.679993,485.190002,489.0,465.444824,3378500
2024-03-15,487.450012,491.220001,487.450012,490.820007,467.177124,5713500
2024-03-18,492.100006,492.100006,486.380005,487.049988,463.588745,2970500
2024-03-19,489.670013,493.440002,487.790009,493.320007,469.556732,2511700
2024-03-20,492.470001,494.600006,489.440002,494.230011,470.422852,3548200
2024-03-21,492.279999,496.200012,491.279999,491.690002,468.00528,3693400
2024-03-22,495.200012,495.829987,489.769989,490.070007,466.463257,2847300
2024-03-25,490.600006,491.480011,484.070007,485.880005,462.475098,2786100
2024-03-26,488.130005,493.339996,485.230011,492.309998,468.595367,3113300
2024-03-27,493.700012,495.730011,491.309998,493.100006,469.347321,2653100
2024-03-28,495.0,495.869995,489.299988,494.700012,470.87027,3820000
2024-04-01,494.470001,495.779999,488.700012,489.700012,466.111084,2928700
2024-04-02,459.600006,463.679993,449.600006,458.140015,436.071381,11867000
2024-04-03,462.0,462.850006,455.549988,459.73999,437.594269,4460400
2024-04-04,460.820007,461.720001,451.920013,455.380005,433.444305,5182000
2024-04-05,450.690002,457.75,450.01001,455.73999,433.786957,5747400
2024-04-08,455.970001,457.200012,453.589996,456.0,434.034424,4532300
2024-04-09,454.279999,459.76001,452.459991,459.720001,437.575287,3521200
2024-04-10,455.48999,458.73999,449.779999,450.049988,428.371033,4493500
2024-04-11,450.390015,450.769989,441.480011,441.720001,420.442322,5844100
2024-04-12,440.339996,442.23999,436.380005,439.200012,418.043701,6045700
2024-04-15,442.0,448.350006,441.98999,445.630005,424.164001,5376800
2024-04-16,476.769989,479.75,465.600006,468.890015,446.303497,11816500
2024-04-17,478.600006,488.0,474.589996,478.98999,455.916962,8759800
2024-04-18,486.130005,502.0,485.970001,493.179993,469.423462,8880400
2024-04-19,497.0,507.299988,495.559998,501.130005,476.990509,6618600
2024-04-22,497.779999,499.420013,490.640015,491.230011,467.567413,4697700
2024-04-23,491.0,494.309998,484.970001,486.179993,462.760681,3646700
2024-04-24,483.779999,488.859985,480.709991,487.299988,463.826691,3724400
2024-04-25,488.959991,497.130005,487.529999,493.859985,470.070709,4329700
2024-04-26,492.0,497.230011,491.399994,495.350006,471.488953,2727000
2024-04-29,495.709991,497.350006,487.769989,489.029999,465.473389,2192100
2024-04-30,488.959991,489.709991,482.589996,483.700012,460.400146,3367500
2024-05-01,479.26001,489.190002,477.070007,484.109985,460.790375,2729200
2024-05-02,484.279999,493.690002,483.940002,492.970001,469.223572,3561400
2024-05-03,490.859985,492.790009,485.779999,492.450012,468.728699,2487600
2024-05-06,492.480011,494.869995,492.0,494.380005,470.565643,2029500
2024-05-07,496.0,501.649994,495.040009,500.959991,476.828705,3752100
2024-05-08,504.170013,507.0,500.079987,503.209991,478.970306,3078900
2024-05-09,502.140015,507.970001,502.140015,507.029999,482.606262,2342900
2024-05-10,509.0,513.580017,507.0,512.809998,488.10788,2784600
2024-05-13,512.049988,514.669983,507.309998,511.73999,487.089417,2454500
2024-05-14,514.580017,516.169983,507.299988,513.880005,489.126404,2949700
2024-05-15,514.830017,522.590027,514.830017,517.549988,492.619476,2981200
2024-05-16,520.0,528.159973,519.51001,521.27002,496.160431,3655800
2024-05-17,522.940002,525.849976,520.01001,524.630005,499.358521,2657200
2024-05-20,524.630005,524.630005,516.539978,517.22998,492.314972,2476200
2024-05-21,518.320007,524.719971,515.919983,523.549988,498.330505,2521900
2024-05-22,522.820007,526.280029,520.650024,521.349976,496.236542,2299100
2024-05-23,518.320007,520.22998,515.22998,516.830017,491.934326,3055400
2024-05-24,516.109985,517.140015,507.519989,508.170013,483.691406,2527800
2024-05-28,506.649994,506.649994,501.899994,503.679993,479.417664,2912800
2024-05-29,492.339996,493.899994,473.269989,484.720001,461.370972,7521600
2024-05-30,482.320007,486.029999,478.0,481.649994,458.448853,5169700
2024-05-31,482.410004,498.410004,482.410004,495.369995,471.507996,6694800
2024-06-03,494.130005,498.679993,493.070007,497.440002,473.478271,2795100
2024-06-04,498.559998,508.269989,494.589996,505.48999,481.140503,3178400
2024-06-05,508.700012,509.100006,498.799988,503.119995,478.884705,2464400
2024-06-06,503.649994,504.700012,497.279999,501.920013,477.742523,2419600
2024-06-07,502.040009,502.859985,490.420013,490.690002,467.053436,3416300
2024-06-10,491.0,495.390015,486.190002,495.0,471.155762,3332800
2024-06-11,490.859985,497.779999,490.290009,496.220001,472.317047,4599700
2024-06-12,500.0,500.0,487.420013,493.070007,469.318787,4048200
2024-06-13,490.279999,502.0,484.380005,497.299988,473.345032,4951700
2024-06-14,496.829987,497.850006,491.730011,497.119995,473.173676,3188400
2024-06-17,491.329987,493.119995,488.700012,489.230011,467.639191,2407200
2024-06-18,490.709991,491.660004,479.040009,481.049988,459.82019,3692700
2024-06-20,480.040009,485.920013,478.109985,484.519989,463.137085,5258100
2024-06-21,484.440002,488.299988,480.589996,482.589996,461.292206,6368600
2024-06-24,488.859985,490.890015,484.5,489.980011,468.35614,5139800
2024-06-25,490.640015,490.640015,480.600006,484.5,463.11795,2916100
2024-06-26,484.5,487.440002,481.470001,484.040009,462.678314,3153100
2024-06-27,485.049988,488.980011,482.049988,486.440002,464.972351,2991900
2024-06-28,496.369995,509.399994,489.410004,509.26001,486.785248,22734200
2024-07-01,506.75,508.910004,492.890015,494.649994,472.820038,4523100
2024-07-02,494.26001,498.470001,493.390015,498.23999,476.251556,3312000
2024-07-03,497.119995,498.079987,486.519989,489.890015,468.270142,2239200
2024-07-05,489.0,489.670013,484.5,488.01001,466.473083,3499000
2024-07-08,489.190002,493.880005,486.170013,489.339996,467.744354,3450600
2024-07-09,488.329987,495.399994,486.089996,492.109985,470.39209,3056800
2024-07-10,490.940002,501.5,490.119995,500.929993,478.822906,3189800
2024-07-11,497.700012,508.730011,497.700012,504.359985,482.101532,3535100
2024-07-12,506.920013,514.570007,503.429993,511.529999,488.955078,3570600
2024-07-15,524.23999,530.830017,513.799988,515.369995,492.625549,5128000
2024-07-16,533.900024,549.919983,527.130005,548.869995,524.647156,11062000
2024-07-17,554.0,573.609985,551.299988,573.280029,547.979858,10330800
2024-07-18,564.5,581.5,561.419983,564.340027,539.434387,6834800
2024-07-19,567.119995,569.900024,561.539978,565.330017,540.380798,4290400
2024-07-22,563.049988,564.25,557.080017,558.530029,533.88092,3377300
2024-07-23,558.789978,558.840027,552.809998,554.700012,530.21991,2785600
2024-07-24,560.0,561.130005,553.02002,559.75,535.046997,3156200
2024-07-25,562.0,569.890015,558.580017,559.679993,534.980103,3102900
2024-07-26,560.0,579.130005,560.0,569.719971,544.577026,3201900
2024-07-29,565.710022,571.349976,561.76001,566.75,541.738098,2965000
2024-07-30,566.900024,579.429993,565.98999,576.330017,550.895325,4139100
2024-07-31,565.440002,580.900024,562.320007,576.159973,550.732788,4713200
2024-08-01,577.200012,587.5,567.099976,572.77002,547.492432,3680800
2024-08-02,582.330017,591.539978,575.25,589.830017,563.7995,5094000
2024-08-05,582.119995,586.820007,566.76001,569.960022,544.806396,4587400
2024-08-06,568.210022,577.52002,562.530029,568.349976,543.267395,3216500
2024-08-07,566.609985,571.650024,557.030029,566.080017,541.097595,4320700
2024-08-08,564.369995,572.450012,564.369995,566.23999,541.25061,2860800
2024-08-09,564.539978,565.929993,557.630005,558.76001,534.100708,2976700
2024-08-12,562.320007,569.0,561.049988,565.289978,540.342529,2532400
2024-08-13,569.98999,575.72998,569.0,574.23999,548.897583,2369400
2024-08-14,575.23999,581.119995,573.27002,579.669983,554.087891,2344400
2024-08-15,579.669983,583.340027,573.51001,579.609985,554.030457,2751800
2024-08-16,580.919983,581.650024,574.099976,577.679993,552.185791,2728900
2024-08-19,578.080017,583.299988,577.070007,578.780029,553.237244,1847900
2024-08-20,579.849976,583.809998,575.5,580.650024,555.024658,1677500
2024-08-21,581.51001,583.390015,577.429993,578.070007,552.558533,2844300
2024-08-22,579.25,582.950012,570.619995,578.719971,553.17981,2282000
2024-08-23,581.0,585.210022,578.450012,584.51001,558.714355,2376400
2024-08-26,588.049988,592.090027,585.73999,587.130005,561.21875,1800000
2024-08-27,589.469971,592.340027,583.780029,587.349976,561.428894,1581900
2024-08-28,589.01001,592.840027,583.869995,588.539978,562.566345,1657000
2024-08-29,590.679993,592.609985,584.369995,591.570007,565.462769,1953200
2024-08-30,590.0,593.26001,586.590027,590.200012,564.153137,2944700
2024-09-03,592.52002,600.659973,591.820007,598.679993,572.258911,3175500
2024-09-04,600.0,607.940002,597.880005,604.179993,577.516296,2935000
2024-09-05,604.190002,606.0,589.669983,595.48999,569.209717,2144800
2024-09-06,595.869995,600.609985,592.26001,596.880005,570.538452,2926400
2024-09-09,598.320007,599.47998,575.27002,594.099976,567.881104,3411400
2024-09-10,595.210022,604.799988,591.150024,599.030029,572.593445,2863500
2024-09-11,589.140015,591.400024,578.969971,589.75,563.723083,3563600
2024-09-12,588.530029,590.51001,583.210022,588.419983,562.451599,3395800
2024-09-13,591.080017,597.679993,587.22998,594.320007,568.09137,2241900
2024-09-16,595.0,598.789978,587.76001,589.140015,565.136902,2548600
2024-09-17,586.01001,586.719971,576.390015,577.960022,554.412415,3416000
2024-09-18,576.859985,584.52002,572.309998,580.650024,556.992798,2988300
2024-09-19,583.719971,584.830017,574.580017,577.070007,553.558594,2945700
2024-09-20,571.700012,578.840027,569.650024,575.0,551.572937,5398700
2024-09-23,576.48999,579.429993,572.0,573.409973,550.047729,2386100
2024-09-24,570.820007,577.309998,566.0,575.190002,551.755188,3188500
2024-09-25,577.869995,581.109985,573.080017,576.309998,552.829651,2658800
2024-09-26,575.0,576.599976,570.909973,574.809998,551.390686,2751900
2024-09-27,577.679993,586.710022,576.590027,581.849976,558.143799,2986200
2024-09-30,583.5,586.419983,578.73999,584.679993,560.858521,3009700
2024-10-01,585.0,588.700012,580.77002,583.299988,559.53479,2648400
2024-10-02,604.26001,604.52002,584.25,592.309998,568.177673,3667000
2024-10-03,590.609985,593.22998,584.369995,592.75,568.599792,2645800
2024-10-04,592.130005,596.130005,588.440002,591.200012,567.112854,2462600
2024-10-07,588.789978,592.440002,583.330017,583.559998,559.78418,2591100
2024-10-08,588.059998,589.210022,579.559998,581.580017,557.884949,2231400
2024-10-09,582.159973,592.799988,580.609985,591.219971,567.132019,2207700
2024-10-10,595.179993,598.950012,592.76001,597.700012,573.348083,2143200
2024-10-11,596.48999,601.52002,596.200012,598.049988,573.683899,1909700
2024-10-14,599.109985,608.630005,597.380005,605.400024,580.734436,2447100
2024-10-15,552.02002,569.700012,543.0,556.289978,533.625183,11939400
2024-10-16,557.01001,576.179993,555.119995,571.340027,548.062073,5103900
2024-10-17,560.580017,569.469971,558.719971,566.030029,542.968445,5588700
2024-10-18,566.849976,570.950012,563.039978,569.609985,546.402527,3687000
2024-10-21,569.640015,579.280029,568.700012,571.469971,548.186768,3018000
2024-10-22,567.849976,573.039978,565.48999,569.859985,546.642273,2593800
2024-10-23,572.130005,574.140015,560.0,564.640015,541.635071,2911900
2024-10-24,564.98999,571.700012,560.309998,560.809998,537.96106,2590200
2024-10-25,566.159973,571.5,563.609985,564.559998,541.558228,2513700
2024-10-28,566.25,568.330017,562.809998,565.23999,542.210632,1826500
2024-10-29,562.820007,567.679993,560.659973,562.130005,539.227295,2600300
2024-10-30,561.25,570.309998,560.950012,562.960022,540.023499,2323600
2024-10-31,560.880005,568.450012,560.880005,564.5,541.500793,2490000
2024-11-01,565.119995,570.330017,563.900024,567.559998,544.436035,2548300
2024-11-04,566.73999,568.590027,555.419983,557.77002,535.045044,2656600
2024-11-05,558.280029,568.73999,554.400024,567.030029,543.927612,2608100
2024-11-06,603.900024,605.5,590.849976,596.690002,572.37915,6591300
2024-11-07,598.690002,607.640015,596.150024,605.450012,580.782349,5254300
2024-11-08,609.0,619.799988,605.200012,615.809998,590.720215,3875800
2024-11-11,616.900024,630.72998,613.919983,625.25,599.775635,3003200
2024-11-12,619.580017,624.47998,613.780029,614.669983,589.626648,2809400
2024-11-13,613.0,613.01001,603.059998,605.869995,581.18512,3409400
2024-11-14,603.47998,606.0,588.98999,593.150024,568.983459,3079200
2024-11-15,591.919983,598.929993,589.950012,592.22998,568.100952,3423900
2024-11-18,589.440002,594.140015,585.320007,589.650024,565.626038,2577100
2024-11-19,582.719971,586.840027,576.77002,577.0,553.491455,3198300
2024-11-20,582.710022,602.640015,581.549988,600.5,576.033936,3928600
2024-11-21,600.0,604.0,596.72998,597.48999,573.146606,2722900
2024-11-22,598.559998,601.26001,588.669983,590.869995,566.796265,3197900
2024-11-25,597.580017,609.840027,595.01001,605.830017,581.146851,5146200
2024-11-26,608.23999,608.469971,598.880005,606.789978,582.067749,2693600
2024-11-27,611.030029,617.450012,606.700012,608.380005,583.592957,2269800
2024-11-29,608.799988,615.780029,606.619995,610.200012,585.338806,2010800
2024-12-02,614.0,614.0,600.77002,608.52002,583.727234,3364900
2024-12-03,610.849976,615.75,604.820007,605.22998,580.571289,2329900
2024-12-04,611.02002,622.830017,606.969971,610.789978,585.904724,4147600
2024-12-05,605.640015,608.98999,573.890015,578.969971,555.381165,5943700
2024-12-06,582.109985,582.109985,544.140015,549.619995,527.227112,13003600
2024-12-09,552.0,562.97998,544.640015,560.619995,539.84137,7684700
2024-12-10,562.0,567.75,557.030029,565.190002,544.242065,5360600
2024-12-11,555.659973,558.099976,532.669983,533.530029,513.755554,10363000
2024-12-12,531.530029,534.0,514.190002,515.76001,496.644196,9403800
2024-12-13,515.640015,527.530029,510.720001,520.47998,501.189209,8202900
2024-12-16,518.0,521.700012,496.079987,498.5,480.023865,8880000
2024-12-17,487.0,495.600006,475.820007,485.519989,467.524933,14132700
2024-12-18,488.429993,506.540009,486.0,499.720001,481.198639,10147600
2024-12-19,500.140015,503.649994,486.23999,489.25,471.116699,7418100
2024-12-20,489.290009,502.640015,488.730011,500.130005,481.593475,10956900
2024-12-23,500.76001,508.779999,499.049988,506.339996,487.573273,4286000
2024-12-24,504.399994,506.100006,500.589996,506.100006,487.342194,1824400
2024-12-26,505.649994,512.219971,504.730011,511.149994,492.204987,3387000
2024-12-27,509.420013,513.179993,507.799988,509.98999,491.087982,3471800
2024-12-30,506.859985,509.730011,500.660004,507.799988,488.979156,5408600
2024-12-31,509.350006,511.0,503.339996,505.859985,487.111053,4214000
2025-01-02,508.0,512.109985,503.290009,504.51001,485.811096,4234900
2025-01-03,506.350006,516.289978,505.380005,513.0,493.98642,3019500
2025-01-06,513.0,520.299988,509.820007,513.669983,494.631561,4444800
2025-01-07,518.849976,519.5,511.220001,514.25,495.190094,3914500
2025-01-08,514.5,524.669983,509.51001,524.52002,505.079468,4141700
2025-01-10,526.640015,535.450012,518.469971,520.690002,501.391418,5467500
2025-01-13,535.039978,547.400024,533.140015,541.140015,521.083435,6472500
2025-01-14,539.650024,544.549988,536.549988,543.73999,523.587097,3978300
2025-01-15,537.099976,546.289978,534.330017,543.419983,523.278931,4103900
2025-01-16,530.349976,539.840027,510.0,510.589996,491.665741,9059900
2025-01-17,505.619995,521.820007,502.799988,509.76001,490.866547,7495700
2025-01-21,514.049988,525.0,512.820007,524.98999,505.532074,5682100
2025-01-22,521.659973,524.440002,516.0,519.719971,500.457367,3756100
2025-01-23,527.869995,531.47998,519.320007,529.77002,510.134949,4580800
2025-01-24,528.109985,534.630005,524.51001,532.51001,512.773254,3671200
2025-01-27,539.97998,551.909973,539.97998,543.52002,523.375305,4263000
2025-01-28,543.01001,546.5,537.840027,542.47998,522.373779,3162700
2025-01-29,541.72998,543.47998,534.01001,538.099976,518.156189,2737600
2025-01-30,539.469971,547.109985,535.0,545.570007,525.349304,2924700
2025-01-31,543.23999,549.159973,541.409973,542.48999,522.383484,4120500
2025-02-03,542.0,553.909973,541.070007,548.179993,527.86261,4083600
2025-02-04,545.200012,548.809998,541.51001,545.450012,525.233704,2869900
2025-02-05,530.72998,540.700012,521.909973,539.809998,519.802795,4621600
2025-02-06,537.890015,539.099976,525.27002,530.039978,510.394775,3926800
2025-02-07,529.200012,532.390015,525.390015,527.030029,507.49649,3349100
2025-02-10,527.669983,534.159973,523.380005,533.369995,513.601562,3143100
2025-02-11,535.0,547.539978,528.27002,533.919983,514.131104,2631900
2025-02-12,539.849976,542.349976,525.51001,527.400024,507.852722,3859200
2025-02-13,530.900024,534.330017,527.099976,531.179993,511.492554,2835100
2025-02-14,529.0,533.200012,522.909973,523.51001,504.106964,3705300
2025-02-18,510.940002,516.0,497.0,500.730011,482.171204,8759300
2025-02-19,501.329987,511.859985,498.149994,511.040009,492.099091,4380300
2025-02-20,505.190002,508.429993,500.23999,502.420013,483.798584,4144300
2025-02-21,439.549988,469.700012,438.5,466.420013,449.132874,19864900
2025-02-24,466.679993,468.0,457.0,461.519989,444.414459,6919300
2025-02-25,460.769989,470.76001,450.070007,470.380005,452.946075,9101000
2025-02-26,464.649994,473.049988,458.200012,463.589996,446.407776,5108400
2025-02-27,466.170013,475.399994,465.019989,468.559998,451.193512,4216800
2025-02-28,467.0,476.359985,464.480011,474.959991,457.356323,6146300
2025-03-03,474.369995,477.269989,465.209991,467.049988,449.739502,5700200
2025-03-04,469.75,479.209991,466.459991,474.609985,457.019318,5864100
2025-03-05,471.070007,479.079987,471.01001,475.980011,458.338531,3637100
2025-03-06,476.0,488.119995,472.0,487.720001,469.643402,4964000
2025-03-07,483.829987,499.920013,483.369995,493.480011,475.189941,5434100
2025-03-10,492.279999,497.850006,477.709991,480.220001,464.397583,5108900
2025-03-11,482.5,486.769989,477.140015,486.040009,470.025818,4101000
2025-03-12,483.140015,487.600006,478.820007,481.109985,465.25827,3680800
2025-03-13,479.450012,484.059998,475.0,481.519989,465.654755,2876600
2025-03-14,481.0,489.450012,478.23999,488.649994,472.549835,3915900
2025-03-17,487.51001,500.609985,485.950012,499.019989,482.578156,5152300
2025-03-18,502.23999,505.970001,497.820007,503.799988,487.200684,3617600
2025-03-19,505.040009,506.350006,500.059998,503.200012,486.620453,3317600
2025-03-20,505.25,514.390015,503.51001,511.299988,494.453583,4965400
2025-03-21,511.679993,519.0,505.089996,516.849976,499.82074,10244900
2025-03-24,515.080017,518.25,511.119995,516.5,499.482239,3840900
2025-03-25,518.280029,519.0,511.529999,513.429993,496.513428,3015100
2025-03-26,515.200012,522.950012,512.849976,518.200012,501.126251,3253800
2025-03-27,516.289978,521.080017,512.950012,515.719971,498.727936,2822200
2025-03-28,516.869995,520.97998,515.049988,516.039978,499.037415,2379100
2025-03-31,519.179993,528.119995,518.590027,523.75,506.493378,5238700
2025-04-01,525.73999,528.169983,520.950012,523.119995,505.884094,2962500
2025-04-02,522.950012,525.0,516.799988,523.200012,505.961487,2378900
2025-04-03,529.98999,548.5,529.289978,540.440002,522.633484,6457900
2025-04-04,540.640015,551.73999,524.840027,525.049988,507.750488,9919000
2025-04-07,513.400024,529.200012,503.589996,524.700012,507.412018,7356700
2025-04-08,582.169983,585.01001,547.460022,553.080017,534.856995,11762300
2025-04-09,560.140015,589.400024,554.460022,578.5,559.439453,12691900
2025-04-10,580.23999,601.880005,580.0,594.400024,574.815674,8646000
2025-04-11,588.919983,606.359985,586.530029,599.469971,579.718567,6121500
2025-04-14,595.0,595.630005,579.289978,587.059998,567.717407,4839300
2025-04-15,592.23999,592.859985,582.01001,583.590027,564.361816,3871300
2025-04-16,585.320007,594.809998,582.960022,585.039978,565.764038,4192100
2025-04-17,481.950012,489.790009,447.100006,454.109985,439.147888,29120200
2025-04-21,449.76001,453.5,424.809998,425.329987,411.316132,13029900
2025-04-22,424.640015,431.5,417.119995,427.179993,413.105164,10156900
2025-04-23,427.070007,438.850006,423.75,427.959991,413.859467,8345700
2025-04-24,427.570007,429.899994,423.649994,424.25,410.271729,7629100
2025-04-25,423.559998,423.559998,412.019989,418.640015,404.846558,9263800
2025-04-28,419.75,424.119995,415.549988,420.0,406.161743,6614300
2025-04-29,421.190002,421.75,409.100006,409.230011,395.746613,9909100
2025-04-30,409.029999,413.26001,401.0,411.440002,397.883789,9192800
2025-05-01,411.320007,411.98999,399.859985,400.679993,387.478302,9316800
2025-05-02,399.959991,402.0,393.109985,399.920013,386.743378,11392900
2025-05-05,399.119995,409.700012,397.589996,404.809998,391.472229,8157200
2025-05-06,402.799988,404.720001,393.420013,394.51001,381.511597,7858600
2025-05-07,395.350006,395.519989,385.700012,391.059998,378.175262,8517200
2025-05-08,390.0,390.920013,385.369995,385.549988,372.846771,7218300
2025-05-09,385.670013,386.549988,378.540009,380.640015,368.098602,8381100
2025-05-12,381.0,387.209991,376.839996,378.75,366.270844,11004800
2025-05-13,335.73999,342.0,309.100006,311.380005,301.120605,59478300
2025-05-14,321.450012,322.940002,307.109985,308.01001,297.861633,40029600
2025-05-15,274.899994,276.649994,248.880005,274.350006,265.310669,121849200
2025-05-16,279.290009,294.48999,269.140015,291.910004,282.292084,71094300
2025-05-19,304.769989,316.290009,297.25,315.890015,305.481995,62524700
2025-05-20,320.920013,324.640015,312.579987,321.579987,310.984467,41487000
2025-05-21,301.0,309.959991,300.070007,302.980011,292.997375,45506900
2025-05-22,293.890015,305.670013,292.5,296.670013,286.895264,27159600
2025-05-23,296.100006,299.700012,291.640015,295.570007,285.831482,16873600
2025-05-27,299.5,299.950012,289.130005,295.0,285.280273,20144600
2025-05-28,294.0,303.779999,293.279999,298.109985,288.287811,16114200
2025-05-29,296.799988,303.380005,295.0,298.170013,288.345886,16221100
2025-05-30,297.970001,305.640015,295.839996,301.910004,291.962585,16309300
2025-06-02,303.119995,313.549988,300.970001,304.720001,294.680023,19074400
2025-06-03,303.100006,305.720001,300.01001,301.220001,291.295349,12805700
2025-06-04,303.540009,307.640015,300.200012,300.380005,290.483032,11255600
2025-06-05,300.380005,302.420013,294.109985,295.839996,286.092621,13529000
2025-06-06,297.230011,304.390015,297.149994,303.220001,293.229431,12589000
2025-06-09,305.040009,307.399994,301.140015,303.190002,293.200439,12170300
2025-06-10,303.799988,305.119995,300.589996,303.790009,293.78067,11384100
2025-06-11,302.679993,311.579987,302.230011,310.559998,300.327606,14711400
2025-06-12,311.399994,318.799988,308.51001,318.5,308.006012,15957200
2025-06-13,315.899994,317.420013,311.910004,313.529999,303.199738,13762400
2025-06-16,313.0,313.269989,304.790009,307.660004,299.635223,14240100
2025-06-17,307.450012,309.950012,305.519989,308.869995,300.81366,11593900
2025-06-18,307.549988,311.790009,306.230011,307.200012,299.187225,12205600
2025-06-20,309.5,309.589996,301.589996,302.01001,294.132599,16177900
2025-06-23,301.899994,302.470001,295.519989,300.679993,292.83728,12274700
2025-06-24,301.450012,305.820007,299.329987,305.619995,297.648438,8781400
2025-06-25,304.380005,304.380005,299.799988,302.019989,294.142303,8722100
2025-06-26,302.570007,306.709991,301.290009,302.619995,294.726685,6532700
2025-06-27,302.950012,310.450012,302.200012,309.109985,301.047394,15304400
2025-06-30,309.0,312.380005,306.339996,311.970001,303.832764,10074100
2025-07-01,311.970001,326.549988,311.079987,326.140015,317.633209,17865500
2025-07-02,320.73999,322.420013,306.429993,307.559998,299.537811,18177200
2025-07-03,309.839996,312.25,308.230011,308.549988,300.502014,6161100
2025-07-07,308.0,308.609985,301.200012,303.709991,295.788239,9031200
2025-07-08,304.230011,308.299988,303.799988,307.700012,299.674194,9613800
2025-07-09,303.190002,303.600006,298.75,302.910004,295.009094,12816700
2025-07-10,303.059998,304.929993,296.600006,299.51001,291.697815,11355600
2025-07-11,300.019989,304.119995,298.0,304.100006,296.168121,9808200
2025-07-14,301.640015,304.040009,299.0,300.579987,292.739868,10681400
2025-07-15,299.709991,300.679993,291.029999,291.709991,284.101227,16019000
2025-07-16,292.549988,295.98999,290.75,292.48999,284.86087,9714000
2025-07-17,292.329987,293.0,283.829987,288.070007,280.556213,14792700
2025-07-18,287.890015,288.070007,280.809998,282.649994,275.277527,14979700
2025-07-21,284.640015,286.5,281.200012,282.140015,274.780914,10319200
2025-07-22,282.630005,287.109985,282.0,285.130005,277.692902,14600300
2025-07-23,287.5,292.640015,284.950012,292.51001,284.880402,13111100
2025-07-24,283.100006,289.209991,278.220001,278.579987,271.31369,22585200
2025-07-25,281.0,286.140015,279.940002,281.059998,273.729034,16486600
2025-07-28,283.5,285.0,279.690002,282.119995,274.761383,15779400
2025-07-29,265.700012,272.910004,260.549988,261.070007,254.260437,41706000
2025-07-30,264.799988,266.630005,258.119995,266.040009,259.10083,22371800
2025-07-31,261.399994,261.399994,247.75,249.559998,243.050659,29606900
2025-08-01,250.610001,251.490005,234.600006,237.770004,231.568176,39989200
2025-08-04,238.240005,242.25,236.949997,240.979996,234.694458,17427900
2025-08-05,241.160004,252.070007,240.050003,251.0,244.45311,23795900
2025-08-06,250.639999,253.160004,245.309998,245.779999,239.369247,12946400
2025-08-07,246.419998,248.75,239.5,244.669998,238.288193,11369900
2025-08-08,244.789993,251.080002,244.369995,250.889999,244.345963,10185700
2025-08-11,253.869995,258.399994,252.139999,252.369995,245.787369,11779500
2025-08-12,254.020004,262.880005,253.669998,261.570007,254.747391,12171800
2025-08-13,264.390015,272.190002,262.890015,271.809998,264.720306,19480300
2025-08-14,272.100006,273.850006,267.0,271.48999,264.40863,25011100
2025-08-15,301.709991,310.299988,294.709991,304.01001,296.080414,68198500
2025-08-18,313.179993,316.399994,307.420013,308.48999,300.443573,39600500
2025-08-19,308.899994,310.5,299.209991,304.23999,296.304413,22348600
2025-08-20,306.399994,307.200012,295.700012,299.839996,292.019165,16679000
2025-08-21,302.290009,306.570007,297.799988,303.350006,295.437653,13359000
2025-08-22,306.100006,310.679993,304.579987,307.420013,299.401489,14930000
2025-08-25,308.48999,308.869995,302.730011,304.859985,296.908264,8917100
2025-08-26,304.309998,308.959991,294.200012,300.429993,292.593781,16303200
2025-08-27,300.540009,305.970001,300.5,303.880005,295.953796,9982800
2025-08-28,304.25,304.470001,299.399994,302.290009,294.405273,11235000
2025-08-29,302.299988,310.0,300.910004,309.869995,301.787567,12065400
2025-09-02,308.309998,312.890015,307.299988,308.799988,300.745483,10957100
2025-09-03,308.109985,309.589996,303.700012,307.880005,299.849487,9654600
2025-09-04,306.100006,311.910004,304.100006,310.380005,302.284271,7725700
2025-09-05,310.440002,317.940002,308.200012,315.390015,307.163605,14126700
2025-09-08,319.709991,321.649994,313.799988,320.25,311.89679,18438600
2025-09-09,332.5,351.709991,327.160004,347.920013,338.845123,46408900
2025-09-10,345.559998,348.570007,341.399994,346.779999,337.734863,17804300
2025-09-11,349.0,360.980011,345.839996,353.609985,344.386627,18943500
2025-09-12,355.899994,362.309998,352.459991,352.51001,343.315369,14016200
2025-09-15,351.26001,351.709991,342.529999,347.890015,340.953461,11035900
2025-09-16,347.5,349.040009,338.320007,339.779999,333.005127,12695800
2025-09-17,337.690002,343.0,337.690002,341.609985,334.798645,8467700
2025-09-18,343.529999,344.929993,334.119995,334.820007,328.144043,11255600
2025-09-19,336.5,340.959991,333.839996,336.690002,329.976746,13656800
2025-09-22,334.459991,342.480011,332.600006,341.299988,334.494812,8903700
2025-09-23,341.0,352.700012,339.959991,347.690002,340.757446,12504100
2025-09-24,350.200012,354.5,347.839996,351.809998,344.795258,9016300
2025-09-25,348.899994,350.190002,343.600006,345.559998,338.669891,8104900
2025-09-26,347.929993,349.970001,341.299988,344.079987,337.21936,6774700
2025-09-29,343.980011,345.549988,341.450012,345.179993,338.297455,6878900
2025-09-30,343.75,349.320007,342.329987,345.299988,338.41507,7429700
2025-10-01,343.899994,348.700012,341.630005,348.299988,341.355255,8825500
2025-10-02,347.290009,355.079987,344.649994,353.720001,346.667206,8564200
2025-10-03,357.25,368.0,356.609985,360.200012,353.018005,13494800
2025-10-06,361.029999,362.519989,357.109985,358.769989,351.616516,7181700
2025-10-07,359.410004,364.720001,358.059998,363.660004,356.409027,7236200
2025-10-08,366.929993,374.630005,365.799988,369.920013,362.544189,9438300
2025-10-09,372.519989,376.220001,366.079987,367.690002,360.358643,8759800
2025-10-10,369.399994,369.399994,352.51001,354.5,347.431641,13141900
2025-10-13,354.73999,359.160004,353.320007,358.660004,351.508698,5659400
2025-10-14,354.950012,362.329987,353.399994,359.929993,352.753357,5974800
2025-10-15,359.390015,364.220001,355.850006,361.149994,353.949036,6579600
2025-10-16,361.839996,362.0,354.399994,356.670013,349.55838,5872100
2025-10-17,351.0,358.390015,350.829987,356.600006,349.489777,8608400
2025-10-20,358.540009,365.570007,357.51001,364.480011,357.212677,5996500
2025-10-21,365.140015,371.049988,361.5,365.369995,358.0849,6885300
2025-10-22,363.959991,364.0,358.0,361.48999,354.282227,7833000
2025-10-23,355.579987,362.279999,353.640015,360.450012,353.263,5756700
2025-10-24,361.369995,365.420013,360.029999,362.5,355.272125,5462100
2025-10-27,363.5,366.220001,361.399994,365.980011,358.682739,7766400
2025-10-28,380.679993,381.0,358.630005,367.839996,360.505646,18858700
2025-10-29,364.279999,366.149994,353.880005,355.26001,348.176483,11874900
2025-10-30,347.519989,354.540009,343.600006,344.75,337.876038,11441900
2025-10-31,344.390015,346.279999,337.119995,341.559998,334.749634,8390800
2025-11-03,339.130005,340.700012,326.600006,333.790009,327.134552,11181400
2025-11-04,327.630005,336.5,327.200012,330.829987,324.233582,9646600
2025-11-05,326.299988,330.209991,324.220001,327.73999,321.2052,9697100
2025-11-06,328.920013,332.369995,321.450012,321.559998,315.148438,7922100
2025-11-07,319.660004,324.549988,314.160004,324.209991,317.745575,9402900
2025-11-10,319.98999,324.25,317.170013,321.579987,315.16803,9283800
2025-11-11,323.299988,327.859985,319.880005,327.450012,320.92099,7157800
2025-11-12,328.450012,343.170013,327.079987,339.059998,332.299469,10403300
2025-11-13,338.350006,339.029999,331.290009,332.519989,325.889923,7788700
2025-11-14,326.950012,328.209991,320.48999,321.859985,315.442413,8676500
2025-11-17,320.600006,327.880005,319.429993,320.519989,314.129181,6485400
2025-11-18,317.01001,317.5,308.769989,313.579987,307.327515,9182100
2025-11-19,313.929993,315.0,304.529999,309.089996,302.927063,8181100
2025-11-20,310.809998,314.75,310.0,311.540009,305.328247,7337600
2025-11-21,311.910004,323.839996,311.440002,319.970001,313.590118,8406300
2025-11-24,324.529999,325.850006,317.619995,319.049988,312.688477,10773800
2025-11-25,321.119995,328.0,320.899994,326.279999,319.774323,6149100
2025-11-26,326.589996,335.190002,325.890015,329.709991,323.135925,5504200
2025-11-28,331.670013,332.059998,328.890015,329.769989,323.194733,2464500
2025-12-01,327.160004,330.059998,323.029999,323.209991,316.765533,6154600
2025-12-02,323.369995,328.700012,322.799988,324.540009,318.069031,7978100
2025-12-03,326.0,341.410004,325.01001,339.709991,332.936523,9770000
2025-12-04,339.399994,341.26001,328.720001,333.48999,326.840546,8061600
2025-12-05,335.0,335.709991,328.51001,330.910004,324.312012,5906000
2025-12-08,328.700012,329.100006,322.829987,323.619995,319.299805,4782800
2025-12-09,323.160004,326.359985,322.480011,323.600006,319.28009,4628400
2025-12-10,322.75,328.730011,319.600006,328.369995,323.98642,5910500
2025-12-11,330.369995,339.25,328.76001,336.730011,332.234802,7513200
2025-12-12,337.5,344.980011,337.369995,341.839996,337.276611,7979000
2025-12-15,340.98999,344.959991,337.0,341.100006,336.546478,6447200
2025-12-16,340.420013,340.98999,331.029999,334.200012,329.738617,6334000
2025-12-17,333.609985,335.519989,330.480011,331.630005,327.202911,4685600
2025-12-18,328.929993,330.179993,324.570007,328.140015,323.759521,6354900
2025-12-19,328.059998,334.600006,326.070007,327.420013,323.049103,10553000
2025-12-22,322.899994,329.799988,321.649994,325.160004,320.819275,7872400
2025-12-23,324.0,327.799988,323.76001,324.799988,320.46405,4463300
2025-12-24,325.200012,328.98999,324.130005,327.579987,323.20694,2842700
2025-12-26,327.200012,331.890015,326.26001,331.829987,327.400208,4359300
2025-12-29,330.890015,334.25,328.279999,328.940002,324.548798,4346800
2025-12-30,329.730011,336.149994,329.51001,332.160004,327.72583,4432500
2025-12-31,332.320007,333.329987,329.880005,330.109985,325.703186,4285200
2026-01-02,330.899994,340.26001,327.5,336.399994,331.90921,6863600
2026-01-05,335.450012,346.940002,333.850006,342.019989,337.454193,7956600
2026-01-06,348.350006,352.609985,345.119995,348.970001,344.311401,9441900
2026-01-07,348.980011,350.109985,338.040009,341.700012,337.138489,7461400
2026-01-08,341.01001,347.899994,340.799988,346.850006,342.219727,5059300
2026-01-09,347.25,349.059998,342.480011,343.980011,339.388062,4129100
2026-01-12,341.420013,342.649994,333.940002,340.51001,335.964355,7146400
2026-01-13,341.5,341.839996,332.850006,333.929993,329.472168,5605900
2026-01-14,335.369995,340.109985,334.100006,334.959991,330.488434,5740900
2026-01-15,335.200012,339.450012,328.059998,338.959991,334.435059,6943500
2026-01-16,334.859985,336.200012,330.429993,331.019989,326.601044,8039100
2026-01-20,327.399994,339.890015,326.5,338.429993,333.912109,7596500
2026-01-21,339.429993,348.079987,338.690002,347.75,343.107697,8933300
2026-01-22,347.179993,354.950012,346.769989,354.470001,349.738007,7491400
2026-01-23,354.279999,357.869995,352.98999,356.26001,351.504089,9082200
2026-01-26,353.950012,354.790009,347.269989,351.640015,346.94577,10399500
2026-01-27,293.970001,299.5,280.399994,282.700012,278.926086,65836900
2026-01-28,283.720001,294.940002,283.720001,294.019989,290.094971,23396900
2026-01-29,294.329987,295.600006,289.220001,292.290009,288.388062,13456400
2026-01-30,292.100006,292.950012,284.700012,286.929993,283.099609,12022200
2026-02-02,286.019989,290.399994,282.279999,285.589996,281.777527,8664200
2026-02-03,284.700012,288.089996,278.600006,284.179993,280.386322,10809100
2026-02-04,282.01001,284.5,274.049988,275.920013,272.236603,12944100
2026-02-05,274.290009,276.890015,266.290009,268.549988,264.964966,13035300
2026-02-06,267.059998,277.809998,266.410004,276.649994,272.956848,9572800
2026-02-09,274.149994,280.179993,273.320007,275.700012,272.019562,10371600
2026-02-10,277.519989,279.48999,272.649994,273.220001,269.572662,7284700
2026-02-11,272.440002,279.690002,269.799988,278.910004,275.186676,6333100
2026-02-12,278.160004,286.309998,275.809998,284.369995,280.573792,12336900
2026-02-13,285.630005,293.459991,284.51001,293.190002,289.276031,10281900
2026-02-17,294.0,294.230011,288.339996,289.089996,285.230774,6091700
2026-02-18,290.0,290.130005,286.290009,288.200012,284.352692,6632000
2026-02-19,290.890015,290.890015,286.890015,289.929993,286.05957,4931800
2026-02-20,288.899994,290.799988,285.549988,290.0,286.128632,6974100
2026-02-23,288.549988,291.769989,281.670013,282.339996,278.570892,7247500
2026-02-24,282.200012,282.399994,271.799988,273.950012,270.292908,9684500
2026-02-25,277.290009,284.73999,276.869995,284.200012,280.406067,11380600
2026-02-26,286.980011,295.26001,285.230011,286.660004,282.833221,10210000
2026-02-27,284.700012,294.130005,283.850006,293.269989,289.35495,9723300
2026-03-02,288.160004,295.309998,287.5,294.929993,290.992828,8141400
2026-03-03,288.98999,293.73999,284.359985,289.209991,285.349182,7051100
2026-03-04,289.01001,294.339996,287.679993,291.959991,288.062439,7796000
2026-03-05,290.049988,291.390015,286.73999,288.769989,284.915039,5397900
2026-03-06,287.339996,291.329987,283.049988,286.480011,282.65564,6816900
2026-03-09,282.0,285.200012,278.660004,285.170013,283.550537,10348800
2026-03-10,287.380005,287.579987,278.899994,282.339996,280.736572,6075600
2026-03-11,282.380005,286.220001,280.600006,285.25,283.630066,6878800
2026-03-12,284.779999,287.559998,276.290009,277.049988,275.476624,10512300
2026-03-13,278.059998,282.880005,277.809998,282.089996,280.488007,4737600
2026-03-16,283.980011,287.399994,281.040009,285.48999,283.868683,4854000
2026-03-17,287.799988,288.98999,284.839996,287.570007,285.93689,5752000
2026-03-18,285.200012,288.399994,283.070007,284.329987,282.715271,4544100
2026-03-19,284.0,287.549988,280.070007,280.440002,278.847382,5542100
2026-03-20,278.98999,283.100006,275.0,275.589996,274.024933,38893000
2026-03-23,279.140015,280.75,269.089996,269.540009,268.009277,10424200
2026-03-24,268.869995,273.380005,267.589996,272.279999,270.733704,5911700
2026-03-25,275.0,276.079987,267.109985,270.549988,269.013519,8121200
2026-03-26,269.98999,274.640015,267.179993,268.049988,266.52774,6218800
2026-03-27,267.5,267.670013,255.970001,259.019989,257.549011,10735300
2026-03-30,260.179993,262.329987,256.670013,261.790009,260.303314,7774700
2026-03-31,263.0,271.880005,262.609985,270.589996,269.053314,9170800
2026-04-01,274.209991,275.299988,270.76001,273.980011,272.424072,5473400
2026-04-02,272.290009,279.040009,271.529999,277.26001,275.685455,6407000
2026-04-06,277.880005,283.299988,277.25,281.359985,279.762146,7097000
2026-04-07,308.850006,312.429993,300.75,307.730011,305.982422,22099800
2026-04-08,312.0,312.970001,304.829987,305.980011,304.24234,9645000
2026-04-09,305.820007,307.890015,304.140015,306.910004,305.167053,5742000
2026-04-10,307.950012,310.369995,304.200012,304.329987,302.601685,5212900
2026-04-13,303.25,313.320007,302.920013,313.0,311.222473,7972200
2026-04-14,312.51001,319.619995,312.51001,314.190002,312.405701,5864500
2026-04-15,316.0,317.76001,311.149994,314.049988,312.266479,5041200
2026-04-16,315.0,318.609985,313.109985,316.399994,314.603149,5205600
2026-04-17,320.049988,325.269989,317.140015,324.630005,322.786438,9414700
2026-04-20,324.190002,325.399994,320.119995,323.480011,321.642975,9050600
2026-04-21,353.01001,357.679993,345.230011,346.01001,344.045013,26097300
2026-04-22,350.880005,358.559998,349.100006,353.519989,351.51236,11807300
2026-04-23,354.679993,356.850006,350.5,354.559998,352.546448,7255800
2026-04-24,356.48999,358.279999,351.390015,354.920013,352.904419,8554600
2026-04-27,353.910004,356.48999,348.950012,354.690002,352.67572,7256100
2026-04-28,356.839996,369.630005,355.720001,366.769989,364.687103,10604100
2026-04-29,366.0,370.839996,365.01001,370.73999,368.634552,9046600
2026-04-30,368.51001,371.98999,363.0,370.480011,368.376038,6879900
2026-05-01,371.959991,372.899994,367.019989,368.779999,366.685699,4945400
2026-05-04,368.549988,370.829987,364.649994,370.75,368.644501,4916900
2026-05-05,370.480011,371.799988,361.809998,363.869995,361.803558,6489000
2026-05-06,363.100006,368.549988,358.25,367.279999,365.194214,6695500
2026-05-07,366.640015,369.809998,364.720001,369.73999,367.640228,5235400
2026-05-08,371.98999,379.980011,371.98999,379.980011,377.822113,6455100
2026-05-11,380.450012,384.809998,376.070007,384.440002,382.256775,6949600
2026-05-12,382.850006,397.420013,382.01001,396.390015,394.138916,9236300
2026-05-13,396.5,404.149994,393.0,401.160004,398.881805,8454100
2026-05-14,401.0,401.899994,396.0,399.089996,396.823547,5342500
2026-05-15,394.299988,397.630005,390.25,393.850006,391.613342,9811200
2026-05-18,390.0,392.140015,383.5,391.130005,388.908783,8400700
2026-05-19,390.0,394.98999,387.51001,389.23999,387.02948,5016800
2026-05-20,389.549988,393.380005,380.700012,383.299988,381.12323,7783900
2026-05-21,381.119995,386.109985,380.540009,382.480011,380.307892,4732500
2026-05-22,381.920013,390.540009,381.01001,388.470001,386.263885,5598600
2026-05-26,386.0,386.519989,376.410004,376.859985,374.719788,6498100
2026-05-27,378.429993,384.529999,377.089996,384.01001,381.829224,4544000
2026-05-28,384.959991,389.26001,380.959991,382.529999,380.357605,4330800
2026-05-29,383.779999,385.119995,375.450012,380.309998,378.150208,10257900
2026-06-01,376.109985,383.350006,375.920013,379.859985,377.702759,6623700
2026-06-02,377.980011,380.079987,374.720001,377.920013,375.773804,3874400
2026-06-03,380.0,387.459991,376.809998,377.0,374.859009,6808400
2026-06-04,390.0,401.380005,389.820007,396.470001,394.218445,12666100
2026-06-05,399.540009,404.040009,397.200012,399.470001,397.201416,10897300
2026-06-08,397.130005,408.709991,394.98999,406.570007,404.261078,6963200
2026-06-09,409.98999,413.0,407.440002,413.0,410.654572,8590400
2026-06-10,413.5,415.980011,404.549988,407.459991,405.146027,6512900
2026-06-11,408.709991,409.980011,403.109985,405.549988,403.246857,4938100
2026-06-12,409.01001,409.890015,404.809998,408.519989,406.200012,7269600
2026-06-15,406.700012,414.160004,399.649994,411.040009,411.040009,6777900
2026-06-16,410.679993,411.75,406.540009,407.649994,407.649994,4815100
2026-06-17,409.119995,411.160004,398.589996,399.529999,399.529999,5838800
2026-06-18,402.769989,406.200012,399.149994,400.959991,400.959991,11896900
2026-06-22,402.140015,409.459991,402.140015,406.679993,406.679993,5818600
2026-06-23,409.519989,409.899994,402.839996,409.25,409.25,6675900
2026-06-24,410.540009,413.429993,400.0,405.799988,405.799988,6858800
2026-06-25,406.649994,417.579987,406.649994,415.529999,415.529999,6014400
2026-06-26,416.160004,427.929993,416.160004,427.890015,427.890015,10588200
2026-06-29,426.529999,426.700012,415.809998,419.820007,419.820007,5167400
2026-06-30,422.720001,422.73999,413.25,415.630005,415.630005,5779800
2026-07-01,417.109985,428.019989,413.730011,426.540009,426.540009,4985900
2026-07-02,428.130005,430.200012,420.540009,425.359985,425.359985,3928800
2026-07-06,423.48999,424.440002,415.049988,417.98999,417.98999,6379000
2026-07-07,423.950012,428.600006,422.130005,428.190002,428.190002,5800500
2026-07-08,427.149994,430.769989,423.829987,425.600006,425.600006,3859200
2026-07-09,427.109985,434.299988,423.519989,431.679993,431.679993,5566000
2026-07-10,431.670013,432.859985,423.649994,424.619995,424.619995,3798600
2026-07-13,426.470001,431.549988,425.529999,429.089996,429.089996,3863800
2026-07-14,431.0,432.149994,421.790009,425.190002,425.190002,5135900
2026-07-15,419.48999,424.109985,414.369995,418.519989,418.519989,6764800
2026-07-16,449.390015,461.619995,420.369995,423.380005,423.380005,13281900
2026-07-17,426.720001,437.470001,425.100006,426.089996,426.089996,10718100
2026-07-20,427.25,431.019989,417.380005,421.549988,421.549988,4818800
2026-07-21,422.480011,437.0,420.5,436.350006,436.350006,6833600
2026-07-22,434.950012,436.320007,429.700012,431.309998,431.309998,4234100
2026-07-23,428.269989,430.48999,420.399994,423.559998,423.559998,4868700
2026-07-24,425.23999,429.0,418.920013,420.73999,420.73999,3752500
2026-07-27,422.51001,422.880005,412.540009,417.640015,417.640015,4615700
2026-07-28,419.929993,430.459991,415.109985,428.790009,428.790009,5917300
2026-07-29,428.26001,431.679993,420.350006,420.570007,420.570007,5257900
2026-07-30,415.190002,427.339996,411.290009,421.470001,421.470001,3647500
2026-07-31,422.0,422.809998,414.059998,414.399994,414.399994,3920900
2026-08-03,417.429993,419.339996,413.320007,415.359985,415.359985,3209600
2026-08-04,415.559998,416.0,406.670013,407.549988,407.549988,5266300
2026-08-05,403.190002,416.359985,397.799988,412.75,412.75,5399000
2026-08-06,415.269989,416.970001,402.399994,403.970001,403.970001,4712400
2026-08-07,401.589996,410.640015,400.660004,407.079987,407.079987,4095900
2026-08-10,408.600006,413.070007,407.98999,408.73999,408.73999,3182200
2026-08-11,409.0,410.899994,401.320007,402.190002,402.190002,3398900
2026-08-12,400.980011,407.200012,400.5,405.589996,405.589996,3317200
2026-08-13,405.589996,407.320007,398.589996,399.059998,399.059998,4170200
2026-08-14,398.0,403.179993,396.559998,401.730011,401.730011,3476400
2026-08-17,398.570007,398.899994,391.429993,395.619995,395.619995,5295100
2026-08-18,397.429993,398.790009,393.51001,393.929993,393.929993,3605100
2026-08-19,394.570007,396.799988,386.329987,388.609985,388.609985,5268500
2026-08-20,388.25,392.709991,383.829987,384.850006,384.850006,4497200
2026-08-21,386.0,393.660004,386.0,390.109985,390.109985,4879600
2026-08-24,391.040009,399.579987,390.859985,398.76001,398.76001,4683900
2026-08-25,397.799988,399.029999,395.619995,396.589996,396.589996,2655000
2026-08-26,396.329987,406.25,396.01001,401.01001,401.01001,3557000
2026-08-27,396.869995,399.880005,393.769989,395.049988,395.049988,3668200
2026-08-28,396.420013,396.73999,392.660004,392.950012,392.950012,2455500
