date,open,high,low,close,adj_close,volume
2005-01-03,36.692368,36.926193,36.30566,36.413578,11.970809,9236061
2005-01-04,36.58445,36.656395,35.838013,36.044857,11.84959,11680234
2005-01-05,36.08083,36.431564,35.936935,35.990898,11.83186,8201616
2005-01-06,35.613182,35.882977,35.208485,35.568214,11.806482,7844458
2005-01-07,35.793045,35.829018,35.343384,35.44231,11.764688,8424450
2005-01-10,35.478283,35.50526,34.956676,35.100567,11.651251,10087813
2005-01-11,35.109558,35.136539,34.686878,34.71386,11.522889,9305224
2005-01-12,34.174267,34.525002,33.877487,34.381107,11.412436,13962395
2005-01-13,33.724602,33.823528,33.140045,33.364876,11.075105,20131371
2005-01-14,33.202995,33.454807,33.032124,33.13105,10.997494,10249824
2005-01-18,33.13105,33.886482,32.843266,33.886482,11.248248,13386518
2005-01-19,33.508766,33.796551,32.960178,32.960178,10.940773,10558501
2005-01-20,32.528503,32.98716,32.195755,32.618435,10.827334,13373397
2005-01-21,33.095078,33.391853,32.789307,32.825279,10.895995,13119873
2005-01-24,32.825279,33.63467,32.70837,33.140045,11.000477,11983128
2005-01-25,33.140045,33.364876,32.240723,32.375618,10.746733,11559365
2005-01-26,32.375618,32.915215,32.375618,32.843266,10.901961,12685212
2005-01-27,32.600449,32.645416,32.132801,32.258705,10.707927,16697454
2005-01-28,32.34864,32.48354,31.548243,32.087837,10.651209,13421655
2005-01-31,32.195755,32.285686,31.683142,32.006897,10.624338,11637869
2005-02-01,32.258705,32.645416,32.12381,32.2677,10.71091,8528862
2005-02-02,32.555485,32.726357,32.132801,32.2677,10.71091,10697049
2005-02-03,32.357632,32.54649,32.168774,32.285686,10.716881,6531359
2005-02-04,32.438572,33.167023,32.402599,33.140045,11.000477,9405633
2005-02-07,33.229977,33.256954,32.843266,32.978165,10.946746,6032873
2005-02-08,33.140045,33.176018,32.681389,32.780315,10.881067,7971776
2005-02-09,32.825279,32.852261,32.375618,32.429581,10.764647,6945671
2005-02-10,32.465553,32.798302,32.240723,32.411591,10.758675,6677803
2005-02-11,32.600449,32.888233,32.393604,32.654408,10.839276,6502449
2005-02-14,32.654408,33.373867,32.48354,32.54649,10.80345,18089723
2005-02-15,32.843266,33.068096,32.492531,32.609444,10.824349,12067303
2005-02-16,32.645416,32.69038,32.339645,32.48354,10.78256,11621300
2005-02-17,32.420586,32.465553,31.997904,32.087837,10.651209,7852576
2005-02-18,32.087837,32.195755,31.620188,31.755087,10.540752,12942739
2005-02-22,31.737101,31.997904,31.65616,31.818039,10.561649,12761825
2005-02-23,31.836025,32.033878,31.593208,31.970924,10.612397,9185023
2005-02-24,31.970924,32.024883,31.647167,31.925959,10.597473,9036355
2005-02-25,31.925959,32.672398,31.880993,32.555485,10.806437,9451445
2005-02-28,32.672398,32.816288,32.285686,32.34864,10.737781,6534806
2005-03-01,32.735348,32.780315,32.456558,32.600449,10.821364,7631854
2005-03-02,32.600449,32.870247,32.48354,32.798302,10.887037,7173398
2005-03-03,32.762329,32.870247,32.474545,32.70837,10.857188,7661654
2005-03-04,32.951187,33.068096,32.663403,32.753334,10.872113,7599830
2005-03-07,33.005146,33.140045,32.744343,32.834274,10.898976,7811990
2005-03-08,32.780315,32.897224,32.465553,32.465553,10.776588,6864610
2005-03-09,32.402599,32.77132,32.384613,32.501526,10.788531,6498557
2005-03-10,32.501526,32.645416,32.456558,32.528503,10.797486,6189658
2005-03-11,32.62743,32.726357,32.321659,32.438572,10.767627,6778879
2005-03-14,32.600449,32.645416,32.240723,32.447563,10.770617,5719415
2005-03-15,32.465553,32.591457,32.015888,32.087837,10.651209,6490996
2005-03-16,31.925959,32.159782,31.674147,31.782066,10.549711,6930660
2005-03-17,31.791059,31.871998,31.512268,31.665154,10.510903,6349889
2005-03-18,31.665154,31.674147,31.350391,31.611195,10.492992,13696974
2005-03-21,31.530256,31.620188,31.233479,31.43133,10.433288,7258462
2005-03-22,31.476295,31.584215,30.918716,30.990662,10.287015,7785636
2005-03-23,31.143547,31.746094,31.080593,31.395357,10.421349,8439128
2005-03-24,31.386364,31.674147,31.26046,31.26046,10.37657,5461332
2005-03-28,31.269451,31.611195,31.170527,31.224485,10.364627,8487831
2005-03-29,30.999655,31.880993,30.936703,31.350391,10.40642,13966510
2005-03-30,31.43133,31.880993,31.359385,31.863005,10.576576,6399482
2005-03-31,31.90797,32.12381,31.530256,31.925959,10.597473,7159610
2005-04-01,32.015888,32.195755,31.530256,31.647167,10.504932,7196638
2005-04-04,31.728107,32.18676,31.512268,32.060856,10.642255,11959777
2005-04-05,32.087837,32.366627,31.970924,32.168774,10.678075,6733400
2005-04-06,32.2677,32.276695,31.800053,31.934952,10.721857,7077103
2005-04-07,31.934952,32.051865,31.836025,31.845018,10.691661,6175536
2005-04-08,31.934952,32.060856,31.467302,31.539249,10.589002,6568609
2005-04-11,31.737101,31.791059,31.350391,31.386364,10.537673,5290648
2005-04-12,31.26046,31.728107,31.17952,31.647167,10.625237,5596545
2005-04-13,31.701126,31.845018,31.287439,31.386364,10.537673,5644247
2005-04-14,31.332405,31.683142,31.233479,31.377371,10.534652,7267024
2005-04-15,31.134554,31.386364,30.630934,30.711872,10.311213,9975395
2005-04-18,30.864758,31.044622,30.496035,30.576975,10.265925,7845570
2005-04-19,30.576975,30.92771,30.576975,30.720865,10.314234,7619734
2005-04-20,30.612947,30.954689,30.31617,30.379124,10.199502,6469980
2005-04-21,30.657913,30.846771,30.433083,30.810799,10.344437,6360564
2005-04-22,30.846771,30.90073,30.343149,30.630934,10.284045,6667684
2005-04-25,30.918716,30.936703,30.469055,30.630934,10.284045,6995375
2005-04-26,30.532007,30.855764,30.505028,30.576975,10.265925,7268914
2005-04-27,30.981668,31.746094,30.783817,31.674147,10.634292,15338209
2005-04-28,31.566229,32.024883,31.521263,31.521263,10.58296,10007419
2005-04-29,31.65616,32.285686,31.512268,32.195755,10.809416,12395439
2005-05-02,32.420586,32.600449,30.954689,31.449318,10.558808,27736093
2005-05-03,31.449318,31.476295,30.945696,31.17952,10.468225,17339603
2005-05-04,31.251467,31.422337,31.026634,31.206499,10.477288,11729827
2005-05-05,31.053616,31.251467,30.630934,30.846771,10.356506,13007566
2005-05-06,31.026634,31.251467,30.909723,31.080593,10.435012,9227610
2005-05-09,31.080593,31.080593,30.765833,31.062609,10.428971,7436596
2005-05-10,30.90073,31.071602,30.720865,30.873751,10.365568,6966242
2005-05-11,30.936703,31.026634,30.783817,30.918716,10.380662,5710297
2005-05-12,31.026634,31.134554,30.756838,30.837776,10.353489,5525936
2005-05-13,31.026634,31.17952,30.603952,30.657913,10.293103,7051084
2005-05-16,30.801804,31.026634,30.720865,31.026634,10.416896,5254510
2005-05-17,30.981668,31.080593,30.765833,31.080593,10.435012,5331568
2005-05-18,31.080593,31.476295,30.999655,31.278444,10.501438,7566694
2005-05-19,31.503277,31.566229,31.206499,31.530256,10.585982,6102592
2005-05-20,31.530256,31.880993,31.458309,31.65616,10.628256,9627244
2005-05-23,31.719114,31.925959,31.611195,31.791059,10.673547,8003912
2005-05-24,31.836025,31.863005,31.566229,31.65616,10.628256,6200444
2005-05-25,31.683142,31.952938,31.665154,31.836025,10.688643,7141151
2005-05-26,32.04287,32.051865,31.791059,31.791059,10.673547,5900885
2005-05-27,31.791059,31.979918,31.674147,31.889984,10.706759,4379407
2005-05-31,31.863005,31.943945,31.76408,31.818039,10.682599,7239336
2005-06-01,31.925959,31.979918,31.65616,31.800053,10.676562,7350198
2005-06-02,31.800053,31.818039,31.566229,31.629181,10.619192,6487548
2005-06-03,31.611195,31.746094,31.521263,31.629181,10.619192,5204138
2005-06-06,31.584215,31.665154,31.467302,31.494284,10.573904,4701760
2005-06-07,31.611195,31.791059,31.476295,31.512268,10.579943,6273610
2005-06-08,31.773073,31.836025,31.43133,31.539249,10.589002,7216430
2005-06-09,31.539249,31.557236,31.251467,31.305426,10.510499,7443824
2005-06-10,31.314419,31.43133,31.215492,31.341398,10.522575,9212599
2005-06-13,31.296432,31.584215,31.26046,31.395357,10.540691,5935022
2005-06-14,31.395357,31.530256,31.350391,31.485291,10.570889,4752687
2005-06-15,31.494284,31.638174,31.296432,31.620188,10.616176,8185938
2005-06-16,31.647167,31.65616,31.368378,31.422337,10.549749,7076992
2005-06-17,31.683142,31.683142,31.341398,31.503277,10.576923,11612961
2005-06-20,31.476295,31.665154,31.359385,31.602201,10.61014,7409798
2005-06-21,31.512268,31.65616,31.422337,31.476295,10.567865,6087025
2005-06-22,31.65616,31.710119,31.449318,31.503277,10.576923,6091917
2005-06-23,31.476295,31.530256,31.215492,31.224485,10.483325,8508736
2005-06-24,31.161533,31.224485,30.990662,30.999655,10.407835,11394352
2005-06-27,31.044622,31.296432,30.918716,30.918716,10.380662,9250294
2005-06-28,30.936703,31.224485,30.918716,31.161533,10.462189,6003406
2005-06-29,31.287439,31.305426,31.125561,31.233479,10.486343,6119827
2005-06-30,31.43133,31.43133,31.053616,31.071602,10.431994,9728654
2005-07-01,31.071602,31.341398,31.017641,31.089588,10.438031,8828866
2005-07-05,31.098581,31.40435,31.026634,31.40435,10.543713,9751449
2005-07-06,31.053616,31.17952,30.90073,30.954689,10.514692,10142855
2005-07-07,30.810799,30.90073,30.621941,30.855764,10.481086,9408969
2005-07-08,30.828785,31.062609,30.756838,30.936703,10.50858,8568336
2005-07-11,30.711872,30.936703,30.711872,30.846771,10.478032,11051538
2005-07-12,30.90073,30.936703,30.756838,30.801804,10.462761,12715568
2005-07-13,30.828785,31.15254,30.819792,31.098581,10.563569,8405214
2005-07-14,31.323412,31.449318,31.197506,31.296432,10.63078,9154444
2005-07-15,31.386364,31.422337,31.188513,31.197506,10.597173,9373276
2005-07-18,31.098581,31.224485,30.828785,30.90073,10.496359,6982365
2005-07-19,31.053616,31.206499,30.873751,31.026634,10.53913,6568054
2005-07-20,30.882744,30.990662,30.6759,30.981668,10.52385,8515297
2005-07-21,31.00865,31.026634,30.666906,30.738852,10.441372,6960571
2005-07-22,30.819792,30.819792,30.56798,30.729858,10.438323,7492416
2005-07-25,30.891737,30.999655,30.594959,30.594959,10.392495,7164169
2005-07-26,30.918716,30.945696,30.666906,30.693886,10.426102,7844236
2005-07-27,30.720865,30.990662,30.621941,30.846771,10.478032,8685091
2005-07-28,30.864758,31.215492,30.846771,31.170527,10.58801,8957629
2005-07-29,31.035627,31.071602,30.756838,30.783817,10.456649,9630135
2005-08-01,30.756838,30.774824,30.487041,30.558987,10.38028,11171406
2005-08-02,30.558987,30.801804,30.379124,30.469055,10.349732,12044174
2005-08-03,30.397108,30.783817,30.271204,30.774824,10.45359,9752450
2005-08-04,30.558987,30.576975,30.082346,30.307177,10.294744,13176693
2005-08-05,30.280197,30.379124,29.902481,29.965433,10.178659,13671176
2005-08-08,29.965433,29.983421,29.713623,29.794563,10.120621,6674578
2005-08-09,29.821543,30.06436,29.794563,29.947449,10.172552,8082415
2005-08-10,30.307177,30.31617,29.695637,29.81255,10.12673,11272038
2005-08-11,29.767584,29.875502,29.67765,29.767584,10.111455,9735771
2005-08-12,29.686644,29.803556,29.470806,29.722616,10.09618,9715978
2005-08-15,29.722616,29.911474,29.623692,29.668657,10.077852,9562529
2005-08-16,29.67765,29.920467,29.551746,29.758591,10.108397,8714335
2005-08-17,29.686644,29.866508,29.551746,29.722616,10.09618,7697459
2005-08-18,29.596712,29.740604,29.551746,29.578726,10.047305,8495949
2005-08-19,29.713623,29.848522,29.641678,29.740604,10.102293,7693122
2005-08-22,29.81255,29.947449,29.67765,29.794563,10.120621,8001021
2005-08-23,29.81255,30.001408,29.695637,29.893488,10.154222,7556575
2005-08-24,29.902481,30.03738,29.488792,29.488792,10.016751,11286493
2005-08-25,29.506781,29.668657,29.281948,29.398861,9.986206,9705192
2005-08-26,29.335909,29.389868,29.048124,29.317923,9.958714,16538667
2005-08-29,28.976179,29.210003,28.913227,29.156044,9.903724,6603525
2005-08-30,29.003159,29.263962,28.976179,29.09309,9.882343,8613259
2005-08-31,29.039131,29.497786,28.92222,29.416847,9.992314,10447973
2005-09-01,29.362888,29.56074,29.183023,29.335909,9.964823,9372164
2005-09-02,29.470806,29.470806,29.20101,29.210003,9.922051,5297208
2005-09-06,29.263962,29.632685,29.263962,29.587719,10.050357,7364987
2005-09-07,29.488792,29.488792,29.218996,29.434834,9.998425,7458835
2005-09-08,29.281948,29.488792,29.138058,29.210003,9.922051,8283900
2005-09-09,29.156044,29.497786,29.156044,29.434834,9.998425,6849376
2005-09-12,29.380875,29.389868,29.183023,29.308929,9.955656,6151629
2005-09-13,29.272957,29.362888,29.17403,29.227989,9.928161,8319816
2005-09-14,29.227989,29.326916,29.183023,29.254969,9.93733,8148243
2005-09-15,29.254969,29.335909,29.048124,29.129065,9.89456,7410799
2005-09-16,29.192017,29.542753,29.138058,29.506781,10.022862,16810983
2005-09-19,29.434834,29.443827,29.17403,29.299934,9.952603,6293402
2005-09-20,29.236982,29.299934,28.931213,29.012152,9.854847,9446664
2005-09-21,29.272957,29.272957,28.625443,28.733362,9.760149,10505794
2005-09-22,28.69739,28.841282,28.463566,28.724369,9.757097,7983341
2005-09-23,28.643431,29.057117,28.616449,28.92222,9.824305,6517793
2005-09-26,29.138058,29.210003,28.715376,28.778328,9.775421,9952044
2005-09-27,28.841282,28.868259,28.643431,28.643431,9.729603,10017427
2005-09-28,28.823294,29.183023,28.688396,29.147051,9.900675,10296526
2005-09-29,29.048124,29.344902,28.877254,29.254969,9.93733,7906394
2005-09-30,29.335909,29.443827,29.111078,29.398861,9.986206,8070295
2005-10-03,29.308929,29.479799,29.066111,29.138058,9.897614,9419755
2005-10-04,28.823294,29.461815,28.823294,28.976179,9.842632,12767052
2005-10-05,28.634438,28.634438,28.103836,28.247728,9.717335,14182450
2005-10-06,28.247728,28.274708,27.753099,27.97793,9.62452,10957468
2005-10-07,28.103836,28.112829,27.429344,27.510283,9.463649,12757378
2005-10-10,27.58223,27.600216,27.105589,27.240486,9.370839,11397577
2005-10-11,27.204514,27.240486,26.844784,26.925722,9.262562,10367135
2005-10-12,26.979683,27.159548,26.808811,26.826797,9.228531,11423040
2005-10-13,26.700893,27.042635,26.691898,26.799818,9.219245,9920020
2005-10-14,26.979683,26.979683,26.727873,26.88975,9.25018,10002860
2005-10-17,26.86277,26.898745,26.33217,26.440088,9.0955,12345957
2005-10-18,26.431095,26.601967,26.314184,26.395123,9.080032,17394534
2005-10-19,26.449081,26.494047,26.33217,26.440088,9.0955,15434837
2005-10-20,26.485056,26.799818,26.197271,26.260223,9.033625,14098609
2005-10-21,26.46707,26.71888,26.350157,26.548008,9.132624,18094505
2005-10-24,26.88975,27.348406,26.844784,27.060621,9.308964,15602741
2005-10-25,27.285452,27.546255,26.925722,27.33042,9.401783,12651743
2005-10-26,27.249479,27.80706,27.249479,27.510283,9.463649,12970093
2005-10-27,28.166788,28.166788,27.510283,27.663168,9.516245,16945084
2005-10-28,28.103836,28.616449,27.654175,28.508532,9.80705,17797726
2005-10-31,28.733362,28.778328,28.05887,28.33766,9.748278,17662068
2005-11-01,28.598463,28.616449,28.05887,28.184774,9.69568,12317380
2005-11-02,28.22974,28.382626,28.031891,28.301687,9.735896,10212018
2005-11-03,28.463566,28.553497,27.483303,27.726122,9.537901,19282399
2005-11-04,27.887999,27.968939,27.456324,27.789074,9.559558,9834845
2005-11-07,27.852026,27.941957,27.375385,27.47431,9.451274,13285108
2005-11-08,27.47431,27.726122,27.375385,27.573236,9.48531,7870700
2005-11-09,27.44733,27.816053,27.339413,27.744106,9.544086,19623989
2005-11-10,27.852026,28.112829,27.789074,28.004911,9.633808,14001758
2005-11-11,28.013905,28.33766,27.816053,28.238735,9.71424,13873328
2005-11-14,28.364639,28.454573,28.08585,28.211756,9.704959,11247464
2005-11-15,28.040884,28.166788,27.663168,27.717127,9.534801,11690019
2005-11-16,27.825047,28.166788,27.762093,27.968939,9.621427,10093595
2005-11-17,27.825047,28.652424,27.798065,28.508532,9.80705,10856725
2005-11-18,28.958193,28.958193,28.508532,28.508532,9.80705,14020773
2005-11-21,28.688396,28.688396,28.238735,28.571484,9.828708,14290865
2005-11-22,28.598463,28.688396,28.382626,28.661415,9.859644,11112140
2005-11-23,28.9492,28.9492,28.553497,28.643431,9.853458,7032292
2005-11-25,28.868259,28.9492,28.499538,28.760342,9.893674,4649054
2005-11-28,28.841282,29.003159,28.598463,28.940207,9.955552,10670029
2005-11-29,29.003159,29.192017,28.886248,28.913227,9.946269,13182253
2005-11-30,29.048124,29.147051,28.69739,28.760342,9.893674,17115435
2005-12-01,28.958193,29.03014,28.733362,28.904234,9.943176,13764469
2005-12-02,28.832289,28.841282,28.553497,28.661415,9.859644,11275040
2005-12-05,28.805307,28.976179,28.418598,28.517525,9.810148,14378931
2005-12-06,28.580477,28.634438,28.355646,28.544504,9.819429,12566456
2005-12-07,28.598463,28.625443,28.112829,28.283701,9.729713,12335838
2005-12-08,28.292694,28.319674,28.05887,28.08585,9.661649,11998140
2005-12-09,28.040884,28.148802,27.932964,27.950951,9.615242,10243041
2005-12-12,27.950951,27.968939,27.384378,27.627195,9.503866,15738843
2005-12-13,27.537264,27.762093,27.402365,27.627195,9.503866,14001981
2005-12-14,27.528271,27.645182,27.438337,27.465317,9.448185,13226508
2005-12-15,27.465317,27.609209,27.429344,27.528271,9.469836,12834102
2005-12-16,27.537264,27.546255,27.294447,27.420351,9.432714,18360928
2005-12-19,27.384378,27.555248,27.19552,27.44733,9.441997,17506062
2005-12-20,27.375385,27.564241,27.339413,27.465317,9.448185,19009749
2005-12-21,27.519276,27.690147,27.411358,27.537264,9.47293,15480760
2005-12-22,27.546255,27.645182,27.357397,27.600216,9.494586,17481377
2005-12-23,27.609209,27.699141,27.411358,27.411358,9.429621,9043027
2005-12-27,27.438337,27.58223,27.348406,27.375385,9.417242,11611071
2005-12-28,27.36639,27.375385,27.141562,27.204514,9.358463,14890427
2005-12-29,27.123573,27.321424,27.11458,27.2225,9.36465,17548538
2005-12-30,27.078608,27.19552,26.979683,27.087601,9.318246,17706991
2006-01-03,27.159548,27.402365,27.015656,27.321424,9.398682,14348241
2006-01-04,27.492296,28.139809,27.384378,28.121822,9.674023,34475165
2006-01-05,28.130816,28.69739,28.076857,28.44558,9.785394,22976845
2006-01-06,28.418598,28.418598,28.022898,28.193768,9.824573,64153275
2006-01-09,28.22974,28.346653,28.067863,28.31068,9.865312,19569726
2006-01-10,28.598463,28.634438,28.346653,28.427591,9.906046,33637979
2006-01-11,28.598463,28.841282,28.44558,28.769335,10.025137,21804296
2006-01-12,28.823294,29.048124,28.688396,28.877254,10.062737,27355696
2006-01-13,29.03014,29.075106,28.643431,28.940207,10.084681,22661719
2006-01-17,28.706383,28.841282,28.193768,28.31068,9.865312,20720481
2006-01-18,28.184774,28.220749,27.887999,28.013905,9.761891,16785186
2006-01-19,28.373632,28.436586,27.995916,28.256721,9.846505,18523050
2006-01-20,28.328667,28.328667,27.735113,27.825047,9.696086,15096582
2006-01-23,27.923971,28.05887,27.744106,27.879005,9.714884,11748619
2006-01-24,28.040884,28.238735,27.762093,27.780081,9.680411,13978630
2006-01-25,27.879005,28.31068,27.879005,28.220749,9.833971,13456682
2006-01-26,28.56249,28.670408,28.094843,28.490545,9.927985,16166832
2006-01-27,28.643431,28.913227,28.382626,28.904234,10.072143,17634826
2006-01-30,29.003159,29.021145,28.58947,28.688396,9.996932,12514306
2006-01-31,28.69739,28.742355,28.44558,28.472557,9.921721,13444450
2006-02-01,28.490545,28.634438,28.157797,28.598463,9.965592,17235859
2006-02-02,28.598463,28.652424,28.22974,28.364639,9.884113,11143941
2006-02-03,28.193768,28.526518,28.103836,28.427591,9.906046,13299563
2006-02-06,28.517525,28.598463,28.328667,28.373632,9.887245,9860420
2006-02-07,28.427591,28.553497,28.193768,28.328667,9.871581,8483606
2006-02-08,28.535511,29.344902,28.427591,29.308929,10.213167,22617909
2006-02-09,29.335909,29.488792,29.120071,29.371881,10.235103,16151710
2006-02-10,29.443827,29.839529,29.272957,29.839529,10.398061,15240691
2006-02-13,29.659664,29.839529,29.587719,29.623692,10.322851,11062769
2006-02-14,29.596712,30.352142,29.587719,30.1453,10.504612,18285982
2006-02-15,30.235231,30.909723,30.199259,30.711872,10.702044,21743139
2006-02-16,30.882744,31.116568,30.666906,31.071602,10.827394,13535963
2006-02-17,31.071602,31.296432,30.972675,31.278444,10.899472,15456965
2006-02-21,31.323412,31.467302,30.747845,30.891737,10.764715,15701927
2006-02-22,31.044622,31.467302,30.541,30.56798,10.651902,12751484
2006-02-23,30.576975,30.711872,30.379124,30.505028,10.629965,10238260
2006-02-24,30.630934,30.756838,30.244225,30.406101,10.595494,8600805
2006-02-27,30.576975,31.125561,30.352142,30.630934,10.673835,11613406
2006-02-28,30.702879,31.017641,30.307177,30.307177,10.561019,12035390
2006-03-01,30.496035,30.90073,30.451069,30.756838,10.717713,9190138
2006-03-02,30.756838,30.756838,30.424089,30.576975,10.655038,11593391
2006-03-03,30.424089,30.523014,30.136307,30.199259,10.523417,14090603
2006-03-06,30.307177,30.765833,29.830536,30.334158,10.570423,21009031
2006-03-07,30.334158,30.370129,29.929461,30.136307,10.501479,8056840
2006-03-08,30.136307,30.370129,30.06436,30.073353,10.479546,11665778
2006-03-09,30.127312,30.469055,30.109325,30.199259,10.523417,11971008
2006-03-10,30.576975,30.79281,30.487041,30.747845,10.714574,10868623
2006-03-13,30.918716,31.170527,30.693886,30.864758,10.755321,9779804
2006-03-14,30.666906,31.00865,30.594959,30.92771,10.777255,14393275
2006-03-15,30.747845,31.00865,30.6759,30.92771,10.777255,8970306
2006-03-16,31.026634,31.215492,30.810799,31.044622,10.817997,10681482
2006-03-17,31.170527,31.323412,30.819792,30.945696,10.783523,16286366
2006-03-20,30.891737,31.044622,30.172277,30.774824,10.723977,11905070
2006-03-21,30.783817,31.143547,30.6759,30.891737,10.764715,10139852
2006-03-22,30.307177,31.377371,30.307177,31.305426,10.908881,10338669
2006-03-23,31.395357,31.440325,31.15254,31.224485,10.880671,8856998
2006-03-24,31.224485,31.476295,31.026634,31.449318,10.959016,10674810
2006-03-27,31.449318,31.629181,31.296432,31.413343,10.946483,11987465
2006-03-28,31.395357,31.476295,30.999655,31.071602,10.827394,10665359
2006-03-29,31.116568,31.602201,31.116568,31.494284,10.974689,8699658
2006-03-30,31.368378,31.485291,30.891737,31.017641,10.808597,14713183
2006-03-31,31.098581,31.251467,30.603952,30.630934,10.673835,20164062
2006-04-03,30.801804,31.224485,30.711872,30.954689,10.786661,15049213
2006-04-04,31.107574,31.215492,30.90073,31.116568,10.843067,7663656
2006-04-05,31.026634,31.170527,30.801804,30.972675,10.792924,10077250
2006-04-06,30.576975,30.666906,30.154291,30.28919,10.680348,10744641
2006-04-07,30.397108,30.576975,30.118319,30.388117,10.715231,13018797
2006-04-10,30.370129,30.478048,30.109325,30.109325,10.616927,8638612
2006-04-11,30.109325,30.181273,29.254969,29.443827,10.382265,14727972
2006-04-12,29.67765,29.81255,29.380875,29.695637,10.471053,10536929
2006-04-13,29.407854,29.67765,29.048124,29.506781,10.404463,7054531
2006-04-17,29.45282,29.650671,29.183023,29.20101,10.296643,8580457
2006-04-18,29.317923,30.019394,29.317923,29.857515,10.528138,12523424
2006-04-19,29.857515,29.857515,29.317923,29.461815,10.388607,10024655
2006-04-20,29.380875,29.596712,29.156044,29.281948,10.325186,12201292
2006-04-21,29.326916,29.488792,29.165037,29.245975,10.312498,11513886
2006-04-24,29.227989,29.299934,29.012152,29.048124,10.24273,7225993
2006-04-25,29.227989,29.45282,29.102083,29.227989,10.306154,9438658
2006-04-26,29.443827,29.902481,29.398861,29.749598,10.490082,12210077
2006-04-27,29.668657,30.046373,29.506781,29.965433,10.566188,10494786
2006-04-28,30.010401,30.046373,29.605705,29.704632,10.474228,10655907
2006-05-01,29.722616,29.893488,29.398861,29.488792,10.39812,12157371
2006-05-02,29.767584,29.884495,29.353895,29.353895,10.350556,11149835
2006-05-03,29.362888,29.533758,29.165037,29.353895,10.350556,9408524
2006-05-04,29.524767,29.605705,29.353895,29.497786,10.401292,8668523
2006-05-05,29.623692,29.758591,29.210003,29.695637,10.471053,10255717
2006-05-08,29.794563,29.902481,29.542753,29.605705,10.439344,7121804
2006-05-09,29.596712,29.704632,29.461815,29.542753,10.417146,6230133
2006-05-10,29.416847,29.479799,28.841282,29.084099,10.255416,15701371
2006-05-11,28.976179,29.048124,28.454573,28.688396,10.115892,12380427
2006-05-12,28.607456,28.778328,28.472557,28.58947,10.081007,11155506
2006-05-15,28.427591,28.544504,28.130816,28.346653,9.995388,12716792
2006-05-16,28.490545,28.58947,28.211756,28.508532,10.052466,8373857
2006-05-17,28.328667,28.364639,27.483303,27.708134,9.77024,15406705
2006-05-18,27.708134,27.879005,27.069614,27.348406,9.64339,13700421
2006-05-19,27.47431,28.256721,27.438337,27.789074,9.798777,19382919
2006-05-22,27.699141,28.05887,27.636189,27.690147,9.763893,12907602
2006-05-23,27.80706,28.166788,27.654175,27.762093,9.789261,11870377
2006-05-24,27.83404,27.914978,27.600216,27.654175,9.75121,10160423
2006-05-25,27.654175,28.013905,27.618202,28.013905,9.878053,7316061
2006-05-26,28.157797,28.391619,28.076857,28.319674,9.985873,6919985
2006-05-30,28.157797,28.283701,27.771088,27.798065,9.80195,8348727
2006-05-31,27.825047,28.103836,27.663168,28.067863,9.897081,11499542
2006-06-01,28.31068,28.832289,28.202763,28.742355,10.134914,12954526
2006-06-02,28.742355,28.985172,28.643431,28.724369,10.128577,9677504
2006-06-05,28.56249,28.868259,28.364639,28.373632,10.004898,7370657
2006-06-06,28.535511,28.625443,28.139809,28.508532,10.052466,12608154
2006-06-07,28.670408,28.805307,28.481552,28.634438,10.096865,10953131
2006-06-08,28.760342,28.913227,28.139809,28.472557,10.039783,14892873
2006-06-09,28.346653,28.58947,28.319674,28.328667,9.989047,7225771
2006-06-12,28.472557,28.544504,28.148802,28.175781,9.935138,6322647
2006-06-13,28.256721,28.598463,28.121822,28.373632,10.004898,13050265
2006-06-14,28.418598,28.454573,28.148802,28.436586,10.0271,10114834
2006-06-15,28.652424,29.003159,28.409607,28.9492,10.20785,12977654
2006-06-16,28.868259,29.344902,28.805307,29.263962,10.318841,15686915
2006-06-19,29.227989,29.515774,28.904234,28.931213,10.201515,11482752
2006-06-20,28.859266,29.587719,28.742355,29.443827,10.382265,16359755
2006-06-21,29.551746,29.884495,29.434834,29.56074,10.423485,19111492
2006-06-22,29.56074,29.884495,29.443827,29.443827,10.382265,13150118
2006-06-23,29.407854,29.686644,29.299934,29.524767,10.410805,9162339
2006-06-26,29.533758,29.668657,29.407854,29.479799,10.394946,10145857
2006-06-27,29.42584,29.488792,29.156044,29.17403,10.287131,10530813
2006-06-28,29.299934,29.533758,29.245975,29.326916,10.341038,8566224
2006-06-29,29.497786,30.073353,29.362888,29.947449,10.559849,11478971
2006-06-30,29.902481,30.235231,29.749598,30.118319,10.620097,11749508
2006-07-03,30.244225,30.352142,30.136307,30.172277,10.639126,4743014
2006-07-05,29.992414,30.127312,29.875502,29.938456,10.556676,10692713
2006-07-06,29.497786,29.704632,29.290941,29.695637,10.600019,9728876
2006-07-07,29.803556,30.06436,29.362888,29.416847,10.500497,9373276
2006-07-10,29.578726,29.749598,29.506781,29.659664,10.587173,6986591
2006-07-11,29.659664,29.803556,29.20101,29.398861,10.494077,10539264
2006-07-12,29.533758,29.542753,28.9492,29.048124,10.368875,8537869
2006-07-13,29.048124,29.165037,28.364639,28.544504,10.18911,8781830
2006-07-14,28.607456,28.706383,28.364639,28.436586,10.150588,8036714
2006-07-17,28.517525,28.571484,28.211756,28.400614,10.137744,7647421
2006-07-18,28.391619,28.688396,28.202763,28.400614,10.137744,7786304
2006-07-19,28.490545,29.17403,28.463566,29.066111,10.375298,12350961
2006-07-20,29.003159,29.075106,28.823294,29.003159,10.35283,9470460
2006-07-21,29.111078,29.111078,28.544504,28.661415,10.230843,10681149
2006-07-24,28.778328,29.497786,28.706383,29.308929,10.461973,8934167
2006-07-25,29.17403,29.686644,29.021145,29.614698,10.57112,13248080
2006-07-26,29.461815,30.208252,29.371881,30.06436,10.731627,13678293
2006-07-27,30.06436,30.541,29.81255,29.965433,10.696318,12114561
2006-07-28,30.199259,30.505028,30.028387,30.334158,10.827931,9356485
2006-07-31,30.370129,30.603952,30.262211,30.415096,10.856829,12670201
2006-08-01,30.397108,30.433083,29.317923,29.920467,10.680268,15842477
2006-08-02,30.1453,30.190266,29.740604,30.154291,10.763737,9461564
2006-08-03,29.956442,30.181273,29.803556,30.118319,10.750892,7809543
2006-08-04,30.343149,30.460062,30.127312,30.370129,10.840775,7928966
2006-08-07,30.415096,30.415096,29.839529,29.947449,10.689898,7692122
2006-08-08,30.082346,30.379124,29.875502,30.163284,10.766942,8219630
2006-08-09,30.469055,30.92771,30.370129,30.424089,10.860041,14482898
2006-08-10,30.442076,30.576975,30.199259,30.523014,10.895351,7880152
2006-08-11,30.523014,30.639927,30.352142,30.639927,10.937079,8078523
2006-08-14,30.720865,30.909723,30.424089,30.505028,10.888928,6806789
2006-08-15,30.496035,30.963682,30.352142,30.92771,11.039808,11008061
2006-08-16,30.92771,30.954689,30.720865,30.783817,10.988444,7946646
2006-08-17,30.756838,30.963682,30.451069,30.783817,10.988444,10876073
2006-08-18,30.873751,31.035627,30.720865,30.954689,11.049435,11286938
2006-08-21,30.846771,31.134554,30.64892,31.044622,11.081541,7064649
2006-08-22,30.909723,31.170527,30.738852,31.116568,11.107224,7569807
2006-08-23,31.026634,31.332405,30.846771,30.92771,11.039808,10776331
2006-08-24,31.116568,31.251467,31.044622,31.161533,11.123274,7855912
2006-08-25,31.143547,31.359385,31.071602,31.206499,11.139319,5016219
2006-08-28,31.107574,31.476295,31.098581,31.43133,11.219578,8635053
2006-08-29,31.43133,31.710119,31.278444,31.638174,11.293414,9298886
2006-08-30,31.65616,31.916965,31.629181,31.827032,11.360824,8128005
2006-08-31,31.800053,31.880993,31.629181,31.638174,11.293414,5760779
2006-09-01,31.863005,32.150787,31.773073,31.988911,11.418611,7850018
2006-09-05,31.961931,32.04287,31.710119,31.925959,11.396136,6984923
2006-09-06,31.746094,32.069847,31.701126,31.880993,11.380091,8457698
2006-09-07,31.701126,31.871998,31.548243,31.755087,11.335151,9611121
2006-09-08,31.952938,31.997904,31.710119,31.836025,11.364037,6186767
2006-09-11,31.836025,32.015888,31.755087,31.961931,11.408976,6337992
2006-09-12,32.006897,32.276695,31.871998,32.231728,11.505288,15427164
2006-09-13,32.141796,32.321659,32.060856,32.150787,11.476392,8189607
2006-09-14,32.18676,32.366627,32.141796,32.357632,11.55023,7099120
2006-09-15,32.420586,32.456558,31.970924,32.204746,11.495654,10044002
2006-09-18,32.132801,32.384613,32.015888,32.159782,11.479603,8091088
2006-09-19,32.357632,32.393604,32.105824,32.375618,11.556645,7440821
2006-09-20,32.510517,33.077091,32.420586,32.978165,11.771734,12042395
2006-09-21,32.924206,33.301922,32.879238,33.185009,11.845563,18869088
2006-09-22,33.27494,33.607693,33.140045,33.364876,11.909768,15075678
2006-09-25,33.580711,33.742592,33.499771,33.724602,12.038176,14668260
2006-09-26,33.733597,34.174267,33.499771,34.13829,12.185841,23217471
2006-09-27,34.07534,34.129299,32.735348,33.077091,11.807044,27638464
2006-09-28,33.077091,33.310917,32.906219,33.220982,11.858403,16804201
2006-09-29,33.27494,33.49078,33.238968,33.391853,11.919398,17177148
2006-10-02,33.454807,33.580711,33.292927,33.400848,11.922608,14794911
2006-10-03,33.481785,33.778564,33.391853,33.697624,12.028541,13075617
2006-10-04,33.652657,34.021381,33.27494,34.012386,12.140899,15362894
2006-10-05,33.643665,33.688629,33.032124,33.194004,11.977033,18975946
2006-10-06,33.077091,33.149036,32.861256,33.095078,11.941338,13964397
2006-10-09,32.375618,33.032124,32.375618,32.996151,11.905643,11527230
2006-10-10,32.996151,33.032124,32.537498,32.861256,11.856963,16859909
2006-10-11,32.933201,33.229977,32.861256,32.915215,11.876442,14154762
2006-10-12,33.122059,33.427826,33.122059,33.265949,12.002989,13081288
2006-10-13,33.265949,33.391853,33.095078,33.319908,12.022458,10652794
2006-10-16,33.319908,33.364876,33.014137,33.310917,12.019218,9491809
2006-10-17,33.086082,33.194004,32.744343,32.906219,11.873191,9328798
2006-10-18,33.113064,33.265949,32.672398,32.906219,11.873191,11732718
2006-10-19,33.21199,33.544739,33.158031,33.463799,12.074377,12743589
2006-10-20,33.616684,34.039368,33.364876,33.9944,12.265828,17179038
2006-10-23,33.9944,34.264198,33.886482,34.192249,12.337214,10909209
2006-10-24,34.021381,34.345135,33.895473,34.174267,12.330729,11385123
2006-10-25,34.174267,34.471043,34.13829,34.444061,12.428077,10778444
2006-10-26,34.417084,34.93869,34.390102,34.839764,12.57085,18639137
2006-10-27,34.839764,34.992649,34.444061,34.929695,12.603305,15135500
2006-10-30,34.875736,35.028622,33.337894,33.859501,12.217158,31555078
2006-10-31,33.598698,33.643665,32.555485,33.27494,12.006236,31692626
2006-11-01,33.499771,33.535748,33.176018,33.247963,11.996496,13133772
2006-11-02,33.382862,33.499771,33.059105,33.265949,12.002989,13836968
2006-11-03,33.27494,33.364876,32.897224,33.005146,11.908881,13539967
2006-11-06,33.238968,33.310917,32.969173,33.256954,11.999744,13089628
2006-11-07,33.337894,33.373867,33.095078,33.158031,11.964044,12513527
2006-11-08,32.942192,33.176018,32.69038,33.149036,11.960804,8941506
2006-11-09,33.095078,33.176018,32.249714,32.474545,11.717439,12430354
2006-11-10,32.564476,32.618435,31.719114,32.006897,11.548699,14612329
2006-11-13,31.925959,32.438572,31.925959,32.330654,11.665515,10926778
2006-11-14,32.438572,32.798302,32.150787,32.726357,11.808299,14438532
2006-11-15,32.600449,32.600449,32.105824,32.456558,11.710946,10860839
2006-11-16,32.420586,32.510517,32.150787,32.321659,11.662273,12102996
2006-11-17,32.330654,32.510517,32.240723,32.411591,11.694725,12881693
2006-11-20,32.506092,32.86084,32.300713,32.366058,11.678293,15010499
2006-11-21,32.627453,33.010208,32.590111,32.79549,11.833237,18050305
2006-11-22,32.982201,32.991535,32.375397,32.440742,11.70524,13152102
2006-11-24,32.450081,32.674129,32.394066,32.440742,11.70524,4738167
2006-11-27,32.440742,32.506092,31.908623,31.964636,11.533453,12228420
2006-11-28,31.78726,32.254032,31.740583,32.114002,11.587344,15131864
2006-11-29,32.5341,32.804829,32.4034,32.571442,11.752398,13577469
2006-11-30,32.571442,32.926189,32.543434,32.618118,11.769242,13939851
2006-12-01,32.79549,32.79549,32.188686,32.338055,11.66819,11256214
2006-12-04,32.496758,32.618118,32.375397,32.5341,11.738923,12574199
2006-12-05,32.65546,32.664795,32.14201,32.28204,11.64798,14814365
2006-12-06,32.28204,32.748814,32.188686,32.627453,11.772609,15851700
2006-12-07,32.590111,32.870174,32.552769,32.580776,11.755766,11836796
2006-12-08,32.65546,33.00087,32.478085,32.963531,11.893873,9086103
2006-12-11,33.140903,33.476978,33.103561,33.318275,12.021867,11485554
2006-12-12,33.243591,33.467644,33.04755,33.383625,12.045451,12821321
2006-12-13,33.39296,33.607677,33.39296,33.486317,12.082504,7768332
2006-12-14,33.495651,33.869068,33.420967,33.691696,12.156604,10607719
2006-12-15,33.607677,34.083786,33.607677,34.055779,12.287978,23619496
2006-12-18,34.167805,34.261158,33.990433,34.111794,12.308186,10077376
2006-12-19,34.121128,34.335842,34.027775,34.223816,12.348607,11717466
2006-12-20,34.242489,34.447868,33.943752,34.027775,12.277875,11649767
2006-12-21,34.195812,34.401192,34.121128,34.242489,12.355347,9437879
2006-12-22,34.242489,34.326508,34.046444,34.121128,12.311554,9094244
2006-12-26,34.083786,34.447868,34.055779,34.307838,12.378923,5262083
2006-12-27,34.391857,34.727932,34.270496,34.671921,12.510292,7888948
2006-12-28,34.559895,34.867966,34.559895,34.839958,12.570914,9462195
2006-12-29,34.886635,35.138695,34.681255,34.765274,12.543975,10312501
2007-01-03,35.129356,35.932209,35.110687,35.306732,12.739346,21445850
2007-01-04,35.493443,35.558788,35.176037,35.502777,12.81008,19215860
2007-01-05,35.502777,35.530785,34.839958,34.895969,12.591134,19047041
2007-01-08,34.494545,34.578564,34.15847,34.36385,12.534944,20370917
2007-01-09,34.36385,34.774609,34.36385,34.50388,12.586026,16281352
2007-01-10,34.50388,34.541222,34.055779,34.307838,12.514514,14750309
2007-01-11,34.270496,34.737267,34.074451,34.643913,12.637111,9740810
2007-01-12,34.774609,34.998661,34.681255,34.849293,12.71202,12502858
2007-01-16,34.923977,34.998661,34.513218,34.69059,12.65413,12128265
2007-01-17,34.587902,34.774609,34.345177,34.429199,12.558785,11809802
2007-01-18,34.167805,35.157364,34.167805,35.073345,12.79375,12188251
2007-01-19,35.073345,35.129356,34.559895,34.774609,12.684776,13451498
2007-01-22,34.643913,34.914642,34.541222,34.774609,12.684776,9991574
2007-01-23,34.8773,35.428093,34.830624,34.998661,12.766506,14298483
2007-01-24,35.129356,35.689487,35.08268,35.540119,12.964014,11639055
2007-01-25,35.540119,35.680149,34.709263,35.007996,12.769912,12685173
2007-01-26,35.007996,35.316067,34.634579,35.316067,12.882285,10493424
2007-01-29,34.933311,35.66148,34.793282,35.502777,12.950394,17055496
2007-01-30,35.512112,36.109581,35.512112,36.016228,13.137687,17042642
2007-01-31,35.885529,36.109581,35.577461,35.960213,13.117249,12922012
2007-02-01,36.1936,36.1936,35.381416,35.47477,12.940177,15064273
2007-02-02,35.66148,35.829517,35.484104,35.633472,12.998065,10841559
2007-02-05,35.493443,35.59613,35.297398,35.558788,12.970822,9057931
2007-02-06,35.521446,35.66148,35.297398,35.549454,12.967416,8630421
2007-02-07,35.549454,35.838852,35.428093,35.558788,12.970822,8500058
2007-02-08,35.512112,35.689487,35.176037,35.428093,12.923149,12178075
2007-02-09,35.465435,35.568123,34.886635,35.194706,12.838018,8386941
2007-02-12,35.194706,35.362743,34.895969,35.073345,12.79375,6797304
2007-02-13,35.073345,35.540119,34.989326,35.512112,12.953801,7420840
2007-02-14,35.568123,36.184265,35.521446,36.062904,13.154716,12386313
2007-02-15,35.969547,36.109581,35.838852,35.848186,13.07639,7471829
2007-02-16,35.857525,35.969547,35.670815,35.941544,13.110436,9217644
2007-02-20,35.98822,36.034897,35.521446,35.717491,13.028715,7879950
2007-02-21,35.670815,35.969547,35.47477,35.745499,13.038931,8746752
2007-02-22,35.941544,36.05357,35.680149,35.885529,13.090011,9807438
2007-02-23,35.885529,35.960213,35.381416,35.857525,13.079798,10530915
2007-02-26,35.885529,36.174931,35.792175,35.838852,13.072983,13814201
2007-02-27,35.80151,35.80151,33.448975,34.195812,12.473651,23607713
2007-02-28,34.55056,35.026669,34.177139,34.914642,12.73586,19214681
2007-03-01,34.541222,34.905308,33.990433,34.634579,12.633699,15998666
2007-03-02,34.494545,34.634579,33.794388,34.055779,12.422574,14027259
2007-03-05,33.878407,34.373184,33.654354,33.729038,12.303385,12130407
2007-03-06,34.111794,34.261158,33.785049,34.055779,12.422574,15086553
2007-03-07,33.897076,34.046444,33.234257,33.308941,12.150147,18300105
2007-03-08,33.701031,34.186478,33.458309,34.055779,12.422574,13422898
2007-03-09,34.261158,34.261158,33.841064,34.027775,12.412358,12555988
2007-03-12,34.027775,34.391857,33.710365,34.149136,12.456628,14847465
2007-03-13,33.999767,34.195812,33.551662,33.729038,12.303385,15652995
2007-03-14,33.803722,33.934418,33.439636,33.869068,12.354464,14704783
2007-03-15,33.673023,33.990433,33.504986,33.943752,12.381705,11540828
2007-03-16,34.214481,34.307838,33.719704,33.90641,12.368089,16304275
2007-03-19,34.027775,34.382519,33.999767,34.307838,12.514514,8379014
2007-03-20,34.233154,34.541222,34.027775,34.522552,12.592836,9988468
2007-03-21,34.223816,35.241383,34.223816,35.176037,12.831213,11936201
2007-03-22,35.01733,35.680149,35.01733,35.484104,12.943583,15295648
2007-03-23,35.549454,35.969547,35.390751,35.586796,12.981041,17443479
2007-03-26,35.502777,35.512112,34.886635,35.166698,12.827803,19059360
2007-03-27,35.185371,35.428093,35.054672,35.185371,12.834613,11759992
2007-03-28,35.026669,35.138695,34.606571,34.755939,12.677968,12892340
2007-03-29,35.129356,35.185371,34.755939,35.073345,12.79375,10339281
2007-03-30,35.101353,35.558788,34.961319,35.400085,12.912938,15850414
2007-04-02,34.914642,35.689487,34.307838,35.316067,12.882285,11392254
2007-04-03,35.530785,35.698822,35.428093,35.586796,12.981041,9566314
2007-04-04,35.577461,35.708157,35.297398,35.493443,12.946988,10264084
2007-04-05,35.007996,35.493443,34.923977,35.47477,13.079504,8923604
2007-04-09,35.484104,35.614803,35.381416,35.47477,13.079504,5667205
2007-04-10,35.47477,35.652145,35.120022,35.288059,13.010665,7839245
2007-04-11,35.297398,35.33474,34.69059,34.895969,12.866102,13627279
2007-04-12,34.905308,34.923977,34.541222,34.886635,12.862662,7491003
2007-04-13,35.26939,35.26939,34.634579,34.905308,12.869545,9212824
2007-04-16,34.998661,35.493443,34.914642,35.353409,13.03476,10135434
2007-04-17,35.297398,35.297398,34.933311,34.970654,12.893641,11929025
2007-04-18,34.867966,35.073345,34.755939,34.933311,12.879866,10447792
2007-04-19,34.802616,35.157364,34.727932,35.01733,12.910846,12848422
2007-04-20,35.614803,35.820183,35.222713,35.390751,13.048527,15754651
2007-04-23,35.381416,35.465435,34.886635,35.054672,12.924621,8555545
2007-04-24,35.166698,35.33474,34.979988,35.101353,12.941826,12110804
2007-04-25,35.33474,35.381416,34.933311,35.148029,12.959033,14000801
2007-04-26,35.054672,35.540119,35.054672,35.446762,13.06918,12788007
2007-04-27,35.297398,35.652145,35.204041,35.372082,13.041644,13239404
2007-04-30,35.708157,35.932209,35.185371,35.642807,13.141459,18022775
2007-05-01,35.782841,36.118916,35.708157,35.950878,13.255038,13258471
2007-05-02,36.202934,37.341862,36.174931,36.968445,13.630221,25943430
2007-05-03,37.117813,38.630157,37.061798,38.340759,14.136192,33944852
2007-05-04,38.424778,38.46212,37.743286,37.958004,13.995068,14842323
2007-05-07,37.855312,38.200726,37.808636,38.116707,14.053579,11235005
2007-05-08,38.116707,38.116707,37.67794,37.920662,13.981298,10867588
2007-05-09,37.948669,38.60215,37.948669,38.424778,14.167171,13206411
2007-05-10,38.256741,38.46212,38.051357,38.07003,14.036374,9772410
2007-05-11,38.116707,38.60215,38.098038,38.60215,14.232562,12342609
2007-05-14,38.555473,38.947563,38.527466,38.835537,14.318616,15733227
2007-05-15,38.975571,39.815762,38.910221,39.71307,14.642166,21522226
2007-05-16,39.722408,40.021141,39.675728,39.89978,14.711003,14297519
2007-05-17,39.778419,39.862438,39.302311,39.339653,14.504485,13745217
2007-05-18,39.675728,39.89978,39.591709,39.75975,14.659374,21401182
2007-05-21,39.675728,39.974464,39.591709,39.71307,14.642166,17575342
2007-05-22,40.067818,40.142502,39.675728,39.778419,14.666254,16645340
2007-05-23,40.086491,40.170509,39.545033,39.834431,14.686912,15119331
2007-05-24,39.797089,39.993134,39.591709,39.71307,14.642166,11699791
2007-05-25,39.722408,39.769085,39.470348,39.675728,14.628394,10499101
2007-05-29,39.750412,40.375889,39.750412,40.329212,14.869323,16150989
2007-05-30,40.095825,40.926682,40.030476,40.908012,15.082734,15087410
2007-05-31,40.908012,41.066715,40.627949,40.637283,14.982915,14156123
2007-06-01,40.637283,40.805321,39.937122,40.151836,14.803931,16603992
2007-06-04,40.245193,40.515923,39.955791,40.095825,14.783285,7991460
2007-06-05,40.058483,40.077152,39.741077,39.918453,14.717891,11561394
2007-06-06,39.927788,40.329212,39.918453,40.067818,14.772954,12140155
2007-06-07,40.161175,40.263863,39.647724,39.75975,14.659374,16988012
2007-06-08,39.675728,40.235855,39.563705,40.207851,14.824583,14350864
2007-06-11,40.095825,40.711967,40.030476,40.61861,14.976029,11088359
2007-06-12,40.487915,40.655952,40.179844,40.217186,14.828026,15618503
2007-06-13,40.301205,40.515923,39.666393,40.049149,14.766072,18005958
2007-06-14,39.955791,40.375889,39.955791,40.347881,14.876209,16179910
2007-06-15,40.655952,40.693295,40.058483,40.133167,14.797052,15466609
2007-06-18,40.058483,40.133167,39.685066,39.722408,14.645605,10172390
2007-06-19,39.741077,40.282536,39.722408,40.207851,14.824583,10365203
2007-06-20,40.133167,40.301205,39.703735,39.71307,14.642166,9637869
2007-06-21,39.769085,40.002472,39.451679,39.619717,14.607736,10040956
2007-06-22,39.582375,39.582375,38.704842,38.863544,14.328937,18252865
2007-06-25,38.872879,39.339653,38.564808,38.742184,14.284199,11445706
2007-06-26,38.910221,38.92889,38.144714,38.340759,14.136192,14739061
2007-06-27,38.13538,38.266075,37.855312,38.200726,14.084563,12717737
2007-06-28,38.200726,38.592815,38.13538,38.340759,14.136192,11473343
2007-06-29,38.415443,38.770187,38.13538,38.434113,14.170606,12545491
2007-07-02,38.630157,39.022247,38.555473,38.816868,14.311731,13010920
2007-07-03,38.891548,39.582375,38.891548,39.320984,14.497601,7881342
2007-07-05,39.031582,39.433006,39.031582,39.190285,14.449409,9939836
2007-07-06,38.779526,38.956898,38.60215,38.78886,14.44072,10229163
2007-07-09,38.910221,39.264969,38.78886,39.227627,14.60407,12411593
2007-07-10,38.975571,39.003574,37.771294,37.827309,14.082744,16771740
2007-07-11,37.668606,38.27541,37.369869,38.088699,14.180057,14392747
2007-07-12,38.172718,38.742184,38.004681,38.676834,14.399025,12769475
2007-07-13,38.798195,39.461014,38.630157,38.984905,14.51371,9029544
2007-07-16,39.526363,40.254528,39.451679,39.918453,14.861262,27040536
2007-07-17,39.825096,39.909115,39.292976,39.451679,14.68748,16092609
2007-07-18,39.358322,39.498356,38.835537,39.18095,14.586694,12688280
2007-07-19,39.283642,39.806427,39.218292,39.451679,14.68748,12085739
2007-07-20,38.835537,39.675728,38.835537,39.470348,14.694435,15151146
2007-07-23,39.629051,40.469242,39.629051,39.946457,14.871676,14339938
2007-07-24,39.675728,40.61861,39.63839,40.245193,14.982897,16578498
2007-07-25,40.366554,40.917347,39.853104,40.347881,15.021129,14206897
2007-07-26,39.63839,40.170509,39.274303,39.582375,14.736137,19032152
2007-07-27,39.423672,40.123833,39.152943,39.208958,14.597125,18835268
2007-07-30,39.059589,41.169403,38.088699,38.751518,14.426824,18847265
2007-07-31,39.218292,40.413231,38.975571,39.787754,14.812602,24279988
2007-08-01,39.675728,40.543926,39.339653,40.366554,15.028082,18854014
2007-08-02,40.207851,40.590607,39.927788,40.263863,14.989844,11624380
2007-08-03,40.282536,40.87067,39.582375,39.909115,14.85778,17878808
2007-08-06,39.871773,40.627949,39.871773,40.534592,15.090639,16967338
2007-08-07,40.077152,40.786652,40.077152,40.245193,14.982897,14469765
2007-08-08,40.189178,40.637283,39.610382,40.319878,15.010711,17412843
2007-08-09,39.451679,40.590607,39.124935,39.134274,14.569313,19994289
2007-08-10,38.835537,39.208958,38.060696,38.583481,14.364266,18814487
2007-08-13,39.031582,39.152943,38.368763,38.882214,14.475479,11788378
2007-08-14,38.882214,39.208958,38.172718,38.238068,14.235666,10364561
2007-08-15,38.238068,38.564808,37.659267,37.808636,14.075792,14519147
2007-08-16,37.575249,37.88332,36.660374,37.55658,13.98196,23616069
2007-08-17,39.199619,39.208958,37.267178,38.088699,14.180057,20064344
2007-08-20,38.079365,38.751518,38.042023,38.378101,14.287803,11155416
2007-08-21,38.191391,39.124935,38.182056,38.938229,14.49633,14021582
2007-08-22,39.199619,39.199619,38.630157,39.040916,14.534564,11358298
2007-08-23,39.162277,39.489021,39.040916,39.348988,14.649254,9293805
2007-08-24,39.348988,39.843769,39.320984,39.806427,14.819555,7410985
2007-08-27,39.63839,40.077152,39.50769,39.75975,14.802176,7126158
2007-08-28,39.675728,39.722408,38.742184,38.760853,14.430292,11220651
2007-08-29,39.022247,39.479687,38.938229,39.423672,14.677056,8842944
2007-08-30,39.330318,39.414337,38.742184,39.143608,14.572789,8578040
2007-08-31,39.498356,39.629051,38.844872,39.096931,14.555417,10350849
2007-09-04,39.18095,40.039814,39.106266,39.834431,14.829976,11178018
2007-09-05,39.741077,39.741077,38.826202,39.162277,14.57974,13728613
2007-09-06,39.302311,39.675728,39.143608,39.451679,14.68748,8652809
2007-09-07,38.863544,39.255634,38.322086,38.592815,14.367738,11710075
2007-09-10,38.760853,38.78886,38.228733,38.508797,14.336455,8918784
2007-09-11,38.536804,39.208958,38.536804,39.087597,14.551929,9923768
2007-09-12,39.059589,39.442345,38.966232,39.087597,14.551929,9933302
2007-09-13,39.302311,40.030476,39.283642,39.778419,14.809122,10954569
2007-09-14,39.741077,39.778419,39.414337,39.694401,14.777847,10539271
2007-09-17,39.675728,40.133167,39.601048,39.75975,14.802176,11243467
2007-09-18,39.881111,40.450573,39.778419,40.431904,15.052407,12283908
2007-09-19,40.571934,40.982697,40.450573,40.87067,15.215751,12928225
2007-09-20,40.730637,41.07605,40.68396,40.889339,15.222708,10557802
2007-09-21,40.711967,41.692188,40.711967,41.430798,15.424285,17401810
2007-09-24,41.309437,41.5895,40.954689,41.188076,15.333926,12359105
2007-09-25,41.07605,41.496143,40.936016,41.141399,15.316545,12354713
2007-09-26,41.384121,41.5895,41.318771,41.524151,15.459044,9995216
2007-09-27,41.486809,41.776211,41.384121,41.710861,15.528556,13628243
2007-09-28,41.5895,41.710861,41.234753,41.33744,15.389532,10990989
2007-10-01,41.505482,42.448364,41.440132,42.383015,15.778796,19288165
2007-10-02,42.242981,42.607067,42.149628,42.327003,15.757939,9144375
2007-10-03,42.242981,42.364346,41.916241,42.233646,15.723178,8353306
2007-10-04,42.233646,42.476368,42.224312,42.401684,15.785741,8457104
2007-10-05,42.308331,42.429691,42.028267,42.214977,15.866442,8692121
2007-10-08,42.074944,42.214977,41.813553,41.972256,15.775218,5520774
2007-10-09,42.018932,42.625736,42.018932,42.588394,16.006786,10180745
2007-10-10,42.411022,42.775105,42.336338,42.597729,16.01029,10133613
2007-10-11,42.597729,43.167194,42.420357,42.644405,16.027842,13169455
2007-10-12,42.76577,42.999153,42.364346,42.504375,15.975213,10618217
2007-10-15,42.467033,42.709755,41.309437,41.664185,15.659422,14727064
2007-10-16,41.710861,42.130959,41.570827,41.944248,15.764688,17563344
2007-10-17,42.196304,42.476368,41.701527,42.252319,15.880479,13811951
2007-10-18,42.149628,42.420357,41.822887,41.98159,15.778725,9854677
2007-10-19,41.654846,42.093616,41.085384,41.328106,15.53311,15072092
2007-10-22,40.889339,41.430798,40.786652,41.384121,15.554167,9105170
2007-10-23,41.421459,41.944248,41.309437,41.832222,15.722583,10749116
2007-10-24,41.580166,41.710861,40.61861,41.46814,15.585752,12899731
2007-10-25,41.645512,42.056274,41.421459,41.925575,15.757668,11892819
2007-10-26,42.345673,42.747097,42.009598,42.569725,15.99977,13747252
2007-10-29,42.756432,43.036495,42.607067,42.933807,16.13661,17264913
2007-10-30,42.887131,42.943142,42.102951,42.345673,15.915567,11663692
2007-10-31,42.84045,43.064503,42.476368,43.008492,16.164682,13896896
2007-11-01,42.793774,42.9058,41.645512,41.766872,15.698018,13811844
2007-11-02,41.860229,41.897572,41.066715,41.430798,15.571709,14384071
2007-11-05,41.40279,41.449467,40.814655,40.908012,15.375218,13129179
2007-11-06,40.908012,41.038708,40.310539,40.833328,15.34715,12506928
2007-11-07,40.767979,40.936016,40.189178,40.235855,15.122593,10926611
2007-11-08,40.273197,40.413231,39.320984,39.890446,14.992772,16143919
2007-11-09,39.283642,40.646618,39.283642,39.927788,15.006805,15995774
2007-11-12,39.955791,40.329212,39.582375,39.955791,15.01733,13615925
2007-11-13,40.207851,40.767979,39.722408,40.68396,15.291012,10287650
2007-11-14,40.851997,41.197411,40.469242,40.627949,15.269959,12342609
2007-11-15,40.543926,40.777313,40.002472,40.179844,15.10154,13185523
2007-11-16,40.366554,41.07605,40.189178,40.786652,15.329607,16824013
2007-11-19,40.609276,40.842663,39.750412,40.189178,15.105054,17846887
2007-11-20,40.170509,40.823994,39.871773,40.29187,15.143642,14808260
2007-11-21,39.89978,40.226521,39.162277,39.162277,14.71909,12625080
2007-11-23,39.339653,39.871773,39.236961,39.806427,14.961193,4612625
2007-11-26,39.797089,39.927788,38.443447,38.490124,14.466463,17036108
2007-11-27,38.620823,39.096931,38.060696,38.704842,14.547163,16027481
2007-11-28,39.012913,39.843769,38.546139,39.591709,14.880491,14026403
2007-11-29,39.414337,39.871773,39.283642,39.657059,14.905056,8578040
2007-11-30,40.123833,40.487915,39.937122,40.338547,15.161182,13941243
2007-12-03,40.217186,40.842663,39.862438,40.226521,15.119084,10319142
2007-12-04,40.067818,41.225418,40.067818,40.889339,15.368208,14868139
2007-12-05,41.122726,41.5895,40.814655,41.561493,15.620836,15377487
2007-12-06,41.542824,41.561493,40.889339,41.46814,15.585752,14844787
2007-12-07,41.458801,42.364346,41.458801,42.289661,15.894511,17648396
2007-12-10,42.298996,42.476368,42.177635,42.336338,15.912055,10655815
2007-12-11,42.51371,42.569725,41.318771,41.514816,15.603284,14153016
2007-12-12,42.009598,42.672413,41.309437,41.953583,15.768199,20511778
2007-12-13,41.664185,42.130959,41.272095,42.028267,15.796268,10728977
2007-12-14,42.074944,42.074944,41.421459,41.421459,15.568198,9747130
2007-12-17,41.160069,41.169403,40.142502,40.235855,15.122593,12626258
2007-12-18,40.450573,41.020035,40.123833,40.898674,15.371712,12396811
2007-12-19,41.169403,41.40279,40.553265,40.74931,15.315575,12272446
2007-12-20,40.964024,41.029373,40.459908,40.908012,15.375218,7548632
2007-12-21,41.169403,41.79488,41.104057,41.374783,15.550653,22581091
2007-12-24,40.711967,41.860229,40.711967,41.813553,15.715566,3058658
2007-12-26,41.664185,42.242981,41.664185,42.102951,15.824338,8112075
2007-12-27,42.102951,42.102951,41.412125,41.430798,15.571709,8465887
2007-12-28,41.46814,42.009598,41.458801,41.654846,15.65591,8358662
2007-12-31,41.542824,41.542824,40.739971,40.786652,15.329607,9628764
2008-01-02,40.982697,41.206745,40.002472,40.338547,15.161182,10865660
2008-01-03,40.394562,41.066715,40.338547,40.525257,15.231362,9017975
2008-01-04,40.133167,40.730637,39.685066,39.769085,14.947153,11886820
2008-01-07,39.937122,40.674625,39.918453,40.469242,15.210303,16094216
2008-01-08,40.47858,41.374783,37.873985,39.199619,14.880733,37362464
2008-01-09,39.208958,39.694401,37.81797,39.647724,15.050836,26413894
2008-01-10,39.433006,40.954689,39.115601,40.562599,15.398139,22965860
2008-01-11,40.273197,40.795986,39.218292,39.675728,15.061471,17973929
2008-01-14,39.918453,40.35722,39.703735,40.133167,15.235123,11108819
2008-01-15,39.675728,40.123833,39.311646,39.367661,14.944527,13851371
2008-01-16,39.106266,40.319878,39.106266,39.50769,14.99768,14502544
2008-01-17,39.554367,39.825096,37.986012,38.191391,14.497994,22353786
2008-01-18,38.39677,38.648827,35.708157,36.492336,13.853002,42585021
2008-01-22,34.727932,35.941544,34.354515,35.316067,13.406478,33056198
2008-01-23,34.354515,35.614803,33.04755,35.540119,13.491533,33403047
2008-01-24,35.624138,36.623032,34.94265,35.689487,13.548231,19037186
2008-01-25,36.156258,36.1936,35.157364,35.250717,13.381666,15000430
2008-01-28,34.821285,35.652145,33.299606,35.577461,13.505707,24335262
2008-01-29,35.913536,36.623032,35.288059,36.137589,13.718338,17621510
2008-01-30,36.05357,36.370975,35.549454,35.698822,13.551781,15130686
2008-01-31,35.241383,36.56702,35.01733,36.249615,13.760869,17948114
2008-02-01,36.641705,36.865753,35.969547,36.174931,13.732517,14811045
2008-02-04,36.12825,36.389645,35.689487,36.044231,13.682903,12338967
2008-02-05,35.698822,35.782841,34.354515,34.382519,13.052091,19555425
2008-02-06,34.55056,34.821285,34.139797,34.261158,13.006021,13926247
2008-02-07,34.111794,34.522552,33.691696,34.494545,13.094619,19455698
2008-02-08,34.382519,34.569229,33.467644,33.999767,12.906793,20048277
2008-02-11,33.981094,34.391857,33.439636,34.345177,13.037918,11926989
2008-02-12,34.62524,35.26939,34.317173,35.064011,13.310794,17249166
2008-02-13,35.241383,36.324299,35.120022,36.090912,13.70062,26610563
2008-02-14,36.156258,36.212273,35.428093,35.493443,13.473811,11414856
2008-02-15,35.428093,35.47477,35.026669,35.316067,13.406478,12838460
2008-02-19,35.652145,35.652145,32.851505,32.991535,12.524046,37163224
2008-02-20,32.422073,33.243591,31.087101,32.898182,12.488616,77769553
2008-02-21,33.495651,33.607677,32.524761,33.010208,12.531147,24896883
2008-02-22,33.140903,33.841064,33.00087,33.794388,12.82883,18683053
2008-02-25,33.607677,34.214481,33.346283,34.093121,12.942234,14010013
2008-02-26,33.999767,34.541222,33.617012,34.36385,13.045006,15658137
2008-02-27,34.223816,34.48521,33.887741,33.97176,12.896157,14250280
2008-02-28,33.589005,35.297398,33.504986,34.709263,13.176128,23748788
2008-02-29,34.391857,34.662582,33.803722,33.90641,12.871359,16159879
2008-03-03,33.915749,34.15847,33.523659,33.878407,12.860728,16623381
2008-03-04,33.617012,33.617012,32.86084,33.318275,12.648088,19710104
2008-03-05,33.561001,34.065113,33.150238,33.561001,12.740232,14204219
2008-03-06,33.467644,33.607677,32.767487,32.935524,12.502794,16115104
2008-03-07,32.674129,33.196915,32.440742,32.748814,12.431911,16833226
2008-03-10,32.720806,32.888847,31.97397,32.085995,12.180298,17866489
2008-03-11,32.599445,33.066219,31.983307,32.870174,12.477985,18116504
2008-03-12,32.926189,33.112896,32.123337,32.28204,12.254716,23024454
2008-03-13,31.927294,32.767487,31.469854,32.366058,12.286612,16552575
2008-03-14,32.664795,32.664795,31.367165,31.572544,11.985389,19586382
2008-03-17,31.124443,32.627453,30.947069,32.310047,12.265353,16699328
2008-03-18,32.907516,32.944859,32.170013,32.944859,12.506335,19273597
2008-03-19,33.04755,33.439636,32.366058,32.79549,12.449632,20761899
2008-03-20,33.523659,33.887741,32.767487,33.719704,12.800478,19425705
2008-03-24,34.167805,34.802616,33.775715,34.513218,13.101707,13063730
2008-03-25,34.597237,34.597237,33.682362,34.447868,13.076896,15571050
2008-03-26,34.335842,34.335842,33.262264,33.738373,12.807563,19511292
2008-03-27,33.962425,34.102455,33.523659,33.570335,12.743775,10880336
2008-03-28,33.654354,33.953091,33.439636,33.467644,12.70479,11146953
2008-03-31,33.663689,34.2985,33.542328,34.027775,12.917421,12842637
2008-04-01,34.870712,35.574131,34.589348,35.442825,13.454598,16155430
2008-04-02,35.442825,35.968044,35.302143,35.602264,13.515125,15795259
2008-04-03,35.3209,35.836739,35.077049,35.705433,13.554293,11390794
2008-04-04,35.883633,35.883633,34.776924,35.020775,13.294386,13660145
2008-04-07,35.048912,35.414688,34.945744,35.077049,13.315745,12474824
2008-04-08,34.664375,34.692513,34.204811,34.467422,13.236506,14376115
2008-04-09,34.467422,34.626862,33.501396,33.782761,12.973575,13993554
2008-04-10,33.707729,34.148537,33.463879,33.604565,12.905144,18438643
2008-04-11,33.154377,33.839035,33.154377,33.379471,12.818708,13257752
2008-04-14,33.613941,33.670216,33.051208,33.144997,12.728655,12357006
2008-04-15,33.295059,33.351334,32.629158,32.929283,12.645811,17820126
2008-04-16,33.276302,33.745247,33.088722,33.623322,12.912345,14043346
2008-04-17,33.585804,33.979717,33.379471,33.623322,12.912345,11645195
2008-04-18,34.120403,34.504936,33.660835,33.792141,12.977179,14288471
2008-04-21,33.670216,33.857792,33.332577,33.726486,12.95197,11736890
2008-04-22,33.632702,34.120403,33.276302,33.510773,12.869123,11825813
2008-04-23,33.576427,34.223572,33.567047,34.073505,13.085232,10534935
2008-04-24,34.13916,34.448662,33.726486,34.101643,13.096033,11629095
2008-04-25,34.242329,34.73941,34.120403,34.73941,13.340954,15201372
2008-04-28,35.508476,35.996181,34.973881,35.592888,13.668718,24471872
2008-04-29,35.621025,36.024315,35.480343,35.836739,13.762365,15984514
2008-04-30,35.930527,36.624565,35.874252,36.08997,13.85961,18366139
2008-05-01,36.024315,37.121647,36.024315,36.877796,14.162163,15360027
2008-05-02,37.046616,37.459286,36.74649,37.131027,14.259406,11436001
2008-05-05,37.037235,37.037235,36.352577,36.483883,14.010885,13502024
2008-05-06,36.483883,36.652702,35.91177,36.474503,14.007279,14831926
2008-05-07,36.080589,36.352577,35.724194,35.90239,13.787572,16407272
2008-05-08,36.099346,36.33382,35.55537,35.874252,13.776768,12695106
2008-05-09,35.874252,35.874252,35.170837,35.55537,13.654309,12041723
2008-05-12,35.658539,35.761707,35.302143,35.696056,13.708333,9451865
2008-05-13,35.714813,36.155621,35.583508,35.74295,13.726349,8153630
2008-05-14,35.836739,36.952827,35.74295,36.530777,14.028896,15472300
2008-05-15,36.51202,36.568291,36.014938,36.483883,14.010885,12937885
2008-05-16,36.577671,36.577671,36.052452,36.361958,13.964057,12991729
2008-05-19,36.343201,36.793385,35.986801,36.671459,14.082918,11588258
2008-05-20,36.418228,36.446365,35.217731,35.480343,13.625501,16747291
2008-05-21,35.611645,35.667919,34.72065,34.90823,13.405787,17057989
2008-05-22,34.973881,35.424068,34.842575,35.1427,13.495831,9479160
2008-05-23,35.095806,35.095806,34.608105,34.776924,13.355367,9470630
2008-05-27,34.73003,35.245869,34.467422,35.058292,13.463412,9558700
2008-05-28,35.123943,35.527233,34.973881,35.424068,13.603885,11745526
2008-05-29,35.433445,36.240032,35.152081,35.986801,13.819995,10657231
2008-05-30,36.024315,36.455746,35.799225,36.080589,13.856007,12617911
2008-06-02,36.014938,36.108727,33.951584,35.508476,13.636305,14487322
2008-06-03,35.564751,35.780464,34.758167,35.039532,13.456207,12186303
2008-06-04,35.189594,35.358414,34.082886,34.683136,13.319346,24651531
2008-06-05,34.748787,37.065372,34.701893,36.540154,14.032494,44491299
2008-06-06,36.305683,36.474503,35.639782,35.855495,13.769569,20047148
2008-06-09,35.883633,36.277546,35.386551,35.583508,13.665113,14276743
2008-06-10,35.377174,35.564751,34.73003,35.189594,13.513842,14831712
2008-06-11,35.048912,35.048912,33.885929,34.392391,13.207693,20594974
2008-06-12,34.598724,35.227112,33.923447,34.354874,13.193283,17065772
2008-06-13,34.654999,35.058292,34.064129,35.011395,13.445404,11655430
2008-06-16,34.270466,34.504936,33.867172,33.989098,13.052817,16757633
2008-06-17,34.092266,34.120403,33.576427,33.660835,12.926753,15357574
2008-06-18,33.501396,33.829655,33.079346,33.745247,12.959167,13719427
2008-06-19,33.670216,34.439285,33.492016,34.232948,13.146461,16080368
2008-06-20,33.914066,34.345493,33.069965,33.182514,12.743057,23582641
2008-06-23,33.257545,33.801521,33.173134,33.679592,12.933953,16979088
2008-06-24,33.623322,33.651459,32.863632,33.210648,12.753865,14029272
2008-06-25,33.276302,33.848415,33.088722,33.379471,12.818708,14325363
2008-06-26,33.285683,33.285683,32.17897,32.17897,12.357671,20503386
2008-06-27,32.207108,32.554127,31.738165,32.150833,12.346864,19161969
2008-06-30,32.141457,33.37009,32.028908,33.201271,12.750267,19240976
2008-07-01,32.797977,33.754623,32.601021,33.323196,12.79709,24316843
2008-07-02,33.501396,33.754623,33.295059,33.416985,12.833103,18199062
2008-07-03,33.454502,33.857792,33.30444,33.529533,12.876334,11298992
2008-07-07,33.707729,34.073505,32.694813,33.229408,12.761071,17213657
2008-07-08,32.985558,33.463879,32.563507,33.163754,12.892328,15568367
2008-07-09,33.266922,33.735867,32.460339,32.507233,12.637106,13666969
2008-07-10,32.582264,32.788597,32.169594,32.732327,12.724614,17384253
2008-07-11,32.385307,33.12624,32.085182,32.751083,12.731902,14233774
2008-07-14,33.088722,33.248165,32.572884,32.71357,12.717317,13451485
2008-07-15,32.394688,33.36071,32.075806,32.863632,12.775656,22034271
2008-07-16,32.844872,33.229408,32.338413,33.182514,12.899615,13629545
2008-07-17,33.295059,33.388847,32.797977,33.229408,12.91785,16222602
2008-07-18,33.313816,33.332577,32.807358,33.248165,12.925146,14222898
2008-07-21,33.313816,33.445122,32.826115,32.966797,12.81576,9551237
2008-07-22,32.797977,33.135616,32.113319,32.52599,12.644397,19110470
2008-07-23,32.629158,33.914066,32.516613,33.613941,13.06733,18257278
2008-07-24,33.829655,33.829655,32.788597,32.910526,12.793881,12957077
2008-07-25,32.882389,33.210648,31.982016,32.310276,12.560544,13719321
2008-07-28,31.953878,32.197727,31.278599,31.513069,12.250632,21607674
2008-07-29,31.691269,32.282139,31.597481,32.010151,12.443871,16634271
2008-07-30,32.1227,32.347794,31.756922,32.207108,12.520433,14550869
2008-07-31,31.953878,32.751083,31.841331,31.925741,12.411053,21791491
2008-08-01,32.300896,32.488476,31.860088,31.888226,12.396467,18051070
2008-08-04,32.010151,32.17897,31.419283,31.728785,12.334491,11951841
2008-08-05,32.047668,32.52599,31.644375,32.404064,12.597001,14533703
2008-08-06,32.347794,32.469715,31.85071,32.113319,12.483973,13784894
2008-08-07,31.916363,32.150833,31.334871,31.606859,12.287084,17285201
2008-08-08,31.710028,32.582264,31.606859,32.441582,12.611586,14755264
2008-08-11,32.629158,33.426365,32.469715,33.107483,12.870452,13140468
2008-08-12,33.060589,33.069965,32.460339,32.657295,12.695441,13654068
2008-08-13,32.619778,32.704189,31.888226,32.216488,12.524076,11717698
2008-08-14,31.982016,32.732327,31.700647,32.53537,12.648042,11801610
2008-08-15,32.676052,33.060589,32.544746,32.788597,12.746488,12124569
2008-08-18,32.854252,33.182514,32.347794,32.582264,12.666272,11495603
2008-08-19,32.460339,32.619778,31.93512,32.075806,12.469389,9794656
2008-08-20,32.216488,32.591644,31.728785,32.310276,12.560544,11499229
2008-08-21,31.982016,32.582264,31.897606,32.422825,12.604299,10148536
2008-08-22,32.676052,33.257545,32.554127,33.098103,12.866806,10948630
2008-08-25,33.220028,33.220028,32.169594,32.319656,12.564184,9494194
2008-08-26,32.35717,32.35717,31.888226,32.113319,12.483973,9402499
2008-08-27,32.169594,32.71357,31.93512,32.554127,12.655337,10237672
2008-08-28,32.694813,33.341953,32.638538,33.266922,12.932438,11885415
2008-08-29,33.032452,33.651459,32.404064,32.938663,12.804821,10756070
2008-09-02,33.435741,34.082886,33.332577,33.604565,13.063693,14414286
2008-09-03,33.473259,33.745247,33.276302,33.482635,13.01629,14011786
2008-09-04,33.30444,33.379471,32.028908,32.085182,12.473037,20243227
2008-09-05,31.916363,32.1227,31.428659,31.963257,12.425638,15858700
2008-09-08,32.563507,32.985558,32.291519,32.938663,12.804821,18318266
2008-09-09,32.685432,33.773384,32.685432,33.041828,12.844932,27082629
2008-09-10,33.144997,33.144997,32.291519,32.563507,12.658982,31063804
2008-09-11,32.207108,32.71357,31.93512,32.572884,12.662628,20664066
2008-09-12,32.563507,32.572884,31.888226,32.347794,12.575125,15803469
2008-09-15,31.775679,32.591644,31.17543,31.17543,12.119374,26571161
2008-09-16,30.922199,31.222324,29.65605,30.800276,11.973532,28245880
2008-09-17,30.640835,30.725245,29.252758,29.318411,11.39746,28001821
2008-09-18,29.768597,30.565804,28.586857,30.565804,11.882378,33540749
2008-09-19,31.503693,31.888226,30.734623,31.231705,12.141245,28714059
2008-09-22,31.231705,31.231705,29.740459,30.040585,11.678203,17341711
2008-09-23,30.068722,30.387604,28.990149,29.121452,11.32089,15891433
2008-09-24,29.374683,29.459093,28.88698,29.337168,11.404748,17303967
2008-09-25,29.552881,30.453257,29.449715,30.059341,11.685495,17865014
2008-09-26,29.477852,30.237541,29.412199,30.181269,11.732895,12856852
2008-09-29,29.777975,30.012447,28.371141,28.718161,11.164115,28291088
2008-09-30,29.477852,30.153131,28.971392,30.096857,11.700078,24304049
2008-10-01,29.815491,29.974932,29.083939,29.459093,11.452151,18499311
2008-10-02,29.449715,29.796734,28.971392,29.327789,11.401107,21038737
2008-10-03,29.693565,30.012447,29.14959,29.299652,11.39017,22214569
2008-10-06,28.690025,29.280895,27.217539,28.099154,10.923474,34729270
2008-10-07,28.089775,28.80257,26.96431,27.095613,10.533353,30234281
2008-10-08,26.298409,27.386358,25.998283,26.007662,10.274001,35861387
2008-10-09,26.270271,26.514122,24.263187,24.319462,9.607098,31355416
2008-10-10,22.678156,26.345303,21.637098,25.107288,9.918321,52937181
2008-10-13,25.651264,27.330086,25.323004,27.133129,10.718605,25177286
2008-10-14,28.117912,28.605616,26.495363,27.151888,10.726018,22703753
2008-10-15,26.636047,26.636047,24.807163,24.985363,9.870152,20723241
2008-10-16,24.957226,25.988905,23.616045,25.707537,10.155443,24593422
2008-10-17,25.088531,26.673563,24.553934,25.501202,10.073932,22442208
2008-10-20,25.895115,27.236298,25.529339,27.189402,10.740838,16649625
2008-10-21,26.739216,27.37698,26.082693,26.270271,10.37774,15416217
2008-10-22,25.651264,25.932631,23.447226,24.150642,9.540413,24701004
2008-10-23,24.488281,25.538717,23.475363,24.610207,9.721956,29079241
2008-10-24,22.80946,24.825922,22.753187,23.522257,9.292173,24302876
2008-10-27,24.478903,26.60791,24.253811,25.895115,10.229548,35442467
2008-10-28,26.514122,29.712324,26.129587,29.684187,11.726365,37816096
2008-10-29,29.440336,29.684187,28.117912,28.605616,11.300291,32251791
2008-10-30,29.637293,29.834249,27.939713,28.605616,11.300291,19637505
2008-10-31,28.774435,29.459093,27.752136,27.827168,10.992776,25524556
2008-11-03,28.249216,29.130833,28.06164,28.840088,11.392915,15514416
2008-11-04,29.702946,31.006611,29.552881,30.58456,12.082051,20741260
2008-11-05,30.218784,30.396982,28.661888,28.924498,11.426261,19023573
2008-11-06,28.990149,29.271517,27.076855,27.433252,10.837162,24578068
2008-11-07,27.986609,28.286732,27.442633,28.183563,11.133567,19871221
2008-11-10,29.018286,29.215242,28.258596,28.596235,11.296584,15699832
2008-11-11,28.249216,28.671267,27.592693,27.874062,11.011299,20089051
2008-11-12,27.761515,27.845924,26.908035,27.161264,10.729718,18681955
2008-11-13,27.226917,29.299652,26.542259,29.205864,11.537409,27287557
2008-11-14,28.577478,29.806112,27.789652,28.136669,11.115037,24803468
2008-11-17,28.014744,28.371141,26.87052,27.423874,10.833458,17438631
2008-11-18,27.19878,27.902199,25.86698,26.729837,10.559289,29272334
2008-11-19,27.039339,27.048719,25.266729,25.266729,9.981307,27203219
2008-11-20,24.891575,27.029961,24.638344,24.854059,9.818287,32244754
2008-11-21,25.698158,26.861141,24.600828,26.7017,10.548176,34991454
2008-11-24,27.19878,28.821329,27.161264,27.88344,11.015003,31179169
2008-11-25,28.371141,29.074558,27.789652,28.680647,11.329928,22324603
2008-11-26,27.96785,30.84717,27.855303,30.518908,12.056113,26568816
2008-11-28,30.472013,30.950336,30.143751,30.622076,12.096873,8127188
2008-12-01,30.143751,30.16251,28.605616,28.765057,11.363283,21788186
2008-12-02,29.252758,30.378225,28.933876,30.134375,11.904207,23220658
2008-12-03,29.477852,31.34425,29.262136,31.128536,12.296938,26331901
2008-12-04,30.697107,31.428659,29.65605,30.153131,11.911616,20631972
2008-12-05,29.890522,31.278599,29.055801,31.128536,12.296938,21366601
2008-12-08,31.888226,32.732327,31.513069,32.103939,12.68226,26441509
2008-12-09,31.897606,32.1227,31.015989,31.278599,12.356215,24560262
2008-12-10,31.7663,31.963257,30.631454,30.706486,12.130209,28329472
2008-12-11,30.509529,31.381765,30.181269,30.453257,12.030177,23501075
2008-12-12,29.768597,31.203568,29.768597,30.762758,12.152445,21908243
2008-12-15,30.894064,31.109777,29.712324,30.293816,11.967191,22095365
2008-12-16,30.715864,32.169594,30.24692,31.419283,12.411793,30786586
2008-12-17,31.222324,32.460339,30.997231,31.93512,12.615569,19395152
2008-12-18,32.103939,32.235245,30.894064,31.231705,12.337693,20496775
2008-12-19,31.597481,32.263382,31.091021,31.128536,12.296938,29576314
2008-12-22,31.34425,31.813194,30.603317,31.34425,12.382154,16366329
2008-12-23,31.475555,31.691269,30.640835,30.75338,12.148741,13444341
2008-12-24,30.83779,31.269218,30.734623,30.809654,12.170971,4411396
2008-12-26,30.912821,31.231705,30.83779,31.128536,12.296938,5192725
2008-12-29,31.278599,31.353628,30.556423,31.08164,12.278414,10837530
2008-12-30,31.297356,31.372387,30.650213,31.166052,12.311756,13481979
2008-12-31,31.119158,32.207108,30.978474,31.794437,12.559997,17429248
2009-01-02,32.000774,32.601021,31.466175,32.488476,12.834168,14848985
2009-01-05,31.606859,31.606859,29.862387,30.462635,12.033879,36096596
2009-01-06,30.650213,30.715864,29.524746,29.974932,11.841228,28001608
2009-01-07,29.843628,30.443876,29.590399,29.918659,11.991586,22727743
2009-01-08,29.881144,30.509529,29.740459,30.378225,12.175786,17421465
2009-01-09,30.481394,30.612698,30.021828,30.16251,12.089322,18603481
2009-01-12,30.218784,30.425119,29.599777,29.815491,11.950238,23908906
2009-01-13,29.824869,29.862387,28.811951,29.543505,11.841223,20567359
2009-01-14,29.205864,29.327789,28.436794,28.661888,11.487865,20324900
2009-01-15,28.286732,28.399279,26.804869,28.042881,11.239762,32078530
2009-01-16,28.661888,28.699404,27.545799,28.099154,11.262317,20473105
2009-01-20,28.117912,28.699404,27.930334,28.014744,11.228486,23933429
2009-01-21,28.371141,29.037043,28.071018,28.98077,11.615675,18714795
2009-01-22,28.821329,28.821329,27.527042,28.286732,11.337499,19628549
2009-01-23,27.920956,28.849466,27.452011,28.549341,11.442758,16291480
2009-01-26,28.455551,29.384062,28.380522,29.06518,11.649505,22147184
2009-01-27,27.855303,28.343006,27.161264,28.099154,11.262317,33535418
2009-01-28,28.136669,29.074558,27.88344,28.999529,11.623197,26533950
2009-01-29,28.924498,28.924498,27.864681,28.352385,11.363812,17343204
2009-01-30,28.3899,28.746298,27.827168,28.014744,11.228486,17744744
2009-02-02,28.3899,28.98077,27.911577,28.690025,11.499144,15420375
2009-02-03,29.318411,29.712324,28.765057,29.599777,11.863777,18076340
2009-02-04,29.684187,29.871765,28.614992,28.708782,11.506661,18991480
2009-02-05,28.089775,29.562262,28.089775,29.252758,11.724688,22565783
2009-02-06,29.374683,30.200026,29.083939,29.74984,11.923922,18549956
2009-02-09,29.98431,29.99369,29.337168,29.440336,11.799868,15534994
2009-02-10,29.355927,29.543505,27.949093,28.136669,11.277352,21573022
2009-02-11,28.464931,28.511826,27.789652,28.117912,11.269835,13400840
2009-02-12,27.930334,28.042881,27.170645,28.005365,11.224728,18384158
2009-02-13,27.88344,28.333628,27.602074,27.723999,11.111956,14983863
2009-02-17,27.001823,27.433252,26.326544,26.504744,10.623266,20988838
2009-02-18,26.682941,26.729837,25.951389,26.326544,10.551845,19650087
2009-02-19,26.720457,26.889278,26.185862,26.251513,10.521775,15800910
2009-02-20,25.904493,27.19878,25.904493,27.020582,10.830022,30270000
2009-02-23,27.217539,27.29257,26.063934,26.120209,10.469143,19257503
2009-02-24,26.260893,26.936172,25.960768,26.795488,10.739799,19207497
2009-02-25,26.711079,27.189402,26.223375,26.776731,10.732281,25712318
2009-02-26,27.058098,27.264433,26.476606,26.711079,10.705971,18228170
2009-02-27,26.504744,27.255054,26.382818,26.757973,10.724763,24826712
2009-03-02,26.317165,26.589153,25.68878,25.810705,10.345093,32995376
2009-03-03,25.801327,26.148346,25.463686,25.613749,10.26615,25067039
2009-03-04,26.045177,26.823626,25.473064,26.401575,10.581917,20319569
2009-03-05,25.848221,27.161264,25.698158,26.176481,10.491701,24559196
2009-03-06,26.223375,26.589153,24.900953,25.585611,10.254876,31195056
2009-03-09,25.294867,25.398033,24.478903,24.553934,9.841372,23514083
2009-03-10,24.994741,25.904493,24.675859,25.895115,10.378931,20511063
2009-03-11,26.260893,26.260893,25.566854,25.735674,10.315022,14934923
2009-03-12,25.735674,26.410954,25.60437,26.392197,10.578158,22537315
2009-03-13,26.532881,26.692322,26.120209,26.636047,10.6759,16075996
2009-03-16,26.908035,27.283192,26.260893,26.776731,10.732281,19399204
2009-03-17,26.720457,27.977228,26.720457,27.977228,11.213446,23992498
2009-03-18,27.742758,29.074558,27.742758,28.858845,11.566805,30188114
2009-03-19,28.88698,29.027664,27.855303,28.371141,11.371335,21617377
2009-03-20,28.539963,28.690025,27.714621,27.770893,11.130746,27627150
2009-03-23,28.324247,29.140211,27.96785,29.140211,11.679577,20665559
2009-03-24,29.112076,29.215242,28.586857,28.614992,11.469067,17065239
2009-03-25,28.811951,28.840088,27.573936,28.277353,11.333737,31480804
2009-03-26,28.549341,28.671267,27.611452,28.643129,11.480347,24173010
2009-03-27,28.493069,28.858845,28.258596,28.718161,11.51042,15352243
2009-03-30,28.343006,28.502447,27.864681,28.343006,11.360053,21213385
2009-03-31,28.643129,29.055801,28.155428,28.324247,11.352533,22827968
2009-04-01,28.005365,29.459093,27.977228,29.280895,11.73596,27432137
2009-04-02,29.740459,30.997231,29.534124,30.443876,12.202096,30753746
2009-04-03,30.528288,30.865927,30.34071,30.75338,12.326151,17738453
2009-04-06,30.58456,31.015989,30.406361,30.978474,12.416369,19507639
2009-04-07,30.321951,30.321951,29.477852,29.74984,12.092326,15480723
2009-04-08,29.918659,30.059341,29.449715,29.712324,12.07708,14152101
2009-04-09,30.087479,30.190647,29.862387,30.106237,12.237191,17537257
2009-04-13,29.806112,30.049965,29.48723,29.768597,12.099957,12715471
2009-04-14,29.459093,29.590399,28.971392,29.355927,11.932217,17575214
2009-04-15,29.262136,29.768597,29.24338,29.721703,12.080892,14296788
2009-04-16,29.824869,29.834249,29.39344,29.759218,12.096143,19261981
2009-04-17,29.98431,30.34071,29.787355,29.806112,12.1152,19674077
2009-04-20,29.684187,29.909281,28.858845,29.008907,11.791164,14638299
2009-04-21,28.905739,29.252758,28.483688,29.112076,11.8331,16737695
2009-04-22,29.102695,29.674809,28.915117,28.990149,11.783539,17993707
2009-04-23,29.140211,29.252758,28.568098,29.074558,11.817851,17113752
2009-04-24,29.196486,29.346546,28.633751,29.074558,11.817851,25960641
2009-04-27,28.933876,29.112076,28.239838,28.643129,11.642489,25603670
2009-04-28,28.89636,29.15897,28.371141,29.037043,11.802601,20506691
2009-04-29,29.121452,29.309031,28.277353,28.521204,11.592926,21459256
2009-04-30,28.830708,28.858845,28.127291,28.455551,11.566247,23924686
2009-05-01,28.47431,28.755676,28.230459,28.65251,11.646302,13002285
2009-05-04,28.905739,29.39344,28.793192,29.112076,11.8331,16180380
2009-05-05,29.083939,29.262136,28.614992,28.727539,11.676803,17482986
2009-05-06,28.708782,28.88698,28.418037,28.849466,11.726357,14648535
2009-05-07,28.708782,28.793192,27.536421,28.005365,11.383258,26495886
2009-05-08,28.230459,28.343006,27.70524,27.995987,11.379447,16479455
2009-05-11,28.042881,28.277353,27.733377,27.96785,11.368011,13835219
2009-05-12,28.136669,28.680647,28.06164,28.511826,11.589119,14648962
2009-05-13,28.596235,28.905739,27.836546,27.902199,11.341324,16177501
2009-05-14,27.96785,28.361763,27.864681,28.117912,11.429006,13504477
2009-05-15,28.202322,28.239838,27.620831,27.770893,11.287952,15195828
2009-05-18,27.911577,28.202322,27.742758,27.855303,11.322267,14632435
2009-05-19,27.939713,28.014744,27.695862,27.808409,11.303202,12002273
2009-05-20,27.96785,28.29611,27.911577,27.977228,11.371819,19528644
2009-05-21,27.733377,27.79903,27.011204,27.348843,11.116402,17953830
2009-05-22,27.37698,27.386358,26.96431,27.020582,10.98298,10381506
2009-05-26,26.898657,27.88344,26.861141,27.789652,11.295578,12910803
2009-05-27,27.808409,27.845924,27.076855,27.151888,11.03635,13701941
2009-05-28,27.311329,27.630211,27.104992,27.452011,11.15834,15555785
2009-05-29,27.55518,27.573936,26.954929,27.442633,11.154527,19250039
2009-06-01,27.695862,27.761515,27.29257,27.433252,11.150712,19874207
2009-06-02,27.480148,27.836546,27.311329,27.733377,11.272703,17618823
2009-06-03,27.677105,27.995987,27.29257,27.752136,11.28033,17971423
2009-06-04,27.836546,27.96785,27.620831,27.733377,11.272703,14759849
2009-06-05,27.958471,27.958471,27.330086,27.433252,11.150712,13619416
2009-06-08,27.339464,27.695862,27.180023,27.46139,11.16215,13178319
2009-06-09,27.573936,27.733377,27.19878,27.592693,11.215517,14175132
2009-06-10,27.677105,27.911577,27.358221,27.695862,11.257452,12493056
2009-06-11,27.658346,28.2117,27.620831,27.902199,11.341324,13383460
2009-06-12,27.845924,28.192944,27.770893,28.06164,11.406134,24416855
2009-06-15,27.986609,28.099154,27.677105,27.88344,11.333703,15199453
2009-06-16,28.005365,28.005365,27.667727,27.70524,11.261264,15477631
2009-06-17,27.742758,28.174187,27.742758,27.930334,11.352763,13073189
2009-06-18,28.146049,28.511826,27.949093,28.221081,11.470937,15303730
2009-06-19,28.530582,28.539963,27.742758,27.817787,11.30702,22258711
2009-06-22,27.695862,28.29611,27.648968,28.155428,11.444254,23782878
2009-06-23,28.230459,28.755676,28.146049,28.624372,11.634861,16949767
2009-06-24,28.89636,29.102695,28.746298,28.88698,11.741605,15230160
2009-06-25,28.811951,29.280895,28.624372,29.15897,11.85216,14000271
2009-06-26,29.074558,29.187105,28.840088,29.06518,11.814035,11666519
2009-06-29,29.074558,29.430958,28.915117,29.412199,11.955092,11386209
2009-06-30,29.48723,29.48723,28.65251,28.821329,11.714917,18135835
2009-07-01,28.915117,29.074558,28.718161,28.905739,11.749231,12309986
2009-07-02,28.577478,28.633751,28.286732,28.30549,11.50525,13544673
2009-07-06,28.164806,28.65251,28.155428,28.47431,11.573864,13946960
2009-07-07,28.502447,28.511826,27.714621,27.79903,11.299395,17269101
2009-07-08,27.573936,27.573936,26.645426,26.87052,11.094153,21800981
2009-07-09,27.029961,27.039339,26.60791,26.861141,11.090289,15224190
2009-07-10,26.711079,26.908035,26.551638,26.842382,11.08254,13454364
2009-07-13,26.842382,27.273811,26.654804,27.245674,11.249053,13777003
2009-07-14,27.217539,27.358221,26.954929,27.151888,11.210328,13648737
2009-07-15,27.301949,27.752136,27.20816,27.517662,11.361343,19160263
2009-07-16,27.517662,27.752136,27.339464,27.667727,11.423306,11735077
2009-07-17,27.742758,27.789652,27.405117,27.752136,11.458155,11478117
2009-07-20,27.845924,27.949093,27.620831,27.920956,11.527855,11135006
2009-07-21,28.117912,28.483688,28.042881,28.436794,11.740832,14557160
2009-07-22,28.483688,28.690025,28.202322,28.258596,11.667263,14784692
2009-07-23,28.530582,29.674809,28.371141,29.327789,12.108706,26863200
2009-07-24,29.39344,29.57164,29.130833,29.543505,12.19777,16100946
2009-07-27,29.355927,29.609156,28.624372,29.074558,12.004154,20398043
2009-07-28,28.962011,29.468472,28.849466,29.449715,12.159041,17952338
2009-07-29,29.318411,30.021828,29.15897,29.99369,12.383635,22084490
2009-07-30,30.16251,30.659592,30.096857,30.303194,12.511424,20638583
2009-07-31,30.237541,30.331329,29.862387,30.0781,12.418487,27609451
2009-08-03,30.359467,30.509529,29.862387,30.040585,12.403001,15165974
2009-08-04,30.068722,30.218784,29.65605,29.881144,12.337164,11646581
2009-08-05,29.909281,29.909281,29.224621,29.327789,12.108706,18563284
2009-08-06,29.402821,29.430958,28.811951,29.037043,11.988662,15824047
2009-08-07,29.299652,29.402821,29.046421,29.14959,12.035131,10985628
2009-08-10,29.102695,29.318411,28.811951,28.999529,11.973173,9528100
2009-08-11,28.933876,28.999529,28.671267,28.699404,11.849255,10470749
2009-08-12,28.80257,29.477852,28.690025,29.271517,12.085469,24949967
2009-08-13,29.327789,29.402821,28.858845,29.112076,12.019638,10889881
2009-08-14,29.112076,29.262136,28.840088,29.14959,12.035131,8356533
2009-08-17,28.830708,28.98077,28.267975,28.343006,11.702109,13491149
2009-08-18,28.427416,28.493069,28.146049,28.399279,11.725343,10271898
2009-08-19,28.286732,28.633751,28.136669,28.539963,11.783429,11508078
2009-08-20,28.55872,28.905739,28.47431,28.80257,11.891851,10012912
2009-08-21,29.130833,29.515368,28.80257,29.421577,12.147423,14961259
2009-08-24,29.412199,29.57164,29.318411,29.459093,12.162915,9177099
2009-08-25,29.524746,29.702946,29.355927,29.365305,12.12419,10883484
2009-08-26,29.271517,29.815491,29.271517,29.524746,12.190022,13301787
2009-08-27,29.65605,29.65605,29.018286,29.121452,12.023513,15039520
2009-08-28,29.233999,29.384062,28.89636,29.093317,12.011892,14705898
2009-08-31,28.98077,29.130833,28.80257,29.112076,12.019638,13267668
2009-09-01,28.952633,28.971392,28.399279,28.483688,11.760196,16416975
2009-09-02,28.408657,28.577478,28.221081,28.267975,11.671133,11492831
2009-09-03,28.277353,28.47431,28.183563,28.361763,11.709853,11416170
2009-09-04,28.314869,28.708782,28.249216,28.699404,11.849255,7832270
2009-09-08,28.915117,29.027664,28.774435,29.027664,11.98479,17258652
2009-09-09,29.06518,29.102695,28.811951,28.971392,11.96156,16324320
2009-09-10,28.943254,29.459093,28.736919,29.402821,12.139682,21996739
2009-09-11,29.412199,29.496609,29.06518,29.318411,12.10483,21970830
2009-09-14,29.074558,29.24338,28.98077,29.140211,12.03126,13111893
2009-09-15,29.24338,29.24338,28.793192,29.074558,12.004154,13380795
2009-09-16,28.605616,28.699404,28.155428,28.521204,11.77568,29322127
2009-09-17,28.521204,28.577478,27.677105,27.677105,11.427178,41824779
2009-09-18,27.920956,28.033503,27.489527,27.752136,11.458155,48461278
2009-09-21,27.79903,27.96785,27.498905,27.658346,11.419426,21472904
2009-09-22,27.770893,27.780272,27.489527,27.677105,11.427178,16970025
2009-09-23,27.79903,28.47431,27.714621,28.024122,11.570456,25808385
2009-09-24,28.221081,28.3899,28.155428,28.277353,11.675001,20690188
2009-09-25,28.127291,28.286732,27.949093,28.080397,11.593685,15634366
2009-09-28,28.221081,28.530582,28.164806,28.464931,11.752452,12398909
2009-09-29,28.380522,28.408657,28.099154,28.286732,11.678881,13916572
2009-09-30,28.3899,28.455551,28.164806,28.3899,11.721471,19299832
2009-10-01,28.408657,28.418037,28.042881,28.146049,11.620791,23462585
2009-10-02,28.117912,28.277353,28.005365,28.033503,11.574324,17631404
2009-10-05,28.2117,28.2117,27.977228,28.099154,11.601431,14413219
2009-10-06,28.277353,28.333628,28.127291,28.29611,11.682747,17739946
2009-10-07,27.920956,27.958471,27.405117,27.55518,11.558819,25738973
2009-10-08,27.714621,27.714621,27.29257,27.348843,11.472267,20324047
2009-10-09,27.433252,27.452011,26.954929,27.348843,11.472267,24769776
2009-10-12,27.395739,27.433252,26.96431,27.19878,11.409312,17687914
2009-10-13,27.20816,27.367601,27.001823,27.217539,11.417188,23546496
2009-10-14,27.442633,27.442633,27.039339,27.142508,11.385715,27332552
2009-10-15,27.170645,27.339464,27.048719,27.301949,11.452592,17030907
2009-10-16,27.217539,27.405117,27.076855,27.104992,11.369976,22814747
2009-10-19,27.226917,27.245674,27.011204,27.161264,11.393581,20967726
2009-10-20,27.236298,27.236298,26.926792,27.011204,11.330636,20448049
2009-10-21,27.029961,27.29257,26.936172,27.226917,11.421124,26533204
2009-10-22,27.358221,27.658346,27.170645,27.217539,11.417188,26682049
2009-10-23,27.273811,27.386358,26.926792,27.058098,11.350311,21182038
2009-10-26,27.189402,27.273811,26.795488,26.861141,11.267687,28588031
2009-10-27,27.189402,27.46139,27.076855,27.386358,11.488,24505885
2009-10-28,27.489527,28.277353,27.47077,28.089775,11.783071,52723830
2009-10-29,28.230459,28.343006,27.808409,28.174187,11.818476,23397865
2009-10-30,28.117912,28.55872,27.489527,27.752136,11.641438,26035810
2009-11-02,27.986609,28.042881,27.348843,27.583315,11.570621,21731996
2009-11-03,27.508284,27.648968,27.161264,27.264433,11.436861,21496147
2009-11-04,27.386358,27.480148,27.236298,27.29257,11.448659,16134745
2009-11-05,27.405117,27.723999,27.405117,27.489527,11.53128,14728715
2009-11-06,27.442633,27.752136,27.386358,27.723999,11.629641,15891646
2009-11-09,27.96785,28.324247,27.902199,28.29611,11.869627,20432055
2009-11-10,28.267975,28.502447,28.221081,28.427416,11.924701,15538086
2009-11-11,28.55872,28.577478,28.343006,28.47431,11.944377,13161152
2009-11-12,28.493069,28.539963,28.192944,28.286732,11.865694,13319593
2009-11-13,28.352385,28.483688,28.136669,28.258596,11.853884,12632412
2009-11-16,28.333628,28.502447,28.277353,28.446173,11.93257,14031511
2009-11-17,28.399279,28.746298,28.314869,28.746298,12.058466,17522649
2009-11-18,28.755676,28.783813,28.483688,28.755676,12.062402,11321169
2009-11-19,28.577478,28.671267,28.380522,28.624372,12.007318,11261141
2009-11-20,28.493069,28.633751,28.418037,28.539963,11.971913,12132566
2009-11-23,28.840088,29.449715,28.671267,29.384062,12.325995,23496491
2009-11-24,29.48723,30.003069,29.384062,29.890522,12.538448,27891040
2009-11-25,29.974932,30.115616,29.834249,30.040585,12.601393,17505376
2009-11-27,29.552881,29.853006,29.215242,29.665428,12.444023,9118670
2009-11-30,29.853006,29.918659,29.477852,29.505987,12.377139,20760133
2009-12-01,29.806112,30.331329,29.402821,30.331329,12.723359,24040798
2009-12-02,30.284435,30.865927,30.284435,30.622076,12.845322,17671814
2009-12-03,30.790895,30.922199,30.49077,30.659592,12.861056,17550691
2009-12-04,30.903442,31.006611,30.434498,30.66897,12.864994,17064919
2009-12-07,30.744001,31.484934,30.715864,31.184809,13.081373,17189454
2009-12-08,31.334871,31.559965,30.83779,31.316114,13.136456,21636036
2009-12-09,31.419283,31.419283,30.950336,31.231705,13.101044,20112401
2009-12-10,31.137915,31.625616,31.137915,31.569344,13.242674,13994193
2009-12-11,31.634996,31.728785,31.325493,31.634996,13.270216,11121572
2009-12-14,31.878847,32.010151,31.447418,31.466175,13.1994,12451154
2009-12-15,31.550587,31.606859,30.819033,30.959717,12.986952,22011347
2009-12-16,31.006611,31.156673,30.640835,30.678349,12.868923,19992558
2009-12-17,30.75338,31.034746,30.350088,30.772139,12.908266,17875356
2009-12-18,30.894064,31.044127,30.631454,30.762758,12.904328,19314972
2009-12-21,30.969095,31.250462,30.912821,30.969095,12.990887,10076885
2009-12-22,31.062883,31.297356,30.987852,31.137915,13.061704,12939164
2009-12-23,31.353628,31.391146,31.044127,31.166052,13.073504,10031784
2009-12-24,31.166052,31.353628,31.100399,31.287977,13.124657,3616953
2009-12-28,31.363008,31.466175,31.212946,31.409903,13.175794,9133277
2009-12-29,31.409903,31.522449,31.325493,31.353628,13.152198,8306207
2009-12-30,31.297356,31.400524,31.212946,31.34425,13.148255,14045479
2009-12-31,31.372387,31.409903,31.072264,31.072264,13.034161,7982714
2010-01-04,31.325493,31.372387,31.034746,31.212946,13.093174,16176648
2010-01-05,31.297356,31.325493,30.744001,31.269218,13.116778,23722957
2010-01-06,30.612698,30.706486,29.824869,29.937416,12.739621,37506464
2010-01-07,30.106237,30.106237,29.57164,29.759218,12.663789,25508242
2010-01-08,29.693565,29.806112,29.468472,29.777975,12.671767,20658308
2010-01-11,29.98431,29.98431,29.468472,29.8999,12.72366,21974989
2010-01-12,29.806112,29.937416,29.721703,29.928038,12.73563,14407568
2010-01-13,29.965553,30.049965,29.693565,29.890522,12.719667,17108741
2010-01-14,29.843628,29.890522,29.262136,29.280895,12.460247,23054221
2010-01-15,29.262136,29.374683,28.55872,28.680647,12.204812,46642300
2010-01-19,28.830708,29.374683,28.746298,29.290274,12.464237,23935668
2010-01-20,29.290274,29.39344,28.699404,28.80257,12.256697,30237693
2010-01-21,28.877602,29.046421,28.380522,28.727539,12.224771,23572406
2010-01-22,28.671267,29.008907,28.418037,28.455551,12.109024,24228667
2010-01-25,28.88698,29.130833,28.3899,28.774435,12.244724,21103350
2010-01-26,28.511826,28.633751,27.902199,28.29611,12.04118,37811511
2010-01-27,28.127291,28.324247,27.667727,28.014744,11.921438,34965652
2010-01-28,27.977228,28.324247,27.320707,27.508284,11.705918,35659870
2010-01-29,27.620831,27.911577,27.395739,27.592693,11.741843,27086894
2010-02-01,27.96785,27.995987,27.527042,27.770893,11.817674,18225611
2010-02-02,27.723999,28.024122,27.648968,27.88344,11.86557,17606348
2010-02-03,27.892818,27.96785,27.217539,27.37698,11.650049,35864052
2010-02-04,27.180023,27.236298,26.842382,26.851763,11.42655,28760120
2010-02-05,26.851763,26.973688,26.551638,26.954929,11.470445,25070131
2010-02-08,27.001823,27.029961,26.60791,26.60791,11.322775,17707533
2010-02-09,26.917414,27.273811,26.908035,26.96431,11.47444,25553557
2010-02-10,27.001823,27.217539,26.776731,27.076855,11.522331,16152658
2010-02-11,27.067476,27.386358,26.898657,27.236298,11.590179,15994750
2010-02-12,27.123751,27.217539,26.926792,27.133129,11.546282,15161602
2010-02-16,27.395739,27.423874,27.236298,27.367601,11.646056,12456485
2010-02-17,27.442633,27.573936,27.226917,27.330086,11.630091,14310116
2010-02-18,27.330086,27.442633,27.142508,27.339464,11.634088,11936700
2010-02-19,27.217539,27.46139,27.11437,27.217539,11.582201,19705104
2010-02-22,27.255054,27.320707,27.104992,27.19878,11.574216,14640538
2010-02-23,27.123751,27.151888,26.917414,26.954929,11.470445,15712094
2010-02-24,26.983067,27.19878,26.926792,27.161264,11.55825,13273532
2010-02-25,26.983067,27.170645,26.823626,27.086233,11.526323,16887606
2010-02-26,27.133129,27.20816,26.973688,27.133129,11.546282,13582737
2010-03-01,27.170645,27.301949,27.058098,27.189402,11.570227,17269741
2010-03-02,27.245674,27.46139,27.104992,27.442633,11.677985,18502083
2010-03-03,27.498905,27.517662,27.226917,27.320707,11.626101,14241984
2010-03-04,27.405117,27.592693,27.29257,27.452011,11.681975,13974255
2010-03-05,27.47077,27.527042,27.301949,27.414495,11.666016,19983282
2010-03-08,27.480148,27.874062,27.386358,27.789652,11.825658,17094454
2010-03-09,27.770893,28.174187,27.733377,28.052259,11.937407,21646272
2010-03-10,28.127291,28.174187,27.780272,27.902199,11.87355,19359540
2010-03-11,27.892818,27.995987,27.761515,27.986609,11.909473,11714926
2010-03-12,28.071018,28.071018,27.789652,27.88344,11.86557,12047268
2010-03-15,27.855303,28.005365,27.761515,28.005365,11.91745,13430587
2010-03-16,28.089775,28.136669,27.920956,28.071018,11.945395,13724758
2010-03-17,28.089775,28.371141,28.089775,28.277353,12.033194,26049671
2010-03-18,28.29611,28.493069,28.277353,28.418037,12.09306,11864730
2010-03-19,28.521204,28.643129,28.371141,28.521204,12.136962,21208267
2010-03-22,28.399279,28.811951,28.399279,28.746298,12.232746,13596172
2010-03-23,28.793192,29.055801,28.699404,29.055801,12.364454,15380178
2010-03-24,28.98077,29.027664,28.511826,28.568098,12.156915,16000934
2010-03-25,28.765057,28.774435,28.3899,28.427416,12.097051,14419510
2010-03-26,28.47431,28.55872,28.29611,28.483688,12.120997,12930102
2010-03-29,28.680647,28.699404,28.47431,28.55872,12.152924,14965844
2010-03-30,29.177727,29.543505,29.093317,29.290274,12.464237,47206333
2010-03-31,29.271517,29.290274,28.971392,29.093317,12.380416,22853877
2010-04-01,29.309031,29.48723,29.196486,29.337168,12.48419,18351745
2010-04-05,29.740459,29.740459,29.346546,29.505987,12.55603,18849245
2010-04-06,29.412199,29.412199,29.187105,29.262136,12.452261,22490295
2010-04-07,28.868223,28.868223,28.221081,28.361763,12.255697,29006204
2010-04-08,28.277353,28.399279,28.005365,28.286732,12.22328,31576231
2010-04-09,28.314869,28.361763,28.071018,28.2117,12.190854,21013681
2010-04-12,28.183563,28.324247,28.042881,28.080397,12.134109,19633027
2010-04-13,28.136669,28.277353,27.911577,28.202322,12.186804,20272868
2010-04-14,28.183563,28.183563,27.808409,27.995987,12.097636,44206404
2010-04-15,27.986609,27.986609,27.667727,27.70524,11.972002,28856720
2010-04-16,27.658346,27.930334,27.648968,27.742758,11.988217,26306631
2010-04-19,27.667727,27.911577,27.620831,27.88344,12.049008,18978685
2010-04-20,27.939713,27.977228,27.70524,27.911577,12.061171,15930883
2010-04-21,27.939713,27.977228,27.602074,27.723999,11.980105,24152645
2010-04-22,27.311329,27.527042,27.11437,27.46139,11.866626,26552929
2010-04-23,27.264433,27.264433,27.029961,27.245674,11.773411,26070569
2010-04-26,27.180023,27.29257,27.048719,27.142508,11.728832,17428075
2010-04-27,27.095613,27.151888,26.823626,26.96431,11.651831,26602295
2010-04-28,27.058098,27.433252,26.936172,27.311329,11.801785,28366150
2010-04-29,27.405117,27.498905,27.311329,27.405117,11.842314,15858806
2010-04-30,27.386358,27.489527,27.095613,27.104992,11.712621,23367584
2010-05-03,27.348843,27.611452,27.301949,27.47077,11.87068,15539899
2010-05-04,27.330086,27.348843,26.757973,26.96431,11.651831,36789108
2010-05-05,26.861141,27.133129,26.804869,26.898657,11.623464,17347895
2010-05-06,26.833004,26.936172,24.844681,26.270271,11.351924,42107968
2010-05-07,26.242134,26.926792,26.073315,26.439091,11.424871,38892982
2010-05-10,27.133129,27.19878,26.5235,26.833004,11.595093,27673851
2010-05-11,26.692322,26.87052,26.495363,26.636047,11.509984,24781611
2010-05-12,26.776731,26.992445,26.682941,26.917414,11.631565,20688909
2010-05-13,26.908035,27.161264,26.767351,26.908035,11.627518,14156579
2010-05-14,26.814247,27.058098,26.589153,26.739216,11.554564,24603551
2010-05-17,26.711079,26.926792,26.551638,26.879898,11.615354,22279502
2010-05-18,26.917414,27.20816,26.61729,26.654804,11.518088,22884691
2010-05-19,26.551638,26.842382,26.532881,26.739216,11.554564,25470711
2010-05-20,26.5235,26.5235,26.026421,26.035799,11.250603,31498184
2010-05-21,25.670021,26.242134,25.623127,26.223375,11.331658,37210374
2010-05-24,26.045177,26.092072,25.68878,25.78257,11.141177,20591882
2010-05-25,25.407413,25.754433,25.135426,25.698158,11.104702,24799203
2010-05-26,25.801327,25.801327,25.135426,25.257351,10.91422,30040335
2010-05-27,25.529339,25.876358,25.332382,25.86698,11.177649,18694110
2010-05-28,25.885736,25.951389,25.501202,25.810705,11.153332,19514143
2010-06-01,25.60437,26.007662,25.51996,25.51996,11.027699,15402889
2010-06-02,25.557474,25.885736,25.407413,25.876358,11.181703,18972394
2010-06-03,25.951389,26.063934,25.763811,25.923252,11.201967,16961282
2010-06-04,25.679401,25.745052,25.42617,25.51996,11.027699,22462786
2010-06-07,25.576233,25.670021,25.398033,25.398033,10.975009,17574894
2010-06-08,25.435551,26.007662,25.379276,25.960768,11.218177,21557348
2010-06-09,25.970146,26.298409,25.895115,26.054556,11.258708,19699986
2010-06-10,26.326544,26.654804,26.307787,26.579775,11.48567,17770440
2010-06-11,26.410954,26.78611,26.260893,26.78611,11.574828,18022708
2010-06-14,26.973688,27.076855,26.804869,26.851763,11.603201,15998802
2010-06-15,27.048719,27.320707,26.926792,27.301949,11.797726,20556377
2010-06-16,27.255054,27.395739,27.180023,27.367601,11.8261,20739448
2010-06-17,27.395739,27.498905,26.908035,27.283192,11.789627,22459268
2010-06-18,27.339464,27.480148,27.255054,27.320707,11.805838,19510411
2010-06-21,27.573936,27.620831,27.151888,27.255054,11.777468,13404358
2010-06-22,27.301949,27.55518,27.20816,27.255054,11.777468,15813492
2010-06-23,27.386358,27.639589,27.330086,27.508284,11.886889,19897664
2010-06-24,27.442633,27.602074,27.076855,27.161264,11.736938,16411537
2010-06-25,27.301949,27.386358,26.757973,26.776731,11.570778,21396349
2010-06-28,26.945551,27.058098,26.767351,26.926792,11.635618,14050277
2010-06-29,26.78611,27.348843,26.401575,26.842382,11.599148,49151552
2010-06-30,26.973688,26.983067,26.073315,26.27965,11.355978,29439198
2010-07-01,26.270271,26.448469,25.885736,26.382818,11.400556,32420041
2010-07-02,27.17,27.18,26.48,26.809999,11.585151,25574500
2010-07-06,27.15,27.200001,26.49,26.610001,11.498729,39477900
2010-07-07,26.120001,26.530001,25.99,26.52,11.668118,20717700
2010-07-08,26.719999,26.780001,26.32,26.780001,11.782511,19227900
2010-07-09,26.809999,26.82,26.469999,26.65,11.725312,18324600
2010-07-12,26.65,26.700001,26.42,26.49,11.654915,20748500
2010-07-13,26.85,27.07,26.709999,26.889999,11.830907,22709200
2010-07-14,26.93,27.049999,26.629999,26.84,11.808914,18155100
2010-07-15,26.870001,26.870001,26.67,26.799999,11.791311,18416100
2010-07-16,26.780001,27.0,26.6,26.690001,11.742912,21672900
2010-07-19,26.780001,26.92,26.700001,26.719999,11.756114,14947000
2010-07-20,26.629999,26.77,26.559999,26.67,11.734113,21387100
2010-07-21,26.799999,26.809999,26.41,26.52,11.668118,20639200
2010-07-22,26.719999,27.16,26.690001,27.0,11.879302,22514500
2010-07-23,27.82,28.18,27.49,28.02,12.32808,47092800
2010-07-26,28.030001,28.35,28.030001,28.280001,12.442472,15439700
2010-07-27,28.32,28.75,28.299999,28.59,12.578862,22731100
2010-07-28,28.57,29.16,28.549999,28.91,12.719652,31990300
2010-07-29,29.040001,29.190001,28.780001,28.879999,12.706454,24238300
2010-07-30,28.610001,29.24,28.610001,29.059999,12.785645,19103200
2010-08-02,29.540001,29.66,29.309999,29.559999,13.005639,25041100
2010-08-03,29.639999,29.799999,29.379999,29.540001,12.996843,18411200
2010-08-04,29.700001,29.700001,29.1,29.4,12.935241,17320800
2010-08-05,29.26,29.76,29.25,29.549999,13.00124,13571000
2010-08-06,29.4,29.57,29.190001,29.549999,13.00124,13053900
2010-08-09,29.690001,30.059999,29.620001,29.860001,13.13763,15340200
2010-08-10,29.73,30.139999,29.559999,30.02,13.208024,14874600
2010-08-11,29.58,29.9,29.51,29.559999,13.005639,18466400
2010-08-12,29.379999,30.379999,29.23,30.32,13.340019,30878400
2010-08-13,30.16,30.290001,29.92,30.030001,13.212432,14630200
2010-08-16,29.940001,30.15,29.719999,29.959999,13.181629,14097300
2010-08-17,30.1,30.379999,29.99,30.17,13.274027,17696700
2010-08-18,30.16,30.290001,29.809999,30.15,13.26522,13597300
2010-08-19,30.1,30.139999,29.440001,29.620001,13.032037,17972400
2010-08-20,29.43,29.6,29.139999,29.370001,12.922045,17317900
2010-08-23,29.530001,29.66,29.379999,29.41,12.939642,20004400
2010-08-24,29.190001,29.700001,29.1,29.469999,12.966039,18302000
2010-08-25,29.34,29.75,29.190001,29.66,13.049637,23558000
2010-08-26,29.700001,29.76,29.4,29.5,12.979238,13459700
2010-08-27,29.620001,29.93,29.5,29.84,13.128827,12682000
2010-08-30,29.780001,29.879999,29.42,29.440001,12.952845,10385500
2010-08-31,29.440001,29.98,29.209999,29.530001,12.992439,21032500
2010-09-01,29.700001,30.290001,29.65,30.26,13.313624,23700000
2010-09-02,30.26,30.280001,29.92,30.110001,13.247631,11225100
2010-09-03,30.25,30.35,29.690001,30.200001,13.287225,20979400
2010-09-07,30.200001,30.469999,30.07,30.219999,13.296022,13420300
2010-09-08,30.27,30.51,30.25,30.459999,13.40161,14263600
2010-09-09,30.65,30.92,30.549999,30.84,13.568806,17026800
2010-09-10,30.85,30.940001,30.780001,30.82,13.560009,11586900
2010-09-13,30.99,31.049999,30.610001,30.9,13.595199,14977900
2010-09-14,30.799999,31.15,30.620001,30.91,13.599603,12023200
2010-09-15,30.9,31.209999,30.75,31.190001,13.722795,15833900
2010-09-16,31.209999,31.469999,30.940001,31.42,13.823992,16013600
2010-09-17,31.59,31.75,31.379999,31.68,13.938384,21525200
2010-09-20,31.84,32.169998,31.58,32.09,14.118774,21589300
2010-09-21,32.119999,32.5,31.889999,32.32,14.219969,20578500
2010-09-22,32.310001,32.639999,32.25,32.389999,14.250768,17625700
2010-09-23,32.25,32.599998,32.07,32.169998,14.153969,15983200
2010-09-24,32.470001,32.68,32.400002,32.639999,14.360758,18654100
2010-09-27,32.610001,33.07,32.52,32.860001,14.457553,19803100
2010-09-28,33.029999,33.09,32.689999,32.720001,14.395955,19430900
2010-09-29,32.669998,32.82,32.41,32.66,14.36956,16003000
2010-09-30,32.75,33.09,32.52,32.59,14.33876,15659000
2010-10-01,32.779999,32.970001,32.650002,32.889999,14.470749,14510100
2010-10-04,32.91,33.150002,32.779999,33.029999,14.532349,19124700
2010-10-05,33.200001,33.68,33.139999,33.57,14.769934,20660500
2010-10-06,33.139999,33.48,32.740002,33.360001,14.894052,39172500
2010-10-07,33.57,33.57,32.860001,32.93,14.702071,22637200
2010-10-08,33.09,33.139999,32.610001,32.830002,14.657431,15286300
2010-10-11,32.900002,33.200001,32.84,33.029999,14.746716,11070200
2010-10-12,32.450001,32.639999,32.200001,32.540001,14.527949,23947700
2010-10-13,32.400002,32.48,32.169998,32.209999,14.380616,22533000
2010-10-14,32.360001,32.669998,32.290001,32.439999,14.483303,17973000
2010-10-15,32.68,32.799999,32.169998,32.43,14.478843,31197000
2010-10-18,32.52,32.93,32.490002,32.59,14.550274,17593300
2010-10-19,32.57,32.610001,32.02,32.16,14.358295,20410200
2010-10-20,32.34,32.810001,32.299999,32.639999,14.572599,15199100
2010-10-21,32.860001,32.860001,32.18,32.52,14.519024,31969700
2010-10-22,32.450001,32.5,31.76,32.09,14.327047,23989600
2010-10-25,32.299999,32.610001,32.200001,32.349998,14.443126,15572600
2010-10-26,32.41,32.709999,32.41,32.5,14.510097,13760400
2010-10-27,32.439999,32.560001,32.189999,32.509998,14.514555,18991900
2010-10-28,32.700001,32.75,32.209999,32.41,14.469913,15396300
2010-10-29,32.369999,32.560001,32.209999,32.48,14.501162,12072000
2010-11-01,32.77,32.77,32.23,32.400002,14.465449,12614100
2010-11-02,32.630001,32.98,32.619999,32.799999,14.644032,12991300
2010-11-03,32.900002,33.049999,32.700001,32.990002,14.728861,13770100
2010-11-04,33.209999,33.540001,33.16,33.52,14.965485,14746800
2010-11-05,33.59,33.619999,33.040001,33.43,14.925302,13210100
2010-11-08,33.310001,33.34,32.919998,33.169998,14.809221,10961600
2010-11-09,33.279999,33.290001,32.959999,33.009998,14.737787,15967600
2010-11-10,32.970001,33.0,32.509998,32.849998,14.666361,13678000
2010-11-11,32.73,32.889999,32.459999,32.630001,14.568135,12794800
2010-11-12,32.330002,32.630001,32.25,32.560001,14.53688,12039800
2010-11-15,32.619999,33.0,32.57,32.77,14.630637,14229300
2010-11-16,32.66,32.669998,31.98,32.189999,14.371692,19674000
2010-11-17,32.25,32.52,31.950001,32.34,14.43866,13245100
2010-11-18,32.630001,32.84,32.52,32.650002,14.57707,12863900
2010-11-19,32.650002,32.73,32.220001,32.59,14.550274,13441100
2010-11-22,32.630001,32.669998,32.290001,32.5,14.510097,12950300
2010-11-23,32.32,32.57,32.23,32.389999,14.46098,13965600
2010-11-24,32.490002,32.669998,32.220001,32.349998,14.443126,14728300
2010-11-26,32.18,32.310001,32.099998,32.209999,14.380616,6078300
2010-11-29,32.18,32.200001,31.67,31.9,14.242217,14912300
2010-11-30,31.709999,32.16,31.6,32.009998,14.291325,16328500
2010-12-01,32.439999,32.5,32.220001,32.349998,14.443126,14718400
2010-12-02,32.32,32.779999,32.290001,32.740002,14.617249,19818100
2010-12-03,32.529999,32.900002,32.41,32.900002,14.68868,12592200
2010-12-06,32.950001,33.099998,32.75,32.889999,14.684214,20550100
2010-12-07,33.279999,33.34,32.82,32.950001,14.711001,20865100
2010-12-08,33.080002,33.209999,32.880001,32.98,14.724395,11764200
2010-12-09,33.18,33.700001,33.009998,33.560001,14.983342,19789900
2010-12-10,33.669998,34.040001,33.52,34.040001,15.197653,19332900
2010-12-13,34.27,34.470001,34.09,34.110001,15.228895,19914900
2010-12-14,34.139999,34.669998,34.07,34.669998,15.478917,17818800
2010-12-15,34.599998,34.82,34.5,34.630001,15.461061,16598100
2010-12-16,34.700001,34.830002,34.439999,34.759998,15.519103,16608900
2010-12-17,34.77,34.77,34.349998,34.639999,15.465534,24676600
2010-12-20,34.91,34.959999,34.580002,34.740002,15.510176,12686800
2010-12-21,34.790001,35.0,34.619999,34.939999,15.599468,13638000
2010-12-22,34.970001,35.220001,34.830002,35.18,15.706615,10480200
2010-12-23,35.23,35.52,35.200001,35.439999,15.822699,10413700
2010-12-27,35.459999,35.57,35.299999,35.5,15.849484,8188200
2010-12-28,35.470001,35.630001,35.400002,35.619999,15.903063,11904100
2010-12-29,35.740002,35.77,35.5,35.580002,15.88521,14302000
2010-12-30,35.560001,35.68,35.5,35.560001,15.876278,9477100
2010-12-31,35.619999,36.0,35.610001,35.779999,15.9745,12139700
2011-01-03,36.060001,36.450001,35.880001,36.43,16.264698,20099500
2011-01-04,36.619999,37.169998,36.439999,37.16,16.590611,22668600
2011-01-05,37.07,37.700001,36.91,37.669998,16.818319,33918500
2011-01-06,37.23,37.299999,36.029999,36.23,16.387701,35700400
2011-01-07,36.040001,36.040001,35.41,35.93,16.251997,29542600
2011-01-10,36.549999,36.580002,35.82,35.919998,16.247484,38507600
2011-01-11,36.029999,36.060001,34.98,35.360001,15.994176,43342500
2011-01-12,35.689999,35.759998,35.360001,35.470001,16.043936,24851500
2011-01-13,35.389999,35.82,35.25,35.799999,16.193205,23896900
2011-01-14,35.689999,35.869999,35.389999,35.459999,16.039412,22160400
2011-01-18,35.380001,35.509998,34.360001,34.360001,15.541852,42112200
2011-01-19,34.5,34.790001,34.349998,34.599998,15.650412,24526800
2011-01-20,34.459999,34.82,34.400002,34.610001,15.654929,17567000
2011-01-21,34.810001,35.169998,34.759998,34.950001,15.808718,24069300
2011-01-24,34.880001,35.279999,34.880001,35.240002,15.939896,15934400
2011-01-25,35.130001,36.59,34.880001,35.790001,16.188677,43391800
2011-01-26,36.32,36.48,36.02,36.400002,16.4646,24419600
2011-01-27,36.400002,36.52,36.209999,36.490002,16.505299,19653500
2011-01-28,36.380001,36.389999,35.580002,35.630001,16.116304,20717200
2011-01-31,35.639999,35.900002,35.380001,35.619999,16.111788,14490800
2011-02-01,36.279999,36.34,35.900002,36.27,16.40579,16351300
2011-02-02,36.380001,36.48,35.939999,36.16,16.356039,11707700
2011-02-03,36.009998,36.48,35.919998,36.380001,16.455555,18235300
2011-02-04,36.43,36.48,35.98,36.310001,16.423891,12095400
2011-02-07,36.299999,36.349998,36.0,36.02,16.292713,13810400
2011-02-08,36.09,36.419998,35.77,36.34,16.43746,11868100
2011-02-09,36.34,36.68,36.200001,36.68,16.591242,14877300
2011-02-10,36.720001,36.77,36.040001,36.419998,16.473642,21800200
2011-02-11,36.419998,36.509998,36.099998,36.389999,16.460066,16059500
2011-02-14,36.310001,36.34,35.73,35.900002,16.238434,17728900
2011-02-15,35.790001,36.5,35.66,36.459999,16.491739,20038000
2011-02-16,36.360001,36.470001,35.939999,36.169998,16.360558,17808800
2011-02-17,36.02,36.450001,36.02,36.369999,16.451027,13325100
2011-02-18,36.369999,36.810001,36.27,36.619999,16.564112,16517000
2011-02-22,36.240002,36.32,35.849998,36.0,16.283667,14422700
2011-02-23,35.799999,36.09,35.720001,35.810001,16.197723,15019400
2011-02-24,35.73,35.779999,35.349998,35.580002,16.093693,16810400
2011-02-25,35.57,36.040001,35.509998,35.970001,16.2701,11397200
2011-02-28,36.060001,36.939999,35.959999,36.919998,16.699806,18183400
2011-03-01,36.810001,36.860001,35.950001,36.02,16.292713,17718800
2011-03-02,36.110001,36.529999,35.849998,36.34,16.43746,16262100
2011-03-03,36.709999,36.75,36.220001,36.360001,16.446505,14445400
2011-03-04,36.310001,36.490002,35.849998,36.080002,16.319851,13430300
2011-03-07,36.130001,36.23,35.919998,36.009998,16.288191,10087900
2011-03-08,36.110001,36.59,36.02,36.48,16.50078,14340900
2011-03-09,36.279999,36.650002,36.25,36.650002,16.577684,10361900
2011-03-10,36.369999,36.560001,36.169998,36.400002,16.4646,14536100
2011-03-11,36.130001,36.380001,35.650002,35.849998,16.215822,16804500
2011-03-14,35.740002,35.740002,34.91,35.18,15.912759,23406000
2011-03-15,34.380001,35.0,33.360001,34.869999,15.772545,27269500
2011-03-16,34.860001,34.91,34.099998,34.299999,15.514713,21333400
2011-03-17,34.73,35.34,34.599998,35.330002,15.980612,31232800
2011-03-18,35.610001,35.84,35.349998,35.84,16.211292,20800900
2011-03-21,36.66,37.299999,36.380001,36.459999,16.491739,27020700
2011-03-22,36.549999,37.049999,36.369999,36.950001,16.713379,16935300
2011-03-23,36.709999,37.060001,36.450001,36.98,16.726944,13835600
2011-03-24,37.110001,37.27,37.07,37.18,16.817408,10934000
2011-03-25,37.240002,37.32,37.150002,37.290001,16.867159,10841000
2011-03-28,37.439999,37.919998,37.419998,37.75,17.075233,19190000
2011-03-29,37.66,38.419998,37.529999,38.290001,17.319494,23035200
2011-03-30,38.490002,38.950001,38.450001,38.459999,17.396383,25599200
2011-03-31,38.529999,38.779999,38.330002,38.540001,17.432568,14236900
2011-04-01,38.580002,38.740002,38.310001,38.470001,17.400908,14651500
2011-04-04,38.529999,38.689999,38.490002,38.610001,17.464228,11426500
2011-04-05,38.630001,38.700001,38.27,38.380001,17.360199,13087400
2011-04-06,37.93,37.98,37.68,37.849998,17.340954,13404000
2011-04-07,37.880001,37.900002,37.259998,37.759998,17.299721,15138500
2011-04-08,37.900002,37.900002,37.560001,37.720001,17.281399,9318900
2011-04-11,37.75,38.009998,37.720001,37.849998,17.340954,11896900
2011-04-12,37.540001,37.77,37.52,37.639999,17.244743,9609300
2011-04-13,37.59,37.91,37.59,37.689999,17.267649,8743400
2011-04-14,37.790001,37.900002,37.34,37.709999,17.276815,13763800
2011-04-15,37.77,37.98,37.48,37.849998,17.340954,11291200
2011-04-18,37.599998,37.720001,37.150002,37.310001,17.093552,12287800
2011-04-19,37.27,37.439999,37.110001,37.240002,17.061489,10475500
2011-04-20,37.619999,38.0,37.610001,37.790001,17.313473,14916000
2011-04-21,37.07,37.16,36.5,36.91,16.910292,29997700
2011-04-25,37.07,37.119999,36.82,36.990002,16.946947,10229100
2011-04-26,37.16,37.75,37.080002,37.630001,17.240156,14900000
2011-04-27,37.650002,38.419998,37.650002,38.25,17.524218,18152600
2011-04-28,38.150002,38.349998,37.91,38.27,17.533379,11627100
2011-04-29,37.98,38.080002,37.630001,37.779999,17.308886,13422700
2011-05-02,38.330002,38.330002,37.439999,37.560001,17.20809,13413500
2011-05-03,37.619999,37.98,37.470001,37.799999,17.318043,33214100
2011-05-04,37.700001,37.849998,37.57,37.669998,17.258492,11262800
2011-05-05,37.57,37.73,36.900002,37.119999,17.006508,15289400
2011-05-06,37.459999,37.5,37.080002,37.279999,17.079811,11072700
2011-05-09,37.279999,37.34,37.080002,37.240002,17.061489,8451800
2011-05-10,37.279999,37.68,37.25,37.57,17.212669,10364500
2011-05-11,37.59,37.68,37.009998,37.259998,17.070646,11421800
2011-05-12,37.099998,37.619999,37.02,37.43,17.148533,10233200
2011-05-13,37.509998,37.509998,36.950001,37.259998,17.070646,10418000
2011-05-16,37.259998,37.259998,36.900002,36.970001,16.937788,10997200
2011-05-17,36.900002,37.18,36.799999,37.110001,17.001932,12470800
2011-05-18,37.169998,37.169998,36.900002,37.09,16.992765,9437200
2011-05-19,37.189999,37.41,37.029999,37.32,17.098135,9684900
2011-05-20,37.25,37.32,37.02,37.150002,17.020254,10635000
2011-05-23,36.75,36.93,36.639999,36.849998,16.882811,9098900
2011-05-24,36.91,37.040001,36.799999,36.900002,16.905714,9070800
2011-05-25,36.720001,36.779999,36.240002,36.400002,16.676643,14045800
2011-05-26,36.279999,36.759998,36.279999,36.610001,16.772852,11167700
2011-05-27,36.740002,36.75,36.439999,36.669998,16.800337,7431700
2011-05-31,36.91,36.990002,36.669998,36.93,16.919456,10904400
2011-06-01,36.459999,36.880001,36.220001,36.27,16.617081,14500800
2011-06-02,36.290001,36.32,35.970001,36.169998,16.571264,12699800
2011-06-03,35.849998,36.029999,35.599998,35.630001,16.323862,12067300
2011-06-06,35.57,35.599998,35.16,35.209999,16.131445,13838900
2011-06-07,35.369999,35.689999,35.16,35.380001,16.209322,12321900
2011-06-08,35.52,36.139999,35.389999,35.900002,16.447567,19441500
2011-06-09,36.02,36.02,35.5,35.669998,16.342184,13958500
2011-06-10,35.48,35.580002,35.169998,35.189999,16.12228,12515000
2011-06-13,35.23,35.82,35.23,35.630001,16.323862,11569700
2011-06-14,35.810001,35.889999,35.5,35.580002,16.300957,14247500
2011-06-15,35.450001,35.599998,34.939999,35.119999,16.090208,13958900
2011-06-16,35.110001,35.369999,35.049999,35.240002,16.145184,10528100
2011-06-17,35.450001,35.919998,35.43,35.509998,16.268888,19263600
2011-06-20,35.349998,35.799999,35.200001,35.650002,16.333027,11909700
2011-06-21,35.830002,36.110001,35.700001,35.990002,16.488796,18676000
2011-06-22,35.889999,36.07,35.849998,35.939999,16.465887,11450100
2011-06-23,35.700001,36.110001,35.490002,36.049999,16.516285,20403000
2011-06-24,36.080002,36.169998,35.880001,36.0,16.493378,19918500
2011-06-27,36.080002,36.5,35.950001,36.400002,16.676643,12528400
2011-06-28,36.470001,36.57,36.25,36.57,16.754524,12963900
2011-06-29,36.73,36.799999,36.59,36.720001,16.823242,10322800
2011-06-30,36.880001,37.25,36.799999,37.23,17.0569,26073600
2011-07-01,37.060001,37.869999,37.060001,37.799999,17.318043,14943300
2011-07-05,37.740002,37.860001,37.549999,37.82,17.327213,12548800
2011-07-06,37.389999,37.549999,37.139999,37.540001,17.423752,14984800
2011-07-07,37.700001,37.700001,37.18,37.419998,17.368052,15407100
2011-07-08,37.169998,37.509998,37.119999,37.48,17.395899,12435900
2011-07-11,37.110001,37.18,37.009998,37.119999,17.228813,11498000
2011-07-12,37.049999,37.310001,37.040001,37.09,17.214897,14325600
2011-07-13,37.16,37.27,36.860001,36.939999,17.145267,11454400
2011-07-14,36.939999,37.369999,36.810001,36.880001,17.117418,12755800
2011-07-15,36.830002,36.990002,36.650002,36.82,17.089575,12759600
2011-07-18,36.68,36.740002,36.27,36.709999,17.038517,10904600
2011-07-19,36.810001,36.98,36.580002,36.970001,17.159195,15761000
2011-07-20,37.099998,37.43,36.91,37.330002,17.32629,11981100
2011-07-21,37.52,37.82,37.369999,37.57,17.437675,17637900
2011-07-22,37.009998,37.169998,36.43,36.740002,17.052441,30321900
2011-07-25,36.459999,36.52,36.130001,36.220001,16.811094,14789500
2011-07-26,36.169998,36.5,36.16,36.279999,16.838934,11911600
2011-07-27,36.189999,36.439999,36.130001,36.209999,16.80645,18946800
2011-07-28,36.23,36.380001,35.529999,35.66,16.551178,16348600
2011-07-29,35.310001,35.740002,34.869999,35.290001,16.379436,16670600
2011-08-01,36.349998,36.389999,35.150002,35.869999,16.648638,20647900
2011-08-02,35.84,35.939999,35.450001,35.490002,16.472265,23408000
2011-08-03,35.48,36.009998,35.200001,35.970001,16.695059,19425600
2011-08-04,35.470001,35.889999,34.919998,34.919998,16.20771,31005000
2011-08-05,35.139999,35.349998,34.02,35.049999,16.268045,35815100
2011-08-08,33.98,34.599998,33.060001,33.119999,15.372264,55016000
2011-08-09,33.32,34.32,32.279999,34.290001,15.915309,44826700
2011-08-10,34.09,34.599998,33.540001,33.66,15.622891,33750500
2011-08-11,33.959999,34.939999,33.639999,34.619999,16.068468,29295300
2011-08-12,34.830002,34.900002,34.07,34.299999,15.91994,21378600
2011-08-15,34.599998,35.099998,34.419998,35.049999,16.268045,13780800
2011-08-16,34.860001,35.02,34.470001,34.880001,16.18914,13605000
2011-08-17,34.959999,35.66,34.959999,35.610001,16.527969,15559000
2011-08-18,35.049999,35.450001,34.700001,35.07,16.277334,28170900
2011-08-19,34.759998,35.529999,34.669998,34.709999,16.110241,23212700
2011-08-22,35.400002,35.43,34.75,34.82,16.161291,15379100
2011-08-23,34.990002,35.959999,34.91,35.959999,16.690414,24037400
2011-08-24,35.950001,36.5,35.75,36.470001,16.927128,16130700
2011-08-25,36.450001,36.5,35.650002,35.77,16.602228,13922800
2011-08-26,35.650002,36.040001,35.110001,35.759998,16.597589,14955700
2011-08-29,36.049999,36.25,35.810001,36.139999,16.773956,13379800
2011-08-30,36.240002,36.490002,36.07,36.310001,16.852865,13111100
2011-08-31,36.580002,36.720001,35.75,36.169998,16.787884,28924600
2011-09-01,36.049999,36.34,35.84,35.880001,16.653284,19053000
2011-09-02,35.689999,35.939999,35.5,35.560001,16.504757,13662800
2011-09-06,34.98,35.279999,34.779999,35.220001,16.346949,14430600
2011-09-07,35.529999,35.619999,35.009998,35.619999,16.532612,16111300
2011-09-08,35.43,35.720001,35.290001,35.380001,16.421219,11714900
2011-09-09,35.119999,35.349998,34.970001,35.240002,16.356232,22931900
2011-09-12,34.779999,35.299999,34.650002,35.25,16.360882,15456500
2011-09-13,35.220001,35.599998,35.07,35.5,16.47691,13900900
2011-09-14,35.34,35.939999,35.110001,35.599998,16.523325,17404700
2011-09-15,35.849998,36.189999,35.509998,36.189999,16.797171,12213400
2011-09-16,36.419998,36.75,36.200001,36.720001,17.043161,19764400
2011-09-19,36.41,36.41,36.029999,36.279999,16.838934,12186800
2011-09-20,36.470001,36.919998,36.25,36.41,16.899275,13681100
2011-09-21,36.450001,36.689999,35.82,35.84,16.634718,14141000
2011-09-22,35.110001,35.759998,35.060001,35.59,16.518681,43130700
2011-09-23,35.450001,35.939999,35.360001,35.880001,16.653284,32849600
2011-09-26,36.110001,36.41,35.84,36.360001,16.87607,21607000
2011-09-27,36.73,37.290001,36.700001,36.889999,17.122061,18012500
2011-09-28,36.880001,37.34,36.779999,36.84,17.098854,15693600
2011-09-29,37.220001,37.389999,36.740002,37.150002,17.242743,22175500
2011-09-30,36.93,37.34,36.779999,36.799999,17.080286,16539500
2011-10-03,36.73,37.150002,36.240002,36.34,16.866783,23205200
2011-10-04,36.139999,36.459999,35.459999,36.400002,16.894638,33800000
2011-10-05,35.880001,36.0,35.610001,35.77,16.83346,21727300
2011-10-06,35.73,36.0,35.560001,35.91,16.89934,18230500
2011-10-07,35.779999,36.459999,35.759998,36.16,17.016993,17205800
2011-10-10,36.5,36.900002,36.48,36.900002,17.365236,9761200
2011-10-11,36.700001,36.799999,36.459999,36.5,17.176998,11133900
2011-10-12,36.639999,36.900002,36.240002,36.669998,17.256994,14557600
2011-10-13,36.73,37.080002,36.57,37.02,17.421707,13716200
2011-10-14,37.290001,37.360001,37.09,37.330002,17.567598,9253100
2011-10-17,37.279999,37.43,36.900002,36.939999,17.384066,9835300
2011-10-18,37.060001,37.380001,36.77,37.240002,17.525244,12259300
2011-10-19,37.220001,37.439999,36.970001,37.049999,17.435825,10286000
2011-10-20,36.869999,37.25,36.619999,37.099998,17.45936,12355100
2011-10-21,37.16,37.459999,36.68,37.419998,17.609947,17612900
2011-10-24,37.459999,37.470001,36.759998,36.93,17.379354,14718500
2011-10-25,36.950001,36.950001,36.130001,36.189999,17.031107,19837500
2011-10-26,36.639999,36.810001,36.299999,36.810001,17.322882,18896600
2011-10-27,37.299999,37.84,37.009998,37.66,17.722889,23376300
2011-10-28,37.580002,37.73,37.369999,37.630001,17.708775,13471800
2011-10-31,37.459999,37.549999,36.950001,36.98,17.402891,14592000
2011-11-01,36.919998,37.18,36.419998,36.470001,17.162884,15839600
2011-11-02,37.0,37.169998,36.59,36.799999,17.318172,13521600
2011-11-03,37.130001,37.540001,36.799999,37.450001,17.624065,13818300
2011-11-04,37.27,37.32,36.860001,37.169998,17.492304,9050900
2011-11-07,37.209999,37.349998,36.900002,37.34,17.572304,11945900
2011-11-08,37.5,37.59,37.07,37.52,17.657011,9919900
2011-11-09,37.099998,37.369999,36.75,36.889999,17.360527,14472500
2011-11-10,37.27,37.549999,37.080002,37.330002,17.567598,11409200
2011-11-11,37.560001,37.73,37.380001,37.52,17.657011,8823700
2011-11-14,37.330002,37.330002,36.830002,37.0,17.4123,16871100
2011-11-15,37.009998,37.400002,36.849998,37.240002,17.525244,19531300
2011-11-16,37.029999,37.139999,36.610001,36.650002,17.247587,13345500
2011-11-17,36.700001,37.080002,36.450001,36.700001,17.271114,14469000
2011-11-18,36.73,36.84,36.25,36.459999,17.158178,11795900
2011-11-21,36.18,36.32,35.860001,36.07,16.97464,12218500
2011-11-22,36.169998,36.279999,35.849998,36.189999,17.031107,12044300
2011-11-23,36.040001,36.119999,35.349998,35.349998,16.635803,12921500
2011-11-25,35.34,35.73,35.32,35.349998,16.635803,5519200
2011-11-28,36.290001,36.419998,36.009998,36.25,17.059351,17774700
2011-11-29,36.459999,36.950001,36.330002,36.630001,17.238178,13960900
2011-11-30,37.259998,37.73,37.209999,37.73,17.755838,17503800
2011-12-01,37.68,37.77,37.490002,37.77,17.774664,12271900
2011-12-02,37.900002,38.07,37.650002,37.849998,17.812311,14102000
2011-12-05,38.07,38.299999,37.970001,38.049999,17.906431,13423100
2011-12-06,38.130001,38.580002,38.080002,38.32,18.033491,13719200
2011-12-07,38.34,38.450001,37.799999,38.310001,18.028793,12139300
2011-12-08,38.150002,38.25,37.810001,37.810001,17.793488,13913600
2011-12-09,38.09,38.5,37.939999,38.43,18.085253,12401400
2011-12-12,38.240002,38.389999,37.98,38.349998,18.047604,12290000
2011-12-13,38.459999,38.59,38.139999,38.259998,18.00526,11853100
2011-12-14,38.259998,38.509998,38.040001,38.259998,18.00526,11896300
2011-12-15,38.490002,38.560001,38.259998,38.419998,18.080553,10770300
2011-12-16,38.610001,38.779999,38.459999,38.779999,18.249969,19877900
2011-12-19,38.790001,39.099998,38.48,38.630001,18.179382,14514400
2011-12-20,39.110001,39.349998,38.759998,39.209999,18.452333,20106700
2011-12-21,39.32,39.490002,38.889999,39.23,18.461742,15032600
2011-12-22,39.330002,39.470001,39.23,39.290001,18.489973,9978200
2011-12-23,39.419998,39.98,39.41,39.98,18.814693,13236500
2011-12-27,39.880001,40.02,39.82,39.990002,18.819403,7743200
2011-12-28,39.970001,40.040001,39.709999,39.759998,18.711164,6862300
2011-12-29,39.970001,40.080002,39.82,40.049999,18.847639,8400600
2011-12-30,39.849998,40.25,39.82,40.119999,18.880577,10110900
2012-01-03,40.279999,40.48,39.689999,39.73,18.697044,21964200
2012-01-04,39.779999,39.98,38.959999,39.209999,18.452333,28273100
2012-01-05,39.18,39.290001,38.32,38.939999,18.325266,19937700
2012-01-06,38.540001,38.549999,38.150002,38.330002,18.272827,22327200
2012-01-09,38.450001,38.529999,38.139999,38.369999,18.291895,13966500
2012-01-10,38.59,38.82,38.549999,38.57,18.387239,14546400
2012-01-11,38.540001,39.0,38.48,38.900002,18.544554,12331400
2012-01-12,38.990002,39.02,38.700001,38.919998,18.554096,9181400
2012-01-13,38.810001,38.959999,38.59,38.919998,18.554096,8994900
2012-01-17,39.200001,39.439999,38.91,39.02,18.601765,11718300
2012-01-18,38.93,39.049999,38.759998,39.009998,18.596998,11464600
2012-01-19,38.990002,39.119999,38.889999,39.0,18.592237,9993800
2012-01-20,39.02,39.09,38.700001,38.970001,18.57793,14806600
2012-01-23,38.900002,39.0,38.27,38.400002,18.306196,19141600
2012-01-24,38.0,38.139999,37.299999,37.790001,18.015394,29596600
2012-01-25,37.830002,37.950001,37.32,37.689999,17.967722,18873700
2012-01-26,37.799999,37.889999,37.290001,37.34,17.800869,16696500
2012-01-27,37.540001,37.630001,37.209999,37.209999,17.738897,17109300
2012-01-30,37.110001,37.619999,37.07,37.610001,17.929586,15697100
2012-01-31,37.830002,37.849998,37.52,37.66,17.953423,14501100
2012-02-01,38.16,38.27,37.73,37.799999,18.020157,13334100
2012-02-02,37.939999,38.080002,37.5,37.560001,17.905754,12390700
2012-02-03,37.860001,37.880001,37.529999,37.84,18.039234,11413800
2012-02-06,37.82,38.189999,37.82,38.139999,18.182255,14942200
2012-02-07,38.290001,38.299999,37.68,37.919998,18.077366,12474300
2012-02-08,37.880001,38.25,37.860001,37.919998,18.077366,9500800
2012-02-09,37.970001,37.990002,37.759998,37.919998,18.077366,8766600
2012-02-10,37.700001,37.75,37.52,37.689999,17.967722,12456100
2012-02-13,37.779999,38.240002,37.779999,38.130001,18.177485,12675700
2012-02-14,38.029999,38.139999,37.75,38.040001,18.134575,10162400
2012-02-15,38.099998,38.110001,37.75,37.830002,18.034468,10628300
2012-02-16,37.77,38.139999,37.669998,38.049999,18.139345,9582000
2012-02-17,38.290001,38.549999,38.16,38.459999,18.334797,12110000
2012-02-21,38.610001,38.77,38.43,38.490002,18.349102,12025500
2012-02-22,38.5,38.560001,38.080002,38.209999,18.215622,9565600
2012-02-23,38.080002,38.169998,37.880001,38.130001,18.177485,14270700
2012-02-24,38.16,38.310001,37.919998,38.139999,18.182255,9693000
2012-02-27,38.07,38.189999,37.889999,38.130001,18.177485,14543700
2012-02-28,38.09,38.349998,38.060001,38.150002,18.187017,12545900
2012-02-29,38.150002,38.240002,38.0,38.110001,18.16795,15137500
2012-03-01,38.119999,38.5,38.060001,38.43,18.320499,11613900
2012-03-02,38.48,38.810001,38.43,38.669998,18.434914,11979300
2012-03-05,38.650002,39.279999,38.619999,39.0,18.592237,13777600
2012-03-06,38.669998,38.990002,38.619999,38.689999,18.444447,11276800
2012-03-07,38.740002,39.029999,38.700001,38.869999,18.53026,10642900
2012-03-08,39.18,39.450001,39.119999,39.220001,18.697121,12177800
2012-03-09,39.310001,39.349998,38.93,39.099998,18.639904,11755900
2012-03-12,39.110001,39.470001,39.02,39.32,18.744791,9557800
2012-03-13,39.330002,39.509998,39.220001,39.48,18.821054,10440300
2012-03-14,39.419998,39.84,39.400002,39.470001,18.816294,11406800
2012-03-15,39.5,39.549999,39.27,39.540001,18.849665,10102800
2012-03-16,39.619999,39.66,39.360001,39.57,18.863966,22440500
2012-03-19,39.459999,39.790001,39.299999,39.650002,18.902098,10245200
2012-03-20,39.509998,39.709999,39.439999,39.630001,18.892572,9583600
2012-03-21,39.689999,39.900002,39.66,39.779999,18.964075,9852500
2012-03-22,39.540001,39.84,39.509998,39.66,18.90687,40728600
2012-03-23,39.66,39.689999,39.299999,39.419998,18.792452,40367200
2012-03-26,39.5,39.540001,39.110001,39.330002,18.749552,45995300
2012-03-27,39.27,39.32,38.59,38.66,18.430145,21677300
2012-03-28,38.41,38.529999,38.080002,38.259998,18.239462,20044400
2012-03-29,38.110001,38.139999,37.560001,38.07,18.148878,18848600
2012-03-30,38.32,38.34,38.0,38.23,18.225157,12023200
2012-04-02,38.290001,38.610001,38.209999,38.52,18.363413,13260300
2012-04-03,38.450001,38.59,38.27,38.459999,18.334797,13047600
2012-04-04,38.419998,38.560001,38.34,38.389999,18.301426,13413100
2012-04-05,37.91,37.919998,37.52,37.66,18.190334,11684800
2012-04-09,37.360001,37.610001,37.360001,37.459999,18.093737,10516700
2012-04-10,37.41,37.509998,36.799999,36.799999,17.774942,15183100
2012-04-11,37.040001,37.459999,37.0,37.380001,18.055092,12492900
2012-04-12,37.41,37.610001,37.299999,37.549999,18.137203,9954200
2012-04-13,37.450001,37.560001,37.150002,37.259998,17.997129,15658000
2012-04-16,37.330002,37.549999,37.209999,37.43,18.079243,8037800
2012-04-17,37.650002,37.93,37.490002,37.740002,18.228977,10289400
2012-04-18,37.529999,37.740002,37.509998,37.66,18.190334,8141500
2012-04-19,38.119999,38.599998,37.950001,38.150002,18.427013,18471000
2012-04-20,38.240002,38.91,38.240002,38.73,18.707159,19323600
2012-04-23,38.450001,38.799999,38.41,38.57,18.629883,14942900
2012-04-24,38.689999,39.540001,38.669998,39.5,19.079084,22388200
2012-04-25,39.439999,39.650002,39.360001,39.48,19.069422,12578400
2012-04-26,39.470001,40.290001,39.400002,40.139999,19.38821,17695000
2012-04-27,40.150002,40.439999,40.139999,40.23,19.431683,11015700
2012-04-30,40.09,40.400002,40.080002,40.380001,19.504137,11164400
2012-05-01,40.439999,40.84,40.400002,40.560001,19.591084,15162200
2012-05-02,40.5,40.630001,40.34,40.599998,19.610392,12051900
2012-05-03,40.310001,40.75,40.310001,40.639999,19.629723,14859900
2012-05-04,40.529999,40.639999,40.240002,40.259998,19.446178,9941600
2012-05-07,40.060001,40.66,39.849998,40.529999,19.576588,12062700
2012-05-08,40.459999,40.75,40.349998,40.549999,19.586252,11314400
2012-05-09,40.279999,40.470001,40.099998,40.25,19.441349,10516100
2012-05-10,40.560001,40.73,40.389999,40.549999,19.586252,11277800
2012-05-11,40.82,41.43,40.790001,41.16,19.880886,15428200
2012-05-14,40.919998,41.110001,40.48,40.889999,19.750473,14553100
2012-05-15,40.779999,41.369999,40.709999,41.049999,19.827755,11471500
2012-05-16,41.119999,41.209999,40.77,40.880001,19.745647,10850800
2012-05-17,40.810001,41.470001,40.68,41.369999,19.982319,15666000
2012-05-18,41.610001,41.959999,41.259998,41.529999,20.059601,20256400
2012-05-21,41.689999,41.77,41.220001,41.34,19.967829,12139600
2012-05-22,41.32,41.73,41.259998,41.389999,19.991978,12854500
2012-05-23,41.310001,41.610001,40.880001,41.279999,19.938852,13800000
2012-05-24,41.310001,41.580002,41.119999,41.389999,19.991978,9964600
2012-05-25,41.459999,41.650002,41.279999,41.450001,20.020967,7417600
2012-05-29,41.650002,41.84,41.5,41.75,20.165871,7843500
2012-05-30,41.48,41.66,41.27,41.419998,20.006466,11066700
2012-05-31,41.43,41.91,41.169998,41.639999,20.112734,11666300
2012-06-01,41.52,41.68,40.950001,41.029999,19.81809,14445300
2012-06-04,41.0,41.41,40.919998,41.34,19.967829,10611100
2012-06-05,41.259998,41.509998,41.049999,41.200001,19.900211,9687700
2012-06-06,41.279999,41.77,41.25,41.77,20.175529,10710300
2012-06-07,41.799999,41.880001,41.299999,41.639999,20.112734,17128900
2012-06-08,41.689999,42.439999,41.599998,42.439999,20.499142,13469500
2012-06-11,42.610001,42.950001,42.470001,42.560001,20.557108,14176900
2012-06-12,42.669998,42.950001,42.349998,42.939999,20.740646,13461900
2012-06-13,42.830002,43.25,42.799999,42.990002,20.764809,11264000
2012-06-14,43.130001,44.060001,42.860001,43.75,21.131901,14132000
2012-06-15,43.900002,44.139999,43.459999,43.549999,21.035294,20353800
2012-06-18,43.52,44.130001,43.509998,43.82,21.165712,12273800
2012-06-19,43.990002,44.060001,43.549999,43.73,21.122236,12433300
2012-06-20,43.610001,43.799999,43.040001,43.299999,20.914543,15383600
2012-06-21,43.34,43.669998,43.259998,43.330002,20.929031,15741000
2012-06-22,43.610001,43.950001,43.490002,43.950001,21.228498,83961300
2012-06-25,43.610001,43.779999,43.389999,43.650002,21.083595,55991100
2012-06-26,43.740002,43.970001,43.57,43.84,21.175365,9954800
2012-06-27,43.93,44.0,43.709999,43.779999,21.146393,9315800
2012-06-28,43.84,43.970001,43.5,43.970001,21.238157,13685300
2012-06-29,44.419998,44.77,44.25,44.439999,21.465172,18465400
2012-07-02,44.290001,44.93,44.25,44.93,21.701853,12353900
2012-07-03,44.98,45.07,44.700001,44.950001,21.711512,8305700
2012-07-05,44.950001,45.0,44.689999,44.889999,21.682543,11317300
2012-07-06,44.259998,44.490002,44.0,44.419998,21.697186,10816400
2012-07-09,44.450001,44.75,44.400002,44.740002,21.853493,11190600
2012-07-10,44.900002,45.049999,44.619999,44.700001,21.833952,12098400
2012-07-11,44.740002,45.0,44.610001,44.900002,21.931648,11658900
2012-07-12,44.650002,44.830002,44.259998,44.669998,21.819294,11238300
2012-07-13,44.73,45.290001,44.73,45.209999,22.083069,9736000
2012-07-16,45.119999,45.509998,45.080002,45.27,22.112375,8267700
2012-07-17,45.400002,45.720001,45.23,45.66,22.302874,12059400
2012-07-18,45.439999,46.41,45.360001,45.889999,22.415216,20617400
2012-07-19,45.049999,45.389999,44.439999,44.540001,21.755804,25532900
2012-07-20,44.150002,44.68,43.849998,44.490002,21.731375,17099600
2012-07-23,44.209999,44.470001,43.68,44.349998,21.662987,12502900
2012-07-24,44.369999,44.43,43.360001,43.77,21.37969,14157600
2012-07-25,43.880001,44.150002,43.709999,43.720001,21.355267,9595000
2012-07-26,44.240002,44.709999,44.23,44.459999,21.716722,15494800
2012-07-27,44.66,45.060001,44.560001,44.900002,21.931648,22060700
2012-07-30,44.709999,45.080002,44.689999,44.950001,21.956064,10605200
2012-07-31,44.900002,45.48,44.869999,45.139999,22.048878,11603600
2012-08-01,45.43,46.41,45.060001,45.209999,22.083069,18319100
2012-08-02,45.07,45.07,44.150002,44.619999,21.794874,15011900
2012-08-03,45.130001,45.139999,44.34,44.459999,21.716722,12997600
2012-08-06,44.650002,44.880001,44.5,44.689999,21.829065,9577000
2012-08-07,44.799999,44.849998,44.380001,44.470001,21.7216,9565000
2012-08-08,44.330002,44.470001,44.07,44.18,21.579956,10481700
2012-08-09,44.18,44.439999,44.09,44.34,21.658117,8486900
2012-08-10,44.130001,44.599998,43.939999,44.599998,21.78511,8546500
2012-08-13,44.439999,44.5,44.200001,44.27,21.62392,6282900
2012-08-14,44.34,44.439999,44.040001,44.330002,21.653229,8920200
2012-08-15,44.150002,44.32,43.959999,44.189999,21.584845,7008300
2012-08-16,44.110001,44.200001,43.779999,44.119999,21.550653,8713800
2012-08-17,44.189999,44.23,43.970001,44.060001,21.521339,9489000
2012-08-20,43.93,44.060001,43.639999,43.700001,21.345505,9231000
2012-08-21,43.709999,43.75,42.830002,42.889999,20.949852,20204000
2012-08-22,42.779999,43.16,42.580002,42.619999,20.817961,13558200
2012-08-23,42.540001,42.560001,42.18,42.25,20.637245,15987200
2012-08-24,42.209999,43.240002,42.189999,43.169998,21.086617,12797700
2012-08-27,43.099998,43.240002,42.549999,42.759998,20.886343,10625600
2012-08-28,42.689999,42.82,42.5,42.669998,20.842388,8094100
2012-08-29,42.720001,43.34,42.700001,43.09,21.047543,9272100
2012-08-30,42.950001,42.98,42.5,42.77,20.891239,8101200
2012-08-31,42.990002,43.119999,42.650002,42.939999,20.974262,8898400
2012-09-04,42.91,43.790001,42.77,43.700001,21.345505,19553900
2012-09-05,43.630001,44.23,43.619999,43.799999,21.394352,14183800
2012-09-06,44.080002,44.330002,43.650002,44.150002,21.565306,15279600
2012-09-07,44.099998,44.150002,43.5,43.720001,21.355267,12683000
2012-09-10,43.790001,44.32,43.740002,44.060001,21.521339,11247700
2012-09-11,44.18,44.5,44.0,44.240002,21.609268,8053500
2012-09-12,44.290001,44.91,44.0,44.889999,21.926767,14794000
2012-09-13,44.849998,45.639999,44.830002,45.580002,22.263796,20599500
2012-09-14,45.23,45.23,44.299999,44.529999,21.750914,21971800
2012-09-17,44.439999,44.639999,44.27,44.580002,21.775337,14993100
2012-09-18,44.68,44.93,44.450001,44.91,21.936527,9088400
2012-09-19,45.0,45.400002,44.950001,45.27,22.112375,12837100
2012-09-20,45.0,45.59,44.98,45.490002,22.219826,13282400
2012-09-21,45.720001,45.919998,45.52,45.639999,22.293106,21997500
2012-09-24,45.799999,45.849998,45.5,45.68,22.312639,8858600
2012-09-25,45.880001,46.060001,45.610001,45.619999,22.283329,9200800
2012-09-26,45.619999,45.900002,45.509998,45.59,22.268679,9358400
2012-09-27,45.799999,46.0,45.43,45.759998,22.351719,14496600
2012-09-28,45.630001,45.700001,45.259998,45.57,22.258913,28238300
2012-10-01,45.639999,48.77,45.400002,45.810001,22.376137,28873700
2012-10-02,45.970001,46.07,45.619999,45.860001,22.400562,10326800
2012-10-03,45.98,46.400002,45.82,46.279999,22.605719,11907200
2012-10-04,46.41,47.279999,46.41,47.259998,23.084408,16112600
2012-10-05,46.93,47.32,46.82,47.049999,23.235022,16909200
2012-10-08,47.009998,47.07,46.540001,46.57,22.99798,8718900
2012-10-09,46.560001,46.560001,46.110001,46.110001,22.770819,8752300
2012-10-10,46.07,46.25,45.759998,45.779999,22.607849,9333200
2012-10-11,45.950001,45.98,45.139999,45.200001,22.321415,12852300
2012-10-12,45.27,45.389999,44.59,44.619999,22.034994,12900600
2012-10-15,44.48,44.720001,43.75,44.5,21.975731,17315500
2012-10-16,44.560001,45.0,43.98,44.080002,21.768326,15480800
2012-10-17,44.150002,44.790001,43.900002,44.720001,22.084377,15092600
2012-10-18,44.939999,46.419998,44.75,45.779999,22.607849,21680900
2012-10-19,45.970001,46.02,45.09,45.16,22.301674,13429300
2012-10-22,45.02,45.099998,44.52,44.77,22.109077,10691600
2012-10-23,44.400002,44.59,43.950001,44.07,21.763384,11363700
2012-10-24,44.060001,44.669998,43.790001,44.23,21.842403,9852500
2012-10-25,44.580002,44.75,43.950001,44.25,21.852282,9853000
2012-10-26,44.169998,44.860001,44.02,44.73,22.089323,11651000
2012-10-31,44.970001,45.25,44.400002,44.639999,22.044868,10177600
2012-11-01,44.91,45.450001,44.860001,45.139999,22.291794,12382000
2012-11-02,44.98,45.43,44.5,44.52,21.985609,17221300
2012-11-05,44.450001,44.52,43.860001,44.200001,21.827585,9781300
2012-11-06,44.279999,44.630001,43.919998,44.299999,21.876966,8728300
2012-11-07,43.860001,43.900002,43.130001,43.189999,21.328804,16522200
2012-11-08,43.209999,43.240002,42.419998,42.610001,21.042391,19432400
2012-11-09,42.279999,43.220001,42.009998,42.639999,21.057203,13325000
2012-11-12,42.650002,42.939999,42.5,42.560001,21.017694,6681600
2012-11-13,42.470001,43.240002,42.360001,42.540001,21.007812,10385400
2012-11-14,42.560001,42.880001,42.139999,42.240002,20.859661,12392600
2012-11-15,42.189999,42.490002,41.599998,41.700001,20.592995,15087000
2012-11-16,41.66,41.66,40.509998,41.400002,20.444839,27896800
2012-11-19,41.830002,42.82,41.669998,42.810001,21.141155,16543300
2012-11-20,42.700001,42.860001,42.52,42.82,21.146099,10819600
2012-11-21,42.959999,43.18,42.77,43.16,21.313993,8672100
2012-11-23,43.299999,43.77,43.16,43.759998,21.610296,5133000
2012-11-26,43.43,43.509998,43.040001,43.299999,21.383139,12282000
2012-11-27,43.16,43.330002,42.869999,42.98,21.225101,13495000
2012-11-28,42.790001,43.580002,42.599998,43.560001,21.511534,14210700
2012-11-29,43.73,44.07,43.509998,44.009998,21.733744,15022000
2012-11-30,44.16,44.310001,43.799999,44.119999,21.788078,16992500
2012-12-03,44.470001,44.5,44.029999,44.099998,21.7782,11458400
2012-12-04,43.849998,44.150002,43.630001,43.669998,21.565849,12945800
2012-12-05,43.66,44.240002,43.650002,44.099998,21.7782,15334900
2012-12-06,44.18,44.48,44.099998,44.450001,21.951052,15506000
2012-12-07,44.400002,44.5,43.91,44.41,21.931292,11139400
2012-12-10,44.439999,44.450001,43.93,44.029999,21.743631,11137800
2012-12-11,44.09,44.5,44.09,44.439999,21.946102,8734400
2012-12-12,44.59,44.939999,44.419998,44.790001,22.11895,10741000
2012-12-13,44.84,44.84,44.330002,44.52,21.985609,8303600
2012-12-14,44.419998,44.830002,44.189999,44.209999,21.832527,10604700
2012-12-17,44.25,44.299999,43.860001,44.119999,21.788078,12605300
2012-12-18,44.119999,44.16,43.439999,43.869999,21.664629,24653200
2012-12-19,43.900002,43.919998,43.369999,43.380001,21.422636,12734400
2012-12-20,43.400002,43.84,43.25,43.810001,21.634991,9867800
2012-12-21,43.549999,43.970001,43.25,43.57,21.51646,21106500
2012-12-24,43.259998,43.700001,43.259998,43.540001,21.50165,3375400
2012-12-26,43.540001,43.790001,43.25,43.450001,21.457207,6095700
2012-12-27,43.389999,43.580002,42.959999,43.48,21.472021,9366900
2012-12-28,43.240002,43.389999,42.84,42.900002,21.1856,9328400
2012-12-31,42.529999,43.27,42.490002,43.27,21.368324,14650300
2013-01-02,44.490002,44.509998,43.84,44.27,21.862158,16483900
2013-01-03,44.360001,44.419998,43.790001,44.060001,21.758448,11227700
2013-01-04,44.040001,44.360001,43.75,44.299999,21.876966,14930400
2013-01-07,44.25,44.869999,44.009998,44.689999,22.069561,20891300
2013-01-08,44.029999,44.259998,43.040001,43.099998,21.532497,21394400
2013-01-09,42.84,43.189999,42.759998,43.0,21.482555,13346700
2013-01-10,43.220001,43.59,42.970001,43.59,21.777302,11214800
2013-01-11,43.73,43.740002,43.040001,43.299999,21.632433,11624000
2013-01-14,42.919998,43.09,42.490002,42.59,21.27771,15075300
2013-01-15,42.459999,42.560001,41.959999,41.970001,20.96796,15099600
2013-01-16,41.91,42.049999,41.5,41.509998,20.738148,17451400
2013-01-17,41.66,42.369999,41.509998,42.130001,21.047895,14209800
2013-01-18,42.200001,42.540001,42.07,42.540001,21.252729,14149500
2013-01-22,43.0,43.419998,42.490002,42.939999,21.45256,30231800
2013-01-23,43.040001,43.07,42.490002,42.790001,21.377634,16208000
2013-01-24,42.84,43.080002,42.57,42.59,21.27771,11716000
2013-01-25,42.709999,42.810001,42.34,42.669998,21.317677,13779300
2013-01-28,42.77,42.889999,42.459999,42.77,21.367636,13577000
2013-01-29,42.82,43.599998,42.720001,43.5,21.73234,16429900
2013-01-30,43.380001,43.959999,43.34,43.610001,21.787296,16039900
2013-01-31,43.5,43.869999,43.470001,43.610001,21.787296,12880500
2013-02-01,44.200001,44.84,44.110001,44.560001,22.261906,17699900
2013-02-04,44.25,44.75,44.02,44.52,22.24192,14188500
2013-02-05,44.709999,44.880001,44.540001,44.560001,22.261906,9294200
2013-02-06,44.290001,44.880001,44.25,44.75,22.356831,15116100
2013-02-07,44.639999,44.75,44.119999,44.459999,22.211945,8837200
2013-02-08,44.509998,44.610001,44.169998,44.349998,22.156992,8161600
2013-02-11,44.299999,44.439999,44.119999,44.32,22.142,5750100
2013-02-12,44.369999,44.580002,44.209999,44.439999,22.20195,6329800
2013-02-13,44.540001,44.700001,44.279999,44.52,22.24192,7731800
2013-02-14,44.549999,44.779999,44.110001,44.330002,22.147009,14665900
2013-02-15,44.389999,44.619999,44.16,44.400002,22.181974,11986200
2013-02-19,44.259998,44.709999,44.259998,44.5,22.23193,9638000
2013-02-20,44.349998,45.209999,44.34,44.919998,22.441765,23275400
2013-02-21,44.73,45.279999,44.400002,45.119999,22.541677,15118000
2013-02-22,45.23,45.439999,44.720001,45.400002,22.681572,18829500
2013-02-25,45.5,45.990002,45.43,45.720001,22.841434,19945900
2013-02-26,45.919998,46.209999,45.810001,46.119999,23.041277,18641800
2013-02-27,46.130001,46.419998,45.849998,46.349998,23.156178,14803400
2013-02-28,46.349998,46.93,46.299999,46.529999,23.246111,17154700
2013-03-01,46.220001,46.759998,46.110001,46.720001,23.341024,12749700
2013-03-04,46.700001,47.110001,46.59,47.110001,23.535868,9936900
2013-03-05,47.400002,47.880001,47.139999,47.689999,23.825638,16390000
2013-03-06,47.799999,47.860001,47.139999,47.279999,23.620804,12203800
2013-03-07,47.400002,47.57,47.209999,47.48,23.720724,10584700
2013-03-08,47.720001,47.98,47.669998,47.959999,23.960529,9991800
2013-03-11,47.860001,47.970001,47.549999,47.810001,23.885597,9540100
2013-03-12,47.709999,48.549999,47.59,48.360001,24.160374,12637300
2013-03-13,48.369999,48.57,47.790001,47.939999,23.950533,13040900
2013-03-14,48.169998,48.66,48.049999,48.48,24.22032,10588000
2013-03-15,48.189999,48.380001,47.639999,48.02,23.990501,16834000
2013-03-18,47.959999,49.150002,47.959999,48.75,24.355202,14772500
2013-03-19,48.900002,49.09,48.560001,48.950001,24.455126,13781300
2013-03-20,49.060001,49.169998,48.529999,48.599998,24.28027,15013900
2013-03-21,48.330002,48.880001,48.279999,48.799999,24.38019,12547800
2013-03-22,48.93,49.150002,48.720001,49.02,24.490099,9484700
2013-03-25,49.189999,49.439999,48.970001,49.16,24.560038,12634400
2013-03-26,49.380001,49.59,49.16,49.48,24.719915,11663200
2013-03-27,49.310001,49.400002,48.75,48.939999,24.450127,12927500
2013-03-28,48.990002,49.189999,48.900002,49.150002,24.555056,13567000
2013-04-01,49.060001,49.380001,49.009998,49.220001,24.590015,6926600
2013-04-02,49.529999,49.860001,49.259998,49.5,24.72991,12082000
2013-04-03,49.43,49.580002,48.66,48.990002,24.475111,14373500
2013-04-04,49.0,49.310001,48.73,49.299999,24.62998,37100800
2013-04-05,49.049999,49.580002,48.950001,49.560001,24.759892,39951100
2013-04-08,48.990002,49.43,48.77,49.43,24.954245,11467000
2013-04-09,49.52,49.630001,49.16,49.360001,24.9189,8307600
2013-04-10,49.470001,49.860001,49.299999,49.860001,25.171322,7868300
2013-04-11,49.810001,50.639999,49.810001,50.509998,25.499475,13298600
2013-04-12,50.490002,50.860001,50.439999,50.860001,25.676163,9150300
2013-04-15,50.66,51.060001,50.259998,50.639999,25.565102,14449400
2013-04-16,50.799999,51.150002,50.330002,50.459999,25.474232,14919100
2013-04-17,50.209999,50.349998,49.490002,49.540001,25.009771,15233000
2013-04-18,51.049999,51.669998,50.77,50.91,25.701412,18136400
2013-04-19,51.310001,52.349998,51.259998,52.25,26.377886,14594900
2013-04-22,52.200001,52.290001,51.889999,52.189999,26.347605,11212700
2013-04-23,52.349998,52.490002,51.540001,52.32,26.413235,10363400
2013-04-24,52.0,52.119999,51.169998,51.799999,26.150705,14437000
2013-04-25,52.48,53.330002,52.360001,53.220001,26.867586,19142700
2013-04-26,53.25,53.709999,53.200001,53.630001,27.074581,14320100
2013-04-29,53.650002,53.720001,53.259998,53.459999,26.98876,10124400
2013-04-30,53.509998,54.310001,53.450001,53.91,27.215927,16111500
2013-05-01,53.77,53.970001,52.09,52.400002,26.453617,23874700
2013-05-02,52.490002,52.82,52.130001,52.529999,26.519251,12878400
2013-05-03,52.919998,53.049999,52.52,52.68,26.594973,9577900
2013-05-06,52.57,52.650002,51.939999,52.049999,26.276928,7315600
2013-05-07,52.220001,52.919998,52.099998,52.919998,26.716143,9629800
2013-05-08,52.830002,53.150002,52.669998,53.110001,26.812046,7373300
2013-05-09,53.02,53.029999,52.540001,52.709999,26.610113,7379300
2013-05-10,52.790001,52.950001,52.540001,52.889999,26.700991,6242100
2013-05-13,52.830002,52.889999,52.41,52.549999,26.529352,5347700
2013-05-14,52.5,53.18,52.41,53.169998,26.84235,7397700
2013-05-15,53.150002,53.669998,52.799999,53.599998,27.059422,9204900
2013-05-16,53.540001,53.540001,53.130001,53.200001,26.857496,7685600
2013-05-17,53.470001,53.560001,53.060001,53.349998,26.933212,9296800
2013-05-20,53.290001,53.400002,52.599998,52.740002,26.625265,8045300
2013-05-21,52.68,52.779999,51.950001,52.07,26.287022,11217900
2013-05-22,51.900002,52.43,51.169998,51.470001,25.984118,14026500
2013-05-23,51.07,52.060001,51.040001,51.889999,26.196146,10342500
2013-05-24,51.59,51.709999,51.189999,51.389999,25.943735,6583800
2013-05-28,51.77,51.98,50.450001,50.82,25.655972,10039500
2013-05-29,50.27,50.369999,49.139999,49.57,25.024925,18588400
2013-05-30,49.48,50.060001,49.080002,49.080002,24.777548,12459800
2013-05-31,48.900002,49.939999,48.470001,48.48,24.474646,19667500
2013-06-03,48.43,48.709999,47.77,48.66,24.565516,17573200
2013-06-04,48.66,49.459999,48.389999,48.84,24.656387,19897100
2013-06-05,48.91,48.93,48.23,48.299999,24.38377,11309100
2013-06-06,48.299999,50.09,48.150002,49.970001,25.226849,17669600
2013-06-07,50.169998,50.310001,49.77,50.240002,25.363176,12000100
2013-06-10,50.869999,50.869999,50.119999,50.529999,25.509571,9617400
2013-06-11,50.220001,50.790001,49.93,50.18,25.332872,9913100
2013-06-12,50.470001,50.560001,49.740002,49.900002,25.191523,8216000
2013-06-13,49.889999,50.709999,49.799999,50.639999,25.565102,7147000
2013-06-14,50.59,51.27,50.549999,51.07,25.782183,12020500
2013-06-17,51.450001,51.630001,50.349998,50.709999,25.600437,9886600
2013-06-18,50.830002,51.689999,50.759998,51.549999,26.024506,11104200
2013-06-19,51.310001,51.450001,50.040001,50.049999,25.267244,11188400
2013-06-20,49.689999,49.860001,48.860001,48.959999,24.716974,14661600
2013-06-21,49.43,49.779999,49.099998,49.52,24.999678,35016000
2013-06-24,49.049999,49.41,48.810001,49.119999,24.797739,29396300
2013-06-25,49.43,50.68,49.43,50.439999,25.464132,31408000
2013-06-26,50.799999,50.84,50.240002,50.66,25.575199,9200100
2013-06-27,50.959999,51.5,50.93,51.0,25.746849,8633500
2013-06-28,50.93,51.23,50.330002,50.34,25.413654,11162600
2013-07-01,50.290001,50.650002,50.18,50.360001,25.423744,9746200
2013-07-02,50.360001,51.040001,50.189999,50.630001,25.560051,9660800
2013-07-03,50.560001,51.290001,50.450001,51.009998,25.751892,5965700
2013-07-05,51.299999,51.299999,50.34,51.299999,25.898291,8024400
2013-07-08,51.099998,51.41,50.799999,51.169998,26.094624,7234600
2013-07-09,51.5,51.580002,50.869999,50.959999,25.987535,6737900
2013-07-10,50.939999,51.09,50.419998,50.540001,25.773357,8373800
2013-07-11,51.0,51.290001,50.77,51.209999,26.115019,10229300
2013-07-12,51.25,51.299999,50.209999,50.41,25.70706,12701400
2013-07-15,50.200001,50.220001,49.400002,49.959999,25.477581,10592900
2013-07-16,49.75,50.450001,49.709999,50.279999,25.640755,8841400
2013-07-17,50.619999,51.27,50.57,50.740002,25.875347,8543900
2013-07-18,50.0,50.330002,49.189999,49.970001,25.482674,12949700
2013-07-19,50.049999,50.27,49.709999,49.950001,25.472473,12332200
2013-07-22,49.84,50.310001,49.630001,50.27,25.635664,8792400
2013-07-23,50.330002,50.459999,50.029999,50.360001,25.681562,6755700
2013-07-24,50.16,50.529999,49.939999,50.380001,25.691757,8468400
2013-07-25,50.290001,50.799999,50.099998,50.709999,25.860046,6486600
2013-07-26,50.740002,51.080002,50.509998,51.02,26.018131,7090300
2013-07-29,51.029999,51.740002,50.919998,51.490002,26.257814,8444900
2013-07-30,51.939999,51.939999,50.299999,50.419998,25.712152,11576500
2013-07-31,50.27,50.459999,49.450001,49.48,25.232801,14428200
2013-08-01,50.049999,50.189999,49.630001,50.009998,25.503084,9001000
2013-08-02,49.830002,50.439999,49.810001,50.25,25.625463,6883300
2013-08-05,50.110001,50.349998,49.950001,50.209999,25.605064,4533000
2013-08-06,50.189999,50.220001,49.810001,50.09,25.543869,5225500
2013-08-07,49.93,50.25,49.84,49.93,25.462276,5366300
2013-08-08,50.060001,50.07,49.459999,49.619999,25.304193,8155000
2013-08-09,49.700001,49.799999,49.02,49.32,25.151209,8583300
2013-08-12,49.279999,49.759998,49.169998,49.650002,25.319494,5507700
2013-08-13,49.639999,49.68,49.029999,49.150002,25.06452,7881400
2013-08-14,49.099998,49.27,48.720001,48.889999,24.931911,7391900
2013-08-15,48.66,48.98,48.419998,48.540001,24.753437,6610600
2013-08-16,48.290001,48.529999,47.330002,47.709999,24.330166,15381800
2013-08-19,47.549999,48.09,47.450001,47.5,24.223076,7869000
2013-08-20,47.540001,48.18,47.5,47.91,24.432161,7263000
2013-08-21,47.790001,47.790001,47.23,47.27,24.105787,8432300
2013-08-22,47.450001,47.450001,46.740002,47.02,23.978292,9861100
2013-08-23,47.02,47.700001,46.950001,47.610001,24.279171,6779300
2013-08-26,47.529999,47.529999,46.939999,46.939999,23.937496,6943000
2013-08-27,46.580002,47.0,46.25,46.950001,23.9426,9654300
2013-08-28,46.880001,46.919998,46.540001,46.560001,23.743711,6798000
2013-08-29,48.619999,48.66,47.57,47.82,24.386267,36425300
2013-08-30,47.830002,47.970001,47.099998,47.380001,24.161871,13416200
2013-09-03,45.52,46.450001,45.080002,46.009998,23.463234,47084100
2013-09-04,45.709999,47.07,45.700001,46.779999,23.855909,26556600
2013-09-05,47.110001,47.580002,46.330002,46.639999,23.784502,17784300
2013-09-06,47.009998,47.040001,46.040001,46.34,23.631516,13434300
2013-09-09,46.349998,46.400002,45.82,45.91,23.412245,12732600
2013-09-10,45.959999,46.59,45.470001,46.470001,23.697821,19005500
2013-09-11,46.490002,46.900002,46.32,46.52,23.723318,16048000
2013-09-12,46.599998,47.52,46.439999,47.349998,24.146584,18127800
2013-09-13,47.799999,48.360001,47.560001,47.759998,24.355665,16631800
2013-09-16,48.310001,48.5,48.060001,48.299999,24.631042,15342700
2013-09-17,48.470001,48.700001,48.27,48.57,24.768736,10265600
2013-09-18,48.509998,48.830002,47.869999,48.720001,24.845224,10933800
2013-09-19,48.619999,48.889999,48.220001,48.509998,24.738142,11498400
2013-09-20,48.59,48.59,47.540001,47.779999,24.365866,15178200
2013-09-23,47.709999,48.0,47.369999,47.98,24.467857,9088700
2013-09-24,47.689999,47.700001,46.880001,47.27,24.105787,16939100
2013-09-25,47.299999,47.349998,46.759998,46.950001,23.9426,13291600
2013-09-26,47.049999,47.709999,47.049999,47.669998,24.309767,10233200
2013-09-27,47.419998,47.450001,46.689999,47.0,23.9681,10311600
2013-09-30,46.57,46.91,46.32,46.669998,23.79981,12315600
2013-10-01,46.619999,47.0,46.529999,46.990002,23.963003,10054900
2013-10-02,46.84,46.98,46.330002,46.790001,23.861006,11939100
2013-10-03,46.68,47.18,46.52,47.009998,23.973194,14961500
2013-10-04,47.049999,47.119999,46.650002,47.099998,24.019083,47164000
2013-10-07,46.880001,47.650002,46.759998,47.290001,24.11599,45152600
2013-10-08,46.720001,46.73,46.029999,46.049999,23.749811,15794300
2013-10-09,46.209999,46.779999,46.060001,46.200001,23.827171,13270800
2013-10-10,46.650002,46.860001,46.200001,46.860001,24.167557,11555100
2013-10-11,46.810001,47.09,46.66,47.09,24.286186,11131200
2013-10-14,46.790001,47.099998,46.68,46.810001,24.141769,10940400
2013-10-15,46.799999,46.939999,46.27,46.32,23.889071,12571300
2013-10-16,46.599998,47.439999,46.400002,47.25,24.368692,18900300
2013-10-17,48.57,49.240002,48.119999,48.900002,25.219671,29363600
2013-10-18,49.360001,50.060001,49.169998,50.009998,25.792141,22190700
2013-10-21,50.009998,50.610001,50.0,50.580002,26.086115,14398500
2013-10-22,50.560001,51.299999,50.150002,51.139999,26.374929,15220100
2013-10-23,51.029999,51.380001,50.77,50.82,26.209892,11362000
2013-10-24,51.040001,51.189999,50.32,50.419998,26.003592,10354600
2013-10-25,50.330002,50.779999,50.110001,50.709999,26.153156,9184600
2013-10-28,50.689999,50.720001,50.279999,50.57,26.080948,12444600
2013-10-29,50.619999,51.490002,50.580002,51.09,26.349138,14668300
2013-10-30,51.389999,51.400002,50.389999,50.529999,26.060331,12593900
2013-10-31,50.490002,50.91,50.049999,50.509998,26.050013,10922600
2013-11-01,50.790001,51.459999,50.34,50.490002,26.039698,11448800
2013-11-04,50.919998,51.09,50.529999,51.080002,26.343988,8296500
2013-11-05,50.810001,50.869999,50.080002,50.099998,25.838552,11824600
2013-11-06,50.380001,50.860001,50.349998,50.610001,26.101582,9305600
2013-11-07,50.549999,51.0,50.049999,50.169998,25.874651,10806500
2013-11-08,50.060001,50.240002,49.52,50.200001,25.890133,16392100
2013-11-11,50.119999,50.25,49.77,49.959999,25.766357,5166900
2013-11-12,50.009998,50.470001,49.779999,50.16,25.869493,9595800
2013-11-13,49.880001,50.0,49.360001,49.990002,25.78183,10915600
2013-11-14,50.09,50.43,50.09,50.27,25.926233,8874000
2013-11-15,50.16,50.419998,49.869999,50.310001,25.946867,9101200
2013-11-18,50.349998,50.810001,50.34,50.759998,26.178938,10224600
2013-11-19,50.830002,51.049999,50.5,50.779999,26.189257,7936800
2013-11-20,50.790001,51.25,50.310001,50.400002,25.993286,9634100
2013-11-21,50.599998,50.799999,50.349998,50.380001,25.982964,6608000
2013-11-22,50.299999,50.400002,50.009998,50.220001,25.900444,9849600
2013-11-25,50.290001,50.34,49.919998,50.009998,25.792141,5947500
2013-11-26,50.080002,50.360001,49.91,50.049999,25.812767,8631600
2013-11-27,50.139999,50.200001,49.639999,49.93,25.750877,7320300
2013-11-29,50.040001,50.049999,49.540001,49.619999,25.590998,4908600
2013-12-02,49.66,49.700001,49.139999,49.259998,25.405342,10657800
2013-12-03,49.27,49.599998,49.130001,49.599998,25.580685,10224900
2013-12-04,49.32,49.790001,49.099998,49.369999,25.462072,10725900
2013-12-05,49.18,49.18,48.43,48.91,25.224829,14821100
2013-12-06,49.25,49.599998,48.950001,49.48,25.518795,11177200
2013-12-09,49.07,49.630001,48.790001,49.57,25.565212,11946000
2013-12-10,49.490002,49.5,48.849998,49.049999,25.297026,13270800
2013-12-11,49.0,49.0,48.040001,48.490002,25.008215,16154300
2013-12-12,48.490002,48.529999,47.869999,48.130001,24.822544,12161700
2013-12-13,48.110001,48.169998,47.52,47.84,24.672991,11903800
2013-12-16,48.34,49.41,48.200001,48.259998,24.889601,16042700
2013-12-17,48.07,48.07,47.450001,47.560001,24.52857,13276700
2013-12-18,47.830002,48.529999,47.470001,48.470001,24.997904,16094000
2013-12-19,48.18,48.650002,48.02,48.43,24.977272,10188500
2013-12-20,48.509998,48.75,48.080002,48.080002,24.796753,17676700
2013-12-23,48.380001,48.740002,48.369999,48.580002,25.054644,11735800
2013-12-24,48.610001,49.080002,48.610001,48.98,25.26092,5052400
2013-12-26,49.02,49.34,48.93,49.18,25.364077,5101200
2013-12-27,49.290001,49.349998,48.990002,49.169998,25.35891,5372600
2013-12-30,49.049999,49.279999,48.990002,49.150002,25.348608,5460000
2013-12-31,49.0,49.220001,48.779999,49.139999,25.343443,7557100
2014-01-02,49.080002,49.23,48.950001,49.0,25.271246,9270200
2014-01-03,49.330002,49.330002,48.220001,48.419998,24.972109,12022200
2014-01-06,48.77,49.07,48.200001,48.689999,25.111355,16054800
2014-01-07,49.119999,49.400002,48.580002,49.299999,25.42597,17594600
2014-01-08,48.689999,49.07,48.360001,48.5,25.285196,13110700
2014-01-09,48.43,48.509998,47.490002,47.5,24.763855,14567000
2014-01-10,47.84,48.09,47.43,47.75,24.894194,11445900
2014-01-13,47.650002,47.75,46.950001,47.029999,24.518835,18784000
2014-01-14,47.040001,47.23,46.580002,47.080002,24.544899,19270700
2014-01-15,47.349998,48.380001,47.279999,48.27,25.165289,21722300
2014-01-16,48.259998,48.66,47.950001,48.529999,25.300837,14193200
2014-01-17,48.66,48.689999,48.0,48.349998,25.206997,15988600
2014-01-21,48.84,48.900002,46.759998,47.700001,24.868126,33165500
2014-01-22,47.439999,47.52,47.09,47.330002,24.675234,17975700
2014-01-23,47.060001,47.860001,46.939999,47.860001,24.951546,22638200
2014-01-24,47.610001,48.509998,47.509998,47.630001,24.831633,25665600
2014-01-27,47.709999,48.360001,47.41,47.689999,24.862917,21418600
2014-01-28,47.669998,47.869999,47.330002,47.360001,24.690882,16345400
2014-01-29,47.0,47.98,46.689999,47.689999,24.862917,24965700
2014-01-30,47.77,48.09,47.549999,47.630001,24.831633,14441900
2014-01-31,47.099998,48.5,47.02,48.02,25.034952,18536600
2014-02-03,48.02,48.02,46.220001,46.41,24.195597,36115400
2014-02-04,46.290001,46.830002,46.110001,46.82,24.409338,22706300
2014-02-05,46.73,46.900002,46.310001,46.689999,24.341576,19731700
2014-02-06,46.619999,46.880001,46.380001,46.68,24.336348,17564000
2014-02-07,46.889999,46.98,46.580002,46.810001,24.404127,13375500
2014-02-10,46.810001,46.950001,46.18,46.91,24.456259,12412500
2014-02-11,47.040001,47.369999,46.91,47.209999,24.612671,16222300
2014-02-12,47.439999,47.439999,47.060001,47.369999,24.696079,23453500
2014-02-13,47.240002,47.459999,47.0,47.310001,24.664797,18833600
2014-02-14,47.139999,47.139999,46.419998,46.509998,24.24773,26251600
2014-02-18,46.470001,46.5,45.450001,45.98,23.971416,34912800
2014-02-19,45.740002,46.84,45.560001,46.529999,24.258152,34094900
2014-02-20,46.810001,48.34,46.75,48.119999,25.08709,48975300
2014-02-21,47.549999,48.25,47.18,47.27,24.643948,60808800
2014-02-24,47.02,47.200001,46.23,46.23,24.101759,616620500
2014-02-25,46.419998,46.759998,46.189999,46.290001,24.133036,145797400
2014-02-26,46.09,46.5,45.889999,46.349998,24.164307,102687200
2014-02-27,46.34,47.779999,46.279999,47.5,24.763855,139433900
2014-02-28,47.450001,47.759998,47.209999,47.580002,24.805565,62309000
2014-03-03,47.299999,47.68,46.82,47.310001,24.664797,60287600
2014-03-04,47.540001,48.389999,47.470001,47.900002,24.972401,52231200
2014-03-05,47.82,47.869999,47.34,47.380001,24.70129,40016400
2014-03-06,47.459999,47.529999,47.25,47.459999,24.74301,30857100
2014-03-07,47.41,47.43,46.860001,47.150002,24.581385,41073000
2014-03-10,46.790001,47.060001,46.5,47.029999,24.518835,32384500
2014-03-11,46.73,46.790001,46.360001,46.700001,24.346781,42625900
2014-03-12,46.57,46.610001,46.130001,46.360001,24.169523,45522100
2014-03-13,46.349998,46.560001,45.959999,46.029999,23.997486,35184200
2014-03-14,45.84,46.27,45.830002,46.080002,24.023546,27874500
2014-03-17,46.220001,46.52,46.099998,46.310001,24.143454,26394300
2014-03-18,46.32,46.75,46.200001,46.700001,24.346781,26373700
2014-03-19,46.630001,46.990002,46.189999,46.360001,24.169523,35065200
2014-03-20,46.41,47.25,46.259998,47.209999,24.612671,31613400
2014-03-21,47.299999,47.41,46.700001,46.91,24.456259,38716800
2014-03-24,46.810001,47.099998,46.380001,47.009998,24.508406,34926100
2014-03-25,47.02,47.360001,46.77,47.220001,24.617878,23581800
2014-03-26,47.400002,47.66,47.009998,47.009998,24.508406,24376600
2014-03-27,46.98,47.700001,46.970001,47.689999,24.862917,32560000
2014-03-28,47.630001,47.93,47.150002,47.419998,24.722145,25700300
2014-03-31,47.66,47.830002,47.5,47.57,24.800358,20744100
2014-04-01,47.540001,47.779999,47.200001,47.75,24.894194,19712800
2014-04-02,47.66,48.18,47.630001,47.82,24.930689,25156000
2014-04-03,47.939999,48.169998,47.610001,48.119999,25.08709,19320900
2014-04-04,48.259998,48.349998,47.959999,48.040001,25.045382,20772000
2014-04-07,47.700001,48.330002,47.689999,48.119999,25.08709,30356400
2014-04-08,47.669998,48.23,47.529999,48.209999,25.413929,36508200
2014-04-09,48.169998,48.18,47.52,47.98,25.292683,30318500
2014-04-10,47.709999,48.459999,47.419998,47.470001,25.023829,33518300
2014-04-11,47.349998,47.439999,47.02,47.07,24.812975,25822600
2014-04-14,47.259998,47.330002,46.830002,47.27,24.9184,19034000
2014-04-15,47.259998,47.310001,46.77,46.919998,24.733904,20923000
2014-04-16,47.029999,47.16,46.700001,47.099998,24.828789,18851000
2014-04-17,46.869999,47.700001,46.869999,47.599998,25.092371,23240500
2014-04-21,47.77,48.0,47.75,47.98,25.292683,13280800
2014-04-22,47.990002,48.369999,47.75,47.919998,25.261053,20829900
2014-04-23,47.299999,47.669998,46.75,47.43,25.002745,38239700
2014-04-24,47.400002,47.490002,46.07,46.279999,24.396519,41610900
2014-04-25,46.080002,46.25,45.849998,45.939999,24.217295,24429400
2014-04-28,46.220001,46.689999,46.150002,46.599998,24.56521,22320800
2014-04-29,46.669998,46.900002,46.310001,46.77,24.654833,15552100
2014-04-30,46.700001,46.860001,46.599998,46.73,24.633739,16280300
2014-05-01,46.630001,47.23,46.599998,47.220001,24.892044,22778800
2014-05-02,46.959999,47.41,46.810001,47.119999,24.839333,18140200
2014-05-05,47.139999,47.43,47.029999,47.389999,24.981663,12612600
2014-05-06,47.360001,47.48,47.259998,47.470001,25.023829,14031400
2014-05-07,47.52,48.43,47.450001,48.099998,25.355947,23606200
2014-05-08,48.07,48.630001,48.07,48.490002,25.561527,17359200
2014-05-09,48.360001,48.68,48.25,48.48,25.556252,14518100
2014-05-12,48.59,48.630001,48.02,48.16,25.387569,13579300
2014-05-13,48.32,48.34,47.639999,47.849998,25.224152,18017000
2014-05-14,48.0,48.32,47.799999,48.009998,25.308496,13874600
2014-05-15,47.849998,48.240002,47.84,47.959999,25.282143,13115400
2014-05-16,48.709999,49.299999,48.540001,49.07,25.867275,29384000
2014-05-19,49.130001,49.5,49.060001,49.150002,25.909445,19062600
2014-05-20,49.360001,49.380001,48.619999,48.650002,25.645868,14022500
2014-05-21,48.900002,49.360001,48.82,49.169998,25.919989,13949800
2014-05-22,49.299999,49.509998,49.25,49.450001,26.067587,13753400
2014-05-23,49.470001,49.740002,49.380001,49.740002,26.220467,12049800
2014-05-27,49.970001,50.009998,49.43,49.619999,26.157206,12228000
2014-05-28,49.490002,49.900002,49.470001,49.740002,26.220467,11587400
2014-05-29,49.799999,49.900002,49.490002,49.720001,26.209923,10309300
2014-05-30,49.549999,50.0,49.549999,49.959999,26.336443,12409700
2014-06-02,50.02,50.330002,49.959999,50.049999,26.383883,14364600
2014-06-03,49.75,49.82,49.189999,49.290001,25.983248,19683700
2014-06-04,49.32,49.369999,49.07,49.150002,25.909445,12696000
2014-06-05,49.209999,49.560001,49.02,49.279999,25.977966,9855300
2014-06-06,49.450001,49.48,48.849998,49.419998,26.051781,13917800
2014-06-09,49.23,49.639999,49.23,49.57,26.130844,10144900
2014-06-10,49.450001,49.549999,49.290001,49.52,26.104492,11034700
2014-06-11,49.349998,49.57,49.32,49.369999,26.025423,10039700
2014-06-12,49.27,49.349998,48.75,49.040001,25.851465,11516700
2014-06-13,48.93,49.310001,48.810001,49.18,25.925255,11121200
2014-06-16,49.23,49.419998,49.049999,49.310001,25.993795,9172200
2014-06-17,49.189999,49.360001,48.950001,49.209999,25.941074,11085700
2014-06-18,49.009998,49.419998,48.799999,49.419998,26.051781,11917000
2014-06-19,49.419998,49.77,49.290001,49.470001,26.078138,11275200
2014-06-20,49.75,49.75,49.200001,49.389999,26.035965,18210600
2014-06-23,49.360001,49.759998,49.119999,49.73,26.215193,11850700
2014-06-24,49.740002,49.790001,49.189999,49.279999,25.977966,13541700
2014-06-25,49.139999,49.490002,49.110001,49.41,26.046501,11334200
2014-06-26,49.41,49.41,48.869999,49.209999,25.941074,9332600
2014-06-27,49.169998,49.34,48.880001,49.32,25.999067,12388400
2014-06-30,49.27,49.450001,48.810001,48.93,25.793465,16795200
2014-07-01,48.880001,49.549999,48.82,49.369999,26.025423,14298500
2014-07-02,49.52,49.73,49.32,49.66,26.178297,11576100
2014-07-03,49.900002,49.939999,49.349998,49.709999,26.204659,8238600
2014-07-07,49.610001,49.880001,49.549999,49.75,26.225739,13930000
2014-07-08,49.009998,49.07,48.759998,48.759998,25.980642,12848400
2014-07-09,48.990002,49.110001,48.720001,48.900002,26.055233,14431900
2014-07-10,48.59,49.77,48.540001,49.639999,26.449528,18423500
2014-07-11,49.849998,50.43,49.669998,50.32,26.811842,17741200
2014-07-14,50.439999,50.599998,50.150002,50.529999,26.923735,13023900
2014-07-15,50.57,50.82,50.369999,50.709999,27.019648,14235400
2014-07-16,50.889999,51.02,50.669998,50.959999,27.152857,12798600
2014-07-17,50.790001,50.98,50.240002,50.32,26.811842,11485100
2014-07-18,50.619999,50.849998,50.450001,50.75,27.040951,10129500
2014-07-21,50.82,51.0,50.540001,50.700001,27.014324,11333900
2014-07-22,50.98,51.139999,50.41,50.98,27.163506,15037300
2014-07-23,50.98,51.200001,50.779999,50.91,27.126215,11912400
2014-07-24,50.959999,51.450001,50.709999,51.049999,27.200813,17616200
2014-07-25,51.07,51.48,51.07,51.279999,27.323357,11063100
2014-07-28,51.259998,51.580002,51.18,51.580002,27.483206,9600900
2014-07-29,53.189999,53.66,51.880001,51.970001,27.691011,32965500
2014-07-30,51.939999,52.150002,51.419998,51.759998,27.579119,12769100
2014-07-31,51.259998,51.380001,50.349998,50.419998,26.865133,21255000
2014-08-01,50.52,50.52,49.830002,49.830002,26.55076,18254100
2014-08-04,50.040001,50.299999,49.639999,50.209999,26.753241,11693900
2014-08-05,50.150002,50.200001,49.5,49.66,26.460182,11565100
2014-08-06,49.400002,49.450001,48.360001,49.130001,26.177784,18995100
2014-08-07,49.16,49.32,48.450001,48.650002,25.922031,12143700
2014-08-08,48.73,49.099998,48.200001,48.700001,25.948669,15395200
2014-08-11,48.889999,49.040001,48.610001,48.669998,25.932676,11839200
2014-08-12,48.799999,48.950001,48.560001,48.84,26.023258,12325600
2014-08-13,49.0,49.02,48.759998,48.919998,26.065884,10897800
2014-08-14,49.02,49.02,48.810001,49.0,26.108509,11539300
2014-08-15,48.900002,49.049999,48.5,48.799999,26.001947,16378200
2014-08-18,49.049999,49.139999,48.639999,48.779999,25.991295,12682100
2014-08-19,49.029999,49.040001,48.27,48.700001,25.948669,17348700
2014-08-20,48.82,48.970001,48.599998,48.82,26.012604,10685300
2014-08-21,48.860001,49.150002,48.73,48.869999,26.039244,10188900
2014-08-22,48.830002,48.98,48.52,48.639999,25.916698,9991400
2014-08-25,48.68,49.16,48.68,49.150002,26.18844,9913500
2014-08-26,49.209999,49.290001,49.02,49.25,26.241718,10363400
2014-08-27,49.290001,49.459999,49.209999,49.43,26.337622,11500800
2014-08-28,49.380001,49.5,49.200001,49.41,26.326965,8018800
2014-08-29,49.43,49.82,49.400002,49.82,26.545435,11259700
2014-09-02,49.82,50.0,49.5,49.77,26.518785,8724400
2014-09-03,49.939999,50.0,49.689999,49.880001,26.577393,9100900
2014-09-04,49.93,49.939999,49.509998,49.720001,26.492149,9472900
2014-09-05,49.73,50.029999,49.560001,49.939999,26.609373,11920900
2014-09-08,49.869999,49.880001,49.349998,49.529999,26.390907,9005900
2014-09-09,49.419998,49.52,48.799999,48.900002,26.055233,14611400
2014-09-10,49.029999,49.07,48.369999,48.75,25.975304,14370300
2014-09-11,48.650002,49.080002,48.330002,49.009998,26.113846,13193800
2014-09-12,49.0,49.0,48.259998,48.400002,25.788824,15339200
2014-09-15,48.490002,48.599998,48.299999,48.560001,25.874063,12452200
2014-09-16,48.540001,49.139999,48.52,48.959999,26.0872,13801000
2014-09-17,49.049999,49.48,48.950001,49.209999,26.220411,16319500
2014-09-18,49.48,49.720001,49.369999,49.689999,26.476156,12460300
2014-09-19,50.040001,50.380001,49.830002,50.349998,26.827829,30872000
2014-09-22,50.110001,50.32,49.830002,50.18,26.737247,14728500
2014-09-23,50.09,50.150002,49.779999,49.91,26.593388,10614500
2014-09-24,49.98,50.150002,49.82,50.07,26.678644,11488600
2014-09-25,50.099998,50.200001,49.43,49.610001,26.433537,13665800
2014-09-26,49.57,49.91,49.310001,49.77,26.518785,9036200
2014-09-29,49.619999,49.790001,49.209999,49.75,26.508131,9218300
2014-09-30,49.669998,50.240002,49.599998,49.990002,26.636017,13059000
2014-10-01,49.73,49.950001,49.400002,49.43,26.337622,16816100
2014-10-02,49.700001,49.73,49.200001,49.290001,26.263033,14421000
2014-10-03,49.700001,49.830002,49.5,49.709999,26.48683,12066500
2014-10-06,49.950001,50.259998,49.919998,50.080002,26.683969,11034400
2014-10-07,49.990002,50.029999,49.669998,49.68,26.470839,17252100
2014-10-08,49.150002,49.869999,48.950001,49.869999,26.869539,15516100
2014-10-09,49.779999,49.889999,48.84,48.93,26.363079,14907200
2014-10-10,49.0,49.5,48.939999,48.939999,26.368469,19405900
2014-10-13,49.049999,49.459999,48.360001,48.369999,26.061357,19600500
2014-10-14,48.48,48.68,48.099998,48.220001,25.980537,18526500
2014-10-15,47.740002,48.07,46.889999,47.919998,25.818899,27894700
2014-10-16,47.41,48.040001,47.029999,47.669998,25.6842,19074500
2014-10-17,47.799999,48.189999,47.610001,48.07,25.899712,18086300
2014-10-20,48.060001,48.549999,47.810001,48.48,26.120619,13047400
2014-10-21,48.09,48.849998,47.950001,48.689999,26.233765,22562700
2014-10-22,48.689999,48.84,48.259998,48.310001,26.029028,13316000
2014-10-23,48.580002,48.599998,47.849998,48.220001,25.980537,15039200
2014-10-24,48.220001,49.110001,48.099998,48.77,26.276875,13549500
2014-10-27,48.779999,49.540001,48.73,49.419998,26.627092,13089800
2014-10-28,49.700001,50.029999,49.610001,49.959999,26.918039,13245900
2014-10-29,50.049999,50.25,49.549999,49.830002,26.847994,11724200
2014-10-30,49.630001,50.279999,49.5,49.900002,26.885706,11979100
2014-10-31,50.419998,50.5,50.07,50.25,27.074276,17777600
2014-11-03,50.490002,50.650002,50.049999,50.389999,27.149717,11574000
2014-11-04,50.41,50.919998,50.130001,50.330002,27.117382,14042000
2014-11-05,50.689999,50.98,49.93,50.34,27.122763,11064100
2014-11-06,50.369999,50.380001,49.669998,50.279999,27.090443,13293200
2014-11-07,50.330002,50.869999,50.119999,50.860001,27.402946,14008700
2014-11-10,50.720001,51.049999,50.150002,50.720001,27.327513,17367600
2014-11-11,50.939999,50.950001,50.330002,50.610001,27.26825,9159700
2014-11-12,50.349998,51.02,50.299999,50.82,27.381395,9888700
2014-11-13,50.66,51.290001,50.639999,51.200001,27.58614,11267100
2014-11-14,51.259998,51.73,51.18,51.5,27.747766,12742100
2014-11-17,51.41,51.48,51.139999,51.400002,27.693892,6887100
2014-11-18,51.419998,51.419998,51.060001,51.220001,27.59692,8994700
2014-11-19,51.0,51.029999,50.290001,50.490002,27.20359,15773200
2014-11-20,50.41,50.52,49.959999,50.189999,27.041967,9856200
2014-11-21,50.529999,50.540001,49.700001,50.209999,27.052736,19979600
2014-11-24,49.549999,49.889999,48.860001,49.5,26.670187,17759800
2014-11-25,49.34,49.52,48.91,49.34,26.583981,13837200
2014-11-26,49.369999,50.169998,49.32,50.040001,26.961126,11960700
2014-11-28,50.200001,50.799999,50.200001,50.59,27.257463,9524600
2014-12-01,50.68,50.84,50.0,50.029999,26.955736,11949100
2014-12-02,49.799999,50.02,49.049999,49.110001,26.460064,18141000
2014-12-03,49.02,49.02,48.279999,48.790001,26.287645,22429200
2014-12-04,48.73,48.900002,48.41,48.779999,26.282261,14606900
2014-12-05,48.68,48.75,48.43,48.610001,26.190664,15512200
2014-12-08,48.77,49.34,48.560001,48.900002,26.346918,14386300
2014-12-09,47.5,47.560001,46.200001,46.919998,25.280109,49742000
2014-12-10,46.950001,46.98,45.669998,46.18,24.881395,33700700
2014-12-11,46.419998,46.810001,46.189999,46.360001,24.978382,18376500
2014-12-12,46.009998,46.09,45.32,45.580002,24.558132,23769100
2014-12-15,46.060001,46.060001,45.09,45.419998,24.471922,21712200
2014-12-16,45.25,46.639999,45.200001,45.529999,24.531181,22157800
2014-12-17,45.400002,46.689999,45.299999,46.439999,25.021484,23696700
2014-12-18,47.349998,47.349998,46.509998,47.049999,25.350157,22898400
2014-12-19,46.970001,47.330002,46.599998,47.02,25.333986,31316800
2014-12-22,47.09,47.509998,46.889999,47.509998,25.59799,15302100
2014-12-23,47.720001,47.889999,47.439999,47.669998,25.6842,12254400
2014-12-24,47.669998,47.869999,47.380001,47.669998,25.6842,7840600
2014-12-26,47.900002,47.950001,47.73,47.860001,25.78657,7038500
2014-12-29,47.619999,47.790001,47.299999,47.549999,25.619555,8878400
2014-12-30,47.52,47.59,47.150002,47.330002,25.501017,9989800
2014-12-31,47.080002,47.400002,46.700001,46.779999,25.204676,14029500
2015-01-02,47.0,47.23,46.91,46.959999,25.301659,11421200
2015-01-05,47.080002,47.16,46.560001,46.57,25.091532,18964500
2015-01-06,46.790001,47.380001,46.470001,47.040001,25.344749,22950100
2015-01-07,46.919998,47.040001,46.049999,46.189999,25.181213,20793600
2015-01-08,46.419998,47.240002,46.130001,47.18,25.720928,17617500
2015-01-09,47.23,47.310001,46.619999,46.759998,25.491953,13037600
2015-01-12,47.0,47.27,46.669998,47.080002,25.666414,12730300
2015-01-13,47.48,47.799999,46.93,47.18,25.720928,13072800
2015-01-14,46.880001,47.34,46.57,46.970001,25.60644,14795900
2015-01-15,47.259998,47.540001,46.799999,47.099998,25.67732,12475800
2015-01-16,47.130001,48.029999,47.119999,47.990002,26.16251,18050200
2015-01-20,48.139999,48.25,47.709999,48.18,26.266096,16460300
2015-01-21,47.889999,48.400002,47.610001,48.25,26.304253,24880200
2015-01-22,48.119999,48.48,46.91,47.799999,26.058926,38451100
2015-01-23,47.849998,47.93,46.98,47.150002,25.704565,24317800
2015-01-26,46.98,47.099998,46.490002,46.959999,25.600988,15064400
2015-01-27,46.66,46.849998,46.330002,46.349998,25.268429,17008900
2015-01-28,46.830002,47.029999,46.029999,46.049999,25.104891,19575800
2015-01-29,46.0,46.279999,45.369999,46.110001,25.1376,19161600
2015-01-30,45.830002,46.509998,45.560001,45.709999,24.919529,22768000
2015-02-02,46.200001,47.150002,45.759998,46.98,25.611891,23172300
2015-02-03,47.25,47.970001,47.209999,47.830002,26.075277,21481800
2015-02-04,47.669998,48.310001,47.66,47.799999,26.058926,19937400
2015-02-05,48.049999,48.130001,47.540001,47.860001,26.091637,18762300
2015-02-06,48.25,49.759998,48.0,49.330002,26.89304,47425400
2015-02-09,49.049999,49.470001,48.98,49.09,26.762194,21052900
2015-02-10,49.25,49.560001,49.009998,49.509998,26.991159,15100800
2015-02-11,49.389999,49.880001,49.16,49.810001,27.154713,19402900
2015-02-12,49.860001,49.990002,49.25,49.52,26.996613,20447300
2015-02-13,49.43,49.599998,49.029999,49.310001,26.88213,14619600
2015-02-17,48.950001,49.32,48.889999,49.18,26.811251,15363700
2015-02-18,49.220001,49.310001,48.68,48.939999,26.680418,13513400
2015-02-19,48.740002,49.139999,48.740002,48.91,26.664066,11609800
2015-02-20,48.84,48.98,48.419998,48.970001,26.696779,13481500
2015-02-23,48.939999,49.0,48.540001,48.77,26.587744,12255700
2015-02-24,48.669998,49.41,48.310001,49.220001,26.833063,16307000
2015-02-25,49.32,49.400002,49.029999,49.200001,26.822166,11398900
2015-02-26,49.060001,49.459999,48.919998,49.369999,26.914841,13581400
2015-02-27,49.220001,49.66,49.049999,49.450001,26.95845,17571200
2015-03-02,49.119999,49.509998,49.02,49.470001,26.96936,10914400
2015-03-03,49.490002,49.689999,49.279999,49.549999,27.012964,11381400
2015-03-04,49.560001,49.560001,48.919998,49.07,26.751291,13870600
2015-03-05,49.18,49.220001,48.810001,48.919998,26.66951,9653500
2015-03-06,48.490002,48.630001,48.23,48.290001,26.326054,15644900
2015-03-09,48.259998,48.619999,48.18,48.23,26.293348,13119000
2015-03-10,48.110001,48.330002,47.459999,47.509998,25.900826,18764700
2015-03-11,47.57,48.029999,47.360001,47.68,25.993504,14392800
2015-03-12,47.939999,48.759998,47.799999,48.73,26.565935,15806000
2015-03-13,48.5,48.93,48.470001,48.84,26.6259,20717400
2015-03-16,48.959999,49.400002,48.630001,49.27,26.860321,16111200
2015-03-17,49.009998,49.299999,48.869999,48.950001,26.685875,15679200
2015-03-18,48.75,49.689999,48.48,49.540001,27.007515,17978300
2015-03-19,49.23,49.5,49.0,49.299999,26.876675,13625000
2015-03-20,49.34,49.900002,49.189999,49.560001,27.018423,26280800
2015-03-23,49.779999,49.849998,49.450001,49.639999,27.062038,13131700
2015-03-24,49.540001,49.900002,49.389999,49.41,26.936646,11419600
2015-03-25,49.380001,49.41,48.720001,48.73,26.565935,14915500
2015-03-26,48.619999,48.950001,48.400002,48.419998,26.396933,17919400
2015-03-27,48.48,48.720001,48.34,48.560001,26.473248,11716500
2015-03-30,48.73,49.299999,48.709999,49.119999,26.778542,11157600
2015-03-31,49.09,49.150002,48.580002,48.630001,26.511419,12785700
2015-04-01,48.450001,49.27,48.43,48.919998,26.66951,13573600
2015-04-02,48.889999,49.599998,48.860001,49.470001,26.96936,13344200
2015-04-06,49.540001,49.82,49.400002,49.630001,27.056578,14130000
2015-04-07,49.810001,49.810001,49.25,49.27,26.860321,11498700
2015-04-08,48.75,49.279999,48.689999,49.130001,27.086363,15498600
2015-04-09,48.91,49.18,48.669998,49.009998,27.02021,10810900
2015-04-10,49.040001,49.25,48.939999,49.220001,27.135981,9241900
2015-04-13,49.27,49.509998,49.040001,49.040001,27.036745,12235700
2015-04-14,49.200001,49.360001,48.93,49.18,27.113922,11956500
2015-04-15,49.150002,49.5,49.049999,49.389999,27.229713,11055800
2015-04-16,49.259998,49.57,49.09,49.27,27.163549,11724100
2015-04-17,48.98,49.119999,48.700001,48.900002,26.95956,18105100
2015-04-20,49.150002,49.48,49.049999,49.380001,27.224197,17062500
2015-04-21,48.970001,49.400002,48.459999,49.169998,27.108414,33469100
2015-04-22,49.459999,49.689999,49.32,49.57,27.328945,18687000
2015-04-23,49.619999,50.200001,49.450001,50.049999,27.593582,22580200
2015-04-24,49.939999,50.259998,49.82,50.029999,27.582546,17184200
2015-04-27,50.0,50.330002,50.0,50.080002,27.610123,16562300
2015-04-28,50.34,50.639999,50.07,50.549999,27.869232,16342000
2015-04-29,50.450001,50.610001,50.139999,50.470001,27.825134,13683200
2015-04-30,50.470001,50.650002,50.23,50.439999,27.80859,15604900
2015-05-01,50.75,50.77,50.049999,50.41,27.792053,13872800
2015-05-04,50.419998,50.860001,50.290001,50.52,27.852694,12594800
2015-05-05,50.689999,50.689999,50.060001,50.09,27.615629,12646200
2015-05-06,50.07,50.169998,49.360001,49.639999,27.367542,15513300
2015-05-07,49.599998,49.849998,49.32,49.73,27.41716,10832400
2015-05-08,50.189999,50.369999,49.950001,50.139999,27.643192,13264100
2015-05-11,50.139999,50.279999,49.790001,49.799999,27.45575,9900500
2015-05-12,49.400002,49.810001,48.970001,49.619999,27.35651,20448900
2015-05-13,49.639999,49.98,49.5,49.73,27.41716,16200400
2015-05-14,49.900002,50.150002,49.82,49.970001,27.549473,12094600
2015-05-15,50.009998,50.09,49.650002,49.790001,27.450228,14083300
2015-05-18,49.779999,49.799999,49.549999,49.599998,27.345482,15040800
2015-05-19,49.529999,49.580002,49.32,49.549999,27.317913,15675100
2015-05-20,49.57,49.959999,49.560001,49.689999,27.3951,13583600
2015-05-21,49.68,50.099998,49.669998,49.900002,27.510893,15667600
2015-05-22,49.759998,49.889999,49.580002,49.610001,27.350992,12324400
2015-05-26,49.580002,49.75,49.209999,49.419998,27.246252,17460100
2015-05-27,49.450001,49.68,49.27,49.57,27.328945,14517400
2015-05-28,49.470001,49.650002,49.380001,49.540001,27.312401,8432800
2015-05-29,49.5,49.639999,49.369999,49.439999,27.257269,14778400
2015-06-01,49.439999,49.540001,49.139999,49.220001,27.135981,11968000
2015-06-02,49.220001,49.310001,48.98,49.139999,27.091883,11094100
2015-06-03,49.150002,49.439999,48.869999,49.080002,27.058794,17697800
2015-06-04,47.880001,48.540001,47.880001,48.099998,26.518513,38418900
2015-06-05,47.959999,47.970001,47.110001,47.23,26.038851,23574500
2015-06-08,47.25,47.779999,47.049999,47.439999,26.154634,16598600
2015-06-09,47.470001,47.619999,47.169998,47.34,26.099504,12295100
2015-06-10,47.560001,47.68,47.360001,47.470001,26.171171,13007300
2015-06-11,47.610001,47.880001,47.52,47.759998,26.331055,10029700
2015-06-12,47.75,47.75,47.209999,47.25,26.049879,10619100
2015-06-15,47.139999,47.220001,46.93,47.0,25.912048,10875800
2015-06-16,46.990002,47.490002,46.91,47.419998,26.143602,10862000
2015-06-17,47.5,47.509998,46.900002,47.27,26.060909,18216400
2015-06-18,47.419998,47.919998,47.389999,47.77,26.336569,14527300
2015-06-19,47.650002,47.709999,47.369999,47.459999,26.165663,26861700
2015-06-22,47.630001,47.779999,47.41,47.529999,26.204245,9191900
2015-06-23,47.860001,48.110001,47.709999,47.77,26.336569,14411400
2015-06-24,47.599998,47.790001,47.290001,47.290001,26.071932,17742300
2015-06-25,47.630001,47.919998,47.43,47.439999,26.154634,14445400
2015-06-26,47.59,48.490002,47.380001,47.619999,26.25387,18492800
2015-06-29,47.279999,47.720001,46.75,46.77,25.785244,15032400
2015-06-30,47.139999,47.25,46.599998,46.610001,25.697031,15044100
2015-07-01,46.639999,47.110001,46.57,47.0,25.912048,12545900
2015-07-02,47.23,47.380001,47.110001,47.200001,26.022314,9872400
2015-07-06,47.060001,47.139999,46.799999,47.040001,25.934099,12051700
2015-07-07,47.220001,47.450001,46.830002,47.25,26.049879,18025800
2015-07-08,46.580002,46.830002,46.299999,46.580002,25.982946,17859600
2015-07-09,47.009998,47.16,46.23,46.259998,25.804443,16304500
2015-07-10,46.84,47.330002,46.720001,47.0,26.21722,14727100
2015-07-13,47.380001,47.419998,46.950001,47.200001,26.328787,10184400
2015-07-14,47.189999,47.439999,47.049999,47.41,26.445934,9973600
2015-07-15,47.48,47.5,47.040001,47.330002,26.40131,9624000
2015-07-16,47.48,47.860001,47.450001,47.830002,26.680206,11011400
2015-07-17,47.779999,47.950001,47.5,47.59,26.546337,10160400
2015-07-20,47.630001,48.259998,47.419998,48.099998,26.83083,17246700
2015-07-21,46.98,47.349998,46.57,46.970001,26.200487,31961600
2015-07-22,46.790001,46.84,46.110001,46.450001,25.910433,21026600
2015-07-23,46.459999,46.619999,46.169998,46.349998,25.854639,13698200
2015-07-24,46.439999,46.48,45.959999,46.040001,25.681734,19528700
2015-07-27,45.939999,46.25,45.709999,45.830002,25.564581,15747800
2015-07-28,45.990002,46.040001,45.66,45.889999,25.598053,16150900
2015-07-29,46.0,46.900002,45.970001,46.560001,25.971792,15968700
2015-07-30,46.66,46.799999,46.41,46.669998,26.033144,9592300
2015-07-31,46.849998,47.169998,46.709999,46.790001,26.100086,12562900
2015-08-03,47.18,47.200001,46.599998,46.970001,26.200487,10321300
2015-08-04,47.02,47.080002,46.560001,46.669998,26.033144,9371900
2015-08-05,46.900002,47.150002,46.599998,46.639999,26.016413,11946100
2015-08-06,46.59,46.700001,46.290001,46.630001,26.010838,9917200
2015-08-07,46.57,46.75,46.169998,46.360001,25.860218,10538000
2015-08-10,46.52,47.34,46.52,47.23,26.345516,13529500
2015-08-11,47.540001,48.209999,47.48,47.599998,26.551916,18511000
2015-08-12,47.299999,47.889999,47.099998,47.849998,26.691374,15939800
2015-08-13,47.77,47.939999,47.490002,47.66,26.585388,11168500
2015-08-14,47.619999,47.630001,47.43,47.490002,26.490551,8769500
2015-08-17,47.279999,47.619999,47.200001,47.52,26.507282,7784300
2015-08-18,47.560001,47.689999,47.330002,47.459999,26.473829,8581400
2015-08-19,47.389999,47.700001,47.080002,47.439999,26.46266,12578000
2015-08-20,47.049999,47.389999,46.880001,46.880001,26.150284,13785900
2015-08-21,46.450001,46.849998,46.099998,46.099998,25.715197,21305300
2015-08-24,44.349998,45.869999,38.060001,44.740002,24.95657,36096800
2015-08-25,45.759998,45.759998,43.5,43.5,24.264875,27851500
2015-08-26,44.380001,45.310001,44.0,45.16,25.190842,30856900
2015-08-27,45.779999,46.290001,45.169998,46.189999,25.765398,21488000
2015-08-28,46.060001,46.16,45.650002,46.07,25.698456,12783900
2015-08-31,45.950001,46.099998,45.610001,46.009998,25.664986,14785800
2015-09-01,45.09,45.549999,44.68,44.900002,25.045816,21096300
2015-09-02,45.5,45.5,44.77,45.349998,25.296835,17197600
2015-09-03,45.630001,46.150002,45.52,45.720001,25.503212,12480800
2015-09-04,45.349998,45.349998,44.639999,44.82,25.001188,16045100
2015-09-08,45.580002,45.900002,45.220001,45.880001,25.592474,14056500
2015-09-09,46.25,46.27,45.310001,45.389999,25.319139,14423600
2015-09-10,45.369999,45.610001,45.029999,45.459999,25.358194,16412900
2015-09-11,45.439999,45.75,45.259998,45.73,25.508799,11227400
2015-09-14,45.779999,45.889999,45.599998,45.650002,25.46417,9677800
2015-09-15,45.919998,46.549999,45.73,46.369999,25.865805,12023000
2015-09-16,46.439999,46.470001,46.099998,46.189999,25.765398,11932500
2015-09-17,45.400002,45.75,44.529999,45.23,25.229898,31675000
2015-09-18,45.16,45.259998,44.419998,44.57,24.861738,26889300
2015-09-21,44.619999,44.889999,44.529999,44.799999,24.990044,10584300
2015-09-22,44.43,44.529999,44.110001,44.43,24.783648,12368600
2015-09-23,44.360001,44.48,43.900002,43.98,24.532627,11670300
2015-09-24,43.790001,44.200001,43.759998,44.09,24.593988,14438300
2015-09-25,44.32,44.529999,44.07,44.220001,24.666508,17514800
2015-09-28,44.009998,44.18,43.689999,43.740002,24.398748,15265200
2015-09-29,43.779999,44.0,43.34,43.529999,24.28161,15652500
2015-09-30,43.830002,44.0,43.279999,43.509998,24.270447,20380600
2015-10-01,43.490002,43.639999,42.689999,42.959999,23.963659,22323500
2015-10-02,42.549999,42.900002,42.200001,42.84,23.896723,22336700
2015-10-05,43.240002,44.02,43.240002,44.0,24.543781,14484600
2015-10-06,44.0,44.43,43.98,44.060001,24.57725,15087900
2015-10-07,43.779999,43.990002,43.459999,43.849998,24.777851,11897000
2015-10-08,43.68,44.310001,43.549999,44.23,24.992575,10280900
2015-10-09,44.279999,44.529999,44.0,44.16,24.953012,11981200
2015-10-12,44.18,44.310001,44.009998,44.299999,25.032131,9886700
2015-10-13,44.139999,44.5,44.139999,44.360001,25.066034,11566400
2015-10-14,44.259998,44.540001,43.93,43.990002,24.85696,19559200
2015-10-15,44.240002,44.700001,44.060001,44.669998,25.241201,11774000
2015-10-16,44.919998,44.970001,44.450001,44.700001,25.258156,15620900
2015-10-19,44.48,44.82,44.259998,44.700001,25.258156,17547400
2015-10-20,44.919998,45.799999,44.790001,45.240002,25.563278,19747400
2015-10-21,45.439999,45.709999,44.709999,44.860001,25.348555,17081800
2015-10-22,44.98,45.900002,44.98,45.889999,25.930569,15378600
2015-10-23,46.139999,46.330002,45.939999,46.16,26.083139,13285100
2015-10-26,46.32,46.549999,46.150002,46.360001,26.196146,10802500
2015-10-27,46.189999,46.299999,46.009998,46.169998,26.088791,9540400
2015-10-28,46.439999,46.799999,46.060001,46.48,26.26396,11447300
2015-10-29,46.490002,46.560001,46.0,46.400002,26.218756,7902300
2015-10-30,46.43,46.98,46.279999,46.880001,26.489977,14753200
2015-11-02,47.02,47.080002,46.52,46.779999,26.433475,11689100
2015-11-03,46.700001,46.75,46.18,46.450001,26.247005,11900900
2015-11-04,46.580002,46.650002,46.040001,46.139999,26.071846,9702000
2015-11-05,46.200001,46.43,46.099998,46.200001,26.105738,11646900
2015-11-06,45.990002,46.029999,45.290001,45.779999,25.868418,14144400
2015-11-09,45.529999,45.540001,45.029999,45.299999,25.597187,10743200
2015-11-10,45.27,45.330002,44.799999,45.099998,25.484173,9996700
2015-11-11,45.360001,45.540001,45.130001,45.32,25.608486,7904000
2015-11-12,45.02,45.09,44.77,44.830002,25.331602,11053500
2015-11-13,44.73,44.990002,44.220001,44.23,24.992575,12615600
2015-11-16,44.259998,45.07,44.18,45.040001,25.450272,10112500
2015-11-17,45.009998,45.32,44.93,45.080002,25.472868,10657500
2015-11-18,45.080002,45.43,44.580002,45.380001,25.642397,13585600
2015-11-19,45.439999,45.869999,45.349998,45.759998,25.857113,9320900
2015-11-20,45.959999,45.990002,45.32,45.389999,25.648041,12229700
2015-11-23,45.310001,45.5,44.939999,44.990002,25.42201,10290100
2015-11-24,44.75,45.34,44.68,45.189999,25.53503,11127400
2015-11-25,45.110001,45.130001,44.889999,44.919998,25.382462,7013900
2015-11-27,44.84,45.389999,44.830002,45.23,25.557634,4108300
2015-11-30,45.25,45.639999,44.959999,45.450001,25.681942,19400000
2015-12-01,45.509998,45.889999,45.330002,45.580002,25.755409,10580000
2015-12-02,45.450001,45.549999,44.869999,44.919998,25.382462,12160400
2015-12-03,44.880001,45.049999,44.330002,44.560001,25.179041,17077700
2015-12-04,44.740002,45.779999,44.709999,45.709999,25.828863,14158600
2015-12-07,45.459999,46.119999,45.450001,46.060001,26.026628,13192100
2015-12-08,45.669998,45.990002,45.439999,45.700001,25.823212,13776100
2015-12-09,45.580002,46.130001,45.119999,45.360001,25.631096,13467900
2015-12-10,45.470001,45.66,45.200001,45.32,25.608486,10402500
2015-12-11,45.32,45.349998,44.73,44.82,25.325958,16481900
2015-12-14,44.84,45.5,44.68,45.450001,25.681942,16723100
2015-12-15,45.52,45.860001,45.209999,45.549999,25.738449,16742600
2015-12-16,45.93,46.57,45.700001,46.509998,26.280909,18808300
2015-12-17,46.490002,46.689999,46.029999,46.099998,26.049229,15508600
2015-12-18,45.900002,46.040001,45.560001,45.560001,25.744102,31635100
2015-12-21,45.73,45.919998,45.52,45.900002,25.936222,10360600
2015-12-22,46.200001,46.459999,45.849998,46.34,26.184855,11181500
2015-12-23,46.509998,47.150002,46.389999,46.950001,26.529531,12685500
2015-12-24,46.91,46.970001,46.599998,46.709999,26.393925,4279900
2015-12-28,46.619999,46.84,46.560001,46.75,26.416523,6254900
2015-12-29,46.98,47.23,46.84,47.209999,26.676445,7667100
2015-12-30,47.200001,47.200001,46.619999,46.77,26.427822,8970700
2015-12-31,46.52,46.650002,46.209999,46.220001,26.117035,11490900
2016-01-04,45.669998,45.91,45.360001,45.869999,25.919275,17821600
2016-01-05,46.200001,46.549999,45.630001,46.5,26.275255,15632800
2016-01-06,45.490002,45.950001,45.279999,45.52,26.037876,19082700
2016-01-07,45.119999,45.669998,45.0,45.27,25.894867,19277600
2016-01-08,45.66,45.740002,44.700001,44.830002,25.643179,16594800
2016-01-11,45.110001,45.23,44.599998,45.09,25.791908,14226200
2016-01-12,45.240002,45.25,44.529999,44.93,25.70038,15123000
2016-01-13,45.110001,45.27,44.080002,44.150002,25.254221,19291000
2016-01-14,44.220001,45.189999,44.049999,44.869999,25.666063,18435000
2016-01-15,44.040001,44.549999,43.860001,44.43,25.414381,27993900
2016-01-19,44.740002,45.009998,44.529999,44.869999,25.666063,20364300
2016-01-20,44.380001,44.77,43.790001,44.419998,25.408661,28290200
2016-01-21,45.0,46.330002,44.43,45.869999,26.238079,31354100
2016-01-22,46.41,47.119999,46.0,47.040001,26.907322,23075700
2016-01-25,47.080002,47.779999,46.540001,47.029999,26.901611,24298800
2016-01-26,47.130001,48.27,47.049999,48.25,27.599443,22620900
2016-01-27,48.290001,49.490002,48.25,49.029999,28.04562,33795700
2016-01-28,49.060001,49.459999,48.470001,49.009998,28.034178,20085200
2016-01-29,49.389999,49.990002,49.220001,49.970001,28.583305,29082600
2016-02-01,49.939999,51.02,49.689999,50.759998,29.035204,28536600
2016-02-02,50.610001,50.630001,49.650002,49.91,28.548988,21607000
2016-02-03,50.25,50.619999,49.419998,50.619999,28.95512,20309800
2016-02-04,50.369999,50.599998,49.669998,50.43,28.846434,19594300
2016-02-05,50.32,51.200001,50.310001,50.970001,29.155333,25790300
2016-02-08,50.599998,50.799999,49.77,50.740002,29.023764,27058100
2016-02-09,50.060001,50.610001,49.349998,50.150002,28.686285,22633900
2016-02-10,50.189999,50.32,49.619999,49.98,28.589033,18633100
2016-02-11,49.599998,50.099998,49.27,49.389999,28.251553,30521000
2016-02-12,49.540001,50.189999,49.349998,50.110001,28.663385,20990900
2016-02-16,50.240002,50.299999,49.580002,50.240002,28.737749,16360000
2016-02-17,50.41,50.599998,50.080002,50.32,28.78352,15228900
2016-02-18,50.119999,51.099998,49.959999,50.939999,29.138174,19678500
2016-02-19,50.740002,51.07,50.310001,50.860001,29.092411,15607000
2016-02-22,50.860001,51.150002,50.77,51.07,29.212532,12456000
2016-02-23,50.970001,50.990002,50.360001,50.630001,28.960842,11594600
2016-02-24,50.27,50.869999,50.169998,50.82,29.06953,11244900
2016-02-25,50.900002,51.299999,50.779999,51.110001,29.235413,12358700
2016-02-26,51.150002,51.34,50.919998,51.02,29.183922,13011500
2016-02-29,50.860001,51.380001,50.689999,50.73,29.018044,15986300
2016-03-01,50.990002,51.470001,50.98,51.459999,29.43561,12003300
2016-03-02,51.459999,52.200001,51.189999,52.119999,29.813131,14791100
2016-03-03,52.139999,52.220001,51.610001,51.889999,29.681576,15404500
2016-03-04,51.75,52.0,51.5,51.810001,29.635803,13957600
2016-03-07,51.529999,52.349998,51.400002,52.209999,29.864611,14907500
2016-03-08,52.049999,52.75,51.93,52.459999,30.007612,14306500
2016-03-09,52.549999,52.959999,52.0,52.34,29.93898,15466600
2016-03-10,52.549999,52.66,51.990002,52.32,29.927528,15102100
2016-03-11,52.650002,52.779999,52.240002,52.529999,30.047661,15223900
2016-03-14,52.549999,52.75,52.23,52.540001,30.053375,11729400
2016-03-15,52.240002,52.740002,52.240002,52.669998,30.127745,11295700
2016-03-16,52.669998,53.380001,52.400002,53.209999,30.436625,11866400
2016-03-17,53.279999,53.810001,53.189999,53.630001,30.676874,16401500
2016-03-18,53.810001,53.849998,53.240002,53.240002,30.453781,23209400
2016-03-21,53.189999,53.59,53.02,53.439999,30.568186,10679000
2016-03-22,53.419998,53.459999,53.099998,53.209999,30.436625,10852000
2016-03-23,53.130001,53.23,52.82,52.91,30.265013,9716100
2016-03-24,52.740002,53.619999,52.66,53.560001,30.636833,15096400
2016-03-28,53.560001,53.73,53.200001,53.400002,30.545303,8527100
2016-03-29,53.509998,54.080002,53.299999,54.049999,30.917122,10770500
2016-03-30,54.169998,54.369999,53.700001,54.040001,30.911398,14528300
2016-03-31,54.009998,54.259998,53.919998,54.080002,30.934263,12428600
2016-04-01,53.32,54.09,53.099998,54.009998,30.894232,13807100
2016-04-04,54.029999,54.419998,53.799999,54.419998,31.128748,11402700
2016-04-05,54.380001,54.490002,53.950001,54.09,30.940001,12979100
2016-04-06,53.619999,53.619999,53.130001,53.52,30.937101,12993600
2016-04-07,52.52,52.700001,51.77,52.0,30.058474,23076300
2016-04-08,52.200001,52.580002,52.049999,52.18,30.162519,12197900
2016-04-11,52.360001,52.400002,51.5,51.610001,29.833033,14975900
2016-04-12,51.66,52.189999,51.610001,51.950001,30.029573,12335000
2016-04-13,52.07,52.09,50.84,51.290001,29.648048,19752900
2016-04-14,51.279999,51.549999,51.240002,51.360001,29.688522,10083300
2016-04-15,51.279999,51.490002,51.099998,51.349998,29.682732,11862000
2016-04-18,51.349998,51.900002,51.18,51.73,29.902405,14322900
2016-04-19,51.799999,52.169998,51.790001,52.080002,30.104719,11393400
2016-04-20,52.150002,52.220001,51.66,51.75,29.913956,15412500
2016-04-21,50.560001,50.68,49.470001,50.029999,28.919714,32172200
2016-04-22,50.150002,50.630001,50.049999,50.549999,29.220299,17823300
2016-04-25,50.529999,50.950001,50.279999,50.759998,29.341694,12439500
2016-04-26,50.98,51.0,50.279999,50.439999,29.156715,10064300
2016-04-27,50.459999,51.810001,50.459999,51.689999,29.879276,17012400
2016-04-28,51.299999,51.560001,50.919998,51.02,29.491978,13055600
2016-04-29,50.950001,51.049999,50.639999,50.939999,29.445753,13684800
2016-05-02,51.220001,51.450001,51.040001,51.32,29.665403,11103800
2016-05-03,51.110001,51.32,50.360001,50.68,29.295444,12900700
2016-05-04,50.48,50.990002,50.200001,50.84,29.387932,9033800
2016-05-05,50.990002,51.040001,50.630001,50.84,29.387932,10788800
2016-05-06,50.91,51.139999,50.610001,51.119999,29.549784,9782300
2016-05-09,51.220001,51.43,51.009998,51.080002,29.526667,8719800
2016-05-10,51.380001,51.549999,51.27,51.540001,29.792572,7903500
2016-05-11,51.48,51.700001,51.080002,51.150002,29.567142,8508900
2016-05-12,51.220001,51.599998,51.09,51.470001,29.752108,9917100
2016-05-13,51.41,51.490002,50.849998,50.939999,29.445753,9561300
2016-05-16,50.77,51.330002,50.639999,51.23,29.613377,7903400
2016-05-17,51.200001,51.349998,50.669998,50.900002,29.422626,10466800
2016-05-18,50.919998,51.029999,50.060001,50.389999,29.127813,10443100
2016-05-19,50.0,50.02,49.119999,49.630001,28.688501,16022400
2016-05-20,49.799999,49.799999,49.470001,49.66,28.705843,15345800
2016-05-23,49.66,49.779999,49.049999,49.139999,28.40526,13263100
2016-05-24,49.360001,49.619999,49.200001,49.580002,28.659588,11827300
2016-05-25,49.630001,50.009998,49.400002,49.849998,28.815664,9490400
2016-05-26,49.849998,50.279999,49.790001,50.16,28.994854,11044000
2016-05-27,50.389999,50.860001,50.18,50.619999,29.260765,10649500
2016-05-31,50.880001,51.16,50.59,50.900002,29.422626,15834500
2016-06-01,50.869999,50.98,50.220001,50.43,29.150932,10670800
2016-06-02,50.470001,50.77,50.119999,50.77,29.347471,8721100
2016-06-03,50.77,51.0,50.610001,50.919998,29.434183,9500700
2016-06-06,51.060001,51.09,50.650002,50.709999,29.312794,10075600
2016-06-07,50.599998,51.990002,50.599998,51.75,29.913956,15210900
2016-06-08,51.509998,51.700001,51.240002,51.52,29.781012,10546200
2016-06-09,51.639999,52.0,51.369999,51.950001,30.029573,9790700
2016-06-10,51.860001,52.830002,51.720001,52.669998,30.44577,15629000
2016-06-13,52.5,52.830002,52.23,52.57,30.387949,12394200
2016-06-14,52.369999,53.099998,52.32,52.990002,30.630735,10735900
2016-06-15,52.970001,53.209999,52.759998,52.84,30.544037,10289000
2016-06-16,52.84,53.48,52.57,53.459999,30.902418,11914500
2016-06-17,53.43,53.779999,53.009998,53.779999,31.087399,18836300
2016-06-20,54.0,54.189999,53.43,53.759998,31.07583,14344300
2016-06-21,53.889999,54.490002,53.439999,54.099998,31.272354,11893000
2016-06-22,54.23,54.400002,53.990002,54.029999,31.231907,12959200
2016-06-23,54.400002,54.68,54.200001,54.669998,31.601862,12329900
2016-06-24,54.470001,55.220001,54.130001,54.43,31.463121,43842700
2016-06-27,54.060001,54.869999,53.880001,54.740002,31.642313,22570200
2016-06-28,54.759998,54.990002,54.34,54.82,31.68856,17780600
2016-06-29,54.82,55.299999,54.82,55.060001,31.827301,18184100
2016-06-30,55.27,55.919998,54.790001,55.84,32.278168,22143300
2016-07-01,55.849998,56.290001,55.59,56.23,32.503609,16092300
2016-07-05,56.32,56.950001,56.32,56.529999,32.677017,20703200
2016-07-06,56.209999,56.330002,55.450001,56.259998,32.849266,15761500
2016-07-07,56.099998,56.139999,55.099998,55.380001,32.335464,13574100
2016-07-08,55.389999,56.029999,55.009998,55.900002,32.639065,15946200
2016-07-11,55.75,56.0,55.41,55.93,32.656601,12434700
2016-07-12,55.75,55.959999,55.369999,55.470001,32.387997,14897600
2016-07-13,55.580002,56.040001,55.369999,56.0,32.697472,11405600
2016-07-14,55.619999,56.099998,55.619999,55.84,32.604038,11098500
2016-07-15,56.049999,56.080002,55.599998,55.84,32.604038,13949700
2016-07-18,55.869999,56.0,55.759998,55.93,32.656601,9623300
2016-07-19,55.959999,56.0,55.549999,55.700001,32.522285,10270100
2016-07-20,55.580002,55.669998,55.310001,55.619999,32.47559,12008700
2016-07-21,55.529999,55.669998,55.240002,55.369999,32.329605,9802100
2016-07-22,55.439999,56.200001,55.389999,56.099998,32.755844,10973200
2016-07-25,56.099998,56.099998,55.639999,55.869999,32.621559,10848700
2016-07-26,55.849998,56.25,54.689999,54.810001,32.002647,18753900
2016-07-27,54.950001,55.439999,54.439999,55.32,32.300419,17074600
2016-07-28,55.200001,55.209999,54.639999,54.860001,32.031834,10672300
2016-07-29,54.990002,55.720001,54.970001,55.41,32.352978,15508900
2016-08-01,55.580002,55.82,54.369999,54.5,31.821638,17434600
2016-08-02,54.450001,54.59,53.720001,54.0,31.529688,18428200
2016-08-03,54.16,54.200001,53.630001,53.900002,31.471308,10429400
2016-08-04,54.0,54.139999,53.830002,53.93,31.488817,11309800
2016-08-05,53.939999,53.990002,53.330002,53.639999,31.319492,13460100
2016-08-08,53.639999,53.740002,53.400002,53.59,31.290295,9830400
2016-08-09,53.599998,53.779999,53.330002,53.66,31.331177,7906200
2016-08-10,53.82,53.98,53.59,53.810001,31.41876,8875700
2016-08-11,53.810001,53.990002,53.740002,53.860001,31.447954,7824800
2016-08-12,53.959999,53.98,53.52,53.650002,31.325338,7655000
2016-08-15,53.66,53.849998,53.529999,53.610001,31.301979,8250900
2016-08-16,53.5,53.509998,52.73,52.759998,30.805679,13933100
2016-08-17,52.900002,53.169998,52.380001,53.169998,31.045067,12930100
2016-08-18,52.950001,53.060001,52.52,52.869999,30.869907,11204900
2016-08-19,52.889999,52.91,52.16,52.450001,30.62467,11991000
2016-08-22,52.580002,52.689999,52.169998,52.549999,30.683067,8183900
2016-08-23,52.66,52.82,52.459999,52.630001,30.729776,7775100
2016-08-24,52.549999,52.720001,52.169998,52.529999,30.671392,8900700
2016-08-25,52.529999,52.790001,52.330002,52.75,30.799845,8680100
2016-08-26,52.639999,53.009998,51.900002,52.07,30.402798,15105300
2016-08-29,52.360001,52.689999,52.16,52.5,30.653875,11960400
2016-08-30,52.580002,52.59,52.029999,52.27,30.519575,9161900
2016-08-31,52.220001,52.459999,52.080002,52.330002,30.554611,10390500
2016-09-01,52.139999,52.709999,52.040001,52.560001,30.688904,9988800
2016-09-02,52.799999,53.139999,52.52,52.880001,30.875757,13275300
2016-09-06,53.09,53.84,52.830002,53.509998,31.243589,17235600
2016-09-07,53.5,53.790001,53.279999,53.709999,31.360382,10612300
2016-09-08,53.599998,53.880001,53.43,53.599998,31.296148,9005300
2016-09-09,53.130001,53.240002,51.77,51.82,30.256828,18258500
2016-09-12,51.75,52.84,51.709999,52.57,30.694736,15678600
2016-09-13,52.049999,52.119999,51.150002,51.450001,30.040792,17602400
2016-09-14,51.59,51.860001,51.299999,51.490002,30.064154,11941800
2016-09-15,51.490002,52.099998,51.119999,51.98,30.350243,13007400
2016-09-16,51.889999,51.970001,51.619999,51.880001,30.291859,19932300
2016-09-19,51.889999,51.959999,51.02,51.200001,29.894825,14578500
2016-09-20,51.599998,51.799999,51.130001,51.27,29.93569,14006300
2016-09-21,51.369999,52.009998,51.25,51.869999,30.286028,14434700
2016-09-22,52.150002,52.490002,52.0,52.349998,30.566282,12751900
2016-09-23,52.299999,52.82,52.150002,52.560001,30.688904,13014800
2016-09-26,52.450001,52.560001,52.02,52.150002,30.449509,10559000
2016-09-27,52.310001,52.66,52.0,52.490002,30.648035,8259000
2016-09-28,52.310001,52.439999,51.810001,52.060001,30.396965,13279100
2016-09-29,51.84,52.41,51.77,52.119999,30.431993,10804700
2016-09-30,52.43,52.57,51.959999,51.98,30.350243,13077600
2016-10-03,51.84,52.139999,51.599998,51.880001,30.291859,9120300
2016-10-04,51.77,51.939999,51.0,51.259998,29.929867,13753300
2016-10-05,50.689999,50.82,50.029999,50.27,29.686556,17190900
2016-10-06,50.32,50.52,49.970001,50.259998,29.680637,11724000
2016-10-07,50.459999,50.540001,49.919998,49.919998,29.479862,13816800
2016-10-10,50.23,50.299999,49.630001,50.189999,29.639311,10687700
2016-10-11,50.099998,50.209999,49.650002,49.900002,29.468056,11737900
2016-10-12,49.959999,50.48,49.939999,50.299999,29.704271,8880100
2016-10-13,50.23,50.41,49.82,50.290001,29.698359,11156900
2016-10-14,50.34,50.610001,50.27,50.279999,29.692444,8853200
2016-10-17,50.209999,50.59,50.049999,50.43,29.781038,10724600
2016-10-18,50.610001,50.610001,50.049999,50.27,29.686556,10873900
2016-10-19,50.450001,50.630001,50.349998,50.380001,29.751511,10364900
2016-10-20,49.540001,49.57,48.900002,49.139999,29.019241,27098200
2016-10-21,48.790001,48.919998,47.950001,48.200001,28.464136,24785000
2016-10-24,48.709999,48.93,48.130001,48.209999,28.470036,19414700
2016-10-25,48.209999,48.290001,47.790001,47.84,28.25153,16441200
2016-10-26,47.740002,48.049999,47.580002,47.630001,28.127512,15049200
2016-10-27,47.740002,48.709999,47.630001,48.540001,28.664909,22330700
2016-10-28,48.560001,48.77,48.099998,48.209999,28.470036,10660100
2016-10-31,48.240002,48.299999,48.049999,48.099998,28.405073,12459400
2016-11-01,48.32,48.380001,47.529999,47.66,28.145243,13229400
2016-11-02,47.75,47.75,46.860001,46.939999,27.720049,16488200
2016-11-03,46.98,47.27,46.790001,46.869999,27.678713,12605100
2016-11-04,46.970001,47.279999,46.889999,47.080002,27.802731,14410200
2016-11-07,47.389999,47.470001,46.939999,47.459999,28.027132,14705200
2016-11-08,47.560001,47.849998,47.470001,47.650002,28.13933,9482400
2016-11-09,47.009998,48.080002,46.470001,47.860001,28.263346,20871900
2016-11-10,47.860001,47.880001,46.360001,46.689999,27.572409,24311700
2016-11-11,46.700001,46.900002,46.509998,46.689999,27.572409,16425500
2016-11-14,46.709999,46.849998,46.009998,46.18,27.271235,21820200
2016-11-15,46.509998,47.369999,46.380001,47.369999,27.973976,18672200
2016-11-16,47.490002,47.98,47.32,47.93,28.304678,17328400
2016-11-17,47.950001,48.169998,47.810001,47.84,28.25153,12436300
2016-11-18,47.849998,48.200001,47.57,48.07,28.387362,12820600
2016-11-21,48.060001,48.360001,47.919998,48.310001,28.529097,10773300
2016-11-22,48.48,49.610001,48.369999,49.490002,29.225933,22030000
2016-11-23,49.299999,50.650002,49.290001,50.23,29.662939,21456700
2016-11-25,50.220001,50.799999,50.169998,50.669998,29.922764,8087100
2016-11-28,50.470001,51.200001,50.450001,51.119999,30.188507,15982400
2016-11-29,51.029999,51.150002,50.77,50.959999,30.094027,11532800
2016-11-30,50.549999,50.73,49.900002,49.900002,29.468056,20698900
2016-12-01,49.799999,49.990002,49.310001,49.869999,29.450346,12982800
2016-12-02,50.0,50.32,49.599998,49.810001,29.4149,10650700
2016-12-05,49.740002,50.080002,49.740002,49.75,29.379465,13074700
2016-12-06,50.150002,50.619999,49.759998,50.360001,29.7397,13581500
2016-12-07,50.720001,51.43,50.439999,51.380001,30.342047,16280600
2016-12-08,51.23,51.279999,50.98,51.130001,30.194414,11502900
2016-12-09,51.09,51.630001,50.919998,51.490002,30.407015,10101500
2016-12-12,51.540001,52.43,51.48,51.759998,30.566456,16186400
2016-12-13,52.080002,52.369999,52.060001,52.360001,30.920788,12211500
2016-12-14,52.459999,52.66,51.41,51.630001,30.489689,19920400
2016-12-15,51.369999,52.130001,51.25,51.810001,30.595982,13963600
2016-12-16,52.060001,52.279999,51.860001,52.27,30.86764,21262500
2016-12-19,52.48,53.130001,52.09,52.91,31.245575,13407000
2016-12-20,52.93,53.459999,52.93,53.119999,31.369596,10366900
2016-12-21,53.09,53.43,52.970001,52.970001,31.28101,9656700
2016-12-22,52.849998,53.740002,52.720001,53.650002,31.682577,11101500
2016-12-23,53.650002,53.75,53.439999,53.68,31.700302,7201200
2016-12-27,53.689999,53.830002,53.439999,53.639999,31.676682,6255400
2016-12-28,53.630001,53.830002,53.369999,53.439999,31.558567,6849500
2016-12-29,53.59,53.900002,53.509998,53.740002,31.735739,7150800
2016-12-30,53.549999,53.639999,53.169998,53.380001,31.523138,12440800
2017-01-03,53.959999,54.669998,53.73,54.580002,32.231792,22891700
2017-01-04,54.549999,54.810001,54.330002,54.52,32.196358,18316100
2017-01-05,54.779999,54.830002,54.299999,54.639999,32.267223,13840600
2017-01-06,53.669998,53.779999,53.099998,53.259998,31.78854,15615000
2017-01-09,53.220001,53.27,52.669998,52.68,31.442366,14097200
2017-01-10,52.689999,53.16,52.02,52.759998,31.49011,11787400
2017-01-11,52.619999,52.75,52.240002,52.459999,31.311054,16142800
2017-01-12,52.43,52.889999,52.27,52.68,31.442366,11052100
2017-01-13,52.720001,52.900002,52.41,52.549999,31.364773,9458700
2017-01-17,52.549999,52.889999,52.5,52.740002,31.478172,11383500
2017-01-18,52.52,52.84,52.209999,52.25,31.185724,12930900
2017-01-19,52.549999,52.639999,52.18,52.360001,31.251369,13286100
2017-01-20,52.599998,53.200001,52.560001,52.720001,31.466246,15473700
2017-01-23,52.459999,52.700001,52.18,52.41,31.281216,15695500
2017-01-24,50.259998,50.790001,49.790001,50.119999,29.914413,43484700
2017-01-25,49.5,49.939999,48.84,49.77,29.705515,30398600
2017-01-26,48.75,49.470001,48.509998,49.119999,29.317558,37877100
2017-01-27,49.349998,49.73,49.27,49.599998,29.604052,18369300
2017-01-30,49.490002,49.84,49.18,49.369999,29.466776,12148700
2017-01-31,49.209999,49.470001,48.93,49.009998,29.251911,16844200
2017-02-01,49.34,49.369999,48.25,48.389999,28.881853,26004100
2017-02-02,48.540001,48.59,47.900002,48.279999,28.816202,17787200
2017-02-03,48.450001,48.619999,48.330002,48.580002,28.99526,15166400
2017-02-06,48.669998,48.669998,47.939999,48.029999,28.666986,16151400
2017-02-07,48.130001,48.16,47.799999,48.040001,28.672958,12771900
2017-02-08,48.150002,48.57,48.099998,48.369999,28.869915,13962800
2017-02-09,48.369999,48.959999,48.369999,48.810001,29.132538,13577300
2017-02-10,48.939999,49.119999,48.689999,48.98,29.234005,12317400
2017-02-13,48.27,48.619999,48.080002,48.549999,28.977356,18305300
2017-02-14,48.310001,48.470001,47.990002,48.27,28.810236,20847200
2017-02-15,48.0,48.099998,47.799999,48.080002,28.696823,19297100
2017-02-16,48.029999,48.52,47.889999,48.459999,28.923635,18706900
2017-02-17,48.310001,49.299999,48.130001,49.189999,29.359346,23190700
2017-02-21,49.509998,49.689999,49.23,49.43,29.502586,19206000
2017-02-22,49.5,49.700001,49.48,49.669998,29.645826,13653400
2017-02-23,49.98,50.5,49.669998,50.310001,30.027815,16212000
2017-02-24,50.279999,50.950001,50.279999,50.599998,30.200907,14357900
2017-02-27,50.490002,50.549999,49.799999,49.939999,29.80698,14029500
2017-02-28,49.959999,50.029999,49.41,49.630001,29.621943,17699200
2017-03-01,49.560001,49.98,49.369999,49.810001,29.729391,16095600
2017-03-02,49.689999,50.02,49.599998,49.98,29.83086,10773400
2017-03-03,49.98,50.139999,49.799999,50.09,29.896503,11071600
2017-03-06,50.029999,50.150002,49.84,50.029999,29.860695,10827300
2017-03-07,50.0,50.060001,49.360001,49.439999,29.508543,12896900
2017-03-08,49.299999,49.330002,48.900002,49.16,29.341431,14206500
2017-03-09,49.23,49.450001,49.080002,49.279999,29.413057,10590000
2017-03-10,49.5,49.52,49.099998,49.349998,29.454826,11181600
2017-03-13,49.330002,49.529999,49.130001,49.470001,29.526447,10488800
2017-03-14,49.439999,49.630001,49.25,49.360001,29.460812,8496600
2017-03-15,49.259998,50.25,49.259998,50.139999,29.926353,12660800
2017-03-16,50.02,50.25,49.849998,50.040001,29.866663,10861200
2017-03-17,50.189999,50.43,50.02,50.389999,30.075571,21071300
2017-03-20,50.419998,50.610001,50.139999,50.240002,29.986042,9456000
2017-03-21,50.48,50.630001,50.119999,50.16,29.938282,15196500
2017-03-22,50.130001,50.279999,49.41,49.709999,29.669708,14950400
2017-03-23,49.75,49.880001,49.419998,49.639999,29.627922,9644900
2017-03-24,49.700001,49.830002,49.5,49.68,29.651798,9310700
2017-03-27,49.68,49.759998,48.919998,49.139999,29.329502,13270900
2017-03-28,49.009998,49.349998,48.669998,49.299999,29.42499,12856300
2017-03-29,49.279999,49.369999,49.029999,49.130001,29.323532,11160800
2017-03-30,49.0,49.240002,48.900002,49.060001,29.281748,11623000
2017-03-31,49.099998,49.099998,48.75,48.75,29.096724,19299100
2017-04-03,48.73,49.25,48.59,49.18,29.353361,14307400
2017-04-04,49.099998,49.32,48.880001,49.310001,29.430965,8952800
2017-04-05,49.43,49.549999,49.009998,49.02,29.257868,14327600
2017-04-06,48.52,48.599998,48.169998,48.43,29.250626,18456100
2017-04-07,48.48,48.919998,48.259998,48.66,29.38954,17269600
2017-04-10,48.720001,48.880001,48.450001,48.540001,29.317066,10859400
2017-04-11,48.509998,48.75,48.299999,48.700001,29.413702,13096200
2017-04-12,48.529999,48.939999,48.34,48.919998,29.546564,10455800
2017-04-13,48.799999,48.919998,48.57,48.619999,29.365377,9487000
2017-04-17,48.68,49.099998,48.68,48.810001,29.480141,10507100
2017-04-18,48.619999,49.490002,48.540001,49.220001,29.727768,19691300
2017-04-19,49.439999,49.549999,48.889999,48.939999,29.558655,18837300
2017-04-20,47.919998,48.619999,47.709999,48.41,29.238543,30398200
2017-04-21,47.919998,48.169998,47.130001,47.25,28.537931,31278300
2017-04-24,47.130001,47.360001,46.959999,47.049999,28.417137,23161900
2017-04-25,46.959999,47.27,46.580002,46.700001,28.205744,30033500
2017-04-26,46.75,47.529999,46.619999,47.360001,28.604362,29343800
2017-04-27,47.360001,47.389999,46.66,46.669998,28.18763,16838500
2017-04-28,46.639999,46.639999,45.889999,45.91,27.7286,25922800
2017-05-01,46.060001,46.150002,45.880001,45.880001,27.710478,14455200
2017-05-02,46.0,46.099998,45.759998,45.91,27.7286,13397800
2017-05-03,46.02,46.25,45.830002,46.150002,27.873552,19568100
2017-05-04,46.18,46.18,45.759998,45.880001,27.710478,20767700
2017-05-05,46.080002,46.73,46.0,46.689999,28.199699,17133000
2017-05-08,46.720001,46.740002,46.290001,46.630001,28.163475,15561700
2017-05-09,46.52,46.59,46.16,46.419998,28.036631,14349000
2017-05-10,46.400002,46.630001,46.310001,46.380001,28.012472,12669600
2017-05-11,46.310001,46.369999,45.98,46.02,27.795044,12435800
2017-05-12,46.119999,46.16,45.810001,45.84,27.686323,14470900
2017-05-15,45.91,45.939999,45.25,45.380001,27.408497,20379700
2017-05-16,45.34,45.650002,45.25,45.310001,27.366219,14813500
2017-05-17,45.310001,45.310001,44.459999,44.48,26.864923,21333500
2017-05-18,44.5,45.290001,44.470001,45.040001,27.20314,15648700
2017-05-19,45.16,45.439999,44.759998,45.419998,27.432652,12787800
2017-05-22,45.389999,45.560001,45.279999,45.48,27.468901,9290100
2017-05-23,45.48,45.580002,45.400002,45.48,27.468901,8066300
2017-05-24,45.450001,45.490002,44.849998,45.040001,27.20314,15846000
2017-05-25,45.049999,45.380001,45.009998,45.310001,27.366219,11206400
2017-05-26,45.25,45.439999,45.240002,45.32,27.372261,5999900
2017-05-30,45.259998,46.330002,45.259998,46.200001,27.903755,16442300
2017-05-31,46.43,46.950001,46.259998,46.639999,28.169506,22811100
2017-06-01,46.709999,46.709999,46.099998,46.509998,28.09099,14219400
2017-06-02,46.630001,47.189999,46.32,46.439999,28.04871,18552800
2017-06-05,46.169998,46.419998,46.02,46.369999,28.006437,8538200
2017-06-06,46.369999,46.810001,46.240002,46.439999,28.04871,11610500
2017-06-07,46.52,46.700001,46.360001,46.5,28.084949,8648100
2017-06-08,46.5,46.560001,46.0,46.189999,27.897711,11717800
2017-06-09,46.169998,46.779999,46.009998,46.720001,28.217827,11698800
2017-06-12,46.720001,47.5,46.720001,47.189999,28.501696,18929100
2017-06-13,47.299999,47.310001,46.400002,46.459999,28.060783,15194600
2017-06-14,46.630001,46.779999,46.41,46.689999,28.199699,9817600
2017-06-15,46.580002,46.830002,46.5,46.639999,28.169506,10984100
2017-06-16,46.860001,47.0,46.330002,46.630001,28.163475,22573900
2017-06-19,46.630001,46.630001,46.290001,46.57,28.12723,9773500
2017-06-20,46.400002,46.41,45.740002,45.939999,27.746719,16756100
2017-06-21,45.950001,46.02,45.09,45.41,27.426617,15027200
2017-06-22,45.470001,45.59,45.18,45.419998,27.432652,10511300
2017-06-23,45.43,45.459999,45.299999,45.389999,27.414534,10069700
2017-06-26,45.450001,45.98,45.450001,45.75,27.631964,10105500
2017-06-27,44.970001,45.150002,44.810001,44.84,27.08234,20187200
2017-06-28,44.98,45.23,44.68,44.84,27.08234,18703600
2017-06-29,44.799999,44.900002,44.389999,44.41,26.822634,17913000
2017-06-30,44.619999,44.75,44.360001,44.66,26.973621,13368900
2017-07-03,44.610001,45.080002,44.509998,45.0,27.178986,9732000
2017-07-05,45.049999,45.060001,44.439999,44.650002,26.96759,14853400
2017-07-06,43.970001,44.09,43.52,43.52,26.62982,16854300
2017-07-07,43.529999,43.599998,43.209999,43.48,26.605347,12198500
2017-07-10,43.48,43.509998,43.18,43.200001,26.434019,12272500
2017-07-11,43.209999,43.220001,42.799999,42.889999,26.244324,13249500
2017-07-12,43.040001,43.380001,43.0,43.220001,26.446251,11388900
2017-07-13,43.150002,43.540001,43.040001,43.490002,26.611464,12140500
2017-07-14,43.630001,43.82,43.41,43.560001,26.654295,11986800
2017-07-17,43.630001,43.860001,43.560001,43.66,26.715498,10804200
2017-07-18,43.66,43.790001,43.259998,43.360001,26.531929,15417100
2017-07-19,43.349998,43.540001,43.200001,43.450001,26.586983,13940800
2017-07-20,43.5,44.580002,43.48,44.220001,27.058155,19309100
2017-07-21,44.23,44.310001,43.82,44.23,27.064272,11426600
2017-07-24,44.150002,44.209999,43.68,43.709999,26.74608,11895200
2017-07-25,43.900002,44.169998,43.810001,43.98,26.911297,9818800
2017-07-26,44.799999,44.830002,44.279999,44.400002,27.168295,19045200
2017-07-27,46.259998,47.84,45.950001,47.810001,29.254869,44702500
2017-07-28,47.700001,48.380001,47.119999,47.939999,29.334414,25296500
2017-07-31,47.849998,48.57,47.48,48.400002,29.615885,28456800
2017-08-01,48.68,49.630001,48.529999,48.889999,29.915709,33498200
2017-08-02,48.900002,48.93,47.900002,48.209999,29.499632,19233400
2017-08-03,48.09,48.610001,47.939999,48.610001,29.744377,15190100
2017-08-04,48.549999,48.91,48.139999,48.91,29.927958,13841700
2017-08-07,48.790001,48.959999,48.68,48.860001,29.89736,10448700
2017-08-08,48.75,48.950001,48.43,48.599998,29.738268,10901200
2017-08-09,48.52,48.639999,48.080002,48.220001,29.505754,18887100
2017-08-10,48.18,48.209999,47.860001,48.02,29.383358,13005200
2017-08-11,48.200001,48.23,47.700001,48.060001,29.407841,10420500
2017-08-14,48.169998,48.799999,48.150002,48.779999,29.848413,11064600
2017-08-15,48.560001,48.59,48.189999,48.48,29.664839,11164800
2017-08-16,48.369999,48.529999,48.220001,48.41,29.622004,9447000
2017-08-17,48.369999,48.450001,47.889999,47.889999,29.30382,10638000
2017-08-18,47.849998,47.950001,47.509998,47.689999,29.18144,16919100
2017-08-21,47.830002,48.5,47.689999,48.139999,29.456789,10556800
2017-08-22,48.130001,48.439999,47.779999,48.349998,29.585291,11005500
2017-08-23,48.259998,48.669998,48.189999,48.279999,29.542461,8909200
2017-08-24,48.349998,48.560001,48.18,48.310001,29.560812,8898200
2017-08-25,48.48,48.98,48.43,48.68,29.787214,9846700
2017-08-28,48.650002,48.75,48.310001,48.610001,29.744377,6329400
2017-08-29,48.360001,48.759998,48.330002,48.509998,29.683193,6044100
2017-08-30,48.330002,48.369999,48.0,48.119999,29.444559,10758400
2017-08-31,48.259998,48.400002,47.93,47.970001,29.352766,14237700
2017-09-01,48.02,48.07,47.77,47.919998,29.322176,11455200
2017-09-05,47.779999,47.919998,47.299999,47.360001,28.979509,10005100
2017-09-06,47.470001,47.560001,46.619999,46.91,28.704163,14081900
2017-09-07,47.0,47.209999,46.07,46.200001,28.269711,16591100
2017-09-08,46.18,46.389999,45.709999,46.110001,28.214643,14152000
2017-09-11,46.23,46.34,46.119999,46.299999,28.330891,11073700
2017-09-12,46.5,46.950001,46.380001,46.790001,28.630733,11173200
2017-09-13,46.779999,47.259998,46.68,47.25,28.912203,12772700
2017-09-14,47.240002,47.59,47.009998,47.18,28.869373,11808500
2017-09-15,47.419998,47.900002,47.060001,47.860001,29.285456,24626500
2017-09-18,47.91,48.25,47.509998,48.09,29.426191,18810200
2017-09-19,48.09,49.549999,48.009998,49.34,30.191074,30818000
2017-09-20,49.299999,49.639999,49.080002,49.48,30.276737,18755900
2017-09-21,49.369999,49.439999,48.84,48.939999,29.946316,14315800
2017-09-22,49.189999,50.080002,49.02,49.900002,30.533745,20646400
2017-09-25,49.869999,50.32,49.75,49.900002,30.533745,13698600
2017-09-26,49.959999,50.080002,49.400002,49.509998,30.295086,12007500
2017-09-27,49.189999,49.73,49.119999,49.509998,30.295086,14270800
2017-09-28,49.240002,49.57,49.139999,49.41,30.2339,8231800
2017-09-29,49.299999,49.830002,49.009998,49.490002,30.282862,13021700
2017-10-02,49.389999,49.700001,49.25,49.360001,30.203316,9525800
2017-10-03,49.450001,50.02,49.43,49.849998,30.503141,10218600
2017-10-04,49.639999,50.080002,49.380001,49.900002,30.533745,9887500
2017-10-05,49.959999,50.029999,49.68,49.77,30.454187,12230600
2017-10-06,49.040001,49.200001,48.66,48.810001,30.225071,13239600
2017-10-09,48.889999,49.09,48.650002,49.049999,30.37368,10702900
2017-10-10,49.279999,49.490002,49.060001,49.139999,30.429422,10843900
2017-10-11,49.139999,49.32,48.509998,48.860001,30.256033,10335100
2017-10-12,48.439999,48.849998,48.130001,48.349998,29.94022,17087900
2017-10-13,48.34,48.48,47.830002,47.860001,29.636787,20105100
2017-10-16,47.900002,48.349998,47.700001,48.09,29.779215,10394700
2017-10-17,48.09,48.490002,47.869999,48.400002,29.971182,14842800
2017-10-18,48.330002,48.849998,47.759998,48.650002,30.125992,20410400
2017-10-19,50.049999,51.18,49.049999,49.209999,30.472767,29173900
2017-10-20,49.450001,49.59,48.93,49.529999,30.670914,16259600
2017-10-23,49.470001,49.689999,48.91,48.990002,30.336531,15660000
2017-10-24,49.16,49.279999,48.720001,48.939999,30.305569,11527900
2017-10-25,48.68,48.790001,48.150002,48.639999,30.119808,19256800
2017-10-26,48.860001,49.43,48.75,48.889999,30.274607,14420100
2017-10-27,48.720001,49.389999,48.529999,48.869999,30.262218,12423400
2017-10-30,48.880001,49.119999,47.419998,47.830002,29.618223,24587400
2017-10-31,47.939999,48.18,47.709999,47.869999,29.64299,15910000
2017-11-01,48.150002,48.169998,47.560001,47.830002,29.618223,11046600
2017-11-02,47.880001,47.939999,47.18,47.459999,29.389103,13126900
2017-11-03,47.66,47.740002,47.240002,47.419998,29.364326,8038200
2017-11-06,46.310001,46.349998,44.84,45.529999,28.19397,36443300
2017-11-07,45.209999,45.59,44.68,45.57,28.218725,25789600
2017-11-08,45.41,45.52,45.139999,45.459999,28.150616,17414800
2017-11-09,45.290001,45.43,44.810001,45.07,27.909115,21078700
2017-11-10,45.110001,45.110001,44.75,44.880001,27.79146,17075000
2017-11-13,44.919998,45.080002,44.700001,44.75,27.710955,16673900
2017-11-14,44.689999,44.849998,44.150002,44.220001,27.382759,20829900
2017-11-15,44.330002,44.380001,43.970001,44.110001,27.31465,15726500
2017-11-16,44.209999,44.880001,44.110001,44.77,27.723341,13818000
2017-11-17,44.630001,45.77,44.619999,45.419998,28.125851,18933200
2017-11-20,45.799999,46.349998,45.5,46.200001,28.608852,18227400
2017-11-21,46.34,46.450001,46.009998,46.18,28.596466,13598000
2017-11-22,46.25,47.419998,46.240002,47.099998,29.166166,15825100
2017-11-24,47.060001,47.18,46.849998,47.009998,29.110439,5097200
2017-11-27,47.369999,47.900002,47.349998,47.66,29.512947,17548300
2017-11-28,47.700001,48.84,47.529999,48.82,30.231268,20982500
2017-11-29,48.84,50.490002,48.84,49.900002,30.900049,31034500
2017-11-30,50.0,51.09,49.990002,50.889999,31.513081,33268500
2017-12-01,50.900002,51.549999,50.330002,51.25,31.736019,23909000
2017-12-04,51.52,52.330002,51.5,51.720001,32.027054,19371000
2017-12-05,51.25,51.889999,50.779999,50.919998,31.531666,17574100
2017-12-06,50.400002,50.84,50.240002,50.68,31.383053,17296600
2017-12-07,50.59,50.740002,50.200001,50.419998,31.222055,11986700
2017-12-08,50.540001,51.18,50.360001,51.09,31.636936,13639900
2017-12-11,51.290001,51.93,50.970001,51.84,32.101368,13542500
2017-12-12,53.150002,53.34,52.330002,53.189999,32.93734,22901200
2017-12-13,52.990002,53.189999,52.279999,52.889999,32.751564,17705500
2017-12-14,52.599998,52.740002,52.09,52.34,32.410988,18775400
2017-12-15,52.57,52.889999,52.389999,52.669998,32.615326,28935600
2017-12-18,52.939999,53.389999,52.66,53.25,32.974491,15874300
2017-12-19,53.27,53.59,52.700001,52.830002,32.714417,14239500
2017-12-20,53.110001,53.349998,52.68,52.77,32.677254,11643500
2017-12-21,52.810001,53.599998,52.610001,53.009998,32.825878,12778100
2017-12-22,53.110001,53.630001,53.060001,53.189999,32.93734,13657800
2017-12-26,53.130001,53.689999,53.130001,53.220001,32.95591,6595800
2017-12-27,53.41,53.5,53.09,53.279999,32.993069,8361900
2017-12-28,53.41,53.549999,53.16,53.43,33.085964,6726300
2017-12-29,53.369999,53.459999,52.93,52.93,32.776337,9994700
2018-01-02,53.16,53.57,52.799999,53.529999,33.147877,16045300
2018-01-03,53.299999,53.34,52.18,52.43,32.466709,16662400
2018-01-04,52.369999,52.889999,51.830002,52.599998,32.571991,12062800
2018-01-05,52.799999,52.880001,52.349998,52.48,32.497677,13348900
2018-01-08,52.560001,52.75,52.040001,52.389999,32.44194,16212700
2018-01-09,52.119999,52.439999,51.549999,51.610001,32.322948,14677800
2018-01-10,51.389999,51.73,51.150002,51.689999,32.373058,12593400
2018-01-11,51.889999,52.18,51.639999,52.110001,32.636093,15568200
2018-01-12,51.939999,52.240002,51.779999,51.860001,32.479519,17673700
2018-01-16,51.68,52.02,51.419998,51.66,32.354263,14739200
2018-01-17,51.810001,51.900002,51.209999,51.720001,32.39185,11591500
2018-01-18,51.900002,53.299999,51.389999,51.549999,32.285374,29442600
2018-01-19,51.740002,51.919998,51.16,51.91,32.510845,23761300
2018-01-22,52.049999,53.490002,52.009998,53.459999,33.481594,27691300
2018-01-23,54.599998,54.599998,52.810001,53.23,33.337547,33000500
2018-01-24,53.82,54.439999,53.5,54.220001,33.957573,21080400
2018-01-25,54.279999,54.77,54.009998,54.290001,34.001419,18638700
2018-01-26,54.490002,54.75,54.34,54.720001,34.270718,13077600
2018-01-29,53.580002,54.580002,53.400002,54.130001,33.901211,17052600
2018-01-30,54.299999,54.5,53.790001,53.900002,33.75716,15401500
2018-01-31,53.990002,54.419998,53.529999,54.07,33.863632,17827000
2018-02-01,54.490002,54.75,54.009998,54.299999,34.007675,18646100
2018-02-02,54.27,54.27,52.900002,52.98,33.180965,15574000
2018-02-05,52.52,53.189999,50.5,50.5,31.627764,22239600
2018-02-06,49.439999,51.0,49.07,50.830002,31.834435,34543900
2018-02-07,50.630001,51.93,50.5,51.009998,31.94718,16066600
2018-02-08,50.889999,51.080002,49.0,49.040001,30.713381,23308900
2018-02-09,49.599998,50.299999,48.369999,49.880001,31.239466,27707900
2018-02-12,50.220001,50.66,49.580002,50.110001,31.383512,16903000
2018-02-13,49.91,50.259998,49.169998,50.080002,31.364733,11871700
2018-02-14,49.759998,50.099998,49.32,49.509998,31.007734,17559200
2018-02-15,49.549999,49.779999,48.950001,49.740002,31.151785,18902700
2018-02-16,49.689999,50.459999,49.689999,50.150002,31.408566,12264000
2018-02-20,49.84,49.889999,48.759998,48.919998,30.638231,21330400
2018-02-21,48.799999,48.860001,47.939999,47.959999,30.036978,20889900
2018-02-22,48.25,48.700001,47.779999,47.869999,29.980619,21198300
2018-02-23,48.09,48.299999,47.540001,48.290001,30.243652,26371400
2018-02-26,48.720001,49.150002,48.450001,49.09,30.744686,20853900
2018-02-27,49.02,49.169998,48.040001,48.040001,30.087086,23234700
2018-02-28,48.759998,48.959999,47.720001,47.740002,29.899197,22159100
2018-03-01,47.689999,48.599998,47.509998,47.959999,30.036978,28950200
2018-03-02,47.830002,48.330002,47.759998,48.259998,30.224869,17449900
2018-03-05,48.150002,48.939999,48.02,48.709999,30.506708,15348400
2018-03-06,48.75,48.889999,48.299999,48.889999,30.619434,13526900
2018-03-07,48.540001,49.209999,48.459999,48.84,30.588123,16738200
2018-03-08,48.889999,49.029999,48.32,49.009998,30.694595,17038500
2018-03-09,49.200001,49.23,48.349998,49.009998,30.694595,14927100
2018-03-12,49.029999,49.259998,48.669998,48.799999,30.563065,12526300
2018-03-13,49.0,49.259998,48.5,48.650002,30.469122,12840200
2018-03-14,48.93,49.099998,48.360001,48.450001,30.343861,11930400
2018-03-15,48.529999,48.77,48.139999,48.290001,30.243652,9537400
2018-03-16,48.41,48.779999,48.220001,48.560001,30.412762,26838100
2018-03-19,48.529999,48.610001,48.119999,48.310001,30.256184,12980800
2018-03-20,48.400002,48.59,47.580002,47.689999,29.867889,10765500
2018-03-21,47.689999,47.959999,47.27,47.279999,29.611109,11062500
2018-03-22,47.099998,47.52,46.77,46.880001,29.36059,14270800
2018-03-23,47.060001,47.459999,46.200001,46.290001,28.991079,15955100
2018-03-26,46.779999,47.169998,46.59,47.07,29.479584,15435500
2018-03-27,47.099998,47.900002,46.84,47.310001,29.629894,14544700
2018-03-28,47.889999,48.560001,47.830002,48.0,30.062035,17728000
2018-03-29,48.200001,48.73,47.57,47.82,29.949305,17305500
2018-04-02,47.619999,47.939999,46.720001,47.16,29.535946,16511200
2018-04-03,47.220001,47.529999,46.709999,47.5,29.748871,14841300
2018-04-04,47.16,47.990002,46.900002,47.93,30.018192,12376400
2018-04-05,47.98,48.349998,47.68,48.240002,30.212351,13201300
2018-04-06,48.099998,48.279999,47.27,47.48,29.736362,16071600
2018-04-09,47.029999,47.5,46.799999,46.919998,29.755392,13475300
2018-04-10,47.200001,48.970001,46.990002,48.27,30.611523,24309300
2018-04-11,47.93,47.990002,47.48,47.580002,30.17395,11695600
2018-04-12,47.869999,48.139999,47.439999,47.740002,30.275412,8837900
2018-04-13,47.91,47.98,47.509998,47.66,30.224684,7302000
2018-04-16,47.950001,48.459999,47.860001,48.389999,30.687616,8885500
2018-04-17,48.59,49.040001,48.310001,48.849998,30.979334,11575500
2018-04-18,49.0,49.060001,48.57,48.619999,30.833479,8347700
2018-04-19,48.599998,48.959999,48.380001,48.43,30.712986,11174200
2018-04-20,48.310001,48.619999,47.209999,47.900002,30.376879,18224700
2018-04-23,48.200001,48.720001,47.970001,48.66,30.858847,14211600
2018-04-24,49.919998,50.389999,49.139999,49.669998,31.499369,20920400
2018-04-25,50.060001,50.16,49.240002,50.099998,31.772051,19893200
2018-04-26,49.599998,50.040001,49.439999,49.759998,31.556442,14121900
2018-04-27,50.25,51.689999,50.16,51.57,32.704292,25986200
2018-04-30,51.400002,51.650002,49.34,49.349998,31.296425,28938900
2018-05-01,49.490002,49.650002,48.240002,48.82,30.960323,16101400
2018-05-02,48.790001,48.860001,47.490002,47.75,30.28175,18515900
2018-05-03,47.720001,47.860001,47.360001,47.84,30.338823,16114100
2018-05-04,47.5,48.32,47.490002,48.189999,30.560789,10669300
2018-05-07,48.18,48.32,47.57,47.73,30.269068,12892100
2018-05-08,47.540001,47.599998,46.73,47.02,29.818811,16716900
2018-05-09,47.0,47.18,46.09,46.380001,29.412935,23083300
2018-05-10,46.68,47.290001,46.52,47.200001,29.932953,15727500
2018-05-11,48.07,49.07,47.919998,48.619999,30.833479,22872800
2018-05-14,48.669998,48.900002,48.279999,48.490002,30.75104,10362600
2018-05-15,48.150002,48.290001,47.619999,47.790001,30.307123,12655400
2018-05-16,47.790001,48.09,47.66,47.860001,30.351503,9798800
2018-05-17,47.860001,48.040001,47.66,47.849998,30.345175,8907500
2018-05-18,47.84,47.889999,47.32,47.740002,30.275412,11384400
2018-05-21,47.790001,48.5,47.740002,48.43,30.712986,8588800
2018-05-22,48.330002,49.310001,48.259998,48.810001,30.953976,18539800
2018-05-23,48.740002,48.98,48.330002,48.59,30.814459,14027800
2018-05-24,48.889999,49.0,48.470001,48.639999,30.846172,13580400
2018-05-25,48.59,48.650002,48.240002,48.52,30.770063,7948000
2018-05-29,48.299999,48.459999,47.860001,48.200001,30.567122,13035300
2018-05-30,48.490002,48.720001,48.240002,48.599998,30.820797,10459100
2018-05-31,48.52,48.529999,47.52,47.669998,30.231026,27288300
2018-06-01,47.889999,48.0,47.610001,47.810001,30.319809,9967100
2018-06-04,48.049999,48.16,47.73,47.82,30.326147,9012600
2018-06-05,47.779999,48.189999,47.77,47.970001,30.421257,10378000
2018-06-06,48.16,48.439999,47.790001,48.41,30.700308,12924800
2018-06-07,47.959999,49.259998,47.849998,49.009998,31.080818,19674300
2018-06-08,48.450001,49.200001,48.43,49.18,31.188616,15399300
2018-06-11,49.490002,49.799999,49.259998,49.299999,31.264715,14143700
2018-06-12,49.580002,49.639999,48.66,48.810001,30.953976,15597900
2018-06-13,48.450001,48.549999,47.380001,47.400002,30.059784,30809400
2018-06-14,47.759998,47.889999,47.299999,47.82,30.326147,17568400
2018-06-15,47.77,48.060001,47.619999,48.060001,30.478338,31398000
2018-06-18,47.900002,48.0,47.130001,47.459999,30.097843,15330400
2018-06-19,47.669998,48.779999,47.52,48.5,30.757378,25070000
2018-06-20,48.639999,48.66,47.810001,48.09,30.497366,11996800
2018-06-21,48.869999,49.0,48.380001,48.630001,30.839817,14854600
2018-06-22,48.959999,49.93,48.84,49.759998,31.556442,31911000
2018-06-25,49.84,50.040001,49.290001,49.599998,31.454971,19301900
2018-06-26,49.619999,49.75,49.07,49.299999,31.264715,13597000
2018-06-27,49.18,49.73,49.009998,49.310001,31.271063,14144300
2018-06-28,49.43,51.049999,49.41,50.860001,32.254032,21605500
2018-06-29,50.73,50.849998,50.080002,50.310001,31.905237,18023100
2018-07-02,50.25,50.439999,49.700001,50.419998,31.975002,13141200
2018-07-03,50.459999,51.09,50.299999,50.700001,32.152569,8441100
2018-07-05,50.990002,51.299999,50.52,51.279999,32.520386,11279600
2018-07-06,51.419998,51.66,51.23,51.48,32.647209,10203800
2018-07-09,51.029999,51.110001,50.68,50.740002,32.550983,10491200
2018-07-10,50.799999,51.419998,50.740002,51.34,32.935905,9614600
2018-07-11,51.220001,51.75,51.150002,51.34,32.935905,14348100
2018-07-12,51.5,51.580002,50.959999,51.240002,32.871758,10583900
2018-07-13,51.099998,51.450001,50.93,51.41,32.980808,11175100
2018-07-16,51.360001,51.720001,51.130001,51.59,33.096275,9633400
2018-07-17,51.540001,51.939999,51.419998,51.43,32.993637,10636100
2018-07-18,51.41,51.490002,50.880001,51.139999,32.807594,11734900
2018-07-19,51.099998,51.099998,50.599998,50.75,32.557404,9524200
2018-07-20,50.529999,50.990002,50.349998,50.619999,32.473999,12026500
2018-07-23,50.689999,50.98,50.27,50.75,32.557404,11703200
2018-07-24,51.25,51.869999,50.049999,51.509998,33.044964,23265200
2018-07-25,51.689999,52.049999,50.810001,50.91,32.660053,15702800
2018-07-26,51.130001,51.610001,51.110001,51.18,32.833252,11162000
2018-07-27,51.48,52.380001,51.48,52.009998,33.365723,14073700
2018-07-30,52.27,53.0,52.080002,52.490002,33.673664,16725000
2018-07-31,52.599998,52.669998,51.490002,51.639999,33.128368,16924200
2018-08-01,52.02,52.110001,51.450001,51.73,33.186092,12789400
2018-08-02,51.740002,52.009998,51.43,51.98,33.346478,12337500
2018-08-03,52.0,52.450001,51.869999,52.27,33.53252,7769900
2018-08-06,52.130001,52.720001,51.759998,52.48,33.667236,10768400
2018-08-07,52.48,52.73,52.220001,52.459999,33.654404,7106900
2018-08-08,52.549999,52.880001,52.41,52.700001,33.80838,9457300
2018-08-09,52.66,53.27,52.66,53.009998,34.007256,10768100
2018-08-10,52.93,52.93,52.27,52.470001,33.660831,7979600
2018-08-13,52.740002,52.779999,52.200001,52.220001,33.50045,9919400
2018-08-14,52.310001,52.939999,52.310001,52.869999,33.917431,11454400
2018-08-15,52.73,53.369999,52.459999,53.240002,34.154808,16473300
2018-08-16,53.25,54.419998,53.200001,54.27,34.815575,16265400
2018-08-17,54.259998,55.209999,54.099998,54.790001,35.14917,19102700
2018-08-20,54.93,55.080002,54.200001,54.650002,35.059357,10747400
2018-08-21,54.900002,55.07,54.470001,54.91,35.226147,11961200
2018-08-22,54.84,55.009998,53.939999,54.139999,34.732166,13911400
2018-08-23,54.16,54.549999,54.049999,54.279999,34.821983,8354400
2018-08-24,54.259998,54.830002,54.220001,54.779999,35.142738,8499900
2018-08-27,54.98,55.060001,54.650002,54.849998,35.187653,9539600
2018-08-28,54.82,54.900002,54.459999,54.650002,35.059357,11864600
2018-08-29,54.779999,54.959999,54.5,54.57,35.00803,9801900
2018-08-30,54.400002,54.799999,54.240002,54.75,35.123516,9696500
2018-08-31,54.509998,54.66,54.040001,54.369999,34.879723,14605400
2018-09-04,53.549999,53.720001,52.84,53.189999,34.122726,19898600
2018-09-05,53.02,53.970001,52.900002,53.82,34.526878,15301200
2018-09-06,53.939999,54.470001,53.700001,54.290001,34.828411,10521900
2018-09-07,54.130001,54.389999,53.880001,54.0,34.642353,11746500
2018-09-10,54.32,54.68,53.990002,54.119999,34.719345,10781900
2018-09-11,54.290001,54.959999,54.110001,54.720001,35.104259,12298800
2018-09-12,54.75,55.419998,54.560001,54.970001,35.264645,13130800
2018-09-13,55.080002,55.080002,54.27,54.939999,35.245396,12559900
2018-09-14,54.91,54.990002,54.18,54.549999,34.995197,13454700
2018-09-17,54.790001,55.02,54.43,54.700001,35.091431,11013700
2018-09-18,54.389999,54.810001,54.290001,54.389999,34.892559,13891100
2018-09-19,54.619999,54.700001,53.369999,53.5,34.321594,17471000
2018-09-20,53.599998,54.150002,53.32,53.950001,34.610294,14473400
2018-09-21,54.23,54.810001,54.119999,54.419998,34.9118,48954100
2018-09-24,54.310001,54.490002,53.529999,53.540001,34.347263,14029600
2018-09-25,53.5,53.66,52.919998,53.049999,34.032917,13604900
2018-09-26,53.290001,53.580002,53.080002,53.139999,34.090649,13308300
2018-09-27,53.150002,53.869999,53.150002,53.59,34.379333,13348100
2018-09-28,53.470001,53.560001,53.27,53.389999,34.251022,12634500
2018-10-01,53.610001,53.919998,53.5,53.84,34.539719,10682000
2018-10-02,53.799999,54.439999,53.599998,54.419998,34.9118,12482900
2018-10-03,54.740002,54.939999,54.139999,54.290001,34.828411,14939100
2018-10-04,54.349998,55.029999,53.959999,55.02,35.296722,15788400
2018-10-05,55.060001,55.439999,54.779999,54.939999,35.245396,14044900
2018-10-08,55.0,55.209999,54.450001,55.02,35.296722,16703700
2018-10-09,54.48,55.139999,54.029999,54.990002,35.668381,16962400
2018-10-10,54.990002,55.900002,54.290001,54.330002,35.240292,22025500
2018-10-11,54.509998,55.16,52.84,53.330002,34.591652,26336200
2018-10-12,53.82,53.889999,52.82,53.73,34.851097,18866600
2018-10-15,53.880001,54.25,53.599998,53.599998,34.766781,13022000
2018-10-16,53.459999,53.799999,53.259998,53.700001,34.831642,15981200
2018-10-17,53.75,54.380001,53.529999,53.959999,35.000275,14528100
2018-10-18,53.860001,54.68,53.779999,54.650002,35.447853,16865100
2018-10-19,54.619999,55.5,54.52,54.900002,35.610004,19103300
2018-10-22,55.080002,55.27,54.610001,54.98,35.661892,21737500
2018-10-23,56.09,57.470001,56.09,57.209999,37.108349,29328700
2018-10-24,57.0,58.439999,56.419998,57.419998,37.244564,37435600
2018-10-25,57.459999,57.630001,56.169998,56.43,36.602417,25270000
2018-10-26,56.259998,56.619999,55.189999,55.509998,36.005672,24973300
2018-10-29,55.810001,57.150002,55.720001,56.48,36.634846,22103700
2018-10-30,56.919998,58.799999,56.919998,58.18,37.737518,25231200
2018-10-31,58.32,58.32,56.759998,57.09,37.030514,24214400
2018-11-01,56.98,57.279999,55.549999,56.049999,36.35593,22533200
2018-11-02,56.34,57.080002,55.919998,56.630001,36.732132,14734400
2018-11-05,56.509998,57.450001,56.509998,57.209999,37.108349,12733800
2018-11-06,57.02,57.349998,56.650002,57.209999,37.108349,12371200
2018-11-07,57.549999,57.779999,57.040001,57.650002,37.393753,14891300
2018-11-08,57.700001,58.439999,57.66,58.27,37.795902,12482400
2018-11-09,58.32,59.200001,57.939999,58.459999,37.919136,17365500
2018-11-12,58.84,59.400002,58.540001,58.720001,38.087791,13236800
2018-11-13,59.09,59.139999,58.32,58.66,38.048874,13047900
2018-11-14,59.130001,59.32,58.41,58.939999,38.230488,18288700
2018-11-15,58.849998,59.09,58.450001,59.080002,38.321289,17147100
2018-11-16,59.060001,60.389999,58.91,60.209999,39.054256,19471000
2018-11-19,60.25,61.32,60.18,60.619999,39.320194,18405700
2018-11-20,61.029999,61.580002,59.169998,59.459999,38.567776,22028900
2018-11-21,59.259998,59.900002,58.880001,59.16,38.373192,18482200
2018-11-23,58.860001,59.0,58.290001,58.639999,38.035896,7009100
2018-11-26,58.639999,59.509998,58.310001,59.169998,38.379673,12308900
2018-11-27,59.209999,60.700001,59.18,60.650002,39.339653,14115000
2018-11-28,60.700001,60.73,59.639999,60.060001,38.956959,18663000
2018-11-29,59.419998,59.790001,59.259998,59.450001,38.561283,14763700
2018-11-30,59.57,60.369999,59.48,60.299999,39.112633,31142800
2018-12-03,59.5,59.75,57.689999,58.16,37.724552,27800800
2018-12-04,58.099998,59.400002,57.959999,58.09,37.679153,21727400
2018-12-06,58.18,58.639999,57.16,58.080002,37.672657,26880400
2018-12-07,57.91,58.43,57.34,57.68,37.413212,16948100
2018-12-10,57.799999,58.369999,56.869999,58.27,37.795902,16603400
2018-12-11,58.77,59.400002,58.639999,58.849998,38.172112,14991400
2018-12-12,57.790001,58.189999,57.23,57.25,37.134293,18892200
2018-12-13,57.0,57.5,56.810001,57.09,37.030514,15454700
2018-12-14,56.950001,57.5,56.75,57.080002,37.024025,13960900
2018-12-17,57.060001,57.310001,55.529999,55.950001,36.291069,18902500
2018-12-18,55.939999,56.689999,55.310001,55.650002,36.096481,18895800
2018-12-19,55.720001,56.919998,55.5,55.860001,36.232693,20968400
2018-12-20,55.919998,56.009998,54.259998,55.07,35.720268,26897000
2018-12-21,54.84,56.529999,54.240002,54.919998,35.622982,55406300
2018-12-24,54.68,55.040001,52.939999,53.049999,34.410038,15077200
2018-12-26,53.23,54.470001,52.400002,54.439999,35.311634,17970500
2018-12-27,54.310001,55.169998,53.349998,55.150002,35.772167,17531000
2018-12-28,55.369999,55.860001,54.900002,55.27,35.849995,14771600
2018-12-31,55.529999,56.23,55.07,56.220001,36.466202,15331800
2019-01-02,56.16,56.16,55.279999,56.02,36.336483,13969700
2019-01-03,56.299999,56.990002,56.060001,56.220001,36.466202,19245400
2019-01-04,56.490002,56.889999,55.950001,56.360001,36.557014,17035800
2019-01-07,56.759998,57.259998,56.549999,56.720001,36.790524,16349000
2019-01-08,57.27,58.689999,57.049999,58.380001,37.867256,21424600
2019-01-09,57.68,57.720001,56.849998,57.049999,37.390778,18136000
2019-01-10,57.290001,57.700001,56.869999,57.599998,37.751244,14259900
2019-01-11,57.84,58.259998,57.419998,58.02,38.026516,15801500
2019-01-14,57.830002,58.150002,57.68,58.029999,38.033073,11342300
2019-01-15,57.740002,58.290001,57.580002,58.099998,38.078949,10058000
2019-01-16,57.93,57.93,57.0,57.080002,37.410431,13411700
2019-01-17,57.16,57.400002,56.209999,56.830002,37.246586,15223900
2019-01-18,56.919998,57.470001,56.84,57.09,37.416981,16802500
2019-01-22,57.23,57.389999,56.400002,56.990002,37.351448,18284800
2019-01-23,56.98,57.869999,56.93,57.759998,37.856106,15109000
2019-01-24,57.610001,57.650002,56.5,57.07,37.403881,12494100
2019-01-25,57.18,57.470001,56.23,56.400002,36.964767,17800300
2019-01-28,56.119999,56.220001,54.799999,55.07,36.093075,25955700
2019-01-29,53.619999,54.299999,52.970001,53.279999,34.919899,33789200
2019-01-30,53.099998,54.02,52.279999,54.0,35.3918,27260000
2019-01-31,54.049999,55.189999,53.529999,55.060001,36.086529,28585400
2019-02-01,55.209999,55.299999,54.470001,54.549999,35.752262,13778000
2019-02-04,54.599998,54.689999,53.669998,54.040001,35.418003,15818900
2019-02-05,54.099998,54.34,53.610001,54.139999,35.483543,14124600
2019-02-06,54.110001,54.369999,53.68,53.790001,35.254158,11391400
2019-02-07,53.610001,53.73,53.02,53.57,35.109962,12436200
2019-02-08,53.360001,53.959999,53.299999,53.950001,35.359024,12011700
2019-02-11,54.130001,54.369999,53.860001,54.049999,35.424557,9802800
2019-02-12,54.450001,54.77,54.189999,54.419998,35.667057,11227600
2019-02-13,54.349998,54.77,54.279999,54.48,35.706387,11884800
2019-02-14,54.380001,54.52,53.950001,54.029999,35.411449,11190100
2019-02-15,54.48,55.189999,54.32,55.16,36.152061,15719400
2019-02-19,55.060001,55.66,54.82,55.439999,36.335575,12272700
2019-02-20,55.369999,55.91,55.240002,55.759998,36.5453,11379000
2019-02-21,55.549999,56.720001,55.459999,56.150002,36.800915,14680500
2019-02-22,56.43,57.130001,56.400002,56.919998,37.305569,12534300
2019-02-25,57.0,57.27,56.549999,56.779999,37.213806,15051200
2019-02-26,56.82,57.09,56.459999,56.639999,37.122055,12005600
2019-02-27,56.549999,56.73,56.349998,56.720001,37.174492,8962800
2019-02-28,56.740002,57.610001,56.720001,56.919998,37.305569,15743000
2019-03-01,57.02,57.150002,56.349998,56.959999,37.331787,10942700
2019-03-04,57.150002,57.349998,55.66,56.240002,36.859886,13674400
2019-03-05,56.09,56.169998,55.509998,56.080002,36.755028,15749500
2019-03-06,56.189999,56.419998,55.450001,55.68,36.492874,13935500
2019-03-07,55.759998,56.400002,55.720001,56.299999,36.899227,12644200
2019-03-08,56.360001,56.68,56.0,56.529999,37.049969,10617300
2019-03-11,56.759998,57.619999,56.75,57.580002,37.738129,13627400
2019-03-12,57.630001,58.110001,57.360001,57.43,37.639816,12813000
2019-03-13,57.369999,57.740002,57.34,57.66,37.790577,14168300
2019-03-14,57.709999,58.09,57.509998,57.950001,37.980633,12148300
2019-03-15,58.040001,58.509998,57.93,58.389999,38.269009,23715300
2019-03-18,58.27,58.32,57.560001,58.07,38.059284,12168100
2019-03-19,58.099998,58.200001,57.310001,57.5,37.685707,13462700
2019-03-20,57.509998,58.060001,57.110001,57.669998,37.797112,11902900
2019-03-21,57.580002,58.490002,57.57,58.290001,38.203472,10920100
2019-03-22,58.16,60.0,58.130001,59.759998,39.166908,25125400
2019-03-25,59.630001,60.189999,59.529999,60.080002,39.376644,15463400
2019-03-26,60.299999,60.689999,60.18,60.630001,39.737114,12316900
2019-03-27,60.560001,61.189999,60.48,60.880001,39.900963,13290300
2019-03-28,60.880001,60.889999,58.439999,59.080002,38.721245,20547100
2019-03-29,59.200001,59.27,58.32,59.130001,38.754017,17283900
2019-04-01,59.389999,59.41,58.790001,59.09,38.727802,16331100
2019-04-02,59.220001,59.23,58.34,58.529999,38.360767,11408100
2019-04-03,58.779999,59.07,58.41,58.869999,38.583603,15491700
2019-04-04,58.84,59.099998,58.77,58.990002,38.662258,8776000
2019-04-05,59.02,59.099998,58.82,59.09,38.727802,11497800
2019-04-08,59.02,59.130001,58.720001,59.130001,38.754017,11680500
2019-04-09,58.369999,58.560001,58.040001,58.400002,38.669918,10414400
2019-04-10,58.400002,58.700001,58.360001,58.610001,38.808968,8782100
2019-04-11,58.650002,58.73,58.200001,58.560001,38.775867,9219900
2019-04-12,58.75,58.790001,58.52,58.740002,38.895046,10847500
2019-04-15,58.91,58.950001,58.59,58.709999,38.875198,7741500
2019-04-16,58.790001,58.98,58.66,58.790001,38.928162,10239300
2019-04-17,58.400002,58.459999,57.639999,57.779999,38.25938,15498000
2019-04-18,57.509998,58.200001,57.279999,58.040001,38.431541,13189000
2019-04-22,58.139999,58.490002,57.889999,58.369999,38.650051,11950400
2019-04-23,57.619999,57.720001,56.299999,57.150002,37.84222,23488700
2019-04-24,57.34,57.57,56.73,57.080002,37.795868,13227100
2019-04-25,56.82,56.900002,55.75,55.849998,36.981422,17425500
2019-04-26,56.060001,56.82,55.830002,56.580002,37.464798,16329700
2019-04-29,56.75,57.169998,56.709999,56.84,37.636948,13985000
2019-04-30,56.990002,57.450001,56.759998,57.189999,37.86871,15469000
2019-05-01,57.23,57.299999,56.52,56.52,37.425068,11627400
2019-05-02,56.810001,58.23,56.68,56.990002,37.736282,14435400
2019-05-03,57.150002,57.360001,56.869999,57.240002,37.901817,9388200
2019-05-06,56.830002,57.09,56.740002,56.91,37.683311,10066100
2019-05-07,56.689999,56.82,56.330002,56.630001,37.497898,12963800
2019-05-08,56.66,56.700001,56.25,56.380001,37.332367,12086700
2019-05-09,56.119999,56.560001,55.93,56.48,37.398575,14834900
2019-05-10,56.490002,57.040001,56.259998,56.91,37.683311,10707100
2019-05-13,56.720001,57.34,56.66,56.75,37.577351,13759000
2019-05-14,56.759998,57.189999,56.5,56.549999,37.444931,12776200
2019-05-15,56.509998,56.84,56.169998,56.810001,37.617092,10806300
2019-05-16,57.0,57.799999,56.82,57.380001,37.99453,11695100
2019-05-17,57.060001,58.48,57.009998,58.09,38.464653,14436700
2019-05-20,59.150002,60.540001,58.0,59.009998,39.073833,20910600
2019-05-21,59.099998,59.630001,58.759998,59.5,39.398296,14016300
2019-05-22,59.09,59.369999,58.959999,59.25,39.232758,11487100
2019-05-23,59.0,59.279999,58.540001,58.869999,38.981129,11706700
2019-05-24,59.07,59.360001,58.669998,59.32,39.279106,8755200
2019-05-28,59.209999,59.869999,58.66,58.73,38.888435,21860500
2019-05-29,58.669998,58.93,57.91,58.18,38.524235,13418700
2019-05-30,57.619999,57.619999,56.560001,56.830002,37.630337,17484900
2019-05-31,55.09,55.439999,54.259998,54.349998,35.988186,29916600
2019-06-03,54.68,56.490002,54.560001,56.380001,37.332367,19518300
2019-06-04,56.599998,56.98,55.93,56.220001,37.226425,15201200
2019-06-05,56.52,57.380001,56.5,57.029999,37.76276,11522900
2019-06-06,57.009998,57.82,57.009998,57.540001,38.100464,9906900
2019-06-07,58.0,58.139999,57.150002,57.240002,37.901817,11656600
2019-06-10,57.369999,57.369999,55.950001,56.150002,37.180069,14955400
2019-06-11,56.5,57.400002,56.18,56.830002,37.630337,15378600
2019-06-12,57.0,57.57,57.0,57.360001,37.981281,11911000
2019-06-13,57.5,57.740002,57.369999,57.619999,38.153431,9218700
2019-06-14,57.68,58.560001,57.52,58.279999,38.590466,11826600
2019-06-17,58.16,58.330002,57.240002,57.630001,38.160057,11027000
2019-06-18,57.82,58.0,57.16,57.330002,37.961407,12257500
2019-06-19,57.389999,57.849998,57.18,57.630001,38.160057,10516400
2019-06-20,57.900002,57.950001,56.93,57.34,37.968029,15302800
2019-06-21,57.09,57.919998,57.09,57.77,38.252766,22474300
2019-06-24,57.98,58.669998,57.93,58.27,38.583839,9141800
2019-06-25,58.18,58.259998,57.91,58.0,38.40506,10571700
2019-06-26,58.169998,58.220001,56.919998,56.990002,37.736282,15042100
2019-06-27,57.16,57.369999,56.849998,57.25,37.908436,9123300
2019-06-28,57.220001,57.43,56.830002,57.130001,37.828983,14604000
2019-07-01,57.419998,57.419998,56.599998,56.66,37.517773,15796800
2019-07-02,56.880001,58.150002,56.810001,58.130001,38.491131,14985700
2019-07-03,58.119999,58.25,57.66,58.130001,38.491131,8437800
2019-07-05,58.080002,58.509998,57.77,58.310001,38.610329,6938500
2019-07-08,57.959999,58.299999,57.810001,57.889999,38.332218,12048200
2019-07-09,56.950001,56.990002,56.259998,56.41,37.745399,16733700
2019-07-10,56.700001,57.110001,56.59,57.0,38.140182,10901500
2019-07-11,57.220001,57.389999,56.639999,56.919998,38.086647,10045700
2019-07-12,57.060001,57.27,56.849998,57.189999,38.267311,9669500
2019-07-15,57.290001,57.799999,57.189999,57.580002,38.528275,11734300
2019-07-16,57.630001,57.73,57.400002,57.41,38.414524,10556000
2019-07-17,57.560001,57.700001,57.09,57.220001,38.287388,7916700
2019-07-18,57.220001,57.32,56.779999,57.209999,38.280697,7549200
2019-07-19,57.380001,57.459999,56.57,56.59,37.865837,12240300
2019-07-22,56.560001,56.580002,55.34,55.5,37.13649,15255800
2019-07-23,55.450001,55.639999,54.560001,55.48,37.1231,14093500
2019-07-24,55.610001,56.240002,55.419998,55.970001,37.450985,11173900
2019-07-25,56.169998,56.610001,55.939999,56.360001,37.711941,11006100
2019-07-26,56.48,57.23,56.0,57.080002,38.19371,12333100
2019-07-29,57.09,57.439999,56.830002,57.369999,38.387756,10165700
2019-07-30,57.310001,57.599998,56.549999,56.630001,37.892605,13329300
2019-07-31,56.549999,56.720001,54.919998,55.27,36.982594,24396200
2019-08-01,57.110001,57.290001,55.23,55.259998,36.975903,18677000
2019-08-02,55.110001,56.299999,54.77,55.59,37.196716,17458800
2019-08-05,55.299999,55.900002,54.93,55.220001,36.949142,18941500
2019-08-06,55.220001,55.549999,54.470001,55.049999,36.835388,18747900
2019-08-07,54.75,55.52,54.41,55.09,36.862152,11865500
2019-08-08,55.360001,55.830002,54.990002,55.82,37.350616,11335900
2019-08-09,55.650002,56.060001,55.470001,55.779999,37.323849,8948000
2019-08-12,55.849998,55.889999,55.07,55.689999,37.263626,10635600
2019-08-13,55.639999,56.5,55.52,56.369999,37.718624,11016500
2019-08-14,56.040001,56.52,55.490002,55.720001,37.283707,15041200
2019-08-15,55.529999,56.580002,55.419998,56.299999,37.671787,12124000
2019-08-16,56.470001,56.689999,56.07,56.650002,37.905983,11923500
2019-08-19,56.970001,57.5,56.689999,57.0,38.140182,11011900
2019-08-20,56.900002,57.0,56.240002,56.27,37.651714,9892600
2019-08-21,56.779999,56.779999,56.110001,56.59,37.865837,7637300
2019-08-22,56.650002,56.959999,56.330002,56.779999,37.99297,9272200
2019-08-23,56.790001,56.91,55.619999,55.919998,37.41753,13203000
2019-08-26,56.009998,56.73,55.82,56.709999,37.946133,9486900
2019-08-27,57.5,57.66,57.18,57.18,38.260616,16953900
2019-08-28,57.200001,58.119999,57.110001,57.950001,38.775845,15238900
2019-08-29,58.240002,58.310001,57.369999,57.939999,38.769154,8538000
2019-08-30,57.990002,58.41,57.900002,58.16,38.91637,9962200
2019-09-03,57.900002,58.189999,57.59,58.040001,38.836067,10470100
2019-09-04,58.240002,58.549999,57.959999,58.18,38.929756,9232200
2019-09-05,58.580002,58.630001,58.189999,58.59,39.204094,9232300
2019-09-06,58.689999,59.099998,58.470001,59.060001,39.518574,8920200
2019-09-09,59.490002,59.52,58.639999,58.66,39.250935,12848700
2019-09-10,59.25,59.799999,58.790001,59.709999,39.953514,13987000
2019-09-11,59.900002,60.18,59.52,60.130001,40.234543,12241500
2019-09-12,60.099998,60.549999,59.98,60.43,40.435284,9491400
2019-09-13,60.080002,60.450001,59.73,59.959999,40.120796,10719300
2019-09-16,59.93,59.990002,59.189999,59.5,39.812988,10950500
2019-09-17,59.32,59.900002,59.32,59.869999,40.06057,8801700
2019-09-18,59.610001,59.98,59.380001,59.93,40.100716,8451900
2019-09-19,59.98,60.400002,59.799999,59.98,40.134174,7651700
2019-09-20,60.27,60.380001,59.970001,60.290001,40.341606,21019900
2019-09-23,60.130001,60.689999,59.93,60.209999,40.288074,8437000
2019-09-24,60.549999,61.0,60.41,60.509998,40.488811,12846300
2019-09-25,60.580002,60.66,60.110001,60.27,40.328224,8088100
2019-09-26,60.139999,60.669998,60.07,60.439999,40.441967,7438800
2019-09-27,60.560001,60.700001,60.02,60.299999,40.348297,7799000
2019-09-30,60.490002,60.900002,60.330002,60.360001,40.388439,9709400
2019-10-01,60.400002,60.43,59.810001,59.849998,40.047184,8381600
2019-10-02,59.700001,59.720001,58.720001,58.91,39.418213,12011700
2019-10-03,59.0,59.119999,58.330002,59.009998,39.485123,9769300
2019-10-04,58.970001,59.98,58.959999,59.900002,40.080639,9824900
2019-10-07,59.919998,60.59,59.900002,60.25,40.314838,13744600
2019-10-08,60.119999,60.189999,59.290001,59.720001,39.960209,13832800
2019-10-09,59.400002,59.450001,58.93,59.220001,40.037956,10609200
2019-10-10,59.259998,60.02,59.200001,59.830002,40.450363,11832100
2019-10-11,60.0,60.380001,59.889999,59.93,40.517979,11349000
2019-10-14,59.93,59.98,59.560001,59.599998,40.294861,6876100
2019-10-15,59.68,60.689999,59.599998,60.549999,40.937145,11679200
2019-10-16,60.139999,60.41,59.950001,60.290001,40.761368,9298100
2019-10-17,60.23,60.43,60.16,60.41,40.842499,7323700
2019-10-18,60.349998,61.299999,60.310001,61.049999,41.275192,12339700
2019-10-21,61.009998,61.23,60.66,60.75,41.072372,10882300
2019-10-22,61.23,61.23,60.509998,60.77,41.085896,9603600
2019-10-23,60.599998,61.32,60.549999,60.880001,41.160259,10375600
2019-10-24,60.880001,61.02,60.41,60.580002,40.957447,11143800
2019-10-25,60.599998,60.880001,59.209999,60.369999,40.815453,15036400
2019-10-28,60.450001,60.66,60.040001,60.18,40.687,14621400
2019-10-29,60.110001,60.32,60.07,60.189999,40.69376,10619900
2019-10-30,60.459999,61.07,60.41,60.82,41.119698,12136500
2019-10-31,60.799999,60.82,60.099998,60.470001,40.883068,12226600
2019-11-01,61.290001,61.34,60.16,60.369999,40.815453,9629100
2019-11-04,59.68,60.610001,59.549999,59.869999,40.477413,10133300
2019-11-05,59.700001,59.869999,59.349998,59.5,40.227257,10645400
2019-11-06,59.700001,60.130001,59.630001,60.130001,40.653198,9287600
2019-11-07,60.259998,60.580002,59.959999,60.529999,40.92363,14604400
2019-11-08,60.049999,60.16,58.959999,59.349998,40.125839,17644600
2019-11-11,59.299999,59.689999,59.209999,59.610001,40.301628,7754000
2019-11-12,59.91,59.939999,59.139999,59.32,40.105564,7709400
2019-11-13,59.150002,59.52,58.799999,59.41,40.166416,10255600
2019-11-14,58.93,59.34,58.84,59.34,40.119087,9530200
2019-11-15,59.48,59.529999,59.060001,59.509998,40.234016,11758800
2019-11-18,59.459999,59.459999,59.049999,59.439999,40.186684,10165100
2019-11-19,59.43,59.75,59.279999,59.5,40.227257,10492700
2019-11-20,59.490002,59.66,59.09,59.48,40.213741,12362100
2019-11-21,59.610001,59.689999,59.27,59.610001,40.301628,8056000
2019-11-22,59.66,60.029999,59.66,59.75,40.396278,10741300
2019-11-25,59.830002,59.849998,59.220001,59.380001,40.146126,10644500
2019-11-26,59.549999,59.91,59.130001,59.889999,40.490929,11936900
2019-11-27,60.009998,60.27,59.990002,60.099998,40.632904,8795300
2019-11-29,60.16,60.529999,60.16,60.240002,40.727566,6791400
2019-12-02,60.200001,60.23,59.630001,59.959999,40.538254,9142000
2019-12-03,59.990002,60.200001,59.580002,60.139999,40.659958,10289400
2019-12-04,60.02,60.630001,59.849998,60.529999,40.92363,8237500
2019-12-05,60.630001,60.919998,60.32,60.82,41.119698,9812500
2019-12-06,61.0,61.279999,60.91,61.189999,41.369839,9296900
2019-12-09,60.98,61.110001,60.869999,61.009998,41.248154,9370200
2019-12-10,61.150002,61.23,60.790001,61.23,41.396881,8290900
2019-12-11,61.360001,61.419998,60.990002,61.080002,41.295483,9657500
2019-12-12,61.099998,61.630001,61.099998,61.169998,41.356319,8571600
2019-12-13,61.119999,61.189999,60.25,60.810001,41.112938,10585900
2019-12-16,60.73,61.27,60.709999,61.23,41.396881,11493000
2019-12-17,61.400002,61.709999,61.349998,61.490002,41.572681,13648700
2019-12-18,61.509998,61.700001,60.82,60.860001,41.146751,17292600
2019-12-19,60.900002,61.130001,60.689999,60.799999,41.106174,11901600
2019-12-20,61.459999,62.220001,61.139999,62.07,41.964806,42977900
2019-12-23,62.009998,62.150002,61.32,61.400002,41.511822,9477500
2019-12-24,61.459999,61.459999,61.02,61.279999,41.430691,6640100
2019-12-26,61.279999,61.369999,61.110001,61.290001,41.437458,8117800
2019-12-27,61.389999,61.619999,61.25,61.529999,41.599731,8166800
2019-12-30,61.650002,61.689999,61.09,61.209999,41.383373,6765400
2019-12-31,61.209999,61.400002,60.939999,61.400002,41.511822,8466700
2020-01-02,61.380001,61.450001,60.810001,61.049999,41.275192,11447900
2020-01-03,60.59,60.790001,60.07,60.400002,40.835743,13263200
2020-01-06,60.110001,60.59,60.080002,60.27,40.747852,15094500
2020-01-07,60.099998,60.18,59.580002,59.599998,40.294861,14293100
2020-01-08,59.669998,60.099998,59.630001,59.709999,40.36924,15926500
2020-01-09,58.889999,59.400002,58.799999,58.849998,40.201874,20134600
2020-01-10,59.02,59.299999,58.84,58.990002,40.297504,11786700
2020-01-13,59.02,59.369999,58.779999,59.150002,40.406807,14158400
2020-01-14,59.0,59.130001,58.759998,59.040001,40.331657,12697100
2020-01-15,59.25,59.419998,58.869999,59.099998,40.37265,10291300
2020-01-16,59.380001,59.849998,59.220001,59.669998,40.762024,10689600
2020-01-17,59.689999,60.150002,59.639999,60.130001,41.076271,15615700
2020-01-21,60.200001,60.470001,60.099998,60.32,41.206066,12857600
2020-01-22,60.450001,60.82,60.279999,60.48,41.315361,8847100
2020-01-23,60.380001,60.529999,60.0,60.509998,41.335861,11109000
2020-01-24,60.5,60.66,60.110001,60.279999,41.178738,10182800
2020-01-27,59.84,60.360001,59.619999,59.91,40.925983,11482300
2020-01-28,59.98,61.0,59.869999,60.700001,41.465645,15367500
2020-01-29,60.849998,60.919998,59.439999,59.529999,40.666397,13408900
2020-01-30,58.700001,59.389999,58.34,59.360001,40.550262,16719600
2020-01-31,59.34,60.049999,59.110001,59.439999,40.604912,14283600
2020-02-03,59.610001,59.68,58.009998,58.049999,39.655376,15566400
2020-02-04,58.07,58.57,57.650002,58.290001,39.819324,13924600
2020-02-05,58.529999,59.189999,58.419998,59.130001,40.39315,10271900
2020-02-06,59.200001,59.669998,59.060001,59.439999,40.604912,10283700
2020-02-07,59.66,60.150002,59.540001,59.939999,40.946484,9418100
2020-02-10,59.93,60.240002,59.77,60.240002,41.151421,8270200
2020-02-11,60.189999,60.349998,58.259998,58.689999,40.092567,22488200
2020-02-12,58.580002,58.860001,58.119999,58.23,39.778336,20938000
2020-02-13,58.369999,58.830002,57.950001,58.650002,40.06525,19460100
2020-02-14,58.700001,58.810001,58.279999,58.509998,39.969608,9138900
2020-02-18,58.759998,58.759998,57.810001,57.91,39.559734,12427300
2020-02-19,58.130001,58.580002,57.759998,58.220001,39.771503,13642800
2020-02-20,58.09,58.360001,57.939999,58.09,39.682697,16748600
2020-02-21,57.91,58.25,57.799999,58.200001,39.757839,15704300
2020-02-24,58.169998,58.689999,57.98,57.990002,39.614388,18520900
2020-02-25,58.040001,58.400002,56.860001,57.119999,39.020069,19384900
2020-02-26,57.380001,57.869999,56.900002,57.139999,39.033733,16803600
2020-02-27,56.779999,57.380001,55.029999,55.060001,37.612835,25907200
2020-02-28,53.740002,54.18,52.18,54.16,36.998016,45828300
2020-03-02,55.16,57.540001,54.880001,57.32,39.1567,30736200
2020-03-03,57.209999,58.049999,55.220001,55.700001,38.050049,27500200
2020-03-04,56.610001,58.25,56.110001,58.119999,39.703186,17626400
2020-03-05,56.869999,57.52,56.490002,57.16,39.047394,21249900
2020-03-06,55.290001,57.209999,55.099998,56.869999,38.849289,22510800
2020-03-09,54.369999,57.580002,54.009998,55.830002,38.13884,31862200
2020-03-10,56.07,56.889999,53.919998,56.52,38.610195,34330900
2020-03-11,55.360001,55.529999,54.189999,54.830002,37.455715,21147400
2020-03-12,51.950001,54.0,50.75,51.200001,34.975975,45610600
2020-03-13,53.0,54.369999,51.450001,54.169998,37.004848,45744000
2020-03-16,50.900002,53.200001,49.02,50.990002,34.832516,36990400
2020-03-17,51.5,55.48,51.490002,54.310001,37.100491,33898000
2020-03-18,53.990002,55.93,50.880001,54.32,37.107315,38417400
2020-03-19,53.759998,54.919998,52.779999,53.619999,36.629135,33024900
2020-03-20,52.720001,53.040001,50.709999,51.799999,35.385838,46013800
2020-03-23,50.610001,53.27,49.130001,50.310001,34.367985,39225100
2020-03-24,51.959999,51.959999,49.18,49.990002,34.149395,40626900
2020-03-25,49.360001,51.91,48.84,49.939999,34.115231,38551300
2020-03-26,49.59,53.900002,49.509998,53.540001,36.574482,32610900
2020-03-27,52.150002,53.84,51.540001,52.77,36.048481,25363600
2020-03-30,53.490002,55.029999,52.939999,54.77,37.414726,20660200
2020-03-31,54.07,54.540001,53.549999,53.73,36.704281,21251800
2020-04-01,52.5,53.450001,52.16,52.919998,36.150944,18672600
2020-04-02,53.560001,55.5,53.09,55.25,37.74263,20159400
2020-04-03,55.0,55.240002,54.279999,54.700001,37.366905,17612500
2020-04-06,55.77,56.939999,54.98,56.700001,38.733147,20284400
2020-04-07,57.040001,57.880001,56.41,56.98,38.924427,21786000
2020-04-08,57.259998,58.02,56.619999,57.799999,39.484592,18234200
2020-04-09,56.91,58.099998,56.880001,57.439999,39.660667,19689500
2020-04-13,57.389999,57.599998,56.360001,56.669998,39.128994,12977700
2020-04-14,57.310001,58.400002,56.959999,58.139999,40.143986,16765600
2020-04-15,57.560001,58.009998,56.709999,56.93,39.308533,18372800
2020-04-16,57.290001,58.0,56.849998,57.66,39.812569,17825800
2020-04-17,58.060001,58.68,57.740002,58.459999,40.364937,15054300
2020-04-20,58.099998,58.91,57.959999,58.130001,40.137085,14002200
2020-04-21,57.389999,58.040001,56.720001,56.82,39.232567,14234500
2020-04-22,57.41,58.57,57.23,57.990002,40.040432,12701100
2020-04-23,58.119999,58.66,57.470001,57.59,39.764236,15684400
2020-04-24,57.639999,57.990002,56.830002,57.93,39.998997,15371500
2020-04-27,57.93,58.290001,57.200001,57.810001,39.916142,16050100
2020-04-28,57.82,58.380001,57.619999,57.830002,39.929947,13392600
2020-04-29,58.380001,58.599998,57.700001,58.119999,40.130188,17818100
2020-04-30,57.830002,57.959999,57.209999,57.450001,39.667576,17532400
2020-05-01,57.759998,57.790001,56.529999,56.830002,39.239483,13857400
2020-05-04,56.849998,57.029999,55.799999,56.240002,38.832096,11833600
2020-05-05,56.0,56.939999,56.0,56.509998,39.018528,10902400
2020-05-06,56.360001,56.66,55.540001,55.639999,38.417816,12460400
2020-05-07,56.099998,56.150002,55.18,55.580002,38.376392,14083100
2020-05-08,56.220001,57.029999,56.029999,57.0,39.356853,11097900
2020-05-11,56.869999,56.91,56.240002,56.400002,38.942577,12636800
2020-05-12,56.75,56.75,55.450001,55.459999,38.29353,13117700
2020-05-13,55.16,55.549999,54.560001,54.849998,37.872341,20604500
2020-05-14,54.5,54.93,53.849998,54.91,37.913776,15859200
2020-05-15,54.630001,54.759998,54.209999,54.709999,37.775681,10174000
2020-05-18,55.650002,56.200001,55.040001,55.720001,38.473061,15735900
2020-05-19,55.43,55.549999,54.32,54.380001,37.547821,18467100
2020-05-20,54.540001,54.900002,54.049999,54.259998,37.464958,21405400
2020-05-21,54.43,54.639999,53.860001,53.970001,37.264732,18201000
2020-05-22,53.959999,54.290001,53.669998,54.099998,37.354488,19960000
2020-05-26,54.900002,55.25,54.18,54.299999,37.492584,20830500
2020-05-27,54.610001,55.220001,54.43,55.139999,38.072575,17063800
2020-05-28,55.580002,55.790001,55.16,55.720001,38.473061,15427900
2020-05-29,55.330002,57.790001,54.889999,57.380001,39.619232,34227800
2020-06-01,56.700001,56.900002,55.75,55.779999,38.514465,18156100
2020-06-02,55.82,56.459999,55.540001,56.400002,38.942577,17300400
2020-06-03,56.52,56.98,56.299999,56.830002,39.239483,16086700
2020-06-04,56.740002,57.369999,56.509998,57.220001,39.508766,16147300
2020-06-05,57.75,58.119999,57.080002,57.740002,39.867809,17105600
2020-06-08,57.650002,58.200001,57.27,58.09,40.10947,14963000
2020-06-09,57.75,58.130001,57.369999,57.860001,39.950661,14530800
2020-06-10,57.900002,58.23,57.700001,58.049999,40.081848,13649100
2020-06-11,57.48,57.939999,56.400002,56.450001,38.977089,23412500
2020-06-12,56.630001,56.810001,55.790001,56.529999,39.032333,17129000
2020-06-15,55.73,56.540001,55.279999,56.150002,38.769947,14826800
2020-06-16,56.830002,57.32,56.240002,56.919998,39.301613,15021300
2020-06-17,57.139999,57.169998,56.509998,56.650002,39.115189,10652100
2020-06-18,56.5,56.959999,56.369999,56.889999,39.280903,9019500
2020-06-19,57.349998,57.470001,56.0,56.16,38.776859,28868200
2020-06-22,55.91,56.259998,55.610001,55.66,38.431625,12333900
2020-06-23,55.75,55.849998,54.91,54.939999,37.93449,20716400
2020-06-24,54.540001,54.560001,53.459999,53.93,37.237106,24794600
2020-06-25,53.91,54.389999,53.34,54.279999,37.478771,17122500
2020-06-26,54.040001,54.060001,52.849998,53.16,36.705444,30211900
2020-06-29,53.310001,54.709999,53.310001,54.689999,37.761868,15930300
2020-06-30,54.919998,55.290001,54.360001,55.130001,38.065678,17414800
2020-07-01,55.09,55.330002,54.580002,54.669998,37.748062,12831600
2020-07-02,55.049999,55.41,54.740002,54.790001,37.830914,15814500
2020-07-06,55.349998,55.43,54.91,55.240002,38.141628,11231100
2020-07-07,54.919998,55.330002,54.799999,55.040001,38.003532,13319700
2020-07-08,55.110001,55.439999,54.82,55.380001,38.238297,15320800
2020-07-09,54.650002,54.650002,53.75,53.939999,37.662251,17618400
2020-07-10,53.84,54.580002,53.84,54.490002,38.046284,15652200
2020-07-13,54.75,54.77,54.139999,54.450001,38.018356,15285100
2020-07-14,54.43,55.650002,54.27,55.439999,38.709602,15683600
2020-07-15,55.610001,55.720001,55.02,55.060001,38.444275,13903600
2020-07-16,54.869999,55.830002,54.759998,55.779999,38.946995,13477400
2020-07-17,56.0,56.599998,55.889999,56.299999,39.310062,13506300
2020-07-20,56.279999,56.279999,55.66,55.869999,39.009823,10572900
2020-07-21,55.84,56.5,55.799999,55.84,38.988888,12619700
2020-07-22,55.84,55.950001,55.369999,55.75,38.926044,11223500
2020-07-23,55.810001,56.09,55.400002,55.849998,38.995865,16718700
2020-07-24,56.349998,57.57,56.139999,56.849998,39.694096,17981700
2020-07-27,57.0,57.330002,56.509998,56.869999,39.708057,12306700
2020-07-28,57.049999,57.700001,56.970001,57.48,40.133976,13454700
2020-07-29,57.369999,57.689999,57.16,57.450001,40.113026,9341800
2020-07-30,57.209999,57.459999,57.139999,57.299999,40.008293,12635800
2020-07-31,56.849998,57.5,56.650002,57.48,40.133976,16202900
2020-08-03,57.869999,57.869999,57.119999,57.240002,39.966396,13493400
2020-08-04,57.200001,58.139999,57.18,57.91,40.434212,11601000
2020-08-05,58.16,58.189999,57.41,57.540001,40.175873,9809300
2020-08-06,57.5,57.950001,57.450001,57.830002,40.378357,10369900
2020-08-07,57.82,58.549999,57.650002,58.529999,40.867107,12783900
2020-08-10,58.650002,59.150002,58.470001,58.990002,41.188301,12114500
2020-08-11,59.299999,59.610001,58.25,58.509998,40.853142,12833100
2020-08-12,58.599998,58.970001,58.52,58.599998,40.915985,10802100
2020-08-13,58.299999,58.599998,58.189999,58.52,40.860123,7428600
2020-08-14,58.48,58.939999,58.25,58.790001,41.048649,8715900
2020-08-17,58.73,58.93,58.549999,58.779999,41.041664,8371900
2020-08-18,58.860001,59.470001,58.779999,59.18,41.320953,10130600
2020-08-19,59.360001,59.439999,58.93,59.049999,41.230186,10816300
2020-08-20,58.599998,59.09,58.59,58.959999,41.167339,8061500
2020-08-21,59.0,59.040001,58.540001,58.990002,41.188301,11059300
2020-08-24,59.099998,59.610001,59.0,59.57,41.593266,10931500
2020-08-25,59.700001,59.75,59.18,59.419998,41.488522,11316800
2020-08-26,59.299999,59.5,58.900002,59.459999,41.516453,15096400
2020-08-27,59.599998,59.790001,59.41,59.43,41.495514,11405300
2020-08-28,59.41,59.41,58.82,59.259998,41.376816,11873900
2020-08-31,59.040001,59.439999,59.02,59.27,41.383801,14555500
2020-09-01,59.119999,59.299999,58.779999,59.16,41.306999,13358400
2020-09-02,59.150002,60.740002,59.0,60.529999,42.263557,21711900
2020-09-03,60.830002,61.279999,60.139999,60.610001,42.319424,23126800
2020-09-04,60.48,61.5,60.060001,60.48,42.228649,22250100
2020-09-08,60.799999,60.799999,59.619999,59.959999,41.865566,18469700
2020-09-09,60.119999,60.75,59.970001,60.040001,41.921432,15896200
2020-09-10,60.23,60.25,59.41,59.529999,41.565338,15811200
2020-09-11,59.580002,59.959999,59.360001,59.790001,41.746868,13924800
2020-09-14,60.02,60.779999,60.0,60.32,42.116936,11932500
2020-09-15,60.110001,61.099998,60.099998,60.599998,42.312439,9444300
2020-09-16,60.529999,60.93,60.32,60.369999,42.151852,12699000
2020-09-17,60.599998,60.990002,60.099998,60.59,42.305466,14996200
2020-09-18,60.18,60.939999,60.150002,60.349998,42.137875,22584500
2020-09-21,60.0,60.080002,59.02,59.610001,41.621193,15871400
2020-09-22,59.73,60.369999,59.52,59.82,41.767822,12198900
2020-09-23,59.830002,60.139999,58.849998,58.91,41.132435,15416200
2020-09-24,59.0,59.560001,58.650002,59.189999,41.327934,10875300
2020-09-25,58.849998,59.450001,58.810001,59.389999,41.467587,10676300
2020-09-28,59.560001,59.799999,59.18,59.360001,41.446632,11910500
2020-09-29,59.279999,59.490002,59.099998,59.240002,41.362854,10005900
2020-09-30,59.459999,59.709999,59.049999,59.490002,41.537418,16348400
2020-10-01,59.400002,59.599998,59.029999,59.450001,41.509483,14547100
2020-10-02,59.290001,59.549999,59.110001,59.240002,41.362854,10741800
2020-10-05,59.630001,59.84,59.259998,59.66,41.656105,10457400
2020-10-06,59.759998,59.970001,59.330002,59.459999,41.516453,12524900
2020-10-07,59.619999,59.779999,59.200001,59.610001,41.621193,13674700
2020-10-08,59.119999,59.73,58.970001,59.189999,41.767967,14266400
2020-10-09,59.25,59.540001,59.080002,59.330002,41.86676,9846200
2020-10-12,59.330002,59.68,59.150002,59.549999,42.022007,20211200
2020-10-13,59.700001,59.720001,58.849998,59.360001,41.887928,22109600
2020-10-14,59.459999,59.52,58.389999,58.43,41.231663,16591900
2020-10-15,58.110001,58.279999,57.720001,58.16,41.041134,13644500
2020-10-16,58.080002,58.43,58.009998,58.049999,40.96352,13364200
2020-10-19,58.150002,58.290001,57.080002,57.299999,40.434273,16075100
2020-10-20,57.540001,57.669998,56.759998,57.25,40.398991,18696200
2020-10-21,57.110001,57.709999,56.689999,56.75,40.046162,21498300
2020-10-22,56.93,57.66,56.509998,57.330002,40.455441,16636100
2020-10-23,57.75,57.970001,57.459999,57.959999,40.900009,12879600
2020-10-26,57.52,57.849998,56.970001,57.810001,40.794159,15196800
2020-10-27,57.700001,57.849998,57.310001,57.380001,40.490734,12253000
2020-10-28,56.919998,57.349998,56.119999,56.310001,39.735676,18720200
2020-10-29,56.16,57.310001,56.02,56.759998,40.053215,19146100
2020-10-30,56.599998,57.07,56.369999,56.990002,40.215519,17632800
2020-11-02,57.669998,58.209999,57.0,57.700001,40.716534,16086400
2020-11-03,57.810001,58.380001,57.509998,57.75,40.751823,10693500
2020-11-04,57.189999,57.849998,56.580002,57.220001,40.377827,20785700
2020-11-05,58.009998,58.970001,57.799999,58.150002,41.034088,20156400
2020-11-06,58.080002,58.75,58.009998,58.529999,41.302235,11986200
2020-11-09,60.040001,60.580002,59.509998,59.84,42.226646,24265900
2020-11-10,60.279999,61.41,60.200001,61.099998,43.115776,22051800
2020-11-11,61.290001,61.349998,60.470001,61.0,43.045212,12196900
2020-11-12,60.91,61.009998,60.34,60.790001,42.897026,13293300
2020-11-13,60.630001,61.189999,60.380001,61.060001,43.087547,10652800
2020-11-16,60.810001,61.459999,60.700001,60.889999,42.967598,14289400
2020-11-17,60.560001,61.02,60.360001,60.75,42.868797,11698200
2020-11-18,61.130001,61.150002,60.299999,60.32,42.565369,11698800
2020-11-19,60.400002,60.439999,59.900002,60.209999,42.487743,12663000
2020-11-20,60.209999,60.330002,59.950001,60.040001,42.367783,14225400
2020-11-23,60.009998,60.389999,60.0,60.23,42.50185,11601400
2020-11-24,60.599998,60.799999,60.360001,60.639999,42.79118,15481400
2020-11-25,60.669998,60.740002,60.330002,60.41,42.628876,10604300
2020-11-27,60.52,60.740002,60.41,60.580002,42.748833,5763700
2020-11-30,60.32,60.599998,60.189999,60.41,42.628876,21839100
2020-12-01,60.43,60.919998,60.279999,60.580002,42.748833,14282600
2020-12-02,61.400002,61.950001,61.009998,61.360001,43.299248,14169900
2020-12-03,61.110001,61.830002,61.040001,61.740002,43.567398,11937200
2020-12-04,61.549999,61.799999,61.27,61.549999,43.433327,10495800
2020-12-07,61.52,61.700001,61.18,61.349998,43.292194,12537500
2020-12-08,61.18,61.700001,60.880001,61.450001,43.362759,13421100
2020-12-09,61.450001,61.82,61.09,61.459999,43.369816,14949500
2020-12-10,61.259998,61.349998,60.330002,60.509998,42.699432,15464400
2020-12-11,60.080002,60.529999,59.970001,60.349998,42.586529,13673000
2020-12-14,60.610001,61.060001,59.77,59.98,42.325439,15706500
2020-12-15,60.07,60.740002,59.970001,60.549999,42.727661,15876000
2020-12-16,60.200001,60.450001,59.669998,59.91,42.276051,17165900
2020-12-17,59.98,60.150002,59.610001,60.009998,42.346611,12095500
2020-12-18,60.0,60.779999,59.790001,60.459999,42.664162,31909400
2020-12-21,60.060001,60.130001,59.279999,59.490002,41.979675,18567500
2020-12-22,59.32,59.419998,58.860001,58.990002,41.626846,12951500
2020-12-23,59.200001,59.279999,58.889999,58.959999,41.605663,14012100
2020-12-24,59.0,59.07,58.66,58.84,41.520992,7751100
2020-12-28,59.16,59.18,58.650002,58.98,41.619781,15355600
2020-12-29,59.029999,59.240002,58.639999,58.810001,41.499821,15686100
2020-12-30,58.830002,58.939999,58.060001,58.139999,41.027023,18259800
2020-12-31,58.060001,58.799999,58.02,58.75,41.457481,12906300
2021-01-04,58.959999,59.150002,58.439999,58.849998,41.528042,19129800
2021-01-05,58.860001,59.09,58.459999,58.580002,41.337517,16220000
2021-01-06,58.810001,59.540001,58.540001,59.290001,41.838543,22678500
2021-01-07,58.27,58.759998,58.080002,58.529999,41.744389,19079900
2021-01-08,58.23,58.360001,57.369999,57.799999,41.223743,28411600
2021-01-11,57.75,58.049999,57.290001,57.459999,40.981255,15688000
2021-01-12,57.27,57.450001,56.689999,57.259998,40.838608,22699300
2021-01-13,57.220001,57.25,56.880001,57.060001,40.695965,16985400
2021-01-14,56.889999,57.43,56.66,57.040001,40.681709,18341100
2021-01-15,56.779999,57.5,56.709999,57.380001,40.924198,15785300
2021-01-19,57.439999,57.580002,56.98,57.049999,40.688839,18821300
2021-01-20,57.009998,57.389999,56.66,57.259998,40.838608,19923100
2021-01-21,57.189999,57.509998,57.049999,57.27,40.845741,13601500
2021-01-22,57.169998,57.689999,56.759998,57.470001,40.988388,16364500
2021-01-25,57.470001,58.619999,57.18,58.419998,41.665928,22444300
2021-01-26,56.990002,57.279999,56.41,56.57,40.346489,37892700
2021-01-27,56.639999,56.959999,55.060001,55.130001,39.319462,37239000
2021-01-28,55.0,56.330002,55.0,55.369999,39.490627,24000800
2021-01-29,55.0,55.27,54.48,54.75,39.048439,26231200
2021-02-01,55.27,55.27,54.220001,54.279999,38.713226,20541100
2021-02-02,54.43,55.169998,54.169998,54.5,38.870136,18974500
2021-02-03,54.310001,54.900002,54.25,54.790001,39.076981,13909300
2021-02-04,54.759998,55.369999,54.59,55.139999,39.326595,14761700
2021-02-05,55.200001,55.68,55.169998,55.32,39.454971,12069500
2021-02-08,55.369999,55.48,54.790001,55.049999,39.262409,17887700
2021-02-09,55.02,55.299999,54.68,55.0,39.226749,19605600
2021-02-10,55.220001,55.439999,54.919998,54.959999,39.198219,16232800
2021-02-11,55.02,55.060001,54.48,54.599998,38.941456,17398800
2021-02-12,54.419998,54.68,54.18,54.200001,38.65617,18357300
2021-02-16,54.110001,54.32,53.830002,54.150002,38.620514,22095700
2021-02-17,56.0,57.25,55.630001,56.990002,40.646046,40531300
2021-02-18,56.939999,57.610001,56.529999,56.98,40.638905,20759900
2021-02-19,57.330002,57.400002,56.349998,56.450001,40.26091,18689400
2021-02-22,56.529999,56.84,56.150002,56.450001,40.26091,17854900
2021-02-23,56.810001,57.529999,56.290001,57.029999,40.674568,21062000
2021-02-24,57.080002,57.419998,56.669998,57.119999,40.738766,17136900
2021-02-25,56.119999,56.860001,55.740002,56.5,40.296574,24165300
2021-02-26,56.470001,56.610001,55.290001,55.299999,39.440712,23935200
2021-03-01,55.490002,55.950001,55.279999,55.360001,39.483505,20550400
2021-03-02,55.310001,55.52,54.919998,54.98,39.212479,17184600
2021-03-03,54.560001,55.970001,54.400002,55.380001,39.497765,22838700
2021-03-04,55.549999,55.619999,54.529999,54.799999,39.084099,23692000
2021-03-05,54.950001,56.200001,54.919998,56.0,39.939964,23598100
2021-03-08,55.950001,57.299999,55.82,56.790001,40.503407,23648800
2021-03-09,56.900002,57.099998,56.169998,56.200001,40.0826,20956400
2021-03-10,56.689999,57.290001,55.849998,57.080002,40.710224,18848600
2021-03-11,57.009998,57.189999,55.470001,55.509998,39.590492,30312900
2021-03-12,55.73,56.169998,55.610001,55.630001,39.676071,22002400
2021-03-15,55.810001,55.939999,55.099998,55.639999,39.683201,18970600
2021-03-16,55.700001,55.919998,55.439999,55.639999,39.683201,19044700
2021-03-17,55.77,56.119999,55.290001,55.75,39.761642,17867000
2021-03-18,55.75,56.369999,55.66,56.310001,40.161057,19970700
2021-03-19,56.43,56.52,55.950001,56.240002,40.111134,39055000
2021-03-22,55.869999,56.669998,55.77,56.59,40.360756,20656600
2021-03-23,56.419998,57.419998,56.380001,56.91,40.588985,20084100
2021-03-24,56.740002,57.43,56.630001,57.009998,40.660309,14819800
2021-03-25,57.049999,57.540001,56.700001,57.380001,40.924198,18047400
2021-03-26,57.43,58.25,57.380001,58.18,41.494766,19632700
2021-03-29,58.09,58.98,57.950001,58.830002,41.958359,18577300
2021-03-30,58.869999,58.970001,58.23,58.59,41.787186,13239700
2021-03-31,58.400002,58.52,58.060001,58.150002,41.47337,19531700
2021-04-01,58.02,58.389999,57.740002,58.299999,41.580345,12885100
2021-04-05,58.529999,59.130001,58.459999,58.869999,41.986881,14326300
2021-04-06,58.810001,59.110001,58.68,59.110001,42.158058,12198300
2021-04-07,59.130001,59.459999,58.790001,59.0,42.079609,13218400
2021-04-08,58.040001,58.130001,57.529999,57.599998,41.523079,16472400
2021-04-09,57.599998,57.799999,57.25,57.490002,41.443779,13872000
2021-04-12,57.66,57.889999,57.43,57.540001,41.479836,19564600
2021-04-13,57.369999,57.759998,57.16,57.619999,41.537491,15489100
2021-04-14,57.5,58.130001,57.290001,57.700001,41.595169,13890100
2021-04-15,57.560001,57.91,57.540001,57.700001,41.595169,13338400
2021-04-16,58.07,58.48,57.799999,58.279999,42.013271,19866200
2021-04-19,58.5,58.709999,58.09,58.389999,42.092579,11955400
2021-04-20,58.119999,58.540001,57.970001,58.389999,42.092579,16673600
2021-04-21,58.400002,58.84,58.049999,58.139999,41.912357,18310100
2021-04-22,57.939999,58.09,57.139999,57.279999,41.292397,20921900
2021-04-23,57.130001,57.470001,56.779999,57.299999,41.306816,18099400
2021-04-26,57.360001,57.389999,56.849998,56.939999,41.047283,15073600
2021-04-27,56.580002,56.720001,56.200001,56.32,40.600338,21858600
2021-04-28,56.369999,56.66,56.34,56.43,40.679634,12862500
2021-04-29,56.549999,57.52,56.529999,57.32,41.32122,18169200
2021-04-30,57.349998,57.860001,56.959999,57.790001,41.660046,16861500
2021-05-03,58.23,58.330002,57.869999,57.919998,41.753757,17559100
2021-05-04,57.98,58.650002,57.950001,58.599998,42.243969,22067700
2021-05-05,58.630001,59.060001,58.549999,58.689999,42.308838,17882200
2021-05-06,58.91,59.369999,58.689999,59.290001,42.741375,14593100
2021-05-07,58.799999,59.07,58.599998,58.720001,42.330475,15678600
2021-05-10,59.080002,59.849998,59.02,59.52,42.907185,22563000
2021-05-11,59.790001,59.790001,58.290001,58.540001,42.200706,17971900
2021-05-12,58.25,58.900002,58.150002,58.41,42.106987,14718600
2021-05-13,58.0,59.189999,57.959999,58.810001,42.395348,13305100
2021-05-14,59.009998,59.259998,58.669998,58.689999,42.308838,13770000
2021-05-17,58.889999,59.07,57.869999,57.939999,41.768185,22387000
2021-05-18,57.5,57.5,56.639999,57.18,41.220303,26579000
2021-05-19,56.52,56.939999,56.349998,56.919998,41.032875,20213500
2021-05-20,56.91,57.25,56.75,56.790001,40.939159,20768900
2021-05-21,57.060001,57.299999,56.740002,56.91,41.025665,15474400
2021-05-24,57.09,57.299999,56.779999,56.98,41.076126,12970700
2021-05-25,57.0,57.029999,56.290001,56.48,40.715687,15935100
2021-05-26,56.470001,56.560001,56.27,56.360001,40.629173,14045200
2021-05-27,56.32,56.549999,56.02,56.290001,40.578712,30754300
2021-05-28,56.349998,56.639999,56.290001,56.490002,40.722889,14027800
2021-06-01,56.75,56.860001,56.240002,56.380001,40.643593,14922800
2021-06-02,56.310001,56.84,56.169998,56.650002,40.838234,13681100
2021-06-03,56.700001,57.220001,56.580002,56.98,41.076126,14212500
2021-06-04,56.919998,57.369999,56.900002,57.299999,41.306816,11868100
2021-06-07,57.23,57.330002,57.07,57.200001,41.234726,11144100
2021-06-08,57.240002,57.25,56.790001,57.150002,41.198692,15858400
2021-06-09,57.150002,57.529999,57.009998,57.049999,41.126587,14705100
2021-06-10,57.330002,57.610001,57.220001,57.34,41.335648,12013600
2021-06-11,57.490002,57.549999,57.009998,57.330002,41.328438,12929000
2021-06-14,57.189999,57.27,56.849998,57.18,41.220303,11907600
2021-06-15,57.18,57.450001,57.16,57.290001,41.299603,12602700
2021-06-16,57.369999,57.389999,56.630001,56.639999,40.831024,15678400
2021-06-17,56.650002,56.919998,56.5,56.529999,40.751724,14761100
2021-06-18,56.310001,56.310001,55.57,55.82,40.239895,38210500
2021-06-21,56.07,56.490002,55.98,56.389999,40.650799,13628200
2021-06-22,56.689999,56.779999,56.279999,56.369999,40.636387,13866600
2021-06-23,56.450001,56.75,56.049999,56.07,40.420116,16524500
2021-06-24,56.16,56.41,56.060001,56.369999,40.636387,15386200
2021-06-25,56.27,56.52,56.189999,56.380001,40.643593,14540300
2021-06-28,56.380001,56.5,56.169998,56.18,40.49942,13754900
2021-06-29,56.200001,56.369999,55.82,55.84,40.254311,15313000
2021-06-30,55.759998,56.139999,55.759998,56.029999,40.391281,14559700
2021-07-01,56.18,56.43,56.02,56.290001,40.578712,11672200
2021-07-02,56.380001,56.57,56.259998,56.439999,40.686848,11387100
2021-07-06,56.48,56.509998,56.0,56.41,40.665211,13815900
2021-07-07,56.349998,56.580002,56.209999,56.529999,40.751724,14393300
2021-07-08,55.75,55.98,55.549999,55.68,40.589893,18384000
2021-07-09,55.700001,56.23,55.619999,56.07,40.874199,13757000
2021-07-12,55.990002,56.360001,55.880001,56.150002,40.932518,13451500
2021-07-13,56.27,56.48,56.0,56.09,40.888779,12511900
2021-07-14,56.09,56.43,56.029999,56.32,41.056442,14821700
2021-07-15,56.32,56.599998,56.240002,56.549999,41.22411,12813900
2021-07-16,56.68,56.790001,56.41,56.459999,41.158501,11637900
2021-07-19,56.169998,56.439999,55.310001,55.84,40.706543,21958500
2021-07-20,55.950001,56.77,55.540001,55.580002,40.516998,20258900
2021-07-21,56.540001,56.849998,55.919998,55.950001,40.786724,25264100
2021-07-22,56.150002,56.279999,55.619999,55.950001,40.786724,16231400
2021-07-23,55.830002,56.029999,55.639999,55.880001,40.735687,14894300
2021-07-26,55.880001,55.939999,55.549999,55.779999,40.662792,15330500
2021-07-27,55.669998,56.34,55.48,56.200001,40.968967,15225800
2021-07-28,56.240002,56.32,55.689999,55.720001,40.619053,14595900
2021-07-29,55.889999,56.18,55.880001,55.98,40.808594,12841900
2021-07-30,56.029999,56.18,55.759998,55.779999,40.662792,13856900
2021-08-02,56.060001,56.259998,55.68,55.759998,40.648212,13833400
2021-08-03,55.759998,55.950001,55.57,55.73,40.626343,12573100
2021-08-04,55.599998,55.709999,55.279999,55.369999,40.363907,16446100
2021-08-05,55.41,55.5,55.25,55.299999,40.312881,12776600
2021-08-06,55.330002,55.59,55.209999,55.220001,40.254562,12660300
2021-08-09,55.279999,55.419998,55.110001,55.119999,40.181664,13452400
2021-08-10,55.099998,55.529999,55.0,55.48,40.444096,11756900
2021-08-11,55.610001,55.849998,55.52,55.57,40.509705,11727300
2021-08-12,55.619999,55.799999,55.529999,55.639999,40.560738,10744800
2021-08-13,55.700001,55.98,55.68,55.869999,40.728397,8384600
2021-08-16,55.919998,56.07,55.580002,55.98,40.808594,12964200
2021-08-17,55.869999,56.200001,55.77,56.18,40.954395,11847600
2021-08-18,56.049999,56.07,55.450001,55.470001,40.43681,15093500
2021-08-19,55.299999,55.66,55.189999,55.369999,40.363907,12679900
2021-08-20,55.330002,55.709999,55.200001,55.52,40.473263,10645100
2021-08-23,55.549999,55.709999,55.41,55.419998,40.400364,11963700
2021-08-24,55.41,55.419998,55.0,55.009998,40.101475,15478400
2021-08-25,55.02,55.080002,54.810001,54.93,40.043152,14666300
2021-08-26,54.91,55.060001,54.57,54.599998,39.802586,15256200
2021-08-27,54.650002,54.830002,54.529999,54.77,39.926517,13213800
2021-08-30,54.740002,54.959999,54.68,54.77,39.926517,11621200
2021-08-31,54.709999,55.139999,54.580002,55.0,40.094185,18405600
2021-09-01,55.0,55.150002,54.799999,54.939999,40.050446,12647300
2021-09-02,54.93,55.310001,54.900002,55.290001,40.305588,12875900
2021-09-03,55.240002,55.5,55.169998,55.43,40.407646,11006200
2021-09-07,55.380001,55.5,54.799999,54.82,39.962967,15500900
2021-09-08,54.790001,55.09,54.790001,54.91,40.028576,11835900
2021-09-09,54.830002,54.869999,54.43,54.439999,39.685951,19403300
2021-09-10,54.560001,54.669998,54.220001,54.23,39.532867,15944100
2021-09-13,54.400002,54.98,54.400002,54.619999,39.817173,20749000
2021-09-14,54.650002,54.77,54.279999,54.41,39.664082,16937500
2021-09-15,54.310001,54.66,54.310001,54.57,39.78072,15330000
2021-09-16,54.619999,54.790001,54.349998,54.43,39.678665,14431400
2021-09-17,54.139999,54.459999,54.060001,54.279999,39.569313,30787600
2021-09-20,54.060001,54.580002,54.009998,54.259998,39.554733,20440500
2021-09-21,54.290001,54.639999,54.009998,54.029999,39.387066,16906900
2021-09-22,54.139999,54.389999,54.02,54.060001,39.408947,15907900
2021-09-23,54.200001,54.610001,54.009998,54.419998,39.671371,14714100
2021-09-24,54.360001,54.57,54.25,54.369999,39.634926,12663900
2021-09-27,54.450001,54.650002,54.380001,54.470001,39.707825,13118200
2021-09-28,54.450001,54.689999,54.029999,54.16,39.481838,19528200
2021-09-29,54.09,54.66,54.09,54.380001,39.642216,14823000
2021-09-30,54.5,54.509998,54.0,54.009998,39.37249,18736600
2021-10-01,54.02,54.560001,53.919998,54.299999,39.583885,18618400
2021-10-04,54.450001,54.849998,54.279999,54.5,39.729691,18159200
2021-10-05,54.639999,54.810001,54.32,54.509998,39.73698,13218200
2021-10-06,54.34,54.59,54.009998,54.529999,39.75156,21339800
2021-10-07,54.040001,54.349998,53.830002,53.900002,39.758942,18069600
2021-10-08,53.869999,53.970001,53.220001,53.240002,39.272099,21384600
2021-10-11,53.259998,53.290001,51.98,52.18,38.490192,32088400
2021-10-12,52.18,52.18,51.110001,51.330002,37.863197,42154000
2021-10-13,51.209999,51.41,50.860001,51.349998,37.877945,27246900
2021-10-14,51.27,51.990002,51.16,51.919998,38.298401,27764900
2021-10-15,52.080002,52.810001,52.02,52.27,38.556576,27005500
2021-10-18,52.16,52.32,51.639999,51.91,38.291027,20853500
2021-10-19,52.0,52.419998,51.919998,52.349998,38.615585,16094800
2021-10-20,52.790001,53.740002,52.720001,53.610001,39.545021,30659500
2021-10-21,53.77,53.93,53.07,53.389999,39.382732,17771100
2021-10-22,53.419998,53.419998,52.880001,52.93,39.043423,16074000
2021-10-25,52.970001,53.099998,52.459999,52.580002,38.785252,15987400
2021-10-26,52.700001,53.169998,52.560001,53.080002,39.154064,15185200
2021-10-27,53.169998,53.200001,52.470001,52.630001,38.822124,15007400
2021-10-28,52.75,53.150002,52.619999,52.799999,38.947533,18374700
2021-10-29,52.5,53.049999,52.41,52.990002,39.087692,17763200
2021-11-01,53.240002,53.369999,52.869999,52.950001,39.058182,14177700
2021-11-02,53.049999,53.09,52.509998,52.57,38.777874,16913800
2021-11-03,52.59,53.07,52.52,52.939999,39.0508,12240000
2021-11-04,52.91,52.91,51.200001,51.849998,38.246769,30807500
2021-11-05,52.02,52.799999,52.02,52.240002,38.534443,17442800
2021-11-08,52.299999,52.419998,51.91,52.330002,38.600845,15985200
2021-11-09,52.299999,52.369999,51.990002,52.240002,38.534443,16014100
2021-11-10,52.419998,52.759998,52.209999,52.599998,38.799999,16261100
2021-11-11,52.740002,52.740002,52.360001,52.450001,38.689358,10983700
2021-11-12,52.509998,52.52,52.290001,52.34,38.608219,14378500
2021-11-15,52.439999,52.540001,52.07,52.400002,38.65247,14282700
2021-11-16,52.509998,52.619999,52.040001,52.060001,38.40168,15876100
2021-11-17,52.009998,52.060001,51.610001,51.73,38.158257,17679200
2021-11-18,51.5,51.650002,51.130001,51.240002,37.796806,19490300
2021-11-19,51.279999,51.32,50.669998,50.860001,37.516499,21105200
2021-11-22,50.849998,52.029999,50.650002,51.540001,38.018097,22751600
2021-11-23,51.560001,52.150002,51.560001,51.75,38.173008,21501600
2021-11-24,51.630001,52.110001,51.59,51.66,38.106621,15474500
2021-11-26,51.150002,52.200001,51.099998,51.799999,38.209888,17048100
2021-11-29,51.610001,51.849998,51.330002,51.66,38.106621,18652500
2021-11-30,51.259998,51.360001,50.040001,50.27,37.081295,47766200
2021-12-01,50.5,50.919998,49.740002,49.77,36.712475,26295500
2021-12-02,49.830002,51.169998,49.779999,50.73,37.42062,27364400
2021-12-03,50.59,51.490002,50.52,51.419998,37.929581,24711700
2021-12-06,51.639999,51.93,50.959999,51.07,37.67141,22433100
2021-12-07,51.0,51.009998,50.130001,50.790001,37.464855,27754700
2021-12-08,50.720001,50.849998,50.150002,50.490002,37.24358,20452700
2021-12-09,50.400002,50.400002,49.869999,50.16,37.000153,23628300
2021-12-10,50.330002,50.330002,49.990002,50.189999,37.022282,18498700
2021-12-13,50.099998,50.540001,49.689999,50.279999,37.088669,27618800
2021-12-14,50.369999,51.150002,50.18,50.650002,37.361595,31555900
2021-12-15,50.830002,51.040001,50.48,50.549999,37.28783,24115700
2021-12-16,50.66,52.919998,50.549999,52.75,38.910648,40091300
2021-12-17,53.049999,53.220001,52.360001,53.169998,39.220455,54501100
2021-12-20,52.73,53.34,52.689999,53.09,39.161449,23418000
2021-12-21,53.259998,53.330002,52.650002,52.779999,38.932774,23905300
2021-12-22,52.580002,52.900002,52.060001,52.77,38.925392,16486500
2021-12-23,52.849998,53.09,52.669998,52.68,38.859005,14921400
2021-12-27,52.689999,52.82,52.450001,52.68,38.859005,19705800
2021-12-28,52.630001,53.09,52.610001,52.720001,38.888512,12126500
2021-12-29,52.77,52.880001,52.34,52.360001,38.622959,15109500
2021-12-30,52.380001,52.57,52.080002,52.25,38.541821,15615500
2021-12-31,52.200001,52.310001,51.880001,51.959999,38.327911,15911400
2022-01-03,52.07,52.560001,51.98,52.439999,38.681984,18240100
2022-01-04,52.639999,53.709999,52.549999,53.470001,39.44175,26376800
2022-01-05,53.84,54.639999,53.509998,54.02,39.847454,28697300
2022-01-06,54.48,54.549999,53.66,53.759998,39.65567,21563800
2022-01-07,53.259998,54.360001,53.259998,54.240002,40.491776,26512500
2022-01-10,54.490002,54.830002,53.810001,53.869999,40.215557,24929400
2022-01-11,53.919998,54.080002,53.16,53.59,40.006531,18598500
2022-01-12,53.389999,53.66,53.09,53.450001,39.902023,12778300
2022-01-13,53.52,54.029999,53.18,53.52,39.954269,18178200
2022-01-14,53.59,53.700001,53.080002,53.279999,39.775108,18695800
2022-01-18,53.099998,53.57,52.580002,53.43,39.887096,21570300
2022-01-19,53.470001,53.68,52.869999,53.5,39.939342,18374200
2022-01-20,53.490002,53.939999,53.080002,53.400002,39.864693,24297100
2022-01-21,53.73,53.900002,53.07,53.16,39.68552,25294800
2022-01-24,53.110001,53.709999,52.200001,52.959999,39.536224,32500600
2022-01-25,53.130001,53.849998,52.259998,52.900002,39.491428,32075900
2022-01-26,52.619999,52.860001,50.810001,51.02,38.087955,41504700
2022-01-27,50.91,52.07,50.810001,51.189999,38.214863,35339600
2022-01-28,51.439999,52.93,51.189999,52.900002,39.491428,29490800
2022-01-31,52.52,53.32,52.209999,53.23,39.737778,25182400
2022-02-01,53.400002,53.599998,52.209999,53.200001,39.715382,33045600
2022-02-02,53.560001,54.279999,53.299999,53.799999,40.163307,24160200
2022-02-03,54.0,54.57,53.700001,53.790001,40.155849,21219800
2022-02-04,53.52,53.830002,53.23,53.310001,39.797516,16199800
2022-02-07,53.23,53.360001,52.509998,53.0,39.566078,15438900
2022-02-08,53.009998,53.169998,52.580002,52.82,39.431705,13911700
2022-02-09,53.150002,53.66,52.880001,53.5,39.939342,16449300
2022-02-10,53.34,53.540001,52.900002,53.040001,39.595947,18644400
2022-02-11,52.950001,53.459999,52.700001,53.32,39.80497,18833100
2022-02-14,53.25,53.450001,52.5,53.27,39.767643,16081700
2022-02-15,53.299999,53.59,53.150002,53.360001,39.834835,12824100
2022-02-16,53.189999,53.799999,53.09,53.400002,39.864693,17277700
2022-02-17,53.099998,53.59,52.779999,53.580002,39.999069,17462500
2022-02-18,53.560001,53.959999,53.279999,53.830002,40.185703,20298500
2022-02-22,54.0,54.029999,53.59,53.900002,40.237965,19858400
2022-02-23,53.900002,53.93,53.240002,53.41,39.872158,17841900
2022-02-24,52.970001,53.16,51.709999,52.59,39.26001,30079700
2022-02-25,53.080002,54.540001,53.080002,54.119999,40.402191,31444200
2022-02-28,53.799999,54.099998,53.400002,53.669998,40.066265,30593900
2022-03-01,53.5,54.189999,53.259998,53.610001,40.021473,24693100
2022-03-02,53.669998,54.41,53.529999,54.139999,40.41713,20712900
2022-03-03,54.380001,55.150002,54.18,54.66,40.805321,27577700
2022-03-04,54.43,55.389999,54.259998,55.110001,41.141262,26913800
2022-03-07,54.75,55.240002,54.5,54.68,40.820251,24962800
2022-03-08,54.959999,55.34,53.189999,53.25,39.752712,36526700
2022-03-09,53.720001,53.810001,53.009998,53.080002,39.625805,23049800
2022-03-10,53.0,53.34,52.779999,53.23,39.737778,17501800
2022-03-11,53.360001,53.580002,53.009998,53.040001,39.595947,20838500
2022-03-14,53.43,53.669998,52.439999,52.5,39.192822,23124100
2022-03-15,52.689999,53.0,52.209999,52.759998,39.386913,20477600
2022-03-16,52.869999,53.0,51.950001,52.490002,39.185352,28500700
2022-03-17,52.48,52.540001,52.0,52.360001,39.088299,22931500
2022-03-18,52.119999,52.290001,50.799999,50.799999,37.923717,70390600
2022-03-21,51.369999,51.810001,50.970001,51.099998,38.147675,39892800
2022-03-22,51.189999,51.459999,50.950001,51.0,38.073029,28676600
2022-03-23,51.049999,51.459999,50.959999,50.970001,38.050629,25988800
2022-03-24,51.040001,51.189999,50.93,51.0,38.073029,21087300
2022-03-25,51.060001,51.459999,50.970001,51.279999,38.282047,18765800
2022-03-28,51.360001,51.389999,50.950001,51.169998,38.199936,21688600
2022-03-29,51.32,51.34,50.959999,51.25,38.259651,28193400
2022-03-30,51.220001,51.630001,51.080002,51.610001,38.528404,23821200
2022-03-31,51.66,51.75,50.93,50.939999,38.028225,31027600
2022-04-01,51.02,52.189999,50.82,52.119999,38.909134,30550300
2022-04-04,52.02,52.5,51.639999,52.459999,39.16296,25793000
2022-04-05,52.200001,52.900002,52.130001,52.779999,39.401844,23150600
2022-04-06,52.810001,53.43,52.57,53.200001,39.715382,28661700
2022-04-07,52.450001,52.98,52.040001,52.669998,39.798508,22790600
2022-04-08,52.73,53.68,52.5,53.529999,40.448338,24852200
2022-04-11,53.869999,54.700001,53.709999,53.900002,40.727924,33614900
2022-04-12,53.869999,54.049999,53.419998,53.669998,40.554131,21136400
2022-04-13,53.59,54.369999,53.59,54.139999,40.909264,19798000
2022-04-14,54.0,54.189999,53.779999,53.830002,40.675026,16915100
2022-04-18,53.759998,54.279999,53.220001,53.389999,40.342556,14394300
2022-04-19,53.580002,53.91,53.459999,53.75,40.614578,12890000
2022-04-20,53.759998,54.490002,53.700001,54.41,41.113289,19563400
2022-04-21,54.610001,55.509998,54.470001,55.009998,41.566666,32821100
2022-04-22,53.439999,53.540001,51.459999,51.91,39.224236,44958400
2022-04-25,51.34,51.439999,49.540001,50.279999,37.992577,46028400
2022-04-26,50.259998,50.650002,49.369999,49.41,37.335186,29507700
2022-04-27,49.509998,49.509998,48.419998,48.459999,36.617352,30582000
2022-04-28,48.689999,49.169998,48.299999,48.400002,36.572002,33011700
2022-04-29,48.16,48.200001,46.169998,46.299999,34.985207,41014200
2022-05-02,46.509998,47.060001,45.549999,46.23,34.93232,33309400
2022-05-03,46.389999,47.41,46.060001,47.169998,35.642597,33263100
2022-05-04,47.240002,48.419998,47.0,48.369999,36.549335,29564600
2022-05-05,48.029999,48.330002,47.41,47.84,36.148865,20664300
2022-05-06,47.599998,48.439999,47.52,48.27,36.473778,19322000
2022-05-09,48.130001,48.860001,47.75,48.619999,36.738239,24391300
2022-05-10,48.900002,49.439999,47.77,48.130001,36.368,23007300
2022-05-11,48.18,48.52,47.619999,47.880001,36.179089,20133200
2022-05-12,47.810001,48.18,47.41,48.060001,36.315102,21623900
2022-05-13,48.25,48.450001,47.610001,48.18,36.405777,21080500
2022-05-16,47.98,49.200001,47.759998,49.040001,37.055607,22754700
2022-05-17,48.950001,49.209999,48.529999,48.939999,36.980045,22043100
2022-05-18,48.950001,49.459999,48.630001,48.889999,36.942265,22365100
2022-05-19,48.459999,49.18,48.130001,49.099998,37.100945,23186400
2022-05-20,49.040001,49.599998,48.919998,49.529999,37.425865,24181800
2022-05-23,49.790001,50.27,49.5,49.669998,37.531651,16761800
2022-05-24,49.689999,50.82,48.860001,50.68,38.294823,25414700
2022-05-25,50.5,51.27,50.389999,51.240002,38.717972,19831500
2022-05-26,51.310001,51.610001,50.91,50.990002,38.529068,15500400
2022-05-27,50.75,51.43,50.529999,51.400002,38.838863,13347300
2022-05-31,51.259998,51.560001,50.849998,51.290001,38.755756,25016600
2022-06-01,51.439999,51.630001,51.049999,51.400002,38.838863,15358100
2022-06-02,51.549999,51.59,50.389999,51.290001,38.755756,13527800
2022-06-03,50.939999,51.25,50.689999,50.810001,38.393059,10819800
2022-06-06,50.93,51.349998,50.720001,51.240002,38.717972,12898100
2022-06-07,51.150002,51.700001,50.93,51.650002,39.027775,15383000
2022-06-08,51.73,51.959999,51.439999,51.549999,38.952213,13249700
2022-06-09,51.619999,51.77,50.919998,50.939999,38.491283,12078400
2022-06-10,50.650002,51.400002,50.470001,50.82,38.400612,19868500
2022-06-13,50.619999,50.790001,49.400002,49.59,37.471203,23762500
2022-06-14,49.59,49.84,48.900002,49.16,37.146271,20278700
2022-06-15,49.23,49.830002,48.599998,49.150002,37.138725,22005600
2022-06-16,48.52,48.970001,48.009998,48.84,36.904484,22029300
2022-06-17,48.610001,49.490002,48.529999,49.029999,37.048046,36469500
2022-06-21,49.310001,50.91,49.220001,50.650002,38.272152,34258500
2022-06-22,50.259998,51.169998,50.209999,50.790001,38.377941,23650600
2022-06-23,51.029999,52.18,51.029999,52.09,39.360245,21736400
2022-06-24,52.029999,52.150002,50.57,50.959999,38.506401,28490700
2022-06-27,51.290001,51.490002,50.650002,50.959999,38.506401,16974900
2022-06-28,51.07,51.299999,50.43,50.459999,38.128586,16615700
2022-06-29,50.48,51.0,50.32,50.939999,38.491283,13901400
2022-06-30,50.669998,51.220001,50.459999,50.75,38.347717,18880500
2022-07-01,50.959999,51.77,50.580002,51.639999,39.020214,14189300
2022-07-05,51.419998,51.459999,50.48,51.419998,38.853989,19675600
2022-07-06,51.419998,51.889999,51.130001,51.509998,38.921982,14938900
2022-07-07,50.959999,51.060001,50.360001,50.709999,38.799576,13617100
2022-07-08,50.52,50.919998,50.41,50.490002,38.631237,13959200
2022-07-11,50.369999,50.740002,50.259998,50.5,38.638889,12259000
2022-07-12,50.650002,51.360001,50.279999,50.779999,38.853119,20528700
2022-07-13,50.439999,51.09,50.200001,50.509998,38.646553,13362500
2022-07-14,49.919998,50.560001,49.73,50.490002,38.631237,10271700
2022-07-15,51.0,51.040001,50.349998,51.02,39.036755,13021300
2022-07-18,51.060001,51.169998,50.169998,50.279999,38.470566,16173100
2022-07-19,50.48,50.560001,50.240002,50.450001,38.600636,14638500
2022-07-20,50.470001,50.549999,49.009998,49.07,37.544762,29611400
2022-07-21,47.630001,47.880001,46.68,47.66,36.465927,32321000
2022-07-22,45.950001,46.18,43.77,44.450001,34.009872,58265000
2022-07-25,44.380001,44.799999,44.049999,44.759998,34.247063,27180700
2022-07-26,44.5,45.169998,44.27,44.919998,34.369488,20571800
2022-07-27,44.810001,45.09,44.450001,44.91,34.361828,21560500
2022-07-28,44.84,45.720001,44.75,45.549999,34.851521,22051900
2022-07-29,45.709999,46.5,45.580002,46.189999,35.341198,23129800
2022-08-01,46.290001,46.5,45.919998,46.259998,35.39476,18612100
2022-08-02,46.25,46.43,45.310001,45.34,34.690849,18710300
2022-08-03,45.459999,45.610001,45.18,45.330002,34.683189,17314100
2022-08-04,45.220001,45.220001,44.360001,44.43,33.994579,29704300
2022-08-05,44.48,44.98,44.360001,44.950001,34.392445,17297500
2022-08-08,44.950001,45.009998,44.349998,44.540001,34.078735,20597000
2022-08-09,44.610001,44.849998,44.389999,44.68,34.18586,14554000
2022-08-10,45.009998,45.060001,44.650002,44.84,34.308281,16402700
2022-08-11,44.959999,45.259998,44.740002,44.779999,34.262363,15407300
2022-08-12,44.950001,45.259998,44.810001,45.150002,34.545464,15090900
2022-08-15,45.029999,45.639999,44.939999,45.560001,34.859169,15713600
2022-08-16,45.5,46.049999,45.380001,45.799999,35.042805,14112800
2022-08-17,45.43,45.720001,45.259998,45.34,34.690849,11294400
2022-08-18,44.419998,44.529999,43.91,44.189999,33.810944,25957400
2022-08-19,44.099998,44.490002,43.959999,44.419998,33.986916,19485400
2022-08-22,44.400002,44.470001,44.09,44.169998,33.795639,15031400
2022-08-23,44.0,44.130001,43.419998,43.470001,33.260048,19014200
2022-08-24,43.549999,43.630001,43.220001,43.549999,33.321259,17384400
2022-08-25,43.650002,43.82,43.419998,43.740002,33.466637,14327600
2022-08-26,43.59,43.700001,43.240002,43.25,33.091724,16795700
2022-08-29,43.02,43.57,43.02,43.330002,33.152939,15039500
2022-08-30,43.380001,43.380001,42.5,42.529999,32.540833,20705100
2022-08-31,42.470001,42.59,41.759998,41.810001,31.989939,28368200
2022-09-01,41.639999,42.049999,41.639999,41.810001,31.989939,21641700
2022-09-02,42.0,42.209999,41.150002,41.299999,31.599726,21155700
2022-09-06,41.349998,41.689999,41.09,41.099998,31.446699,23898600
2022-09-07,41.139999,41.650002,41.0,41.080002,31.431398,25548300
2022-09-08,41.0,41.720001,40.709999,41.32,31.615028,28753200
2022-09-09,41.68,42.32,41.470001,42.240002,32.318947,20259500
2022-09-12,42.59,42.849998,42.41,42.759998,32.716808,18553200
2022-09-13,42.400002,42.610001,41.57,41.75,31.944033,21284500
2022-09-14,41.75,41.93,40.98,41.279999,31.584421,23152200
2022-09-15,41.029999,41.27,40.709999,41.029999,31.39315,22763400
2022-09-16,40.98,41.540001,40.66,41.25,31.56147,45069300
2022-09-19,41.060001,41.25,40.689999,41.240002,31.553827,18960900
2022-09-20,40.990002,40.990002,40.470001,40.59,31.056486,15561200
2022-09-21,40.689999,40.900002,39.470001,39.48,30.207197,25612100
2022-09-22,39.470001,40.400002,39.259998,39.93,30.551506,19806400
2022-09-23,39.560001,39.869999,39.110001,39.52,30.237812,19439700
2022-09-26,39.23,39.380001,38.630001,38.93,29.786375,21345700
2022-09-27,39.200001,39.700001,38.779999,38.889999,29.755774,20357700
2022-09-28,39.060001,39.509998,39.009998,39.389999,30.138332,20567400
2022-09-29,39.110001,39.200001,38.450001,38.639999,29.564489,17806900
2022-09-30,38.540001,38.790001,37.950001,37.970001,29.051859,23523600
2022-10-03,38.5,39.369999,38.389999,39.16,29.962358,21495300
2022-10-04,39.5,39.849998,39.25,39.810001,30.459686,25922500
2022-10-05,39.34,39.619999,38.869999,39.400002,30.14599,17797900
2022-10-06,39.470001,39.66,37.77,37.84,29.440319,36663300
2022-10-07,37.630001,37.700001,36.810001,36.849998,28.670074,31838700
2022-10-10,37.130001,37.32,36.369999,36.619999,28.491138,21622200
2022-10-11,36.560001,36.689999,35.93,35.939999,27.962076,27708900
2022-10-12,35.900002,36.200001,35.599998,35.68,27.759794,23336800
2022-10-13,35.119999,36.59,35.040001,36.400002,28.319971,33118100
2022-10-14,36.799999,36.91,36.34,36.380001,28.304411,26019000
2022-10-17,36.720001,37.299999,36.59,37.18,28.926828,21962900
2022-10-18,37.669998,37.700001,36.830002,37.07,28.841246,27488600
2022-10-19,36.57,37.369999,36.560001,36.57,28.452229,29563600
2022-10-20,36.57,37.529999,36.549999,37.0,28.786787,35523700
2022-10-21,35.52,35.700001,34.549999,35.349998,27.50305,51671100
2022-10-24,35.66,36.389999,35.57,35.970001,27.98543,28844800
2022-10-25,35.91,36.48,35.799999,36.43,28.343309,25496500
2022-10-26,36.380001,36.709999,36.200001,36.43,28.343309,20328200
2022-10-27,36.689999,36.720001,36.130001,36.18,28.148804,20268000
2022-10-28,36.799999,38.040001,36.57,37.669998,29.308054,31824300
2022-10-31,37.509998,37.540001,37.02,37.369999,29.074648,26630600
2022-11-01,37.98,38.09,37.299999,37.369999,29.074648,22968900
2022-11-02,37.25,38.349998,37.16,37.709999,29.339174,30648900
2022-11-03,37.360001,37.540001,37.119999,37.150002,28.90349,22329800
2022-11-04,37.349998,37.369999,36.799999,37.240002,28.973509,17599400
2022-11-07,37.32,37.450001,36.98,37.189999,28.934603,19697600
2022-11-08,37.200001,37.990002,37.16,37.869999,29.463661,17392700
2022-11-09,37.919998,38.130001,37.59,37.619999,29.269156,17574600
2022-11-10,38.299999,38.549999,37.82,38.52,29.969376,23049000
2022-11-11,38.549999,38.689999,37.810001,38.299999,29.79821,22981000
2022-11-14,38.450001,38.990002,38.299999,38.310001,29.80599,23028500
2022-11-15,38.490002,38.830002,37.459999,37.700001,29.3314,25074100
2022-11-16,37.66,38.07,37.630001,37.880001,29.471441,18962200
2022-11-17,37.549999,38.18,37.290001,38.16,29.689283,18780400
2022-11-18,38.290001,38.77,38.290001,38.549999,29.992718,17821700
2022-11-21,38.599998,39.130001,38.52,38.619999,30.04718,19184200
2022-11-22,38.84,39.32,38.84,39.200001,30.498434,19809500
2022-11-23,39.029999,39.200001,38.610001,38.919998,30.280588,14170000
2022-11-25,39.099998,39.360001,38.970001,39.02,30.358389,7725700
2022-11-28,39.009998,39.09,38.130001,38.240002,29.751532,21560900
2022-11-29,38.02,38.369999,37.950001,38.34,29.82933,14008800
2022-11-30,38.209999,39.139999,38.150002,38.98,30.327261,31358800
2022-12-01,39.18,39.23,37.810001,38.330002,29.82155,26276600
2022-12-02,37.93,38.299999,37.700001,38.18,29.704851,21677100
2022-12-05,37.98,38.110001,36.900002,37.07,28.841246,27561000
2022-12-06,36.990002,37.07,36.630001,36.889999,28.7012,26293700
2022-12-07,36.740002,37.310001,36.669998,37.169998,28.919044,23065900
2022-12-08,37.110001,37.240002,36.869999,37.099998,28.864588,19549100
2022-12-09,37.209999,37.630001,36.959999,37.400002,29.097996,20671200
2022-12-12,37.689999,37.959999,37.279999,37.950001,29.525911,19629600
2022-12-13,38.389999,38.619999,37.84,37.860001,29.455881,30176800
2022-12-14,37.869999,38.09,37.240002,37.450001,29.136902,23329800
2022-12-15,37.75,38.34,37.66,37.77,29.385864,33007200
2022-12-16,37.509998,37.57,36.669998,37.119999,28.880148,62763800
2022-12-19,37.330002,37.470001,36.580002,37.029999,28.810122,26127200
2022-12-20,36.990002,37.209999,36.619999,36.990002,28.779005,24147300
2022-12-21,37.27,37.849998,37.240002,37.779999,29.393641,24504300
2022-12-22,37.68,38.32,37.369999,38.310001,29.80599,26865300
2022-12-23,38.310001,38.540001,37.919998,38.41,29.883791,16918300
2022-12-27,38.490002,39.400002,38.32,39.25,30.537327,25315900
2022-12-28,39.189999,39.66,38.59,38.810001,30.195005,21793200
2022-12-29,38.900002,39.529999,38.810001,39.259998,30.545103,17347000
2022-12-30,39.310001,39.689999,39.07,39.400002,30.654037,44007200
2023-01-03,39.77,40.23,39.380001,40.119999,31.214205,31330700
2023-01-04,40.540001,41.419998,40.259998,41.130001,32.000008,28779500
2023-01-05,41.200001,41.950001,40.82,41.700001,32.443489,29987200
2023-01-06,41.919998,42.580002,41.880001,42.189999,32.824707,26010400
2023-01-09,41.380001,41.669998,41.310001,41.369999,32.692738,23062200
2023-01-10,41.360001,41.98,41.169998,41.950001,33.151093,16695300
2023-01-11,42.139999,42.18,41.02,41.18,32.542595,20674800
2023-01-12,41.380001,41.950001,41.119999,41.810001,33.040451,16980300
2023-01-13,41.650002,41.919998,41.369999,41.860001,33.07996,17229800
2023-01-17,41.849998,41.919998,40.790001,40.849998,32.281811,28697000
2023-01-18,40.860001,40.860001,39.82,39.970001,31.586388,22976500
2023-01-19,39.709999,40.279999,39.470001,40.060001,31.657513,24812600
2023-01-20,40.040001,40.119999,39.459999,40.0,31.610096,23377900
2023-01-23,39.990002,40.34,39.419998,39.630001,31.317703,34249300
2023-01-24,38.689999,40.73,38.41,40.419998,31.942003,32143900
2023-01-25,40.540001,41.09,39.91,40.330002,31.870882,26527000
2023-01-26,40.380001,40.57,39.93,40.27,31.823467,19568100
2023-01-27,40.220001,40.68,39.77,40.639999,32.115856,17254000
2023-01-30,40.84,41.259998,40.700001,41.049999,32.439861,22272600
2023-01-31,41.080002,41.580002,41.009998,41.57,32.850796,18665200
2023-02-01,41.990002,42.0,41.130001,41.689999,32.945618,19542000
2023-02-02,41.740002,41.93,41.200001,41.830002,33.056259,18443800
2023-02-03,41.779999,41.970001,41.139999,41.509998,32.803379,18314400
2023-02-06,41.509998,41.59,40.900002,41.279999,32.621616,15530700
2023-02-07,40.990002,41.209999,40.119999,40.549999,32.044735,21668500
2023-02-08,40.529999,40.700001,40.119999,40.52,32.021027,14080200
2023-02-09,40.619999,40.66,39.75,39.810001,31.459949,17485700
2023-02-10,40.0,40.07,39.720001,40.009998,31.618002,15398500
2023-02-13,40.009998,40.470001,39.880001,40.32,31.862978,14486000
2023-02-14,40.459999,40.580002,39.91,40.330002,31.870882,12292400
2023-02-15,40.23,40.400002,40.099998,40.380001,31.910389,11265200
2023-02-16,40.060001,40.209999,39.700001,39.84,31.48365,16625900
2023-02-17,39.84,40.389999,39.66,40.220001,31.783949,15029200
2023-02-21,39.900002,39.98,39.16,39.200001,30.977894,17805500
2023-02-22,39.380001,39.59,39.029999,39.279999,31.041109,15086800
2023-02-23,39.119999,39.32,38.52,38.529999,30.448421,16738200
2023-02-24,38.23,38.759998,38.09,38.740002,30.61438,16431500
2023-02-27,38.990002,39.150002,38.630001,38.880001,30.725019,14210900
2023-02-28,38.700001,38.970001,38.549999,38.810001,30.669699,16685300
2023-03-01,38.709999,38.709999,38.150002,38.299999,30.266665,18411700
2023-03-02,38.099998,38.459999,37.939999,38.41,30.353596,18818900
2023-03-03,38.439999,38.509998,38.060001,38.259998,30.235054,23407500
2023-03-06,38.369999,38.630001,38.049999,38.150002,30.148132,22925600
2023-03-07,38.099998,38.150002,37.43,37.91,29.958471,23713500
2023-03-08,37.799999,37.810001,37.349998,37.529999,29.658173,20295600
2023-03-09,37.599998,37.650002,36.52,36.549999,28.883724,26506900
2023-03-10,36.639999,36.919998,36.41,36.68,28.986458,23940700
2023-03-13,36.540001,37.330002,36.389999,36.540001,28.875828,21834500
2023-03-14,36.66,36.939999,36.5,36.880001,29.144506,22433200
2023-03-15,36.689999,37.259998,36.52,37.060001,29.286753,21722200
2023-03-16,36.82,36.880001,36.439999,36.580002,28.907433,29164400
2023-03-17,36.549999,36.830002,36.16,36.790001,29.073391,47352500
2023-03-20,36.959999,37.709999,36.93,37.43,29.579149,19247800
2023-03-21,37.720001,37.77,37.360001,37.740002,29.824127,16648100
2023-03-22,37.790001,37.950001,37.290001,37.310001,29.484322,15321800
2023-03-23,37.299999,37.630001,37.16,37.369999,29.531729,15799000
2023-03-24,37.529999,37.700001,37.25,37.66,29.76091,14957700
2023-03-27,37.990002,38.220001,37.700001,38.049999,30.069103,14472800
2023-03-28,38.02,38.310001,37.919998,38.0,30.029589,13092600
2023-03-29,38.310001,38.509998,38.16,38.48,30.408907,12308900
2023-03-30,38.549999,38.75,38.439999,38.66,30.551151,13918700
2023-03-31,38.790001,39.049999,38.549999,38.889999,30.73292,22801500
2023-04-03,39.049999,39.580002,39.02,39.220001,30.9937,19354900
2023-04-04,39.290001,39.650002,39.209999,39.650002,31.333515,18577100
2023-04-05,39.73,40.240002,39.57,40.110001,31.697023,23561300
2023-04-06,39.5,39.779999,39.16,39.48,31.715496,21546600
2023-04-10,39.209999,39.349998,38.990002,39.349998,31.611065,16114300
2023-04-11,39.330002,39.700001,39.27,39.450001,31.691408,12539700
2023-04-12,39.369999,39.630001,39.099998,39.200001,31.49057,13095200
2023-04-13,39.189999,39.32,38.919998,39.32,31.586962,13515800
2023-04-14,39.369999,39.419998,38.889999,39.220001,31.506638,11008400
2023-04-17,39.220001,39.509998,39.139999,39.459999,31.699432,11572900
2023-04-18,39.470001,39.490002,38.900002,38.939999,31.281694,16588500
2023-04-19,38.919998,38.990002,38.52,38.599998,31.008566,17701200
2023-04-20,37.66,37.799999,36.98,37.189999,29.87587,31521300
2023-04-21,37.43,37.43,37.049999,37.32,29.980312,23823800
2023-04-24,37.189999,37.490002,36.98,37.099998,29.803574,20362500
2023-04-25,36.709999,37.360001,36.57,37.299999,29.964237,24959400
2023-04-26,37.099998,37.439999,36.82,36.919998,29.65897,21499300
2023-04-27,37.200001,38.810001,37.130001,38.790001,31.161203,28841000
2023-04-28,38.560001,39.0,38.459999,38.830002,31.193342,19197500
2023-05-01,39.169998,39.18,38.68,38.709999,31.096937,17043500
2023-05-02,38.470001,38.509998,37.490002,37.669998,30.261471,17268700
2023-05-03,37.959999,38.299999,37.610001,37.98,30.510496,16703200
2023-05-04,37.860001,37.959999,37.290001,37.349998,30.004402,16163100
2023-05-05,37.52,37.84,37.16,37.830002,30.390003,15817400
2023-05-08,37.68,37.91,37.439999,37.830002,30.390003,10672400
2023-05-09,37.82,37.82,37.43,37.57,30.181141,12226800
2023-05-10,37.810001,37.830002,37.290001,37.630001,30.229342,14427500
2023-05-11,37.41,37.639999,37.32,37.599998,30.205236,11068700
2023-05-12,37.639999,37.740002,37.41,37.59,30.197201,10670700
2023-05-15,37.630001,37.630001,36.720001,36.77,29.538475,20408700
2023-05-16,36.619999,36.779999,36.040001,36.049999,28.960075,20244700
2023-05-17,36.220001,36.34,36.040001,36.18,29.064507,16741100
2023-05-18,36.009998,36.169998,35.720001,36.130001,29.024343,20365900
2023-05-19,36.220001,36.52,36.029999,36.049999,28.960075,16829200
2023-05-22,36.25,36.330002,35.91,35.959999,28.887774,16634300
2023-05-23,35.939999,36.91,35.799999,36.240002,29.112709,21539700
2023-05-24,36.23,36.25,35.849998,35.869999,28.815477,16044200
2023-05-25,35.540001,35.560001,34.740002,34.82,27.971977,32465900
2023-05-26,34.84,35.060001,34.669998,35.0,28.116581,18216700
2023-05-30,34.970001,35.130001,34.779999,34.900002,28.036245,19353300
2023-05-31,34.860001,35.98,34.860001,35.630001,28.622681,53756700
2023-06-01,35.599998,35.900002,35.419998,35.720001,28.694981,20565300
2023-06-02,34.400002,34.900002,33.720001,34.580002,27.779181,61527900
2023-06-05,34.779999,35.150002,34.450001,34.459999,27.682775,30125600
2023-06-06,34.5,34.740002,34.330002,34.700001,27.87558,18406700
2023-06-07,34.720001,35.279999,34.630001,35.259998,28.325441,25494100
2023-06-08,35.240002,35.439999,34.98,35.43,28.462009,17749700
2023-06-09,35.459999,35.619999,35.259998,35.470001,28.494148,14953900
2023-06-12,35.66,35.779999,35.360001,35.610001,28.606606,14044500
2023-06-13,35.5,35.790001,35.419998,35.48,28.502174,17706700
2023-06-14,35.630001,35.98,35.619999,35.73,28.703007,16538700
2023-06-15,35.759998,36.470001,35.68,36.439999,29.273369,18890900
2023-06-16,36.52,36.689999,36.169998,36.459999,29.289438,36102100
2023-06-20,36.080002,36.169998,35.779999,35.810001,28.767282,17687900
2023-06-21,35.700001,35.970001,35.5,35.830002,28.783346,17121200
2023-06-22,35.82,35.919998,35.57,35.849998,28.799408,12431200
2023-06-23,35.950001,36.080002,35.48,35.509998,28.526279,18991500
2023-06-26,35.66,36.139999,35.5,36.110001,29.008272,15840000
2023-06-27,36.369999,36.68,36.220001,36.549999,29.361738,17757800
2023-06-28,36.5,36.860001,36.240002,36.82,29.578638,16756400
2023-06-29,36.790001,37.02,36.66,36.990002,29.715206,16740800
2023-06-30,37.0,37.25,36.849998,37.189999,29.87587,19098300
2023-07-03,37.169998,37.380001,36.959999,37.279999,29.948172,10367100
2023-07-05,37.279999,37.68,37.23,37.48,30.108839,19868300
2023-07-06,37.400002,37.41,37.060001,37.130001,29.827675,21558200
2023-07-07,36.220001,36.349998,35.869999,35.900002,29.355854,20482700
2023-07-10,35.919998,35.959999,35.0,35.139999,28.734386,30326400
2023-07-11,35.119999,35.220001,34.709999,34.990002,28.611736,28340300
2023-07-12,35.099998,35.240002,34.709999,34.860001,28.505432,27299600
2023-07-13,34.82,34.860001,34.419998,34.639999,28.325529,25641900
2023-07-14,34.43,34.5,33.950001,34.009998,27.810375,31576000
2023-07-17,33.650002,33.650002,31.25,31.459999,25.72521,97510600
2023-07-18,32.02,33.150002,31.969999,32.27,26.387556,79722200
2023-07-19,33.709999,34.16,33.16,33.970001,27.777672,61881000
2023-07-20,33.900002,34.0,33.509998,33.639999,27.507824,32839900
2023-07-21,33.509998,33.939999,33.360001,33.880001,27.704073,25179400
2023-07-24,33.880001,34.599998,33.709999,33.98,27.785845,30784200
2023-07-25,34.639999,34.950001,33.720001,34.240002,27.998455,35719500
2023-07-26,33.849998,34.610001,33.77,34.34,28.080219,27916000
2023-07-27,34.23,34.610001,33.540001,33.549999,27.434231,28097500
2023-07-28,33.669998,34.32,33.66,34.029999,27.826731,30642100
2023-07-31,34.0,34.119999,33.84,34.080002,27.867619,24500400
2023-08-01,34.290001,34.299999,33.32,33.43,27.336103,27289500
2023-08-02,33.470001,33.700001,33.220001,33.32,27.246157,20481600
2023-08-03,33.049999,33.25,32.73,33.060001,27.03355,20465700
2023-08-04,33.0,33.029999,32.529999,32.619999,26.673758,24584000
2023-08-07,32.650002,32.830002,32.18,32.529999,26.600163,24314000
2023-08-08,32.450001,32.810001,32.43,32.57,26.63287,22178900
2023-08-09,32.509998,32.830002,32.34,32.709999,26.747353,20798500
2023-08-10,32.849998,33.32,32.82,33.02,27.000839,19031600
2023-08-11,32.959999,33.419998,32.950001,33.360001,27.278868,15271400
2023-08-14,33.189999,33.59,33.139999,33.560001,27.442406,17934000
2023-08-15,33.349998,33.509998,33.209999,33.259998,27.197088,15528600
2023-08-16,33.299999,33.639999,33.139999,33.27,27.205271,17395100
2023-08-17,33.360001,33.48,32.849998,33.060001,27.03355,19128000
2023-08-18,32.860001,33.419998,32.860001,33.18,27.131674,21722700
2023-08-21,33.150002,33.220001,32.77,33.0,26.984488,27074400
2023-08-22,33.080002,33.32,32.889999,33.200001,27.148029,21722000
2023-08-23,33.200001,33.369999,33.009998,33.189999,27.139854,15766400
2023-08-24,33.009998,33.580002,33.0,33.380001,27.295216,18561400
2023-08-25,33.330002,33.52,33.02,33.349998,27.270685,14912100
2023-08-28,33.48,33.619999,33.259998,33.549999,27.434231,16050400
2023-08-29,33.990002,34.75,33.950001,34.689999,28.366417,28782800
2023-08-30,34.889999,34.950001,34.549999,34.639999,28.325529,15021400
2023-08-31,34.849998,35.139999,34.759998,34.98,28.603556,24333200
2023-09-01,34.990002,35.150002,34.84,34.860001,28.505432,14748700
2023-09-05,34.849998,35.07,34.299999,34.299999,28.04751,17486000
2023-09-06,34.099998,34.439999,33.990002,34.18,27.949389,19187100
2023-09-07,34.18,34.52,33.75,33.810001,27.646835,26605800
2023-09-08,33.810001,33.830002,33.23,33.450001,27.352455,24872400
2023-09-11,33.700001,34.09,33.580002,33.939999,27.753138,18883900
2023-09-12,34.130001,34.18,33.799999,34.040001,27.834904,15784400
2023-09-13,34.299999,34.299999,33.509998,33.860001,27.687719,21027900
2023-09-14,34.27,34.380001,33.939999,34.040001,27.834904,26570100
2023-09-15,33.959999,34.169998,33.66,33.790001,27.630482,38205200
2023-09-18,33.900002,33.970001,33.52,33.529999,27.417875,16233700
2023-09-19,33.580002,33.73,33.25,33.400002,27.311571,23379300
2023-09-20,33.580002,33.939999,33.360001,33.599998,27.475117,23742000
2023-09-21,33.52,33.849998,33.259998,33.290001,27.221628,17993800
2023-09-22,33.259998,33.509998,32.93,33.279999,27.213448,22740000
2023-09-25,33.169998,33.25,32.869999,33.16,27.115322,17616900
2023-09-26,32.889999,33.169998,32.810001,32.990002,26.976309,18841600
2023-09-27,32.950001,33.009998,32.310001,32.400002,26.493862,22083500
2023-09-28,32.400002,32.619999,32.400002,32.549999,26.616518,18772100
2023-09-29,32.619999,32.75,32.369999,32.41,26.502039,19787600
2023-10-02,32.439999,32.470001,31.73,31.76,25.970526,24722600
2023-10-03,31.700001,32.009998,31.610001,31.98,26.150421,21389400
2023-10-04,31.790001,31.969999,31.4,31.540001,25.79063,23694100
2023-10-05,31.559999,31.92,31.379999,31.82,26.01959,22774400
2023-10-06,30.940001,31.0,30.139999,30.85,25.764864,31291800
2023-10-09,30.74,31.5,30.74,31.450001,26.265965,20344300
2023-10-10,31.48,31.799999,31.32,31.76,26.524862,19151900
2023-10-11,31.83,31.969999,31.41,31.459999,26.274313,15694200
2023-10-12,31.33,31.370001,30.65,30.91,25.814972,21718300
2023-10-13,31.08,31.389999,30.639999,30.67,25.614532,24528400
2023-10-16,30.84,31.32,30.620001,31.25,26.09893,21087900
2023-10-17,31.110001,31.540001,31.1,31.51,26.316072,21186000
2023-10-18,31.42,31.48,30.99,31.049999,25.931894,22024300
2023-10-19,31.42,31.969999,31.4,31.58,26.374535,28806600
2023-10-20,31.57,32.139999,31.549999,31.57,26.366182,27271200
2023-10-23,31.48,31.66,31.26,31.389999,26.215853,31725800
2023-10-24,33.150002,34.459999,32.970001,34.299999,28.646181,61617900
2023-10-25,34.5,34.610001,33.599998,33.689999,28.13673,30832800
2023-10-26,33.66,34.700001,33.639999,34.470001,28.788162,34367000
2023-10-27,34.380001,34.59,33.34,33.439999,27.927946,23924800
2023-10-30,33.84,34.799999,33.84,34.619999,28.913435,31497700
2023-10-31,34.709999,35.209999,34.669998,35.130001,29.339373,28903400
2023-11-01,35.41,35.560001,35.150002,35.400002,29.564873,26071200
2023-11-02,35.310001,35.939999,35.310001,35.900002,29.982452,24946000
2023-11-03,35.990002,36.369999,35.939999,36.02,30.08267,23323200
2023-11-06,35.98,36.029999,35.619999,35.639999,29.765306,15544000
2023-11-07,35.700001,36.099998,35.650002,35.939999,30.015854,17654600
2023-11-08,35.939999,35.98,35.599998,35.77,29.873877,16971500
2023-11-09,35.869999,36.049999,35.459999,35.619999,29.748602,15685800
2023-11-10,35.91,35.919998,35.400002,35.709999,29.823771,12791200
2023-11-13,35.639999,36.18,35.41,35.82,29.915638,17236700
2023-11-14,36.009998,36.099998,35.810001,35.880001,29.96575,17667100
2023-11-15,35.880001,36.110001,35.84,36.0,30.065964,22855500
2023-11-16,36.080002,36.380001,35.93,36.18,30.216295,19110800
2023-11-17,36.380001,36.380001,36.080002,36.23,30.258051,19355200
2023-11-20,36.279999,36.869999,36.200001,36.73,30.675634,18656400
2023-11-21,36.860001,37.450001,36.849998,37.25,31.109921,22946400
2023-11-22,37.330002,37.52,37.220001,37.349998,31.193436,14613100
2023-11-24,37.450001,37.57,37.299999,37.41,31.243547,6766700
2023-11-27,37.450001,37.540001,37.290001,37.349998,31.193436,15245300
2023-11-28,37.349998,37.509998,37.200001,37.470001,31.293667,14521700
2023-11-29,37.529999,37.889999,37.529999,37.759998,31.535856,16387400
2023-11-30,37.830002,38.439999,37.82,38.330002,32.011902,36623500
2023-12-01,38.400002,38.610001,38.27,38.580002,32.220699,20762500
2023-12-04,38.400002,38.57,38.029999,38.040001,31.769701,22109200
2023-12-05,38.349998,38.549999,38.09,38.419998,32.087067,23003300
2023-12-06,38.25,38.880001,38.080002,38.5,32.153873,20218500
2023-12-07,38.549999,38.73,38.299999,38.650002,32.279156,15223200
2023-12-08,38.66,38.68,38.009998,38.25,31.945087,21850400
2023-12-11,38.290001,38.389999,37.48,37.669998,31.460688,21914500
2023-12-12,37.57,37.639999,37.169998,37.299999,31.151678,17096700
2023-12-13,37.080002,37.150002,36.459999,36.990002,30.892782,32473200
2023-12-14,37.25,37.98,37.18,37.869999,31.627729,28551600
2023-12-15,37.549999,37.830002,37.139999,37.369999,31.210142,51721600
2023-12-18,37.720001,37.799999,37.27,37.669998,31.460688,22057200
2023-12-19,37.599998,37.740002,37.490002,37.57,31.377176,17642500
2023-12-20,37.5,37.73,37.279999,37.299999,31.151678,18134600
2023-12-21,37.349998,37.549999,37.209999,37.43,31.260256,15421000
2023-12-22,37.419998,37.779999,37.400002,37.490002,31.310366,13171600
2023-12-26,37.439999,37.639999,37.310001,37.48,31.302017,11856600
2023-12-27,37.330002,37.459999,37.200001,37.310001,31.160034,15267600
2023-12-28,37.18,37.720001,37.150002,37.490002,31.310366,14931700
2023-12-29,37.380001,37.759998,37.32,37.700001,31.48575,16222700
2024-01-02,37.73,38.970001,37.68,38.880001,32.471249,23810900
2024-01-03,39.529999,39.720001,39.130001,39.16,32.705093,26263900
2024-01-04,39.68,39.849998,39.360001,39.369999,32.880474,24214600
2024-01-05,39.470001,40.369999,39.299999,40.200001,33.573662,30276700
2024-01-08,40.150002,40.259998,39.48,40.099998,33.49015,28483000
2024-01-09,39.25,39.25,38.77,39.040001,33.154697,17880100
2024-01-10,39.080002,39.099998,38.66,39.080002,33.188667,16354700
2024-01-11,39.029999,39.029999,37.560001,37.900002,32.186554,31289800
2024-01-12,38.189999,38.77,38.169998,38.560001,32.747059,18774800
2024-01-16,38.580002,39.349998,38.349998,39.290001,33.367008,31039400
2024-01-17,38.720001,39.43,38.669998,38.869999,33.010323,21377100
2024-01-18,38.529999,39.009998,38.459999,38.939999,33.069763,17112800
2024-01-19,39.07,39.43,38.689999,39.330002,33.400974,20561700
2024-01-22,39.400002,39.720001,39.310001,39.580002,33.613285,26039200
2024-01-23,41.07,42.25,40.59,42.23,35.863796,49713700
2024-01-24,42.23,42.34,41.189999,41.279999,35.057011,27910400
2024-01-25,41.450001,42.299999,41.330002,42.290001,35.914749,24613200
2024-01-26,42.290001,42.490002,42.099998,42.400002,36.008175,20367200
2024-01-29,42.119999,42.389999,41.66,42.049999,35.71093,23905700
2024-01-30,42.0,42.599998,41.810001,42.470001,36.067616,20044600
2024-01-31,42.189999,43.209999,42.040001,42.349998,35.965702,23392300
2024-02-01,42.68,42.720001,41.970001,42.490002,36.084602,19586500
2024-02-02,42.200001,42.470001,41.830002,42.130001,35.778881,21548600
2024-02-05,42.0,42.18,41.279999,41.380001,35.141933,20466200
2024-02-06,41.389999,41.57,40.950001,41.099998,34.904144,17517600
2024-02-07,41.099998,41.139999,40.360001,40.419998,34.326653,21815600
2024-02-08,40.299999,40.369999,39.439999,39.91,33.893539,19523500
2024-02-09,39.900002,40.09,39.259998,39.720001,33.732182,18479400
2024-02-12,39.73,40.169998,39.529999,40.099998,34.054897,15060500
2024-02-13,40.200001,40.459999,39.68,40.130001,34.080379,14483600
2024-02-14,40.380001,40.540001,39.970001,40.150002,34.097363,12443200
2024-02-15,40.209999,40.619999,40.18,40.59,34.471031,12081400
2024-02-16,40.290001,40.669998,39.740002,40.490002,34.386108,12645500
2024-02-20,40.41,40.91,40.27,40.5,34.3946,12069500
2024-02-21,40.490002,41.119999,40.369999,41.099998,34.904144,16268200
2024-02-22,40.75,40.93,40.110001,40.73,34.589924,22068900
2024-02-23,40.630001,41.150002,40.459999,40.66,34.530483,15228600
2024-02-26,40.599998,40.630001,39.43,39.689999,33.706707,25108400
2024-02-27,39.68,39.98,39.43,39.93,33.910519,17074100
2024-02-28,39.959999,40.209999,39.860001,40.099998,34.054897,12437000
2024-02-29,40.099998,40.23,39.849998,40.02,33.986958,20486500
2024-03-01,39.990002,40.290001,39.77,40.200001,34.139832,12130900
2024-03-04,39.919998,40.330002,39.509998,40.310001,34.233242,18753900
2024-03-05,40.349998,40.959999,39.919998,40.349998,34.267212,20640100
2024-03-06,40.349998,40.369999,39.77,39.93,33.910519,16331100
2024-03-07,40.099998,40.279999,39.380001,39.529999,33.570824,17100600
2024-03-08,39.610001,39.880001,39.389999,39.509998,33.553837,17807900
2024-03-11,39.57,40.23,39.560001,40.130001,34.080379,12344600
2024-03-12,40.029999,40.259998,39.900002,40.130001,34.080379,12452700
2024-03-13,40.290001,40.5,40.060001,40.259998,34.190777,13751800
2024-03-14,40.0,40.060001,39.439999,39.77,33.774643,17475400
2024-03-15,39.599998,39.93,39.139999,39.490002,33.536854,54893900
2024-03-18,39.48,39.959999,39.259998,39.93,33.910519,16200800
2024-03-19,39.880001,40.049999,39.810001,39.970001,33.944496,15226900
2024-03-20,39.959999,40.27,39.799999,40.119999,34.071877,15198800
2024-03-21,40.119999,40.59,39.98,40.540001,34.42857,21868300
2024-03-22,40.740002,40.810001,40.009998,40.369999,34.284187,17816400
2024-03-25,40.529999,40.880001,40.48,40.869999,34.70882,14587200
2024-03-26,40.830002,41.0,40.709999,40.849998,34.69183,17854100
2024-03-27,41.099998,41.779999,41.099998,41.540001,35.277821,19260100
2024-03-28,41.639999,42.150002,41.630001,41.959999,35.634495,19771400
2024-04-01,41.990002,42.34,41.529999,42.279999,35.906258,15031600
2024-04-02,42.299999,42.68,42.259998,42.540001,36.12706,17260800
2024-04-03,42.580002,42.900002,42.529999,42.84,36.38184,18211800
2024-04-04,42.990002,43.419998,42.439999,42.450001,36.050632,16461400
2024-04-05,42.25,42.439999,41.610001,42.119999,35.770374,14338700
2024-04-08,42.119999,42.150002,41.709999,41.73,35.439175,14457800
2024-04-09,41.060001,41.18,40.540001,40.84,35.244999,17224100
2024-04-10,40.610001,40.66,39.959999,40.52,34.968838,17900400
2024-04-11,40.450001,40.470001,40.09,40.16,34.658157,14782200
2024-04-12,40.18,40.259998,39.68,39.720001,34.278439,21555000
2024-04-15,40.110001,40.349998,39.849998,40.110001,34.615005,16442800
2024-04-16,40.110001,40.139999,39.57,39.77,34.32159,14016800
2024-04-17,39.849998,39.98,39.459999,39.779999,34.330215,21009200
2024-04-18,39.849998,40.169998,39.709999,40.130001,34.632271,20173700
2024-04-19,40.0,40.669998,39.98,40.490002,34.942951,24706500
2024-04-22,41.400002,41.639999,38.560001,38.599998,33.311874,51243200
2024-04-23,38.91,39.990002,38.68,39.700001,34.261177,25972800
2024-04-24,39.5,39.66,38.939999,39.490002,34.079945,15946600
2024-04-25,39.290001,39.82,38.959999,39.220001,33.846939,16837700
2024-04-26,39.060001,39.959999,38.900002,39.68,34.243916,18246200
2024-04-29,39.900002,40.82,39.869999,40.09,34.597748,19438600
2024-04-30,39.91,39.919998,39.439999,39.490002,34.079945,20222200
2024-05-01,39.330002,39.66,39.130001,39.200001,33.829678,17754000
2024-05-02,39.32,39.48,38.75,38.93,33.596668,17394900
2024-05-03,39.049999,39.200001,38.75,38.889999,33.562145,13195600
2024-05-06,39.119999,39.349998,39.060001,39.330002,33.941864,13348800
2024-05-07,39.529999,39.580002,39.09,39.310001,33.924606,11935200
2024-05-08,39.240002,39.57,39.099998,39.48,34.071316,10438000
2024-05-09,39.509998,39.830002,39.380001,39.790001,34.338852,12881000
2024-05-10,39.810001,40.419998,39.709999,40.400002,34.86528,16888500
2024-05-13,40.34,40.650002,40.09,40.540001,34.986103,21365700
2024-05-14,40.59,40.689999,40.419998,40.490002,34.942951,17664400
2024-05-15,40.75,40.91,40.439999,40.490002,34.942951,14926000
2024-05-16,40.290001,40.439999,40.139999,40.25,34.735832,12913200
2024-05-17,40.389999,40.41,39.830002,40.060001,34.571857,14670400
2024-05-20,40.049999,40.310001,40.009998,40.119999,34.623631,8665000
2024-05-21,40.099998,40.119999,39.279999,39.619999,34.192131,18327000
2024-05-22,39.700001,40.18,39.619999,39.790001,34.338852,12374100
2024-05-23,39.599998,39.799999,39.110001,39.43,34.028164,14105000
2024-05-24,39.509998,39.740002,39.5,39.740002,34.295692,10420000
2024-05-28,39.720001,39.790001,39.169998,39.360001,33.967758,15071300
2024-05-29,39.259998,39.470001,39.0,39.099998,33.743374,17652000
2024-05-30,39.220001,40.360001,39.18,40.330002,34.804871,19633200
2024-05-31,40.139999,41.279999,40.099998,41.150002,35.512535,38917400
2024-06-03,41.18,41.509998,40.900002,40.98,35.365822,20688100
2024-06-04,40.880001,41.560001,40.720001,41.560001,35.86636,16040200
2024-06-05,41.599998,41.720001,41.130001,41.349998,35.685127,11964000
2024-06-06,41.310001,41.720001,41.139999,41.330002,35.667873,10259100
2024-06-07,41.16,41.290001,40.810001,40.939999,35.331295,10410200
2024-06-10,40.91,40.93,40.330002,40.41,34.873901,15210700
2024-06-11,40.290001,40.59,40.220001,40.419998,34.882534,12083300
2024-06-12,40.77,40.799999,39.580002,39.77,34.32159,15065300
2024-06-13,39.75,39.799999,39.299999,39.779999,34.330215,12297400
2024-06-14,39.48,39.84,39.450001,39.669998,34.235283,10480600
2024-06-17,39.599998,39.599998,38.950001,39.459999,34.054058,22286600
2024-06-18,39.709999,40.18,39.700001,40.080002,34.589119,17125700
2024-06-20,39.84,40.470001,39.810001,40.240002,34.7272,17704700
2024-06-21,40.369999,40.380001,39.900002,40.240002,34.7272,30375300
2024-06-24,40.389999,41.220001,40.32,41.169998,35.529789,20773800
2024-06-25,41.209999,41.630001,40.830002,41.080002,35.452118,17475700
2024-06-26,41.0,41.169998,40.709999,41.02,35.400341,19709900
2024-06-27,41.0,41.040001,40.560001,40.82,35.227734,15560800
2024-06-28,40.860001,41.580002,40.689999,41.240002,35.590199,27639200
2024-07-01,41.419998,41.98,41.349998,41.740002,36.021706,16412100
2024-07-02,41.630001,41.700001,40.720001,41.099998,35.469376,21659400
2024-07-03,41.130001,41.389999,40.950001,41.119999,35.486633,6653900
2024-07-05,41.169998,41.380001,40.950001,41.27,35.616089,17552200
2024-07-08,41.299999,41.59,41.080002,41.529999,35.840466,15380400
2024-07-09,41.470001,41.779999,41.209999,41.299999,35.641975,20475200
2024-07-10,40.880001,41.130001,40.689999,41.080002,36.032299,13826800
2024-07-11,41.080002,41.360001,40.75,41.299999,36.225266,12487800
2024-07-12,41.310001,41.57,41.200001,41.43,36.339298,11129100
2024-07-15,41.43,41.459999,40.700001,40.790001,35.777935,15874900
2024-07-16,40.849998,41.549999,40.82,41.450001,36.356842,16016900
2024-07-17,41.549999,42.189999,41.52,42.029999,36.86557,20401700
2024-07-18,41.900002,42.52,41.720001,42.07,36.900654,15752800
2024-07-19,42.299999,42.299999,41.43,41.619999,36.505947,17608000
2024-07-22,39.950001,40.0,38.700001,39.09,34.286819,54985800
2024-07-23,38.740002,39.27,38.720001,38.889999,34.111397,25257700
2024-07-24,39.240002,39.830002,39.049999,39.669998,34.795551,22889000
2024-07-25,39.860001,40.970001,39.790001,39.950001,35.041149,19740300
2024-07-26,39.900002,40.169998,39.650002,40.09,35.163948,15911500
2024-07-29,40.080002,40.119999,39.669998,40.029999,35.111313,12937200
2024-07-30,40.009998,40.259998,39.830002,40.040001,35.12009,16089200
2024-07-31,40.029999,40.790001,39.98,40.52,35.541111,23605400
2024-08-01,40.669998,41.18,40.279999,40.849998,35.830563,18166800
2024-08-02,41.200001,41.939999,40.41,40.970001,35.935818,26124900
2024-08-05,40.0,40.27,39.639999,39.799999,34.90958,26855000
2024-08-06,39.970001,40.48,39.759998,40.259998,35.313057,18104200
2024-08-07,40.360001,40.720001,40.200001,40.279999,35.330601,12176300
2024-08-08,40.279999,40.790001,40.25,40.52,35.541111,13237100
2024-08-09,40.490002,40.799999,40.029999,40.75,35.742847,11818700
2024-08-12,40.950001,41.0,40.310001,40.529999,35.549881,11099000
2024-08-13,40.650002,40.799999,40.349998,40.779999,35.769161,15349400
2024-08-14,40.599998,41.099998,40.490002,40.900002,35.874424,10931100
2024-08-15,40.84,40.919998,40.0,40.040001,35.12009,17489600
2024-08-16,40.099998,40.619999,40.060001,40.610001,35.620056,13377500
2024-08-19,40.630001,40.860001,40.560001,40.740002,35.734077,9401400
2024-08-20,40.66,40.959999,40.630001,40.849998,35.830563,8784000
2024-08-21,40.91,41.07,40.73,41.049999,36.005989,13683400
2024-08-22,41.099998,41.16,40.610001,40.869999,35.848095,13529600
2024-08-23,40.990002,41.23,40.919998,41.209999,36.146328,11757300
2024-08-26,41.369999,41.740002,41.240002,41.490002,36.391918,10309500
2024-08-27,41.549999,41.639999,41.18,41.450001,36.356842,9778200
2024-08-28,41.490002,41.709999,41.360001,41.490002,36.391918,12732700
2024-08-29,41.540001,41.57,41.139999,41.25,36.181416,17338100
2024-08-30,41.299999,41.889999,41.169998,41.779999,36.646286,20009900
2024-09-03,41.959999,42.93,41.919998,42.93,37.654984,23319900
2024-09-04,43.0,43.27,41.200001,41.48,36.383148,31272700
2024-09-05,41.310001,41.810001,40.900002,41.310001,36.234047,28199800
2024-09-06,41.360001,41.790001,41.130001,41.150002,36.093704,18100300
2024-09-09,41.259998,42.779999,41.259998,42.73,37.479561,27850300
2024-09-10,42.790001,43.689999,42.380001,43.650002,38.28651,36980400
2024-09-11,43.509998,43.82,42.939999,43.799999,38.418079,22395500
2024-09-12,43.5,43.880001,43.43,43.860001,38.470711,18397000
2024-09-13,43.93,44.470001,43.619999,44.43,38.970669,20029700
2024-09-16,44.610001,45.049999,44.459999,45.0,39.470631,24714500
2024-09-17,44.75,44.75,43.919998,44.080002,38.663673,18769600
2024-09-18,44.099998,44.5,43.779999,43.880001,38.488258,16897900
2024-09-19,43.959999,43.970001,43.330002,43.939999,38.540874,23097200
2024-09-20,43.779999,44.470001,43.650002,44.330002,38.882961,52671900
2024-09-23,44.349998,44.529999,43.950001,44.259998,38.821556,18083200
2024-09-24,44.209999,44.790001,44.130001,44.66,39.172413,15154000
2024-09-25,44.799999,44.880001,44.419998,44.549999,39.075928,21990100
2024-09-26,44.599998,44.880001,44.360001,44.619999,39.137329,15779600
2024-09-27,44.720001,45.049999,44.490002,44.889999,39.374149,15659300
2024-09-30,45.130001,45.360001,44.790001,44.91,39.391693,13509700
2024-10-01,44.959999,45.240002,44.66,45.209999,39.654827,17536400
2024-10-02,45.130001,45.279999,44.869999,45.049999,39.514488,12040800
2024-10-03,44.93,44.959999,44.389999,44.52,39.04961,12258400
2024-10-04,43.77,44.25,43.549999,44.18,38.751389,14531200
2024-10-07,44.080002,44.139999,43.77,43.84,38.453171,12885000
2024-10-08,44.0,44.150002,43.689999,44.009998,38.602276,10855100
2024-10-09,44.060001,44.25,43.810001,44.110001,38.689991,12614200
2024-10-10,43.439999,43.669998,42.810001,42.950001,38.260616,12352800
2024-10-11,43.150002,43.240002,42.799999,43.0,38.305161,10658700
2024-10-14,43.0,43.290001,42.889999,43.189999,38.474407,9923500
2024-10-15,43.470001,43.970001,43.169998,43.740002,38.964363,15444500
2024-10-16,43.740002,44.099998,43.66,43.91,39.115799,9459000
2024-10-17,43.880001,44.0,43.529999,43.849998,39.062351,10539500
2024-10-18,43.830002,44.169998,43.669998,43.990002,39.187065,13058400
2024-10-21,44.049999,44.200001,43.599998,43.700001,38.928734,18760000
2024-10-22,41.900002,42.639999,40.75,41.5,36.968933,42576300
2024-10-23,41.860001,42.900002,41.759998,42.860001,38.180439,27174700
2024-10-24,42.380001,42.450001,41.639999,41.860001,37.289627,23506400
2024-10-25,41.900002,42.18,41.369999,41.380001,36.862034,19717400
2024-10-28,41.450001,41.779999,41.389999,41.619999,37.075829,13575000
2024-10-29,41.32,41.68,41.290001,41.330002,36.817493,15072300
2024-10-30,41.330002,41.509998,41.119999,41.279999,36.772949,16372600
2024-10-31,41.259998,42.650002,41.25,42.130001,37.530148,31077900
2024-11-01,42.119999,42.349998,41.299999,41.360001,36.844219,16682400
2024-11-04,41.650002,41.77,40.900002,41.060001,36.576973,14760900
2024-11-05,41.009998,41.27,40.830002,41.259998,36.755131,12322800
2024-11-06,41.439999,41.669998,40.93,41.16,36.66605,21957100
2024-11-07,41.080002,41.189999,40.509998,40.57,36.140472,24225500
2024-11-08,40.740002,40.849998,40.419998,40.48,36.060295,21305900
2024-11-11,40.470001,40.880001,40.41,40.439999,36.024658,17116400
2024-11-12,40.5,40.599998,40.07,40.400002,35.989033,16984600
2024-11-13,40.400002,41.400002,40.310001,41.139999,36.648235,19953500
2024-11-14,41.139999,41.259998,40.860001,40.869999,36.407711,13636600
2024-11-15,40.799999,41.77,40.799999,41.650002,37.102554,21482500
2024-11-18,41.669998,42.580002,41.669998,42.25,37.637047,17405400
2024-11-19,42.209999,42.23,41.799999,41.93,37.351986,10520600
2024-11-20,42.0,42.279999,41.75,42.220001,37.610317,14706500
2024-11-21,42.220001,42.75,42.009998,42.5,37.859756,12534100
2024-11-22,42.599998,43.34,42.34,43.150002,38.438782,17017400
2024-11-25,43.34,44.049999,43.310001,43.98,39.178162,28365900
2024-11-26,43.98,44.5,43.75,44.369999,39.525574,17247000
2024-11-27,44.48,44.73,44.369999,44.380001,39.534489,12372400
2024-11-29,44.380001,44.52,44.049999,44.34,39.498852,9023100
2024-12-02,44.27,44.32,43.52,43.849998,39.062351,12783900
2024-12-03,43.91,44.419998,43.700001,43.830002,39.044533,15415900
2024-12-04,43.73,43.779999,42.41,42.52,37.877563,21431600
2024-12-05,42.59,42.869999,42.52,42.549999,37.904289,16176900
2024-12-06,42.529999,42.669998,42.02,42.369999,37.743935,15685900
2024-12-09,42.470001,43.099998,42.16,42.360001,37.735039,15570300
2024-12-10,42.369999,42.650002,42.07,42.299999,37.681583,16337200
2024-12-11,42.189999,42.459999,41.889999,41.990002,37.405434,13986100
2024-12-12,42.060001,42.16,41.810001,42.080002,37.485607,11232300
2024-12-13,42.0,42.400002,41.810001,42.279999,37.663769,13360400
2024-12-16,42.16,42.25,40.810001,40.880001,36.416626,30228300
2024-12-17,40.66,41.119999,40.509998,40.779999,36.327538,15374000
2024-12-18,40.700001,41.049999,40.209999,40.240002,35.846504,19199600
2024-12-19,40.049999,40.459999,39.93,39.970001,35.60598,17859100
2024-12-20,39.93,40.389999,39.919998,39.93,35.570347,47590900
2024-12-23,39.93,40.130001,39.830002,39.939999,35.579254,21292300
2024-12-24,39.900002,39.959999,39.470001,39.799999,35.454536,11712200
2024-12-26,39.830002,40.169998,39.740002,39.959999,35.597065,12946400
2024-12-27,39.860001,40.16,39.650002,39.919998,35.56144,15168100
2024-12-30,39.799999,39.84,39.400002,39.599998,35.276379,15672000
2024-12-31,39.639999,40.029999,39.549999,39.990002,35.623795,13549900
2025-01-02,40.029999,40.560001,39.98,40.209999,35.819771,22470200
2025-01-03,40.32,40.630001,40.110001,40.259998,35.864319,15229900
2025-01-06,40.290001,40.330002,39.580002,39.610001,35.28529,27115000
2025-01-07,39.709999,39.98,38.830002,38.919998,34.670616,31517100
2025-01-08,38.91,38.990002,38.439999,38.939999,34.688435,22901600
2025-01-10,38.18,38.23,37.59,37.810001,34.278656,27338400
2025-01-13,37.939999,38.150002,37.740002,38.119999,34.559696,19734000
2025-01-14,38.330002,38.349998,37.830002,38.279999,34.704754,15740100
2025-01-15,38.299999,38.59,38.07,38.18,34.614094,27817100
2025-01-16,38.130001,38.34,37.939999,38.34,34.759151,24678300
2025-01-17,38.419998,38.970001,38.349998,38.779999,35.158058,24082100
2025-01-21,38.869999,39.580002,38.790001,39.02,35.375645,25717600
2025-01-22,38.889999,39.34,38.59,38.950001,35.312183,31488900
2025-01-23,39.240002,39.400002,39.080002,39.18,35.520699,25153500
2025-01-24,40.110001,40.68,39.369999,39.540001,35.847076,37123900
2025-01-27,40.150002,40.810001,40.049999,40.639999,36.844334,35520300
2025-01-28,40.599998,40.810001,40.349998,40.400002,36.626755,21031900
2025-01-29,40.82,40.880001,40.049999,40.279999,36.51796,24238100
2025-01-30,40.349998,40.349998,39.16,39.470001,35.783619,27913500
2025-01-31,39.57,39.939999,39.279999,39.389999,35.711082,45178700
2025-02-03,39.310001,40.119999,39.150002,39.98,36.245983,27967100
2025-02-04,39.779999,39.880001,39.599998,39.810001,36.091858,19190200
2025-02-05,40.130001,40.310001,39.810001,40.130001,36.381973,16830500
2025-02-06,40.23,40.290001,39.669998,39.939999,36.209717,15370600
2025-02-07,39.959999,40.110001,39.57,39.880001,36.155323,15754800
2025-02-10,40.02,40.139999,39.82,39.950001,36.218784,16737500
2025-02-11,39.98,40.52,39.82,40.490002,36.708351,15182700
2025-02-12,40.490002,40.599998,40.150002,40.529999,36.744614,14440300
2025-02-13,40.610001,41.110001,40.419998,41.040001,37.206982,17056700
2025-02-14,41.139999,41.290001,40.939999,40.990002,37.161648,12438200
2025-02-18,40.919998,41.220001,40.610001,41.200001,37.352039,16357700
2025-02-19,41.349998,42.049999,41.279999,42.009998,38.08638,21039600
2025-02-20,42.0,42.529999,41.880001,42.490002,38.521553,19771700
2025-02-21,42.43,43.23,42.169998,42.759998,38.766331,25465100
2025-02-24,42.75,43.630001,42.57,43.32,39.274033,27560600
2025-02-25,43.580002,43.970001,43.5,43.709999,39.627602,24356900
2025-02-26,43.540001,43.650002,42.77,43.18,39.147114,18651400
2025-02-27,43.080002,43.419998,42.889999,43.27,39.228703,19212300
2025-02-28,43.43,43.759998,42.610001,43.099998,39.074581,25197500
2025-03-03,42.959999,43.869999,42.93,43.869999,39.772663,22334000
2025-03-04,44.0,44.48,42.82,42.869999,38.866062,32627500
2025-03-05,42.779999,43.349998,42.380001,42.84,38.838863,18038400
2025-03-06,43.0,44.32,42.860001,44.23,40.099049,22845900
2025-03-07,44.299999,46.200001,44.299999,46.060001,41.758129,44992100
2025-03-10,46.060001,47.360001,46.060001,46.490002,42.147968,39837000
2025-03-11,43.240002,43.91,42.639999,43.43,39.373764,64142300
2025-03-12,42.099998,42.889999,41.169998,42.59,38.612217,49650800
2025-03-13,42.77,43.82,42.77,43.709999,39.627602,30708600
2025-03-14,43.16,43.77,43.009998,43.57,39.500687,17432100
2025-03-17,43.59,43.82,43.09,43.650002,39.573215,15560900
2025-03-18,43.720001,44.43,43.52,44.23,40.099049,16254400
2025-03-19,44.299999,44.32,43.720001,43.939999,39.836128,14373300
2025-03-20,43.959999,43.959999,43.380001,43.75,39.663876,18109300
2025-03-21,43.790001,44.240002,43.52,43.990002,39.881458,68445500
2025-03-24,43.630001,44.139999,43.529999,43.560001,39.491623,18050000
2025-03-25,43.5,43.830002,43.150002,43.490002,39.428158,21483200
2025-03-26,43.709999,44.330002,43.57,44.18,40.053711,21684400
2025-03-27,44.48,45.25,44.32,44.959999,40.76086,21905200
2025-03-28,45.130001,45.34,44.880001,44.93,40.733665,19530600
2025-03-31,45.299999,45.799999,45.130001,45.360001,41.123505,27786900
2025-04-01,45.490002,45.599998,45.119999,45.380001,41.141644,15710800
2025-04-02,45.369999,45.540001,44.599998,44.740002,40.561409,21924100
2025-04-03,45.490002,46.189999,45.200001,45.619999,41.359219,30474800
2025-04-04,44.759998,45.799999,42.799999,43.029999,39.011116,42663400
2025-04-07,41.529999,43.330002,41.25,42.580002,38.603153,38812000
2025-04-08,43.0,43.220001,41.68,42.169998,38.231438,29790200
2025-04-09,41.68,43.52,40.880001,42.889999,38.884193,49426000
2025-04-10,42.490002,43.240002,41.849998,42.919998,39.536377,36501700
2025-04-11,43.849998,43.900002,43.099998,43.73,40.28252,30144300
2025-04-14,43.900002,44.650002,43.610001,44.299999,40.807587,24323000
2025-04-15,44.5,44.689999,44.220001,44.48,40.973396,21795300
2025-04-16,44.740002,44.889999,43.52,43.610001,40.171986,17271600
2025-04-17,43.759998,44.48,43.580002,44.040001,40.568081,16504800
2025-04-21,44.200001,44.290001,42.68,42.93,39.545589,23802500
2025-04-22,41.990002,43.669998,41.540001,43.189999,39.785091,37633800
2025-04-23,42.549999,42.990002,42.110001,42.700001,39.333725,29402100
2025-04-24,42.709999,43.130001,42.48,42.810001,39.435051,16597300
2025-04-25,42.529999,42.650002,41.34,41.91,38.605999,23361900
2025-04-28,42.0,42.48,41.860001,42.389999,39.048164,16188500
2025-04-29,42.310001,43.009998,42.23,42.950001,39.564018,14712800
2025-04-30,43.549999,44.209999,43.369999,44.060001,40.586506,29563000
2025-05-01,43.77,43.830002,43.259998,43.299999,39.886421,18921900
2025-05-02,43.459999,43.900002,43.32,43.740002,40.291737,15366500
2025-05-05,43.810001,44.0,43.220001,43.540001,40.107502,9210000
2025-05-06,43.57,44.310001,43.43,44.150002,40.669415,12131500
2025-05-07,44.009998,44.360001,43.790001,43.889999,40.429909,12826600
2025-05-08,43.799999,44.060001,43.509998,43.610001,40.171986,14967400
2025-05-09,43.52,43.880001,43.32,43.610001,40.171986,10878400
2025-05-12,43.049999,43.209999,42.299999,43.0,39.610073,20160000
2025-05-13,43.209999,43.209999,42.490002,42.650002,39.287666,20069600
2025-05-14,42.779999,42.939999,42.25,42.349998,39.011311,20447500
2025-05-15,42.599998,43.529999,42.599998,43.48,40.052231,14608000
2025-05-16,43.490002,43.990002,43.360001,43.990002,40.52203,13407700
2025-05-19,44.080002,44.369999,43.869999,44.310001,40.816799,14778600
2025-05-20,44.259998,44.549999,44.200001,44.220001,40.733894,12189900
2025-05-21,44.040001,44.23,43.57,43.75,40.300949,16038600
2025-05-22,43.75,43.84,43.07,43.130001,39.72982,14947700
2025-05-23,43.470001,43.48,42.860001,43.32,39.904842,12393400
2025-05-27,43.279999,43.700001,43.240002,43.5,40.070656,12873700
2025-05-28,43.450001,43.529999,43.060001,43.130001,39.72982,12783000
2025-05-29,43.150002,43.389999,42.98,43.330002,39.914059,9960400
2025-05-30,43.369999,44.060001,43.290001,43.959999,40.494392,26569500
2025-06-02,43.799999,44.119999,43.349998,44.099998,40.623348,11873300
2025-06-03,43.93,44.049999,43.610001,43.830002,40.374638,13140900
2025-06-04,43.91,43.93,43.240002,43.240002,39.831158,14360100
2025-06-05,43.349998,43.41,43.029999,43.299999,39.886421,12095900
2025-06-06,43.400002,43.919998,43.380001,43.799999,40.347004,10135200
2025-06-09,43.650002,43.950001,43.509998,43.650002,40.208832,13399400
2025-06-10,43.650002,44.349998,43.57,44.130001,40.650986,13724100
2025-06-11,44.189999,44.400002,43.689999,43.740002,40.291737,14602100
2025-06-12,43.880001,43.889999,42.91,43.16,39.757458,22370500
2025-06-13,42.990002,43.279999,42.919998,43.009998,39.619282,13544100
2025-06-16,42.959999,43.110001,42.330002,42.5,39.149487,20449300
2025-06-17,42.799999,42.82,41.810001,41.849998,38.550732,23028200
2025-06-18,41.950001,41.959999,41.599998,41.669998,38.384922,18654200
2025-06-20,41.810001,42.099998,41.650002,41.700001,38.41256,37068100
2025-06-23,41.810001,42.389999,41.720001,42.360001,39.020531,16014400
2025-06-24,42.380001,42.73,42.27,42.630001,39.269241,16716300
2025-06-25,42.400002,42.470001,41.939999,42.119999,38.799446,15599700
2025-06-26,42.169998,42.27,41.880001,42.099998,38.781021,15870000
2025-06-27,42.150002,42.450001,41.98,42.310001,38.974468,21439600
2025-06-30,42.310001,43.32,42.279999,43.27,39.858788,22796000
2025-07-01,43.419998,43.880001,43.209999,43.68,40.236462,19233200
2025-07-02,43.82,44.029999,43.43,43.59,40.153561,18313900
2025-07-03,43.740002,43.77,43.419998,43.549999,40.116714,10301300
2025-07-07,43.700001,43.700001,42.669998,42.799999,39.425842,22039300
2025-07-08,42.799999,43.240002,42.540001,43.060001,39.665344,16736200
2025-07-09,42.990002,43.060001,42.470001,42.610001,39.25082,23519800
2025-07-10,41.869999,42.18,41.599998,42.029999,39.342548,19359300
2025-07-11,41.98,42.029999,41.490002,41.619999,38.958771,20174300
2025-07-14,41.59,41.84,41.48,41.580002,38.921326,15757300
2025-07-15,41.439999,41.630001,41.099998,41.259998,38.621788,15653200
2025-07-16,41.27,41.450001,41.16,41.25,38.612427,17971300
2025-07-17,41.290001,41.349998,40.830002,40.950001,38.331608,18411200
2025-07-18,40.98,41.119999,40.689999,40.84,38.228642,21079700
2025-07-21,41.950001,43.080002,41.68,42.490002,39.773144,47574000
2025-07-22,42.75,43.490002,42.549999,42.959999,40.213085,23521000
2025-07-23,42.400002,42.869999,42.049999,42.84,40.100761,23357200
2025-07-24,42.900002,43.349998,42.759998,43.080002,40.325417,20411000
2025-07-25,43.02,43.209999,42.75,43.080002,40.325417,16571500
2025-07-28,43.02,43.02,42.240002,42.360001,39.651451,18243700
2025-07-29,42.419998,42.98,42.400002,42.709999,39.979073,13118500
2025-07-30,42.669998,42.889999,42.450001,42.599998,39.876102,13313300
2025-07-31,42.290001,43.110001,42.150002,42.759998,40.025875,25538700
2025-08-01,43.290001,43.470001,42.619999,42.880001,40.138203,20841300
2025-08-04,42.799999,43.029999,42.529999,42.950001,40.203732,13629900
2025-08-05,42.950001,43.099998,42.669998,42.669998,39.941628,14863700
2025-08-06,42.799999,42.799999,42.310001,42.349998,39.642086,17812000
2025-08-07,42.5,43.029999,42.169998,42.950001,40.203732,15543400
2025-08-08,43.099998,43.360001,43.029999,43.150002,40.390942,13057000
2025-08-11,43.23,43.529999,42.990002,43.18,40.419022,12914900
2025-08-12,43.34,43.650002,43.209999,43.25,40.484547,12469300
2025-08-13,43.200001,43.84,43.0,43.709999,40.915131,14327700
2025-08-14,43.759998,43.790001,43.330002,43.5,40.718559,10582800
2025-08-15,43.57,44.439999,43.43,44.240002,41.411243,21239200
2025-08-18,44.349998,44.599998,44.220001,44.389999,41.551651,12692100
2025-08-19,44.509998,45.07,44.470001,44.939999,42.066483,17944200
2025-08-20,45.080002,45.75,44.950001,45.060001,42.178806,20982100
2025-08-21,44.98,45.209999,44.869999,45.029999,42.150726,11866800
2025-08-22,45.150002,45.43,44.25,44.439999,41.598454,19123700
2025-08-25,44.439999,44.48,43.959999,44.23,41.401878,16021200
2025-08-26,44.110001,44.419998,43.75,43.959999,41.149143,17328200
2025-08-27,44.02,44.279999,43.880001,44.27,41.439323,12046600
2025-08-28,44.099998,44.189999,43.689999,43.93,41.121063,15842800
2025-08-29,43.970001,44.290001,43.93,44.23,41.401878,14792700
2025-09-02,44.16,44.48,43.509998,43.799999,40.999374,21123700
2025-09-03,43.5,43.740002,42.880001,43.740002,40.943214,21828500
2025-09-04,44.07,44.419998,43.93,44.18,41.355076,14480500
2025-09-05,44.099998,44.470001,44.02,44.380001,41.542294,13406700
2025-09-08,42.98,43.619999,42.939999,43.32,40.550068,30273900
2025-09-09,43.360001,43.740002,43.349998,43.57,40.784081,15595500
2025-09-10,43.490002,43.669998,43.009998,43.490002,40.709202,14807800
2025-09-11,43.610001,44.150002,43.509998,44.139999,41.317635,15510600
2025-09-12,44.009998,44.09,43.77,43.970001,41.158508,13723500
2025-09-15,44.049999,44.25,43.77,43.869999,41.064899,15034700
2025-09-16,43.869999,43.950001,43.299999,43.740002,40.943214,16173600
2025-09-17,43.869999,44.41,43.860001,44.209999,41.383163,14414000
2025-09-18,43.880001,43.950001,43.580002,43.669998,40.877686,16507300
2025-09-19,43.790001,43.790001,43.459999,43.48,40.699837,29164200
2025-09-22,43.380001,43.52,42.98,43.16,40.400299,18507700
2025-09-23,43.16,43.380001,42.959999,43.349998,40.578152,16796400
2025-09-24,43.200001,43.389999,42.959999,43.18,40.419022,21162400
2025-09-25,43.240002,43.77,43.240002,43.349998,40.578152,19012200
2025-09-26,43.650002,43.709999,43.450001,43.610001,40.821526,12456200
2025-09-29,43.599998,43.650002,43.09,43.25,40.484547,15854500
2025-09-30,43.240002,43.970001,43.189999,43.950001,41.139786,24399100
2025-10-01,43.919998,44.09,43.450001,43.830002,41.027458,19921900
2025-10-02,43.580002,43.720001,43.220001,43.400002,40.624954,21550100
2025-10-03,43.439999,43.93,43.400002,43.669998,40.877686,18016000
2025-10-06,43.25,43.380001,41.349998,41.439999,38.790276,75944200
2025-10-07,41.610001,41.860001,41.34,41.400002,38.752838,34001300
2025-10-08,41.540001,41.540001,41.060001,41.32,38.677952,35601000
2025-10-09,41.349998,41.360001,40.73,40.830002,38.219284,34868200
2025-10-10,40.25,40.610001,39.82,39.849998,37.943157,38107700
2025-10-13,39.75,40.16,39.41,39.75,37.847942,26453700
2025-10-14,39.799999,40.580002,39.759998,40.549999,38.609665,22346100
2025-10-15,40.419998,40.560001,40.240002,40.380001,38.4478,18233200
2025-10-16,40.419998,40.57,40.18,40.360001,38.428757,16751200
2025-10-17,40.5,40.66,40.209999,40.549999,38.609665,20523500
2025-10-20,40.700001,40.869999,40.349998,40.799999,38.847698,28079200
2025-10-21,40.630001,40.779999,40.130001,40.299999,38.371628,29881700
2025-10-22,39.57,40.209999,38.919998,39.799999,37.89555,31009500
2025-10-23,39.790001,39.860001,38.389999,38.400002,36.562542,52663600
2025-10-24,38.599998,38.919998,38.540001,38.82,36.962444,27485700
2025-10-27,38.810001,39.290001,38.77,39.23,37.352829,27487200
2025-10-28,39.150002,39.52,38.950001,39.32,37.438519,30719200
2025-10-29,40.93,41.32,39.669998,40.209999,38.285931,53730200
2025-10-30,40.02,40.189999,38.77,38.959999,37.095745,47371000
2025-10-31,38.98,39.959999,38.779999,39.740002,37.838425,52181800
2025-11-03,39.509998,39.610001,38.84,39.470001,37.581345,39851100
2025-11-04,39.57,39.669998,39.169998,39.32,37.438519,33632800
2025-11-05,39.330002,39.77,39.259998,39.689999,37.790813,22947100
2025-11-06,39.52,39.889999,39.380001,39.82,37.914593,30949700
2025-11-07,39.939999,40.32,39.66,40.029999,38.114544,28389500
2025-11-10,39.900002,40.150002,39.57,39.849998,37.943157,22414400
2025-11-11,40.049999,40.779999,40.040001,40.700001,38.752487,25360900
2025-11-12,40.779999,40.959999,40.740002,40.799999,38.847698,17834000
2025-11-13,40.84,41.73,40.740002,41.110001,39.142868,30487400
2025-11-14,41.32,41.419998,40.650002,41.060001,39.095261,29368500
2025-11-17,41.060001,41.279999,40.880001,41.009998,39.047653,21620800
2025-11-18,41.029999,41.5,40.990002,41.48,39.495163,24067500
2025-11-19,41.5,41.610001,40.939999,41.189999,39.219036,21895000
2025-11-20,41.150002,41.439999,40.650002,40.759998,38.809616,32173600
2025-11-21,40.669998,41.610001,40.419998,41.23,39.257126,32037600
2025-11-24,41.349998,41.459999,40.150002,40.209999,38.285931,44805100
2025-11-25,40.59,40.799999,40.41,40.59,38.647751,24375300
2025-11-26,40.59,40.970001,40.560001,40.880001,38.923874,15186100
2025-11-28,40.82,41.130001,40.709999,41.110001,39.142868,9926300
2025-12-01,40.959999,41.09,40.68,40.740002,38.790573,19655900
2025-12-02,40.75,40.759998,40.360001,40.610001,38.666794,23194100
2025-12-03,40.740002,41.32,40.66,40.669998,38.723919,19910700
2025-12-04,40.860001,41.349998,40.669998,41.259998,39.28569,28382300
2025-12-05,41.259998,42.060001,41.240002,41.689999,39.695114,27802700
2025-12-08,41.75,41.75,40.919998,41.299999,39.323772,22932000
2025-12-09,41.23,41.48,40.110001,40.139999,38.21928,31770600
2025-12-10,40.200001,40.259998,39.68,39.919998,38.009808,40053400
2025-12-11,40.0,40.549999,39.970001,40.220001,38.295456,21895000
2025-12-12,40.220001,40.98,40.099998,40.889999,38.933395,20600000
2025-12-15,40.900002,41.310001,40.799999,40.799999,38.847698,34725800
2025-12-16,40.900002,41.0,40.650002,40.75,38.800091,22709800
2025-12-17,40.779999,40.900002,40.470001,40.880001,38.923874,22316100
2025-12-18,40.779999,40.91,40.389999,40.41,38.476364,18822600
2025-12-19,40.139999,40.240002,39.810001,39.82,37.914593,53345100
2025-12-22,39.720001,40.060001,39.66,39.98,38.066936,21111600
2025-12-23,40.0,40.200001,39.869999,39.919998,38.009808,19761800
2025-12-24,39.93,40.34,39.889999,40.32,38.390667,7949500
2025-12-26,40.27,40.540001,40.27,40.48,38.543011,11875400
2025-12-29,40.509998,40.700001,40.380001,40.48,38.543011,16846700
2025-12-30,40.48,40.77,40.419998,40.700001,38.752487,15581300
2025-12-31,40.709999,40.959999,40.669998,40.73,38.781048,17454800
2026-01-02,40.77,40.900002,40.299999,40.52,38.5811,30856800
2026-01-05,40.43,40.52,39.830002,40.23,38.304974,43091700
2026-01-06,40.34,40.459999,39.990002,40.299999,38.371628,32758400
2026-01-07,40.549999,40.799999,39.990002,40.130001,38.209763,26834100
2026-01-08,40.169998,40.73,40.060001,40.57,38.628708,28103000
2026-01-09,40.57,40.759998,40.290001,40.459999,38.523968,32108600
2026-01-12,39.82,40.060001,39.509998,39.84,38.591778,31259300
2026-01-13,39.84,39.919998,38.799999,39.009998,37.787781,37255500
2026-01-14,39.119999,39.849998,39.099998,39.830002,38.582092,25714700
2026-01-15,39.830002,39.860001,39.240002,39.360001,38.126816,26483000
2026-01-16,39.099998,39.349998,38.900002,38.91,37.690918,38980200
2026-01-20,38.889999,39.220001,38.68,39.080002,37.855591,30650900
2026-01-21,39.099998,39.32,38.959999,39.240002,38.010578,21158800
2026-01-22,39.32,39.689999,39.25,39.48,38.243057,18880500
2026-01-23,39.450001,39.560001,39.060001,39.52,38.281803,21849400
2026-01-26,39.68,39.799999,39.529999,39.619999,38.37867,21081800
2026-01-27,39.66,39.68,39.189999,39.32,38.08807,26108800
2026-01-28,39.41,39.860001,39.360001,39.41,38.175251,24412500
2026-01-29,39.580002,40.299999,39.48,39.810001,38.562717,44347500
2026-01-30,42.009998,44.630001,41.380001,44.52,43.125149,123584700
2026-02-02,44.580002,45.48,43.880001,44.610001,43.21233,64539400
2026-02-03,44.639999,46.759998,44.5,46.25,44.800949,60299100
2026-02-04,46.779999,47.549999,46.169998,47.009998,45.537132,46213100
2026-02-05,47.209999,47.580002,46.650002,47.099998,45.624313,42866500
2026-02-06,46.970001,47.25,46.060001,46.310001,44.85907,36094600
2026-02-09,46.16,47.07,45.82,47.02,45.546822,26954800
2026-02-10,47.02,47.790001,46.77,47.389999,45.905231,32147000
2026-02-11,47.18,49.139999,47.169998,48.970001,47.435726,48933100
2026-02-12,48.900002,50.240002,48.900002,49.459999,47.910374,56131100
2026-02-13,49.16,49.43,48.630001,49.009998,47.474468,31998500
2026-02-17,49.299999,49.5,48.779999,48.93,47.39698,24327500
2026-02-18,48.639999,48.950001,47.830002,48.049999,46.544552,29318100
2026-02-19,48.889999,49.150002,48.490002,48.639999,47.116066,26530600
2026-02-20,49.029999,49.34,48.529999,49.25,47.706955,25456700
2026-02-23,49.349998,50.48,49.25,49.68,48.123482,30113000
2026-02-24,49.779999,50.080002,49.389999,49.860001,48.297844,23816700
2026-02-25,49.650002,49.849998,49.169998,49.23,47.68758,21693000
2026-02-26,49.259998,49.490002,48.869999,48.889999,47.358234,23662600
2026-02-27,49.360001,50.150002,49.23,50.139999,48.569069,34693500
2026-03-02,49.98,50.259998,49.630001,49.98,48.414082,23725700
2026-03-03,49.73,51.099998,49.369999,50.869999,49.276199,31586900
2026-03-04,50.41,51.41,50.150002,51.200001,49.59586,22816000
2026-03-05,50.970001,51.32,50.34,51.18,49.576488,27534300
2026-03-06,51.09,51.25,50.41,51.119999,49.518364,23562600
2026-03-09,51.0,51.099998,50.360001,50.450001,48.869358,29057400
2026-03-10,50.310001,50.82,50.02,50.709999,49.121212,20031300
2026-03-11,50.880001,50.880001,50.060001,50.68,49.092152,21554200
2026-03-12,50.450001,50.950001,49.810001,50.630001,49.043716,26296100
2026-03-13,50.950001,51.669998,50.950001,51.380001,49.770222,21780900
2026-03-16,51.360001,51.459999,50.75,50.970001,49.373066,20017500
2026-03-17,51.299999,51.299999,50.360001,50.52,48.937164,23765200
2026-03-18,50.369999,50.48,49.380001,49.59,48.036301,32972500
2026-03-19,49.59,50.290001,48.91,49.48,47.929745,31234700
2026-03-20,49.740002,50.459999,49.490002,49.98,48.414082,67321800
2026-03-23,50.040001,50.75,49.619999,50.580002,48.995285,26390300
2026-03-24,50.549999,51.68,50.48,50.91,49.314945,20264600
2026-03-25,50.650002,50.830002,50.290001,50.369999,48.791862,21920200
2026-03-26,50.57,51.25,50.43,50.740002,49.150272,24423300
2026-03-27,51.0,51.450001,50.279999,50.310001,48.733742,26273400
2026-03-30,50.869999,50.919998,50.150002,50.299999,48.724056,23797600
2026-03-31,50.549999,50.549999,49.740002,50.200001,48.62719,30514900
2026-04-01,50.07,50.169998,49.169998,49.389999,47.842567,28398900
2026-04-02,49.810001,49.900002,49.279999,49.400002,47.852257,22737800
2026-04-06,49.400002,49.73,49.029999,49.150002,47.610088,17542700
2026-04-07,49.099998,49.23,48.529999,48.619999,47.096691,21945900
2026-04-08,47.880001,48.16,47.119999,48.040001,46.534863,34143200
2026-04-09,47.810001,48.169998,47.259998,47.779999,46.283009,29376900
2026-04-10,47.09,47.099998,45.950001,46.040001,45.268307,25248600
2026-04-13,46.09,46.09,45.040001,45.419998,44.658695,32920900
2026-04-14,44.77,45.48,44.27,45.48,44.717693,31187400
2026-04-15,45.330002,45.389999,44.93,45.029999,44.275234,26230300
2026-04-16,45.23,46.860001,45.040001,46.779999,45.995903,26004100
2026-04-17,46.110001,46.889999,46.080002,46.549999,45.769756,20004700
2026-04-20,46.59,46.970001,46.259998,46.439999,45.661602,16608100
2026-04-21,46.52,47.02,46.130001,46.27,45.494453,28978400
2026-04-22,45.880001,46.150002,45.169998,45.98,45.209312,22129500
2026-04-23,46.48,47.52,46.299999,47.220001,46.428528,22750200
2026-04-24,47.060001,47.34,46.380001,46.380001,45.602608,26602300
2026-04-27,47.43,48.650002,46.740002,47.099998,46.310539,37920100
2026-04-28,47.990002,48.18,46.599998,47.240002,46.448196,28369800
2026-04-29,47.18,47.529999,46.259998,46.610001,45.828754,24195700
2026-04-30,46.860001,48.049999,46.830002,48.029999,47.224949,34708800
2026-05-01,48.290001,48.490002,47.810001,48.110001,47.303612,24123000
2026-05-04,47.82,47.880001,47.330002,47.57,46.772663,18080100
2026-05-05,47.540001,47.790001,47.200001,47.34,46.546516,15148100
2026-05-06,47.169998,47.610001,46.91,47.439999,46.64484,19336400
2026-05-07,47.23,47.650002,47.060001,47.09,46.300709,18839600
2026-05-08,47.209999,47.459999,46.950001,47.220001,46.428528,16349800
2026-05-11,47.5,47.990002,46.970001,47.23,46.438362,18560100
2026-05-12,47.700001,48.18,47.27,47.93,47.126629,18131900
2026-05-13,47.889999,48.279999,47.169998,47.209999,46.418694,21212800
2026-05-14,47.459999,47.5,46.91,47.060001,46.271214,16585100
2026-05-15,47.48,47.490002,46.34,46.369999,45.592773,23356600
2026-05-18,46.599998,47.02,45.810001,46.759998,45.976238,25427400
2026-05-19,46.810001,47.790001,46.790001,47.740002,46.939816,24593800
2026-05-20,47.73,48.09,47.490002,47.82,47.018471,16714600
2026-05-21,47.610001,48.279999,47.380001,48.27,47.46093,15841900
2026-05-22,48.5,48.52,48.049999,48.349998,47.539585,14717700
2026-05-26,48.290001,48.689999,47.860001,48.490002,47.677242,23013700
2026-05-27,48.43,48.959999,48.119999,48.240002,47.431435,15109800
2026-05-28,48.48,48.490002,47.77,48.009998,47.205284,20714100
2026-05-29,48.060001,48.16,47.34,47.810001,47.00864,40404700
2026-06-01,47.5,48.040001,47.470001,47.73,46.929981,14647700
2026-06-02,47.779999,48.139999,47.27,47.869999,47.067631,14902900
2026-06-03,47.450001,47.549999,46.139999,46.650002,45.868084,27861900
2026-06-04,47.139999,47.34,44.299999,44.869999,44.117916,33072500
2026-06-05,45.240002,46.110001,45.0,45.369999,44.609535,23121400
2026-06-08,45.299999,45.830002,45.099998,45.439999,44.678364,18994700
2026-06-09,45.290001,46.09,44.790001,45.779999,45.012665,24758100
2026-06-10,46.459999,47.029999,45.950001,46.950001,46.163055,25239500
2026-06-11,47.349998,48.060001,46.900002,46.939999,46.153221,26889400
2026-06-12,47.41,48.209999,47.0,48.110001,47.303612,21956900
2026-06-15,47.32,47.75,47.02,47.07,46.281044,24208500
2026-06-16,47.099998,47.400002,46.310001,46.73,45.946739,20698400
2026-06-17,46.509998,46.610001,45.23,45.84,45.071659,33481500
2026-06-18,45.790001,46.060001,45.360001,45.369999,44.609535,66305300
2026-06-22,45.369999,45.889999,45.150002,45.360001,44.599705,19293000
2026-06-23,45.709999,46.849998,45.400002,46.73,45.946739,23019100
2026-06-24,46.459999,46.799999,45.43,45.68,44.914341,25280100
2026-06-25,45.540001,46.259998,45.330002,46.07,45.297802,17584000
2026-06-26,46.200001,46.59,46.0,46.540001,45.759926,38132700
2026-06-29,45.57,45.849998,42.779999,44.099998,43.360821,55387600
2026-06-30,44.220001,44.360001,42.0,42.34,41.630325,60542600
2026-07-01,42.389999,42.799999,41.490002,41.990002,41.286194,57139600
2026-07-02,42.240002,43.080002,40.759998,42.560001,41.846638,59019100
2026-07-06,42.900002,43.16,41.630001,42.07,41.364849,55342900
2026-07-07,42.700001,43.5,42.419998,42.59,41.876133,34682400
2026-07-08,42.48,43.240002,42.25,42.450001,41.73848,23082100
2026-07-09,42.200001,42.34,41.66,42.240002,41.532001,28215800
2026-07-10,41.610001,42.439999,41.34,42.119999,42.119999,27705400
2026-07-13,42.66,42.849998,42.349998,42.68,42.68,24782000
2026-07-14,42.639999,42.810001,42.209999,42.470001,42.470001,17515400
2026-07-15,42.27,43.34,42.209999,42.830002,42.830002,23029200
2026-07-16,43.0,44.220001,42.889999,43.880001,43.880001,25260300
2026-07-17,44.639999,45.02,43.27,43.59,43.59,31014400
2026-07-20,43.279999,43.66,43.139999,43.5,43.5,21344400
2026-07-21,43.25,43.869999,42.889999,43.779999,43.779999,20340100
2026-07-22,45.040001,45.119999,44.16,44.290001,44.290001,23734300
2026-07-23,44.16,44.580002,43.779999,43.82,43.82,28013500
2026-07-24,44.080002,46.439999,43.73,46.380001,46.380001,40755200
2026-07-27,46.380001,47.560001,46.32,47.32,47.32,30409500
2026-07-28,47.849998,49.009998,47.799999,48.189999,48.189999,29692600
2026-07-29,48.48,48.540001,45.700001,47.220001,47.220001,41396200
2026-07-30,46.400002,47.09,45.73,46.110001,46.110001,20937900
2026-07-31,45.900002,46.91,45.470001,46.810001,46.810001,28291300
2026-08-03,47.32,47.810001,47.150002,47.360001,47.360001,23007900
2026-08-04,47.0,47.080002,46.060001,46.880001,46.880001,23748600
2026-08-05,46.0,46.91,45.09,46.470001,46.470001,39580600
2026-08-06,47.200001,47.48,46.580002,46.990002,46.990002,24297000
2026-08-07,46.34,47.060001,46.09,47.060001,47.060001,20545000
2026-08-10,46.740002,47.119999,46.099998,47.029999,47.029999,15462500
2026-08-11,46.900002,47.450001,46.799999,47.27,47.27,13314600
2026-08-12,46.889999,47.080002,46.610001,46.98,46.98,12120500
2026-08-13,47.029999,48.240002,47.0,48.220001,48.220001,17937300
2026-08-14,48.459999,48.610001,48.189999,48.48,48.48,15062300
2026-08-17,48.240002,48.68,48.0,48.060001,48.060001,14466200
2026-08-18,48.57,49.009998,48.41,48.540001,48.540001,14376300
2026-08-19,48.599998,49.599998,48.59,49.360001,49.360001,17796000
2026-08-20,49.279999,49.59,49.139999,49.189999,49.189999,12546300
2026-08-21,49.369999,49.720001,49.169998,49.450001,49.450001,15078100
2026-08-24,49.490002,50.279999,49.360001,50.150002,50.150002,19498700
2026-08-25,50.0,50.330002,49.790001,50.25,50.25,21337600
2026-08-26,50.310001,50.779999,50.080002,50.189999,50.189999,20720800
2026-08-27,49.560001,49.900002,49.119999,49.43,49.43,16389700
2026-08-28,49.549999,50.330002,49.540001,50.099998,50.099998,15790100
